source_file,round,window_id,window_start,proba_Camera,proba_Light_T1,proba_Light_XM,proba_Sensor,proba_Socket,true_label
/home/lmy/iot-device-classification/dataset/camera/round7_jitter/camera_r7.pcapng,R7,0,0.0,0.9995365142822266,0.0003127371019218117,0.0001422906934749335,5.151016921445262e-06,3.3366081879648846e-06,Camera
/home/lmy/iot-device-classification/dataset/camera/round7_jitter/camera_r7.pcapng,R7,1,11.009008407592772,0.9577165842056274,0.033749137073755264,0.004423586186021566,0.003987748175859451,0.00012296278146095574,Camera
/home/lmy/iot-device-classification/dataset/camera/round7_jitter/camera_r7.pcapng,R7,2,20.11826753616333,0.9998440742492676,6.454874528571963e-05,8.790348510956392e-05,2.275045062560821e-06,1.1763806924136588e-06,Camera
/home/lmy/iot-device-classification/dataset/camera/round7_jitter/camera_r7.pcapng,R7,3,30.09420919418335,0.999082088470459,8.830845035845414e-05,0.0004119529912713915,0.00041300186421722174,4.60664614365669e-06,Camera
/home/lmy/iot-device-classification/dataset/camera/round7_jitter/camera_r7.pcapng,R7,4,40.26572918891907,0.9999055862426758,4.237452958477661e-05,2.887967275455594e-05,2.240378307760693e-05,7.132377959351288e-07,Camera
/home/lmy/iot-device-classification/dataset/camera/round7_jitter/camera_r7.pcapng,R7,5,50.98955798149109,0.9999457597732544,3.3647014788584784e-05,1.853568210208323e-05,1.0590447345748544e-06,9.433632044419937e-07,Camera
/home/lmy/iot-device-classification/dataset/camera/round7_jitter/camera_r7.pcapng,R7,6,60.57143139839173,0.9995570778846741,2.499414222256746e-05,0.00041020839125849307,6.378525995387463e-06,1.2890500329376664e-06,Camera
/home/lmy/iot-device-classification/dataset/camera/round7_jitter/camera_r7.pcapng,R7,7,71.069908618927,0.999885082244873,8.81520682014525e-05,1.1456977517809719e-05,1.4423404536501039e-05,9.294167853113322e-07,Camera
/home/lmy/iot-device-classification/dataset/camera/round7_jitter/camera_r7.pcapng,R7,8,81.08007788658142,0.9995774626731873,0.0001724057219689712,6.923269393155351e-05,0.00017865998961497098,2.2835101844975725e-06,Camera
/home/lmy/iot-device-classification/dataset/camera/round7_jitter/camera_r7.pcapng,R7,9,91.08966708183289,0.16340018808841705,0.4992024600505829,0.33257755637168884,0.004128201864659786,0.0006916219717822969,Camera
/home/lmy/iot-device-classification/dataset/camera/round7_jitter/camera_r7.pcapng,R7,10,100.19098043441772,0.9998952150344849,7.216900849016383e-05,1.6821912140585482e-05,1.4896893844706938e-05,8.729952014618902e-07,Camera
/home/lmy/iot-device-classification/dataset/camera/round7_jitter/camera_r7.pcapng,R7,11,111.10914850234984,0.9999704360961914,1.6718879123800434e-05,1.0716094948293176e-05,1.4822005596215604e-06,6.582458240700362e-07,Camera
/home/lmy/iot-device-classification/dataset/camera/round7_jitter/camera_r7.pcapng,R7,12,121.11923742294312,0.9982681274414062,0.00038453697925433517,0.0006007531192153692,0.0007362837786786258,1.0254338121740147e-05,Camera
/home/lmy/iot-device-classification/dataset/camera/round7_jitter/camera_r7.pcapng,R7,13,131.12932181358337,0.9843504428863525,0.012209529988467693,0.003407130716368556,1.99080186575884e-05,1.2987645277462434e-05,Camera
/home/lmy/iot-device-classification/dataset/camera/round7_jitter/camera_r7.pcapng,R7,14,141.13917589187622,0.9998365640640259,0.00010803223995026201,5.115224121254869e-05,2.838135969795985e-06,1.3769021052212338e-06,Camera
/home/lmy/iot-device-classification/dataset/camera/round7_jitter/camera_r7.pcapng,R7,15,150.47247743606567,0.9970500469207764,0.001455507124774158,0.0014749178662896156,1.2599991350725759e-05,6.892975761729758e-06,Camera
/home/lmy/iot-device-classification/dataset/camera/round7_jitter/camera_r7.pcapng,R7,16,161.1579966545105,0.7454662322998047,0.23240572214126587,0.006798404734581709,0.014897367917001247,0.0004322126624174416,Camera
/home/lmy/iot-device-classification/dataset/camera/round7_jitter/camera_r7.pcapng,R7,17,170.58871269226074,0.999969482421875,1.5156020708673168e-05,1.1899887795152608e-05,3.0063877147767926e-06,5.095516257824784e-07,Camera
/home/lmy/iot-device-classification/dataset/camera/round7_jitter/camera_r7.pcapng,R7,18,181.0928111076355,0.9995156526565552,0.00042855003266595304,4.836956213694066e-05,5.850393336004345e-06,1.6048019233494415e-06,Camera
/home/lmy/iot-device-classification/dataset/camera/round7_jitter/camera_r7.pcapng,R7,19,190.069669008255,0.9994638562202454,0.0005148312775418162,1.4028189980308525e-05,5.889336080144858e-06,1.375941110381973e-06,Camera
/home/lmy/iot-device-classification/dataset/camera/round7_jitter/camera_r7.pcapng,R7,20,201.198082447052,0.999881386756897,7.07021972630173e-05,4.595733480527997e-05,7.562846349173924e-07,1.1956300340898451e-06,Camera
/home/lmy/iot-device-classification/dataset/camera/round7_jitter/camera_r7.pcapng,R7,21,211.20864915847775,0.9999363422393799,4.110419831704348e-05,1.3241413398645818e-05,8.444492777925916e-06,8.661553465572069e-07,Camera
/home/lmy/iot-device-classification/dataset/camera/round7_jitter/camera_r7.pcapng,R7,22,221.2175896167755,0.9999402761459351,1.561243880132679e-05,3.358777757966891e-05,9.860502359515522e-06,6.080574053157761e-07,Camera
/home/lmy/iot-device-classification/dataset/camera/round7_jitter/camera_r7.pcapng,R7,23,231.22785544395447,0.9999500513076782,3.68809123756364e-05,8.507375241606496e-06,3.6143896977591794e-06,1.0006566526499228e-06,Camera
/home/lmy/iot-device-classification/dataset/camera/round7_jitter/camera_r7.pcapng,R7,24,241.2377073764801,0.9997270703315735,0.00018279024516232312,7.938626367831603e-05,7.6092178460385185e-06,3.1034387575346045e-06,Camera
/home/lmy/iot-device-classification/dataset/camera/round7_jitter/camera_r7.pcapng,R7,25,251.24731612205505,0.9998032450675964,0.00013714464148506522,5.2928611694369465e-05,5.672486622643191e-06,1.0891880037888768e-06,Camera
/home/lmy/iot-device-classification/dataset/camera/round7_jitter/camera_r7.pcapng,R7,26,261.067622423172,0.99981290102005,7.996419299161062e-05,9.862882143352181e-05,6.946849680389278e-06,1.5464017906197114e-06,Camera
/home/lmy/iot-device-classification/dataset/camera/round7_jitter/camera_r7.pcapng,R7,27,271.27020382881165,0.9998458623886108,0.00010255751112708822,1.5905769032542594e-05,3.258529613958672e-05,3.0197679734556004e-06,Camera
/home/lmy/iot-device-classification/dataset/camera/round7_jitter/camera_r7.pcapng,R7,28,281.2774746417999,0.9992628693580627,0.0004325683694332838,0.00024249237321782857,5.7611323427408934e-05,4.489849743549712e-06,Camera
/home/lmy/iot-device-classification/dataset/camera/round7_jitter/camera_r7.pcapng,R7,29,291.28866720199585,0.9999715089797974,1.7063466657418758e-05,1.049887123372173e-05,4.1605574097047793e-07,5.12552958298329e-07,Camera
/home/lmy/iot-device-classification/dataset/camera/round7_jitter/camera_r7.pcapng,R7,30,301.2970533370972,0.9999698400497437,1.995637285290286e-05,7.634859684912954e-06,2.006958084166399e-06,5.954219659543014e-07,Camera
/home/lmy/iot-device-classification/dataset/camera/round7_jitter/camera_r7.pcapng,R7,31,311.3194162845612,0.9998990297317505,5.88309922022745e-05,3.512369585223496e-05,6.366569323290605e-06,6.925297952875553e-07,Camera
/home/lmy/iot-device-classification/dataset/camera/round7_jitter/camera_r7.pcapng,R7,32,321.31654381752014,0.9997591376304626,2.7909210984944366e-05,0.00020767906971741468,3.74495630239835e-06,1.5590293287459644e-06,Camera
/home/lmy/iot-device-classification/dataset/camera/round7_jitter/camera_r7.pcapng,R7,33,330.0077295303345,0.9996963739395142,0.0002891255426220596,1.1649668522295542e-05,1.2765801784553332e-06,1.564874651194259e-06,Camera
/home/lmy/iot-device-classification/dataset/camera/round7_jitter/camera_r7.pcapng,R7,34,341.3374683856964,0.9998244643211365,8.485819125780836e-05,7.667425234103575e-05,1.2950396921951324e-05,1.123527113122691e-06,Camera
/home/lmy/iot-device-classification/dataset/camera/round7_jitter/camera_r7.pcapng,R7,35,350.50458455085754,0.9999277591705322,4.766892743646167e-05,2.231959479104262e-05,1.2628401009351364e-06,9.617493788027787e-07,Camera
/home/lmy/iot-device-classification/dataset/camera/round7_jitter/camera_r7.pcapng,R7,36,360.0150558948517,0.9944504499435425,0.0034445347264409065,0.001923982985317707,0.00015548293595202267,2.5623789042583667e-05,Camera
/home/lmy/iot-device-classification/dataset/camera/round7_jitter/camera_r7.pcapng,R7,37,371.304972410202,0.9997267127037048,0.00024163996567949653,2.8797698178095743e-05,1.8103606862496235e-06,1.0506952321520657e-06,Camera
/home/lmy/iot-device-classification/dataset/camera/round7_jitter/camera_r7.pcapng,R7,38,381.3780975341797,0.9998002648353577,0.00010602760448819026,9.062493336386979e-05,1.7649732626523473e-06,1.2842646128774504e-06,Camera
/home/lmy/iot-device-classification/dataset/camera/round7_jitter/camera_r7.pcapng,R7,39,391.3878924846649,0.9907124638557434,0.008713668212294579,0.000449251412646845,8.72830132720992e-05,3.7353933294070885e-05,Camera
/home/lmy/iot-device-classification/dataset/camera/round7_jitter/camera_r7.pcapng,R7,40,401.3983016014099,0.9999090433120728,1.5762603652547114e-05,5.4264135542325675e-05,2.025719550147187e-05,7.213862431854068e-07,Camera
/home/lmy/iot-device-classification/dataset/camera/round7_jitter/camera_r7.pcapng,R7,41,411.4078018665314,0.9999160766601562,3.8957248762017116e-05,4.1313458496006206e-05,2.7223024972045096e-06,9.79337414719339e-07,Camera
/home/lmy/iot-device-classification/dataset/camera/round7_jitter/camera_r7.pcapng,R7,42,420.32824754714966,0.9999500513076782,3.693863982334733e-05,8.86882480699569e-06,3.5502828268363373e-06,5.322146989783505e-07,Camera
/home/lmy/iot-device-classification/dataset/camera/round7_jitter/camera_r7.pcapng,R7,43,431.4278917312622,0.685681164264679,0.15887078642845154,0.013982138596475124,0.14097650349140167,0.0004894363228231668,Camera
/home/lmy/iot-device-classification/dataset/camera/round7_jitter/camera_r7.pcapng,R7,44,440.67398381233215,0.9998500347137451,8.346079994225875e-05,6.437994306907058e-05,8.289164838970464e-07,1.2377963685139548e-06,Camera
/home/lmy/iot-device-classification/dataset/camera/round7_jitter/camera_r7.pcapng,R7,45,451.4486420154572,0.21549342572689056,0.10710863769054413,0.09653591364622116,0.5789520144462585,0.0019100378267467022,Camera
/home/lmy/iot-device-classification/dataset/camera/round7_jitter/camera_r7.pcapng,R7,46,460.7461619377136,0.9997833371162415,7.541679951827973e-05,0.00010054081940324977,3.9611844840692356e-05,1.0601538633636665e-06,Camera
/home/lmy/iot-device-classification/dataset/camera/round7_jitter/camera_r7.pcapng,R7,47,471.1458659172058,0.9999595880508423,2.3215510736918077e-05,6.292207672231598e-06,9.983809832192492e-06,8.660788353154203e-07,Camera
/home/lmy/iot-device-classification/dataset/camera/round7_jitter/camera_r7.pcapng,R7,48,480.7394440174103,0.9998733997344971,9.700073132989928e-05,2.0587773178704083e-05,7.620339601999149e-06,1.3390415460889926e-06,Camera
/home/lmy/iot-device-classification/dataset/camera/round7_jitter/camera_r7.pcapng,R7,49,491.1588850021362,0.9998176693916321,0.00015379040269181132,2.3245576812769286e-05,4.459483079699567e-06,8.829831585899228e-07,Camera
/home/lmy/iot-device-classification/dataset/camera/round7_jitter/camera_r7.pcapng,R7,50,501.50024366378784,0.9998648166656494,7.474912126781419e-05,5.671092003467493e-05,1.8977299305333872e-06,1.836885303418967e-06,Camera
/home/lmy/iot-device-classification/dataset/camera/round7_jitter/camera_r7.pcapng,R7,51,511.5089838504791,0.9999594688415527,1.6720401617931202e-05,1.680448986007832e-05,6.339640549413161e-06,6.865334967187664e-07,Camera
/home/lmy/iot-device-classification/dataset/camera/round7_jitter/camera_r7.pcapng,R7,52,521.5216517448425,0.958042562007904,0.008800467476248741,0.002279323060065508,0.03077208809554577,0.00010553251195233315,Camera
/home/lmy/iot-device-classification/dataset/camera/round7_jitter/camera_r7.pcapng,R7,53,531.2755811214447,0.9999561309814453,4.069735950906761e-05,1.3034560879532364e-06,1.1801535038102884e-06,7.075726102812041e-07,Camera
/home/lmy/iot-device-classification/dataset/camera/round7_jitter/camera_r7.pcapng,R7,54,541.1998496055603,0.9998959302902222,5.532459545065649e-05,4.411261033965275e-05,3.487480398689513e-06,1.0850433227460599e-06,Camera
/home/lmy/iot-device-classification/dataset/camera/round7_jitter/camera_r7.pcapng,R7,55,551.549480676651,0.9998561143875122,0.00012061808229191229,1.211390826938441e-05,1.0283607480232604e-05,8.588551736465888e-07,Camera
/home/lmy/iot-device-classification/dataset/camera/round7_jitter/camera_r7.pcapng,R7,56,561.5635812282562,0.99977046251297,0.00018883784650824964,2.5775418180273846e-05,1.1662849829008337e-05,3.2724824450269807e-06,Camera
/home/lmy/iot-device-classification/dataset/camera/round7_jitter/camera_r7.pcapng,R7,57,571.5708816051483,0.9998757839202881,4.5213691919343546e-05,6.793006468797103e-05,9.985972610593308e-06,1.0888350061577512e-06,Camera
/home/lmy/iot-device-classification/dataset/camera/round7_jitter/camera_r7.pcapng,R7,58,581.5811784267426,0.9984689354896545,0.0013656961964443326,5.840681478730403e-05,0.00010300781286787242,3.970716079493286e-06,Camera
/home/lmy/iot-device-classification/dataset/camera/round7_jitter/camera_r7.pcapng,R7,59,590.6410768032074,0.9997735619544983,0.00014748057583346963,7.668029138585553e-05,1.0224433708572178e-06,1.2405756706357352e-06,Camera
/home/lmy/iot-device-classification/dataset/camera/round7_jitter/camera_r7.pcapng,R7,60,601.5503950119019,0.9999054670333862,8.29601485747844e-05,9.52490336203482e-06,8.313026569339854e-07,1.2440214050002396e-06,Camera
/home/lmy/iot-device-classification/dataset/camera/round7_jitter/camera_r7.pcapng,R7,61,611.609521150589,0.9998260140419006,0.00016355466505046934,6.4707419369369745e-06,3.1075810511538293e-06,8.443507795163896e-07,Camera
/home/lmy/iot-device-classification/dataset/camera/round7_jitter/camera_r7.pcapng,R7,62,621.6202189922333,0.9997604489326477,0.000160003372002393,4.7868805268080905e-05,2.893248529289849e-05,2.7366522772354074e-06,Camera
/home/lmy/iot-device-classification/dataset/camera/round7_jitter/camera_r7.pcapng,R7,63,630.920211315155,0.9999514818191528,3.716990249813534e-05,1.0402128282294143e-05,4.062573850660556e-07,5.565625542658381e-07,Camera
/home/lmy/iot-device-classification/dataset/camera/round7_jitter/camera_r7.pcapng,R7,64,641.6409139633179,0.9467102289199829,0.013373435474932194,0.009413022547960281,0.030369911342859268,0.00013337554992176592,Camera
/home/lmy/iot-device-classification/dataset/camera/round7_jitter/camera_r7.pcapng,R7,65,651.6493554115295,0.9999649524688721,2.7285163014312275e-05,6.9770421760040335e-06,2.6768191219161963e-07,5.707977379643125e-07,Camera
/home/lmy/iot-device-classification/dataset/camera/round7_jitter/camera_r7.pcapng,R7,66,660.0094051361084,0.9999333620071411,5.6885874073486775e-05,8.268793862953316e-06,5.517954377864953e-07,9.345367857349629e-07,Camera
/home/lmy/iot-device-classification/dataset/camera/round7_jitter/camera_r7.pcapng,R7,67,671.6695892810822,0.9916169047355652,0.00034660520032048225,0.007488129660487175,0.0005406683194451034,7.72519069869304e-06,Camera
/home/lmy/iot-device-classification/dataset/camera/round7_jitter/camera_r7.pcapng,R7,68,681.739262342453,0.9990218877792358,0.0009291446767747402,3.898214708897285e-05,5.636283276544418e-06,4.303996320231818e-06,Camera
/home/lmy/iot-device-classification/dataset/camera/round7_jitter/camera_r7.pcapng,R7,69,690.0141086578369,0.9944427609443665,0.00370490993373096,0.0007969312136992812,0.0010332803940400481,2.2149393771542236e-05,Camera
/home/lmy/iot-device-classification/dataset/camera/round7_jitter/camera_r7.pcapng,R7,70,700.8441698551178,0.9813029170036316,0.018086005002260208,0.00035881795338355005,0.0002419761149212718,1.0301922884536907e-05,Camera
/home/lmy/iot-device-classification/dataset/camera/round7_jitter/camera_r7.pcapng,R7,71,710.3463034629822,0.9995670914649963,0.0002633962722029537,0.00015771653852425516,8.152118425641675e-06,3.646934601420071e-06,Camera
/home/lmy/iot-device-classification/dataset/camera/round7_jitter/camera_r7.pcapng,R7,72,720.3784055709839,0.9997710585594177,0.00011389672727091238,0.00011255122080910951,1.1420127066230634e-06,1.3948637160865474e-06,Camera
/home/lmy/iot-device-classification/dataset/camera/round7_jitter/camera_r7.pcapng,R7,73,730.1078441143036,0.999663233757019,0.000311802898067981,1.7566087990417145e-05,6.386464974639239e-06,9.971369081540615e-07,Camera
/home/lmy/iot-device-classification/dataset/camera/round7_jitter/camera_r7.pcapng,R7,74,741.5471136569977,0.9993368983268738,0.0002911773044615984,0.00036698495387099683,1.7458286265537026e-06,3.223927024009754e-06,Camera
/home/lmy/iot-device-classification/dataset/camera/round7_jitter/camera_r7.pcapng,R7,75,750.2881100177765,0.9996941089630127,8.226584031945094e-05,1.1065280887123663e-05,0.0002110456844093278,1.5386468703582068e-06,Camera
/home/lmy/iot-device-classification/dataset/camera/round7_jitter/camera_r7.pcapng,R7,76,760.6734886169434,0.999886155128479,1.4168340385367628e-05,9.257810597773641e-05,6.510711500595789e-06,6.153666163299931e-07,Camera
/home/lmy/iot-device-classification/dataset/camera/round7_jitter/camera_r7.pcapng,R7,77,771.7703428268433,0.999934196472168,5.441480243462138e-05,2.5918982373696053e-06,8.284224350063596e-06,4.6956557753219386e-07,Camera
/home/lmy/iot-device-classification/dataset/camera/round7_jitter/camera_r7.pcapng,R7,78,780.7882759571075,0.9998712539672852,3.002420999109745e-05,8.131003414746374e-05,1.6039566617109813e-05,1.39924861741747e-06,Camera
/home/lmy/iot-device-classification/dataset/camera/round7_jitter/camera_r7.pcapng,R7,79,790.8388602733612,0.9992695450782776,0.0006344254361465573,7.735361577942967e-05,1.614437860553153e-05,2.5279791771026794e-06,Camera
/home/lmy/iot-device-classification/dataset/camera/round7_jitter/camera_r7.pcapng,R7,80,801.8002903461456,0.9998902082443237,3.6637768062064424e-05,6.920358282513916e-05,2.713152980504674e-06,1.2037430678901728e-06,Camera
/home/lmy/iot-device-classification/dataset/camera/round7_jitter/camera_r7.pcapng,R7,81,810.2499146461487,0.999923586845398,3.454697070992552e-05,4.0494371205568314e-05,6.774503731321602e-07,6.438866080316075e-07,Camera
/home/lmy/iot-device-classification/dataset/camera/round7_jitter/camera_r7.pcapng,R7,82,820.5861902236938,0.9996771812438965,0.00015929777873679996,0.00015148332749959081,1.0819042472576257e-05,1.2662773087868118e-06,Camera
/home/lmy/iot-device-classification/dataset/camera/round7_jitter/camera_r7.pcapng,R7,83,831.8324494361877,0.9999088048934937,4.5371856685960665e-05,4.341038584243506e-05,1.5648400903955917e-06,7.827629815437831e-07,Camera
/home/lmy/iot-device-classification/dataset/camera/round7_jitter/camera_r7.pcapng,R7,84,840.2105715274811,0.9999545812606812,2.8633850888581946e-05,1.5036991499073338e-05,9.579642892276752e-07,7.325729711737949e-07,Camera
/home/lmy/iot-device-classification/dataset/camera/round7_jitter/camera_r7.pcapng,R7,85,850.0007123947144,0.9954984188079834,0.00017089498578570783,0.004315455909818411,1.227333541464759e-05,3.0305193376989337e-06,Camera
/home/lmy/iot-device-classification/dataset/camera/round7_jitter/camera_r7.pcapng,R7,86,860.1646475791931,0.9982630610466003,0.0012199025368317962,0.0003903330652974546,0.00011690180690493435,9.871178917819634e-06,Camera
/home/lmy/iot-device-classification/dataset/camera/round7_jitter/camera_r7.pcapng,R7,87,870.6313512325287,0.9993459582328796,0.00032548775197938085,0.00029850663850083947,2.4793360353214666e-05,5.24114329891745e-06,Camera
/home/lmy/iot-device-classification/dataset/camera/round7_jitter/camera_r7.pcapng,R7,88,881.4346342086792,0.9997847676277161,0.00016767848865129054,3.362081406521611e-05,1.2818324648833368e-05,1.1541112598933978e-06,Camera
/home/lmy/iot-device-classification/dataset/camera/round7_jitter/camera_r7.pcapng,R7,89,891.8908348083496,0.9999297857284546,5.082943243905902e-05,7.89164550951682e-06,1.0216950613539666e-05,1.3241167380328989e-06,Camera
/home/lmy/iot-device-classification/dataset/camera/round7_jitter/camera_r7.pcapng,R7,90,900.329353094101,0.9999384880065918,1.002570479613496e-05,5.068441532785073e-05,3.7660751672774495e-07,4.755170266435016e-07,Camera
/home/lmy/iot-device-classification/dataset/camera/round7_jitter/camera_r7.pcapng,R7,91,911.9114110469818,0.999874472618103,6.868412310723215e-05,4.68553917016834e-05,8.851204256643541e-06,1.1435563465056475e-06,Camera
/home/lmy/iot-device-classification/dataset/camera/round7_jitter/camera_r7.pcapng,R7,92,921.922173500061,0.9994446635246277,0.0003397296241018921,0.00020695824059657753,4.372961029730504e-06,4.228676516504493e-06,Camera
/home/lmy/iot-device-classification/dataset/camera/round7_jitter/camera_r7.pcapng,R7,93,931.0697455406188,0.9999520778656006,3.863122401526198e-05,7.793840268277563e-06,8.798703561296861e-07,5.668758262800111e-07,Camera
/home/lmy/iot-device-classification/dataset/camera/round7_jitter/camera_r7.pcapng,R7,94,941.9432706832886,0.9802943468093872,0.016640719026327133,0.002623738721013069,0.0004179699462838471,2.319758823432494e-05,Camera
/home/lmy/iot-device-classification/dataset/camera/round7_jitter/camera_r7.pcapng,R7,95,951.953411579132,0.9995546936988831,0.00029238007846288383,0.0001277672272408381,2.004599809879437e-05,5.102078375784913e-06,Camera
/home/lmy/iot-device-classification/dataset/camera/round7_jitter/camera_r7.pcapng,R7,96,960.511913061142,0.9999232292175293,3.4034041163977236e-05,2.6613437512423843e-05,1.511481877969345e-05,1.021954858515528e-06,Camera
/home/lmy/iot-device-classification/dataset/camera/round7_jitter/camera_r7.pcapng,R7,97,971.9740598201752,0.9997348189353943,0.00015559466555714607,4.102406091988087e-05,6.746838334947824e-05,1.0890158819165663e-06,Camera
/home/lmy/iot-device-classification/dataset/camera/round7_jitter/camera_r7.pcapng,R7,98,981.9836440086364,0.9999101161956787,6.308531010290608e-05,2.093212606268935e-05,3.89232809538953e-06,1.9090941805188777e-06,Camera
/home/lmy/iot-device-classification/dataset/camera/round7_jitter/camera_r7.pcapng,R7,99,990.7350912094116,0.9954681396484375,0.0020715880673378706,0.002446529921144247,8.224179509852547e-06,5.480428626469802e-06,Camera
/home/lmy/iot-device-classification/dataset/camera/round7_jitter/camera_r7.pcapng,R7,100,1001.5500226020812,0.9997957348823547,0.00012424112355802208,5.9022662753704935e-05,1.9801325834123418e-05,1.1951968872381258e-06,Camera
/home/lmy/iot-device-classification/dataset/camera/round7_jitter/camera_r7.pcapng,R7,101,1012.017396211624,0.9999692440032959,1.565581806062255e-05,7.18718183634337e-06,7.309462034754688e-06,5.782891321359784e-07,Camera
/home/lmy/iot-device-classification/dataset/camera/round7_jitter/camera_r7.pcapng,R7,102,1020.2559595108032,0.9999446868896484,4.573628757498227e-05,3.6047695175511762e-06,5.180299922358245e-06,7.631307425981504e-07,Camera
/home/lmy/iot-device-classification/dataset/camera/round7_jitter/camera_r7.pcapng,R7,103,1031.3339943885803,0.9967472553253174,0.002692991402000189,0.0002639869344420731,0.00028769008349627256,8.063414497883059e-06,Camera
/home/lmy/iot-device-classification/dataset/camera/round7_jitter/camera_r7.pcapng,R7,104,1042.0467219352722,0.9999411106109619,4.9746093282010406e-05,6.450636192312231e-06,1.3531638387576095e-06,1.3431175602818257e-06,Camera
/home/lmy/iot-device-classification/dataset/camera/round7_jitter/camera_r7.pcapng,R7,105,1050.3388748168943,0.999570906162262,0.0003360466507729143,8.731366688152775e-05,2.3303211946767988e-06,3.3457661174907116e-06,Camera
/home/lmy/iot-device-classification/dataset/camera/round7_jitter/camera_r7.pcapng,R7,106,1062.0670053958893,0.9542932510375977,0.04014427959918976,0.004538950510323048,0.0009069476509466767,0.0001165163703262806,Camera
/home/lmy/iot-device-classification/dataset/camera/round7_jitter/camera_r7.pcapng,R7,107,1072.076501607895,0.9999356269836426,1.5910580259514973e-05,4.591487959260121e-05,1.903396309899108e-06,6.693373961752513e-07,Camera
/home/lmy/iot-device-classification/dataset/camera/round7_jitter/camera_r7.pcapng,R7,108,1081.5744071006775,0.9997918009757996,0.0001697214465821162,3.53993964381516e-05,1.887797338895325e-06,1.2561333733174251e-06,Camera
/home/lmy/iot-device-classification/dataset/camera/round7_jitter/camera_r7.pcapng,R7,109,1092.097101211548,0.9998500347137451,4.9874422984430566e-05,1.6294605302391574e-05,8.287822129204869e-05,8.770111890044063e-07,Camera
/home/lmy/iot-device-classification/dataset/camera/round7_jitter/camera_r7.pcapng,R7,110,1102.1077854633331,0.9999538660049438,2.4083490643533878e-05,1.2938567124365363e-05,8.568401426600758e-06,5.949265755589295e-07,Camera
/home/lmy/iot-device-classification/dataset/camera/round7_jitter/camera_r7.pcapng,R7,111,1110.5761620998385,0.998779833316803,0.0009858236880972981,0.00022439841995947063,7.115415883163223e-06,2.78554421129229e-06,Camera
/home/lmy/iot-device-classification/dataset/camera/round7_jitter/camera_r7.pcapng,R7,112,1122.1286532878876,0.9995330572128296,3.064738484681584e-05,4.954506584908813e-05,0.00038591050542891026,8.48976355882769e-07,Camera
/home/lmy/iot-device-classification/dataset/camera/round7_jitter/camera_r7.pcapng,R7,113,1132.1388144493103,0.9863762259483337,0.00753384456038475,0.0020609204657375813,0.003909440711140633,0.00011959146650042385,Camera
/home/lmy/iot-device-classification/dataset/camera/round7_jitter/camera_r7.pcapng,R7,114,1140.006595134735,0.9999719858169556,1.4771164387639146e-05,1.1427580830059014e-05,1.2299452691877377e-06,6.121916840129416e-07,Camera
/home/lmy/iot-device-classification/dataset/camera/round7_jitter/camera_r7.pcapng,R7,115,1151.1237795352936,0.9995149374008179,0.0004243500006850809,2.694445356610231e-05,3.1313818908529356e-05,2.408213731541764e-06,Camera
/home/lmy/iot-device-classification/dataset/camera/round7_jitter/camera_r7.pcapng,R7,116,1160.1725389957428,0.9999154806137085,3.250887675676495e-05,4.9771842896007e-06,4.581213215715252e-05,1.1677369684548466e-06,Camera
/home/lmy/iot-device-classification/dataset/camera/round7_jitter/camera_r7.pcapng,R7,117,1170.2139246463776,0.9997778534889221,0.00012681017688009888,9.204456728184596e-05,1.7939246390596963e-06,1.5637729120498989e-06,Camera
/home/lmy/iot-device-classification/dataset/camera/round7_jitter/camera_r7.pcapng,R7,118,1182.1894323825836,0.4876331686973572,0.3570725917816162,0.010137632489204407,0.14461643993854523,0.000540197070222348,Camera
/home/lmy/iot-device-classification/dataset/camera/round7_jitter/camera_r7.pcapng,R7,119,1190.4082338809967,0.9999144077301025,7.319192809518427e-05,7.752671990601812e-06,3.2484497296536574e-06,1.3999109569340362e-06,Camera
/home/lmy/iot-device-classification/dataset/camera/round7_jitter/camera_r7.pcapng,R7,120,1202.2083194255829,0.9998375177383423,4.4298307329881936e-05,0.00011632423411356285,6.881763283672626e-07,1.1340646324242698e-06,Camera
/home/lmy/iot-device-classification/dataset/camera/round7_jitter/camera_r7.pcapng,R7,121,1212.2187876701355,0.00043176926556043327,0.9890662431716919,0.008239759132266045,0.0021243360824882984,0.00013792984827887267,Camera
/home/lmy/iot-device-classification/dataset/camera/round7_jitter/camera_r7.pcapng,R7,122,1222.229023218155,0.9999475479125977,4.262034053681418e-05,6.897386811033357e-06,2.2498923044622643e-06,6.631618134633754e-07,Camera
/home/lmy/iot-device-classification/dataset/camera/round7_jitter/camera_r7.pcapng,R7,123,1231.2361681461334,0.9998347759246826,0.00010731694783316925,5.048827006248757e-05,5.931883151788497e-06,1.4469526377069997e-06,Camera
/home/lmy/iot-device-classification/dataset/camera/round7_jitter/camera_r7.pcapng,R7,124,1240.7349474430084,0.9995850920677185,0.0003746912407223135,3.2600510166957974e-05,6.498232323792763e-06,1.1384556728444295e-06,Camera
/home/lmy/iot-device-classification/dataset/camera/round7_jitter/camera_r7.pcapng,R7,125,1252.2594435214996,0.9999237060546875,6.711710011586547e-05,5.050646450399654e-06,2.777318968583131e-06,1.2877053450210951e-06,Camera
/home/lmy/iot-device-classification/dataset/camera/round7_jitter/camera_r7.pcapng,R7,126,1262.2695944309237,0.9997649788856506,0.0001448392285965383,8.019580855034292e-05,6.597560513910139e-06,3.333661879878491e-06,Camera
/home/lmy/iot-device-classification/dataset/camera/round7_jitter/camera_r7.pcapng,R7,127,1270.9151895046234,0.9998350143432617,0.0001503553066868335,7.068512786645442e-06,6.695321189909009e-06,8.495066481373215e-07,Camera
/home/lmy/iot-device-classification/dataset/camera/round7_jitter/camera_r7.pcapng,R7,128,1280.2746934890747,0.9994868040084839,0.0004264323797542602,3.3159460144815966e-05,4.5588476496050134e-05,7.994387487997301e-06,Camera
/home/lmy/iot-device-classification/dataset/camera/round7_jitter/camera_r7.pcapng,R7,129,1290.0583899021149,0.9996280670166016,0.0003416994877625257,2.2750862626708113e-05,4.6396908146562055e-06,2.778479256448918e-06,Camera
/home/lmy/iot-device-classification/dataset/camera/round7_jitter/camera_r7.pcapng,R7,130,1301.0746500492096,0.8918264508247375,0.01012198906391859,0.0969657450914383,0.0010034439619630575,8.235799032263458e-05,Camera
/home/lmy/iot-device-classification/dataset/camera/round7_jitter/camera_r7.pcapng,R7,131,1310.016773223877,0.9997279047966003,2.5485800506430678e-05,1.8350572645431384e-05,0.0002273037243867293,8.909596544981468e-07,Camera
/home/lmy/iot-device-classification/dataset/camera/round7_jitter/camera_r7.pcapng,R7,132,1322.3303055763245,0.9999395608901978,1.4487813132291194e-05,4.12152185162995e-05,4.112712758796988e-06,6.543962172145257e-07,Camera
/home/lmy/iot-device-classification/dataset/camera/round7_jitter/camera_r7.pcapng,R7,133,1332.3400938510897,0.9994731545448303,4.325529152993113e-05,1.7594886230654083e-05,0.00046517702867276967,7.853756187614636e-07,Camera
/home/lmy/iot-device-classification/dataset/camera/round7_jitter/camera_r7.pcapng,R7,134,1340.0439014434814,0.9999408721923828,1.990121199924033e-05,1.710197830107063e-05,2.155267975467723e-05,6.024288836670166e-07,Camera
/home/lmy/iot-device-classification/dataset/camera/round7_jitter/camera_r7.pcapng,R7,135,1351.9068155288696,0.9984480142593384,0.0013756228145211935,0.00016582444368395954,4.415570856508566e-06,6.081186256778892e-06,Camera
/home/lmy/iot-device-classification/dataset/camera/round7_jitter/camera_r7.pcapng,R7,136,1362.1805248260498,0.9901432991027832,0.007950063794851303,0.00048414181219413877,0.001372208702377975,5.027994848205708e-05,Camera
/home/lmy/iot-device-classification/dataset/camera/round7_jitter/camera_r7.pcapng,R7,137,1370.0637843608856,0.999925971031189,4.414419527165592e-05,2.5604556867619976e-05,3.6543513033393538e-06,5.619982061944029e-07,Camera
/home/lmy/iot-device-classification/dataset/camera/round7_jitter/camera_r7.pcapng,R7,138,1382.3908607959747,0.9999709129333496,1.5778228771523573e-05,1.113731832447229e-05,1.6293581666104728e-06,5.61920558084239e-07,Camera
/home/lmy/iot-device-classification/dataset/camera/round7_jitter/camera_r7.pcapng,R7,139,1392.4013409614563,0.9999240636825562,4.0837690903572366e-05,2.8358532290440053e-05,6.192132786964066e-06,5.999718268867582e-07,Camera
/home/lmy/iot-device-classification/dataset/camera/round7_jitter/camera_r7.pcapng,R7,140,1400.0917220115662,0.9999436140060425,2.075782867905218e-05,1.0770353583211545e-05,2.41086381720379e-05,6.921169415363693e-07,Camera
/home/lmy/iot-device-classification/dataset/camera/round7_jitter/camera_r7.pcapng,R7,141,1412.216546535492,0.9998785257339478,0.00010924514208454639,6.304780072241556e-06,4.700809313362697e-06,1.187127963930834e-06,Camera
/home/lmy/iot-device-classification/dataset/camera/round7_jitter/camera_r7.pcapng,R7,142,1422.4314386844635,0.9805266857147217,0.01652437448501587,0.0006530049140565097,0.002260992070659995,3.493095937301405e-05,Camera
/home/lmy/iot-device-classification/dataset/camera/round7_jitter/camera_r7.pcapng,R7,143,1430.1881229877472,0.9999361038208008,3.460402149357833e-05,2.4013686925172806e-05,4.510743110586191e-06,7.179589260886132e-07,Camera
/home/lmy/iot-device-classification/dataset/camera/round7_jitter/camera_r7.pcapng,R7,144,1442.4518640041351,0.9999547004699707,1.700145730865188e-05,2.4435583327431232e-05,3.366668579474208e-06,5.346835223463131e-07,Camera
/home/lmy/iot-device-classification/dataset/camera/round7_jitter/camera_r7.pcapng,R7,145,1452.461928606033,0.9998258948326111,3.682136593852192e-05,1.381371657771524e-05,0.00012264581164345145,8.851082498040341e-07,Camera
/home/lmy/iot-device-classification/dataset/camera/round7_jitter/camera_r7.pcapng,R7,146,1460.1555235385897,0.9997569918632507,0.000167516729561612,5.481413973029703e-05,1.8273634850629605e-05,2.3585600956721464e-06,Camera
/home/lmy/iot-device-classification/dataset/camera/round7_jitter/camera_r7.pcapng,R7,147,1471.300285100937,0.9998964071273804,7.865096995374188e-05,8.148282176989596e-06,1.5406332749989815e-05,1.375736133013561e-06,Camera
/home/lmy/iot-device-classification/dataset/camera/round7_jitter/camera_r7.pcapng,R7,148,1482.4920103549955,0.9528452157974243,0.004563324153423309,0.03633159026503563,0.006194811314344406,6.512218533316627e-05,Camera
/home/lmy/iot-device-classification/dataset/camera/round7_jitter/camera_r7.pcapng,R7,149,1490.1846380233765,0.9995939135551453,1.4497535630653147e-05,0.00010358545841882005,0.00028720087721012533,8.221602456615074e-07,Camera
/home/lmy/iot-device-classification/dataset/camera/round7_jitter/camera_r7.pcapng,R7,150,1502.5133094787598,0.9999531507492065,3.215369360987097e-05,1.196125776914414e-05,1.6227107835220522e-06,1.0931665883617825e-06,Camera
/home/lmy/iot-device-classification/dataset/camera/round7_jitter/camera_r7.pcapng,R7,151,1510.1902599334717,0.9998248219490051,2.6507044822210446e-05,0.00013147637946531177,1.6047113604145125e-05,1.2108440614611027e-06,Camera
/home/lmy/iot-device-classification/dataset/camera/round7_jitter/camera_r7.pcapng,R7,152,1520.2147331237793,0.9998611211776733,3.065686178160831e-05,1.0217545423074625e-05,9.716044587548822e-05,7.964906671986682e-07,Camera
/home/lmy/iot-device-classification/dataset/camera/round7_jitter/camera_r7.pcapng,R7,153,1532.5424268245697,0.9995265007019043,0.0001409047399647534,0.00027200847398489714,5.580072684097104e-05,4.7449025259993505e-06,Camera
/home/lmy/iot-device-classification/dataset/camera/round7_jitter/camera_r7.pcapng,R7,154,1540.9005222320557,0.9981703758239746,0.0015812532510608435,0.00012172971764812246,0.00011986750905634835,6.794292403355939e-06,Camera
/home/lmy/iot-device-classification/dataset/camera/round7_jitter/camera_r7.pcapng,R7,155,1550.2224135398865,0.9995757937431335,5.897822848055512e-05,0.0003203813685104251,4.2606076021911576e-05,2.2543210889125476e-06,Camera
/home/lmy/iot-device-classification/dataset/camera/round7_jitter/camera_r7.pcapng,R7,156,1562.1778228282928,0.9999589920043945,1.1063939382438548e-05,2.4129478333634324e-05,5.318812782206805e-06,5.379818617257115e-07,Camera
/home/lmy/iot-device-classification/dataset/camera/round7_jitter/camera_r7.pcapng,R7,157,1572.5826163291931,0.9997376799583435,4.60491246485617e-05,0.00014903635019436479,6.53227252769284e-05,1.8529112821852323e-06,Camera
/home/lmy/iot-device-classification/dataset/camera/round7_jitter/camera_r7.pcapng,R7,158,1580.2423202991486,0.9997076392173767,5.490304101840593e-05,9.073982255358715e-06,0.0002273446589242667,1.016135456666234e-06,Camera
/home/lmy/iot-device-classification/dataset/camera/round7_jitter/camera_r7.pcapng,R7,159,1591.053421497345,0.9998806715011597,0.00010375766578363255,1.0916294741036836e-05,3.001915274580824e-06,1.5824066394998226e-06,Camera
/home/lmy/iot-device-classification/dataset/camera/round7_jitter/camera_r7.pcapng,R7,160,1602.612744808197,0.9999415874481201,2.9386646929197013e-05,2.334842247364577e-05,4.495269422477577e-06,1.1825957244582241e-06,Camera
/home/lmy/iot-device-classification/dataset/camera/round7_jitter/camera_r7.pcapng,R7,161,1610.0388793945312,0.9998505115509033,0.00011030771565856412,8.44901933305664e-06,2.973660775751341e-05,9.219445473718224e-07,Camera
/home/lmy/iot-device-classification/dataset/camera/round7_jitter/camera_r7.pcapng,R7,162,1622.6328852176666,0.9999128580093384,1.1961540621996392e-05,7.737474334135186e-06,6.636702892137691e-05,1.056783275998896e-06,Camera
/home/lmy/iot-device-classification/dataset/camera/round7_jitter/camera_r7.pcapng,R7,163,1631.2807710170746,0.9999186992645264,3.940533133572899e-05,2.3496340872952715e-05,1.7293536075158045e-05,1.157659198725014e-06,Camera
/home/lmy/iot-device-classification/dataset/camera/round7_jitter/camera_r7.pcapng,R7,164,1640.0304119586945,0.9997327923774719,0.00014794633898418397,4.061069921590388e-05,7.723567250650376e-05,1.4535512491420377e-06,Camera
/home/lmy/iot-device-classification/dataset/camera/round7_jitter/camera_r7.pcapng,R7,165,1650.048193216324,0.9998970031738281,5.832102397107519e-05,2.8144597308710217e-05,1.52598659042269e-05,1.2475393305066973e-06,Camera
/home/lmy/iot-device-classification/dataset/camera/round7_jitter/camera_r7.pcapng,R7,166,1660.4568498134613,0.9999279975891113,4.286869443603791e-05,4.753381290356629e-06,2.3251803213497624e-05,1.13510100163694e-06,Camera
/home/lmy/iot-device-classification/dataset/camera/round7_jitter/camera_r7.pcapng,R7,167,1670.033472776413,0.9998509883880615,0.00010102956730406731,1.3630345165438484e-05,3.347538586240262e-05,8.31013267088565e-07,Camera
/home/lmy/iot-device-classification/dataset/camera/round7_jitter/camera_r7.pcapng,R7,168,1682.6931474208832,0.9999679327011108,1.5270163203240372e-05,2.9137779620214133e-06,1.3360154298425186e-05,5.266912808110646e-07,Camera
/home/lmy/iot-device-classification/dataset/camera/round7_jitter/camera_r7.pcapng,R7,169,1692.7034759521484,0.9992733597755432,0.00047330139204859734,0.00019880919717252254,4.938639176543802e-05,5.175192654860439e-06,Camera
/home/lmy/iot-device-classification/dataset/camera/round7_jitter/camera_r7.pcapng,R7,170,1700.0539500713348,0.99970942735672,8.997053373605013e-05,2.2726408133166842e-05,0.0001770180242601782,7.797260650477256e-07,Camera
/home/lmy/iot-device-classification/dataset/camera/round7_jitter/camera_r7.pcapng,R7,171,1711.7946050167084,0.9963254332542419,0.0035412132274359465,9.428081102669239e-05,3.099917739746161e-05,8.094641998468433e-06,Camera
/home/lmy/iot-device-classification/dataset/camera/round7_jitter/camera_r7.pcapng,R7,172,1722.733787059784,0.9999451637268066,1.5772346159792505e-05,3.6365119740366936e-05,2.098561708407942e-06,6.333751230158668e-07,Camera
/home/lmy/iot-device-classification/dataset/camera/round7_jitter/camera_r7.pcapng,R7,173,1730.0751836299896,0.9049933552742004,0.03682423010468483,0.00975495483726263,0.0481700524687767,0.00025739119155332446,Camera
/home/lmy/iot-device-classification/dataset/camera/round7_jitter/camera_r7.pcapng,R7,174,1740.5481808185575,0.9999489784240723,1.7496096916147508e-05,2.4646784368087538e-05,8.26137238618685e-06,6.323526804408175e-07,Camera
/home/lmy/iot-device-classification/dataset/camera/round7_jitter/camera_r7.pcapng,R7,175,1752.7643117904663,0.9999455213546753,3.417859988985583e-05,1.8227106920676306e-05,1.3296447605171124e-06,7.736903171462473e-07,Camera
/home/lmy/iot-device-classification/dataset/camera/round7_jitter/camera_r7.pcapng,R7,176,1760.0956563949585,0.9998908042907715,2.8916892915731296e-05,2.9977931262692437e-05,4.956487464369275e-05,7.389899678855727e-07,Camera
/home/lmy/iot-device-classification/dataset/camera/round7_jitter/camera_r7.pcapng,R7,177,1771.082735300064,0.9998630285263062,5.538617915590294e-05,7.836346776457503e-05,1.6081852436400368e-06,1.5790877796462155e-06,Camera
/home/lmy/iot-device-classification/dataset/camera/round7_jitter/camera_r7.pcapng,R7,178,1780.0221254825592,0.9998607635498047,6.359126564348117e-05,7.090628059813753e-05,3.167037448292831e-06,1.5350382227552473e-06,Camera
/home/lmy/iot-device-classification/dataset/camera/round7_jitter/camera_r7.pcapng,R7,179,1790.0357086658478,0.9997300505638123,0.0001826864026952535,4.271763100405224e-05,4.3159387132618576e-05,1.413187533216842e-06,Camera
/home/lmy/iot-device-classification/dataset/camera/round7_jitter/camera_r7.pcapng,R7,180,1800.051710605621,0.9999549388885498,2.6502733817324042e-05,1.6523497833986767e-05,1.118595037041814e-06,8.843011300996295e-07,Camera
/home/lmy/iot-device-classification/dataset/camera/round7_jitter/camera_r7.pcapng,R7,181,1810.027145147324,0.9999696016311646,2.6008110580733046e-05,2.9064422051305883e-06,9.033832952809462e-07,5.678824663846171e-07,Camera
/home/lmy/iot-device-classification/dataset/camera/round7_jitter/camera_r7.pcapng,R7,182,1820.1131269931795,0.9978213310241699,0.0015878301346674562,0.00020616246911231428,0.00037734812940470874,7.37691607355373e-06,Camera
/home/lmy/iot-device-classification/dataset/camera/round7_jitter/camera_r7.pcapng,R7,183,1830.168332576752,0.9998812675476074,8.901433466235176e-05,2.579034844529815e-05,2.447496399327065e-06,1.51336189446738e-06,Camera
/home/lmy/iot-device-classification/dataset/camera/round7_jitter/camera_r7.pcapng,R7,184,1842.8551495075224,0.9998277425765991,3.738681334652938e-05,7.203020504675806e-05,5.955356027698144e-05,3.315734375064494e-06,Camera
/home/lmy/iot-device-classification/dataset/camera/round7_jitter/camera_r7.pcapng,R7,185,1850.1368086338043,0.9996944665908813,6.051673335605301e-05,0.00022412567341234535,1.982397589017637e-05,1.1370404990884708e-06,Camera
/home/lmy/iot-device-classification/dataset/camera/round7_jitter/camera_r7.pcapng,R7,186,1860.5967874526975,0.9999501705169678,2.4097163986880332e-05,2.051637966360431e-05,4.269568762538256e-06,9.720384923639358e-07,Camera
/home/lmy/iot-device-classification/dataset/camera/round7_jitter/camera_r7.pcapng,R7,187,1870.3986282348635,0.9999585151672363,1.917583358590491e-05,1.6463831343571655e-05,5.294563834468136e-06,5.355265670914378e-07,Camera
/home/lmy/iot-device-classification/dataset/camera/round7_jitter/camera_r7.pcapng,R7,188,1880.1383171081543,0.9999022483825684,5.7526100135874e-05,2.0905648852931336e-05,1.816440635593608e-05,1.136036644311389e-06,Camera
/home/lmy/iot-device-classification/dataset/camera/round7_jitter/camera_r7.pcapng,R7,189,1892.904205083847,0.9971227049827576,0.002651990158483386,0.00021267465490382165,7.152384114306187e-06,5.451557171909371e-06,Camera
/home/lmy/iot-device-classification/dataset/camera/round7_jitter/camera_r7.pcapng,R7,190,1902.9140827655792,0.9999653100967407,2.363612838962581e-05,7.265073691087309e-06,2.952804607048165e-06,8.907021538107074e-07,Camera
/home/lmy/iot-device-classification/dataset/camera/round7_jitter/camera_r7.pcapng,R7,191,1910.1446907520292,0.9994274377822876,0.00041486110421828926,0.00012846026220358908,2.574606151029002e-05,3.5260886761534493e-06,Camera
/home/lmy/iot-device-classification/dataset/camera/round7_jitter/camera_r7.pcapng,R7,192,1922.934277057648,0.9999747276306152,1.1384472600184381e-05,1.1959702533204108e-05,1.444605572942237e-06,5.286695454742585e-07,Camera
/home/lmy/iot-device-classification/dataset/camera/round7_jitter/camera_r7.pcapng,R7,193,1930.8189764022827,0.9999606609344482,2.5503526558168232e-05,9.458433851250447e-06,3.852308054774767e-06,4.882699045083427e-07,Camera
/home/lmy/iot-device-classification/dataset/camera/round7_jitter/camera_r7.pcapng,R7,194,1940.0150353908537,0.9999008178710938,8.863049151841551e-05,9.026826774061192e-06,8.760851528677449e-07,6.472346854025091e-07,Camera
/home/lmy/iot-device-classification/dataset/camera/round7_jitter/camera_r7.pcapng,R7,195,1950.0429830551147,0.9987930059432983,0.00024177395971491933,0.00045887744636274874,0.0005003155092708766,5.9639369283104315e-06,Camera
/home/lmy/iot-device-classification/dataset/camera/round7_jitter/camera_r7.pcapng,R7,196,1962.834707975388,0.9999295473098755,2.259249049529899e-05,3.386631215107627e-05,1.3066991414234508e-05,8.923299219532055e-07,Camera
/home/lmy/iot-device-classification/dataset/camera/round7_jitter/camera_r7.pcapng,R7,197,1970.2052001953125,0.9998005032539368,0.00010104383545694873,7.43435084586963e-05,2.2537156837643124e-05,1.6357544154743664e-06,Camera
/home/lmy/iot-device-classification/dataset/camera/round7_jitter/camera_r7.pcapng,R7,198,1982.994198322296,0.9999563694000244,1.3526407201425172e-05,2.7853157007484697e-05,1.7035055179803749e-06,5.211521170167543e-07,Camera
/home/lmy/iot-device-classification/dataset/camera/round7_jitter/camera_r7.pcapng,R7,199,1991.2091484069824,0.9998457431793213,0.00014023843687027693,5.734130809287308e-06,6.603810106753372e-06,1.6342987692041788e-06,Camera
/home/lmy/iot-device-classification/dataset/camera/round7_jitter/camera_r7.pcapng,R7,200,2000.2349171638489,0.9995915293693542,5.947025783825666e-05,5.539416815736331e-05,0.0002919700928032398,1.6898753756322549e-06,Camera
/home/lmy/iot-device-classification/dataset/camera/round7_jitter/camera_r7.pcapng,R7,201,2012.436044216156,0.9996071457862854,0.0002091170899802819,1.9769533537328243e-05,0.0001594074274180457,4.641956820705673e-06,Camera
/home/lmy/iot-device-classification/dataset/camera/round7_jitter/camera_r7.pcapng,R7,202,2023.035284280777,0.9999665021896362,2.179399052693043e-05,8.699752470420208e-06,2.415495146124158e-06,6.279132094277884e-07,Camera
/home/lmy/iot-device-classification/dataset/camera/round7_jitter/camera_r7.pcapng,R7,203,2030.2653260231016,0.99980229139328,0.00013884730287827551,5.0805356295313686e-05,7.133243343560025e-06,8.967408575699665e-07,Camera
/home/lmy/iot-device-classification/dataset/camera/round7_jitter/camera_r7.pcapng,R7,204,2043.0550963878632,0.9999274015426636,5.011539542465471e-05,8.659522791276686e-06,1.2197986507089809e-05,1.6718613551347516e-06,Camera
/home/lmy/iot-device-classification/dataset/camera/round7_jitter/camera_r7.pcapng,R7,205,2051.609967470169,0.9999433755874634,5.02363036503084e-05,4.9688237595546525e-06,6.771692255824746e-07,7.610555599057989e-07,Camera
/home/lmy/iot-device-classification/dataset/camera/round7_jitter/camera_r7.pcapng,R7,206,2060.2968015670776,0.9998751878738403,4.348321454017423e-05,6.855610990896821e-05,1.1290144357190002e-05,1.4495124105451396e-06,Camera
/home/lmy/iot-device-classification/dataset/camera/round7_jitter/camera_r7.pcapng,R7,207,2073.08464884758,0.999901294708252,8.376713958568871e-05,1.1138943591504358e-05,2.20071751755313e-06,1.5426027175635681e-06,Camera
/home/lmy/iot-device-classification/dataset/camera/round7_jitter/camera_r7.pcapng,R7,208,2083.097278356552,0.9999654293060303,1.8823153368430212e-05,8.818962669465691e-06,6.369737548084231e-06,6.065101274543849e-07,Camera
/home/lmy/iot-device-classification/dataset/camera/round7_jitter/camera_r7.pcapng,R7,209,2090.3264141082764,0.999550998210907,0.00036570351221598685,4.2537503759376705e-05,3.83898732252419e-05,2.3332215732807526e-06,Camera
/home/lmy/iot-device-classification/dataset/camera/round7_jitter/camera_r7.pcapng,R7,210,2103.115840196609,0.9999707937240601,1.499366044299677e-05,1.245512339664856e-05,1.1678505416057305e-06,5.306758339429507e-07,Camera
/home/lmy/iot-device-classification/dataset/camera/round7_jitter/camera_r7.pcapng,R7,211,2110.178197622299,0.9929435849189758,0.006884579546749592,0.00015761064423713833,7.106923931132769e-06,7.064440069370903e-06,Camera
/home/lmy/iot-device-classification/dataset/camera/round7_jitter/camera_r7.pcapng,R7,212,2120.3575370311737,0.012415244244039059,0.002133210888132453,0.00020649039652198553,0.9852257370948792,1.9351349692442454e-05,Camera
/home/lmy/iot-device-classification/dataset/camera/round7_jitter/camera_r7.pcapng,R7,213,2130.9993200302124,0.9994372725486755,0.00036879844265058637,0.0001843337231548503,5.096801032777876e-06,4.5314427552511916e-06,Camera
/home/lmy/iot-device-classification/dataset/camera/round7_jitter/camera_r7.pcapng,R7,214,2143.1553127765656,0.9999274015426636,1.8361166439717636e-05,4.284649548935704e-06,4.936276309308596e-05,5.650385901390109e-07,Camera
/home/lmy/iot-device-classification/dataset/camera/round7_jitter/camera_r7.pcapng,R7,215,2150.386116027832,0.9996620416641235,0.00018064667528960854,0.00014671715325675905,8.721613085072022e-06,1.8483713120076573e-06,Camera
/home/lmy/iot-device-classification/dataset/camera/round7_jitter/camera_r7.pcapng,R7,216,2163.2876675128937,0.9999450445175171,3.8433910958701745e-05,5.834932835568907e-06,9.804073670238722e-06,8.860718594405625e-07,Camera
/home/lmy/iot-device-classification/dataset/camera/round7_jitter/camera_r7.pcapng,R7,217,2170.5988190174103,0.9999227523803711,6.290407327469438e-05,1.1783669833675958e-05,1.4521936009259662e-06,1.127197606365371e-06,Camera
/home/lmy/iot-device-classification/dataset/camera/round7_jitter/camera_r7.pcapng,R7,218,2180.416788339615,0.9998306035995483,0.00010724089224822819,5.6445620430167764e-05,4.3349218685762025e-06,1.35182006033574e-06,Camera
/home/lmy/iot-device-classification/dataset/camera/round7_jitter/camera_r7.pcapng,R7,219,2193.2055962085724,0.9999433755874634,3.216006371076219e-05,2.0769366528838873e-05,2.4708388082217425e-06,1.2189721019240096e-06,Camera
/home/lmy/iot-device-classification/dataset/camera/round7_jitter/camera_r7.pcapng,R7,220,2200.1182079315186,0.9999024868011475,2.8685873985523358e-05,4.7600038669770584e-05,2.0283488993300125e-05,9.648862260291935e-07,Camera
/home/lmy/iot-device-classification/dataset/camera/round7_jitter/camera_r7.pcapng,R7,221,2210.439901828766,0.9645773768424988,0.03132117539644241,0.002582835964858532,0.0014234097907319665,9.527969814371318e-05,Camera
/home/lmy/iot-device-classification/dataset/camera/round7_jitter/camera_r7.pcapng,R7,222,2220.588351726532,0.9999562501907349,2.1826963347848505e-05,1.8406315575703047e-05,2.9446143798850244e-06,6.095092999203189e-07,Camera
/home/lmy/iot-device-classification/dataset/camera/round7_jitter/camera_r7.pcapng,R7,223,2230.003150701523,0.9999109506607056,6.0809012211393565e-05,2.4941477022366598e-05,2.008574483625125e-06,1.322138473369705e-06,Camera
/home/lmy/iot-device-classification/dataset/camera/round7_jitter/camera_r7.pcapng,R7,224,2240.466422319412,0.9977229237556458,0.0019164721015840769,0.00023023194808047265,0.00011989218182861805,1.0471328096173238e-05,Camera
/home/lmy/iot-device-classification/dataset/camera/round7_jitter/camera_r7.pcapng,R7,225,2253.1671059131622,0.9998824596405029,7.026937964837998e-05,4.356131830718368e-05,2.23645747610135e-06,1.435515741832205e-06,Camera
/home/lmy/iot-device-classification/dataset/camera/round7_jitter/camera_r7.pcapng,R7,226,2260.488941431045,0.9999666213989258,2.2833526600152254e-05,7.1721615313435905e-06,2.6441080080985557e-06,7.081585522428213e-07,Camera
/home/lmy/iot-device-classification/dataset/camera/round7_jitter/camera_r7.pcapng,R7,227,2270.484833240509,0.99955815076828,4.522528615780175e-05,3.441483568167314e-05,0.00036106604966335,1.1528269396876567e-06,Camera
/home/lmy/iot-device-classification/dataset/camera/round7_jitter/camera_r7.pcapng,R7,228,2282.8370003700256,0.9995245933532715,0.00035221214056946337,7.62146373745054e-05,3.9234550058608875e-05,7.713505510764662e-06,Camera
/home/lmy/iot-device-classification/dataset/camera/round7_jitter/camera_r7.pcapng,R7,229,2290.110954761505,0.9972212314605713,0.002191529842093587,0.0005754685262218118,6.966457021917449e-06,4.77349112770753e-06,Camera
/home/lmy/iot-device-classification/dataset/camera/round7_jitter/camera_r7.pcapng,R7,230,2300.4860043525696,0.9997164607048035,0.0002045806759269908,4.4239579437999055e-05,3.25972396240104e-05,2.088595238092239e-06,Camera
/home/lmy/iot-device-classification/dataset/camera/round7_jitter/camera_r7.pcapng,R7,231,2310.129106760025,0.9999016523361206,2.396376476099249e-05,7.209548584796721e-06,6.639705679845065e-05,7.21182800589304e-07,Camera
/home/lmy/iot-device-classification/dataset/camera/round7_jitter/camera_r7.pcapng,R7,232,2320.578161001205,0.999887228012085,6.855614628875628e-05,4.149101005168632e-05,1.4968584309826838e-06,1.173549321720202e-06,Camera
/home/lmy/iot-device-classification/dataset/camera/round7_jitter/camera_r7.pcapng,R7,233,2330.496689558029,0.9998973608016968,5.242008046479896e-05,1.7292786651523784e-05,3.1987481634132564e-05,8.826679049889208e-07,Camera
/home/lmy/iot-device-classification/dataset/camera/round7_jitter/camera_r7.pcapng,R7,234,2341.759024620056,0.9985390901565552,0.000598266429733485,0.00021658599143847823,0.0006382642895914614,7.828698471712414e-06,Camera
/home/lmy/iot-device-classification/dataset/camera/round7_jitter/camera_r7.pcapng,R7,235,2350.5294239521027,0.9999692440032959,1.499319387221476e-05,1.4194025425240397e-05,9.934124136634637e-07,5.198870098865882e-07,Camera
/home/lmy/iot-device-classification/dataset/camera/round7_jitter/camera_r7.pcapng,R7,236,2360.5188035964966,0.9997828602790833,2.9890055884607136e-05,0.00011053538037231192,7.551421003881842e-05,1.2470613910409156e-06,Camera
/home/lmy/iot-device-classification/dataset/camera/round7_jitter/camera_r7.pcapng,R7,237,2372.3063626289368,0.9997281432151794,0.00016803141625132412,2.8505619411589578e-05,6.987564847804606e-05,5.426546522357967e-06,Camera
/home/lmy/iot-device-classification/dataset/camera/round7_jitter/camera_r7.pcapng,R7,238,2381.359937191009,0.999908447265625,2.5391340386704542e-05,5.7831744925351813e-05,7.568155979242874e-06,7.220699558274646e-07,Camera
/home/lmy/iot-device-classification/dataset/camera/round7_jitter/camera_r7.pcapng,R7,239,2390.538462638855,0.9998781681060791,8.376575715374202e-05,3.142908826703206e-05,5.8628106671676505e-06,7.262760277626512e-07,Camera
/home/lmy/iot-device-classification/dataset/camera/round7_jitter/camera_r7.pcapng,R7,240,2403.417417049408,0.9919426441192627,0.007568052038550377,0.00033953902311623096,0.00011237629951210693,3.74003138858825e-05,Camera
/home/lmy/iot-device-classification/dataset/camera/round7_jitter/camera_r7.pcapng,R7,241,2410.2342755794525,0.9999157190322876,1.0556565939623397e-05,7.268653280334547e-05,5.030931902183511e-07,5.198591566113464e-07,Camera
/home/lmy/iot-device-classification/dataset/camera/round7_jitter/camera_r7.pcapng,R7,242,2420.5521359443665,0.9998574256896973,0.00011403841199353337,2.2419590095523745e-05,5.192499429540476e-06,9.122254596150015e-07,Camera
/home/lmy/iot-device-classification/dataset/camera/round7_jitter/camera_r7.pcapng,R7,243,2433.3704164028168,0.9999097585678101,7.2905131673906e-05,1.4068861673877109e-05,2.108187800331507e-06,1.1499486163302208e-06,Camera
/home/lmy/iot-device-classification/dataset/camera/round7_jitter/camera_r7.pcapng,R7,244,2441.749472618103,0.9999669790267944,1.0093385753862094e-05,1.9931438146159053e-05,2.3922916625451762e-06,6.1324510625127e-07,Camera
/home/lmy/iot-device-classification/dataset/camera/round7_jitter/camera_r7.pcapng,R7,245,2450.5773503780365,0.999053418636322,4.749715662910603e-05,0.00039635132998228073,0.0005012718611396849,1.4121341109785135e-06,Camera
/home/lmy/iot-device-classification/dataset/camera/round7_jitter/camera_r7.pcapng,R7,246,2461.717447757721,0.9996015429496765,0.00032023017411120236,5.436381616163999e-05,1.8370892576058395e-05,5.518278157978784e-06,Camera
/home/lmy/iot-device-classification/dataset/camera/round7_jitter/camera_r7.pcapng,R7,247,2471.3713188171387,0.9999401569366455,2.3182248696684837e-05,3.519404344842769e-05,8.539149689568148e-07,5.955803885626665e-07,Camera
/home/lmy/iot-device-classification/dataset/camera/round7_jitter/camera_r7.pcapng,R7,248,2480.607114315033,0.9998456239700317,2.1772992113255896e-05,9.151450649369508e-05,4.028549665235914e-05,7.373797075160837e-07,Camera
/home/lmy/iot-device-classification/dataset/camera/round7_jitter/camera_r7.pcapng,R7,249,2493.508585214615,0.9991849064826965,0.00010913813457591459,0.00055871153017506,0.000141274300403893,5.962670456938213e-06,Camera
/home/lmy/iot-device-classification/dataset/camera/round7_jitter/camera_r7.pcapng,R7,250,2500.818733930588,0.9999333620071411,1.2317506843828596e-05,5.1672570407390594e-05,2.060960468952544e-06,5.819807142870559e-07,Camera
/home/lmy/iot-device-classification/dataset/camera/round7_jitter/camera_r7.pcapng,R7,251,2510.638095140457,0.9999151229858398,3.297234434285201e-05,4.6148266847012565e-05,4.962953426002059e-06,7.32414093818079e-07,Camera
/home/lmy/iot-device-classification/dataset/camera/round7_jitter/camera_r7.pcapng,R7,252,2521.276185274124,0.999612033367157,0.0002713132998906076,4.361071114544757e-05,6.978115561651066e-05,3.2408775041403715e-06,Camera
/home/lmy/iot-device-classification/dataset/camera/round7_jitter/camera_r7.pcapng,R7,253,2530.900999069214,0.9999386072158813,4.181335316388868e-05,1.454156245017657e-05,4.0754612200544216e-06,1.0162907528865617e-06,Camera
/home/lmy/iot-device-classification/dataset/camera/round7_jitter/camera_r7.pcapng,R7,254,2540.5324895381927,0.9999215602874756,3.193229349562898e-05,4.162076220382005e-05,4.274983893992612e-06,5.768482083112758e-07,Camera
/home/lmy/iot-device-classification/dataset/camera/round7_jitter/camera_r7.pcapng,R7,255,2552.579553127289,0.9991130232810974,0.0003573316498659551,0.0004725467588286847,5.1788229029625654e-05,5.3276639846444596e-06,Camera
/home/lmy/iot-device-classification/dataset/camera/round7_jitter/camera_r7.pcapng,R7,256,2560.087301492691,0.9999617338180542,3.218066194676794e-05,4.840118890570011e-06,5.841893084834737e-07,6.80361381455441e-07,Camera
/home/lmy/iot-device-classification/dataset/camera/round7_jitter/camera_r7.pcapng,R7,257,2570.699880361557,0.9993280172348022,0.00014624912000726908,0.0005150443757884204,8.885972420102917e-06,1.886018480945495e-06,Camera
/home/lmy/iot-device-classification/dataset/camera/round7_jitter/camera_r7.pcapng,R7,258,2583.5976684093475,0.9999518394470215,3.322082557133399e-05,8.704097126610577e-06,5.464356036100071e-06,7.105862209755287e-07,Camera
/home/lmy/iot-device-classification/dataset/camera/round7_jitter/camera_r7.pcapng,R7,259,2592.229302406311,0.9999032020568848,4.223161522531882e-05,4.674560113926418e-05,6.175455382617656e-06,1.5913636843833956e-06,Camera
/home/lmy/iot-device-classification/dataset/camera/round7_jitter/camera_r7.pcapng,R7,260,2600.7216930389404,0.9823257327079773,0.01006157137453556,0.0007372667896561325,0.0068311202339828014,4.432462446857244e-05,Camera
/home/lmy/iot-device-classification/dataset/camera/round7_jitter/camera_r7.pcapng,R7,261,2611.3807787895203,0.9758902192115784,0.00019526468531694263,0.023874688893556595,3.192606891389005e-05,7.842128979973495e-06,Camera
/home/lmy/iot-device-classification/dataset/camera/round7_jitter/camera_r7.pcapng,R7,262,2620.050743103028,0.9997811913490295,0.00018271735461894423,2.90169791696826e-05,3.9519372876384296e-06,3.1297536224883515e-06,Camera
/home/lmy/iot-device-classification/dataset/camera/round7_jitter/camera_r7.pcapng,R7,263,2630.745385408401,0.9992208480834961,5.353245069272816e-05,0.0001106482814066112,0.0006124948267824948,2.5240497052436695e-06,Camera
/home/lmy/iot-device-classification/dataset/camera/round7_jitter/camera_r7.pcapng,R7,264,2642.787503004074,0.9993813037872314,0.00010115069017047063,0.0003802382852882147,0.00013066547398921102,6.617079179704888e-06,Camera
/home/lmy/iot-device-classification/dataset/camera/round7_jitter/camera_r7.pcapng,R7,265,2651.5412409305573,0.9999185800552368,7.038647163426504e-05,9.996118933486287e-06,4.309919745537627e-07,5.572771897277562e-07,Camera
/home/lmy/iot-device-classification/dataset/camera/round7_jitter/camera_r7.pcapng,R7,266,2660.748805046081,0.9958332777023315,0.0006554966093972325,0.00039403775008395314,0.003102740738540888,1.440937012375798e-05,Camera
/home/lmy/iot-device-classification/dataset/camera/round7_jitter/camera_r7.pcapng,R7,267,2670.7783319950104,0.9998680353164673,3.594889858504757e-05,9.352104825666174e-05,1.2491962024796521e-06,1.2476722304199939e-06,Camera
/home/lmy/iot-device-classification/dataset/camera/round7_jitter/camera_r7.pcapng,R7,268,2680.3891308307648,0.9997050166130066,0.00020523532293736935,8.609730866737664e-05,1.00238275990705e-06,2.572747689555399e-06,Camera
/home/lmy/iot-device-classification/dataset/camera/round7_jitter/camera_r7.pcapng,R7,269,2690.779177427292,0.9998786449432373,9.312767360825092e-05,2.1143005142221227e-05,6.221245257620467e-06,8.390827588300453e-07,Camera
/home/lmy/iot-device-classification/dataset/camera/round7_jitter/camera_r7.pcapng,R7,270,2703.719130754471,0.9970505237579346,0.002493645064532757,0.00044838504982180893,3.1917752494337037e-06,4.268477368896129e-06,Camera
/home/lmy/iot-device-classification/dataset/camera/round7_jitter/camera_r7.pcapng,R7,271,2713.0762870311737,0.9999374151229858,1.4413583812711295e-05,3.671876038424671e-05,1.0734816896729171e-05,7.090109193086391e-07,Camera
/home/lmy/iot-device-classification/dataset/camera/round7_jitter/camera_r7.pcapng,R7,272,2720.8097608089447,0.999924898147583,2.608332761155907e-05,4.134507980779745e-05,7.097371508280048e-06,5.572020427280222e-07,Camera
/home/lmy/iot-device-classification/dataset/camera/round7_jitter/camera_r7.pcapng,R7,273,2731.169639110565,0.9998524188995361,4.2106054024770856e-05,9.087052603717893e-05,1.326564324699575e-05,1.310134962295706e-06,Camera
/home/lmy/iot-device-classification/dataset/camera/round7_jitter/camera_r7.pcapng,R7,274,2740.438057422638,0.9996360540390015,0.00025363214081153274,9.718240471556783e-05,8.664003871672321e-06,4.405110303196125e-06,Camera
/home/lmy/iot-device-classification/dataset/camera/round7_jitter/camera_r7.pcapng,R7,275,2750.8185107707977,0.9999052286148071,6.239702634047717e-05,2.5252378691220656e-05,6.23533378529828e-06,8.621553888588096e-07,Camera
/home/lmy/iot-device-classification/dataset/camera/round7_jitter/camera_r7.pcapng,R7,276,2760.0354306697845,0.9999799728393555,1.2129755305068102e-05,3.2267216738546267e-06,4.002773493994027e-06,6.693670684398967e-07,Camera
/home/lmy/iot-device-classification/dataset/camera/round7_jitter/camera_r7.pcapng,R7,277,2773.450955867768,0.999974250793457,1.2819714356737677e-05,8.470203283650335e-06,3.894686415151227e-06,5.810317702525936e-07,Camera
/home/lmy/iot-device-classification/dataset/camera/round7_jitter/camera_r7.pcapng,R7,278,2780.829705476761,0.9997438788414001,3.324053614051081e-05,0.0001934235478984192,2.856637365766801e-05,9.365784308101865e-07,Camera
/home/lmy/iot-device-classification/dataset/camera/round7_jitter/camera_r7.pcapng,R7,279,2792.501083612442,0.03027048148214817,0.05728481337428093,0.05463210120797157,0.8574201464653015,0.00039246943197213113,Camera
/home/lmy/iot-device-classification/dataset/camera/round7_jitter/camera_r7.pcapng,R7,280,2800.7609832286835,0.9989857077598572,0.00010328457574360073,0.0008936827071011066,1.2220797543704975e-05,5.0534640649857465e-06,Camera
/home/lmy/iot-device-classification/dataset/camera/round7_jitter/camera_r7.pcapng,R7,281,2810.840525150299,0.998753547668457,0.0001334641856374219,0.0007521202205680311,0.00035780074540525675,3.1192014375847066e-06,Camera
/home/lmy/iot-device-classification/dataset/camera/round7_jitter/camera_r7.pcapng,R7,282,2821.557708263397,0.9997900128364563,0.00016632307961117476,1.755642551870551e-05,2.232145743619185e-05,3.7659235658793477e-06,Camera
/home/lmy/iot-device-classification/dataset/camera/round7_jitter/camera_r7.pcapng,R7,283,2830.821518659592,0.9999551773071289,2.70916243607644e-05,9.963677257474046e-06,6.81571009408799e-06,9.861481657935656e-07,Camera
/home/lmy/iot-device-classification/dataset/camera/round7_jitter/camera_r7.pcapng,R7,284,2840.419770002365,0.9995670914649963,0.00016827871149871498,5.302315184962936e-05,0.00020990552729927003,1.6507898408235633e-06,Camera
/home/lmy/iot-device-classification/dataset/camera/round7_jitter/camera_r7.pcapng,R7,285,2850.678621530533,0.9997386336326599,0.00011599093704717234,0.00012365308066364378,1.8631646526046097e-05,3.085499201915809e-06,Camera
/home/lmy/iot-device-classification/dataset/camera/round7_jitter/camera_r7.pcapng,R7,286,2861.081378221512,0.9995948672294617,0.00027351477183401585,0.00010332962119719014,2.3085040083969943e-05,5.247681201581145e-06,Camera
/home/lmy/iot-device-classification/dataset/camera/round7_jitter/camera_r7.pcapng,R7,287,2870.8897547721863,0.9999113082885742,5.067984602646902e-05,3.23265849146992e-05,4.979043296771124e-06,7.469907359336503e-07,Camera
/home/lmy/iot-device-classification/dataset/camera/round7_jitter/camera_r7.pcapng,R7,288,2883.902220726013,0.9995080232620239,0.00047323695616796613,1.3069568922219332e-05,4.5883666643931065e-06,1.103472300201247e-06,Camera
/home/lmy/iot-device-classification/dataset/camera/round7_jitter/camera_r7.pcapng,R7,289,2893.909256219864,0.9999309778213501,1.717354098218493e-05,2.2261312551563606e-05,2.858548214135226e-05,1.0049919865195989e-06,Camera
/home/lmy/iot-device-classification/dataset/camera/round7_jitter/camera_r7.pcapng,R7,290,2900.991822242737,0.9996284246444702,1.0718837074819021e-05,0.00035543576814234257,4.708116648544092e-06,7.137639954635233e-07,Camera
/home/lmy/iot-device-classification/dataset/camera/round7_jitter/camera_r7.pcapng,R7,291,2910.023576259613,0.21048863232135773,0.6232088208198547,0.16360439360141754,0.002264547860249877,0.00043354686931706965,Camera
/home/lmy/iot-device-classification/dataset/camera/round7_jitter/camera_r7.pcapng,R7,292,2920.060144901276,0.9998716115951538,9.203266381518915e-05,2.8413271138560958e-05,6.472778295574244e-06,1.4756201380805578e-06,Camera
/home/lmy/iot-device-classification/dataset/camera/round7_jitter/camera_r7.pcapng,R7,293,2930.3709614276886,0.9992665648460388,0.00020387620315887034,0.00014794786693528295,0.0003796721575781703,1.898635787256353e-06,Camera
/home/lmy/iot-device-classification/dataset/camera/round7_jitter/camera_r7.pcapng,R7,294,2942.1984078884125,0.9993792772293091,0.0002205864293500781,0.0003678807697724551,2.6133067876799032e-05,6.120684247434838e-06,Camera
/home/lmy/iot-device-classification/dataset/camera/round7_jitter/camera_r7.pcapng,R7,295,2953.970233440399,0.9999794960021973,1.4230250599212013e-05,4.315749265515478e-06,1.448531747882953e-06,5.395136781771726e-07,Camera
/home/lmy/iot-device-classification/dataset/camera/round7_jitter/camera_r7.pcapng,R7,296,2960.979607105255,0.9996918439865112,4.88703662995249e-05,0.00012010666250716895,0.00013810303062200546,1.1158504094055388e-06,Camera
/home/lmy/iot-device-classification/dataset/camera/round7_jitter/camera_r7.pcapng,R7,297,2973.9898178577423,0.9865830540657043,0.0025200005620718002,0.00034295645309612155,0.010535822249948978,1.8197672034148127e-05,Camera
/home/lmy/iot-device-classification/dataset/camera/round7_jitter/camera_r7.pcapng,R7,298,2983.7106494903564,0.9998979568481445,3.725212445715442e-05,6.130700785433874e-05,2.5094218472077046e-06,9.686787052487489e-07,Camera
/home/lmy/iot-device-classification/dataset/camera/round7_jitter/camera_r7.pcapng,R7,299,2990.990183830261,0.999848484992981,5.556053656619042e-05,1.988446274481248e-05,7.524110696977004e-05,8.512325280207733e-07,Camera
/home/lmy/iot-device-classification/dataset/camera/round7_jitter/camera_r7.pcapng,R7,300,3002.5188093185425,0.999871015548706,4.230644117342308e-05,5.546749525819905e-05,2.8323676815489307e-05,2.910041303039179e-06,Camera
/home/lmy/iot-device-classification/dataset/camera/round7_jitter/camera_r7.pcapng,R7,301,3012.917944431305,0.9995686411857605,0.00033331537269987166,9.176931052934378e-05,3.929426384274848e-06,2.2948684090806637e-06,Camera
/home/lmy/iot-device-classification/dataset/camera/round7_jitter/camera_r7.pcapng,R7,302,3020.5630242824554,0.999808132648468,3.6020697734784335e-05,0.00015450073988176882,6.193088779582467e-07,7.507743475798634e-07,Camera
/home/lmy/iot-device-classification/dataset/camera/round7_jitter/camera_r7.pcapng,R7,303,3031.599765062332,0.9999653100967407,1.0069707059301436e-05,2.3362652427749708e-05,7.381279942819674e-07,5.260543503027293e-07,Camera
/home/lmy/iot-device-classification/dataset/camera/round7_jitter/camera_r7.pcapng,R7,304,3044.0614755153656,0.9994183778762817,0.00015774284838698804,0.00041670771315693855,4.46783133156714e-06,2.696533101698151e-06,Camera
/home/lmy/iot-device-classification/dataset/camera/round7_jitter/camera_r7.pcapng,R7,305,3050.0200338363647,0.9989759922027588,0.0005041758413426578,0.0002197020803578198,0.0002955938398372382,4.539279416349018e-06,Camera
/home/lmy/iot-device-classification/dataset/camera/round7_jitter/camera_r7.pcapng,R7,306,3061.1792118549347,0.9999217987060547,5.334609159035608e-05,1.9012812117580324e-05,4.489152615860803e-06,1.2940971600983175e-06,Camera
/home/lmy/iot-device-classification/dataset/camera/round7_jitter/camera_r7.pcapng,R7,307,3070.212501764297,0.9999500513076782,1.4159330930851866e-05,3.444136746111326e-05,8.463340464004432e-07,5.549494517254061e-07,Camera
/home/lmy/iot-device-classification/dataset/camera/round7_jitter/camera_r7.pcapng,R7,308,3081.0220699310303,0.015793906524777412,0.006825014483183622,0.001904571894556284,0.9754152297973633,6.125819345470518e-05,Camera
/home/lmy/iot-device-classification/dataset/camera/round7_jitter/camera_r7.pcapng,R7,309,3091.957861661911,0.9998440742492676,0.00010194445349043235,3.664174073492177e-05,1.323828473687172e-05,4.047561105835484e-06,Camera
/home/lmy/iot-device-classification/dataset/camera/round7_jitter/camera_r7.pcapng,R7,310,3102.3600585460663,0.9988222718238831,0.0007591293542645872,0.0004015003505628556,9.512778888165485e-06,7.521375209762482e-06,Camera
/home/lmy/iot-device-classification/dataset/camera/round7_jitter/camera_r7.pcapng,R7,311,3111.0308678150177,0.999671459197998,5.517624958883971e-05,0.0002255513536510989,4.6964418288553134e-05,9.019450999403489e-07,Camera
/home/lmy/iot-device-classification/dataset/camera/round7_jitter/camera_r7.pcapng,R7,312,3124.141716003418,0.9997521042823792,0.0001981038658414036,1.3453254723572172e-05,3.325571015011519e-05,3.0697792681166902e-06,Camera
/home/lmy/iot-device-classification/dataset/camera/round7_jitter/camera_r7.pcapng,R7,313,3131.30117559433,0.9997209906578064,0.00013436457084026188,8.995973621495068e-05,5.159586726222187e-05,3.0931344099371927e-06,Camera
/home/lmy/iot-device-classification/dataset/camera/round7_jitter/camera_r7.pcapng,R7,314,3140.7605016231537,0.9999339580535889,1.943836105056107e-05,4.2207830119878054e-05,3.6857477425655816e-06,7.275241955539968e-07,Camera
/home/lmy/iot-device-classification/dataset/camera/round7_jitter/camera_r7.pcapng,R7,315,3151.765741109848,0.9850844740867615,0.010691547766327858,0.0025778289418667555,0.0015980853931978345,4.80487069580704e-05,Camera
/home/lmy/iot-device-classification/dataset/camera/round7_jitter/camera_r7.pcapng,R7,316,3160.603126764297,0.9995477795600891,0.00031016813591122627,0.00013306162145454437,5.484446774062235e-06,3.464292603894137e-06,Camera
/home/lmy/iot-device-classification/dataset/camera/round7_jitter/camera_r7.pcapng,R7,317,3171.0866882801056,0.9998939037322998,7.042857760097831e-05,2.8182972528156824e-05,6.69861492497148e-06,7.56555948555615e-07,Camera
/home/lmy/iot-device-classification/dataset/camera/round7_jitter/camera_r7.pcapng,R7,318,3181.408042907715,0.9998303651809692,6.649344868492335e-05,6.109508831286803e-05,3.9675491279922426e-05,2.341708068342996e-06,Camera
/home/lmy/iot-device-classification/dataset/camera/round7_jitter/camera_r7.pcapng,R7,319,3193.8789134025574,0.9997891783714294,0.00012543812044896185,4.7763518523424864e-05,3.58358483936172e-05,1.793462502064358e-06,Camera
/home/lmy/iot-device-classification/dataset/camera/round7_jitter/camera_r7.pcapng,R7,320,3201.112580060959,0.9998739957809448,3.566561281331815e-05,1.8969449229189195e-05,7.052820001263171e-05,8.711021450835688e-07,Camera
/home/lmy/iot-device-classification/dataset/camera/round7_jitter/camera_r7.pcapng,R7,321,3214.232761621475,0.9982450008392334,0.00022696937958244234,0.0005012721521779895,0.0010103003587573767,1.6524447346455418e-05,Camera
/home/lmy/iot-device-classification/dataset/camera/round7_jitter/camera_r7.pcapng,R7,322,3220.080748319626,0.9998156428337097,0.00016324348689522594,1.6951495126704685e-05,2.0957979813829297e-06,2.1110997749929084e-06,Camera
/home/lmy/iot-device-classification/dataset/camera/round7_jitter/camera_r7.pcapng,R7,323,3231.14129781723,0.9998025298118591,4.727395935333334e-05,2.7373038392397575e-05,0.0001210924529004842,1.7419076812075218e-06,Camera
/home/lmy/iot-device-classification/dataset/camera/round7_jitter/camera_r7.pcapng,R7,324,3244.261379957199,0.9994590878486633,7.403403287753463e-05,0.0003357195237185806,0.00012980186147615314,1.397607775288634e-06,Camera
/home/lmy/iot-device-classification/dataset/camera/round7_jitter/camera_r7.pcapng,R7,325,3254.296637535095,0.999976396560669,1.3709626728086732e-05,8.726419764570892e-06,6.069831783861446e-07,5.124147151036595e-07,Camera
/home/lmy/iot-device-classification/dataset/camera/round7_jitter/camera_r7.pcapng,R7,326,3260.1614561080933,0.9999303817749023,1.7722006305120885e-05,4.849912875215523e-05,2.7464443519420456e-06,6.110241770329594e-07,Camera
/home/lmy/iot-device-classification/dataset/camera/round7_jitter/camera_r7.pcapng,R7,327,3274.2911534309387,0.9999507665634155,1.5488269127672538e-05,3.119501343462616e-05,2.078333864119486e-06,4.739165717637661e-07,Camera
/home/lmy/iot-device-classification/dataset/camera/round7_jitter/camera_r7.pcapng,R7,328,3284.2802567481995,0.9999617338180542,1.2305890777497552e-05,4.064834229211556e-06,2.1043171727797017e-05,8.323053748426901e-07,Camera
/home/lmy/iot-device-classification/dataset/camera/round7_jitter/camera_r7.pcapng,R7,329,3291.2022063732147,0.9999035596847534,5.49891556147486e-05,2.9361270208028145e-05,1.1223656656511594e-05,8.199160106414638e-07,Camera
/home/lmy/iot-device-classification/dataset/camera/round7_jitter/camera_r7.pcapng,R7,330,3303.5408701896667,0.9980179071426392,0.0004069707356393337,0.0013895247830078006,0.00017157128604594618,1.3970753570902161e-05,Camera
/home/lmy/iot-device-classification/dataset/camera/round7_jitter/camera_r7.pcapng,R7,331,3310.5973365306854,0.9999760389328003,1.0751809895737097e-05,1.174175940832356e-05,9.165405572275631e-07,5.419727244770911e-07,Camera
/home/lmy/iot-device-classification/dataset/camera/round7_jitter/camera_r7.pcapng,R7,332,3320.6296277046204,0.9999167919158936,3.37638812197838e-05,3.8038251659600064e-05,1.0741579899331555e-05,6.770143841094978e-07,Camera
/home/lmy/iot-device-classification/dataset/camera/round7_jitter/camera_r7.pcapng,R7,333,3334.2916407585144,0.9989462494850159,0.000959844677709043,8.21122303023003e-05,9.514523299003486e-06,2.2818983325123554e-06,Camera
/home/lmy/iot-device-classification/dataset/camera/round7_jitter/camera_r7.pcapng,R7,334,3341.8609488010406,0.9999425411224365,4.3499170715222135e-05,1.2460296602512244e-05,7.219348390208324e-07,7.6360379352991e-07,Camera
/home/lmy/iot-device-classification/dataset/camera/round7_jitter/camera_r7.pcapng,R7,335,3350.017672777176,0.08717382699251175,0.005747971590608358,0.002681461628526449,0.9043299555778503,6.678196950815618e-05,Camera
/home/lmy/iot-device-classification/dataset/camera/round7_jitter/camera_r7.pcapng,R7,336,3361.8942415714264,0.9998944997787476,1.1138772606500424e-05,8.526172314304858e-05,8.406454981013667e-06,6.84916869886365e-07,Camera
/home/lmy/iot-device-classification/dataset/camera/round7_jitter/camera_r7.pcapng,R7,337,3374.3914155960083,0.9999364614486694,3.0194669307093136e-05,2.0154790036031045e-05,1.2142514606239274e-05,1.020641889226681e-06,Camera
/home/lmy/iot-device-classification/dataset/camera/round7_jitter/camera_r7.pcapng,R7,338,3381.080311059952,0.9996685981750488,3.218276106053963e-05,0.0002899054961744696,7.970807928359136e-06,1.3500151681000716e-06,Camera
/home/lmy/iot-device-classification/dataset/camera/round7_jitter/camera_r7.pcapng,R7,339,3394.2892405986786,0.9999514818191528,3.613414446590468e-05,8.604033610026818e-06,3.0866151519148843e-06,6.682280400127638e-07,Camera
/home/lmy/iot-device-classification/dataset/camera/round7_jitter/camera_r7.pcapng,R7,340,3404.421439409256,0.9984696507453918,0.0004262292350176722,0.00012358376989141107,0.0009725438430905342,7.92040827946039e-06,Camera
/home/lmy/iot-device-classification/dataset/camera/round7_jitter/camera_r7.pcapng,R7,341,3410.133317947388,0.9998890161514282,2.961387872346677e-05,7.726608600933105e-05,3.3482390335848322e-06,7.578651093353983e-07,Camera
/home/lmy/iot-device-classification/dataset/camera/round7_jitter/camera_r7.pcapng,R7,342,3423.1995277404785,0.9938737154006958,0.005727029871195555,0.0003486724162939936,3.8161702832439914e-05,1.2396985766827129e-05,Camera
/home/lmy/iot-device-classification/dataset/camera/round7_jitter/camera_r7.pcapng,R7,343,3431.000081539154,0.9999539852142334,3.193652810296044e-05,1.2294253792788368e-05,8.279392318399914e-07,9.427855047761113e-07,Camera
/home/lmy/iot-device-classification/dataset/camera/round7_jitter/camera_r7.pcapng,R7,344,3440.066980838776,0.9991034865379333,5.183032772038132e-05,0.0007806731737218797,6.24653184786439e-05,1.5730787481516018e-06,Camera
/home/lmy/iot-device-classification/dataset/camera/round7_jitter/camera_r7.pcapng,R7,345,3451.7992458343506,0.9994882345199585,0.00020571984350681305,0.0002877264632843435,1.1491093573567923e-05,6.767148988728877e-06,Camera
/home/lmy/iot-device-classification/dataset/camera/round7_jitter/camera_r7.pcapng,R7,346,3462.1979546546936,0.9999053478240967,6.713283073622733e-05,2.2093470761319622e-05,3.5834113987220917e-06,1.836532419474679e-06,Camera
/home/lmy/iot-device-classification/dataset/camera/round7_jitter/camera_r7.pcapng,R7,347,3471.382242202759,0.9995936751365662,5.9770140069304034e-05,0.00033976667327806354,5.173727458895883e-06,1.6685626178514212e-06,Camera
/home/lmy/iot-device-classification/dataset/camera/round7_jitter/camera_r7.pcapng,R7,348,3482.998106718064,0.9998118281364441,7.897004252299666e-05,9.413102816324681e-05,1.1135864951938856e-05,3.971092155552469e-06,Camera
/home/lmy/iot-device-classification/dataset/camera/round7_jitter/camera_r7.pcapng,R7,349,3493.399886369705,0.9998345375061035,4.3008167267544195e-05,0.0001198504469357431,1.381361926178215e-06,1.1892761904164217e-06,Camera
/home/lmy/iot-device-classification/dataset/camera/round7_jitter/camera_r7.pcapng,R7,350,3501.4124302864075,0.9998669624328613,9.273980685975403e-05,3.450521035119891e-05,5.064148353994824e-06,7.592286124236125e-07,Camera
/home/lmy/iot-device-classification/dataset/camera/round7_jitter/camera_r7.pcapng,R7,351,3513.747893810272,0.9991670846939087,0.0006529942620545626,0.00014605134492740035,2.896803016483318e-05,4.8909200813795906e-06,Camera
/home/lmy/iot-device-classification/dataset/camera/round7_jitter/camera_r7.pcapng,R7,352,3522.5194902420044,0.9998358488082886,0.00011626083141891286,4.344403714640066e-05,2.171333790101926e-06,2.239827836092445e-06,Camera
/home/lmy/iot-device-classification/dataset/camera/round7_jitter/camera_r7.pcapng,R7,353,3531.453936815262,0.9996874332427979,5.245692591415718e-05,0.0002544034505262971,4.417052878125105e-06,1.368159018966253e-06,Camera
/home/lmy/iot-device-classification/dataset/camera/round7_jitter/camera_r7.pcapng,R7,354,3544.5633506774902,0.9991527795791626,5.586434781434946e-05,0.0006632066215388477,0.00012543541379272938,2.659144456629292e-06,Camera
/home/lmy/iot-device-classification/dataset/camera/round7_jitter/camera_r7.pcapng,R7,355,3554.260845899582,0.9997949004173279,0.00019887559756170958,3.30388979818963e-06,2.1445907805173192e-06,7.588561174998176e-07,Camera
/home/lmy/iot-device-classification/dataset/camera/round7_jitter/camera_r7.pcapng,R7,356,3560.259614467621,0.9996917247772217,2.7821284675155766e-05,0.00013138042413629591,0.00014798654592595994,1.0748890417744406e-06,Camera
/home/lmy/iot-device-classification/dataset/camera/round7_jitter/camera_r7.pcapng,R7,357,3572.091678380966,0.9996986389160156,0.00020312887500040233,8.508258179062977e-05,9.204152775055263e-06,3.921599727618741e-06,Camera
/home/lmy/iot-device-classification/dataset/camera/round7_jitter/camera_r7.pcapng,R7,358,3582.166381835937,0.9998797178268433,1.770296694303397e-05,9.907001367537305e-05,2.5974011350626824e-06,8.476937409795937e-07,Camera
/home/lmy/iot-device-classification/dataset/camera/round7_jitter/camera_r7.pcapng,R7,359,3591.505964756012,0.9996433258056641,0.00020185088214930147,0.00015081772289704531,2.0967022464901675e-06,1.8851137610909063e-06,Camera
/home/lmy/iot-device-classification/dataset/camera/round7_jitter/camera_r7.pcapng,R7,360,3600.261863470077,0.9988272786140442,0.0009261343511752784,0.00023873418103903532,4.015936610812787e-06,3.7823140246473486e-06,Camera
/home/lmy/iot-device-classification/dataset/camera/round7_jitter/camera_r7.pcapng,R7,361,3614.102528333664,0.9997132420539856,0.0001584699930390343,1.9777968191192485e-05,0.00010643382847774774,2.1092253064125543e-06,Camera
/home/lmy/iot-device-classification/dataset/camera/round7_jitter/camera_r7.pcapng,R7,362,3620.3359982967377,0.9998505115509033,1.6592352039879188e-05,0.00013164864503778517,6.692293368359969e-07,5.792835509055294e-07,Camera
/home/lmy/iot-device-classification/dataset/camera/round7_jitter/camera_r7.pcapng,R7,363,3633.461199998856,0.9979221224784851,0.00046108406968414783,0.0014192519010975957,0.00018260888464283198,1.4959075087972451e-05,Camera
/home/lmy/iot-device-classification/dataset/camera/round7_jitter/camera_r7.pcapng,R7,364,3641.078367948532,0.9998806715011597,0.00010254885273752734,1.0318380191165488e-05,3.956376986025134e-06,2.4366327124880627e-06,Camera
/home/lmy/iot-device-classification/dataset/camera/round7_jitter/camera_r7.pcapng,R7,365,3650.171758651733,0.9997085928916931,2.3925231289467774e-05,0.0002617766731418669,4.848011940339347e-06,8.838716780701361e-07,Camera
/home/lmy/iot-device-classification/dataset/camera/round7_jitter/camera_r7.pcapng,R7,366,3660.899781942368,0.9997978806495667,1.1087408893217798e-05,9.927091014105827e-05,9.071767999557778e-05,1.029061536428344e-06,Camera
/home/lmy/iot-device-classification/dataset/camera/round7_jitter/camera_r7.pcapng,R7,367,3672.280349969864,0.9994658827781677,0.0003801020502578467,0.00014645954070147127,2.9313550840015523e-06,4.613577857526252e-06,Camera
/home/lmy/iot-device-classification/dataset/camera/round7_jitter/camera_r7.pcapng,R7,368,3680.0680963993073,0.9996808767318726,1.185201654152479e-05,0.00030572348623536527,9.192808647640049e-07,5.998395522510691e-07,Camera
/home/lmy/iot-device-classification/dataset/camera/round7_jitter/camera_r7.pcapng,R7,369,3694.2939558029175,0.18541674315929413,0.4105266034603119,0.40113914012908936,0.0023981912527233362,0.0005192846292629838,Camera
/home/lmy/iot-device-classification/dataset/camera/round7_jitter/camera_r7.pcapng,R7,370,3700.4399104118343,0.999771773815155,1.7984933947445825e-05,0.00019906986563000828,9.856998985924292e-06,1.3428031024886877e-06,Camera
/home/lmy/iot-device-classification/dataset/camera/round7_jitter/camera_r7.pcapng,R7,371,3710.580026626587,0.999596893787384,8.05985473562032e-05,0.0003188424452673644,2.2894223548064474e-06,1.423022581548139e-06,Camera
/home/lmy/iot-device-classification/dataset/camera/round7_jitter/camera_r7.pcapng,R7,372,3720.561345100403,0.9999629259109497,9.600050361768808e-06,2.386511187069118e-05,2.9813797937094932e-06,6.189583245941321e-07,Camera
/home/lmy/iot-device-classification/dataset/camera/round7_jitter/camera_r7.pcapng,R7,373,3733.061326026917,0.56110018491745,0.3715463876724243,0.037599578499794006,0.028936613351106644,0.0008171912049874663,Camera
/home/lmy/iot-device-classification/dataset/camera/round7_jitter/camera_r7.pcapng,R7,374,3740.100247859955,0.9995606541633606,3.563777499948628e-05,0.00039242778439074755,9.877415322989691e-06,1.413886252521479e-06,Camera
/home/lmy/iot-device-classification/dataset/camera/round7_jitter/camera_r7.pcapng,R7,375,3750.126773834229,0.9998893737792969,6.085834320401773e-05,4.7353605623357e-05,1.2281816452741623e-06,1.179249920824077e-06,Camera
/home/lmy/iot-device-classification/dataset/camera/round7_jitter/camera_r7.pcapng,R7,376,3761.7184658050537,0.9997064471244812,8.59789433889091e-05,0.00019149520085193217,1.1969979823334143e-05,4.1018847696250305e-06,Camera
/home/lmy/iot-device-classification/dataset/camera/round7_jitter/camera_r7.pcapng,R7,377,3770.9899384975433,0.9997336268424988,8.237476868089288e-05,0.00017802098591346294,4.585976512316847e-06,1.387123006679758e-06,Camera
/home/lmy/iot-device-classification/dataset/camera/round7_jitter/camera_r7.pcapng,R7,378,3784.2928035259247,0.9699501395225525,0.012818546034395695,0.0033341655507683754,0.013842089101672173,5.501252235262655e-05,Camera
/home/lmy/iot-device-classification/dataset/camera/round7_jitter/camera_r7.pcapng,R7,379,3792.918571472168,0.9998863935470581,6.694219337077811e-05,3.512847615638748e-05,8.542710929759778e-06,2.934191343229031e-06,Camera
/home/lmy/iot-device-classification/dataset/camera/round7_jitter/camera_r7.pcapng,R7,380,3800.589638710022,0.9995356798171997,1.1566536159079988e-05,0.0004490760911721736,3.0578462428820785e-06,6.285099516389892e-07,Camera
/home/lmy/iot-device-classification/dataset/camera/round7_jitter/camera_r7.pcapng,R7,381,3813.5328254699702,0.9998871088027954,6.098224548622966e-05,3.548226959537715e-05,1.5123067896638531e-05,1.3351451570997597e-06,Camera
/home/lmy/iot-device-classification/dataset/camera/round7_jitter/camera_r7.pcapng,R7,382,3822.0385534763336,0.9997158646583557,0.00013865840446669608,0.00013838111772201955,4.120719950151397e-06,2.9853372325305827e-06,Camera
/home/lmy/iot-device-classification/dataset/camera/round7_jitter/camera_r7.pcapng,R7,383,3831.459969997406,0.9994841814041138,0.00014668700168840587,0.00031343940645456314,5.332320506568067e-05,2.2932656520424644e-06,Camera
/home/lmy/iot-device-classification/dataset/camera/round7_jitter/camera_r7.pcapng,R7,384,3841.666084289551,0.999872088432312,2.0330628103693016e-05,5.05339412484318e-05,5.599319047178142e-05,1.0861417649721261e-06,Camera
/home/lmy/iot-device-classification/dataset/camera/round7_jitter/camera_r7.pcapng,R7,385,3853.2378380298615,0.9997424483299255,8.025007991818711e-05,0.00016137601051013917,1.182752112072194e-05,4.074525804753648e-06,Camera
/home/lmy/iot-device-classification/dataset/camera/round7_jitter/camera_r7.pcapng,R7,386,3860.740969896317,0.999961256980896,2.1282383386278525e-05,1.572809378558304e-05,1.282190169149544e-06,4.641535724658752e-07,Camera
/home/lmy/iot-device-classification/dataset/camera/round7_jitter/camera_r7.pcapng,R7,387,3874.305795431137,0.9999326467514038,4.020410051452927e-05,2.473630775057245e-05,1.7188980336868553e-06,6.742686196048453e-07,Camera
/home/lmy/iot-device-classification/dataset/camera/round7_jitter/camera_r7.pcapng,R7,388,3882.90115237236,0.9999696016311646,1.3798031432088464e-05,1.152625736722257e-05,4.258472927176626e-06,7.907874532975256e-07,Camera
/home/lmy/iot-device-classification/dataset/camera/round7_jitter/camera_r7.pcapng,R7,389,3891.6839187145233,0.9994150400161743,2.8913333153468557e-05,0.00013374579430092126,0.00042031038901768625,2.029078586929245e-06,Camera
/home/lmy/iot-device-classification/dataset/camera/round7_jitter/camera_r7.pcapng,R7,390,3904.924103498459,0.9998570680618286,2.8116915927967057e-05,3.16694718094368e-06,0.00011104834993602708,6.097046707509435e-07,Camera
/home/lmy/iot-device-classification/dataset/camera/round7_jitter/camera_r7.pcapng,R7,391,3913.062382459641,0.9998292922973633,0.00010310724610462785,2.948462679341901e-05,3.5224860766902566e-05,2.8549191029014764e-06,Camera
/home/lmy/iot-device-classification/dataset/camera/round7_jitter/camera_r7.pcapng,R7,392,3921.433728218079,0.9998193383216858,1.601209442014806e-05,4.124557017348707e-05,0.00012242332741152495,9.705636330181733e-07,Camera
/home/lmy/iot-device-classification/dataset/camera/round7_jitter/camera_r7.pcapng,R7,393,3932.278712272644,0.999764621257782,0.00020081103139091283,2.195301203755662e-05,8.656445061205886e-06,3.915587512892671e-06,Camera
/home/lmy/iot-device-classification/dataset/camera/round7_jitter/camera_r7.pcapng,R7,394,3940.1809430122375,0.99996018409729,1.517724376753904e-05,2.1072119125165045e-05,2.847276391548803e-06,6.885784955557028e-07,Camera
/home/lmy/iot-device-classification/dataset/camera/round7_jitter/camera_r7.pcapng,R7,395,3951.715292930603,0.9998550415039062,5.9201491239946336e-05,7.278505654539913e-05,1.1341639947204385e-05,1.5591253941238392e-06,Camera
/home/lmy/iot-device-classification/dataset/camera/round7_jitter/camera_r7.pcapng,R7,396,3962.101347923279,0.9979477524757385,0.0005114354426041245,0.0013606507563963532,0.00016995228361338377,1.0179957826039754e-05,Camera
/home/lmy/iot-device-classification/dataset/camera/round7_jitter/camera_r7.pcapng,R7,397,3970.333317041397,0.9999502897262573,3.865061444230378e-05,7.222086878755363e-06,3.286903165644617e-06,5.965038099020603e-07,Camera
/home/lmy/iot-device-classification/dataset/light_T1/round7_jitter/light_T1_r7.pcapng,R7,0,0.0,6.531347753480077e-05,0.99601149559021,0.0037545457016676664,8.174998947652057e-05,8.692420669831336e-05,Light_T1
/home/lmy/iot-device-classification/dataset/light_T1/round7_jitter/light_T1_r7.pcapng,R7,1,10.037932872772217,0.0026081015821546316,0.5690685510635376,0.036873746663331985,0.39068612456321716,0.0007634130888618529,Light_T1
/home/lmy/iot-device-classification/dataset/light_T1/round7_jitter/light_T1_r7.pcapng,R7,2,20.04800081253052,0.0013455456355586648,0.31309062242507935,0.12663188576698303,0.5579712390899658,0.0009607092943042517,Light_T1
/home/lmy/iot-device-classification/dataset/light_T1/round7_jitter/light_T1_r7.pcapng,R7,3,30.063565969467163,1.670658639341127e-05,0.9989559650421143,0.0007034057634882629,0.0002793316962197423,4.455123416846618e-05,Light_T1
/home/lmy/iot-device-classification/dataset/light_T1/round7_jitter/light_T1_r7.pcapng,R7,4,40.06728911399841,0.0008901951950974762,0.7065868973731995,0.2827349305152893,0.008687731809914112,0.0011002784594893456,Light_T1
/home/lmy/iot-device-classification/dataset/light_T1/round7_jitter/light_T1_r7.pcapng,R7,5,50.07764315605164,1.4169941096042749e-05,0.9994575381278992,0.00030895101372152567,0.00019125099061056972,2.8112006475566886e-05,Light_T1
/home/lmy/iot-device-classification/dataset/light_T1/round7_jitter/light_T1_r7.pcapng,R7,6,60.08731937408447,9.16318385861814e-05,0.9888999462127686,0.003433238249272108,0.007347555365413427,0.0002275668375659734,Light_T1
/home/lmy/iot-device-classification/dataset/light_T1/round7_jitter/light_T1_r7.pcapng,R7,7,70.09794211387634,0.00014238839503377676,0.8846596479415894,0.08838694542646408,0.026488596573472023,0.00032242474844679236,Light_T1
/home/lmy/iot-device-classification/dataset/light_T1/round7_jitter/light_T1_r7.pcapng,R7,8,80.1071310043335,0.00043504618224687874,0.9970675110816956,0.0013209772296249866,0.0010264270240440965,0.00015000277198851109,Light_T1
/home/lmy/iot-device-classification/dataset/light_T1/round7_jitter/light_T1_r7.pcapng,R7,9,90.11689686775208,0.0950813964009285,0.8314179182052612,0.05601482465863228,0.01692388392984867,0.0005619051516987383,Light_T1
/home/lmy/iot-device-classification/dataset/light_T1/round7_jitter/light_T1_r7.pcapng,R7,10,100.12655091285706,0.00041131454054266214,0.8348047137260437,0.16342785954475403,0.001164677320048213,0.00019146355043631047,Light_T1
/home/lmy/iot-device-classification/dataset/light_T1/round7_jitter/light_T1_r7.pcapng,R7,11,110.13692212104796,2.8327529435046017e-05,0.9992958307266235,0.0004312235687393695,0.00020023755496367812,4.44162760686595e-05,Light_T1
/home/lmy/iot-device-classification/dataset/light_T1/round7_jitter/light_T1_r7.pcapng,R7,12,120.14663791656494,0.001025157980620861,0.9351714849472046,0.007291559595614672,0.055735085159540176,0.0007767011411488056,Light_T1
/home/lmy/iot-device-classification/dataset/light_T1/round7_jitter/light_T1_r7.pcapng,R7,13,130.15641498565674,0.00042508047772571445,0.9349101185798645,0.05527322739362717,0.008897264488041401,0.000494323845487088,Light_T1
/home/lmy/iot-device-classification/dataset/light_T1/round7_jitter/light_T1_r7.pcapng,R7,14,140.05563259124756,0.0003733969060704112,0.7691400051116943,0.0026117833331227303,0.2275775969028473,0.0002971586072817445,Light_T1
/home/lmy/iot-device-classification/dataset/light_T1/round7_jitter/light_T1_r7.pcapng,R7,15,150.17712831497192,0.0010951089207082987,0.9924296736717224,0.003362086368724704,0.0028782044537365437,0.00023495925415772945,Light_T1
/home/lmy/iot-device-classification/dataset/light_T1/round7_jitter/light_T1_r7.pcapng,R7,16,160.18593072891235,0.0006059317965991795,0.8504064083099365,0.13825127482414246,0.010068024508655071,0.0006682989187538624,Light_T1
/home/lmy/iot-device-classification/dataset/light_T1/round7_jitter/light_T1_r7.pcapng,R7,17,170.19575214385986,9.795609003049321e-06,0.9998270869255066,0.00011607446504058316,2.744193079706747e-05,1.9683648133650422e-05,Light_T1
/home/lmy/iot-device-classification/dataset/light_T1/round7_jitter/light_T1_r7.pcapng,R7,18,180.2058882713318,2.0815197785850614e-05,0.9994660019874573,0.00036958715645596385,0.00011005716805811971,3.358817775733769e-05,Light_T1
/home/lmy/iot-device-classification/dataset/light_T1/round7_jitter/light_T1_r7.pcapng,R7,19,190.21613597869876,7.657566311536357e-05,0.97878098487854,0.019662169739603996,0.0012897280976176262,0.0001905658282339573,Light_T1
/home/lmy/iot-device-classification/dataset/light_T1/round7_jitter/light_T1_r7.pcapng,R7,20,200.22555923461917,0.00013225883594714105,0.47707343101501465,0.5221755504608154,0.0005068102036602795,0.00011190139048267156,Light_T1
/home/lmy/iot-device-classification/dataset/light_T1/round7_jitter/light_T1_r7.pcapng,R7,21,210.23527669906616,0.00030954161775298417,0.5435776114463806,0.09406363219022751,0.36097922921180725,0.0010700288694351912,Light_T1
/home/lmy/iot-device-classification/dataset/light_T1/round7_jitter/light_T1_r7.pcapng,R7,22,220.24529242515564,7.741751323919743e-05,0.8674495220184326,0.13218624889850616,0.00015096891729626805,0.00013581884559243917,Light_T1
/home/lmy/iot-device-classification/dataset/light_T1/round7_jitter/light_T1_r7.pcapng,R7,23,230.05547976493835,7.692915096413344e-05,0.9850656390190125,0.011562170460820198,0.0031747808679938316,0.00012053470709361136,Light_T1
/home/lmy/iot-device-classification/dataset/light_T1/round7_jitter/light_T1_r7.pcapng,R7,24,240.1714367866516,0.0001840834302129224,0.9594929814338684,0.03849492594599724,0.0016121313674375415,0.00021586859656963497,Light_T1
/home/lmy/iot-device-classification/dataset/light_T1/round7_jitter/light_T1_r7.pcapng,R7,25,250.27530336380005,0.0002586668124422431,0.835455596446991,0.14841488003730774,0.0154504906386137,0.0004204128053970635,Light_T1
/home/lmy/iot-device-classification/dataset/light_T1/round7_jitter/light_T1_r7.pcapng,R7,26,260.0489616394043,0.0008714098366908729,0.5743193626403809,0.3458658456802368,0.07748331129550934,0.0014600899303331971,Light_T1
/home/lmy/iot-device-classification/dataset/light_T1/round7_jitter/light_T1_r7.pcapng,R7,27,270.2945628166199,1.3618941011372954e-05,0.9996997117996216,0.000232186313951388,2.7472789952298626e-05,2.707891871978063e-05,Light_T1
/home/lmy/iot-device-classification/dataset/light_T1/round7_jitter/light_T1_r7.pcapng,R7,28,280.3049385547638,0.0003975200525019318,0.6197329759597778,0.28632792830467224,0.09268900752067566,0.0008525688899680972,Light_T1
/home/lmy/iot-device-classification/dataset/light_T1/round7_jitter/light_T1_r7.pcapng,R7,29,290.0768404006958,0.0020013521425426006,0.9133192300796509,0.08146612346172333,0.002963699633255601,0.00024953391402959824,Light_T1
/home/lmy/iot-device-classification/dataset/light_T1/round7_jitter/light_T1_r7.pcapng,R7,30,300.051721572876,0.00010268150799674913,0.9919997453689575,0.004576575942337513,0.003127866657450795,0.00019305202295072377,Light_T1
/home/lmy/iot-device-classification/dataset/light_T1/round7_jitter/light_T1_r7.pcapng,R7,31,310.3345739841461,8.94058684934862e-05,0.9261696934700012,0.06466887891292572,0.0089071961119771,0.0001648097822908312,Light_T1
/home/lmy/iot-device-classification/dataset/light_T1/round7_jitter/light_T1_r7.pcapng,R7,32,320.1069979667664,4.279992572264746e-05,0.95756596326828,0.04076714068651199,0.0014997882535681129,0.00012431190407369286,Light_T1
/home/lmy/iot-device-classification/dataset/light_T1/round7_jitter/light_T1_r7.pcapng,R7,33,330.35433769226074,0.0011700154282152653,0.8874551057815552,0.09104536473751068,0.019826261326670647,0.0005032164044678211,Light_T1
/home/lmy/iot-device-classification/dataset/light_T1/round7_jitter/light_T1_r7.pcapng,R7,34,340.3640809059143,0.0002984327729791403,0.9783541560173035,0.0185279231518507,0.0026798134204000235,0.00013968985876999795,Light_T1
/home/lmy/iot-device-classification/dataset/light_T1/round7_jitter/light_T1_r7.pcapng,R7,35,350.1359212398529,0.0005610965890809894,0.6155624389648438,0.3399817943572998,0.043313879519701004,0.0005808072164654732,Light_T1
/home/lmy/iot-device-classification/dataset/light_T1/round7_jitter/light_T1_r7.pcapng,R7,36,360.3840072154999,0.00018194848962593824,0.9241830706596375,0.07286775857210159,0.0024396826047450304,0.00032755022402852774,Light_T1
/home/lmy/iot-device-classification/dataset/light_T1/round7_jitter/light_T1_r7.pcapng,R7,37,370.3935234546661,0.0001297008857363835,0.20721420645713806,0.015176652930676937,0.7771978378295898,0.00028155138716101646,Light_T1
/home/lmy/iot-device-classification/dataset/light_T1/round7_jitter/light_T1_r7.pcapng,R7,38,380.1665108203888,0.00045140174916014075,0.046131737530231476,0.5614893436431885,0.3914593458175659,0.00046813272638246417,Light_T1
/home/lmy/iot-device-classification/dataset/light_T1/round7_jitter/light_T1_r7.pcapng,R7,39,390.4137887954712,9.330816828878596e-05,0.928481936454773,0.06847089529037476,0.0027040198910981417,0.0002498294925317168,Light_T1
/home/lmy/iot-device-classification/dataset/light_T1/round7_jitter/light_T1_r7.pcapng,R7,40,400.4256613254547,0.0006650175200775266,0.8646276593208313,0.10877290368080139,0.02535303868353367,0.0005813565803691745,Light_T1
/home/lmy/iot-device-classification/dataset/light_T1/round7_jitter/light_T1_r7.pcapng,R7,41,410.20144724845886,8.185506158042699e-05,0.0495833158493042,0.9318831562995911,0.018224911764264107,0.00022676537628285587,Light_T1
/home/lmy/iot-device-classification/dataset/light_T1/round7_jitter/light_T1_r7.pcapng,R7,42,420.2179889678955,0.0009460292058065534,0.9270172715187073,0.04991871118545532,0.021086055785417557,0.0010319816647097468,Light_T1
/home/lmy/iot-device-classification/dataset/light_T1/round7_jitter/light_T1_r7.pcapng,R7,43,430.4550867080689,0.0010786450002342463,0.6629729270935059,0.31594976782798767,0.019196027889847755,0.0008025740971788764,Light_T1
/home/lmy/iot-device-classification/dataset/light_T1/round7_jitter/light_T1_r7.pcapng,R7,44,440.2248787879944,0.00017053425835911185,0.6813780665397644,0.3109869658946991,0.007125066593289375,0.0003393793886061758,Light_T1
/home/lmy/iot-device-classification/dataset/light_T1/round7_jitter/light_T1_r7.pcapng,R7,45,450.4994564056397,2.075774500553962e-05,0.000509988924022764,0.022393597289919853,0.9770360589027405,3.963024937547743e-05,Light_T1
/home/lmy/iot-device-classification/dataset/light_T1/round7_jitter/light_T1_r7.pcapng,R7,46,460.48314476013184,0.0007498225895687938,0.9946916699409485,0.003495184239000082,0.000955216761212796,0.00010805907368194312,Light_T1
/home/lmy/iot-device-classification/dataset/light_T1/round7_jitter/light_T1_r7.pcapng,R7,47,470.00690269470215,0.00013032322749495506,0.9168274402618408,0.08203431218862534,0.0008695571450516582,0.00013841844338458031,Light_T1
/home/lmy/iot-device-classification/dataset/light_T1/round7_jitter/light_T1_r7.pcapng,R7,48,480.5026588439941,0.0010351039236411452,0.27635687589645386,0.006328299641609192,0.715465247631073,0.0008145174942910671,Light_T1
/home/lmy/iot-device-classification/dataset/light_T1/round7_jitter/light_T1_r7.pcapng,R7,49,490.5138256549835,0.00015419619739986956,0.003844383405521512,0.0018259051721543074,0.9941054582595825,7.001131598372012e-05,Light_T1
/home/lmy/iot-device-classification/dataset/light_T1/round7_jitter/light_T1_r7.pcapng,R7,50,500.0332877635956,0.00029198857373557985,0.9472866654396057,0.04644543305039406,0.005587757099419832,0.00038817268796265125,Light_T1
/home/lmy/iot-device-classification/dataset/light_T1/round7_jitter/light_T1_r7.pcapng,R7,51,510.5382380485535,0.0016974540194496512,0.4356408715248108,0.011685239151120186,0.5503474473953247,0.0006289637531153858,Light_T1
/home/lmy/iot-device-classification/dataset/light_T1/round7_jitter/light_T1_r7.pcapng,R7,52,520.4843895435333,0.00013293548545334488,0.9961405396461487,0.001219503814354539,0.0024107254575937986,9.628818952478468e-05,Light_T1
/home/lmy/iot-device-classification/dataset/light_T1/round7_jitter/light_T1_r7.pcapng,R7,53,530.0646176338196,0.002389410277828574,0.8382086753845215,0.09583673626184464,0.06310402601957321,0.00046111014671623707,Light_T1
/home/lmy/iot-device-classification/dataset/light_T1/round7_jitter/light_T1_r7.pcapng,R7,54,540.1856939792633,3.674221079563722e-05,0.9929163455963135,0.006565786898136139,0.00038535831845365465,9.582992061041296e-05,Light_T1
/home/lmy/iot-device-classification/dataset/light_T1/round7_jitter/light_T1_r7.pcapng,R7,55,550.5736410617828,0.00014800141798332334,0.9762893319129944,0.008510272949934006,0.014741611666977406,0.0003107325464952737,Light_T1
/home/lmy/iot-device-classification/dataset/light_T1/round7_jitter/light_T1_r7.pcapng,R7,56,560.0932314395905,0.0010524862445890903,0.29941296577453613,0.5525051355361938,0.14623898267745972,0.0007904306403361261,Light_T1
/home/lmy/iot-device-classification/dataset/light_T1/round7_jitter/light_T1_r7.pcapng,R7,57,570.5927035808563,0.0006841737776994705,0.8465997576713562,0.08913552761077881,0.06274683028459549,0.0008337323670275509,Light_T1
/home/lmy/iot-device-classification/dataset/light_T1/round7_jitter/light_T1_r7.pcapng,R7,58,580.0999732017517,6.021183799020946e-05,0.9889768958091736,0.008899192325770855,0.001975750783458352,8.796451584203169e-05,Light_T1
/home/lmy/iot-device-classification/dataset/light_T1/round7_jitter/light_T1_r7.pcapng,R7,59,590.0478937625885,0.0018963712500408292,0.8037890195846558,0.19054827094078064,0.0032781108748167753,0.00048824891564436257,Light_T1
/home/lmy/iot-device-classification/dataset/light_T1/round7_jitter/light_T1_r7.pcapng,R7,60,600.6227865219116,0.003220490412786603,0.018750803545117378,0.0044583831913769245,0.9734011888504028,0.00016908699763007462,Light_T1
/home/lmy/iot-device-classification/dataset/light_T1/round7_jitter/light_T1_r7.pcapng,R7,61,610.6326720714569,0.0002638809382915497,0.4427125155925751,0.555461585521698,0.0012834164081141353,0.00027861614944413304,Light_T1
/home/lmy/iot-device-classification/dataset/light_T1/round7_jitter/light_T1_r7.pcapng,R7,62,620.1501660346985,0.0013068252010270953,0.5767696499824524,0.10560321062803268,0.31539493799209595,0.0009253614698536694,Light_T1
/home/lmy/iot-device-classification/dataset/light_T1/round7_jitter/light_T1_r7.pcapng,R7,63,630.2967171669006,5.713827340514399e-05,0.9981271624565125,0.0009474852704443038,0.0007882156642153859,7.996676140464842e-05,Light_T1
/home/lmy/iot-device-classification/dataset/light_T1/round7_jitter/light_T1_r7.pcapng,R7,64,640.6621403694153,0.0001821965561248362,0.9721099734306335,0.024310901761054993,0.003134331898763776,0.00026258607977069914,Light_T1
/home/lmy/iot-device-classification/dataset/light_T1/round7_jitter/light_T1_r7.pcapng,R7,65,650.1801087856293,0.000958348042331636,0.49416565895080566,0.4998403787612915,0.0039220815524458885,0.001113605685532093,Light_T1
/home/lmy/iot-device-classification/dataset/light_T1/round7_jitter/light_T1_r7.pcapng,R7,66,660.6827273368835,6.113938070484437e-06,0.999855637550354,9.34857307584025e-05,3.313704291940667e-05,1.156196685769828e-05,Light_T1
/home/lmy/iot-device-classification/dataset/light_T1/round7_jitter/light_T1_r7.pcapng,R7,67,670.6919605731964,0.0006312431069090962,0.3706760108470917,0.46626344323158264,0.16140900552272797,0.0010202793637290597,Light_T1
/home/lmy/iot-device-classification/dataset/light_T1/round7_jitter/light_T1_r7.pcapng,R7,68,680.207145690918,0.0003346604644320905,0.7894731163978577,0.20176267623901367,0.007924983277916908,0.0005045474390499294,Light_T1
/home/lmy/iot-device-classification/dataset/light_T1/round7_jitter/light_T1_r7.pcapng,R7,69,690.7126245498657,0.00019002091721631587,0.980854868888855,0.006871582940220833,0.011861701495945454,0.00022188510047271848,Light_T1
/home/lmy/iot-device-classification/dataset/light_T1/round7_jitter/light_T1_r7.pcapng,R7,70,700.72283411026,1.7642267266637646e-05,0.999483585357666,0.0003926436766050756,7.272971561178565e-05,3.3336600608890876e-05,Light_T1
/home/lmy/iot-device-classification/dataset/light_T1/round7_jitter/light_T1_r7.pcapng,R7,71,710.2343957424164,0.0004615767393261194,0.9282664060592651,0.054244015365839005,0.01674787327647209,0.0002801691589411348,Light_T1
/home/lmy/iot-device-classification/dataset/light_T1/round7_jitter/light_T1_r7.pcapng,R7,72,720.0522513389587,0.0002744175726547837,0.7242062091827393,0.0009930286323651671,0.27435818314552307,0.00016816439165268093,Light_T1
/home/lmy/iot-device-classification/dataset/light_T1/round7_jitter/light_T1_r7.pcapng,R7,73,730.7529220581055,0.0001030575149343349,0.9923779964447021,0.0060660880990326405,0.0012502570170909166,0.0002025570865953341,Light_T1
/home/lmy/iot-device-classification/dataset/light_T1/round7_jitter/light_T1_r7.pcapng,R7,74,740.3317921161652,0.0010058090556412935,0.7222954630851746,0.2714540660381317,0.004702637437731028,0.0005420735105872154,Light_T1
/home/lmy/iot-device-classification/dataset/light_T1/round7_jitter/light_T1_r7.pcapng,R7,75,750.771378993988,5.629266888718121e-05,0.0046462565660476685,0.9941114783287048,0.00108166947029531,0.00010431559348944575,Light_T1
/home/lmy/iot-device-classification/dataset/light_T1/round7_jitter/light_T1_r7.pcapng,R7,76,760.7827155590057,1.3945979844720569e-05,0.9980159997940063,0.0019283134024590254,1.3630745343107264e-05,2.8102049327571876e-05,Light_T1
/home/lmy/iot-device-classification/dataset/light_T1/round7_jitter/light_T1_r7.pcapng,R7,77,770.2977859973907,0.00031219248194247484,0.7518413066864014,0.218861386179924,0.02848866954445839,0.0004963851533830166,Light_T1
/home/lmy/iot-device-classification/dataset/light_T1/round7_jitter/light_T1_r7.pcapng,R7,78,780.802606344223,0.00046218192437663674,0.05691474676132202,0.02763737551867962,0.9145711064338684,0.00041458295891061425,Light_T1
/home/lmy/iot-device-classification/dataset/light_T1/round7_jitter/light_T1_r7.pcapng,R7,79,790.8126156330109,0.00010998342622769997,0.9975388050079346,0.001071294886060059,0.0012113815173506737,6.853661761851981e-05,Light_T1
/home/lmy/iot-device-classification/dataset/light_T1/round7_jitter/light_T1_r7.pcapng,R7,80,800.3265085220337,0.001360517111606896,0.50234454870224,0.4329189360141754,0.062482960522174835,0.0008930921321734786,Light_T1
/home/lmy/iot-device-classification/dataset/light_T1/round7_jitter/light_T1_r7.pcapng,R7,81,810.8322281837463,1.7079133613151498e-05,0.9960076808929443,0.0038524798583239317,9.317916556028649e-05,2.9605314921354875e-05,Light_T1
/home/lmy/iot-device-classification/dataset/light_T1/round7_jitter/light_T1_r7.pcapng,R7,82,820.8418576717377,2.5742991056176834e-05,0.9991909861564636,0.0004010814882349223,0.0003314659697934985,5.073489228379913e-05,Light_T1
/home/lmy/iot-device-classification/dataset/light_T1/round7_jitter/light_T1_r7.pcapng,R7,83,830.3549430370331,0.0001402431371388957,0.3111930191516876,0.6878848671913147,0.0005666426732204854,0.00021520882728509605,Light_T1
/home/lmy/iot-device-classification/dataset/light_T1/round7_jitter/light_T1_r7.pcapng,R7,84,840.862199306488,0.0002090124908136204,0.9761788249015808,0.0008054365171119571,0.022650746628642082,0.00015599990729242563,Light_T1
/home/lmy/iot-device-classification/dataset/light_T1/round7_jitter/light_T1_r7.pcapng,R7,85,850.9965329170227,0.0006429213681258261,0.9950361847877502,0.00269325845874846,0.0014574836241081357,0.00017016089987009764,Light_T1
/home/lmy/iot-device-classification/dataset/light_T1/round7_jitter/light_T1_r7.pcapng,R7,86,860.3834731578827,0.0054616183042526245,0.7534590363502502,0.2404336780309677,0.0003841678553726524,0.0002614782424643636,Light_T1
/home/lmy/iot-device-classification/dataset/light_T1/round7_jitter/light_T1_r7.pcapng,R7,87,870.891560792923,5.830054578837007e-05,0.998729407787323,0.0007652041385881603,0.00037103844806551933,7.601736433571205e-05,Light_T1
/home/lmy/iot-device-classification/dataset/light_T1/round7_jitter/light_T1_r7.pcapng,R7,88,880.9019753932953,1.4440514860325493e-05,0.9990798234939575,0.0008012400357984006,7.146088319132105e-05,3.3067972253775224e-05,Light_T1
/home/lmy/iot-device-classification/dataset/light_T1/round7_jitter/light_T1_r7.pcapng,R7,89,890.4155569076538,0.000966573366895318,0.39232099056243896,0.5973018407821655,0.009085915982723236,0.0003246614069212228,Light_T1
/home/lmy/iot-device-classification/dataset/light_T1/round7_jitter/light_T1_r7.pcapng,R7,90,900.1460356712341,0.0011456651845946908,0.2835625112056732,0.0032526468858122826,0.7116953134536743,0.00034388757194392383,Light_T1
/home/lmy/iot-device-classification/dataset/light_T1/round7_jitter/light_T1_r7.pcapng,R7,91,910.9320061206818,5.980907735647634e-05,0.9666371941566467,0.032837387174367905,0.00030544327455572784,0.0001602243137313053,Light_T1
/home/lmy/iot-device-classification/dataset/light_T1/round7_jitter/light_T1_r7.pcapng,R7,92,920.44535279274,0.0008663884364068508,0.9572667479515076,0.029990924522280693,0.011677036061882973,0.0001989073643926531,Light_T1
/home/lmy/iot-device-classification/dataset/light_T1/round7_jitter/light_T1_r7.pcapng,R7,93,930.9525468349456,0.00013843276246916503,0.9848451614379883,0.014600208029150963,0.00032360604382120073,9.252363088307902e-05,Light_T1
/home/lmy/iot-device-classification/dataset/light_T1/round7_jitter/light_T1_r7.pcapng,R7,94,940.9624571800232,8.668265218148008e-05,0.9945175051689148,0.0027584389317780733,0.0024788854643702507,0.00015848208568058908,Light_T1
/home/lmy/iot-device-classification/dataset/light_T1/round7_jitter/light_T1_r7.pcapng,R7,95,950.4533109664916,6.239271169761196e-05,0.9663931727409363,0.0325605608522892,0.0008718806784600019,0.00011195366823812947,Light_T1
/home/lmy/iot-device-classification/dataset/light_T1/round7_jitter/light_T1_r7.pcapng,R7,96,960.4484717845916,7.303927122848108e-05,0.9934345483779907,0.005622462835162878,0.0007029831176623702,0.0001669847551966086,Light_T1
/home/lmy/iot-device-classification/dataset/light_T1/round7_jitter/light_T1_r7.pcapng,R7,97,970.991350889206,0.0003356235392857343,0.21148405969142914,0.6541247963905334,0.13321980834007263,0.0008357021142728627,Light_T1
/home/lmy/iot-device-classification/dataset/light_T1/round7_jitter/light_T1_r7.pcapng,R7,98,980.4620735645294,0.00016381248133257031,0.2342413365840912,0.7576899528503418,0.007418941240757704,0.0004859768087044358,Light_T1
/home/lmy/iot-device-classification/dataset/light_T1/round7_jitter/light_T1_r7.pcapng,R7,99,990.1346423625946,0.0013283713487908244,0.9883887767791748,0.00623281579464674,0.0035840929485857487,0.00046595410094596446,Light_T1
/home/lmy/iot-device-classification/dataset/light_T1/round7_jitter/light_T1_r7.pcapng,R7,100,1000.1039853096008,0.00017439445946365595,0.4067700207233429,0.5901818871498108,0.002426966093480587,0.00044671085197478533,Light_T1
/home/lmy/iot-device-classification/dataset/light_T1/round7_jitter/light_T1_r7.pcapng,R7,101,1010.4834389686584,0.0017046616412699223,0.8163284063339233,0.04541794955730438,0.13606351613998413,0.0004854052094742656,Light_T1
/home/lmy/iot-device-classification/dataset/light_T1/round7_jitter/light_T1_r7.pcapng,R7,102,1021.0451154708862,1.9284616428194568e-05,0.9994538426399231,0.0003590928972698748,0.00012963467452209443,3.809871486737393e-05,Light_T1
/home/lmy/iot-device-classification/dataset/light_T1/round7_jitter/light_T1_r7.pcapng,R7,103,1031.0521433353424,8.713597344467416e-05,0.8945042490959167,0.007117304019629955,0.09806426614522934,0.00022707064636051655,Light_T1
/home/lmy/iot-device-classification/dataset/light_T1/round7_jitter/light_T1_r7.pcapng,R7,104,1040.1335709095,7.990666199475527e-05,0.9563037753105164,0.03699743375182152,0.006440440192818642,0.0001784561900421977,Light_T1
/home/lmy/iot-device-classification/dataset/light_T1/round7_jitter/light_T1_r7.pcapng,R7,105,1051.072004556656,1.4664177797385491e-05,0.9993757605552673,0.0005092935753054917,7.871421257732436e-05,2.154740104742814e-05,Light_T1
/home/lmy/iot-device-classification/dataset/light_T1/round7_jitter/light_T1_r7.pcapng,R7,106,1061.0818014144895,7.650696352357045e-05,0.8962511420249939,0.10270000249147415,0.000788681791163981,0.00018362223636358976,Light_T1
/home/lmy/iot-device-classification/dataset/light_T1/round7_jitter/light_T1_r7.pcapng,R7,107,1070.5313069820404,0.00021042078151367605,0.9735026359558105,0.02472071908414364,0.0013824034249410033,0.00018378203094471246,Light_T1
/home/lmy/iot-device-classification/dataset/light_T1/round7_jitter/light_T1_r7.pcapng,R7,108,1081.1010556221008,0.0003727553703356534,0.9967516660690308,0.0012375995283946395,0.0015368800377473235,0.00010116383054992184,Light_T1
/home/lmy/iot-device-classification/dataset/light_T1/round7_jitter/light_T1_r7.pcapng,R7,109,1091.1111159324646,0.00013374070113059133,0.9795622825622559,0.009298964403569698,0.010838422924280167,0.00016661388508509845,Light_T1
/home/lmy/iot-device-classification/dataset/light_T1/round7_jitter/light_T1_r7.pcapng,R7,110,1100.5421550273895,0.00011789466225309297,0.980707049369812,0.017606094479560852,0.0014658082509413362,0.00010319481225451455,Light_T1
/home/lmy/iot-device-classification/dataset/light_T1/round7_jitter/light_T1_r7.pcapng,R7,111,1110.3625268936155,2.6075767891597934e-05,0.9990994930267334,0.000592876982409507,0.00024271273287013173,3.886994090862572e-05,Light_T1
/home/lmy/iot-device-classification/dataset/light_T1/round7_jitter/light_T1_r7.pcapng,R7,112,1121.1415712833405,1.1014538358722348e-05,0.9997650980949402,0.00018766093126032501,1.9522833099472336e-05,1.6729272829252295e-05,Light_T1
/home/lmy/iot-device-classification/dataset/light_T1/round7_jitter/light_T1_r7.pcapng,R7,113,1130.552903175354,0.002328615402802825,0.9290301203727722,0.04344647005200386,0.024778317660093307,0.0004164419951848686,Light_T1
/home/lmy/iot-device-classification/dataset/light_T1/round7_jitter/light_T1_r7.pcapng,R7,114,1140.2332000732422,0.00024361550458706915,0.3419840633869171,0.6539868116378784,0.0034494446590542793,0.00033604595228098333,Light_T1
/home/lmy/iot-device-classification/dataset/light_T1/round7_jitter/light_T1_r7.pcapng,R7,115,1151.171682357788,0.00023008222342468798,0.9913254380226135,0.0015740166418254375,0.0066961320117115974,0.00017431966261938214,Light_T1
/home/lmy/iot-device-classification/dataset/light_T1/round7_jitter/light_T1_r7.pcapng,R7,116,1160.5810778141022,7.798243314027786e-05,0.9900763630867004,0.00790370348840952,0.0018585213692858815,8.344571688212454e-05,Light_T1
/home/lmy/iot-device-classification/dataset/light_T1/round7_jitter/light_T1_r7.pcapng,R7,117,1171.1927196979525,7.22945696907118e-05,0.9954155683517456,0.004352313932031393,0.00012110364332329482,3.8654558011330664e-05,Light_T1
/home/lmy/iot-device-classification/dataset/light_T1/round7_jitter/light_T1_r7.pcapng,R7,118,1180.1839439868927,0.00012568072997964919,0.9906663298606873,0.007680585142225027,0.0013317001285031438,0.00019572008750401437,Light_T1
/home/lmy/iot-device-classification/dataset/light_T1/round7_jitter/light_T1_r7.pcapng,R7,119,1190.6105785369873,0.0005738310283049941,0.22257094085216522,0.7747485041618347,0.001782172010280192,0.0003245661500841379,Light_T1
/home/lmy/iot-device-classification/dataset/light_T1/round7_jitter/light_T1_r7.pcapng,R7,120,1201.2344241142273,1.8391381672699936e-05,0.9990038275718689,0.0007112845778465271,0.00023589622287545353,3.066439239773899e-05,Light_T1
/home/lmy/iot-device-classification/dataset/light_T1/round7_jitter/light_T1_r7.pcapng,R7,121,1211.23255610466,1.3445043805404566e-05,0.9995574355125427,0.00021606752125080675,0.0001843006903072819,2.877616134355776e-05,Light_T1
/home/lmy/iot-device-classification/dataset/light_T1/round7_jitter/light_T1_r7.pcapng,R7,122,1220.6412916183472,0.00029151406488381326,0.764968991279602,0.23183417320251465,0.002727277809754014,0.00017801790090743452,Light_T1
/home/lmy/iot-device-classification/dataset/light_T1/round7_jitter/light_T1_r7.pcapng,R7,123,1231.2546496391296,0.00023155234521254897,0.8875484466552734,0.11076100915670395,0.0011730010155588388,0.000286000722553581,Light_T1
/home/lmy/iot-device-classification/dataset/light_T1/round7_jitter/light_T1_r7.pcapng,R7,124,1241.2109916210177,0.00035982998088002205,0.8390549421310425,0.02115434594452381,0.13856394588947296,0.0008669579401612282,Light_T1
/home/lmy/iot-device-classification/dataset/light_T1/round7_jitter/light_T1_r7.pcapng,R7,125,1250.134003162384,0.0011348206317052245,0.8433123230934143,0.14450915157794952,0.01046487782150507,0.0005788849084638059,Light_T1
/home/lmy/iot-device-classification/dataset/light_T1/round7_jitter/light_T1_r7.pcapng,R7,126,1260.5338444709778,1.5642272046534345e-05,0.9996787309646606,0.0001940296497195959,8.56444748933427e-05,2.5909703254001215e-05,Light_T1
/home/lmy/iot-device-classification/dataset/light_T1/round7_jitter/light_T1_r7.pcapng,R7,127,1271.292032957077,1.982584217330441e-05,0.9956856966018677,0.002373019466176629,0.0018717889906838536,4.970683221472427e-05,Light_T1
/home/lmy/iot-device-classification/dataset/light_T1/round7_jitter/light_T1_r7.pcapng,R7,128,1280.7025561332705,0.00012125843204557896,0.9602739810943604,0.03890594467520714,0.0005000038654543459,0.0001988347212318331,Light_T1
/home/lmy/iot-device-classification/dataset/light_T1/round7_jitter/light_T1_r7.pcapng,R7,129,1291.3150460720062,0.3899795413017273,0.5409691333770752,0.06127472594380379,0.007215315476059914,0.000561295950319618,Light_T1
/home/lmy/iot-device-classification/dataset/light_T1/round7_jitter/light_T1_r7.pcapng,R7,130,1300.7929785251615,0.0004525580152403563,0.9970991611480713,0.0010579824447631836,0.0013179852394387126,7.235829252749681e-05,Light_T1
/home/lmy/iot-device-classification/dataset/light_T1/round7_jitter/light_T1_r7.pcapng,R7,131,1310.4630391597748,6.794911314500496e-05,0.971325159072876,0.02831456996500492,0.00021986474166624248,7.244756852742285e-05,Light_T1
/home/lmy/iot-device-classification/dataset/light_T1/round7_jitter/light_T1_r7.pcapng,R7,132,1321.3410675525663,2.7511434382176958e-05,0.998077392578125,0.0015945800114423037,0.000221833455725573,7.866880332585424e-05,Light_T1
/home/lmy/iot-device-classification/dataset/light_T1/round7_jitter/light_T1_r7.pcapng,R7,133,1331.351615190506,8.208095096051693e-05,0.9933577179908752,0.0020669586956501007,0.0043516685254871845,0.00014157869736663997,Light_T1
/home/lmy/iot-device-classification/dataset/light_T1/round7_jitter/light_T1_r7.pcapng,R7,134,1340.051219701767,0.0002703981299418956,0.8176113963127136,0.1809232532978058,0.0007222372223623097,0.0004727377090603113,Light_T1
/home/lmy/iot-device-classification/dataset/light_T1/round7_jitter/light_T1_r7.pcapng,R7,135,1350.897925376892,0.0014462225371971726,0.27407756447792053,0.01761029101908207,0.7064335942268372,0.0004323626635596156,Light_T1
/home/lmy/iot-device-classification/dataset/light_T1/round7_jitter/light_T1_r7.pcapng,R7,136,1360.3736779689789,0.00010299114364897832,0.9981693029403687,0.0011622742749750614,0.000493175582960248,7.219141843961552e-05,Light_T1
/home/lmy/iot-device-classification/dataset/light_T1/round7_jitter/light_T1_r7.pcapng,R7,137,1370.1304304599762,0.0003554128925316036,0.8048554062843323,0.19262021780014038,0.0019258918473497033,0.0002430422609904781,Light_T1
/home/lmy/iot-device-classification/dataset/light_T1/round7_jitter/light_T1_r7.pcapng,R7,138,1381.4047260284424,0.00011857240315293893,0.9738053679466248,0.0021302455570548773,0.02373458445072174,0.00021116559219080955,Light_T1
/home/lmy/iot-device-classification/dataset/light_T1/round7_jitter/light_T1_r7.pcapng,R7,139,1391.4109315872192,3.937779638363281e-06,0.9998611211776733,0.0001150816460722126,1.0063521585834678e-05,9.822266292758286e-06,Light_T1
/home/lmy/iot-device-classification/dataset/light_T1/round7_jitter/light_T1_r7.pcapng,R7,140,1400.8392832279203,0.0011324463412165642,0.7840858101844788,0.20898735523223877,0.00533111160621047,0.00046327547170221806,Light_T1
/home/lmy/iot-device-classification/dataset/light_T1/round7_jitter/light_T1_r7.pcapng,R7,141,1411.4318280220032,2.7899197448277846e-05,0.990608811378479,0.00923700351268053,8.407050336245447e-05,4.218727917759679e-05,Light_T1
/home/lmy/iot-device-classification/dataset/light_T1/round7_jitter/light_T1_r7.pcapng,R7,142,1421.441150188446,0.00023497515940107405,0.9909797310829163,0.008236943744122982,0.00037791847717016935,0.00017045204003807157,Light_T1
/home/lmy/iot-device-classification/dataset/light_T1/round7_jitter/light_T1_r7.pcapng,R7,143,1430.851717710495,0.000361100013833493,0.4037195146083832,0.5940287709236145,0.0015230131102725863,0.0003676455526147038,Light_T1
/home/lmy/iot-device-classification/dataset/light_T1/round7_jitter/light_T1_r7.pcapng,R7,144,1441.2511003017426,9.6710436991998e-06,0.9997501969337463,0.00018739773076958954,3.3041440474335104e-05,1.9714239897439256e-05,Light_T1
/home/lmy/iot-device-classification/dataset/light_T1/round7_jitter/light_T1_r7.pcapng,R7,145,1451.4715051651,0.0005296824383549392,0.7068517804145813,0.2870977818965912,0.0051887305453419685,0.0003320633841212839,Light_T1
/home/lmy/iot-device-classification/dataset/light_T1/round7_jitter/light_T1_r7.pcapng,R7,146,1460.0417125225067,0.0003626737743616104,0.5463733077049255,0.4524064064025879,0.0005912375636398792,0.0002664098283275962,Light_T1
/home/lmy/iot-device-classification/dataset/light_T1/round7_jitter/light_T1_r7.pcapng,R7,147,1471.3110740184784,0.00042130742804147303,0.7056114077568054,0.24210309982299805,0.050977110862731934,0.0008870776509866118,Light_T1
/home/lmy/iot-device-classification/dataset/light_T1/round7_jitter/light_T1_r7.pcapng,R7,148,1480.1420805454254,0.00015570419782307,0.9370847344398499,0.028424831107258797,0.033949464559555054,0.00038531830068677664,Light_T1
/home/lmy/iot-device-classification/dataset/light_T1/round7_jitter/light_T1_r7.pcapng,R7,149,1490.9111003875732,0.0005545581225305796,0.9305081367492676,0.061551034450531006,0.007050987798720598,0.00033528314088471234,Light_T1
/home/lmy/iot-device-classification/dataset/light_T1/round7_jitter/light_T1_r7.pcapng,R7,150,1501.5219314098358,0.000618457212112844,0.8905712962150574,0.07196658104658127,0.036071162670850754,0.0007725277100689709,Light_T1
/home/lmy/iot-device-classification/dataset/light_T1/round7_jitter/light_T1_r7.pcapng,R7,151,1511.531478881836,2.2502714273286983e-05,0.9995396137237549,0.0003889129147864878,1.3444469914247748e-05,3.550909605110064e-05,Light_T1
/home/lmy/iot-device-classification/dataset/light_T1/round7_jitter/light_T1_r7.pcapng,R7,152,1520.9417757987976,0.0009172622230835259,0.9248335361480713,0.007836569100618362,0.06622815877199173,0.0001845034130383283,Light_T1
/home/lmy/iot-device-classification/dataset/light_T1/round7_jitter/light_T1_r7.pcapng,R7,153,1531.16836977005,4.810453174286522e-05,0.9281124472618103,0.07109427452087402,0.0006311633042059839,0.00011396330955903977,Light_T1
/home/lmy/iot-device-classification/dataset/light_T1/round7_jitter/light_T1_r7.pcapng,R7,154,1541.3321132659912,2.651868635439314e-05,0.9968299269676208,0.0027842132840305567,0.0003012566303368658,5.812909876112826e-05,Light_T1
/home/lmy/iot-device-classification/dataset/light_T1/round7_jitter/light_T1_r7.pcapng,R7,155,1550.318960189819,0.00028708382160402834,0.8904746770858765,0.09699486941099167,0.011979429051280022,0.0002639337908476591,Light_T1
/home/lmy/iot-device-classification/dataset/light_T1/round7_jitter/light_T1_r7.pcapng,R7,156,1560.6500267982483,0.0003611934371292591,0.7761592864990234,0.00679489690810442,0.21595455706119537,0.0007300100987777114,Light_T1
/home/lmy/iot-device-classification/dataset/light_T1/round7_jitter/light_T1_r7.pcapng,R7,157,1571.499595165253,0.00020627838966902345,0.9665014147758484,0.02210802026093006,0.011015666648745537,0.00016857849550433457,Light_T1
/home/lmy/iot-device-classification/dataset/light_T1/round7_jitter/light_T1_r7.pcapng,R7,158,1581.0016059875488,0.0005010078893974423,0.7134172916412354,0.2823728024959564,0.0030679318588227034,0.0006409473717212677,Light_T1
/home/lmy/iot-device-classification/dataset/light_T1/round7_jitter/light_T1_r7.pcapng,R7,159,1591.614247560501,5.236985089140944e-05,0.9902820587158203,0.005509747192263603,0.00406321557238698,9.25889253267087e-05,Light_T1
/home/lmy/iot-device-classification/dataset/light_T1/round7_jitter/light_T1_r7.pcapng,R7,160,1601.6219720840454,1.3467292774294037e-05,0.9998699426651001,4.981675374438055e-05,5.315325324772857e-05,1.3610106179839931e-05,Light_T1
/home/lmy/iot-device-classification/dataset/light_T1/round7_jitter/light_T1_r7.pcapng,R7,161,1610.8349633216858,0.0003827516338787973,0.9592264294624329,0.037676312029361725,0.00247275922447443,0.00024170114193111658,Light_T1
/home/lmy/iot-device-classification/dataset/light_T1/round7_jitter/light_T1_r7.pcapng,R7,162,1621.6419749259949,0.00010974206816172227,0.9974935054779053,0.0016031247796490788,0.0007308665663003922,6.282501999521628e-05,Light_T1
/home/lmy/iot-device-classification/dataset/light_T1/round7_jitter/light_T1_r7.pcapng,R7,163,1630.7749063968658,0.0001221663987962529,0.9944912195205688,0.004530610516667366,0.0007450031698681414,0.0001109775694203563,Light_T1
/home/lmy/iot-device-classification/dataset/light_T1/round7_jitter/light_T1_r7.pcapng,R7,164,1641.0617065429688,0.0001302966702496633,0.8852965235710144,0.10845136642456055,0.005881064105778933,0.00024066756304819137,Light_T1
/home/lmy/iot-device-classification/dataset/light_T1/round7_jitter/light_T1_r7.pcapng,R7,165,1651.6713485717771,0.0025410563684999943,0.6688417196273804,0.27395614981651306,0.05372484773397446,0.0009362177806906402,Light_T1
/home/lmy/iot-device-classification/dataset/light_T1/round7_jitter/light_T1_r7.pcapng,R7,166,1661.6816773414612,2.002272776735481e-05,0.9991068243980408,0.0006519611924886703,0.00017392620793543756,4.727780105895363e-05,Light_T1
/home/lmy/iot-device-classification/dataset/light_T1/round7_jitter/light_T1_r7.pcapng,R7,167,1671.0932893753052,0.0003775936784222722,0.9321274161338806,0.06491123884916306,0.0022175887133926153,0.00036618561716750264,Light_T1
/home/lmy/iot-device-classification/dataset/light_T1/round7_jitter/light_T1_r7.pcapng,R7,168,1681.7018756866455,0.0002886856091208756,0.9576343894004822,0.038930900394916534,0.0026476671919226646,0.0004983404651284218,Light_T1
/home/lmy/iot-device-classification/dataset/light_T1/round7_jitter/light_T1_r7.pcapng,R7,169,1691.7108001708984,0.0004247030592523515,0.9251917600631714,0.004911547526717186,0.06902069598436356,0.00045131176011636853,Light_T1
/home/lmy/iot-device-classification/dataset/light_T1/round7_jitter/light_T1_r7.pcapng,R7,170,1701.1210041046145,0.02277892641723156,0.6964195370674133,0.2683405578136444,0.011765132658183575,0.0006958478479646146,Light_T1
/home/lmy/iot-device-classification/dataset/light_T1/round7_jitter/light_T1_r7.pcapng,R7,171,1711.7342820167542,0.009629075415432453,0.948944628238678,0.010107711888849735,0.030510960146784782,0.0008076642989180982,Light_T1
/home/lmy/iot-device-classification/dataset/light_T1/round7_jitter/light_T1_r7.pcapng,R7,172,1721.7409083843231,2.404912629572209e-05,0.9938367009162903,0.005292385350912809,0.0007735893595963717,7.322250894503668e-05,Light_T1
/home/lmy/iot-device-classification/dataset/light_T1/round7_jitter/light_T1_r7.pcapng,R7,173,1731.150988817215,0.002194262808188796,0.647002100944519,0.29841798543930054,0.051171910017728806,0.001213757204823196,Light_T1
/home/lmy/iot-device-classification/dataset/light_T1/round7_jitter/light_T1_r7.pcapng,R7,174,1741.762929201126,0.0009875453542917967,0.8159598112106323,0.16136597096920013,0.02117840386927128,0.0005082458956167102,Light_T1
/home/lmy/iot-device-classification/dataset/light_T1/round7_jitter/light_T1_r7.pcapng,R7,175,1750.3130776882172,0.00040403648745268583,0.8296440243721008,0.01288557332009077,0.1567714810371399,0.0002948971523437649,Light_T1
/home/lmy/iot-device-classification/dataset/light_T1/round7_jitter/light_T1_r7.pcapng,R7,176,1761.1805219650269,0.00045692024286836386,0.2114335596561432,0.775979220867157,0.011530915275216103,0.0005993409431539476,Light_T1
/home/lmy/iot-device-classification/dataset/light_T1/round7_jitter/light_T1_r7.pcapng,R7,177,1770.1328392028809,5.225320273893885e-05,0.9844776391983032,0.012147670611739159,0.003201086074113846,0.00012133521522628143,Light_T1
/home/lmy/iot-device-classification/dataset/light_T1/round7_jitter/light_T1_r7.pcapng,R7,178,1780.9213781356812,0.0003826656029559672,0.998153030872345,0.0010215643560513854,0.00033758176141418517,0.00010515223402762786,Light_T1
/home/lmy/iot-device-classification/dataset/light_T1/round7_jitter/light_T1_r7.pcapng,R7,179,1791.209894180298,0.00862117763608694,0.5136744379997253,0.14138567447662354,0.33539584279060364,0.0009228282724507153,Light_T1
/home/lmy/iot-device-classification/dataset/light_T1/round7_jitter/light_T1_r7.pcapng,R7,180,1800.139376163483,0.0003669678408186883,0.10734576731920242,0.008507564663887024,0.8835132718086243,0.0002663644263520837,Light_T1
/home/lmy/iot-device-classification/dataset/light_T1/round7_jitter/light_T1_r7.pcapng,R7,181,1811.8319959640503,1.0036857929662801e-05,0.9988747239112854,0.0009993762942031026,8.874800550984219e-05,2.7149313609697856e-05,Light_T1
/home/lmy/iot-device-classification/dataset/light_T1/round7_jitter/light_T1_r7.pcapng,R7,182,1821.1165328025816,0.00014852909953333437,0.9351137280464172,0.06408528983592987,0.0004977918579243124,0.00015466308104805648,Light_T1
/home/lmy/iot-device-classification/dataset/light_T1/round7_jitter/light_T1_r7.pcapng,R7,183,1831.8525660037997,0.0049763936549425125,0.41521531343460083,0.04924950748682022,0.5285999178886414,0.0019588726572692394,Light_T1
/home/lmy/iot-device-classification/dataset/light_T1/round7_jitter/light_T1_r7.pcapng,R7,184,1840.2886881828308,7.015290066192392e-06,0.999505877494812,0.00039908746839500964,6.780379044357687e-05,2.0201770894345827e-05,Light_T1
/home/lmy/iot-device-classification/dataset/light_T1/round7_jitter/light_T1_r7.pcapng,R7,185,1850.3753983974457,0.00011195291153853759,0.901654064655304,0.09408894181251526,0.0039058506954461336,0.00023914167832117528,Light_T1
/home/lmy/iot-device-classification/dataset/light_T1/round7_jitter/light_T1_r7.pcapng,R7,186,1861.651465892792,0.013035540468990803,0.9616577625274658,0.018428657203912735,0.006381883751600981,0.0004961908562108874,Light_T1
/home/lmy/iot-device-classification/dataset/light_T1/round7_jitter/light_T1_r7.pcapng,R7,187,1871.891285419464,0.00023727075313217938,0.25479263067245483,0.7334117293357849,0.010916058905422688,0.000642324099317193,Light_T1
/home/lmy/iot-device-classification/dataset/light_T1/round7_jitter/light_T1_r7.pcapng,R7,188,1881.3008217811584,0.0002815704792737961,0.9046172499656677,0.0929531678557396,0.00187674630433321,0.00027124735061079264,Light_T1
/home/lmy/iot-device-classification/dataset/light_T1/round7_jitter/light_T1_r7.pcapng,R7,189,1891.9133973121643,0.00014860741794109344,0.972908616065979,0.004470983054488897,0.022195572033524513,0.00027616118313744664,Light_T1
/home/lmy/iot-device-classification/dataset/light_T1/round7_jitter/light_T1_r7.pcapng,R7,190,1901.9215631484983,8.925349538912997e-05,0.9963616728782654,0.0031795937102288008,0.00030958009301684797,5.992699152557179e-05,Light_T1
/home/lmy/iot-device-classification/dataset/light_T1/round7_jitter/light_T1_r7.pcapng,R7,191,1911.331839799881,0.00035364404902793467,0.8804677724838257,0.10350164026021957,0.015300985425710678,0.00037602405063807964,Light_T1
/home/lmy/iot-device-classification/dataset/light_T1/round7_jitter/light_T1_r7.pcapng,R7,192,1921.941453456879,1.0827781807165593e-05,0.9985610842704773,0.0013688866747543216,3.502030449453741e-05,2.4239541744464077e-05,Light_T1
/home/lmy/iot-device-classification/dataset/light_T1/round7_jitter/light_T1_r7.pcapng,R7,193,1930.292994737625,2.7447107640909962e-05,0.9992796778678894,0.00040908806840889156,0.00022767140762880445,5.617576971417293e-05,Light_T1
/home/lmy/iot-device-classification/dataset/light_T1/round7_jitter/light_T1_r7.pcapng,R7,194,1941.3594815731049,0.0005212542018853128,0.802842378616333,0.14064918458461761,0.05538489669561386,0.0006022296729497612,Light_T1
/home/lmy/iot-device-classification/dataset/light_T1/round7_jitter/light_T1_r7.pcapng,R7,195,1951.0799548625944,0.0011904892744496465,0.9617803692817688,0.0304908137768507,0.005969531834125519,0.0005688485689461231,Light_T1
/home/lmy/iot-device-classification/dataset/light_T1/round7_jitter/light_T1_r7.pcapng,R7,196,1960.910320043564,0.0003815121890511364,0.7929304838180542,0.19591210782527924,0.010246251709759235,0.0005296777235344052,Light_T1
/home/lmy/iot-device-classification/dataset/light_T1/round7_jitter/light_T1_r7.pcapng,R7,197,1971.389075994492,0.0005479007959365845,0.8987964391708374,0.0999695360660553,0.0004620339022949338,0.00022414998966269195,Light_T1
/home/lmy/iot-device-classification/dataset/light_T1/round7_jitter/light_T1_r7.pcapng,R7,198,1982.00177693367,0.0004204641154501587,0.6163638234138489,0.026235537603497505,0.35666877031326294,0.0003114125574938953,Light_T1
/home/lmy/iot-device-classification/dataset/light_T1/round7_jitter/light_T1_r7.pcapng,R7,199,1990.327522993088,1.761564453772735e-05,0.997379720211029,0.00227142870426178,0.0002810786245390773,5.0156228098785505e-05,Light_T1
/home/lmy/iot-device-classification/dataset/light_T1/round7_jitter/light_T1_r7.pcapng,R7,200,2001.4189949035645,0.006251737009733915,0.08260349929332733,0.873551070690155,0.0370376855134964,0.0005559980636462569,Light_T1
/home/lmy/iot-device-classification/dataset/light_T1/round7_jitter/light_T1_r7.pcapng,R7,201,2011.414700269699,0.0005000012461096048,0.9646803140640259,0.02175827883183956,0.012421388179063797,0.000640016223769635,Light_T1
/home/lmy/iot-device-classification/dataset/light_T1/round7_jitter/light_T1_r7.pcapng,R7,202,2021.811549663544,2.7850741389556788e-05,0.9985622763633728,0.001205484732054174,0.00014606877812184393,5.8299017837271094e-05,Light_T1
/home/lmy/iot-device-classification/dataset/light_T1/round7_jitter/light_T1_r7.pcapng,R7,203,2031.4546880722048,0.00023022707318887115,0.9772509932518005,0.02181427739560604,0.0006009014905430377,0.00010361285967519507,Light_T1
/home/lmy/iot-device-classification/dataset/light_T1/round7_jitter/light_T1_r7.pcapng,R7,204,2041.407897233963,0.40831637382507324,0.56430584192276,0.006130940280854702,0.020723259076476097,0.0005235553253442049,Light_T1
/home/lmy/iot-device-classification/dataset/light_T1/round7_jitter/light_T1_r7.pcapng,R7,205,2050.7905299663544,0.00025151477893814445,0.8634936809539795,0.13164597749710083,0.004227007273584604,0.0003817721444647759,Light_T1
/home/lmy/iot-device-classification/dataset/light_T1/round7_jitter/light_T1_r7.pcapng,R7,206,2060.408437728882,0.0010839680908247828,0.9256399869918823,0.009591860696673393,0.06347953528165817,0.00020460662199184299,Light_T1
/home/lmy/iot-device-classification/dataset/light_T1/round7_jitter/light_T1_r7.pcapng,R7,207,2070.8087301254272,6.46273201709846e-06,0.9998099207878113,0.00010745026520453393,6.111475522629917e-05,1.513214192527812e-05,Light_T1
/home/lmy/iot-device-classification/dataset/light_T1/round7_jitter/light_T1_r7.pcapng,R7,208,2081.8973314762115,0.0001306070334976539,0.9718645215034485,0.026601547375321388,0.0012515122070908546,0.00015179243928287178,Light_T1
/home/lmy/iot-device-classification/dataset/light_T1/round7_jitter/light_T1_r7.pcapng,R7,209,2091.0450987815857,0.004448337946087122,0.5969477891921997,0.15913814306259155,0.23825141787528992,0.001214287825860083,Light_T1
/home/lmy/iot-device-classification/dataset/light_T1/round7_jitter/light_T1_r7.pcapng,R7,210,2102.123174905777,7.258032383106183e-06,0.9994269609451294,0.0004867374082095921,6.186708196764812e-05,1.7226759155164473e-05,Light_T1
/home/lmy/iot-device-classification/dataset/light_T1/round7_jitter/light_T1_r7.pcapng,R7,211,2111.318715810776,1.7525208022561856e-05,0.9997164607048035,0.0001877756731119007,5.1492654165485874e-05,2.6754294594866224e-05,Light_T1
/home/lmy/iot-device-classification/dataset/light_T1/round7_jitter/light_T1_r7.pcapng,R7,212,2121.1656625270844,0.0008229608065448701,0.41738688945770264,0.5535725355148315,0.02777188830077648,0.00044567781151272357,Light_T1
/home/lmy/iot-device-classification/dataset/light_T1/round7_jitter/light_T1_r7.pcapng,R7,213,2132.052539587021,0.0003140165063086897,0.9927042722702026,0.0015111437533050776,0.005270352121442556,0.00020028768631163985,Light_T1
/home/lmy/iot-device-classification/dataset/light_T1/round7_jitter/light_T1_r7.pcapng,R7,214,2142.164718389511,0.00013516450417228043,0.9834356904029846,0.016099775210022926,0.00025964269298128784,6.973868585191667e-05,Light_T1
/home/lmy/iot-device-classification/dataset/light_T1/round7_jitter/light_T1_r7.pcapng,R7,215,2151.515965700149,0.0003484213084448129,0.7398112416267395,0.2575877904891968,0.001662190887145698,0.0005903581622987986,Light_T1
/home/lmy/iot-device-classification/dataset/light_T1/round7_jitter/light_T1_r7.pcapng,R7,216,2162.185357570648,0.00013414760178420693,0.7731505632400513,0.22502459585666656,0.0015087317442521453,0.00018197450845036656,Light_T1
/home/lmy/iot-device-classification/dataset/light_T1/round7_jitter/light_T1_r7.pcapng,R7,217,2170.039938926697,0.0003281411773059517,0.30289947986602783,0.05073466897010803,0.6456607580184937,0.0003768988826777786,Light_T1
/home/lmy/iot-device-classification/dataset/light_T1/round7_jitter/light_T1_r7.pcapng,R7,218,2181.53782582283,0.0047227926552295685,0.48348042368888855,0.19500428438186646,0.3154030442237854,0.0013894388685002923,Light_T1
/home/lmy/iot-device-classification/dataset/light_T1/round7_jitter/light_T1_r7.pcapng,R7,219,2192.2152338027954,1.3734914318774827e-05,0.9997172951698303,0.0001799614547053352,7.442301284754649e-05,1.4571769497706555e-05,Light_T1
/home/lmy/iot-device-classification/dataset/light_T1/round7_jitter/light_T1_r7.pcapng,R7,220,2202.22540807724,1.181301922770217e-05,0.9996371269226074,0.0002780418435577303,4.5840846723876894e-05,2.7170293833478354e-05,Light_T1
/home/lmy/iot-device-classification/dataset/light_T1/round7_jitter/light_T1_r7.pcapng,R7,221,2211.5478155612946,6.79176882840693e-05,0.9909646511077881,0.006015309132635593,0.0028660499956458807,8.605881157563999e-05,Light_T1
/home/lmy/iot-device-classification/dataset/light_T1/round7_jitter/light_T1_r7.pcapng,R7,222,2222.245011329651,0.0002709729305934161,0.9886322617530823,0.009812520816922188,0.001012106309644878,0.0002721611817833036,Light_T1
/home/lmy/iot-device-classification/dataset/light_T1/round7_jitter/light_T1_r7.pcapng,R7,223,2232.256227016449,0.0010872537968680263,0.4126695394515991,0.4235580265522003,0.16156698763370514,0.001118173822760582,Light_T1
/home/lmy/iot-device-classification/dataset/light_T1/round7_jitter/light_T1_r7.pcapng,R7,224,2240.2155487537384,0.00020485447021201253,0.9359568953514099,0.04942002892494202,0.014200888574123383,0.000217358028749004,Light_T1
/home/lmy/iot-device-classification/dataset/light_T1/round7_jitter/light_T1_r7.pcapng,R7,225,2252.276609182358,0.00036833586636930704,0.2968323826789856,0.6983010768890381,0.003994482569396496,0.000503666466102004,Light_T1
/home/lmy/iot-device-classification/dataset/light_T1/round7_jitter/light_T1_r7.pcapng,R7,226,2262.290052652359,8.155213436111808e-06,0.9993640780448914,0.0005945228040218353,1.8223910956294276e-05,1.5032282135507558e-05,Light_T1
/home/lmy/iot-device-classification/dataset/light_T1/round7_jitter/light_T1_r7.pcapng,R7,227,2271.58651471138,0.0023404641542583704,0.7840481996536255,0.19775192439556122,0.015023459680378437,0.0008359428029507399,Light_T1
/home/lmy/iot-device-classification/dataset/light_T1/round7_jitter/light_T1_r7.pcapng,R7,228,2281.18994307518,3.477990685496479e-05,0.9981526732444763,0.001507677254267037,0.00024121880414895713,6.363258580677211e-05,Light_T1
/home/lmy/iot-device-classification/dataset/light_T1/round7_jitter/light_T1_r7.pcapng,R7,229,2292.327207326889,7.206697046058252e-05,0.9782413244247437,0.004235492087900639,0.017289888113737106,0.0001612682535778731,Light_T1
/home/lmy/iot-device-classification/dataset/light_T1/round7_jitter/light_T1_r7.pcapng,R7,230,2301.618135929108,0.00013710402708966285,0.9449958205223083,0.054244473576545715,0.0004558018990792334,0.00016677628445904702,Light_T1
/home/lmy/iot-device-classification/dataset/light_T1/round7_jitter/light_T1_r7.pcapng,R7,231,2312.338059902191,0.00585566321387887,0.8924674987792969,0.0891183391213417,0.011367972008883953,0.0011904939310625196,Light_T1
/home/lmy/iot-device-classification/dataset/light_T1/round7_jitter/light_T1_r7.pcapng,R7,232,2322.3476860523224,0.00024457788094878197,0.7899428009986877,0.08886661380529404,0.12042305618524551,0.0005229402449913323,Light_T1
/home/lmy/iot-device-classification/dataset/light_T1/round7_jitter/light_T1_r7.pcapng,R7,233,2331.6504747867584,0.0011088032042607665,0.7503214478492737,0.24661923944950104,0.0016518676420673728,0.00029868786805309355,Light_T1
/home/lmy/iot-device-classification/dataset/light_T1/round7_jitter/light_T1_r7.pcapng,R7,234,2340.202649116516,0.0004299409338273108,0.018139656633138657,0.003777277423068881,0.9775379300117493,0.0001152222030214034,Light_T1
/home/lmy/iot-device-classification/dataset/light_T1/round7_jitter/light_T1_r7.pcapng,R7,235,2350.433868408203,3.6096127587370574e-05,0.9959677457809448,0.002933584386482835,0.001011448330245912,5.1155395340174437e-05,Light_T1
/home/lmy/iot-device-classification/dataset/light_T1/round7_jitter/light_T1_r7.pcapng,R7,236,2361.682160615921,0.0006700290832668543,0.6437057256698608,0.19772131741046906,0.15740099549293518,0.0005019415402784944,Light_T1
/home/lmy/iot-device-classification/dataset/light_T1/round7_jitter/light_T1_r7.pcapng,R7,237,2372.4000000953674,0.00010667597234714776,0.20916028320789337,0.7800043225288391,0.010505307465791702,0.00022337064729072154,Light_T1
/home/lmy/iot-device-classification/dataset/light_T1/round7_jitter/light_T1_r7.pcapng,R7,238,2380.404685974121,0.0020431969314813614,0.12358979880809784,0.06245160847902298,0.8111576437950134,0.0007577642682008445,Light_T1
/home/lmy/iot-device-classification/dataset/light_T1/round7_jitter/light_T1_r7.pcapng,R7,239,2391.709128856659,0.00024102562747430056,0.8608561754226685,0.13845358788967133,0.00024810832110233605,0.00020112130732741207,Light_T1
/home/lmy/iot-device-classification/dataset/light_T1/round7_jitter/light_T1_r7.pcapng,R7,240,2401.883453130722,0.00013656399096362293,0.9535785913467407,0.042813871055841446,0.003239239798858762,0.00023173117369879037,Light_T1
/home/lmy/iot-device-classification/dataset/light_T1/round7_jitter/light_T1_r7.pcapng,R7,241,2412.570580482483,6.746560393366963e-05,0.9972035884857178,0.001332850893959403,0.0012700007064267993,0.00012613768922165036,Light_T1
/home/lmy/iot-device-classification/dataset/light_T1/round7_jitter/light_T1_r7.pcapng,R7,242,2421.746192455292,0.0002934635558631271,0.8437898755073547,0.1465049535036087,0.008711941540241241,0.0006997294840402901,Light_T1
/home/lmy/iot-device-classification/dataset/light_T1/round7_jitter/light_T1_r7.pcapng,R7,243,2432.4592461586,1.2917779713461641e-05,0.9997603297233582,0.00014304400247056037,6.855103856651112e-05,1.5156638255575672e-05,Light_T1
/home/lmy/iot-device-classification/dataset/light_T1/round7_jitter/light_T1_r7.pcapng,R7,244,2442.470390319824,0.0001855903974501416,0.5984305739402771,0.3990628719329834,0.0020400406792759895,0.00028092245338484645,Light_T1
/home/lmy/iot-device-classification/dataset/light_T1/round7_jitter/light_T1_r7.pcapng,R7,245,2451.770430088043,0.0027216600719839334,0.3123328983783722,0.6527068018913269,0.03135855868458748,0.0008801072835922241,Light_T1
/home/lmy/iot-device-classification/dataset/light_T1/round7_jitter/light_T1_r7.pcapng,R7,246,2462.4906816482544,0.0016290214844048023,0.8426219820976257,0.012459964491426945,0.14172381162643433,0.0015652213478460908,Light_T1
/home/lmy/iot-device-classification/dataset/light_T1/round7_jitter/light_T1_r7.pcapng,R7,247,2470.354235649109,0.00011981041461694986,0.9628609418869019,0.033698394894599915,0.0031690006144344807,0.0001518896606285125,Light_T1
/home/lmy/iot-device-classification/dataset/light_T1/round7_jitter/light_T1_r7.pcapng,R7,248,2481.8009679317474,0.001448634546250105,0.8794116973876953,0.05121840536594391,0.06722765415906906,0.0006936420104466379,Light_T1
/home/lmy/iot-device-classification/dataset/light_T1/round7_jitter/light_T1_r7.pcapng,R7,249,2492.014252185821,0.034128282219171524,0.8447396159172058,0.05946963652968407,0.06031248718500137,0.0013499594060704112,Light_T1
/home/lmy/iot-device-classification/dataset/light_T1/round7_jitter/light_T1_r7.pcapng,R7,250,2502.530893564224,9.325287464889698e-06,0.9997541308403015,0.00015489514044020325,5.8127243391936645e-05,2.3473390683648176e-05,Light_T1
/home/lmy/iot-device-classification/dataset/light_T1/round7_jitter/light_T1_r7.pcapng,R7,251,2510.608151197433,0.00029355857986956835,0.5615735054016113,0.42067036032676697,0.01689489372074604,0.000567653973121196,Light_T1
/home/lmy/iot-device-classification/dataset/light_T1/round7_jitter/light_T1_r7.pcapng,R7,252,2522.550871372223,1.7257641957257874e-05,0.999373733997345,0.00023963599232956767,0.0003377154062036425,3.162711072945967e-05,Light_T1
/home/lmy/iot-device-classification/dataset/light_T1/round7_jitter/light_T1_r7.pcapng,R7,253,2532.5616648197174,1.1946230188186746e-05,0.9960079193115234,0.0038972957991063595,5.235524440649897e-05,3.0512635930790566e-05,Light_T1
/home/lmy/iot-device-classification/dataset/light_T1/round7_jitter/light_T1_r7.pcapng,R7,254,2541.861287355423,0.5976372361183167,0.33591949939727783,0.06234663724899292,0.0036597619764506817,0.0004368699446786195,Light_T1
/home/lmy/iot-device-classification/dataset/light_T1/round7_jitter/light_T1_r7.pcapng,R7,255,2552.5889739990234,0.00011350939894327894,0.05763106048107147,0.9414183497428894,0.0006217783084139228,0.00021530358935706317,Light_T1
/home/lmy/iot-device-classification/dataset/light_T1/round7_jitter/light_T1_r7.pcapng,R7,256,2562.5917630195618,8.321989298565313e-06,0.9998724460601807,7.996316708158702e-05,2.6009429348050617e-05,1.3244658475741744e-05,Light_T1
/home/lmy/iot-device-classification/dataset/light_T1/round7_jitter/light_T1_r7.pcapng,R7,257,2570.960899353028,0.0013456991873681545,0.8466874957084656,0.11972007900476456,0.031449902802705765,0.0007967964047566056,Light_T1
/home/lmy/iot-device-classification/dataset/light_T1/round7_jitter/light_T1_r7.pcapng,R7,258,2581.3400225639343,3.2135172659764066e-05,0.9979161620140076,0.001692569931037724,0.00033542749588377774,2.3669874281040393e-05,Light_T1
/home/lmy/iot-device-classification/dataset/light_T1/round7_jitter/light_T1_r7.pcapng,R7,259,2592.6219687461853,0.0008325185044668615,0.9980019927024841,0.0005055826622992754,0.0006101984181441367,4.976002310286276e-05,Light_T1
/home/lmy/iot-device-classification/dataset/light_T1/round7_jitter/light_T1_r7.pcapng,R7,260,2601.9227480888367,0.000372960144886747,0.7089825868606567,0.27827802300453186,0.011667015962302685,0.000699447060469538,Light_T1
/home/lmy/iot-device-classification/dataset/light_T1/round7_jitter/light_T1_r7.pcapng,R7,261,2612.642518520355,0.0006759504904039204,0.10036418586969376,0.00851336121559143,0.8902174234390259,0.00022901417105458677,Light_T1
/home/lmy/iot-device-classification/dataset/light_T1/round7_jitter/light_T1_r7.pcapng,R7,262,2621.305330991745,6.097713048802689e-05,0.9733995199203491,0.001167938346043229,0.02521183155477047,0.00015973654808476567,Light_T1
/home/lmy/iot-device-classification/dataset/light_T1/round7_jitter/light_T1_r7.pcapng,R7,263,2631.9537048339844,0.0005809828289784491,0.06679034978151321,0.9243167638778687,0.007993437349796295,0.0003185235837008804,Light_T1
/home/lmy/iot-device-classification/dataset/light_T1/round7_jitter/light_T1_r7.pcapng,R7,264,2641.6256155967712,0.026812369003891945,0.32695892453193665,0.06064539775252342,0.5846211910247803,0.0009621080243960023,Light_T1
/home/lmy/iot-device-classification/dataset/light_T1/round7_jitter/light_T1_r7.pcapng,R7,265,2652.0597994327545,8.893715857993811e-05,0.9970498085021973,0.0013571978779509664,0.0014043977716937661,9.957289148587734e-05,Light_T1
/home/lmy/iot-device-classification/dataset/light_T1/round7_jitter/light_T1_r7.pcapng,R7,266,2661.9705352783203,0.0020891386084258556,0.7065338492393494,0.2800452709197998,0.01064978539943695,0.0006819155532866716,Light_T1
/home/lmy/iot-device-classification/dataset/light_T1/round7_jitter/light_T1_r7.pcapng,R7,267,2670.609644174576,2.580044383648783e-05,0.9853576421737671,0.014231749810278416,0.00032772973645478487,5.702627095161006e-05,Light_T1
/home/lmy/iot-device-classification/dataset/light_T1/round7_jitter/light_T1_r7.pcapng,R7,268,2682.712612390518,7.856357115088031e-05,0.9971625208854675,0.0025942735373973846,6.158273754408583e-05,0.00010305282921763137,Light_T1
/home/lmy/iot-device-classification/dataset/light_T1/round7_jitter/light_T1_r7.pcapng,R7,269,2692.0054943561554,0.0010459843324497342,0.9255590438842773,0.046601951122283936,0.02639695070683956,0.00039605752681382,Light_T1
/home/lmy/iot-device-classification/dataset/light_T1/round7_jitter/light_T1_r7.pcapng,R7,270,2701.9063789844517,3.896336056641303e-05,0.9972366094589233,0.0021267025731503963,0.0004975950578227639,0.00010011988342739642,Light_T1
/home/lmy/iot-device-classification/dataset/light_T1/round7_jitter/light_T1_r7.pcapng,R7,271,2711.818016052246,0.00011876607459271327,0.9916996955871582,0.006357569247484207,0.0016377335414290428,0.00018631537386681885,Light_T1
/home/lmy/iot-device-classification/dataset/light_T1/round7_jitter/light_T1_r7.pcapng,R7,272,2721.9064857959747,0.0007847789092920721,0.5963202118873596,0.23320674896240234,0.16861140727996826,0.0010768689680844545,Light_T1
/home/lmy/iot-device-classification/dataset/light_T1/round7_jitter/light_T1_r7.pcapng,R7,273,2731.112493753433,0.00026342508499510586,0.9261494874954224,0.06945726275444031,0.0035464982502162457,0.0005833465838804841,Light_T1
/home/lmy/iot-device-classification/dataset/light_T1/round7_jitter/light_T1_r7.pcapng,R7,274,2741.010013103485,4.246041498845443e-05,0.9854387044906616,0.014248552732169628,0.00020383954688441008,6.648178532486781e-05,Light_T1
/home/lmy/iot-device-classification/dataset/light_T1/round7_jitter/light_T1_r7.pcapng,R7,275,2750.000774860382,0.00033549650106579065,0.9468106627464294,0.05094442889094353,0.0015308191068470478,0.0003786474699154496,Light_T1
/home/lmy/iot-device-classification/dataset/light_T1/round7_jitter/light_T1_r7.pcapng,R7,276,2762.7940526008606,0.0008561815484426916,0.01775258593261242,0.0039178612641990185,0.9773337244987488,0.0001396364241372794,Light_T1
/home/lmy/iot-device-classification/dataset/light_T1/round7_jitter/light_T1_r7.pcapng,R7,277,2770.217101335525,0.0003436547704041004,0.40740859508514404,0.3373376429080963,0.2542693018913269,0.0006408171029761434,Light_T1
/home/lmy/iot-device-classification/dataset/light_T1/round7_jitter/light_T1_r7.pcapng,R7,278,2781.429712533951,0.0019914903677999973,0.9150344133377075,0.05869855359196663,0.023652568459510803,0.0006229794234968722,Light_T1
/home/lmy/iot-device-classification/dataset/light_T1/round7_jitter/light_T1_r7.pcapng,R7,279,2790.906337738037,0.0003477127174846828,0.8005813956260681,0.17967931926250458,0.01885884255170822,0.0005327140097506344,Light_T1
/home/lmy/iot-device-classification/dataset/light_T1/round7_jitter/light_T1_r7.pcapng,R7,280,2802.834617614746,0.0002548366610426456,0.9951549768447876,0.001143484958447516,0.0033314223401248455,0.00011532245844136924,Light_T1
/home/lmy/iot-device-classification/dataset/light_T1/round7_jitter/light_T1_r7.pcapng,R7,281,2810.006782054901,0.00018872371583711356,0.6740250587463379,0.3243037462234497,0.0012073232792317867,0.0002751376887317747,Light_T1
/home/lmy/iot-device-classification/dataset/light_T1/round7_jitter/light_T1_r7.pcapng,R7,282,2822.8543343544006,0.0019316879333928227,0.1379779577255249,0.5038638710975647,0.35479384660720825,0.0014326645759865642,Light_T1
/home/lmy/iot-device-classification/dataset/light_T1/round7_jitter/light_T1_r7.pcapng,R7,283,2830.610071182251,1.3686933016288094e-05,0.9983287453651428,0.0015661774668842554,6.38868150417693e-05,2.744898483797442e-05,Light_T1
/home/lmy/iot-device-classification/dataset/light_T1/round7_jitter/light_T1_r7.pcapng,R7,284,2841.219186782837,9.427037730347365e-05,0.955975353717804,0.04250852018594742,0.0012876185355708003,0.000134226429508999,Light_T1
/home/lmy/iot-device-classification/dataset/light_T1/round7_jitter/light_T1_r7.pcapng,R7,285,2852.884829759598,0.00014147849287837744,0.9922325611114502,0.006640304811298847,0.0007932021399028599,0.00019242046982981265,Light_T1
/home/lmy/iot-device-classification/dataset/light_T1/round7_jitter/light_T1_r7.pcapng,R7,286,2862.894641160965,2.4505243345629424e-05,0.9926803112030029,0.007208250463008881,3.8287293136818334e-05,4.867912866757251e-05,Light_T1
/home/lmy/iot-device-classification/dataset/light_T1/round7_jitter/light_T1_r7.pcapng,R7,287,2872.084818840027,0.0003153295547235757,0.8360172510147095,0.1631367802619934,0.000205736025236547,0.0003248945577070117,Light_T1
/home/lmy/iot-device-classification/dataset/light_T1/round7_jitter/light_T1_r7.pcapng,R7,288,2882.9161920547485,0.02238716371357441,0.6855741739273071,0.07225959002971649,0.2171604037284851,0.002618688391521573,Light_T1
/home/lmy/iot-device-classification/dataset/light_T1/round7_jitter/light_T1_r7.pcapng,R7,289,2891.897722005844,0.00037920911563560367,0.9906328916549683,0.00448361923918128,0.004362550098448992,0.00014178376295603812,Light_T1
/home/lmy/iot-device-classification/dataset/light_T1/round7_jitter/light_T1_r7.pcapng,R7,290,2902.115476131439,0.0003103142371401191,0.29173213243484497,0.6755014061927795,0.03201396390795708,0.00044219987466931343,Light_T1
/home/lmy/iot-device-classification/dataset/light_T1/round7_jitter/light_T1_r7.pcapng,R7,291,2912.0623297691345,9.384899749420583e-05,0.9809905290603638,0.017584476619958878,0.0011186104966327548,0.00021249150449875742,Light_T1
/home/lmy/iot-device-classification/dataset/light_T1/round7_jitter/light_T1_r7.pcapng,R7,292,2922.462781190872,1.1182971320522483e-05,0.999778687953949,0.00011470138997538015,7.609876047354192e-05,1.937423621711787e-05,Light_T1
/home/lmy/iot-device-classification/dataset/light_T1/round7_jitter/light_T1_r7.pcapng,R7,293,2932.152722120285,0.00019030117255169898,0.7902534008026123,0.15722359716892242,0.05185520276427269,0.00047752479440532625,Light_T1
/home/lmy/iot-device-classification/dataset/light_T1/round7_jitter/light_T1_r7.pcapng,R7,294,2940.219515562057,0.0008538512047380209,0.8728915452957153,0.12354731559753418,0.0023120224941521883,0.000395304145058617,Light_T1
/home/lmy/iot-device-classification/dataset/light_T1/round7_jitter/light_T1_r7.pcapng,R7,295,2952.9859783649445,2.2046298909117468e-05,0.9976782202720642,0.0021141995675861835,0.00013767667405772954,4.793416883330792e-05,Light_T1
/home/lmy/iot-device-classification/dataset/light_T1/round7_jitter/light_T1_r7.pcapng,R7,296,2961.982995033264,0.000193699641386047,0.9172719717025757,0.08013951778411865,0.002116143237799406,0.0002786791301332414,Light_T1
/home/lmy/iot-device-classification/dataset/light_T1/round7_jitter/light_T1_r7.pcapng,R7,297,2973.00563621521,0.003945776727050543,0.06317400187253952,0.015114865265786648,0.9173987507820129,0.0003665897238533944,Light_T1
/home/lmy/iot-device-classification/dataset/light_T1/round7_jitter/light_T1_r7.pcapng,R7,298,2980.4572455883026,7.212863420136273e-05,0.9898582100868225,0.007829186506569386,0.0020569327753037214,0.00018351731705479324,Light_T1
/home/lmy/iot-device-classification/dataset/light_T1/round7_jitter/light_T1_r7.pcapng,R7,299,2992.206439256668,0.0015867877518758178,0.11193335056304932,0.659803569316864,0.2261303961277008,0.0005459287203848362,Light_T1
/home/lmy/iot-device-classification/dataset/light_T1/round7_jitter/light_T1_r7.pcapng,R7,300,3001.5022809505463,6.29577916697599e-05,0.9973315000534058,0.0011514079524204135,0.001325440127402544,0.00012869002239312977,Light_T1
/home/lmy/iot-device-classification/dataset/light_T1/round7_jitter/light_T1_r7.pcapng,R7,301,3011.902312517166,5.4456249927170575e-05,0.9911562204360962,0.007653343956917524,0.0009916832204908133,0.00014427439600694925,Light_T1
/home/lmy/iot-device-classification/dataset/light_T1/round7_jitter/light_T1_r7.pcapng,R7,302,3022.2369871139526,0.0012667190749198198,0.9154388904571533,0.025631524622440338,0.057272717356681824,0.0003901784075424075,Light_T1
/home/lmy/iot-device-classification/dataset/light_T1/round7_jitter/light_T1_r7.pcapng,R7,303,3030.406560659409,6.394933734554797e-05,0.9236287474632263,0.07597709447145462,0.00021881406428292394,0.00011135681415908039,Light_T1
/home/lmy/iot-device-classification/dataset/light_T1/round7_jitter/light_T1_r7.pcapng,R7,304,3043.077863931656,1.3803679394186474e-05,0.9989832043647766,0.0008893083431757987,8.54830868775025e-05,2.81517186522251e-05,Light_T1
/home/lmy/iot-device-classification/dataset/light_T1/round7_jitter/light_T1_r7.pcapng,R7,305,3052.267305135727,0.0036733876913785934,0.8511942625045776,0.03827253729104996,0.10618949681520462,0.0006703261751681566,Light_T1
/home/lmy/iot-device-classification/dataset/light_T1/round7_jitter/light_T1_r7.pcapng,R7,306,3061.988599061966,0.0005284202634356916,0.963650107383728,0.0344541072845459,0.0011501400731503963,0.00021720516087953,Light_T1
/home/lmy/iot-device-classification/dataset/light_T1/round7_jitter/light_T1_r7.pcapng,R7,307,3070.1438109874725,8.79005528986454e-05,0.9756782054901123,0.021256979554891586,0.0027443107683211565,0.00023265853815246373,Light_T1
/home/lmy/iot-device-classification/dataset/light_T1/round7_jitter/light_T1_r7.pcapng,R7,308,3082.29789018631,0.0015371831832453609,0.919209361076355,0.07431067526340485,0.004609972704201937,0.00033285917015746236,Light_T1
/home/lmy/iot-device-classification/dataset/light_T1/round7_jitter/light_T1_r7.pcapng,R7,309,3093.1264073848724,0.00019613125186879188,0.8403142690658569,0.15830077230930328,0.000923079380299896,0.0002656749857123941,Light_T1
/home/lmy/iot-device-classification/dataset/light_T1/round7_jitter/light_T1_r7.pcapng,R7,310,3103.1375172138214,2.4040798962232657e-05,0.9983431100845337,0.0005709329852834344,0.0010021504713222384,5.9781334130093455e-05,Light_T1
/home/lmy/iot-device-classification/dataset/light_T1/round7_jitter/light_T1_r7.pcapng,R7,311,3112.3352620601654,0.00019735201203729957,0.8943805694580078,0.10133755952119827,0.003916397225111723,0.0001681123540038243,Light_T1
/home/lmy/iot-device-classification/dataset/light_T1/round7_jitter/light_T1_r7.pcapng,R7,312,3122.453399181366,0.0003576785384211689,0.3740086853504181,0.052459411323070526,0.5726665258407593,0.0005077481037005782,Light_T1
/home/lmy/iot-device-classification/dataset/light_T1/round7_jitter/light_T1_r7.pcapng,R7,313,3130.438165187836,8.17681648186408e-05,0.9930021166801453,0.0063046738505363464,0.00047479066415689886,0.0001365853240713477,Light_T1
/home/lmy/iot-device-classification/dataset/light_T1/round7_jitter/light_T1_r7.pcapng,R7,314,3140.8640863895416,0.00013576990750152618,0.632021963596344,0.36389732360839844,0.0037171202711760998,0.0002278122992720455,Light_T1
/home/lmy/iot-device-classification/dataset/light_T1/round7_jitter/light_T1_r7.pcapng,R7,315,3151.264271736145,0.0005317612085491419,0.325954407453537,0.6510536074638367,0.021497607231140137,0.0009626339306123555,Light_T1
/home/lmy/iot-device-classification/dataset/light_T1/round7_jitter/light_T1_r7.pcapng,R7,316,3161.673598766327,2.572089397290256e-05,0.9928207993507385,0.006897153332829475,0.00017554426449351013,8.081834675977007e-05,Light_T1
/home/lmy/iot-device-classification/dataset/light_T1/round7_jitter/light_T1_r7.pcapng,R7,317,3172.39218378067,0.00018000412092078477,0.14940236508846283,0.8486591577529907,0.0015771130565553904,0.00018135398568119854,Light_T1
/home/lmy/iot-device-classification/dataset/light_T1/round7_jitter/light_T1_r7.pcapng,R7,318,3181.026341199875,0.0005914417561143637,0.6127894520759583,0.36544257402420044,0.020150575786828995,0.0010259859263896942,Light_T1
/home/lmy/iot-device-classification/dataset/light_T1/round7_jitter/light_T1_r7.pcapng,R7,319,3192.8633685112,4.168893792666495e-05,0.9996652603149414,0.00016627284639980644,0.0001048269696184434,2.1976111383992247e-05,Light_T1
/home/lmy/iot-device-classification/dataset/light_T1/round7_jitter/light_T1_r7.pcapng,R7,320,3202.423271179199,0.0002940239501185715,0.9528934955596924,0.016186239197850227,0.030386783182621002,0.00023944544955156744,Light_T1
/home/lmy/iot-device-classification/dataset/light_T1/round7_jitter/light_T1_r7.pcapng,R7,321,3213.012936115265,4.966892083757557e-05,0.9994206428527832,0.00044879683991894126,5.537238757824525e-05,2.5567735065123998e-05,Light_T1
/home/lmy/iot-device-classification/dataset/light_T1/round7_jitter/light_T1_r7.pcapng,R7,322,3223.25765824318,0.0009231088915839791,0.6552340388298035,0.00509185204282403,0.3385235369205475,0.00022749422350898385,Light_T1
/home/lmy/iot-device-classification/dataset/light_T1/round7_jitter/light_T1_r7.pcapng,R7,323,3230.202794075012,6.447431951528415e-05,0.9242252111434937,0.07542587071657181,0.00016509737179148942,0.00011935942893614992,Light_T1
/home/lmy/iot-device-classification/dataset/light_T1/round7_jitter/light_T1_r7.pcapng,R7,324,3241.737018585205,0.0002582935558166355,0.8489826321601868,0.14389972388744354,0.006452922243624926,0.00040646770503371954,Light_T1
/home/lmy/iot-device-classification/dataset/light_T1/round7_jitter/light_T1_r7.pcapng,R7,325,3253.2885966300964,8.77013080753386e-05,0.9973056316375732,0.0017063961131498218,0.0008223401964642107,7.79567490098998e-05,Light_T1
/home/lmy/iot-device-classification/dataset/light_T1/round7_jitter/light_T1_r7.pcapng,R7,326,3260.2567439079285,0.0005421619862318039,0.6171346306800842,0.37794631719589233,0.0037342591676861048,0.0006426100735552609,Light_T1
/home/lmy/iot-device-classification/dataset/light_T1/round7_jitter/light_T1_r7.pcapng,R7,327,3271.3266983032227,0.0016344384057447314,0.5216606855392456,0.42006781697273254,0.05538793280720711,0.0012491231318563223,Light_T1
/home/lmy/iot-device-classification/dataset/light_T1/round7_jitter/light_T1_r7.pcapng,R7,328,3283.3186321258545,5.691447586286813e-05,0.9958043694496155,0.002123566111549735,0.001929800258949399,8.535218512406573e-05,Light_T1
/home/lmy/iot-device-classification/dataset/light_T1/round7_jitter/light_T1_r7.pcapng,R7,329,3290.203528404236,0.0004427458334248513,0.845915675163269,0.15178266167640686,0.0015007638139650226,0.00035816352465189993,Light_T1
/home/lmy/iot-device-classification/dataset/light_T1/round7_jitter/light_T1_r7.pcapng,R7,330,3303.338825941086,0.00020551797933876514,0.9677239060401917,0.025104304775595665,0.006619315594434738,0.00034695648355409503,Light_T1
/home/lmy/iot-device-classification/dataset/light_T1/round7_jitter/light_T1_r7.pcapng,R7,331,3313.099189758301,0.00024234375450760126,0.9469308853149414,0.012090282514691353,0.0404520221054554,0.0002844732953235507,Light_T1
/home/lmy/iot-device-classification/dataset/light_T1/round7_jitter/light_T1_r7.pcapng,R7,332,3322.539790391922,0.0004342902102507651,0.7694279551506042,0.07289498299360275,0.15684686601161957,0.00039594006375409663,Light_T1
/home/lmy/iot-device-classification/dataset/light_T1/round7_jitter/light_T1_r7.pcapng,R7,333,3333.3680589199066,0.0011774672893807292,0.08891385048627853,0.04471316561102867,0.8641989231109619,0.0009965739445760846,Light_T1
/home/lmy/iot-device-classification/dataset/light_T1/round7_jitter/light_T1_r7.pcapng,R7,334,3341.9291400909424,0.0001663697330513969,0.9977754950523376,0.0011817723279818892,0.0007868916145525873,8.942968997871503e-05,Light_T1
/home/lmy/iot-device-classification/dataset/light_T1/round7_jitter/light_T1_r7.pcapng,R7,335,3350.06854057312,0.012927232310175896,0.11705347895622253,0.8604514002799988,0.008835060521960258,0.0007327774656005204,Light_T1
/home/lmy/iot-device-classification/dataset/light_T1/round7_jitter/light_T1_r7.pcapng,R7,336,3360.090609550476,3.837408803519793e-05,0.9991809725761414,0.00031598389614373446,0.0004255500389263034,3.9144084439612925e-05,Light_T1
/home/lmy/iot-device-classification/dataset/light_T1/round7_jitter/light_T1_r7.pcapng,R7,337,3371.139667272568,0.0003513386764097959,0.3928627073764801,0.5645095109939575,0.041586507111787796,0.0006899020518176258,Light_T1
/home/lmy/iot-device-classification/dataset/light_T1/round7_jitter/light_T1_r7.pcapng,R7,338,3380.065118074417,0.0012625997187569737,0.6149381399154663,0.16920392215251923,0.21377146244049072,0.0008239146554842591,Light_T1
/home/lmy/iot-device-classification/dataset/light_T1/round7_jitter/light_T1_r7.pcapng,R7,339,3390.4642112255096,0.0002740726340562105,0.9873251914978027,0.006357414182275534,0.0057464283891022205,0.00029688686481676996,Light_T1
/home/lmy/iot-device-classification/dataset/light_T1/round7_jitter/light_T1_r7.pcapng,R7,340,3401.3388924598694,2.5232808184227906e-05,0.9995734095573425,0.00016114958270918578,0.0002129112690454349,2.7238218535785563e-05,Light_T1
/home/lmy/iot-device-classification/dataset/light_T1/round7_jitter/light_T1_r7.pcapng,R7,341,3411.2640209198,0.00027356771170161664,0.16096661984920502,0.8241008520126343,0.014274194836616516,0.00038474827306345105,Light_T1
/home/lmy/iot-device-classification/dataset/light_T1/round7_jitter/light_T1_r7.pcapng,R7,342,3420.5344281196594,0.00015668482228647918,0.9978908896446228,0.0006569383549503982,0.0012224162928760052,7.310088403755799e-05,Light_T1
/home/lmy/iot-device-classification/dataset/light_T1/round7_jitter/light_T1_r7.pcapng,R7,343,3432.064275741577,0.0002172651729779318,0.9637288451194763,0.030578002333641052,0.005116138607263565,0.000359767465852201,Light_T1
/home/lmy/iot-device-classification/dataset/light_T1/round7_jitter/light_T1_r7.pcapng,R7,344,3442.661157608032,0.001446714741177857,0.15721473097801208,0.5116803646087646,0.32919254899024963,0.0004656696692109108,Light_T1
/home/lmy/iot-device-classification/dataset/light_T1/round7_jitter/light_T1_r7.pcapng,R7,345,3452.8649673461914,7.669170736335218e-05,0.974140465259552,0.024592924863100052,0.0010222713463008404,0.0001676038809819147,Light_T1
/home/lmy/iot-device-classification/dataset/light_T1/round7_jitter/light_T1_r7.pcapng,R7,346,3463.4997520446777,6.11248760833405e-05,0.9928552508354187,0.0009370577172376215,0.0060457708314061165,0.00010079893399961293,Light_T1
/home/lmy/iot-device-classification/dataset/light_T1/round7_jitter/light_T1_r7.pcapng,R7,347,3470.0628700256348,0.0009756388608366251,0.8744874000549316,0.09805004298686981,0.025966890156269073,0.0005199738079681993,Light_T1
/home/lmy/iot-device-classification/dataset/light_T1/round7_jitter/light_T1_r7.pcapng,R7,348,3480.940294981003,0.0003220434591639787,0.6885514855384827,0.30911576747894287,0.001823745435103774,0.00018696037295740098,Light_T1
/home/lmy/iot-device-classification/dataset/light_T1/round7_jitter/light_T1_r7.pcapng,R7,349,3492.9878854751587,2.8581898732227273e-05,0.9988802075386047,0.0009238179191015661,0.0001295433467021212,3.7800280551891774e-05,Light_T1
/home/lmy/iot-device-classification/dataset/light_T1/round7_jitter/light_T1_r7.pcapng,R7,350,3500.704662799835,0.00031548249535262585,0.9620123505592346,0.036600206047296524,0.0007974832551553845,0.0002745108213275671,Light_T1
/home/lmy/iot-device-classification/dataset/light_T1/round7_jitter/light_T1_r7.pcapng,R7,351,3511.1697561740875,4.062389780301601e-05,0.9993197917938232,0.0005351455183699727,7.398192974505946e-05,3.0491599318338558e-05,Light_T1
/home/lmy/iot-device-classification/dataset/light_T1/round7_jitter/light_T1_r7.pcapng,R7,352,3523.564852952957,0.00011519905820023268,0.9703992009162903,0.0281972736120224,0.0009923982433974743,0.0002959345583803952,Light_T1
/home/lmy/iot-device-classification/dataset/light_T1/round7_jitter/light_T1_r7.pcapng,R7,353,3532.747908115387,0.47021713852882385,0.4184127151966095,0.10194453597068787,0.008994534611701965,0.00043111396371386945,Light_T1
/home/lmy/iot-device-classification/dataset/light_T1/round7_jitter/light_T1_r7.pcapng,R7,354,3540.099851369858,6.488220242317766e-05,0.006152556277811527,0.016661325469613075,0.9769816994667053,0.00013960250362288207,Light_T1
/home/lmy/iot-device-classification/dataset/light_T1/round7_jitter/light_T1_r7.pcapng,R7,355,3550.624530315399,2.152240449504461e-05,0.9995766282081604,0.00023730716202408075,0.00012702937237918377,3.7564172089332715e-05,Light_T1
/home/lmy/iot-device-classification/dataset/light_T1/round7_jitter/light_T1_r7.pcapng,R7,356,3562.778313398361,0.0003515352145768702,0.7455960512161255,0.24842526018619537,0.0050390721298754215,0.0005880648386664689,Light_T1
/home/lmy/iot-device-classification/dataset/light_T1/round7_jitter/light_T1_r7.pcapng,R7,357,3573.505152463913,0.0005968186305835843,0.9248377680778503,0.010405808687210083,0.06377909332513809,0.00038053246680647135,Light_T1
/home/lmy/iot-device-classification/dataset/light_T1/round7_jitter/light_T1_r7.pcapng,R7,358,3583.6195356845856,0.0015133274719119072,0.12433382123708725,0.4713873267173767,0.4012216627597809,0.001543833059258759,Light_T1
/home/lmy/iot-device-classification/dataset/light_T1/round7_jitter/light_T1_r7.pcapng,R7,359,3590.144530773163,0.00045604901970364153,0.35076239705085754,0.6395023465156555,0.008498327806591988,0.0007809146773070097,Light_T1
/home/lmy/iot-device-classification/dataset/light_T1/round7_jitter/light_T1_r7.pcapng,R7,360,3603.640193223953,7.84401436249027e-06,0.9997343420982361,0.00020277360454201698,3.751413896679878e-05,1.7572365322848782e-05,Light_T1
/home/lmy/iot-device-classification/dataset/light_T1/round7_jitter/light_T1_r7.pcapng,R7,361,3613.024835348129,6.721972022205591e-05,0.30470117926597595,0.6942206025123596,0.0008316247840411961,0.00017932095215655863,Light_T1
/home/lmy/iot-device-classification/dataset/light_T1/round7_jitter/light_T1_r7.pcapng,R7,362,3622.839778423309,0.0012174078729003668,0.6264806389808655,0.34570199251174927,0.026230264455080032,0.0003697442589327693,Light_T1
/home/lmy/iot-device-classification/dataset/light_T1/round7_jitter/light_T1_r7.pcapng,R7,364,3640.065420627594,1.29079608086613e-05,0.9993739724159241,0.0004961308441124856,9.420005517313257e-05,2.2796653865952976e-05,Light_T1
/home/lmy/iot-device-classification/dataset/light_T1/round7_jitter/light_T1_r7.pcapng,R7,365,3652.8691713809967,0.00036813868791796267,0.6045269966125488,0.36077621579170227,0.03360869362950325,0.0007199946558102965,Light_T1
/home/lmy/iot-device-classification/dataset/light_T1/round7_jitter/light_T1_r7.pcapng,R7,366,3662.9443657398224,0.00012797465024050325,0.7974649667739868,0.19930288195610046,0.0028555416502058506,0.00024868035688996315,Light_T1
/home/lmy/iot-device-classification/dataset/light_T1/round7_jitter/light_T1_r7.pcapng,R7,367,3673.044420957565,0.0002519245899748057,0.9702931046485901,0.022229045629501343,0.006983911618590355,0.0002419934025965631,Light_T1
/home/lmy/iot-device-classification/dataset/light_T1/round7_jitter/light_T1_r7.pcapng,R7,368,3682.897210597992,0.003171953372657299,0.7252058982849121,0.1337352991104126,0.1364963948726654,0.00139047228731215,Light_T1
/home/lmy/iot-device-classification/dataset/light_T1/round7_jitter/light_T1_r7.pcapng,R7,369,3691.415246963501,1.0445536645420361e-05,0.9996985197067261,0.0002169365470763296,5.122889342601411e-05,2.2863287085783668e-05,Light_T1
/home/lmy/iot-device-classification/dataset/light_T1/round7_jitter/light_T1_r7.pcapng,R7,370,3703.741213798523,0.0009022424346767366,0.20442482829093933,0.06360694766044617,0.7303095459938049,0.0007564435945823789,Light_T1
/home/lmy/iot-device-classification/dataset/light_T1/round7_jitter/light_T1_r7.pcapng,R7,371,3711.370851993561,0.0013849460519850254,0.11116260290145874,0.4757886528968811,0.4109881520271301,0.0006756176589988172,Light_T1
/home/lmy/iot-device-classification/dataset/light_T1/round7_jitter/light_T1_r7.pcapng,R7,372,3721.184399604797,0.0004341658786870539,0.6055652499198914,0.0029262059833854437,0.39065438508987427,0.0004200503753963858,Light_T1
/home/lmy/iot-device-classification/dataset/light_T1/round7_jitter/light_T1_r7.pcapng,R7,373,3731.5851504802704,0.00018805185391101986,0.625765323638916,0.3725470006465912,0.0010373879922553897,0.00046226195991039276,Light_T1
/home/lmy/iot-device-classification/dataset/light_T1/round7_jitter/light_T1_r7.pcapng,R7,374,3742.959617376328,0.0007700090645812452,0.15229709446430206,0.6202504634857178,0.22604942321777344,0.000633021118119359,Light_T1
/home/lmy/iot-device-classification/dataset/light_T1/round7_jitter/light_T1_r7.pcapng,R7,375,3752.395429372788,0.0009625005768612027,0.24304260313510895,0.6872141361236572,0.06817403435707092,0.0006067446083761752,Light_T1
/home/lmy/iot-device-classification/dataset/light_T1/round7_jitter/light_T1_r7.pcapng,R7,376,3763.801520586014,3.894937617587857e-05,0.9883082509040833,0.001497309422120452,0.01009058766067028,6.494129775092006e-05,Light_T1
/home/lmy/iot-device-classification/dataset/light_T1/round7_jitter/light_T1_r7.pcapng,R7,377,3772.9863069057465,0.001470519113354385,0.1462855190038681,0.13841931521892548,0.7130340337753296,0.0007906024693511426,Light_T1
/home/lmy/iot-device-classification/dataset/light_T1/round7_jitter/light_T1_r7.pcapng,R7,378,3781.506972789765,1.8673032172955573e-05,0.999562680721283,0.00036556937266141176,3.335711153340526e-05,1.9676659576362e-05,Light_T1
/home/lmy/iot-device-classification/dataset/light_T1/round7_jitter/light_T1_r7.pcapng,R7,379,3791.0068411827087,0.0002901169646065682,0.8111855983734131,0.164304718375206,0.02365192584693432,0.0005676462315022945,Light_T1
/home/lmy/iot-device-classification/dataset/light_T1/round7_jitter/light_T1_r7.pcapng,R7,380,3802.871140956879,0.0006957146688364446,0.6532796621322632,0.3114716112613678,0.03415907919406891,0.00039396563079208136,Light_T1
/home/lmy/iot-device-classification/dataset/light_T1/round7_jitter/light_T1_r7.pcapng,R7,381,3812.705004453659,0.00010623950947774574,0.9803619384765625,0.005183030851185322,0.014132445678114891,0.0002163946337532252,Light_T1
/home/lmy/iot-device-classification/dataset/light_T1/round7_jitter/light_T1_r7.pcapng,R7,382,3823.8614389896393,4.206562152830884e-05,0.9976289868354797,0.0014393605524674058,0.0008076425292529166,8.202577737392858e-05,Light_T1
/home/lmy/iot-device-classification/dataset/light_T1/round7_jitter/light_T1_r7.pcapng,R7,383,3830.054748773575,0.0007044522208161652,0.4003855288028717,0.5977249145507812,0.0008608173811808228,0.0003242764505557716,Light_T1
/home/lmy/iot-device-classification/dataset/light_T1/round7_jitter/light_T1_r7.pcapng,R7,384,3841.8252272605896,0.000398493924876675,0.9555116891860962,0.037445683032274246,0.006306475959718227,0.00033765260013751686,Light_T1
/home/lmy/iot-device-classification/dataset/light_T1/round7_jitter/light_T1_r7.pcapng,R7,385,3853.891993522644,4.85683158331085e-05,0.9993982315063477,0.00041341714677400887,0.00011286712106084451,2.6897561838268302e-05,Light_T1
/home/lmy/iot-device-classification/dataset/light_T1/round7_jitter/light_T1_r7.pcapng,R7,386,3862.624990940094,0.0007214245852082968,0.8842275142669678,0.10374139249324799,0.010740351863205433,0.0005692734266631305,Light_T1
/home/lmy/iot-device-classification/dataset/light_T1/round7_jitter/light_T1_r7.pcapng,R7,387,3873.91134762764,0.00011603010352700949,0.9978830218315125,0.0004713901143986732,0.001479721744544804,4.984770203009248e-05,Light_T1
/home/lmy/iot-device-classification/dataset/light_T1/round7_jitter/light_T1_r7.pcapng,R7,388,3880.455504417419,2.0465076886466704e-05,0.9912478923797607,0.008601484820246696,8.848559082252905e-05,4.160947719356045e-05,Light_T1
/home/lmy/iot-device-classification/dataset/light_T1/round7_jitter/light_T1_r7.pcapng,R7,389,3893.109542131424,0.0007593663176521659,0.6639476418495178,0.33173149824142456,0.003184013767167926,0.0003774709184654057,Light_T1
/home/lmy/iot-device-classification/dataset/light_T1/round7_jitter/light_T1_r7.pcapng,R7,391,3910.4649896621695,0.00013154812040738761,0.9908887147903442,0.0065938737243413925,0.0022256914526224136,0.00016024672368075699,Light_T1
/home/lmy/iot-device-classification/dataset/light_T1/round7_jitter/light_T1_r7.pcapng,R7,392,3920.866108179093,0.000282013468677178,0.1899217665195465,0.8035135269165039,0.005912584252655506,0.00037007645005360246,Light_T1
/home/lmy/iot-device-classification/dataset/light_T1/round7_jitter/light_T1_r7.pcapng,R7,393,3931.3860895633698,0.0006572045385837555,0.9675887227058411,0.03005107119679451,0.0015008639311417937,0.00020217924611642957,Light_T1
/home/lmy/iot-device-classification/dataset/light_T1/round7_jitter/light_T1_r7.pcapng,R7,394,3940.841245889664,7.486210051865783e-06,0.9998916387557983,7.146243297029287e-05,1.7113143258029595e-05,1.2306636563153006e-05,Light_T1
/home/lmy/iot-device-classification/dataset/light_T1/round7_jitter/light_T1_r7.pcapng,R7,395,3950.147482872009,0.00016164797125384212,0.031682614237070084,0.034158412367105484,0.9339154362678528,8.184462785720825e-05,Light_T1
/home/lmy/iot-device-classification/dataset/light_T1/round7_jitter/light_T1_r7.pcapng,R7,396,3960.3862268924713,3.524343264871277e-05,0.9955283999443054,0.00394031498581171,0.00040460529271513224,9.149614197667688e-05,Light_T1
/home/lmy/iot-device-classification/dataset/light_T1/round7_jitter/light_T1_r7.pcapng,R7,397,3970.784943580627,0.0002673903072718531,0.9100760817527771,0.04352562502026558,0.04569452628493309,0.0004363597254268825,Light_T1
/home/lmy/iot-device-classification/dataset/light_xm/round7_jitter/light_xm_r7.pcapng,R7,0,0.0,1.763945329003036e-05,0.0018978611333295703,0.9876798391342163,0.010377422906458378,2.721883538470138e-05,Light_XM
/home/lmy/iot-device-classification/dataset/light_xm/round7_jitter/light_xm_r7.pcapng,R7,1,10.042297124862673,0.0006159591139294207,0.2980862855911255,0.6296026706695557,0.07076497375965118,0.000930114823859185,Light_XM
/home/lmy/iot-device-classification/dataset/light_xm/round7_jitter/light_xm_r7.pcapng,R7,2,20.09182929992676,2.0749468603753485e-05,0.004271537996828556,0.9955729246139526,0.00010563892283244058,2.9180626370362006e-05,Light_XM
/home/lmy/iot-device-classification/dataset/light_xm/round7_jitter/light_xm_r7.pcapng,R7,3,31.577131509780884,9.115678403759375e-05,0.038776956498622894,0.9569792151451111,0.004025635775178671,0.000127075458294712,Light_XM
/home/lmy/iot-device-classification/dataset/light_xm/round7_jitter/light_xm_r7.pcapng,R7,4,43.25295758247376,0.00021330270101316273,0.08077380061149597,0.9168333411216736,0.0019275184022262692,0.00025205450947396457,Light_XM
/home/lmy/iot-device-classification/dataset/light_xm/round7_jitter/light_xm_r7.pcapng,R7,5,52.43865990638733,1.5096980860107578e-05,0.002216462278738618,0.9974181652069092,0.0003163334622513503,3.3917320251930505e-05,Light_XM
/home/lmy/iot-device-classification/dataset/light_xm/round7_jitter/light_xm_r7.pcapng,R7,6,64.9299852848053,4.209946564515121e-05,0.003302290802821517,0.9959030747413635,0.0006884278263896704,6.414212839445099e-05,Light_XM
/home/lmy/iot-device-classification/dataset/light_xm/round7_jitter/light_xm_r7.pcapng,R7,7,74.94629764556885,0.0022434608545154333,0.1773158758878708,0.3962038457393646,0.4225922226905823,0.0016445661894977093,Light_XM
/home/lmy/iot-device-classification/dataset/light_xm/round7_jitter/light_xm_r7.pcapng,R7,8,81.48753881454468,0.0071893190033733845,0.008535480126738548,0.9662549495697021,0.017448334023356438,0.000571907265111804,Light_XM
/home/lmy/iot-device-classification/dataset/light_xm/round7_jitter/light_xm_r7.pcapng,R7,9,90.20500230789185,0.01172523945569992,0.3146149218082428,0.5058140158653259,0.16534195840358734,0.002503890311345458,Light_XM
/home/lmy/iot-device-classification/dataset/light_xm/round7_jitter/light_xm_r7.pcapng,R7,10,100.67150163650513,0.14100079238414764,0.45308294892311096,0.39034411311149597,0.013579314574599266,0.001992854755371809,Light_XM
/home/lmy/iot-device-classification/dataset/light_xm/round7_jitter/light_xm_r7.pcapng,R7,11,110.38594627380373,0.004086656030267477,0.015933653339743614,0.9609158635139465,0.01877613179385662,0.00028767259209416807,Light_XM
/home/lmy/iot-device-classification/dataset/light_xm/round7_jitter/light_xm_r7.pcapng,R7,12,123.59085392951964,2.558050437073689e-05,0.005984554532915354,0.9934334754943848,0.0005063730059191585,5.003879050491378e-05,Light_XM
/home/lmy/iot-device-classification/dataset/light_xm/round7_jitter/light_xm_r7.pcapng,R7,13,135.00528168678284,0.0004984377883374691,0.03460092842578888,0.1310577541589737,0.833469033241272,0.00037391530349850655,Light_XM
/home/lmy/iot-device-classification/dataset/light_xm/round7_jitter/light_xm_r7.pcapng,R7,14,142.8530957698822,0.00013398057490121573,0.8707041144371033,0.0013470945414155722,0.12763099372386932,0.00018385086150374264,Light_XM
/home/lmy/iot-device-classification/dataset/light_xm/round7_jitter/light_xm_r7.pcapng,R7,15,150.5251543521881,5.9693669754778966e-05,0.0025685119908303022,0.9949169158935547,0.0023506509605795145,0.0001042266158037819,Light_XM
/home/lmy/iot-device-classification/dataset/light_xm/round7_jitter/light_xm_r7.pcapng,R7,16,160.3491930961609,0.00031702558044344187,0.8717689514160156,0.028843345120549202,0.09872368723154068,0.00034703416167758405,Light_XM
/home/lmy/iot-device-classification/dataset/light_xm/round7_jitter/light_xm_r7.pcapng,R7,17,172.08290004730225,0.0002046861918643117,0.6481176018714905,0.34948667883872986,0.0018934846157208085,0.0002975430979859084,Light_XM
/home/lmy/iot-device-classification/dataset/light_xm/round7_jitter/light_xm_r7.pcapng,R7,18,183.42739629745483,3.854333044728264e-05,0.007427027449011803,0.9864148497581482,0.006047033704817295,7.248852489283308e-05,Light_XM
/home/lmy/iot-device-classification/dataset/light_xm/round7_jitter/light_xm_r7.pcapng,R7,19,191.74843072891235,0.0005111732170917094,0.5560874938964844,0.38263168931007385,0.060021474957466125,0.0007481736247427762,Light_XM
/home/lmy/iot-device-classification/dataset/light_xm/round7_jitter/light_xm_r7.pcapng,R7,20,200.46811199188232,1.589154635439627e-05,0.0011321728816255927,0.9986975193023682,0.00014085932343732566,1.3528150702768471e-05,Light_XM
/home/lmy/iot-device-classification/dataset/light_xm/round7_jitter/light_xm_r7.pcapng,R7,21,210.59130024909973,0.0007306042825803161,0.002078684512525797,0.9965019226074219,0.0006619174382649362,2.6896454073721543e-05,Light_XM
/home/lmy/iot-device-classification/dataset/light_xm/round7_jitter/light_xm_r7.pcapng,R7,22,225.0981152057648,0.0002821063972078264,0.010171615518629551,0.010611849837005138,0.9788222908973694,0.0001120744927902706,Light_XM
/home/lmy/iot-device-classification/dataset/light_xm/round7_jitter/light_xm_r7.pcapng,R7,23,230.069628238678,2.7803407647297718e-05,0.011084410361945629,0.9884954690933228,0.00035642911097966135,3.5922890674555674e-05,Light_XM
/home/lmy/iot-device-classification/dataset/light_xm/round7_jitter/light_xm_r7.pcapng,R7,24,240.5612108707428,9.893570677377284e-06,0.0015344660496339202,0.9984133243560791,2.2244999854592606e-05,2.0099847461096942e-05,Light_XM
/home/lmy/iot-device-classification/dataset/light_xm/round7_jitter/light_xm_r7.pcapng,R7,25,250.38892650604248,0.00022249112953431904,0.36742541193962097,0.007987490855157375,0.6241189241409302,0.00024567224318161607,Light_XM
/home/lmy/iot-device-classification/dataset/light_xm/round7_jitter/light_xm_r7.pcapng,R7,26,262.5926940441132,1.1011077731382102e-05,0.00033076389809139073,0.9994603991508484,0.0001904733944684267,7.321861176023958e-06,Light_XM
/home/lmy/iot-device-classification/dataset/light_xm/round7_jitter/light_xm_r7.pcapng,R7,27,271.9505615234375,0.0008237428264692426,0.03997329995036125,0.927412748336792,0.03103027306497097,0.0007599211530759931,Light_XM
/home/lmy/iot-device-classification/dataset/light_xm/round7_jitter/light_xm_r7.pcapng,R7,28,285.1581268310547,0.0003280850069131702,0.10008419305086136,0.8485692143440247,0.05060943216085434,0.0004090754664503038,Light_XM
/home/lmy/iot-device-classification/dataset/light_xm/round7_jitter/light_xm_r7.pcapng,R7,29,295.17804193496704,0.0006452629459090531,0.009623132646083832,0.04552743583917618,0.943860650062561,0.0003434939426369965,Light_XM
/home/lmy/iot-device-classification/dataset/light_xm/round7_jitter/light_xm_r7.pcapng,R7,30,300.82302832603455,0.00041361022158525884,0.023768175393342972,0.9511140584945679,0.024597497656941414,0.00010672479402273893,Light_XM
/home/lmy/iot-device-classification/dataset/light_xm/round7_jitter/light_xm_r7.pcapng,R7,31,315.19280672073364,0.0003916001587640494,0.0479302741587162,0.2667190134525299,0.684696614742279,0.0002624727494549006,Light_XM
/home/lmy/iot-device-classification/dataset/light_xm/round7_jitter/light_xm_r7.pcapng,R7,32,324.86748147010803,1.895007699204143e-05,0.0010839378228411078,0.9963393211364746,0.002516066888347268,4.168740633758716e-05,Light_XM
/home/lmy/iot-device-classification/dataset/light_xm/round7_jitter/light_xm_r7.pcapng,R7,33,335.21928191185,1.1963780707446858e-05,0.0008317687315866351,0.9983962178230286,0.0007420062320306897,1.8081263988278806e-05,Light_XM
/home/lmy/iot-device-classification/dataset/light_xm/round7_jitter/light_xm_r7.pcapng,R7,34,342.13462591171265,0.00041888284613378346,0.08100179582834244,0.6816293001174927,0.23650553822517395,0.00044446770334616303,Light_XM
/home/lmy/iot-device-classification/dataset/light_xm/round7_jitter/light_xm_r7.pcapng,R7,35,353.6085700988769,0.001851061824709177,0.029839444905519485,0.12431840598583221,0.8437163829803467,0.00027475086972117424,Light_XM
/home/lmy/iot-device-classification/dataset/light_xm/round7_jitter/light_xm_r7.pcapng,R7,36,360.21322560310364,1.114511633204529e-05,0.0031198791693896055,0.9958129525184631,0.001027552643790841,2.840803972503636e-05,Light_XM
/home/lmy/iot-device-classification/dataset/light_xm/round7_jitter/light_xm_r7.pcapng,R7,37,370.2966961860657,0.0008995635434985161,0.4831279218196869,0.5015466213226318,0.013866950757801533,0.0005589934880845249,Light_XM
/home/lmy/iot-device-classification/dataset/light_xm/round7_jitter/light_xm_r7.pcapng,R7,38,383.1076157093048,1.0751946319942363e-05,0.0007704332820139825,0.9979785084724426,0.0012190233683213592,2.131894143531099e-05,Light_XM
/home/lmy/iot-device-classification/dataset/light_xm/round7_jitter/light_xm_r7.pcapng,R7,39,393.4237232208252,6.735377246513963e-05,0.0047434293664991856,0.9935854077339172,0.0015158489113673568,8.791611617198214e-05,Light_XM
/home/lmy/iot-device-classification/dataset/light_xm/round7_jitter/light_xm_r7.pcapng,R7,40,405.2518975734711,0.0003900368174072355,0.0226536113768816,0.7160772681236267,0.26046398282051086,0.00041513601900078356,Light_XM
/home/lmy/iot-device-classification/dataset/light_xm/round7_jitter/light_xm_r7.pcapng,R7,41,410.4901571273804,3.8681351725244895e-05,0.0034730201587080956,0.9886140823364258,0.007790053728967905,8.421859092777595e-05,Light_XM
/home/lmy/iot-device-classification/dataset/light_xm/round7_jitter/light_xm_r7.pcapng,R7,42,421.61762285232544,2.884676359826699e-05,0.003824211424216628,0.9922836422920227,0.003824198618531227,3.916161949746311e-05,Light_XM
/home/lmy/iot-device-classification/dataset/light_xm/round7_jitter/light_xm_r7.pcapng,R7,43,433.0287380218506,0.0004084123356733471,0.37723028659820557,0.34496694803237915,0.2763088047504425,0.0010856044245883822,Light_XM
/home/lmy/iot-device-classification/dataset/light_xm/round7_jitter/light_xm_r7.pcapng,R7,44,443.6086781024933,0.0007057102047838271,0.0025307233445346355,0.9604924917221069,0.03618817403912544,8.29081836855039e-05,Light_XM
/home/lmy/iot-device-classification/dataset/light_xm/round7_jitter/light_xm_r7.pcapng,R7,45,450.1012256145477,0.00023375728051178157,0.023937109857797623,0.967092752456665,0.008382930420339108,0.0003534468123689294,Light_XM
/home/lmy/iot-device-classification/dataset/light_xm/round7_jitter/light_xm_r7.pcapng,R7,46,465.3085751533508,0.0012581741902977228,0.0072112432681024075,0.0046734740026295185,0.9866674542427063,0.00018970362725667655,Light_XM
/home/lmy/iot-device-classification/dataset/light_xm/round7_jitter/light_xm_r7.pcapng,R7,47,470.86254143714905,3.2825770176714286e-05,0.010013767518103123,0.9896023869514465,0.00029437727062031627,5.6626286095706746e-05,Light_XM
/home/lmy/iot-device-classification/dataset/light_xm/round7_jitter/light_xm_r7.pcapng,R7,48,482.946307182312,0.0003147847601212561,0.6064196825027466,0.18326571583747864,0.20932023227214813,0.0006795892841182649,Light_XM
/home/lmy/iot-device-classification/dataset/light_xm/round7_jitter/light_xm_r7.pcapng,R7,49,490.3882868289948,0.0004321204614825547,0.4493192732334137,0.5395300388336182,0.009985671378672123,0.0007328938809223473,Light_XM
/home/lmy/iot-device-classification/dataset/light_xm/round7_jitter/light_xm_r7.pcapng,R7,50,501.01048851013184,3.091425242018886e-05,0.004236448556184769,0.9933686852455139,0.0022984284441918135,6.554016727022827e-05,Light_XM
/home/lmy/iot-device-classification/dataset/light_xm/round7_jitter/light_xm_r7.pcapng,R7,51,513.5751559734344,0.00021570862736552954,0.029930846765637398,0.04137697070837021,0.9282150268554688,0.0002614334225654602,Light_XM
/home/lmy/iot-device-classification/dataset/light_xm/round7_jitter/light_xm_r7.pcapng,R7,52,522.461799621582,0.00012198718468425795,0.08956317603588104,0.7032499313354492,0.2067076712846756,0.0003571707638911903,Light_XM
/home/lmy/iot-device-classification/dataset/light_xm/round7_jitter/light_xm_r7.pcapng,R7,53,533.6006619930267,5.4724179790355265e-05,0.004962970037013292,0.9945207834243774,0.00042858225060626864,3.287516301497817e-05,Light_XM
/home/lmy/iot-device-classification/dataset/light_xm/round7_jitter/light_xm_r7.pcapng,R7,54,545.3401780128479,0.001095274230465293,0.8300354480743408,0.15511004626750946,0.012938085943460464,0.0008211600361391902,Light_XM
/home/lmy/iot-device-classification/dataset/light_xm/round7_jitter/light_xm_r7.pcapng,R7,55,552.3666818141937,0.00011563402222236618,0.0012333218473941088,0.0023826526012271643,0.9962375164031982,3.083310366491787e-05,Light_XM
/home/lmy/iot-device-classification/dataset/light_xm/round7_jitter/light_xm_r7.pcapng,R7,56,565.4413802623749,3.9744729292578995e-05,0.00847034901380539,0.7009066939353943,0.2905041575431824,7.91023121564649e-05,Light_XM
/home/lmy/iot-device-classification/dataset/light_xm/round7_jitter/light_xm_r7.pcapng,R7,57,570.3419468402863,2.7758180294767953e-05,0.0016255798982456326,0.9955501556396484,0.002753901295363903,4.2595045670168474e-05,Light_XM
/home/lmy/iot-device-classification/dataset/light_xm/round7_jitter/light_xm_r7.pcapng,R7,58,584.6145977973938,0.0003099053574260324,0.2675706148147583,0.670700192451477,0.0607404001057148,0.0006789479521103203,Light_XM
/home/lmy/iot-device-classification/dataset/light_xm/round7_jitter/light_xm_r7.pcapng,R7,59,593.1881268024445,0.0008252707775682211,0.055049505084753036,0.9383668899536133,0.005545162595808506,0.00021311402088031173,Light_XM
/home/lmy/iot-device-classification/dataset/light_xm/round7_jitter/light_xm_r7.pcapng,R7,60,600.6853110790253,2.2135573090054095e-05,0.01065205316990614,0.9874038696289062,0.001859669922851026,6.22685402049683e-05,Light_XM
/home/lmy/iot-device-classification/dataset/light_xm/round7_jitter/light_xm_r7.pcapng,R7,61,613.9776291847229,0.0007335632108151913,0.393306165933609,0.09088751673698425,0.5141716599464417,0.0009011196088977158,Light_XM
/home/lmy/iot-device-classification/dataset/light_xm/round7_jitter/light_xm_r7.pcapng,R7,62,623.5998420715332,3.756512523978017e-05,0.0027841231785714626,0.9970000386238098,0.00016149635484907776,1.6798305296106264e-05,Light_XM
/home/lmy/iot-device-classification/dataset/light_xm/round7_jitter/light_xm_r7.pcapng,R7,63,633.5816373825073,8.039110070967581e-06,0.001876533031463623,0.998044490814209,5.1728948164964095e-05,1.915678512887098e-05,Light_XM
/home/lmy/iot-device-classification/dataset/light_xm/round7_jitter/light_xm_r7.pcapng,R7,64,643.0957365036011,0.0008051893673837185,0.3534362018108368,0.6432536840438843,0.0019054787699133158,0.0005994179518893361,Light_XM
/home/lmy/iot-device-classification/dataset/light_xm/round7_jitter/light_xm_r7.pcapng,R7,65,650.0565667152405,4.660267586586997e-05,0.033497050404548645,0.9660933613777161,0.00027915992541238666,8.387354318983853e-05,Light_XM
/home/lmy/iot-device-classification/dataset/light_xm/round7_jitter/light_xm_r7.pcapng,R7,66,662.4273157119751,3.916788409696892e-05,0.012206783518195152,0.9867393970489502,0.0009598943288438022,5.476006481330842e-05,Light_XM
/home/lmy/iot-device-classification/dataset/light_xm/round7_jitter/light_xm_r7.pcapng,R7,67,674.1225988864899,0.0001385674549965188,0.005970222409814596,0.004854945931583643,0.9889851808547974,5.110725396662019e-05,Light_XM
/home/lmy/iot-device-classification/dataset/light_xm/round7_jitter/light_xm_r7.pcapng,R7,68,680.2974004745483,3.15464312734548e-05,0.014008267782628536,0.9843150973320007,0.0015850755153223872,5.999800850986503e-05,Light_XM
/home/lmy/iot-device-classification/dataset/light_xm/round7_jitter/light_xm_r7.pcapng,R7,69,692.3314855098724,5.83066648687236e-05,0.043958596885204315,0.9555798172950745,0.00026356009766459465,0.00013977814523968846,Light_XM
/home/lmy/iot-device-classification/dataset/light_xm/round7_jitter/light_xm_r7.pcapng,R7,70,700.4111292362213,9.432095248484984e-05,0.1730719655752182,0.8259263634681702,0.0006510216044262052,0.0002562694426160306,Light_XM
/home/lmy/iot-device-classification/dataset/light_xm/round7_jitter/light_xm_r7.pcapng,R7,71,713.5948135852814,0.0008185658953152597,0.034642599523067474,0.4877206087112427,0.4766010642051697,0.0002172222302760929,Light_XM
/home/lmy/iot-device-classification/dataset/light_xm/round7_jitter/light_xm_r7.pcapng,R7,72,720.9065887928009,5.3921914513921365e-05,0.0012651841389015317,0.9968138337135315,0.0018328380538150668,3.423450834816322e-05,Light_XM
/home/lmy/iot-device-classification/dataset/light_xm/round7_jitter/light_xm_r7.pcapng,R7,73,732.5444355010986,0.0003766240261029452,0.37643977999687195,0.6131633520126343,0.009772621095180511,0.00024766760179772973,Light_XM
/home/lmy/iot-device-classification/dataset/light_xm/round7_jitter/light_xm_r7.pcapng,R7,74,741.7321622371674,0.0005098228575661778,0.18928350508213043,0.6350290775299072,0.1745319813489914,0.0006456052651628852,Light_XM
/home/lmy/iot-device-classification/dataset/light_xm/round7_jitter/light_xm_r7.pcapng,R7,75,751.0016899108887,3.22208579746075e-05,0.012559506110846996,0.9867607355117798,0.00059552799211815,5.20317189511843e-05,Light_XM
/home/lmy/iot-device-classification/dataset/light_xm/round7_jitter/light_xm_r7.pcapng,R7,76,765.5273895263672,5.7421759265707806e-05,0.05133837088942528,0.9431301355361938,0.005366214085370302,0.00010785982885863632,Light_XM
/home/lmy/iot-device-classification/dataset/light_xm/round7_jitter/light_xm_r7.pcapng,R7,77,775.6464140415192,0.0021614583674818277,0.12314262241125107,0.8496339321136475,0.0243525430560112,0.0007094851462170482,Light_XM
/home/lmy/iot-device-classification/dataset/light_xm/round7_jitter/light_xm_r7.pcapng,R7,78,780.0149712562561,5.997915195621317e-06,0.00013813491386827081,0.9998366832733154,1.3428269085125066e-05,5.787203463114565e-06,Light_XM
/home/lmy/iot-device-classification/dataset/light_xm/round7_jitter/light_xm_r7.pcapng,R7,79,791.3257727622986,0.00023821801005396992,0.44557398557662964,0.5511637926101685,0.0025866669602692127,0.00043733714846894145,Light_XM
/home/lmy/iot-device-classification/dataset/light_xm/round7_jitter/light_xm_r7.pcapng,R7,80,801.235860824585,0.0005441546672955155,0.06317553669214249,0.018613578751683235,0.9174217581748962,0.0002450469182804227,Light_XM
/home/lmy/iot-device-classification/dataset/light_xm/round7_jitter/light_xm_r7.pcapng,R7,81,811.0899076461792,0.00010156295320484787,0.036769308149814606,0.9629113078117371,0.00013008186942897737,8.773445006227121e-05,Light_XM
/home/lmy/iot-device-classification/dataset/light_xm/round7_jitter/light_xm_r7.pcapng,R7,82,820.1815931797028,0.0004039545892737806,0.40594473481178284,0.5922284126281738,0.00095470214728266,0.00046822920558042824,Light_XM
/home/lmy/iot-device-classification/dataset/light_xm/round7_jitter/light_xm_r7.pcapng,R7,83,831.4307639598846,3.271008245064877e-05,0.004631577990949154,0.9950173497200012,0.00027017880347557366,4.818982051801868e-05,Light_XM
/home/lmy/iot-device-classification/dataset/light_xm/round7_jitter/light_xm_r7.pcapng,R7,84,840.1376087665558,3.279859447502531e-05,0.00489392364397645,0.0024414025247097015,0.9926020503044128,2.9807662940584123e-05,Light_XM
/home/lmy/iot-device-classification/dataset/light_xm/round7_jitter/light_xm_r7.pcapng,R7,85,850.3707599639893,0.00011593282397370785,0.23418301343917847,0.7651972770690918,0.0002997074043378234,0.00020406775001902133,Light_XM
/home/lmy/iot-device-classification/dataset/light_xm/round7_jitter/light_xm_r7.pcapng,R7,86,861.4657447338104,9.244630746252369e-06,0.0014615439577028155,0.9984669089317322,3.8981266698101535e-05,2.334685268579051e-05,Light_XM
/home/lmy/iot-device-classification/dataset/light_xm/round7_jitter/light_xm_r7.pcapng,R7,87,871.3748528957367,0.00042887969175353646,0.009879753924906254,0.9893133044242859,0.0002695165458135307,0.00010861004557227716,Light_XM
/home/lmy/iot-device-classification/dataset/light_xm/round7_jitter/light_xm_r7.pcapng,R7,88,880.1039781570435,7.703872688580304e-05,0.6744232177734375,0.32391342520713806,0.0013310014037415385,0.00025534737505950034,Light_XM
/home/lmy/iot-device-classification/dataset/light_xm/round7_jitter/light_xm_r7.pcapng,R7,89,895.7662191390991,4.081379302078858e-05,0.0013420177856460214,0.997437596321106,0.001164380693808198,1.521191188658122e-05,Light_XM
/home/lmy/iot-device-classification/dataset/light_xm/round7_jitter/light_xm_r7.pcapng,R7,90,905.7765593528748,0.00035722102620638907,0.9001317024230957,0.03756062686443329,0.06127982586622238,0.0006706108106300235,Light_XM
/home/lmy/iot-device-classification/dataset/light_xm/round7_jitter/light_xm_r7.pcapng,R7,91,910.244235277176,0.00010630138422129676,0.4119051694869995,0.5827575325965881,0.0050245244055986404,0.00020652302191592753,Light_XM
/home/lmy/iot-device-classification/dataset/light_xm/round7_jitter/light_xm_r7.pcapng,R7,92,923.8787741661072,4.126686690142378e-05,0.003024354577064514,0.9960108995437622,0.0008997834520414472,2.372777998971287e-05,Light_XM
/home/lmy/iot-device-classification/dataset/light_xm/round7_jitter/light_xm_r7.pcapng,R7,93,933.5639224052428,2.349185524508357e-05,0.00337548297829926,0.9964800477027893,0.00010076723992824554,2.0247072825441137e-05,Light_XM
/home/lmy/iot-device-classification/dataset/light_xm/round7_jitter/light_xm_r7.pcapng,R7,94,945.7066037654876,0.0001766848290571943,0.20542404055595398,0.7885048389434814,0.0056676240637898445,0.00022682671260554343,Light_XM
/home/lmy/iot-device-classification/dataset/light_xm/round7_jitter/light_xm_r7.pcapng,R7,95,950.3742175102234,0.0001746203051880002,0.040887393057346344,0.7074231505393982,0.25114303827285767,0.00037182975211180747,Light_XM
/home/lmy/iot-device-classification/dataset/light_xm/round7_jitter/light_xm_r7.pcapng,R7,96,960.0491662025452,5.121918729855679e-05,0.001816167146898806,0.99788898229599,0.00022974952298682183,1.3915444469603244e-05,Light_XM
/home/lmy/iot-device-classification/dataset/light_xm/round7_jitter/light_xm_r7.pcapng,R7,97,972.2702441215516,0.00029434336465783417,0.4620157778263092,0.4307387173175812,0.10614209622144699,0.0008090334013104439,Light_XM
/home/lmy/iot-device-classification/dataset/light_xm/round7_jitter/light_xm_r7.pcapng,R7,98,985.8566946983336,4.233365871186834e-06,0.0013339183060452342,0.9986425042152405,8.37985771795502e-06,1.093565151677467e-05,Light_XM
/home/lmy/iot-device-classification/dataset/light_xm/round7_jitter/light_xm_r7.pcapng,R7,99,993.5631303787231,0.0002620567101985216,0.024441927671432495,0.974425733089447,0.0008116679382510483,5.857154246768914e-05,Light_XM
/home/lmy/iot-device-classification/dataset/light_xm/round7_jitter/light_xm_r7.pcapng,R7,100,1000.3591027259828,0.00013468907854985446,0.364095002412796,0.6349442601203918,0.0004996154457330704,0.000326445180689916,Light_XM
/home/lmy/iot-device-classification/dataset/light_xm/round7_jitter/light_xm_r7.pcapng,R7,101,1010.7939991950988,1.7186628610943444e-05,0.004624716937541962,0.9951910972595215,0.00013024015061091632,3.6731194995809346e-05,Light_XM
/home/lmy/iot-device-classification/dataset/light_xm/round7_jitter/light_xm_r7.pcapng,R7,102,1020.0230164527892,2.2328376871882938e-05,0.0041181533597409725,0.9957820177078247,5.277035597828217e-05,2.4780187231954187e-05,Light_XM
/home/lmy/iot-device-classification/dataset/light_xm/round7_jitter/light_xm_r7.pcapng,R7,103,1030.4832015037537,0.0002538942208047956,0.23788529634475708,0.6385366320610046,0.12301087379455566,0.0003132946731057018,Light_XM
/home/lmy/iot-device-classification/dataset/light_xm/round7_jitter/light_xm_r7.pcapng,R7,104,1041.5685710906982,3.367944009369239e-05,0.008547713048756123,0.9912391304969788,0.00014740374172106385,3.204786844435148e-05,Light_XM
/home/lmy/iot-device-classification/dataset/light_xm/round7_jitter/light_xm_r7.pcapng,R7,105,1051.6396136283877,1.659042391111143e-05,0.0015037027187645435,0.9981613755226135,0.00029959791572764516,1.876509122666903e-05,Light_XM
/home/lmy/iot-device-classification/dataset/light_xm/round7_jitter/light_xm_r7.pcapng,R7,106,1061.7284371852877,0.00011208729119971395,0.4641418755054474,0.45741504430770874,0.07795988768339157,0.0003710389428306371,Light_XM
/home/lmy/iot-device-classification/dataset/light_xm/round7_jitter/light_xm_r7.pcapng,R7,107,1073.5927457809448,0.0016813318943604827,0.13221830129623413,0.7739465236663818,0.09166664630174637,0.00048723563668318093,Light_XM
/home/lmy/iot-device-classification/dataset/light_xm/round7_jitter/light_xm_r7.pcapng,R7,108,1084.0525920391085,0.00017803804075811058,0.625120222568512,0.37412115931510925,0.00036482466384768486,0.00021579184976872057,Light_XM
/home/lmy/iot-device-classification/dataset/light_xm/round7_jitter/light_xm_r7.pcapng,R7,109,1091.8233494758606,0.0002321959618711844,0.5517029166221619,0.4402340054512024,0.007438300177454948,0.0003925617493223399,Light_XM
/home/lmy/iot-device-classification/dataset/light_xm/round7_jitter/light_xm_r7.pcapng,R7,110,1100.2064175605774,0.001460178173147142,0.6987968683242798,0.09379139542579651,0.2052164375782013,0.0007351114763878286,Light_XM
/home/lmy/iot-device-classification/dataset/light_xm/round7_jitter/light_xm_r7.pcapng,R7,111,1110.9583203792572,9.152085840469226e-05,0.011735892854630947,0.987123966217041,0.000977414776571095,7.123533578123897e-05,Light_XM
/home/lmy/iot-device-classification/dataset/light_xm/round7_jitter/light_xm_r7.pcapng,R7,112,1120.03839468956,0.0004058843769598752,0.35249125957489014,0.6456184983253479,0.0010664984583854675,0.00041785635403357446,Light_XM
/home/lmy/iot-device-classification/dataset/light_xm/round7_jitter/light_xm_r7.pcapng,R7,113,1136.006670475006,0.0003973665297962725,0.34881293773651123,0.03045634925365448,0.6197949647903442,0.0005383513052947819,Light_XM
/home/lmy/iot-device-classification/dataset/light_xm/round7_jitter/light_xm_r7.pcapng,R7,114,1141.2197859287262,2.18188051803736e-05,0.0034213881008327007,0.9962136149406433,0.00032488617580384016,1.826586594688706e-05,Light_XM
/home/lmy/iot-device-classification/dataset/light_xm/round7_jitter/light_xm_r7.pcapng,R7,115,1152.28897190094,0.00038115872303023934,0.2764624357223511,0.6921371221542358,0.030583171173930168,0.00043614275637082756,Light_XM
/home/lmy/iot-device-classification/dataset/light_xm/round7_jitter/light_xm_r7.pcapng,R7,116,1163.3596096038818,0.0004752468375954777,0.003980719018727541,0.9952567219734192,0.0002582181477919221,2.9087517759762704e-05,Light_XM
/home/lmy/iot-device-classification/dataset/light_xm/round7_jitter/light_xm_r7.pcapng,R7,117,1171.451291322708,5.843453618581407e-05,0.016016462817788124,0.9835138320922852,0.0003800910781137645,3.120469773421064e-05,Light_XM
/home/lmy/iot-device-classification/dataset/light_xm/round7_jitter/light_xm_r7.pcapng,R7,118,1181.4886949062347,0.0003134412399958819,0.17828649282455444,0.8194402456283569,0.001642107032239437,0.00031776551622897387,Light_XM
/home/lmy/iot-device-classification/dataset/light_xm/round7_jitter/light_xm_r7.pcapng,R7,119,1193.60218000412,1.346291810477851e-05,0.005022674333304167,0.9949250221252441,2.2321759388432838e-05,1.6532627341803163e-05,Light_XM
/home/lmy/iot-device-classification/dataset/light_xm/round7_jitter/light_xm_r7.pcapng,R7,120,1202.6289780139923,4.604716377798468e-05,0.013614256866276264,0.9852790832519531,0.0009904223261401057,7.01328317518346e-05,Light_XM
/home/lmy/iot-device-classification/dataset/light_xm/round7_jitter/light_xm_r7.pcapng,R7,121,1210.699779510498,0.00018240039935335517,0.7829682230949402,0.20033326745033264,0.016213633120059967,0.0003025151672773063,Light_XM
/home/lmy/iot-device-classification/dataset/light_xm/round7_jitter/light_xm_r7.pcapng,R7,122,1220.7687411308289,4.24156678491272e-06,0.0011432350147515535,0.9988381266593933,4.427954081620555e-06,9.98804080154514e-06,Light_XM
/home/lmy/iot-device-classification/dataset/light_xm/round7_jitter/light_xm_r7.pcapng,R7,123,1233.5636167526245,1.9191649698768742e-05,0.007316770497709513,0.9925549626350403,8.350867574336007e-05,2.5606212147977203e-05,Light_XM
/home/lmy/iot-device-classification/dataset/light_xm/round7_jitter/light_xm_r7.pcapng,R7,124,1245.8823759555817,0.00038578061503358185,0.05028989166021347,0.48658907413482666,0.46221259236335754,0.0005226049106568098,Light_XM
/home/lmy/iot-device-classification/dataset/light_xm/round7_jitter/light_xm_r7.pcapng,R7,125,1250.0093796253204,6.580922490684316e-05,0.019239021465182304,0.9801508188247681,0.00046897612628526986,7.541827653767541e-05,Light_XM
/home/lmy/iot-device-classification/dataset/light_xm/round7_jitter/light_xm_r7.pcapng,R7,126,1264.1197991371157,0.0001451632851967588,0.01554571557790041,0.054887231439352036,0.929110586643219,0.0003113102575298399,Light_XM
/home/lmy/iot-device-classification/dataset/light_xm/round7_jitter/light_xm_r7.pcapng,R7,127,1270.272162914276,0.0003590810811147094,0.5900248289108276,0.32517725229263306,0.08373736590147018,0.0007014420116320252,Light_XM
/home/lmy/iot-device-classification/dataset/light_xm/round7_jitter/light_xm_r7.pcapng,R7,128,1280.1024162769318,6.241165101528168e-05,0.010408785194158554,0.8816248774528503,0.10777321457862854,0.00013071324792690575,Light_XM
/home/lmy/iot-device-classification/dataset/light_xm/round7_jitter/light_xm_r7.pcapng,R7,129,1291.328403711319,7.996321801329032e-05,0.01843755878508091,0.9800999760627747,0.0012891029473394156,9.34051931835711e-05,Light_XM
/home/lmy/iot-device-classification/dataset/light_xm/round7_jitter/light_xm_r7.pcapng,R7,130,1301.4185009002686,0.0017861487576738,0.47587865591049194,0.4057643711566925,0.11527588218450546,0.0012949113734066486,Light_XM
/home/lmy/iot-device-classification/dataset/light_xm/round7_jitter/light_xm_r7.pcapng,R7,131,1310.48903131485,0.0002590797084849328,0.13220952451229095,0.865911066532135,0.0014777628239244223,0.000142544464324601,Light_XM
/home/lmy/iot-device-classification/dataset/light_xm/round7_jitter/light_xm_r7.pcapng,R7,132,1322.04252243042,2.5254146748920903e-05,0.002805196214467287,0.9754284024238586,0.02167934738099575,6.182892684591934e-05,Light_XM
/home/lmy/iot-device-classification/dataset/light_xm/round7_jitter/light_xm_r7.pcapng,R7,133,1332.6091125011444,0.0004622385313268751,0.13601329922676086,0.31663787364959717,0.5465545058250427,0.0003320879186503589,Light_XM
/home/lmy/iot-device-classification/dataset/light_xm/round7_jitter/light_xm_r7.pcapng,R7,134,1341.1458892822266,5.154409882379696e-05,0.002787445904687047,0.9968300461769104,0.00031373664387501776,1.722994420561008e-05,Light_XM
/home/lmy/iot-device-classification/dataset/light_xm/round7_jitter/light_xm_r7.pcapng,R7,135,1350.7810440063477,2.830512312357314e-05,0.02854841575026512,0.9712491631507874,0.00011640547745628282,5.7667661167215556e-05,Light_XM
/home/lmy/iot-device-classification/dataset/light_xm/round7_jitter/light_xm_r7.pcapng,R7,136,1362.7733335494995,0.0005523018771782517,0.11242548376321793,0.7515830397605896,0.13512137532234192,0.0003177891194354743,Light_XM
/home/lmy/iot-device-classification/dataset/light_xm/round7_jitter/light_xm_r7.pcapng,R7,137,1371.1393716335297,6.741169636370614e-05,0.0043398551642894745,0.9951580166816711,0.0003935073909815401,4.1180603147950023e-05,Light_XM
/home/lmy/iot-device-classification/dataset/light_xm/round7_jitter/light_xm_r7.pcapng,R7,138,1382.9220893383026,3.503075640765019e-05,0.012036043219268322,0.9877408146858215,0.00014234267291612923,4.5795724872732535e-05,Light_XM
/home/lmy/iot-device-classification/dataset/light_xm/round7_jitter/light_xm_r7.pcapng,R7,139,1391.3425540924072,0.00010781099990708753,0.0930170863866806,0.0582260824739933,0.8484551310539246,0.00019386039639357477,Light_XM
/home/lmy/iot-device-classification/dataset/light_xm/round7_jitter/light_xm_r7.pcapng,R7,140,1401.048982381821,1.7689673768472858e-05,0.002718314528465271,0.9955422282218933,0.0016807988286018372,4.096988413948566e-05,Light_XM
/home/lmy/iot-device-classification/dataset/light_xm/round7_jitter/light_xm_r7.pcapng,R7,141,1410.128938913345,1.4333596482174471e-05,0.011540002189576626,0.9883705377578735,3.896197449648753e-05,3.618404298322275e-05,Light_XM
/home/lmy/iot-device-classification/dataset/light_xm/round7_jitter/light_xm_r7.pcapng,R7,142,1420.208375930786,0.000984473736025393,0.2991314232349396,0.4927223026752472,0.20643343031406403,0.0007283987361006439,Light_XM
/home/lmy/iot-device-classification/dataset/light_xm/round7_jitter/light_xm_r7.pcapng,R7,143,1433.5934944152832,4.4077612983528525e-05,0.0026521796826273203,0.9937185049057007,0.003537114942446351,4.816222644876689e-05,Light_XM
/home/lmy/iot-device-classification/dataset/light_xm/round7_jitter/light_xm_r7.pcapng,R7,144,1443.8928775787354,1.8256389012094587e-05,0.0027323828544467688,0.9947428703308105,0.0024706923868507147,3.573936191969551e-05,Light_XM
/home/lmy/iot-device-classification/dataset/light_xm/round7_jitter/light_xm_r7.pcapng,R7,145,1451.401231050491,0.0004513701132964343,0.9146865010261536,0.08418097347021103,0.0004989398294128478,0.00018224396626465023,Light_XM
/home/lmy/iot-device-classification/dataset/light_xm/round7_jitter/light_xm_r7.pcapng,R7,146,1460.0628776550293,0.0014137824764475226,0.07352406531572342,0.8400475978851318,0.0840814858675003,0.0009330443572252989,Light_XM
/home/lmy/iot-device-classification/dataset/light_xm/round7_jitter/light_xm_r7.pcapng,R7,147,1471.9833884239197,0.00020509102614596486,0.0034187298733741045,0.9956229329109192,0.0006967474473640323,5.649256854667328e-05,Light_XM
/home/lmy/iot-device-classification/dataset/light_xm/round7_jitter/light_xm_r7.pcapng,R7,148,1485.4948880672457,0.0007626283913850784,0.12438711524009705,0.8235240578651428,0.05083680525422096,0.000489414727780968,Light_XM
/home/lmy/iot-device-classification/dataset/light_xm/round7_jitter/light_xm_r7.pcapng,R7,149,1491.6396687030792,2.0696026695077308e-05,0.0015062065795063972,0.996859073638916,0.0015801431145519018,3.382742215762846e-05,Light_XM
/home/lmy/iot-device-classification/dataset/light_xm/round7_jitter/light_xm_r7.pcapng,R7,150,1504.2126293182373,1.0594803825370036e-05,0.0014254107372835279,0.9982885718345642,0.0002568310883361846,1.8625234588398598e-05,Light_XM
/home/lmy/iot-device-classification/dataset/light_xm/round7_jitter/light_xm_r7.pcapng,R7,151,1513.04158949852,0.0006060198647901416,0.07672637701034546,0.5906793475151062,0.3313777446746826,0.0006105327047407627,Light_XM
/home/lmy/iot-device-classification/dataset/light_xm/round7_jitter/light_xm_r7.pcapng,R7,152,1523.5928819179535,2.486779703758657e-05,0.00599388824775815,0.9936339855194092,0.00031127274269238114,3.5914621548727155e-05,Light_XM
/home/lmy/iot-device-classification/dataset/light_xm/round7_jitter/light_xm_r7.pcapng,R7,153,1532.9288215637207,1.3995996596349869e-05,0.0008813025197014213,0.9989157915115356,0.0001762324245646596,1.2724422049359418e-05,Light_XM
/home/lmy/iot-device-classification/dataset/light_xm/round7_jitter/light_xm_r7.pcapng,R7,154,1543.732706785202,0.0010864688083529472,0.33685386180877686,0.5767472386360168,0.08442830294370651,0.0008841576054692268,Light_XM
/home/lmy/iot-device-classification/dataset/light_xm/round7_jitter/light_xm_r7.pcapng,R7,155,1556.344543218613,0.001063586794771254,0.018165726214647293,0.019701359793543816,0.9607337117195129,0.00033555514528416097,Light_XM
/home/lmy/iot-device-classification/dataset/light_xm/round7_jitter/light_xm_r7.pcapng,R7,156,1561.188406944275,6.754338392056525e-05,0.03392000123858452,0.9653356075286865,0.0005967948818579316,8.000897651072592e-05,Light_XM
/home/lmy/iot-device-classification/dataset/light_xm/round7_jitter/light_xm_r7.pcapng,R7,157,1571.0530121326449,0.0004178289673291147,0.5293858051300049,0.05031659081578255,0.419482946395874,0.0003968454839196056,Light_XM
/home/lmy/iot-device-classification/dataset/light_xm/round7_jitter/light_xm_r7.pcapng,R7,158,1583.1694583892822,3.203444430255331e-05,0.002210471546277404,0.9974157810211182,0.00031856331042945385,2.3103071725927293e-05,Light_XM
/home/lmy/iot-device-classification/dataset/light_xm/round7_jitter/light_xm_r7.pcapng,R7,159,1593.5630071163175,2.647154724400025e-05,0.02016323432326317,0.9795133471488953,0.00022460486798081547,7.239283149829134e-05,Light_XM
/home/lmy/iot-device-classification/dataset/light_xm/round7_jitter/light_xm_r7.pcapng,R7,160,1600.2800867557526,0.0002858476364053786,0.8329390287399292,0.1341732144355774,0.031984392553567886,0.0006175174494273961,Light_XM
/home/lmy/iot-device-classification/dataset/light_xm/round7_jitter/light_xm_r7.pcapng,R7,161,1610.943098306656,4.138011354370974e-05,0.00929293967783451,0.9883848428726196,0.0022198050282895565,6.101783219492063e-05,Light_XM
/home/lmy/iot-device-classification/dataset/light_xm/round7_jitter/light_xm_r7.pcapng,R7,162,1620.4338850975037,8.052509656408802e-06,0.0009530782117508352,0.9988941550254822,0.00012758538650814444,1.7141619537142105e-05,Light_XM
/home/lmy/iot-device-classification/dataset/light_xm/round7_jitter/light_xm_r7.pcapng,R7,163,1632.51953125,0.0017481620889157057,0.5571315884590149,0.4160642623901367,0.0241694375872612,0.0008865783456712961,Light_XM
/home/lmy/iot-device-classification/dataset/light_xm/round7_jitter/light_xm_r7.pcapng,R7,164,1645.6527152061462,6.966722867218778e-05,0.9709851741790771,0.022944552823901176,0.005840961821377277,0.00015960574091877788,Light_XM
/home/lmy/iot-device-classification/dataset/light_xm/round7_jitter/light_xm_r7.pcapng,R7,165,1650.041686296463,7.81872877269052e-05,0.00199208315461874,0.9664561152458191,0.03137292340397835,0.00010072512668557465,Light_XM
/home/lmy/iot-device-classification/dataset/light_xm/round7_jitter/light_xm_r7.pcapng,R7,166,1660.7087054252625,0.0003928003425244242,0.6517431735992432,0.284432977437973,0.0630103051662445,0.00042072113137692213,Light_XM
/home/lmy/iot-device-classification/dataset/light_xm/round7_jitter/light_xm_r7.pcapng,R7,167,1670.354951620102,0.00015777845692355186,0.013619940727949142,0.5053927898406982,0.48070672154426575,0.00012275863264221698,Light_XM
/home/lmy/iot-device-classification/dataset/light_xm/round7_jitter/light_xm_r7.pcapng,R7,168,1683.093889951706,0.0006343904533423483,0.0915551632642746,0.8992480039596558,0.008087587542831898,0.0004748692153953016,Light_XM
/home/lmy/iot-device-classification/dataset/light_xm/round7_jitter/light_xm_r7.pcapng,R7,169,1691.8212831020355,0.00010393352567916736,0.08839640766382217,0.4864758253097534,0.42468157410621643,0.0003422345616854727,Light_XM
/home/lmy/iot-device-classification/dataset/light_xm/round7_jitter/light_xm_r7.pcapng,R7,170,1702.96839594841,0.0002539867418818176,0.4196030795574188,0.1817152500152588,0.39802229404449463,0.00040537005406804383,Light_XM
/home/lmy/iot-device-classification/dataset/light_xm/round7_jitter/light_xm_r7.pcapng,R7,171,1710.3579807281494,0.00043047399958595634,0.45215627551078796,0.536258339881897,0.010482221841812134,0.000672671478241682,Light_XM
/home/lmy/iot-device-classification/dataset/light_xm/round7_jitter/light_xm_r7.pcapng,R7,172,1721.159142255783,0.00011501396511448547,0.04252534732222557,0.9557262659072876,0.001557991374284029,7.539873331552371e-05,Light_XM
/home/lmy/iot-device-classification/dataset/light_xm/round7_jitter/light_xm_r7.pcapng,R7,173,1730.141224384308,9.660637442721054e-05,0.0011251645628362894,0.9893441200256348,0.009390883147716522,4.321089363656938e-05,Light_XM
/home/lmy/iot-device-classification/dataset/light_xm/round7_jitter/light_xm_r7.pcapng,R7,174,1740.2813391685486,4.603297929861583e-05,0.011543117463588715,0.9881943464279175,0.00016156068886630237,5.492654599947855e-05,Light_XM
/home/lmy/iot-device-classification/dataset/light_xm/round7_jitter/light_xm_r7.pcapng,R7,175,1750.2989320755005,0.0002758135087788105,0.8038256764411926,0.19342218339443207,0.0022643576376140118,0.00021196248417254537,Light_XM
/home/lmy/iot-device-classification/dataset/light_xm/round7_jitter/light_xm_r7.pcapng,R7,176,1760.342375278473,9.762656554812565e-05,0.0009286276763305068,0.9866759181022644,0.012261345982551575,3.646834738901816e-05,Light_XM
/home/lmy/iot-device-classification/dataset/light_xm/round7_jitter/light_xm_r7.pcapng,R7,177,1772.3410875797272,7.792922588123474e-06,0.0026550358161330223,0.9972820281982422,3.8483933167299256e-05,1.66948539117584e-05,Light_XM
/home/lmy/iot-device-classification/dataset/light_xm/round7_jitter/light_xm_r7.pcapng,R7,178,1780.529576778412,0.0008883789996616542,0.7105063199996948,0.07826121896505356,0.20973481237888336,0.0006092645926401019,Light_XM
/home/lmy/iot-device-classification/dataset/light_xm/round7_jitter/light_xm_r7.pcapng,R7,179,1791.6587524414062,5.7566852774471045e-05,0.001672656973823905,0.9978880286216736,0.0003557237796485424,2.603980465210043e-05,Light_XM
/home/lmy/iot-device-classification/dataset/light_xm/round7_jitter/light_xm_r7.pcapng,R7,180,1803.7395596504207,1.1538561921042856e-05,0.0011471600737422705,0.998420000076294,0.000388514919904992,3.2845298846950755e-05,Light_XM
/home/lmy/iot-device-classification/dataset/light_xm/round7_jitter/light_xm_r7.pcapng,R7,181,1816.2132909297943,0.0002403273101663217,0.06147920340299606,0.7379289865493774,0.2000378966331482,0.0003136070736218244,Light_XM
/home/lmy/iot-device-classification/dataset/light_xm/round7_jitter/light_xm_r7.pcapng,R7,182,1824.5336363315585,1.5002050531620625e-05,0.0011941449483856559,0.997533917427063,0.0012308773584663868,2.5995137548306957e-05,Light_XM
/home/lmy/iot-device-classification/dataset/light_xm/round7_jitter/light_xm_r7.pcapng,R7,183,1832.682523727417,9.168717042484786e-06,0.0010837360750883818,0.9978633522987366,0.0010224796133115888,2.1266490875859745e-05,Light_XM
/home/lmy/iot-device-classification/dataset/light_xm/round7_jitter/light_xm_r7.pcapng,R7,184,1843.253168106079,0.0006722753751091659,0.7658780813217163,0.22132575511932373,0.011548426933586597,0.0005754585145041347,Light_XM
/home/lmy/iot-device-classification/dataset/light_xm/round7_jitter/light_xm_r7.pcapng,R7,185,1850.3520188331604,3.903757897205651e-05,0.006485148333013058,0.9928614497184753,0.0005578768323175609,5.6425029470119625e-05,Light_XM
/home/lmy/iot-device-classification/dataset/light_xm/round7_jitter/light_xm_r7.pcapng,R7,186,1861.301681280136,1.6023399439291097e-05,0.008713163435459137,0.9907207489013672,0.0005226250505074859,2.743782170000486e-05,Light_XM
/home/lmy/iot-device-classification/dataset/light_xm/round7_jitter/light_xm_r7.pcapng,R7,187,1874.4534583091736,3.385323361726478e-05,0.012283634394407272,0.05690319836139679,0.9306973814964294,8.19998313090764e-05,Light_XM
/home/lmy/iot-device-classification/dataset/light_xm/round7_jitter/light_xm_r7.pcapng,R7,188,1883.594200372696,3.432301673456095e-05,0.0019002683693543077,0.9973734617233276,0.0006438482669182122,4.811694452655502e-05,Light_XM
/home/lmy/iot-device-classification/dataset/light_xm/round7_jitter/light_xm_r7.pcapng,R7,189,1890.193105220795,0.0006463507888838649,0.08479614555835724,0.4613995850086212,0.4527880549430847,0.0003698811342474073,Light_XM
/home/lmy/iot-device-classification/dataset/light_xm/round7_jitter/light_xm_r7.pcapng,R7,190,1903.408964395523,0.0007094400352798402,0.1667395681142807,0.4607275128364563,0.3713081181049347,0.0005152986268512905,Light_XM
/home/lmy/iot-device-classification/dataset/light_xm/round7_jitter/light_xm_r7.pcapng,R7,191,1914.1195805072784,0.00013875415606889874,0.1649109125137329,0.8333324790000916,0.0013213562779128551,0.00029655403341166675,Light_XM
/home/lmy/iot-device-classification/dataset/light_xm/round7_jitter/light_xm_r7.pcapng,R7,192,1923.5723435878756,1.9872080883942544e-05,0.0025064977817237377,0.9972543120384216,0.00016628092271275818,5.304606384015642e-05,Light_XM
/home/lmy/iot-device-classification/dataset/light_xm/round7_jitter/light_xm_r7.pcapng,R7,193,1932.601036310196,0.00042407799628563225,0.6778415441513062,0.28490936756134033,0.0361642986536026,0.0006606756360270083,Light_XM
/home/lmy/iot-device-classification/dataset/light_xm/round7_jitter/light_xm_r7.pcapng,R7,194,1945.1733803749084,0.00011788152914959937,0.009031458757817745,0.9904361367225647,0.00028756409301422536,0.00012699513172265142,Light_XM
/home/lmy/iot-device-classification/dataset/light_xm/round7_jitter/light_xm_r7.pcapng,R7,195,1950.203512907028,1.571505708852783e-05,0.0005857527139596641,0.9976213574409485,0.0017568033654242754,2.038613638433162e-05,Light_XM
/home/lmy/iot-device-classification/dataset/light_xm/round7_jitter/light_xm_r7.pcapng,R7,196,1960.84175992012,0.00016529849381186068,0.668906033039093,0.3220885992050171,0.008470308035612106,0.0003698059299495071,Light_XM
/home/lmy/iot-device-classification/dataset/light_xm/round7_jitter/light_xm_r7.pcapng,R7,197,1971.0624225139616,9.618010153644718e-06,0.0040980116464197636,0.9958440661430359,2.7154484996572137e-05,2.1097210264997557e-05,Light_XM
/home/lmy/iot-device-classification/dataset/light_xm/round7_jitter/light_xm_r7.pcapng,R7,198,1980.5131871700287,2.9221315344329923e-05,0.014868183061480522,0.9846604466438293,0.00037162782973609865,7.046801329124719e-05,Light_XM
/home/lmy/iot-device-classification/dataset/light_xm/round7_jitter/light_xm_r7.pcapng,R7,199,1991.8312833309171,0.00016206668806262314,0.39039307832717896,0.04511570185422897,0.5638643503189087,0.00046483392361551523,Light_XM
/home/lmy/iot-device-classification/dataset/light_xm/round7_jitter/light_xm_r7.pcapng,R7,200,2002.1288087368007,3.053287946386263e-05,0.0011971190106123686,0.9976063966751099,0.0011402190430089831,2.566055627539754e-05,Light_XM
/home/lmy/iot-device-classification/dataset/light_xm/round7_jitter/light_xm_r7.pcapng,R7,201,2012.1289551258087,2.0492783733061515e-05,0.0005327936378307641,0.9988924860954285,0.0005347845726646483,1.9507095203152858e-05,Light_XM
/home/lmy/iot-device-classification/dataset/light_xm/round7_jitter/light_xm_r7.pcapng,R7,202,2022.209891319275,0.00023383775260299444,0.14605289697647095,0.6056178212165833,0.24753740429878235,0.0005580242141149938,Light_XM
/home/lmy/iot-device-classification/dataset/light_xm/round7_jitter/light_xm_r7.pcapng,R7,203,2034.6132884025571,0.00017748291429597884,0.04720592871308327,0.9142069816589355,0.038164298981428146,0.0002452613553032279,Light_XM
/home/lmy/iot-device-classification/dataset/light_xm/round7_jitter/light_xm_r7.pcapng,R7,204,2040.361088514328,3.0960363801568747e-05,0.003958037123084068,0.9932244420051575,0.002733644563704729,5.290617991704494e-05,Light_XM
/home/lmy/iot-device-classification/dataset/light_xm/round7_jitter/light_xm_r7.pcapng,R7,205,2053.333266735077,0.0008974724914878607,0.21022361516952515,0.7576568126678467,0.03034055419266224,0.0008815489709377289,Light_XM
/home/lmy/iot-device-classification/dataset/light_xm/round7_jitter/light_xm_r7.pcapng,R7,206,2063.5692687034607,5.4974472732283175e-05,0.0027625085785984993,0.9962455630302429,0.0009002980659715831,3.660022412077524e-05,Light_XM
/home/lmy/iot-device-classification/dataset/light_xm/round7_jitter/light_xm_r7.pcapng,R7,207,2071.9517493247986,0.0002987267798744142,0.012758469209074974,0.9750135540962219,0.01170527283102274,0.00022398131841327995,Light_XM
/home/lmy/iot-device-classification/dataset/light_xm/round7_jitter/light_xm_r7.pcapng,R7,208,2084.5430188179016,0.00037577844341285527,0.24770978093147278,0.721616804599762,0.02956886775791645,0.0007287438493221998,Light_XM
/home/lmy/iot-device-classification/dataset/light_xm/round7_jitter/light_xm_r7.pcapng,R7,209,2095.8094823360443,1.7258191292057745e-05,0.0021645042579621077,0.996694803237915,0.0010915171587839723,3.1879979360383004e-05,Light_XM
/home/lmy/iot-device-classification/dataset/light_xm/round7_jitter/light_xm_r7.pcapng,R7,210,2103.350998401642,0.0013915500603616238,0.9820319414138794,0.01497812569141388,0.0013666341546922922,0.00023180991411209106,Light_XM
/home/lmy/iot-device-classification/dataset/light_xm/round7_jitter/light_xm_r7.pcapng,R7,211,2115.7589395046234,0.00015811293269507587,0.05888050049543381,0.5520639419555664,0.3886515498161316,0.0002458543167449534,Light_XM
/home/lmy/iot-device-classification/dataset/light_xm/round7_jitter/light_xm_r7.pcapng,R7,212,2124.0529446601868,1.5398356481455266e-05,0.002268273616209626,0.9965568780899048,0.0011251724790781736,3.4308915928704664e-05,Light_XM
/home/lmy/iot-device-classification/dataset/light_xm/round7_jitter/light_xm_r7.pcapng,R7,213,2134.0662591457367,0.00021521725284401327,0.008907950483262539,0.7590230107307434,0.23175618052482605,9.758314990904182e-05,Light_XM
/home/lmy/iot-device-classification/dataset/light_xm/round7_jitter/light_xm_r7.pcapng,R7,214,2141.4815018177032,0.00042121525621041656,0.8382708430290222,0.15184921026229858,0.008912595920264721,0.0005461246473714709,Light_XM
/home/lmy/iot-device-classification/dataset/light_xm/round7_jitter/light_xm_r7.pcapng,R7,215,2153.5984132289886,2.73945461231051e-05,0.0021024190355092287,0.997272789478302,0.0005668838275596499,3.0558087019016966e-05,Light_XM
/home/lmy/iot-device-classification/dataset/light_xm/round7_jitter/light_xm_r7.pcapng,R7,216,2162.2901413440704,6.578346801688895e-05,0.0809716209769249,0.9185505509376526,0.00031208962900564075,9.995362779591233e-05,Light_XM
/home/lmy/iot-device-classification/dataset/light_xm/round7_jitter/light_xm_r7.pcapng,R7,217,2170.380039215088,3.256803029216826e-05,0.9487936496734619,0.05101918429136276,8.183566387742758e-05,7.281829311978072e-05,Light_XM
/home/lmy/iot-device-classification/dataset/light_xm/round7_jitter/light_xm_r7.pcapng,R7,218,2181.4101145267487,2.869726267817896e-05,0.009680400602519512,0.9895936250686646,0.0006505196797661483,4.6795445086900145e-05,Light_XM
/home/lmy/iot-device-classification/dataset/light_xm/round7_jitter/light_xm_r7.pcapng,R7,219,2191.489990711212,4.790744787896983e-05,0.013560534454882145,0.9860956072807312,0.00023095993674360216,6.498254515463486e-05,Light_XM
/home/lmy/iot-device-classification/dataset/light_xm/round7_jitter/light_xm_r7.pcapng,R7,220,2201.570640563965,6.621178181376308e-05,0.9050899147987366,0.09373560547828674,0.0009742616093717515,0.00013400748139247298,Light_XM
/home/lmy/iot-device-classification/dataset/light_xm/round7_jitter/light_xm_r7.pcapng,R7,221,2211.2726531028748,2.470722029102035e-05,0.0011672830441966653,0.9925857186317444,0.006182858254760504,3.945500066038221e-05,Light_XM
/home/lmy/iot-device-classification/dataset/light_xm/round7_jitter/light_xm_r7.pcapng,R7,222,2220.689675331116,1.5073899703565985e-05,0.0008368648705072701,0.9977927207946777,0.0013386436039581895,1.671054087637458e-05,Light_XM
/home/lmy/iot-device-classification/dataset/light_xm/round7_jitter/light_xm_r7.pcapng,R7,223,2230.770434141159,0.07404018938541412,0.6070820093154907,0.30796653032302856,0.010311701335012913,0.0005995341925881803,Light_XM
/home/lmy/iot-device-classification/dataset/light_xm/round7_jitter/light_xm_r7.pcapng,R7,224,2243.5983123779297,3.4563672670628875e-05,0.00010017940076068044,0.9995419979095459,0.00031462195329368114,8.723261089471634e-06,Light_XM
/home/lmy/iot-device-classification/dataset/light_xm/round7_jitter/light_xm_r7.pcapng,R7,225,2257.161903858185,1.0100347935804166e-05,0.001169793657027185,0.9986300468444824,0.00017706431390251964,1.2975882782484405e-05,Light_XM
/home/lmy/iot-device-classification/dataset/light_xm/round7_jitter/light_xm_r7.pcapng,R7,226,2260.4747066497803,7.221537816803902e-05,0.8093873858451843,0.18998941779136658,0.000376727752154693,0.0001742538734106347,Light_XM
/home/lmy/iot-device-classification/dataset/light_xm/round7_jitter/light_xm_r7.pcapng,R7,227,2270.301010131836,0.00017978112737182528,0.004617907572537661,0.9939380884170532,0.0012181972851976752,4.5976867113495246e-05,Light_XM
/home/lmy/iot-device-classification/dataset/light_xm/round7_jitter/light_xm_r7.pcapng,R7,228,2280.9905440807343,2.6893845642916858e-05,0.01703309454023838,0.9824732542037964,0.0004353107069619,3.146041854051873e-05,Light_XM
/home/lmy/iot-device-classification/dataset/light_xm/round7_jitter/light_xm_r7.pcapng,R7,229,2291.161273956299,0.00034099241020157933,0.7862225770950317,0.0743584856390953,0.13872355222702026,0.00035439347266219556,Light_XM
/home/lmy/iot-device-classification/dataset/light_xm/round7_jitter/light_xm_r7.pcapng,R7,230,2300.3698654174805,3.1466181098949164e-05,0.013779436238110065,0.9861078858375549,4.233607614878565e-05,3.880951408063993e-05,Light_XM
/home/lmy/iot-device-classification/dataset/light_xm/round7_jitter/light_xm_r7.pcapng,R7,231,2313.562837600708,0.00042850806494243443,0.5009817481040955,0.13063828647136688,0.36749252676963806,0.00045892043272033334,Light_XM
/home/lmy/iot-device-classification/dataset/light_xm/round7_jitter/light_xm_r7.pcapng,R7,232,2320.2280333042145,7.009732507867739e-05,0.22779271006584167,0.7691479921340942,0.0028022786136716604,0.0001869108818937093,Light_XM
/home/lmy/iot-device-classification/dataset/light_xm/round7_jitter/light_xm_r7.pcapng,R7,233,2332.5480558872223,0.00011428360448917374,0.29544374346733093,0.7036466598510742,0.0005859224474988878,0.00020940638205502182,Light_XM
/home/lmy/iot-device-classification/dataset/light_xm/round7_jitter/light_xm_r7.pcapng,R7,234,2342.6160097122192,2.5170817025355063e-05,0.0014774021692574024,0.9972518086433411,0.0012236920883879066,2.189643601013813e-05,Light_XM
/home/lmy/iot-device-classification/dataset/light_xm/round7_jitter/light_xm_r7.pcapng,R7,235,2353.810405731201,9.499573206994683e-05,0.072718046605587,0.9055484533309937,0.021405184641480446,0.00023328587121795863,Light_XM
/home/lmy/iot-device-classification/dataset/light_xm/round7_jitter/light_xm_r7.pcapng,R7,236,2364.861817836761,5.70573274671915e-06,0.0010255422675982118,0.9989461302757263,1.2164709005446639e-05,1.0448411558172666e-05,Light_XM
/home/lmy/iot-device-classification/dataset/light_xm/round7_jitter/light_xm_r7.pcapng,R7,237,2371.941505908966,0.00028758321423083544,0.04141625016927719,0.948766827583313,0.009087302722036839,0.00044206512393429875,Light_XM
/home/lmy/iot-device-classification/dataset/light_xm/round7_jitter/light_xm_r7.pcapng,R7,238,2386.259801626205,0.0009824434528127313,0.20127592980861664,0.02031639963388443,0.7772635221481323,0.00016168723232112825,Light_XM
/home/lmy/iot-device-classification/dataset/light_xm/round7_jitter/light_xm_r7.pcapng,R7,239,2390.093371868133,4.0820916183292866e-05,0.017363248392939568,0.981743335723877,0.0007981733069755137,5.445091301226057e-05,Light_XM
/home/lmy/iot-device-classification/dataset/light_xm/round7_jitter/light_xm_r7.pcapng,R7,240,2401.020689725876,3.679577639559284e-05,0.001592038432136178,0.9981624484062195,0.0001883152435766533,2.042228152276948e-05,Light_XM
/home/lmy/iot-device-classification/dataset/light_xm/round7_jitter/light_xm_r7.pcapng,R7,241,2413.9404113292694,0.00016527918342035264,0.7775049209594727,0.21397340297698975,0.00803579855710268,0.00032056678901426494,Light_XM
/home/lmy/iot-device-classification/dataset/light_xm/round7_jitter/light_xm_r7.pcapng,R7,242,2421.170889854431,0.00014341036148834974,0.0008865908021107316,0.9973167777061462,0.0016312826192006469,2.1953419491183013e-05,Light_XM
/home/lmy/iot-device-classification/dataset/light_xm/round7_jitter/light_xm_r7.pcapng,R7,243,2433.562793970108,1.172319934994448e-05,0.001726068090647459,0.9981422424316406,9.30844689719379e-05,2.6848827474168502e-05,Light_XM
/home/lmy/iot-device-classification/dataset/light_xm/round7_jitter/light_xm_r7.pcapng,R7,244,2440.2825038433075,0.0006706522544845939,0.8900800943374634,0.1080131083726883,0.000910264381673187,0.00032585480948910117,Light_XM
/home/lmy/iot-device-classification/dataset/light_xm/round7_jitter/light_xm_r7.pcapng,R7,245,2450.5732023715973,3.382229260751046e-05,0.018110377714037895,0.9815950393676758,0.00019361783051863313,6.712779577355832e-05,Light_XM
/home/lmy/iot-device-classification/dataset/light_xm/round7_jitter/light_xm_r7.pcapng,R7,246,2463.57657122612,0.00042209826642647386,0.034037038683891296,0.9528883695602417,0.01239313930273056,0.0002593818062450737,Light_XM
/home/lmy/iot-device-classification/dataset/light_xm/round7_jitter/light_xm_r7.pcapng,R7,247,2475.5755348205566,0.00014891099999658763,0.193364679813385,0.8057460784912109,0.000439371244283393,0.0003009674546774477,Light_XM
/home/lmy/iot-device-classification/dataset/light_xm/round7_jitter/light_xm_r7.pcapng,R7,248,2483.562212705612,1.153800531028537e-05,0.0017769449623301625,0.9980995059013367,8.69701398187317e-05,2.5028128220583312e-05,Light_XM
/home/lmy/iot-device-classification/dataset/light_xm/round7_jitter/light_xm_r7.pcapng,R7,249,2496.375587463379,5.5888529459480196e-05,0.021120307967066765,0.9784228205680847,0.00027459810371510684,0.0001264119491679594,Light_XM
/home/lmy/iot-device-classification/dataset/light_xm/round7_jitter/light_xm_r7.pcapng,R7,250,2500.34100151062,0.0002180609299102798,0.8896512389183044,0.06584323197603226,0.043830882757902145,0.00045657888404093683,Light_XM
/home/lmy/iot-device-classification/dataset/light_xm/round7_jitter/light_xm_r7.pcapng,R7,251,2510.201635122299,2.7876281819771975e-05,0.0026226495392620564,0.9963060617446899,0.001010156236588955,3.3235781302209944e-05,Light_XM
/home/lmy/iot-device-classification/dataset/light_xm/round7_jitter/light_xm_r7.pcapng,R7,252,2520.0117197036743,1.9585557311074808e-05,0.0010569063015282154,0.9972678422927856,0.0016371012898162007,1.8550910681369714e-05,Light_XM
/home/lmy/iot-device-classification/dataset/light_xm/round7_jitter/light_xm_r7.pcapng,R7,253,2530.931340932846,0.00013120920630171895,0.5245348811149597,0.4697015881538391,0.005303015001118183,0.0003292746841907501,Light_XM
/home/lmy/iot-device-classification/dataset/light_xm/round7_jitter/light_xm_r7.pcapng,R7,254,2540.231107234955,4.983247345080599e-05,0.025502560660243034,0.9737966656684875,0.0005812368472106755,6.962032784940675e-05,Light_XM
/home/lmy/iot-device-classification/dataset/light_xm/round7_jitter/light_xm_r7.pcapng,R7,255,2551.572830915451,0.0002231441903859377,0.9064491987228394,0.08704499155282974,0.0056116823107004166,0.0006709566223435104,Light_XM
/home/lmy/iot-device-classification/dataset/light_xm/round7_jitter/light_xm_r7.pcapng,R7,256,2565.0150487422943,0.00018384814029559493,0.05767858028411865,0.9416778087615967,0.00033758667996153235,0.00012216782488394529,Light_XM
/home/lmy/iot-device-classification/dataset/light_xm/round7_jitter/light_xm_r7.pcapng,R7,257,2575.4146780967712,3.465441113803536e-05,0.006116436328738928,0.9932184815406799,0.000574435864109546,5.5993670684983954e-05,Light_XM
/home/lmy/iot-device-classification/dataset/light_xm/round7_jitter/light_xm_r7.pcapng,R7,258,2580.441318750381,8.263067684310954e-06,0.00037622838863171637,0.9990465044975281,0.0005562429432757199,1.2741947102767881e-05,Light_XM
/home/lmy/iot-device-classification/dataset/light_xm/round7_jitter/light_xm_r7.pcapng,R7,259,2590.4534261226654,0.00023059146769810468,0.6449726223945618,0.2553228437900543,0.09884068369865417,0.000633280782494694,Light_XM
/home/lmy/iot-device-classification/dataset/light_xm/round7_jitter/light_xm_r7.pcapng,R7,260,2603.596045732498,4.864419679506682e-05,0.005281662568449974,0.0014542493736371398,0.9931672215461731,4.8291745770256966e-05,Light_XM
/home/lmy/iot-device-classification/dataset/light_xm/round7_jitter/light_xm_r7.pcapng,R7,261,2610.451020002365,1.516482461738633e-05,0.0012424025917425752,0.9984428286552429,0.00027504441095516086,2.4529406800866127e-05,Light_XM
/home/lmy/iot-device-classification/dataset/light_xm/round7_jitter/light_xm_r7.pcapng,R7,262,2621.5414571762085,6.43391176708974e-05,0.09686720371246338,0.9026519060134888,0.000254519545705989,0.00016201422840822488,Light_XM
/home/lmy/iot-device-classification/dataset/light_xm/round7_jitter/light_xm_r7.pcapng,R7,263,2633.551512479782,1.5359708413598128e-05,0.007414020597934723,0.9924964904785156,3.3617929148022085e-05,4.054547389387153e-05,Light_XM
/home/lmy/iot-device-classification/dataset/light_xm/round7_jitter/light_xm_r7.pcapng,R7,264,2642.737452030182,4.648429967346601e-05,0.00440026493743062,0.9901257753372192,0.005369939841330051,5.751431672251783e-05,Light_XM
/home/lmy/iot-device-classification/dataset/light_xm/round7_jitter/light_xm_r7.pcapng,R7,265,2654.45578789711,0.0008960346458479762,0.3029155135154724,0.6039295196533203,0.09123524278402328,0.0010237004607915878,Light_XM
/home/lmy/iot-device-classification/dataset/light_xm/round7_jitter/light_xm_r7.pcapng,R7,266,2661.8031787872314,5.813579628011212e-05,0.9782627820968628,0.021528132259845734,9.546629735268652e-05,5.5486842029495165e-05,Light_XM
/home/lmy/iot-device-classification/dataset/light_xm/round7_jitter/light_xm_r7.pcapng,R7,267,2671.1747488975525,0.028578447178006172,0.037171751260757446,0.46150436997413635,0.47199827432632446,0.0007472082506865263,Light_XM
/home/lmy/iot-device-classification/dataset/light_xm/round7_jitter/light_xm_r7.pcapng,R7,268,2680.9430022239685,0.00046726231812499464,0.37849435210227966,0.5106415748596191,0.10938483476638794,0.0010119520593434572,Light_XM
/home/lmy/iot-device-classification/dataset/light_xm/round7_jitter/light_xm_r7.pcapng,R7,269,2692.009129524231,0.00021744731930084527,0.948093593120575,0.04985010251402855,0.0013918651966378093,0.0004469804116524756,Light_XM
/home/lmy/iot-device-classification/dataset/light_xm/round7_jitter/light_xm_r7.pcapng,R7,270,2701.0998039245605,2.243331982754171e-05,0.0017620765138417482,0.9978037476539612,0.0003971044789068401,1.4588928024750203e-05,Light_XM
/home/lmy/iot-device-classification/dataset/light_xm/round7_jitter/light_xm_r7.pcapng,R7,271,2711.091678380966,0.00038559563108719885,0.4769233167171478,0.12264493852853775,0.3996003568172455,0.0004457421018742025,Light_XM
/home/lmy/iot-device-classification/dataset/light_xm/round7_jitter/light_xm_r7.pcapng,R7,272,2721.151560544968,3.869999636663124e-05,0.009754634462296963,0.9897840619087219,0.00034252714249305427,8.011914906091988e-05,Light_XM
/home/lmy/iot-device-classification/dataset/light_xm/round7_jitter/light_xm_r7.pcapng,R7,273,2730.355355501175,4.254728264641017e-05,0.09814722836017609,0.9008145928382874,0.0008678929880261421,0.00012777053052559495,Light_XM
/home/lmy/iot-device-classification/dataset/light_xm/round7_jitter/light_xm_r7.pcapng,R7,274,2741.330987930298,0.00014738737081643194,0.8016286492347717,0.19278353452682495,0.005037898663431406,0.00040255309431813657,Light_XM
/home/lmy/iot-device-classification/dataset/light_xm/round7_jitter/light_xm_r7.pcapng,R7,275,2750.16319489479,6.816863788117189e-06,0.0029861857183277607,0.9969695210456848,2.0792451323359273e-05,1.6751957446103916e-05,Light_XM
/home/lmy/iot-device-classification/dataset/light_xm/round7_jitter/light_xm_r7.pcapng,R7,276,2766.531286239624,5.417428383225342e-06,0.0017051257891580462,0.9981929659843445,8.223440818255767e-05,1.4271825421019457e-05,Light_XM
/home/lmy/iot-device-classification/dataset/light_xm/round7_jitter/light_xm_r7.pcapng,R7,277,2771.5639882087708,0.00015519138833042234,0.7101122736930847,0.25430071353912354,0.035066165030002594,0.000365658022928983,Light_XM
/home/lmy/iot-device-classification/dataset/light_xm/round7_jitter/light_xm_r7.pcapng,R7,278,2781.5089704990387,9.797422535484657e-05,0.012549793347716331,0.02501203492283821,0.9621641635894775,0.00017600832507014275,Light_XM
/home/lmy/iot-device-classification/dataset/light_xm/round7_jitter/light_xm_r7.pcapng,R7,279,2790.701418399811,0.00024629250401631,0.010753009468317032,0.9888368844985962,0.00013302775914780796,3.078654845012352e-05,Light_XM
/home/lmy/iot-device-classification/dataset/light_xm/round7_jitter/light_xm_r7.pcapng,R7,280,2802.9354813098907,0.0002329908893443644,0.08054154366254807,0.890053391456604,0.028909575194120407,0.0002624981279950589,Light_XM
/home/lmy/iot-device-classification/dataset/light_xm/round7_jitter/light_xm_r7.pcapng,R7,281,2811.4114797115326,0.00011524634464876726,0.0031474975403398275,0.9952438473701477,0.0014054473722353578,8.788709965301678e-05,Light_XM
/home/lmy/iot-device-classification/dataset/light_xm/round7_jitter/light_xm_r7.pcapng,R7,282,2823.574895143509,1.3231194316176698e-05,0.002503188792616129,0.9974052309989929,5.792379306512885e-05,2.037163358181715e-05,Light_XM
/home/lmy/iot-device-classification/dataset/light_xm/round7_jitter/light_xm_r7.pcapng,R7,283,2831.551496744156,0.0005067003075964749,0.7867292165756226,0.15358707308769226,0.05858142301440239,0.0005955611704848707,Light_XM
/home/lmy/iot-device-classification/dataset/light_xm/round7_jitter/light_xm_r7.pcapng,R7,284,2845.8151936531067,0.0012241520453244448,0.19982154667377472,0.2955232262611389,0.5027391910552979,0.0006918510189279914,Light_XM
/home/lmy/iot-device-classification/dataset/light_xm/round7_jitter/light_xm_r7.pcapng,R7,285,2850.1215059757237,5.764775414718315e-05,0.022554168477654457,0.9756383895874023,0.0016539072385057807,9.586345549905673e-05,Light_XM
/home/lmy/iot-device-classification/dataset/light_xm/round7_jitter/light_xm_r7.pcapng,R7,286,2861.0644342899323,0.00024247697729151696,0.8221652507781982,0.14603157341480255,0.030980529263615608,0.0005801947554573417,Light_XM
/home/lmy/iot-device-classification/dataset/light_xm/round7_jitter/light_xm_r7.pcapng,R7,287,2870.1414515972137,0.0006723321857862175,0.9244741201400757,0.012018301524221897,0.06254386156797409,0.0002913229982368648,Light_XM
/home/lmy/iot-device-classification/dataset/light_xm/round7_jitter/light_xm_r7.pcapng,R7,288,2881.483600616455,1.568431980558671e-05,0.022035209462046623,0.9777101278305054,0.00020695416606031358,3.203530650353059e-05,Light_XM
/home/lmy/iot-device-classification/dataset/light_xm/round7_jitter/light_xm_r7.pcapng,R7,289,2891.904294729233,0.00036255939630791545,0.28492245078086853,0.7103444933891296,0.003696543863043189,0.000673934817314148,Light_XM
/home/lmy/iot-device-classification/dataset/light_xm/round7_jitter/light_xm_r7.pcapng,R7,290,2903.3317863941197,0.00018879318668041378,0.6540336012840271,0.34553495049476624,7.551507587777451e-05,0.0001671681966399774,Light_XM
/home/lmy/iot-device-classification/dataset/light_xm/round7_jitter/light_xm_r7.pcapng,R7,291,2913.561202764511,5.461337059387006e-05,0.010907908901572227,0.9888063669204712,0.00018286358681507409,4.825407813768834e-05,Light_XM
/home/lmy/iot-device-classification/dataset/light_xm/round7_jitter/light_xm_r7.pcapng,R7,292,2920.3332188129425,0.0003158347972203046,0.686478316783905,0.3074049949645996,0.005375344771891832,0.00042550667421892285,Light_XM
/home/lmy/iot-device-classification/dataset/light_xm/round7_jitter/light_xm_r7.pcapng,R7,293,2930.131021261215,0.002783240983262658,0.5085976719856262,0.37287619709968567,0.11464032530784607,0.0011025893036276102,Light_XM
/home/lmy/iot-device-classification/dataset/light_xm/round7_jitter/light_xm_r7.pcapng,R7,294,2941.7241249084477,1.4341913811222184e-05,0.002335979836061597,0.997453510761261,0.00017139578994829208,2.479199793015141e-05,Light_XM
/home/lmy/iot-device-classification/dataset/light_xm/round7_jitter/light_xm_r7.pcapng,R7,295,2950.022183179856,0.00035784387728199363,0.7494291663169861,0.05960380658507347,0.19018417596817017,0.00042499107075855136,Light_XM
/home/lmy/iot-device-classification/dataset/light_xm/round7_jitter/light_xm_r7.pcapng,R7,296,2961.7017364501958,0.00013338576536625624,0.02671123668551445,0.9723708033561707,0.0006763372803106904,0.00010817165457410738,Light_XM
/home/lmy/iot-device-classification/dataset/light_xm/round7_jitter/light_xm_r7.pcapng,R7,297,2971.9327046871185,0.00021000532433390617,0.07239416986703873,0.9248791933059692,0.0020522060804069042,0.00046447000931948423,Light_XM
/home/lmy/iot-device-classification/dataset/light_xm/round7_jitter/light_xm_r7.pcapng,R7,298,2985.1760845184326,0.0006390959024429321,0.24308659136295319,0.7250319719314575,0.030560599640011787,0.000681804958730936,Light_XM
/home/lmy/iot-device-classification/dataset/light_xm/round7_jitter/light_xm_r7.pcapng,R7,299,2990.9819564819336,1.3703856893698685e-05,0.0009909773943945765,0.9985846281051636,0.00039661271148361266,1.4157375517243054e-05,Light_XM
/home/lmy/iot-device-classification/dataset/light_xm/round7_jitter/light_xm_r7.pcapng,R7,300,3003.5655450820923,0.0012386159505695105,0.0613771416246891,0.9357169270515442,0.001388233620673418,0.00027900413260795176,Light_XM
/home/lmy/iot-device-classification/dataset/light_xm/round7_jitter/light_xm_r7.pcapng,R7,301,3010.043843984604,0.000701210810802877,0.5283649563789368,0.46821171045303345,0.0021969261579215527,0.0005251951515674591,Light_XM
/home/lmy/iot-device-classification/dataset/light_xm/round7_jitter/light_xm_r7.pcapng,R7,302,3024.696585893631,9.256001249013934e-06,0.0006184282246977091,0.9989420771598816,0.0004132558242417872,1.699953463685233e-05,Light_XM
/home/lmy/iot-device-classification/dataset/light_xm/round7_jitter/light_xm_r7.pcapng,R7,303,3033.5734543800354,0.00013424508506432176,0.07724358141422272,0.9098824262619019,0.012432354502379894,0.00030739675275981426,Light_XM
/home/lmy/iot-device-classification/dataset/light_xm/round7_jitter/light_xm_r7.pcapng,R7,304,3044.29272723198,0.00011922830890398473,0.06781564652919769,0.9295133352279663,0.002279543550685048,0.0002722723875194788,Light_XM
/home/lmy/iot-device-classification/dataset/light_xm/round7_jitter/light_xm_r7.pcapng,R7,305,3050.701932430268,0.0002532129583414644,0.9584656953811646,0.02945779822766781,0.011414291337132454,0.0004089164431206882,Light_XM
/home/lmy/iot-device-classification/dataset/light_xm/round7_jitter/light_xm_r7.pcapng,R7,306,3064.451833486557,6.490029591077473e-06,0.00021221167116891593,0.9991253018379211,0.0006429372006095946,1.305767636949895e-05,Light_XM
/home/lmy/iot-device-classification/dataset/light_xm/round7_jitter/light_xm_r7.pcapng,R7,307,3076.6955547332764,9.575055446475744e-05,0.07021209597587585,0.9233630299568176,0.006189743056893349,0.00013944797683507204,Light_XM
/home/lmy/iot-device-classification/dataset/light_xm/round7_jitter/light_xm_r7.pcapng,R7,308,3086.8117418289185,6.935145938768983e-05,0.0057888152077794075,0.9888494610786438,0.005235163029283285,5.7196710258722305e-05,Light_XM
/home/lmy/iot-device-classification/dataset/light_xm/round7_jitter/light_xm_r7.pcapng,R7,309,3090.0223503112798,0.00024595161085017025,0.013800268061459064,0.9846677184104919,0.0012308352161198854,5.523073923541233e-05,Light_XM
/home/lmy/iot-device-classification/dataset/light_xm/round7_jitter/light_xm_r7.pcapng,R7,310,3100.464331388473,0.0006240269867703319,0.7734297513961792,0.2241239994764328,0.0014075801009312272,0.0004146830760873854,Light_XM
/home/lmy/iot-device-classification/dataset/light_xm/round7_jitter/light_xm_r7.pcapng,R7,311,3110.342677593231,0.00023920886451378465,0.034302134066820145,0.013255169615149498,0.9519411325454712,0.0002623530162964016,Light_XM
/home/lmy/iot-device-classification/dataset/light_xm/round7_jitter/light_xm_r7.pcapng,R7,312,3121.821567773819,1.0982510502799414e-05,0.0013595001073554158,0.9984164237976074,0.0001991104072658345,1.3957457667856943e-05,Light_XM
/home/lmy/iot-device-classification/dataset/light_xm/round7_jitter/light_xm_r7.pcapng,R7,313,3134.852615594864,9.913565736496821e-05,0.8107492327690125,0.18400606513023376,0.004813634790480137,0.0003319082024972886,Light_XM
/home/lmy/iot-device-classification/dataset/light_xm/round7_jitter/light_xm_r7.pcapng,R7,314,3143.597070217133,1.7946336811291985e-05,0.00125214084982872,0.998059093952179,0.0006418117554858327,2.8955453672097065e-05,Light_XM
/home/lmy/iot-device-classification/dataset/light_xm/round7_jitter/light_xm_r7.pcapng,R7,315,3151.9817180633545,2.0660350855905563e-05,0.004236996173858643,0.9954692125320435,0.00023325011716224253,3.9864564314484596e-05,Light_XM
/home/lmy/iot-device-classification/dataset/light_xm/round7_jitter/light_xm_r7.pcapng,R7,316,3163.102036714554,0.0010557258501648903,0.18957829475402832,0.5843175053596497,0.22432969510555267,0.0007187638548202813,Light_XM
/home/lmy/iot-device-classification/dataset/light_xm/round7_jitter/light_xm_r7.pcapng,R7,317,3170.5239477157597,3.110779289272614e-05,0.0011399694485589862,0.9969791173934937,0.0018242050427943468,2.560014218033757e-05,Light_XM
/home/lmy/iot-device-classification/dataset/light_xm/round7_jitter/light_xm_r7.pcapng,R7,318,3183.56169629097,0.0008810801664367318,0.341047465801239,0.6529169082641602,0.004701519384980202,0.0004530140431597829,Light_XM
/home/lmy/iot-device-classification/dataset/light_xm/round7_jitter/light_xm_r7.pcapng,R7,319,3191.9131655693054,0.00016104590031318367,0.16202914714813232,0.8263388872146606,0.011176141910254955,0.0002948078326880932,Light_XM
/home/lmy/iot-device-classification/dataset/light_xm/round7_jitter/light_xm_r7.pcapng,R7,320,3204.3717811107635,4.7040310164447874e-05,0.2617759108543396,0.7377198338508606,0.00034655610215850174,0.00011066123261116445,Light_XM
/home/lmy/iot-device-classification/dataset/light_xm/round7_jitter/light_xm_r7.pcapng,R7,321,3215.391700744629,5.552938091568649e-06,0.0002574114187154919,0.9991796612739563,0.000547120813280344,1.019838782667648e-05,Light_XM
/home/lmy/iot-device-classification/dataset/light_xm/round7_jitter/light_xm_r7.pcapng,R7,322,3226.456667661667,0.004736482631415129,0.13692334294319153,0.12147694826126099,0.7362428307533264,0.0006204156670719385,Light_XM
/home/lmy/iot-device-classification/dataset/light_xm/round7_jitter/light_xm_r7.pcapng,R7,323,3230.450402736664,8.141503349179402e-05,0.0032369347754865885,0.9951311349868774,0.0015044061001390219,4.6157383621903136e-05,Light_XM
/home/lmy/iot-device-classification/dataset/light_xm/round7_jitter/light_xm_r7.pcapng,R7,324,3241.567147731781,1.3082945770293009e-05,0.01271706074476242,0.9871746301651001,6.264297553570941e-05,3.265349005232565e-05,Light_XM
/home/lmy/iot-device-classification/dataset/light_xm/round7_jitter/light_xm_r7.pcapng,R7,325,3257.656490802765,0.00043928693048655987,0.10024415701627731,0.023986494168639183,0.8750009536743164,0.00032914095208980143,Light_XM
/home/lmy/iot-device-classification/dataset/light_xm/round7_jitter/light_xm_r7.pcapng,R7,326,3260.12562251091,3.6153054679743946e-05,0.021322794258594513,0.9780689477920532,0.0005079322727397084,6.416565884137526e-05,Light_XM
/home/lmy/iot-device-classification/dataset/light_xm/round7_jitter/light_xm_r7.pcapng,R7,327,3270.751746892929,0.0007151559693738818,0.5015125274658203,0.4796081483364105,0.017238426953554153,0.000925776781514287,Light_XM
/home/lmy/iot-device-classification/dataset/light_xm/round7_jitter/light_xm_r7.pcapng,R7,328,3282.851819753647,5.441565008368343e-05,0.93607497215271,0.06313776224851608,0.000625275366473943,0.00010756538540590554,Light_XM
/home/lmy/iot-device-classification/dataset/light_xm/round7_jitter/light_xm_r7.pcapng,R7,329,3294.9425926208496,3.628646663855761e-05,0.004068358801305294,0.9956835508346558,0.00018350851314608008,2.8339814889477566e-05,Light_XM
/home/lmy/iot-device-classification/dataset/light_xm/round7_jitter/light_xm_r7.pcapng,R7,330,3304.0981965065,4.8974237870424986e-05,0.004906242713332176,0.9946993589401245,0.00030311205773614347,4.2317107727285475e-05,Light_XM
/home/lmy/iot-device-classification/dataset/light_xm/round7_jitter/light_xm_r7.pcapng,R7,331,3315.105337619781,0.00020526727894321084,0.18124811351299286,0.8127391338348389,0.005300861317664385,0.0005066556623205543,Light_XM
/home/lmy/iot-device-classification/dataset/light_xm/round7_jitter/light_xm_r7.pcapng,R7,332,3323.596942186356,7.711182115599513e-05,0.009250533767044544,0.9899815917015076,0.0006400597048923373,5.0715043471427634e-05,Light_XM
/home/lmy/iot-device-classification/dataset/light_xm/round7_jitter/light_xm_r7.pcapng,R7,333,3334.204042911529,7.2428551902703475e-06,0.0019702708814293146,0.9979677796363831,3.920438757631928e-05,1.5422216165461577e-05,Light_XM
/home/lmy/iot-device-classification/dataset/light_xm/round7_jitter/light_xm_r7.pcapng,R7,334,3347.0959203243256,0.016745278611779213,0.726929247379303,0.1836024522781372,0.07102187722921371,0.0017011734889820218,Light_XM
/home/lmy/iot-device-classification/dataset/light_xm/round7_jitter/light_xm_r7.pcapng,R7,335,3351.3112258911133,4.264284871169366e-05,0.025032714009284973,0.9747372269630432,0.00016004868666641414,2.741072967182845e-05,Light_XM
/home/lmy/iot-device-classification/dataset/light_xm/round7_jitter/light_xm_r7.pcapng,R7,336,3360.0906500816345,2.1150955944904126e-05,0.010721774771809578,0.9886484742164612,0.0005675069987773895,4.105631523998454e-05,Light_XM
/home/lmy/iot-device-classification/dataset/light_xm/round7_jitter/light_xm_r7.pcapng,R7,337,3376.218465089798,0.00022227458248380572,0.3994276523590088,0.5984265804290771,0.0016809869557619095,0.00024248921545222402,Light_XM
/home/lmy/iot-device-classification/dataset/light_xm/round7_jitter/light_xm_r7.pcapng,R7,338,3381.5639724731445,3.611765714595094e-05,0.002957430901005864,0.9958292841911316,0.0011239516315981746,5.318965486367233e-05,Light_XM
/home/lmy/iot-device-classification/dataset/light_xm/round7_jitter/light_xm_r7.pcapng,R7,339,3393.561374425888,2.103257065755315e-05,0.0014033479383215308,0.9981662631034851,0.00038876524195075035,2.0578805560944602e-05,Light_XM
/home/lmy/iot-device-classification/dataset/light_xm/round7_jitter/light_xm_r7.pcapng,R7,340,3405.336352348328,0.0007791308453306556,0.17186671495437622,0.19825756549835205,0.6284486055374146,0.0006479739095084369,Light_XM
/home/lmy/iot-device-classification/dataset/light_xm/round7_jitter/light_xm_r7.pcapng,R7,341,3411.631434440613,0.0001707986812107265,0.013457758352160454,0.9843480587005615,0.001915067550726235,0.00010829655366251245,Light_XM
/home/lmy/iot-device-classification/dataset/light_xm/round7_jitter/light_xm_r7.pcapng,R7,342,3420.5217752456665,6.454782851506025e-05,0.03440367430448532,0.005250805057585239,0.9601506590843201,0.00013034444418735802,Light_XM
/home/lmy/iot-device-classification/dataset/light_xm/round7_jitter/light_xm_r7.pcapng,R7,343,3430.0520117282867,0.00029666395857930183,0.877537727355957,0.11747697740793228,0.004271828569471836,0.0004168017185293138,Light_XM
/home/lmy/iot-device-classification/dataset/light_xm/round7_jitter/light_xm_r7.pcapng,R7,344,3444.1426515579224,2.371326627326198e-05,0.0028139238711446524,0.9945040941238403,0.0026210411451756954,3.7278929085005075e-05,Light_XM
/home/lmy/iot-device-classification/dataset/light_xm/round7_jitter/light_xm_r7.pcapng,R7,345,3453.5740089416504,1.7150001440313645e-05,0.0005758947227150202,0.9986594915390015,0.0007237853133119643,2.3665152184548788e-05,Light_XM
/home/lmy/iot-device-classification/dataset/light_xm/round7_jitter/light_xm_r7.pcapng,R7,346,3464.1329262256622,0.0001964250986929983,0.0871221274137497,0.5678802728652954,0.3443584740161896,0.00044270421494729817,Light_XM
/home/lmy/iot-device-classification/dataset/light_xm/round7_jitter/light_xm_r7.pcapng,R7,347,3473.2528944015503,0.00010283265874022618,0.11981432139873505,0.8792582154273987,0.000625880784355104,0.00019869623065460473,Light_XM
/home/lmy/iot-device-classification/dataset/light_xm/round7_jitter/light_xm_r7.pcapng,R7,348,3481.3327140808105,2.0460276573430747e-05,0.003702784888446331,0.9959099292755127,0.0003261444508098066,4.07003280997742e-05,Light_XM
/home/lmy/iot-device-classification/dataset/light_xm/round7_jitter/light_xm_r7.pcapng,R7,349,3491.924481868744,0.000302468630252406,0.8379393815994263,0.08434702455997467,0.07674063742160797,0.0006704233237542212,Light_XM
/home/lmy/iot-device-classification/dataset/light_xm/round7_jitter/light_xm_r7.pcapng,R7,350,3503.601214885712,6.425329047488049e-05,0.0008762266952544451,0.9912275671958923,0.007770030293613672,6.194748857524246e-05,Light_XM
/home/lmy/iot-device-classification/dataset/light_xm/round7_jitter/light_xm_r7.pcapng,R7,351,3513.5734663009644,6.520481838379055e-05,0.0008895476930774748,0.9976001381874084,0.0013981389347463846,4.696957330452278e-05,Light_XM
/home/lmy/iot-device-classification/dataset/light_xm/round7_jitter/light_xm_r7.pcapng,R7,352,3521.1761384010315,0.0001264248858205974,0.9147422313690186,0.08236777037382126,0.002530671190470457,0.00023289269302040339,Light_XM
/home/lmy/iot-device-classification/dataset/light_xm/round7_jitter/light_xm_r7.pcapng,R7,353,3536.376351118088,0.00010488377301953733,0.019607597962021828,0.0349135622382164,0.9452806115150452,9.33644114411436e-05,Light_XM
/home/lmy/iot-device-classification/dataset/light_xm/round7_jitter/light_xm_r7.pcapng,R7,354,3540.1052927970886,0.0006790285115130246,0.27521228790283203,0.6153014898300171,0.10740896314382553,0.0013981809606775641,Light_XM
/home/lmy/iot-device-classification/dataset/light_xm/round7_jitter/light_xm_r7.pcapng,R7,355,3551.702547311783,0.00019866562797687948,0.4203187823295593,0.5732985734939575,0.005744812544435263,0.0004391703987494111,Light_XM
/home/lmy/iot-device-classification/dataset/light_xm/round7_jitter/light_xm_r7.pcapng,R7,356,3560.4702684879303,6.841435242677107e-05,0.0140527980402112,0.9817332029342651,0.004067791160196066,7.771905075060204e-05,Light_XM
/home/lmy/iot-device-classification/dataset/light_xm/round7_jitter/light_xm_r7.pcapng,R7,357,3572.000980615616,1.1364937563485e-05,0.000937495322432369,0.9988769888877869,0.00014956785889808089,2.456993024679832e-05,Light_XM
/home/lmy/iot-device-classification/dataset/light_xm/round7_jitter/light_xm_r7.pcapng,R7,358,3585.972540616989,0.00019982215599156916,0.24972455203533173,0.5788454413414001,0.17067664861679077,0.0005535322707146406,Light_XM
/home/lmy/iot-device-classification/dataset/light_xm/round7_jitter/light_xm_r7.pcapng,R7,359,3591.0048813819885,0.0005956356762908399,0.8811488747596741,0.0952235609292984,0.022327730432152748,0.0007041728822514415,Light_XM
/home/lmy/iot-device-classification/dataset/light_xm/round7_jitter/light_xm_r7.pcapng,R7,360,3600.0102870464325,2.436407157802023e-05,0.011946825310587883,0.9879371523857117,5.016983413952403e-05,4.1486084228381515e-05,Light_XM
/home/lmy/iot-device-classification/dataset/light_xm/round7_jitter/light_xm_r7.pcapng,R7,361,3610.501780033112,0.0017292877892032266,0.7319724559783936,0.062048569321632385,0.2035875767469406,0.0006621120846830308,Light_XM
/home/lmy/iot-device-classification/dataset/light_xm/round7_jitter/light_xm_r7.pcapng,R7,362,3620.172435283661,2.5985191314248368e-05,0.006187067367136478,0.9937119483947754,5.5025659094098955e-05,2.001286884478759e-05,Light_XM
/home/lmy/iot-device-classification/dataset/light_xm/round7_jitter/light_xm_r7.pcapng,R7,363,3632.222194433212,3.9633072447031736e-05,0.03491801768541336,0.9645052552223206,0.0004694588133133948,6.762908742530271e-05,Light_XM
/home/lmy/iot-device-classification/dataset/light_xm/round7_jitter/light_xm_r7.pcapng,R7,364,3642.3063979148874,0.00016555462207179517,0.021057335659861565,0.9781081676483154,0.0005296237068250775,0.00013924992526881397,Light_XM
/home/lmy/iot-device-classification/dataset/light_xm/round7_jitter/light_xm_r7.pcapng,R7,365,3650.791303396225,7.454142905771732e-05,0.024907974526286125,0.9742175936698914,0.00067613844294101,0.0001237358374055475,Light_XM
/home/lmy/iot-device-classification/dataset/light_xm/round7_jitter/light_xm_r7.pcapng,R7,366,3661.4047527313232,1.2050830264342949e-05,0.003755389479920268,0.9959654808044434,0.00023816984321456403,2.8865353669971228e-05,Light_XM
/home/lmy/iot-device-classification/dataset/light_xm/round7_jitter/light_xm_r7.pcapng,R7,367,3672.521239995957,0.0008604906033724546,0.37059348821640015,0.03358548879623413,0.594481348991394,0.0004791943938471377,Light_XM
/home/lmy/iot-device-classification/dataset/light_xm/round7_jitter/light_xm_r7.pcapng,R7,368,3681.501968860626,4.486814941628836e-05,0.03441685065627098,0.9647746086120605,0.000669838220346719,9.380729898111895e-05,Light_XM
/home/lmy/iot-device-classification/dataset/light_xm/round7_jitter/light_xm_r7.pcapng,R7,369,3690.1925823688503,0.0003985934308730066,0.27977898716926575,0.645118236541748,0.07404039800167084,0.0006637996411882341,Light_XM
/home/lmy/iot-device-classification/dataset/light_xm/round7_jitter/light_xm_r7.pcapng,R7,370,3703.652059316635,0.00025036974693648517,0.4123644530773163,0.19669611752033234,0.3902396857738495,0.0004493356100283563,Light_XM
/home/lmy/iot-device-classification/dataset/light_xm/round7_jitter/light_xm_r7.pcapng,R7,371,3711.768187999725,0.0006349983159452677,0.7913773059844971,0.19974514842033386,0.007802475709468126,0.0004400655161589384,Light_XM
/home/lmy/iot-device-classification/dataset/light_xm/round7_jitter/light_xm_r7.pcapng,R7,372,3723.5668981075287,8.003618859220296e-05,0.011438286863267422,0.9879193305969238,0.0005230048554949462,3.936689245165326e-05,Light_XM
/home/lmy/iot-device-classification/dataset/light_xm/round7_jitter/light_xm_r7.pcapng,R7,373,3734.85170006752,0.00010866353113669902,0.02537728287279606,0.48228394985198975,0.49198055267333984,0.00024959989241324365,Light_XM
/home/lmy/iot-device-classification/dataset/light_xm/round7_jitter/light_xm_r7.pcapng,R7,374,3746.45658826828,3.303321136627346e-05,0.00046861160080879927,0.9982086420059204,0.0012633318547159433,2.633657459227834e-05,Light_XM
/home/lmy/iot-device-classification/dataset/light_xm/round7_jitter/light_xm_r7.pcapng,R7,375,3753.561542749405,0.0002638600126374513,0.4021829068660736,0.592157244682312,0.004965531174093485,0.00043048791121691465,Light_XM
/home/lmy/iot-device-classification/dataset/light_xm/round7_jitter/light_xm_r7.pcapng,R7,376,3761.309798002243,0.00013040730846114457,0.19258791208267212,0.06805168092250824,0.738867998123169,0.00036198904854245484,Light_XM
/home/lmy/iot-device-classification/dataset/light_xm/round7_jitter/light_xm_r7.pcapng,R7,377,3770.1414313316345,7.406139775412157e-05,0.11350422352552414,0.8857382535934448,0.0005586906336247921,0.00012477765267249197,Light_XM
/home/lmy/iot-device-classification/dataset/light_xm/round7_jitter/light_xm_r7.pcapng,R7,378,3785.978195667267,6.818689871579409e-05,0.010048762895166874,0.0045472546480596066,0.9852560758590698,7.972364983288571e-05,Light_XM
/home/lmy/iot-device-classification/dataset/light_xm/round7_jitter/light_xm_r7.pcapng,R7,379,3790.222139596939,0.0001952544553205371,0.8088231086730957,0.1881653368473053,0.002505343407392502,0.0003109248646069318,Light_XM
/home/lmy/iot-device-classification/dataset/light_xm/round7_jitter/light_xm_r7.pcapng,R7,380,3800.292293548584,1.9282824723632075e-05,0.005880630109459162,0.9939860105514526,9.155918814940378e-05,2.2541842554346658e-05,Light_XM
/home/lmy/iot-device-classification/dataset/light_xm/round7_jitter/light_xm_r7.pcapng,R7,381,3813.344484806061,0.0002507999597582966,0.017871327698230743,0.9810861945152283,0.0006919672596268356,9.97271781670861e-05,Light_XM
/home/lmy/iot-device-classification/dataset/light_xm/round7_jitter/light_xm_r7.pcapng,R7,382,3823.41299033165,0.0032880939543247223,0.8033816814422607,0.16948066651821136,0.02206803299486637,0.0017814717721194029,Light_XM
/home/lmy/iot-device-classification/dataset/light_xm/round7_jitter/light_xm_r7.pcapng,R7,383,3830.204282283783,3.792739153141156e-05,0.0065840426832437515,0.9923496842384338,0.000964288366958499,6.402844883268699e-05,Light_XM
/home/lmy/iot-device-classification/dataset/light_xm/round7_jitter/light_xm_r7.pcapng,R7,384,3842.658911943436,9.526122448733076e-05,0.026268133893609047,0.9724279642105103,0.0011538591934368014,5.480308027472347e-05,Light_XM
/home/lmy/iot-device-classification/dataset/light_xm/round7_jitter/light_xm_r7.pcapng,R7,385,3854.709052801132,0.0005168242496438324,0.08389659970998764,0.23769263923168182,0.6773385405540466,0.0005554293747991323,Light_XM
/home/lmy/iot-device-classification/dataset/light_xm/round7_jitter/light_xm_r7.pcapng,R7,386,3863.596972465515,0.00016468203102704138,0.01708918809890747,0.9785389304161072,0.004075614269822836,0.00013163873518351465,Light_XM
/home/lmy/iot-device-classification/dataset/light_xm/round7_jitter/light_xm_r7.pcapng,R7,387,3870.515325307846,0.00012598421017173678,0.038829851895570755,0.9600914716720581,0.0007480644271709025,0.000204613505047746,Light_XM
/home/lmy/iot-device-classification/dataset/light_xm/round7_jitter/light_xm_r7.pcapng,R7,388,3885.8472940921774,0.00436792615801096,0.47035446763038635,0.0039053279906511307,0.5211013555526733,0.00027088887873105705,Light_XM
/home/lmy/iot-device-classification/dataset/light_xm/round7_jitter/light_xm_r7.pcapng,R7,389,3890.916788339615,0.00027278446941636503,0.6180090308189392,0.3085014820098877,0.07275386899709702,0.00046283091069199145,Light_XM
/home/lmy/iot-device-classification/dataset/light_xm/round7_jitter/light_xm_r7.pcapng,R7,390,3902.9505603313446,0.0001342811156064272,0.03171198070049286,0.9486156105995178,0.019370408728718758,0.00016765622422099113,Light_XM
/home/lmy/iot-device-classification/dataset/light_xm/round7_jitter/light_xm_r7.pcapng,R7,391,3914.042176246643,0.0002002897672355175,0.15121659636497498,0.8076949119567871,0.04046256095170975,0.0004256060055922717,Light_XM
/home/lmy/iot-device-classification/dataset/light_xm/round7_jitter/light_xm_r7.pcapng,R7,392,3921.244720458984,2.4799699531286024e-05,0.018493181094527245,0.98135906457901,8.058739331318066e-05,4.240901762386784e-05,Light_XM
/home/lmy/iot-device-classification/dataset/light_xm/round7_jitter/light_xm_r7.pcapng,R7,393,3931.0003514289856,0.0001734189281705767,0.04686922952532768,0.01808187924325466,0.9345868825912476,0.0002886047586798668,Light_XM
/home/lmy/iot-device-classification/dataset/sensor/round7_jitter/sensor_r7.pcapng,R7,0,0.0,0.00036792512401007116,0.0015776375075802207,0.0022479051258414984,0.9957426190376282,6.386745371855795e-05,Sensor
/home/lmy/iot-device-classification/dataset/sensor/round7_jitter/sensor_r7.pcapng,R7,1,10.01150631904602,0.0002191802195739001,0.007064567878842354,0.0035720712039619684,0.9891077280044556,3.644367097876966e-05,Sensor
/home/lmy/iot-device-classification/dataset/sensor/round7_jitter/sensor_r7.pcapng,R7,2,20.020873546600345,8.00871493993327e-05,0.010707988403737545,0.00022430835815612227,0.9889208078384399,6.676278280792758e-05,Sensor
/home/lmy/iot-device-classification/dataset/sensor/round7_jitter/sensor_r7.pcapng,R7,3,30.03076195716858,0.0003929275553673506,0.06675657629966736,0.0015566002111881971,0.9311094284057617,0.00018444424495100975,Sensor
/home/lmy/iot-device-classification/dataset/sensor/round7_jitter/sensor_r7.pcapng,R7,4,40.04822134971619,0.00021003802248742431,0.05443486198782921,0.01462194137275219,0.9305833578109741,0.0001498245110269636,Sensor
/home/lmy/iot-device-classification/dataset/sensor/round7_jitter/sensor_r7.pcapng,R7,5,50.050044298172,0.0002177447167923674,0.024298297241330147,0.9710103869438171,0.004331851378083229,0.00014173067756928504,Sensor
/home/lmy/iot-device-classification/dataset/sensor/round7_jitter/sensor_r7.pcapng,R7,6,60.061086654663086,0.0007474402664229274,0.2839130163192749,0.005827327724546194,0.7091888189315796,0.00032341625774279237,Sensor
/home/lmy/iot-device-classification/dataset/sensor/round7_jitter/sensor_r7.pcapng,R7,7,70.1141369342804,0.00045944619341753423,0.9507186412811279,0.024040957912802696,0.02449873276054859,0.0002822635287884623,Sensor
/home/lmy/iot-device-classification/dataset/sensor/round7_jitter/sensor_r7.pcapng,R7,8,80.08313941955566,0.0005942097050137818,0.33668118715286255,0.0009817644022405148,0.6613447070121765,0.00039816138450987637,Sensor
/home/lmy/iot-device-classification/dataset/sensor/round7_jitter/sensor_r7.pcapng,R7,9,90.10663962364195,0.0016642736736685038,0.14876197278499603,0.010639762505888939,0.8379095196723938,0.0010244534350931644,Sensor
/home/lmy/iot-device-classification/dataset/sensor/round7_jitter/sensor_r7.pcapng,R7,10,100.09950757026672,0.0012747027212753892,0.490496426820755,0.03533145412802696,0.4721857011318207,0.0007117862114682794,Sensor
/home/lmy/iot-device-classification/dataset/sensor/round7_jitter/sensor_r7.pcapng,R7,11,110.1074242591858,4.115527553949505e-05,0.0020249136723577976,0.0010005286894738674,0.9969161748886108,1.7211739759659395e-05,Sensor
/home/lmy/iot-device-classification/dataset/sensor/round7_jitter/sensor_r7.pcapng,R7,12,120.12209677696228,0.0008857856155373156,0.9488328099250793,0.017314855009317398,0.03275374695658684,0.0002128323685610667,Sensor
/home/lmy/iot-device-classification/dataset/sensor/round7_jitter/sensor_r7.pcapng,R7,13,130.12971258163452,0.0003565902297850698,0.060881804674863815,0.022740205749869347,0.9159131050109863,0.00010830653627635911,Sensor
/home/lmy/iot-device-classification/dataset/sensor/round7_jitter/sensor_r7.pcapng,R7,14,140.14079022407532,6.991884583840147e-05,0.007552779745310545,0.0008054055506363511,0.9914895296096802,8.240825991379097e-05,Sensor
/home/lmy/iot-device-classification/dataset/sensor/round7_jitter/sensor_r7.pcapng,R7,15,150.14970064163208,0.000695229391567409,0.009311461821198463,0.42410001158714294,0.5655335187911987,0.00035973970079794526,Sensor
/home/lmy/iot-device-classification/dataset/sensor/round7_jitter/sensor_r7.pcapng,R7,16,160.15115594863892,0.0002469191967975348,0.07209432870149612,0.04947476089000702,0.8778688311576843,0.00031521881464868784,Sensor
/home/lmy/iot-device-classification/dataset/sensor/round7_jitter/sensor_r7.pcapng,R7,17,170.17201375961304,0.00047414793516509235,0.07048403471708298,0.002689510816708207,0.9260994791984558,0.00025282305432483554,Sensor
/home/lmy/iot-device-classification/dataset/sensor/round7_jitter/sensor_r7.pcapng,R7,18,180.1807305812836,0.0009704496478661895,0.018552180379629135,0.005850473418831825,0.9744268655776978,0.000199984380742535,Sensor
/home/lmy/iot-device-classification/dataset/sensor/round7_jitter/sensor_r7.pcapng,R7,19,190.18964195251465,0.00031745093292556703,0.012112473137676716,0.014272410422563553,0.9732345342636108,6.3111430790741e-05,Sensor
/home/lmy/iot-device-classification/dataset/sensor/round7_jitter/sensor_r7.pcapng,R7,20,200.1175775527954,0.00018027352052740753,0.4273686408996582,0.0006952089606784284,0.571381151676178,0.00037468585651367903,Sensor
/home/lmy/iot-device-classification/dataset/sensor/round7_jitter/sensor_r7.pcapng,R7,21,210.2095832824707,2.7040687200496905e-05,0.0046110330149531364,0.000411091314163059,0.9949085116386414,4.234037987771444e-05,Sensor
/home/lmy/iot-device-classification/dataset/sensor/round7_jitter/sensor_r7.pcapng,R7,22,220.22055792808533,0.00037160306237637997,0.012053214944899082,0.01345254760235548,0.9740357398986816,8.691130642546341e-05,Sensor
/home/lmy/iot-device-classification/dataset/sensor/round7_jitter/sensor_r7.pcapng,R7,23,230.2294809818268,0.0009597649914212525,0.2691695988178253,0.12425681948661804,0.6046902537345886,0.000923548243008554,Sensor
/home/lmy/iot-device-classification/dataset/sensor/round7_jitter/sensor_r7.pcapng,R7,24,240.2461533546448,0.0001017155300360173,0.04402840510010719,0.0005473665078170598,0.9551728963851929,0.00014960713451728225,Sensor
/home/lmy/iot-device-classification/dataset/sensor/round7_jitter/sensor_r7.pcapng,R7,25,250.14292860031128,0.001019307761453092,0.8696678876876831,0.03695929795503616,0.09194651246070862,0.0004070080758538097,Sensor
/home/lmy/iot-device-classification/dataset/sensor/round7_jitter/sensor_r7.pcapng,R7,26,260.25908374786377,0.0002145823382306844,0.7205185294151306,0.0020000196527689695,0.27689895033836365,0.00036791322054341435,Sensor
/home/lmy/iot-device-classification/dataset/sensor/round7_jitter/sensor_r7.pcapng,R7,27,270.26903343200684,0.0002419829834252596,0.059319306164979935,0.00047956607886590064,0.9398439526557922,0.00011525808804435655,Sensor
/home/lmy/iot-device-classification/dataset/sensor/round7_jitter/sensor_r7.pcapng,R7,28,280.27984976768494,0.0003428884956520051,0.5477164387702942,0.12203240394592285,0.3294084668159485,0.0004997860523872077,Sensor
/home/lmy/iot-device-classification/dataset/sensor/round7_jitter/sensor_r7.pcapng,R7,29,290.10450196266174,0.014012359082698822,0.5304127335548401,0.0017286303918808699,0.45327481627464294,0.0005714992294088006,Sensor
/home/lmy/iot-device-classification/dataset/sensor/round7_jitter/sensor_r7.pcapng,R7,30,300.2988693714142,0.00013201851106714457,0.8921301364898682,0.007590757217258215,0.09984447062015533,0.00030261962092481554,Sensor
/home/lmy/iot-device-classification/dataset/sensor/round7_jitter/sensor_r7.pcapng,R7,31,310.30916810035706,0.005358919035643339,0.4493885636329651,0.016323763877153397,0.528505802154541,0.00042301046778447926,Sensor
/home/lmy/iot-device-classification/dataset/sensor/round7_jitter/sensor_r7.pcapng,R7,32,320.3288941383362,0.00028740157722495496,0.015451014041900635,0.0017197190318256617,0.9824129343032837,0.00012895285908598453,Sensor
/home/lmy/iot-device-classification/dataset/sensor/round7_jitter/sensor_r7.pcapng,R7,33,330.3294405937195,0.00030117941787466407,0.06444249302148819,0.0014876604545861483,0.933480441570282,0.00028820065199397504,Sensor
/home/lmy/iot-device-classification/dataset/sensor/round7_jitter/sensor_r7.pcapng,R7,34,340.0402903556824,0.0007496736943721771,0.5529176592826843,0.3986782729625702,0.0471663624048233,0.00048800717922858894,Sensor
/home/lmy/iot-device-classification/dataset/sensor/round7_jitter/sensor_r7.pcapng,R7,35,350.34859800338745,0.0001572987821418792,0.007289039436727762,0.0015267288545146585,0.990909993648529,0.0001169888855656609,Sensor
/home/lmy/iot-device-classification/dataset/sensor/round7_jitter/sensor_r7.pcapng,R7,36,360.3584117889404,3.2649131753714755e-05,0.0039364369586110115,0.00038071672315709293,0.9956061244010925,4.408749009598978e-05,Sensor
/home/lmy/iot-device-classification/dataset/sensor/round7_jitter/sensor_r7.pcapng,R7,37,370.36800026893616,0.0015069028595462441,0.6744134426116943,0.16057312488555908,0.16243840754032135,0.00106811395380646,Sensor
/home/lmy/iot-device-classification/dataset/sensor/round7_jitter/sensor_r7.pcapng,R7,38,380.10418343544006,0.002781432820484042,0.0824936032295227,0.006308150012046099,0.908243715763092,0.0001730779476929456,Sensor
/home/lmy/iot-device-classification/dataset/sensor/round7_jitter/sensor_r7.pcapng,R7,39,390.38832807540894,4.156019349466078e-05,0.0028366360347718,0.002399326302111149,0.9946771860122681,4.53549982921686e-05,Sensor
/home/lmy/iot-device-classification/dataset/sensor/round7_jitter/sensor_r7.pcapng,R7,40,400.27909302711487,0.00022910910774953663,0.0741373673081398,0.5667283535003662,0.3583593964576721,0.000545769406016916,Sensor
/home/lmy/iot-device-classification/dataset/sensor/round7_jitter/sensor_r7.pcapng,R7,41,410.4082853794098,0.00015240907669067383,0.04032367840409279,0.010732843540608883,0.9485523700714111,0.00023878164938651025,Sensor
/home/lmy/iot-device-classification/dataset/sensor/round7_jitter/sensor_r7.pcapng,R7,42,420.4175498485565,8.785037789493799e-05,0.042328622192144394,0.0006975176511332393,0.9567815661430359,0.00010449945693835616,Sensor
/home/lmy/iot-device-classification/dataset/sensor/round7_jitter/sensor_r7.pcapng,R7,43,430.14173412323,0.006560979411005974,0.8846006989479065,0.018687717616558075,0.08990918844938278,0.00024140554887708277,Sensor
/home/lmy/iot-device-classification/dataset/sensor/round7_jitter/sensor_r7.pcapng,R7,44,440.43807911872864,0.0008916610386222601,0.42427128553390503,0.012070607393980026,0.5619944930076599,0.0007719796267338097,Sensor
/home/lmy/iot-device-classification/dataset/sensor/round7_jitter/sensor_r7.pcapng,R7,45,450.4480674266815,0.0020498866215348244,0.03608962148427963,0.5865442752838135,0.37443727254867554,0.0008789583225734532,Sensor
/home/lmy/iot-device-classification/dataset/sensor/round7_jitter/sensor_r7.pcapng,R7,46,460.4578955173493,6.123416096670553e-05,0.01897851750254631,0.0023033248726278543,0.9786089062690735,4.801152317668311e-05,Sensor
/home/lmy/iot-device-classification/dataset/sensor/round7_jitter/sensor_r7.pcapng,R7,47,470.10260701179504,0.0015015945537015796,0.36833852529525757,0.005819166544824839,0.6238858699798584,0.00045479065738618374,Sensor
/home/lmy/iot-device-classification/dataset/sensor/round7_jitter/sensor_r7.pcapng,R7,48,480.4793078899384,1.3292901712702587e-05,0.0033815905917435884,8.310021075885743e-05,0.9965086579322815,1.3383699297264684e-05,Sensor
/home/lmy/iot-device-classification/dataset/sensor/round7_jitter/sensor_r7.pcapng,R7,49,490.48734951019287,3.5861947253579274e-05,0.0014689683448523283,0.018089659512043,0.9803668260574341,3.866467886837199e-05,Sensor
/home/lmy/iot-device-classification/dataset/sensor/round7_jitter/sensor_r7.pcapng,R7,50,500.4982874393463,3.748069502762519e-05,0.011413652449846268,0.002581983571872115,0.9858862161636353,8.063721907092258e-05,Sensor
/home/lmy/iot-device-classification/dataset/sensor/round7_jitter/sensor_r7.pcapng,R7,51,510.5080306529999,0.00038587854942306876,0.030652470886707306,0.0022660433314740658,0.9665506482124329,0.00014491470938082784,Sensor
/home/lmy/iot-device-classification/dataset/sensor/round7_jitter/sensor_r7.pcapng,R7,52,520.1505167484283,0.00048734116717241704,0.34538358449935913,0.14528562128543854,0.5085130333900452,0.00033044363954104483,Sensor
/home/lmy/iot-device-classification/dataset/sensor/round7_jitter/sensor_r7.pcapng,R7,53,530.5289635658264,7.23633129382506e-05,0.005516083911061287,0.0008305420633405447,0.9935317635536194,4.930318027618341e-05,Sensor
/home/lmy/iot-device-classification/dataset/sensor/round7_jitter/sensor_r7.pcapng,R7,54,540.5376598834991,0.0006263550603762269,0.41532859206199646,0.003229734255000949,0.5804304480552673,0.000384875456802547,Sensor
/home/lmy/iot-device-classification/dataset/sensor/round7_jitter/sensor_r7.pcapng,R7,55,550.5477602481842,0.0014550909399986267,0.6486218571662903,0.11363333463668823,0.23530760407447815,0.000982070341706276,Sensor
/home/lmy/iot-device-classification/dataset/sensor/round7_jitter/sensor_r7.pcapng,R7,56,560.1000225543976,4.53612556157168e-05,0.09745528548955917,0.0008692421251907945,0.9015092253684998,0.0001208631438203156,Sensor
/home/lmy/iot-device-classification/dataset/sensor/round7_jitter/sensor_r7.pcapng,R7,57,570.5680968761444,3.5940363886766136e-05,0.008059442974627018,8.869472367223352e-05,0.991794764995575,2.1110485249664634e-05,Sensor
/home/lmy/iot-device-classification/dataset/sensor/round7_jitter/sensor_r7.pcapng,R7,58,580.5774064064026,0.0006613028235733509,0.6225526332855225,0.28922194242477417,0.08680305629968643,0.0007610231405124068,Sensor
/home/lmy/iot-device-classification/dataset/sensor/round7_jitter/sensor_r7.pcapng,R7,59,590.5872430801392,2.6977688321494497e-05,0.0015173727879300714,0.0002737211179919541,0.9981532692909241,2.869323725462891e-05,Sensor
/home/lmy/iot-device-classification/dataset/sensor/round7_jitter/sensor_r7.pcapng,R7,60,600.5977523326874,4.0723873098613694e-05,0.005592512432485819,0.0008745099767111242,0.9934535026550293,3.879830182995647e-05,Sensor
/home/lmy/iot-device-classification/dataset/sensor/round7_jitter/sensor_r7.pcapng,R7,61,610.1393411159515,0.00026282150065526366,0.032342202961444855,0.01163222175091505,0.9556713700294495,9.144281648332253e-05,Sensor
/home/lmy/iot-device-classification/dataset/sensor/round7_jitter/sensor_r7.pcapng,R7,62,620.6179056167603,0.0004161291872151196,0.013195337727665901,0.000611466180998832,0.9856675863265991,0.00010949077841360122,Sensor
/home/lmy/iot-device-classification/dataset/sensor/round7_jitter/sensor_r7.pcapng,R7,63,630.6274807453156,4.358616024546791e-06,0.0007921858923509717,0.0011832625605165958,0.998009979724884,1.0292457773175556e-05,Sensor
/home/lmy/iot-device-classification/dataset/sensor/round7_jitter/sensor_r7.pcapng,R7,64,640.6382689476013,0.0003353010688442737,0.0005847372813150287,0.004468000028282404,0.9945934414863586,1.852983950811904e-05,Sensor
/home/lmy/iot-device-classification/dataset/sensor/round7_jitter/sensor_r7.pcapng,R7,65,650.1024866104126,7.87134631536901e-05,0.015827763825654984,0.00022915369481779635,0.983810544013977,5.381477240007371e-05,Sensor
/home/lmy/iot-device-classification/dataset/sensor/round7_jitter/sensor_r7.pcapng,R7,66,660.6587414741516,0.016629382967948914,0.37766677141189575,0.0411657989025116,0.5627517700195312,0.0017862828681245446,Sensor
/home/lmy/iot-device-classification/dataset/sensor/round7_jitter/sensor_r7.pcapng,R7,67,670.6669235229492,0.0002249721874250099,0.8591947555541992,0.10222150385379791,0.03800094500184059,0.00035778721212409437,Sensor
/home/lmy/iot-device-classification/dataset/sensor/round7_jitter/sensor_r7.pcapng,R7,68,680.6786463260651,0.00030403040000237525,0.041506264358758926,0.004310045391321182,0.9536372423171997,0.00024246536486316472,Sensor
/home/lmy/iot-device-classification/dataset/sensor/round7_jitter/sensor_r7.pcapng,R7,69,690.6904673576355,2.5035255021066405e-05,0.002773852786049247,0.00501839816570282,0.9921278953552246,5.478971797856502e-05,Sensor
/home/lmy/iot-device-classification/dataset/sensor/round7_jitter/sensor_r7.pcapng,R7,70,700.1391880512238,0.0003725632559508085,0.012620052322745323,0.9746888875961304,0.012153674848377705,0.00016483826038893312,Sensor
/home/lmy/iot-device-classification/dataset/sensor/round7_jitter/sensor_r7.pcapng,R7,71,710.4500231742859,3.273021138738841e-05,0.004696309566497803,0.00026015000184997916,0.9949634075164795,4.737404015031643e-05,Sensor
/home/lmy/iot-device-classification/dataset/sensor/round7_jitter/sensor_r7.pcapng,R7,72,720.7168843746185,0.00014029188605491072,0.005281456280499697,0.0028255486395210028,0.9917114973068237,4.1246010368922725e-05,Sensor
/home/lmy/iot-device-classification/dataset/sensor/round7_jitter/sensor_r7.pcapng,R7,73,730.7326765060425,2.6175974198849872e-05,0.0217299647629261,0.0067445337772369385,0.9714598059654236,3.950746759073809e-05,Sensor
/home/lmy/iot-device-classification/dataset/sensor/round7_jitter/sensor_r7.pcapng,R7,74,740.0994279384613,0.0010085757821798325,0.20517656207084656,0.33399122953414917,0.4588311016559601,0.0009925169870257378,Sensor
/home/lmy/iot-device-classification/dataset/sensor/round7_jitter/sensor_r7.pcapng,R7,75,750.7470030784607,2.5451612600591034e-05,0.0007685483433306217,0.06522449105978012,0.9339417815208435,3.977440428570844e-05,Sensor
/home/lmy/iot-device-classification/dataset/sensor/round7_jitter/sensor_r7.pcapng,R7,76,760.3699522018433,0.0003513165866024792,0.6134247183799744,0.13999365270137787,0.2454555779695511,0.0007747868658043444,Sensor
/home/lmy/iot-device-classification/dataset/sensor/round7_jitter/sensor_r7.pcapng,R7,77,770.773209810257,0.013568606227636337,0.4249497354030609,0.012146582826972008,0.5482415556907654,0.0010935119353234768,Sensor
/home/lmy/iot-device-classification/dataset/sensor/round7_jitter/sensor_r7.pcapng,R7,78,780.5788953304291,5.252034679870121e-05,0.020927365869283676,0.00033362972317263484,0.9786319732666016,5.4503772844327614e-05,Sensor
/home/lmy/iot-device-classification/dataset/sensor/round7_jitter/sensor_r7.pcapng,R7,79,790.1464500427246,0.0027579795569181442,0.7243646383285522,0.12497606873512268,0.147358700633049,0.0005426023271866143,Sensor
/home/lmy/iot-device-classification/dataset/sensor/round7_jitter/sensor_r7.pcapng,R7,80,800.7972059249878,0.00018142360204365104,0.004198719281703234,0.0003616986214183271,0.9952150583267212,4.312514283810742e-05,Sensor
/home/lmy/iot-device-classification/dataset/sensor/round7_jitter/sensor_r7.pcapng,R7,81,810.8099753856659,6.969497007958125e-06,0.0007650196785107255,0.00032304463093169034,0.998885452747345,1.9558166968636215e-05,Sensor
/home/lmy/iot-device-classification/dataset/sensor/round7_jitter/sensor_r7.pcapng,R7,82,820.1380321979523,0.00011009066656697541,0.02969207987189293,0.02327892929315567,0.9468206763267517,9.814234363147989e-05,Sensor
/home/lmy/iot-device-classification/dataset/sensor/round7_jitter/sensor_r7.pcapng,R7,83,830.0984926223755,5.015105489292182e-05,0.0653587132692337,0.0004909540875814855,0.934010922908783,8.924045687308535e-05,Sensor
/home/lmy/iot-device-classification/dataset/sensor/round7_jitter/sensor_r7.pcapng,R7,84,840.8360743522644,0.00451254565268755,0.7501754760742188,0.018964705988764763,0.22458600997924805,0.0017612403025850654,Sensor
/home/lmy/iot-device-classification/dataset/sensor/round7_jitter/sensor_r7.pcapng,R7,85,850.8464829921722,0.00027071349904872477,0.18664942681789398,0.703440248966217,0.10913897305727005,0.0005006035207770765,Sensor
/home/lmy/iot-device-classification/dataset/sensor/round7_jitter/sensor_r7.pcapng,R7,86,860.0873742103577,0.0010997859062626958,0.03170568868517876,0.004644341766834259,0.9623919725418091,0.00015818251995369792,Sensor
/home/lmy/iot-device-classification/dataset/sensor/round7_jitter/sensor_r7.pcapng,R7,87,870.866366147995,0.0002615631674416363,0.0078710513189435,0.001643124152906239,0.9901684522628784,5.581283039646223e-05,Sensor
/home/lmy/iot-device-classification/dataset/sensor/round7_jitter/sensor_r7.pcapng,R7,88,880.1464126110077,0.0035899800714105368,0.019054098054766655,0.17302365601062775,0.8040380477905273,0.0002942151331808418,Sensor
/home/lmy/iot-device-classification/dataset/sensor/round7_jitter/sensor_r7.pcapng,R7,89,890.8889026641846,6.486019992735237e-05,0.009204613976180553,0.0007098885253071785,0.9899427890777588,7.780055602779612e-05,Sensor
/home/lmy/iot-device-classification/dataset/sensor/round7_jitter/sensor_r7.pcapng,R7,90,900.8965179920197,1.1031300346076023e-05,0.0003311293839942664,9.303919796366245e-05,0.9995586276054382,6.157922143756878e-06,Sensor
/home/lmy/iot-device-classification/dataset/sensor/round7_jitter/sensor_r7.pcapng,R7,91,910.9062349796296,0.00024221213243436068,0.03688637912273407,0.13228155672550201,0.8303760886192322,0.0002137355477316305,Sensor
/home/lmy/iot-device-classification/dataset/sensor/round7_jitter/sensor_r7.pcapng,R7,92,920.0976905822754,0.0010273465886712074,0.06193173676729202,0.008834774605929852,0.9279494285583496,0.0002567570481915027,Sensor
/home/lmy/iot-device-classification/dataset/sensor/round7_jitter/sensor_r7.pcapng,R7,93,930.9260737895966,6.828477580711478e-06,0.000351948372554034,8.116178651107475e-05,0.9995550513267517,4.93424704473e-06,Sensor
/home/lmy/iot-device-classification/dataset/sensor/round7_jitter/sensor_r7.pcapng,R7,94,940.9377846717834,0.00016916992899496108,0.03260368853807449,0.03181225433945656,0.9352650046348572,0.00014985095185693353,Sensor
/home/lmy/iot-device-classification/dataset/sensor/round7_jitter/sensor_r7.pcapng,R7,95,950.9464344978333,0.00044351990800350904,0.010075001046061516,0.0010923378868028522,0.9882837533950806,0.00010542661766521633,Sensor
/home/lmy/iot-device-classification/dataset/sensor/round7_jitter/sensor_r7.pcapng,R7,96,960.9560813903807,0.00023454494657926261,0.02061009779572487,0.011530990712344646,0.9675368070602417,8.750840788707137e-05,Sensor
/home/lmy/iot-device-classification/dataset/sensor/round7_jitter/sensor_r7.pcapng,R7,97,970.1455845832824,0.0036631952971220016,0.48528391122817993,0.22089575231075287,0.2892831861972809,0.0008739555487409234,Sensor
/home/lmy/iot-device-classification/dataset/sensor/round7_jitter/sensor_r7.pcapng,R7,98,980.9761693477632,0.00011400302173569798,0.0018639222253113985,0.00018882266886066645,0.9978061318397522,2.709899126784876e-05,Sensor
/home/lmy/iot-device-classification/dataset/sensor/round7_jitter/sensor_r7.pcapng,R7,99,990.98601937294,0.00014789904525969177,0.002007255097851157,0.0003027663624379784,0.9975069165229797,3.5156212106812745e-05,Sensor
/home/lmy/iot-device-classification/dataset/sensor/round7_jitter/sensor_r7.pcapng,R7,100,1001.001528263092,1.1992153304163367e-05,0.0012863948941230774,0.00040050409734249115,0.9982913136482239,9.789969226403628e-06,Sensor
/home/lmy/iot-device-classification/dataset/sensor/round7_jitter/sensor_r7.pcapng,R7,101,1010.0974762439728,0.0004257395339664072,0.029246605932712555,0.0008802909287624061,0.9693328142166138,0.00011453205661382526,Sensor
/home/lmy/iot-device-classification/dataset/sensor/round7_jitter/sensor_r7.pcapng,R7,102,1021.0159814357758,0.00013852384290657938,0.016764992848038673,0.010112748481333256,0.9728541374206543,0.00012956321006640792,Sensor
/home/lmy/iot-device-classification/dataset/sensor/round7_jitter/sensor_r7.pcapng,R7,103,1031.0273327827454,3.239948637201451e-05,0.001672919956035912,0.001504029263742268,0.9967798590660095,1.0819068847922608e-05,Sensor
/home/lmy/iot-device-classification/dataset/sensor/round7_jitter/sensor_r7.pcapng,R7,104,1040.728594303131,0.0006257411441765726,0.364117830991745,0.2182496339082718,0.41601383686065674,0.0009929564548656344,Sensor
/home/lmy/iot-device-classification/dataset/sensor/round7_jitter/sensor_r7.pcapng,R7,105,1051.0459072589874,0.00021732035384047776,0.008135873824357986,0.003621992189437151,0.9879361987113953,8.864378469297662e-05,Sensor
/home/lmy/iot-device-classification/dataset/sensor/round7_jitter/sensor_r7.pcapng,R7,106,1060.1355757713318,0.0038475266192108393,0.7506317496299744,0.19865630567073822,0.04632168635725975,0.0005427582073025405,Sensor
/home/lmy/iot-device-classification/dataset/sensor/round7_jitter/sensor_r7.pcapng,R7,107,1071.0670733451843,9.943452823790722e-06,0.00045373913599178195,0.0037520439364016056,0.9957627654075623,2.159420728276018e-05,Sensor
/home/lmy/iot-device-classification/dataset/sensor/round7_jitter/sensor_r7.pcapng,R7,108,1080.7013731002808,1.2454688658181112e-05,0.008282497525215149,0.00015411488129757345,0.9915310144424438,1.9899613107554615e-05,Sensor
/home/lmy/iot-device-classification/dataset/sensor/round7_jitter/sensor_r7.pcapng,R7,109,1091.0851283073423,9.375529043609276e-05,0.0010491061257198453,0.024720672518014908,0.9741127490997314,2.376020529482048e-05,Sensor
/home/lmy/iot-device-classification/dataset/sensor/round7_jitter/sensor_r7.pcapng,R7,110,1100.0957415103912,0.003135448321700096,0.1126139760017395,0.030283702537417412,0.8534985780715942,0.00046829384518787265,Sensor
/home/lmy/iot-device-classification/dataset/sensor/round7_jitter/sensor_r7.pcapng,R7,111,1111.1062424182892,0.0002531837089918554,0.07359830290079117,0.001664857380092144,0.9243670701980591,0.00011663683108054101,Sensor
/home/lmy/iot-device-classification/dataset/sensor/round7_jitter/sensor_r7.pcapng,R7,112,1121.1187167167664,0.0009148345561698079,0.32899805903434753,0.06294461339712143,0.6064790487289429,0.0006634669261984527,Sensor
/home/lmy/iot-device-classification/dataset/sensor/round7_jitter/sensor_r7.pcapng,R7,113,1131.125873088837,0.00025805344921536744,0.00949154980480671,0.0007012703572399914,0.989476203918457,7.29592502466403e-05,Sensor
/home/lmy/iot-device-classification/dataset/sensor/round7_jitter/sensor_r7.pcapng,R7,114,1140.854994058609,0.0004837825254071504,0.290768027305603,0.009685598313808441,0.6986702084541321,0.00039242199272848666,Sensor
/home/lmy/iot-device-classification/dataset/sensor/round7_jitter/sensor_r7.pcapng,R7,115,1150.1341135501862,0.0007042904035188258,0.6733181476593018,0.31229734420776367,0.013138466514647007,0.0005417359061539173,Sensor
/home/lmy/iot-device-classification/dataset/sensor/round7_jitter/sensor_r7.pcapng,R7,116,1161.1563293933868,7.950252620503306e-05,0.0049553317949175835,8.707670349394903e-05,0.994858980178833,1.916509609145578e-05,Sensor
/home/lmy/iot-device-classification/dataset/sensor/round7_jitter/sensor_r7.pcapng,R7,117,1171.1655797958374,5.9826390497619286e-05,0.04687032848596573,0.00018513787654228508,0.9528237581253052,6.091799514251761e-05,Sensor
/home/lmy/iot-device-classification/dataset/sensor/round7_jitter/sensor_r7.pcapng,R7,118,1180.144160747528,0.0008486380684189498,0.8365415930747986,0.08729285001754761,0.07481532543897629,0.0005015748902224004,Sensor
/home/lmy/iot-device-classification/dataset/sensor/round7_jitter/sensor_r7.pcapng,R7,119,1190.1102783679962,0.00016959574713837355,0.07303579151630402,0.018943239003419876,0.9075763821601868,0.0002749163832049817,Sensor
/home/lmy/iot-device-classification/dataset/sensor/round7_jitter/sensor_r7.pcapng,R7,120,1201.1954729557035,0.0001441193016944453,0.01584392599761486,0.004384040832519531,0.9795015454292297,0.00012630572018679231,Sensor
/home/lmy/iot-device-classification/dataset/sensor/round7_jitter/sensor_r7.pcapng,R7,121,1211.2052025794983,0.0027221934869885445,0.2795896828174591,0.14523519575595856,0.5719321370124817,0.0005207958165556192,Sensor
/home/lmy/iot-device-classification/dataset/sensor/round7_jitter/sensor_r7.pcapng,R7,122,1221.2153582572937,0.00020850906730629504,0.002883755834773183,0.00024709475110284984,0.9966332316398621,2.737854447332211e-05,Sensor
/home/lmy/iot-device-classification/dataset/sensor/round7_jitter/sensor_r7.pcapng,R7,123,1230.4461810588837,0.0004461118078324944,0.02049148827791214,0.00034625237458385527,0.9786534309387207,6.278152432059869e-05,Sensor
/home/lmy/iot-device-classification/dataset/sensor/round7_jitter/sensor_r7.pcapng,R7,124,1240.1482515335083,0.002239050343632698,0.30035164952278137,0.6445173025131226,0.05221269652247429,0.0006792763597331941,Sensor
/home/lmy/iot-device-classification/dataset/sensor/round7_jitter/sensor_r7.pcapng,R7,125,1251.2452445030212,1.230905945703853e-05,0.0005343786324374378,0.0005728148971684277,0.9988646507263184,1.5904213796602562e-05,Sensor
/home/lmy/iot-device-classification/dataset/sensor/round7_jitter/sensor_r7.pcapng,R7,126,1261.2554528713226,0.00025337227270938456,0.004768396262079477,0.000552234472706914,0.9943658113479614,6.022764137014747e-05,Sensor
/home/lmy/iot-device-classification/dataset/sensor/round7_jitter/sensor_r7.pcapng,R7,127,1271.2652962207794,0.000975071860011667,0.6629922986030579,0.21557828783988953,0.11987395584583282,0.0005803607637062669,Sensor
/home/lmy/iot-device-classification/dataset/sensor/round7_jitter/sensor_r7.pcapng,R7,128,1280.0948090553284,0.0013152097817510366,0.016482116654515266,0.008763518184423447,0.9732828140258789,0.00015626578533556312,Sensor
/home/lmy/iot-device-classification/dataset/sensor/round7_jitter/sensor_r7.pcapng,R7,129,1291.284877061844,2.2939047994441353e-05,0.0031394953839480877,0.00019326500478200614,0.9966160655021667,2.8242890039109625e-05,Sensor
/home/lmy/iot-device-classification/dataset/sensor/round7_jitter/sensor_r7.pcapng,R7,130,1301.295181274414,0.0010815401328727603,0.852958083152771,0.06933778524398804,0.07604960352182388,0.0005730370176024735,Sensor
/home/lmy/iot-device-classification/dataset/sensor/round7_jitter/sensor_r7.pcapng,R7,131,1311.3048329353333,0.0011475791689008474,0.3766431212425232,0.010903586633503437,0.6103454828262329,0.000960228790063411,Sensor
/home/lmy/iot-device-classification/dataset/sensor/round7_jitter/sensor_r7.pcapng,R7,132,1321.3152768611908,0.00032453349558636546,0.2286657840013504,0.0021872485522180796,0.7686357498168945,0.00018664999515749514,Sensor
/home/lmy/iot-device-classification/dataset/sensor/round7_jitter/sensor_r7.pcapng,R7,133,1330.1489281654358,0.0010006367228925228,0.012677324935793877,0.33505406975746155,0.6510812044143677,0.00018678503693081439,Sensor
/home/lmy/iot-device-classification/dataset/sensor/round7_jitter/sensor_r7.pcapng,R7,134,1341.3346309661863,0.00018449970229994506,0.506685733795166,0.02634824812412262,0.46657055616378784,0.00021100288722664118,Sensor
/home/lmy/iot-device-classification/dataset/sensor/round7_jitter/sensor_r7.pcapng,R7,135,1351.3449025154114,8.472025365335867e-05,0.06506757438182831,0.04330970346927643,0.8914139270782471,0.00012407288886606693,Sensor
/home/lmy/iot-device-classification/dataset/sensor/round7_jitter/sensor_r7.pcapng,R7,136,1360.7713387012482,0.000116412338684313,0.028058787807822227,0.015264400281012058,0.9564465284347534,0.00011385943071218207,Sensor
/home/lmy/iot-device-classification/dataset/sensor/round7_jitter/sensor_r7.pcapng,R7,137,1370.0930206775663,0.0014977779937908053,0.03407587856054306,0.02357204258441925,0.9406238794326782,0.00023040262749418616,Sensor
/home/lmy/iot-device-classification/dataset/sensor/round7_jitter/sensor_r7.pcapng,R7,138,1380.0827751159668,0.0005924295401200652,0.10863617807626724,0.007243427447974682,0.8831305503845215,0.0003973704297095537,Sensor
/home/lmy/iot-device-classification/dataset/sensor/round7_jitter/sensor_r7.pcapng,R7,139,1391.3839099407196,0.00252174842171371,0.3451453149318695,0.0552569180727005,0.596622109413147,0.00045392787433229387,Sensor
/home/lmy/iot-device-classification/dataset/sensor/round7_jitter/sensor_r7.pcapng,R7,140,1401.2823333740234,0.00032991994521580637,0.0245318952947855,0.0029728710651397705,0.971922755241394,0.00024259781639557332,Sensor
/home/lmy/iot-device-classification/dataset/sensor/round7_jitter/sensor_r7.pcapng,R7,141,1411.403992652893,1.6273761502816342e-05,0.002452453598380089,0.000572335091419518,0.9969334602355957,2.543677510402631e-05,Sensor
/home/lmy/iot-device-classification/dataset/sensor/round7_jitter/sensor_r7.pcapng,R7,142,1420.1318101882937,0.012077786028385162,0.04442853853106499,0.6472904682159424,0.2956688106060028,0.0005344399833120406,Sensor
/home/lmy/iot-device-classification/dataset/sensor/round7_jitter/sensor_r7.pcapng,R7,143,1431.4359638690948,0.00016434771532658488,0.037913329899311066,0.002039350103586912,0.959689199924469,0.00019370470545254648,Sensor
/home/lmy/iot-device-classification/dataset/sensor/round7_jitter/sensor_r7.pcapng,R7,144,1441.434386968613,0.0002776494075078517,0.03648993372917175,0.017019284889101982,0.946115255355835,9.782999404706061e-05,Sensor
/home/lmy/iot-device-classification/dataset/sensor/round7_jitter/sensor_r7.pcapng,R7,145,1450.92533993721,0.00010470925190020353,0.0538465715944767,0.017762552946805954,0.9281151294708252,0.00017100188415497541,Sensor
/home/lmy/iot-device-classification/dataset/sensor/round7_jitter/sensor_r7.pcapng,R7,146,1460.094182014465,0.0006222673109732568,0.02066916786134243,0.0011236186837777495,0.9774712920188904,0.00011362809163983911,Sensor
/home/lmy/iot-device-classification/dataset/sensor/round7_jitter/sensor_r7.pcapng,R7,147,1471.4660742282867,0.0001611049665370956,0.13078926503658295,0.057378146797418594,0.8113717436790466,0.00029973138589411974,Sensor
/home/lmy/iot-device-classification/dataset/sensor/round7_jitter/sensor_r7.pcapng,R7,148,1481.474401473999,0.0008234168635681272,0.03867856785655022,0.018036190420389175,0.9421499371528625,0.0003119178581982851,Sensor
/home/lmy/iot-device-classification/dataset/sensor/round7_jitter/sensor_r7.pcapng,R7,149,1491.4843485355375,0.00011787647235905752,0.0077171847224235535,0.001029936713166535,0.9910814762115479,5.347625119611621e-05,Sensor
/home/lmy/iot-device-classification/dataset/sensor/round7_jitter/sensor_r7.pcapng,R7,150,1501.4947662353516,3.204795939382166e-05,0.008448563516139984,0.0007463516667485237,0.9906710386276245,0.00010202892008237541,Sensor
/home/lmy/iot-device-classification/dataset/sensor/round7_jitter/sensor_r7.pcapng,R7,151,1510.1413819789886,0.0010154286865144968,0.013103737495839596,0.19257578253746033,0.7931032776832581,0.00020176739781163633,Sensor
/home/lmy/iot-device-classification/dataset/sensor/round7_jitter/sensor_r7.pcapng,R7,152,1521.5224430561066,0.00020326337835285813,0.34115538001060486,0.002034719567745924,0.6563584804534912,0.00024814295466057956,Sensor
/home/lmy/iot-device-classification/dataset/sensor/round7_jitter/sensor_r7.pcapng,R7,153,1531.5233566761017,3.578643736545928e-05,0.010172227397561073,0.000243126240093261,0.9894956946372986,5.315748421708122e-05,Sensor
/home/lmy/iot-device-classification/dataset/sensor/round7_jitter/sensor_r7.pcapng,R7,154,1540.130624294281,0.00013113432214595377,0.008493545465171337,0.020427459850907326,0.9708536863327026,9.420754213351756e-05,Sensor
/home/lmy/iot-device-classification/dataset/sensor/round7_jitter/sensor_r7.pcapng,R7,155,1550.0922858715055,9.519169543636963e-05,0.09378399699926376,0.0004600064712576568,0.9055785536766052,8.222935139201581e-05,Sensor
/home/lmy/iot-device-classification/dataset/sensor/round7_jitter/sensor_r7.pcapng,R7,156,1561.5559675693512,0.0012119726743549109,0.0762980505824089,0.049054864794015884,0.8730998635292053,0.0003352229541633278,Sensor
/home/lmy/iot-device-classification/dataset/sensor/round7_jitter/sensor_r7.pcapng,R7,157,1571.2340750694275,0.0011881847167387605,0.7962377071380615,0.1393134593963623,0.06285271048545837,0.0004079458594787866,Sensor
/home/lmy/iot-device-classification/dataset/sensor/round7_jitter/sensor_r7.pcapng,R7,158,1581.574730873108,0.0012750569730997086,0.0555938296020031,0.36380916833877563,0.5785921812057495,0.0007297121919691563,Sensor
/home/lmy/iot-device-classification/dataset/sensor/round7_jitter/sensor_r7.pcapng,R7,159,1590.6740906238556,0.00032609078334644437,0.04457739740610123,0.009448830038309097,0.9454842805862427,0.0001634130021557212,Sensor
/home/lmy/iot-device-classification/dataset/sensor/round7_jitter/sensor_r7.pcapng,R7,160,1600.1364107131958,0.000168434256920591,0.6101792454719543,0.3807521462440491,0.008572502993047237,0.0003276856441516429,Sensor
/home/lmy/iot-device-classification/dataset/sensor/round7_jitter/sensor_r7.pcapng,R7,161,1611.6077735424042,0.000418684707256034,0.06897033751010895,0.0059026977978646755,0.9242905974388123,0.0004176958464086056,Sensor
/home/lmy/iot-device-classification/dataset/sensor/round7_jitter/sensor_r7.pcapng,R7,162,1621.6150591373444,0.00042401233804412186,0.016457797959446907,0.0008810563595034182,0.9821338057518005,0.00010334661783417687,Sensor
/home/lmy/iot-device-classification/dataset/sensor/round7_jitter/sensor_r7.pcapng,R7,163,1631.6243543624878,0.00010250468767480925,0.06854294240474701,0.00402942206710577,0.9272352457046509,8.992746006697416e-05,Sensor
/home/lmy/iot-device-classification/dataset/sensor/round7_jitter/sensor_r7.pcapng,R7,164,1640.103597164154,0.00011637276475084946,0.003304695477709174,0.0008388336864300072,0.9957138299942017,2.6315861759940162e-05,Sensor
/home/lmy/iot-device-classification/dataset/sensor/round7_jitter/sensor_r7.pcapng,R7,165,1651.648384809494,1.880167292256374e-05,0.007164565846323967,8.030524622881785e-05,0.9927218556404114,1.4465072126768064e-05,Sensor
/home/lmy/iot-device-classification/dataset/sensor/round7_jitter/sensor_r7.pcapng,R7,166,1661.6543698310852,0.10247336328029633,0.06960535794496536,0.24859654903411865,0.5782843828201294,0.0010403287597000599,Sensor
/home/lmy/iot-device-classification/dataset/sensor/round7_jitter/sensor_r7.pcapng,R7,167,1671.0650146007538,0.000167699865414761,0.2837485671043396,0.0008962397114373744,0.7150706052780151,0.0001168418166344054,Sensor
/home/lmy/iot-device-classification/dataset/sensor/round7_jitter/sensor_r7.pcapng,R7,168,1680.0603477954865,6.761062832083553e-05,0.01135314628481865,0.00016093617887236178,0.9883988499641418,1.948287354025524e-05,Sensor
/home/lmy/iot-device-classification/dataset/sensor/round7_jitter/sensor_r7.pcapng,R7,169,1690.129117488861,0.0019741638097912073,0.16520239412784576,0.07051660120487213,0.7614692449569702,0.0008376081241294742,Sensor
/home/lmy/iot-device-classification/dataset/sensor/round7_jitter/sensor_r7.pcapng,R7,170,1700.020429134369,3.2963671401375905e-05,0.00514655327424407,0.0018216391326859593,0.9929526448249817,4.621698099072091e-05,Sensor
/home/lmy/iot-device-classification/dataset/sensor/round7_jitter/sensor_r7.pcapng,R7,171,1710.923228740692,9.756324288900942e-05,0.01788743957877159,0.0008039006497710943,0.9811235070228577,8.754390728427097e-05,Sensor
/home/lmy/iot-device-classification/dataset/sensor/round7_jitter/sensor_r7.pcapng,R7,172,1721.7139711380005,1.3217769264883827e-05,0.001076453598216176,0.005930559244006872,0.9929612278938293,1.848193642217666e-05,Sensor
/home/lmy/iot-device-classification/dataset/sensor/round7_jitter/sensor_r7.pcapng,R7,173,1730.102112531662,6.710657908115536e-05,0.008909729309380054,0.0031000813469290733,0.9878687262535095,5.43101123184897e-05,Sensor
/home/lmy/iot-device-classification/dataset/sensor/round7_jitter/sensor_r7.pcapng,R7,174,1740.0426242351532,0.0010485919192433357,0.24244344234466553,0.04295577108860016,0.7125979065895081,0.0009542895131744444,Sensor
/home/lmy/iot-device-classification/dataset/sensor/round7_jitter/sensor_r7.pcapng,R7,175,1750.820386171341,0.0004829018434975296,0.046065788716077805,0.0843726247549057,0.8687307238578796,0.00034798504202626646,Sensor
/home/lmy/iot-device-classification/dataset/sensor/round7_jitter/sensor_r7.pcapng,R7,176,1761.7530238628387,0.000311552663333714,0.007976545952260494,0.0006867824122309685,0.990949809551239,7.52775595174171e-05,Sensor
/home/lmy/iot-device-classification/dataset/sensor/round7_jitter/sensor_r7.pcapng,R7,177,1771.7633373737335,9.924456389853731e-05,0.007384186144918203,0.00030406363657675683,0.9921619296073914,5.0613907660590485e-05,Sensor
/home/lmy/iot-device-classification/dataset/sensor/round7_jitter/sensor_r7.pcapng,R7,178,1780.1399912834167,0.0009923652978613973,0.6488789916038513,0.2628593146800995,0.08618462085723877,0.001084749586880207,Sensor
/home/lmy/iot-device-classification/dataset/sensor/round7_jitter/sensor_r7.pcapng,R7,179,1791.0682139396667,0.000332318915752694,0.037099868059158325,0.002811160869896412,0.9595648646354675,0.00019175240595359355,Sensor
/home/lmy/iot-device-classification/dataset/sensor/round7_jitter/sensor_r7.pcapng,R7,180,1801.7925539016724,0.00019819749286398292,0.028027508407831192,0.0017456564819440246,0.9698864221572876,0.00014222755271475762,Sensor
/home/lmy/iot-device-classification/dataset/sensor/round7_jitter/sensor_r7.pcapng,R7,181,1810.7370345592497,0.00017620956350583583,0.6151670813560486,0.06223417446017265,0.32216349244117737,0.00025906451628543437,Sensor
/home/lmy/iot-device-classification/dataset/sensor/round7_jitter/sensor_r7.pcapng,R7,182,1820.088829755783,0.00032259669387713075,0.07602479308843613,0.0007625606376677752,0.9227926731109619,9.734964260132983e-05,Sensor
/home/lmy/iot-device-classification/dataset/sensor/round7_jitter/sensor_r7.pcapng,R7,183,1830.0198798179624,0.006203964352607727,0.18917514383792877,0.2026352733373642,0.5991868376731873,0.002798771020025015,Sensor
/home/lmy/iot-device-classification/dataset/sensor/round7_jitter/sensor_r7.pcapng,R7,184,1841.8331570625303,0.0007647848105989397,0.02802693285048008,0.08827686309814453,0.88265061378479,0.00028078892501071095,Sensor
/home/lmy/iot-device-classification/dataset/sensor/round7_jitter/sensor_r7.pcapng,R7,185,1850.1688811779024,0.00015512089885305613,0.02434707246720791,0.0007299810531549156,0.9747033715248108,6.44873216515407e-05,Sensor
/home/lmy/iot-device-classification/dataset/sensor/round7_jitter/sensor_r7.pcapng,R7,186,1861.467823266983,3.1511361157754436e-05,0.006288002710789442,0.0003055647248402238,0.993346095085144,2.8797072445740923e-05,Sensor
/home/lmy/iot-device-classification/dataset/sensor/round7_jitter/sensor_r7.pcapng,R7,187,1870.1271574497223,0.000666088773868978,0.02053680084645748,0.17954643070697784,0.7989304661750793,0.0003201941726729274,Sensor
/home/lmy/iot-device-classification/dataset/sensor/round7_jitter/sensor_r7.pcapng,R7,188,1881.4814517498016,0.00021705668768845499,0.05465558543801308,0.0003880469885189086,0.9446212649345398,0.00011810321302618831,Sensor
/home/lmy/iot-device-classification/dataset/sensor/round7_jitter/sensor_r7.pcapng,R7,189,1891.8839945793152,4.86406497657299e-06,0.0039019938558340073,0.0002471565385349095,0.9958353042602539,1.0620741704769898e-05,Sensor
/home/lmy/iot-device-classification/dataset/sensor/round7_jitter/sensor_r7.pcapng,R7,190,1901.8933458328247,9.726528332976159e-06,0.0022619268856942654,0.0033524506725370884,0.994358479976654,1.7381396901328117e-05,Sensor
/home/lmy/iot-device-classification/dataset/sensor/round7_jitter/sensor_r7.pcapng,R7,191,1910.087752342224,0.0010381632018834352,0.09378872066736221,0.01459807250648737,0.8897102475166321,0.0008648292277939618,Sensor
/home/lmy/iot-device-classification/dataset/sensor/round7_jitter/sensor_r7.pcapng,R7,192,1920.5668587684631,7.286748586921021e-05,0.004806262906640768,0.00039909587940201163,0.9946763515472412,4.546625859802589e-05,Sensor
/home/lmy/iot-device-classification/dataset/sensor/round7_jitter/sensor_r7.pcapng,R7,193,1931.922912120819,0.0011279580648988485,0.0016507128020748496,0.002325659152120352,0.9948771595954895,1.8592094420455396e-05,Sensor
/home/lmy/iot-device-classification/dataset/sensor/round7_jitter/sensor_r7.pcapng,R7,194,1941.801438331604,2.7454663722892292e-05,0.002585937036201358,0.00020577196846716106,0.9971268773078918,5.401961607276462e-05,Sensor
/home/lmy/iot-device-classification/dataset/sensor/round7_jitter/sensor_r7.pcapng,R7,195,1951.9429240226743,0.0006074448465369642,0.4551307260990143,0.4981035590171814,0.045689333230257034,0.0004689678899012506,Sensor
/home/lmy/iot-device-classification/dataset/sensor/round7_jitter/sensor_r7.pcapng,R7,196,1960.138783931732,0.06444282829761505,0.4993146061897278,0.10911872237920761,0.32600513100624084,0.0011187385534867644,Sensor
/home/lmy/iot-device-classification/dataset/sensor/round7_jitter/sensor_r7.pcapng,R7,197,1971.7668142318728,0.0001543443650007248,0.2912573516368866,0.001904324279166758,0.7064082622528076,0.00027573498664423823,Sensor
/home/lmy/iot-device-classification/dataset/sensor/round7_jitter/sensor_r7.pcapng,R7,198,1981.9740941524503,0.0028918783646076918,0.24986617267131805,0.018952233716845512,0.727655291557312,0.00063444918487221,Sensor
/home/lmy/iot-device-classification/dataset/sensor/round7_jitter/sensor_r7.pcapng,R7,199,1990.006371498108,0.007776256185024977,0.8414422869682312,0.07399550825357437,0.07566151022911072,0.0011245065834373236,Sensor
/home/lmy/iot-device-classification/dataset/sensor/round7_jitter/sensor_r7.pcapng,R7,200,2000.0868096351624,8.186556806322187e-05,0.0011541179846972227,0.00042629960807971656,0.9983236193656921,1.4106753951637074e-05,Sensor
/home/lmy/iot-device-classification/dataset/sensor/round7_jitter/sensor_r7.pcapng,R7,201,2012.0034658908844,0.0012005860917270184,0.19180922210216522,0.026608102023601532,0.7794989943504333,0.000883057655300945,Sensor
/home/lmy/iot-device-classification/dataset/sensor/round7_jitter/sensor_r7.pcapng,R7,202,2020.1381821632383,0.0023919313680380583,0.06550084054470062,0.9172844886779785,0.014458881691098213,0.00036379758967086673,Sensor
/home/lmy/iot-device-classification/dataset/sensor/round7_jitter/sensor_r7.pcapng,R7,203,2032.0224423408508,0.0005025124992243946,0.7582798004150391,0.008162508718669415,0.23283135890960693,0.00022388396610040218,Sensor
/home/lmy/iot-device-classification/dataset/sensor/round7_jitter/sensor_r7.pcapng,R7,204,2040.1660058498385,4.4212923967279494e-05,0.017595982179045677,0.0003868281783070415,0.9819344282150269,3.8483696698676795e-05,Sensor
/home/lmy/iot-device-classification/dataset/sensor/round7_jitter/sensor_r7.pcapng,R7,205,2050.126514196396,0.00036267933319322765,0.021365966647863388,0.009464263916015625,0.9686943292617798,0.0001128120202338323,Sensor
/home/lmy/iot-device-classification/dataset/sensor/round7_jitter/sensor_r7.pcapng,R7,206,2060.165924310684,0.000549639924429357,0.8570006489753723,0.0028242506086826324,0.13928775489330292,0.00033763304236344993,Sensor
/home/lmy/iot-device-classification/dataset/sensor/round7_jitter/sensor_r7.pcapng,R7,207,2072.066149711609,2.154329740733374e-05,0.0028875390999019146,0.0004474818706512451,0.9966092109680176,3.420992288738489e-05,Sensor
/home/lmy/iot-device-classification/dataset/sensor/round7_jitter/sensor_r7.pcapng,R7,208,2082.073559045792,0.0033471116330474615,0.9492590427398682,0.02607407607138157,0.020993439480662346,0.0003263110702391714,Sensor
/home/lmy/iot-device-classification/dataset/sensor/round7_jitter/sensor_r7.pcapng,R7,209,2090.086772918701,0.00034616171615198255,0.03284916281700134,0.022974034771323204,0.9434816837310791,0.00034894325654022396,Sensor
/home/lmy/iot-device-classification/dataset/sensor/round7_jitter/sensor_r7.pcapng,R7,210,2102.0971007347107,0.0014950187178328633,0.00892697274684906,0.0007944214739836752,0.9886896014213562,9.399440023116767e-05,Sensor
/home/lmy/iot-device-classification/dataset/sensor/round7_jitter/sensor_r7.pcapng,R7,211,2111.665205001831,0.009490321390330791,0.01646386831998825,0.07340843230485916,0.9002728462219238,0.0003645442193374038,Sensor
/home/lmy/iot-device-classification/dataset/sensor/round7_jitter/sensor_r7.pcapng,R7,212,2122.113651037216,2.4648830731166527e-05,0.005888272076845169,0.0006562677444890141,0.993405818939209,2.5024652131833136e-05,Sensor
/home/lmy/iot-device-classification/dataset/sensor/round7_jitter/sensor_r7.pcapng,R7,213,2132.126209974289,2.696489536901936e-05,0.0031283318530768156,0.0001778292062226683,0.9966434240341187,2.35209063248476e-05,Sensor
/home/lmy/iot-device-classification/dataset/sensor/round7_jitter/sensor_r7.pcapng,R7,214,2140.124691009521,0.0006351706688292325,0.1466296762228012,0.5829290747642517,0.2693757712841034,0.0004302641609683633,Sensor
/home/lmy/iot-device-classification/dataset/sensor/round7_jitter/sensor_r7.pcapng,R7,215,2151.881781101227,7.502894732169807e-05,0.025244897231459618,0.0005431141471490264,0.9740361571311951,0.00010081066284328699,Sensor
/home/lmy/iot-device-classification/dataset/sensor/round7_jitter/sensor_r7.pcapng,R7,216,2162.152669906616,0.0002825234259944409,0.03934233635663986,0.04830583930015564,0.9115190505981445,0.000550252094399184,Sensor
/home/lmy/iot-device-classification/dataset/sensor/round7_jitter/sensor_r7.pcapng,R7,217,2170.964270591736,0.0008283281931653619,0.15178003907203674,0.06490322947502136,0.7820929288864136,0.0003955386346206069,Sensor
/home/lmy/iot-device-classification/dataset/sensor/round7_jitter/sensor_r7.pcapng,R7,218,2180.086198568344,0.00016647124721203,0.026885394006967545,0.000809347431641072,0.9720134139060974,0.00012533212429843843,Sensor
/home/lmy/iot-device-classification/dataset/sensor/round7_jitter/sensor_r7.pcapng,R7,219,2192.181971549988,4.879318112216424e-06,0.0012089774245396256,0.00010496662434889004,0.9986656904220581,1.5465266187675297e-05,Sensor
/home/lmy/iot-device-classification/dataset/sensor/round7_jitter/sensor_r7.pcapng,R7,220,2202.191931962967,0.0002736687602009624,0.0010889783734455705,0.005612146575003862,0.9930000305175781,2.5236502551706508e-05,Sensor
/home/lmy/iot-device-classification/dataset/sensor/round7_jitter/sensor_r7.pcapng,R7,221,2212.203633785248,7.541949162259698e-05,0.008555869571864605,0.0058339559473097324,0.9854538440704346,8.087280730251223e-05,Sensor
/home/lmy/iot-device-classification/dataset/sensor/round7_jitter/sensor_r7.pcapng,R7,222,2222.2116758823395,2.0418179701664485e-05,0.003769101807847619,0.00024021365970838815,0.9959576725959778,1.2553952728922013e-05,Sensor
/home/lmy/iot-device-classification/dataset/sensor/round7_jitter/sensor_r7.pcapng,R7,223,2230.1368935108185,0.011366537772119045,0.5982707142829895,0.026855291798710823,0.3629581928253174,0.0005492310738191009,Sensor
/home/lmy/iot-device-classification/dataset/sensor/round7_jitter/sensor_r7.pcapng,R7,224,2240.464268684387,0.0003870006767101586,0.12268732488155365,0.008794032037258148,0.8677440881729126,0.00038755874265916646,Sensor
/home/lmy/iot-device-classification/dataset/sensor/round7_jitter/sensor_r7.pcapng,R7,225,2252.2415657043457,3.9224942156579345e-06,0.0004359630402177572,0.0004936924669891596,0.9990573525428772,9.021276127896272e-06,Sensor
/home/lmy/iot-device-classification/dataset/sensor/round7_jitter/sensor_r7.pcapng,R7,226,2262.253199338913,3.171128628309816e-05,0.0007321147131733596,0.0007709499332122505,0.9984563589096069,8.872551006788854e-06,Sensor
/home/lmy/iot-device-classification/dataset/sensor/round7_jitter/sensor_r7.pcapng,R7,227,2270.0851950645447,4.2151637899223715e-05,0.01579483412206173,0.0009661547373980284,0.9831330180168152,6.379596015904099e-05,Sensor
/home/lmy/iot-device-classification/dataset/sensor/round7_jitter/sensor_r7.pcapng,R7,228,2281.7635655403137,0.00076192372944206,0.08276858180761337,0.0013377241557464004,0.9149038791656494,0.0002278956089867279,Sensor
/home/lmy/iot-device-classification/dataset/sensor/round7_jitter/sensor_r7.pcapng,R7,229,2290.0169863700867,0.0651383027434349,0.1773957461118698,0.020553769543766975,0.7364170551300049,0.0004950795555487275,Sensor
/home/lmy/iot-device-classification/dataset/sensor/round7_jitter/sensor_r7.pcapng,R7,230,2300.86328625679,1.3794355254503898e-05,0.0028717652894556522,0.0008140580030158162,0.996272087097168,2.8272372219362296e-05,Sensor
/home/lmy/iot-device-classification/dataset/sensor/round7_jitter/sensor_r7.pcapng,R7,231,2312.3018450737,6.00854582444299e-05,0.0035845390520989895,0.002032811287790537,0.9942744374275208,4.813731356989592e-05,Sensor
/home/lmy/iot-device-classification/dataset/sensor/round7_jitter/sensor_r7.pcapng,R7,232,2320.1150419712067,0.01128015760332346,0.17166458070278168,0.022346477955579758,0.7944654822349548,0.0002432989131193608,Sensor
/home/lmy/iot-device-classification/dataset/sensor/round7_jitter/sensor_r7.pcapng,R7,233,2331.265290260315,0.0005043813725933433,0.26749637722969055,0.019607551395893097,0.7116972208023071,0.0006944814813323319,Sensor
/home/lmy/iot-device-classification/dataset/sensor/round7_jitter/sensor_r7.pcapng,R7,234,2342.215154647827,0.00017836930055636913,0.011770600453019142,0.004265957046300173,0.9837064743041992,7.866731175454333e-05,Sensor
/home/lmy/iot-device-classification/dataset/sensor/round7_jitter/sensor_r7.pcapng,R7,235,2350.8241539001465,7.729474600637332e-05,0.004395627416670322,0.09618204087018967,0.89927077293396,7.430570985889062e-05,Sensor
/home/lmy/iot-device-classification/dataset/sensor/round7_jitter/sensor_r7.pcapng,R7,236,2360.0971410274506,0.00013504276284947991,0.0009426915785297751,0.0002296127495355904,0.9986758828163147,1.6698651961633004e-05,Sensor
/home/lmy/iot-device-classification/dataset/sensor/round7_jitter/sensor_r7.pcapng,R7,237,2372.3587687015533,4.9366477469448e-05,0.0029219172429293394,0.021594351157546043,0.9753109812736511,0.0001233561197295785,Sensor
/home/lmy/iot-device-classification/dataset/sensor/round7_jitter/sensor_r7.pcapng,R7,238,2382.3716855049133,3.1845389457885176e-05,0.006542646791785955,0.0037251636385917664,0.9896721839904785,2.8112144718761556e-05,Sensor
/home/lmy/iot-device-classification/dataset/sensor/round7_jitter/sensor_r7.pcapng,R7,239,2392.3815729618077,0.000348012923495844,0.04546716436743736,0.0019766674377024174,0.9520425796508789,0.00016557631897740066,Sensor
/home/lmy/iot-device-classification/dataset/sensor/round7_jitter/sensor_r7.pcapng,R7,240,2402.3914427757263,3.344158176332712e-05,0.004342380911111832,0.00418395921587944,0.991389811038971,5.0412912969477475e-05,Sensor
/home/lmy/iot-device-classification/dataset/sensor/round7_jitter/sensor_r7.pcapng,R7,241,2410.1356041431427,0.01524390745908022,0.06006671115756035,0.11248811334371567,0.8117213845252991,0.00047990703023970127,Sensor
/home/lmy/iot-device-classification/dataset/sensor/round7_jitter/sensor_r7.pcapng,R7,242,2422.41583776474,0.000564671354368329,0.005364937707781792,0.002169037004932761,0.991783618927002,0.00011778641783166677,Sensor
/home/lmy/iot-device-classification/dataset/sensor/round7_jitter/sensor_r7.pcapng,R7,243,2430.5975601673126,0.0053328038193285465,0.41267865896224976,0.2486582100391388,0.3309847116470337,0.0023456336930394173,Sensor
/home/lmy/iot-device-classification/dataset/sensor/round7_jitter/sensor_r7.pcapng,R7,244,2442.4310977458954,8.810994768282399e-05,0.056696321815252304,0.026054583489894867,0.9170448184013367,0.00011614120739977807,Sensor
/home/lmy/iot-device-classification/dataset/sensor/round7_jitter/sensor_r7.pcapng,R7,245,2450.08425116539,7.719440327491611e-05,0.0020045891869813204,0.0013226617593318224,0.9965464472770691,4.91364007757511e-05,Sensor
/home/lmy/iot-device-classification/dataset/sensor/round7_jitter/sensor_r7.pcapng,R7,246,2462.451426744461,0.002072899369522929,0.048845186829566956,0.004546166397631168,0.9440430402755737,0.0004927368136122823,Sensor
/home/lmy/iot-device-classification/dataset/sensor/round7_jitter/sensor_r7.pcapng,R7,247,2471.8837518692017,0.00018915794498752803,0.023824363946914673,0.13616099953651428,0.839604377746582,0.00022107803670223802,Sensor
/home/lmy/iot-device-classification/dataset/sensor/round7_jitter/sensor_r7.pcapng,R7,248,2482.4710080623627,7.867403837735765e-06,0.0009064096957445145,0.00019753476954065263,0.9988681077957153,2.006798422371503e-05,Sensor
/home/lmy/iot-device-classification/dataset/sensor/round7_jitter/sensor_r7.pcapng,R7,249,2492.486950159073,0.0003383997827768326,0.020491179078817368,0.0005552198854275048,0.9785085320472717,0.00010667838796507567,Sensor
/home/lmy/iot-device-classification/dataset/sensor/round7_jitter/sensor_r7.pcapng,R7,250,2500.1220903396606,0.0005610317457467318,0.14737644791603088,0.7607406377792358,0.09061526507139206,0.0007065692916512489,Sensor
/home/lmy/iot-device-classification/dataset/sensor/round7_jitter/sensor_r7.pcapng,R7,251,2512.501137971878,0.0028264231514185667,0.08757270127534866,0.11367104202508926,0.7950764298439026,0.0008533841464668512,Sensor
/home/lmy/iot-device-classification/dataset/sensor/round7_jitter/sensor_r7.pcapng,R7,252,2520.038937568665,3.174983794451691e-05,0.0006513242842629552,0.00039034293149597943,0.9989144802093506,1.2166957276349422e-05,Sensor
/home/lmy/iot-device-classification/dataset/sensor/round7_jitter/sensor_r7.pcapng,R7,253,2530.438588619232,0.004990039858967066,0.015875186771154404,0.012102813459932804,0.9668658971786499,0.00016601296374574304,Sensor
/home/lmy/iot-device-classification/dataset/sensor/round7_jitter/sensor_r7.pcapng,R7,254,2540.095355510712,5.89368210057728e-05,0.0005376277840696275,4.668132169172168e-05,0.9993475079536438,9.202183719025925e-06,Sensor
/home/lmy/iot-device-classification/dataset/sensor/round7_jitter/sensor_r7.pcapng,R7,255,2552.542927980423,0.0007754316902719438,0.04053283855319023,0.12466614693403244,0.8327880501747131,0.0012375743826851249,Sensor
/home/lmy/iot-device-classification/dataset/sensor/round7_jitter/sensor_r7.pcapng,R7,256,2562.558024644852,0.001423750538378954,0.048193007707595825,0.93364417552948,0.016444027423858643,0.00029504639678634703,Sensor
/home/lmy/iot-device-classification/dataset/sensor/round7_jitter/sensor_r7.pcapng,R7,257,2571.8558757305145,0.00019786258053500205,0.08893255889415741,0.03416363149881363,0.8765074014663696,0.0001985703274840489,Sensor
/home/lmy/iot-device-classification/dataset/sensor/round7_jitter/sensor_r7.pcapng,R7,258,2582.5707819461823,0.0002683006750885397,0.2141038328409195,0.007082380820065737,0.7777072787284851,0.0008382005617022514,Sensor
/home/lmy/iot-device-classification/dataset/sensor/round7_jitter/sensor_r7.pcapng,R7,259,2590.1339979171757,0.0007777322898618877,0.12468618899583817,0.12845057249069214,0.7455795407295227,0.0005059540853835642,Sensor
/home/lmy/iot-device-classification/dataset/sensor/round7_jitter/sensor_r7.pcapng,R7,260,2602.596646547317,0.00037574456655420363,0.06146526709198952,0.0009333259658887982,0.9370012879371643,0.00022441397595684975,Sensor
/home/lmy/iot-device-classification/dataset/sensor/round7_jitter/sensor_r7.pcapng,R7,261,2610.011230945587,4.6417217163252644e-06,0.0008987030014395714,0.0002860410313587636,0.9988018274307251,8.819838512863498e-06,Sensor
/home/lmy/iot-device-classification/dataset/sensor/round7_jitter/sensor_r7.pcapng,R7,262,2622.6105697155,0.00026213558157905936,0.0018216493772342801,0.023479443043470383,0.9743908643722534,4.5846860302845016e-05,Sensor
/home/lmy/iot-device-classification/dataset/sensor/round7_jitter/sensor_r7.pcapng,R7,263,2630.0806016922,0.00039567824569530785,0.024625811725854874,0.0003273183247074485,0.9746108055114746,4.0336031815968454e-05,Sensor
/home/lmy/iot-device-classification/dataset/sensor/round7_jitter/sensor_r7.pcapng,R7,264,2642.630982160568,1.725914808048401e-05,0.003994350787252188,0.0002542415168136358,0.995708703994751,2.5420042220503092e-05,Sensor
/home/lmy/iot-device-classification/dataset/sensor/round7_jitter/sensor_r7.pcapng,R7,265,2652.641815423965,0.0009119199239648879,0.050267089158296585,0.010157007724046707,0.9384416341781616,0.0002222697075922042,Sensor
/home/lmy/iot-device-classification/dataset/sensor/round7_jitter/sensor_r7.pcapng,R7,266,2662.1720163822174,0.0001062590308720246,0.05490121990442276,0.00040797749534249306,0.9444568157196045,0.00012775597861036658,Sensor
/home/lmy/iot-device-classification/dataset/sensor/round7_jitter/sensor_r7.pcapng,R7,267,2670.5500223636627,2.088083874696167e-06,0.00029473562608473003,9.612218855181709e-05,0.9996033310890198,3.7650122521881713e-06,Sensor
/home/lmy/iot-device-classification/dataset/sensor/round7_jitter/sensor_r7.pcapng,R7,268,2680.134073972702,0.0014216097770258784,0.020892899483442307,0.05912283807992935,0.9183082580566406,0.00025436776923015714,Sensor
/home/lmy/iot-device-classification/dataset/sensor/round7_jitter/sensor_r7.pcapng,R7,269,2690.6080214977264,1.4168954294291325e-05,0.001911003957502544,0.00526276184245944,0.9927858710289001,2.620369559735991e-05,Sensor
/home/lmy/iot-device-classification/dataset/sensor/round7_jitter/sensor_r7.pcapng,R7,270,2702.6913483142853,9.659105853643268e-05,0.0028810224030166864,0.0034348105546087027,0.9935448169708252,4.27853265136946e-05,Sensor
/home/lmy/iot-device-classification/dataset/sensor/round7_jitter/sensor_r7.pcapng,R7,271,2712.4432394504547,0.00012006900942651555,0.0005539012490771711,0.001129774609580636,0.9981829524040222,1.3224221220298205e-05,Sensor
/home/lmy/iot-device-classification/dataset/sensor/round7_jitter/sensor_r7.pcapng,R7,272,2720.0816462039948,0.00010118762293132022,0.002717460971325636,0.0037697136867791414,0.9933587908744812,5.2828476327704266e-05,Sensor
/home/lmy/iot-device-classification/dataset/sensor/round7_jitter/sensor_r7.pcapng,R7,273,2730.5505154132843,0.0001100108347600326,0.04229776933789253,0.0006299567176029086,0.9568952918052673,6.703914550598711e-05,Sensor
/home/lmy/iot-device-classification/dataset/sensor/round7_jitter/sensor_r7.pcapng,R7,274,2740.1335110664368,0.0009749163291417062,0.29540514945983887,0.14581146836280823,0.5573667287826538,0.00044173048809170723,Sensor
/home/lmy/iot-device-classification/dataset/sensor/round7_jitter/sensor_r7.pcapng,R7,275,2752.739520311356,0.00017566257156431675,0.024899905547499657,0.0010114198084920645,0.9737529158592224,0.00016011000843718648,Sensor
/home/lmy/iot-device-classification/dataset/sensor/round7_jitter/sensor_r7.pcapng,R7,276,2762.750248193741,8.553991392545868e-06,0.0005495671648532152,0.0017416981281712651,0.9976896047592163,1.0591638783807866e-05,Sensor
/home/lmy/iot-device-classification/dataset/sensor/round7_jitter/sensor_r7.pcapng,R7,277,2770.1361286640167,0.0005415353225544095,0.01486463937908411,0.047021202743053436,0.9373490810394287,0.00022348752827383578,Sensor
/home/lmy/iot-device-classification/dataset/sensor/round7_jitter/sensor_r7.pcapng,R7,278,2780.0375175476074,2.7639156542136334e-05,0.0012941746972501278,4.08668456657324e-05,0.9986217021942139,1.5616376913385466e-05,Sensor
/home/lmy/iot-device-classification/dataset/sensor/round7_jitter/sensor_r7.pcapng,R7,279,2790.435819864273,1.3581835446530022e-05,0.0006905330228619277,6.49872818030417e-05,0.9992223978042603,8.438881195615977e-06,Sensor
/home/lmy/iot-device-classification/dataset/sensor/round7_jitter/sensor_r7.pcapng,R7,280,2800.9809832572937,0.0003949606616515666,0.5157840847969055,0.47843194007873535,0.004841270856559277,0.0005477485246956348,Sensor
/home/lmy/iot-device-classification/dataset/sensor/round7_jitter/sensor_r7.pcapng,R7,281,2810.0920350551605,0.00027456419775262475,0.003203402506187558,0.0006990321562625468,0.9957864880561829,3.647397170425393e-05,Sensor
/home/lmy/iot-device-classification/dataset/sensor/round7_jitter/sensor_r7.pcapng,R7,282,2820.1151597499847,0.00017774243315216154,0.0071814642287790775,0.004055492579936981,0.988502025604248,8.33047743071802e-05,Sensor
/home/lmy/iot-device-classification/dataset/sensor/round7_jitter/sensor_r7.pcapng,R7,283,2832.8208134174347,0.021598737686872482,0.1111329197883606,0.11878456920385361,0.7478835582733154,0.0006002324516884983,Sensor
/home/lmy/iot-device-classification/dataset/sensor/round7_jitter/sensor_r7.pcapng,R7,284,2840.8277871608734,0.0001433313882444054,0.03186944127082825,0.9560394883155823,0.01173094566911459,0.00021681067300960422,Sensor
/home/lmy/iot-device-classification/dataset/sensor/round7_jitter/sensor_r7.pcapng,R7,285,2852.840427875519,0.00029797630850225687,0.03724931925535202,0.40828827023506165,0.5537060499191284,0.00045836754725314677,Sensor
/home/lmy/iot-device-classification/dataset/sensor/round7_jitter/sensor_r7.pcapng,R7,286,2860.119122982025,0.0002387454587733373,0.1454867571592331,0.041007719933986664,0.8131145238876343,0.00015231115685310215,Sensor
/home/lmy/iot-device-classification/dataset/sensor/round7_jitter/sensor_r7.pcapng,R7,287,2871.2596485614777,1.1746670679713134e-05,0.007793114520609379,0.0005386132979765534,0.9916270971298218,2.9376131351455115e-05,Sensor
/home/lmy/iot-device-classification/dataset/sensor/round7_jitter/sensor_r7.pcapng,R7,288,2880.4606490135197,0.006006698589771986,0.0012173138093203306,0.0010196545626968145,0.9917246699333191,3.165763337165117e-05,Sensor
/home/lmy/iot-device-classification/dataset/sensor/round7_jitter/sensor_r7.pcapng,R7,289,2890.279682159424,0.00027187381056137383,0.21884043514728546,0.3437388241291046,0.43662363290786743,0.0005252814153209329,Sensor
/home/lmy/iot-device-classification/dataset/sensor/round7_jitter/sensor_r7.pcapng,R7,290,2900.083057165146,6.195183959789574e-05,0.02852565050125122,0.0022994063328951597,0.968995213508606,0.00011781703506130725,Sensor
/home/lmy/iot-device-classification/dataset/sensor/round7_jitter/sensor_r7.pcapng,R7,291,2912.905473947525,0.0005019695963710546,0.051580749452114105,0.0008281815680675209,0.9469191431999207,0.00016999203944578767,Sensor
/home/lmy/iot-device-classification/dataset/sensor/round7_jitter/sensor_r7.pcapng,R7,292,2923.007340192795,0.0001009749757940881,0.01502850092947483,0.06826463341712952,0.9165171980857849,8.872080070432276e-05,Sensor
/home/lmy/iot-device-classification/dataset/sensor/round7_jitter/sensor_r7.pcapng,R7,293,2932.930109024048,0.001515798969194293,0.19503448903560638,0.6703372597694397,0.13161341845989227,0.0014990231720730662,Sensor
/home/lmy/iot-device-classification/dataset/sensor/round7_jitter/sensor_r7.pcapng,R7,294,2940.202679872513,0.0011999602429568768,0.03148701414465904,0.4822147488594055,0.48468679189682007,0.0004115319170523435,Sensor
/home/lmy/iot-device-classification/dataset/sensor/round7_jitter/sensor_r7.pcapng,R7,295,2951.054490804672,0.00125335983466357,0.02088746801018715,0.18621882796287537,0.7913920283317566,0.00024836210650391877,Sensor
/home/lmy/iot-device-classification/dataset/sensor/round7_jitter/sensor_r7.pcapng,R7,296,2961.004620552063,1.0242454663966782e-05,0.018854184076189995,0.00018060774891637266,0.9809253811836243,2.958057120849844e-05,Sensor
/home/lmy/iot-device-classification/dataset/sensor/round7_jitter/sensor_r7.pcapng,R7,297,2971.405692577362,8.323241672769655e-06,0.0008336969767697155,0.0016016410663723946,0.9975368976593018,1.9426857761573046e-05,Sensor
/home/lmy/iot-device-classification/dataset/sensor/round7_jitter/sensor_r7.pcapng,R7,298,2980.144015073776,0.00010665242734830827,0.0036704703234136105,0.005140924826264381,0.9910393357276917,4.265944517101161e-05,Sensor
/home/lmy/iot-device-classification/dataset/sensor/round7_jitter/sensor_r7.pcapng,R7,299,2990.1032679080963,6.1955647652212065e-06,0.0003790839691646397,0.0010009739780798554,0.998600423336029,1.3307941117091104e-05,Sensor
/home/lmy/iot-device-classification/dataset/sensor/round7_jitter/sensor_r7.pcapng,R7,300,3002.609325170517,0.00039177792496047914,0.1388224959373474,0.01252385601401329,0.8479914665222168,0.0002703640202526003,Sensor
/home/lmy/iot-device-classification/dataset/sensor/round7_jitter/sensor_r7.pcapng,R7,301,3013.014033079148,5.132450314704329e-05,0.007966716773808002,0.023723380640149117,0.9682077169418335,5.082892676000483e-05,Sensor
/home/lmy/iot-device-classification/dataset/sensor/round7_jitter/sensor_r7.pcapng,R7,302,3023.026094675064,0.08078861236572266,0.26264652609825134,0.08484236896038055,0.5675860643386841,0.004136425908654928,Sensor
/home/lmy/iot-device-classification/dataset/sensor/round7_jitter/sensor_r7.pcapng,R7,303,3031.273381948471,5.308428626449313e-06,0.0002593307290226221,9.046435297932476e-05,0.9996393918991089,5.539885023608804e-06,Sensor
/home/lmy/iot-device-classification/dataset/sensor/round7_jitter/sensor_r7.pcapng,R7,304,3040.150187969208,0.00759649183601141,0.058755289763212204,0.6809715032577515,0.2521253526210785,0.0005514156655408442,Sensor
/home/lmy/iot-device-classification/dataset/sensor/round7_jitter/sensor_r7.pcapng,R7,305,3053.056826591492,0.0009515699348412454,0.0032584588043391705,0.020938493311405182,0.9747240543365479,0.00012738768418785185,Sensor
/home/lmy/iot-device-classification/dataset/sensor/round7_jitter/sensor_r7.pcapng,R7,306,3062.932056903839,0.0010480936616659164,0.029247431084513664,0.00046851616934873164,0.9689655303955078,0.00027044847956858575,Sensor
/home/lmy/iot-device-classification/dataset/sensor/round7_jitter/sensor_r7.pcapng,R7,307,3071.961562156677,0.004883035086095333,0.06815402209758759,0.7772839665412903,0.14895470440387726,0.0007242502178996801,Sensor
/home/lmy/iot-device-classification/dataset/sensor/round7_jitter/sensor_r7.pcapng,R7,308,3080.1092784404755,0.00014901516260579228,0.001758300350047648,0.0002863997360691428,0.9977917671203613,1.4491381989500951e-05,Sensor
/home/lmy/iot-device-classification/dataset/sensor/round7_jitter/sensor_r7.pcapng,R7,309,3093.1003634929657,6.76902272971347e-05,0.005760985892266035,0.0008815017645247281,0.993255615234375,3.4194155887234956e-05,Sensor
/home/lmy/iot-device-classification/dataset/sensor/round7_jitter/sensor_r7.pcapng,R7,310,3102.9208137989044,0.001486986642703414,0.24185775220394135,0.07781241834163666,0.6778208613395691,0.0010219475952908397,Sensor
/home/lmy/iot-device-classification/dataset/sensor/round7_jitter/sensor_r7.pcapng,R7,311,3112.8554377555847,0.0015458829002454877,0.019235163927078247,0.0659603700041771,0.9126974940299988,0.0005611354135908186,Sensor
/home/lmy/iot-device-classification/dataset/sensor/round7_jitter/sensor_r7.pcapng,R7,312,3123.132077932358,0.00044118965161032975,0.055780284106731415,0.047864947468042374,0.8956571221351624,0.0002564809692557901,Sensor
/home/lmy/iot-device-classification/dataset/sensor/round7_jitter/sensor_r7.pcapng,R7,313,3130.1556293964386,0.001266464707441628,0.00842336192727089,0.011908363550901413,0.9783285856246948,7.327858475036919e-05,Sensor
/home/lmy/iot-device-classification/dataset/sensor/round7_jitter/sensor_r7.pcapng,R7,314,3143.153875350952,3.1584200769430026e-05,0.0018050262005999684,0.00019047074601985514,0.9979606866836548,1.225320011144504e-05,Sensor
/home/lmy/iot-device-classification/dataset/sensor/round7_jitter/sensor_r7.pcapng,R7,315,3152.378014564514,0.001468384056352079,0.16813282668590546,0.6454430818557739,0.18205097317695618,0.002904734807088971,Sensor
/home/lmy/iot-device-classification/dataset/sensor/round7_jitter/sensor_r7.pcapng,R7,316,3163.17478466034,0.010869276709854603,0.0009878210257738829,0.0013192211044952273,0.9867886900901794,3.4912685805466026e-05,Sensor
/home/lmy/iot-device-classification/dataset/sensor/round7_jitter/sensor_r7.pcapng,R7,317,3170.115406513214,0.005147140007466078,0.41760915517807007,0.5284472107887268,0.047602053731679916,0.001194456941448152,Sensor
/home/lmy/iot-device-classification/dataset/sensor/round7_jitter/sensor_r7.pcapng,R7,318,3181.499657392502,0.0013188099255785346,0.4972994923591614,0.4869178235530853,0.01373453252017498,0.0007293137023225427,Sensor
/home/lmy/iot-device-classification/dataset/sensor/round7_jitter/sensor_r7.pcapng,R7,319,3190.34375667572,0.0105798514559865,0.019466156139969826,0.7460265159606934,0.22341319918632507,0.0005142729496583343,Sensor
/home/lmy/iot-device-classification/dataset/sensor/round7_jitter/sensor_r7.pcapng,R7,320,3203.2170391082764,0.0032297936268150806,0.018105806782841682,0.23174676299095154,0.745978057384491,0.0009396134410053492,Sensor
/home/lmy/iot-device-classification/dataset/sensor/round7_jitter/sensor_r7.pcapng,R7,321,3210.6224846839905,0.0006218122434802353,0.1805211454629898,0.02050592377781868,0.7972472310066223,0.0011039373930543661,Sensor
/home/lmy/iot-device-classification/dataset/sensor/round7_jitter/sensor_r7.pcapng,R7,322,3220.158088207245,0.0005532013019546866,0.15879075229167938,0.34986528754234314,0.4902772903442383,0.0005134938401170075,Sensor
/home/lmy/iot-device-classification/dataset/sensor/round7_jitter/sensor_r7.pcapng,R7,323,3233.248283147812,0.00013562060485128313,0.012727310881018639,0.02888001874089241,0.9581459164619446,0.00011108211037935689,Sensor
/home/lmy/iot-device-classification/dataset/sensor/round7_jitter/sensor_r7.pcapng,R7,324,3243.259291410446,6.919296720298007e-05,0.001381734968163073,0.0030282200314104557,0.9954898953437805,3.0973977118264884e-05,Sensor
/home/lmy/iot-device-classification/dataset/sensor/round7_jitter/sensor_r7.pcapng,R7,325,3253.2701025009155,0.015126340091228485,0.0014199084835126996,0.0010386374779045582,0.9823776483535767,3.744327841559425e-05,Sensor
/home/lmy/iot-device-classification/dataset/sensor/round7_jitter/sensor_r7.pcapng,R7,326,3260.119136571884,0.00014468326116912067,0.010193301364779472,0.011469055898487568,0.9780736565589905,0.00011926521256100386,Sensor
/home/lmy/iot-device-classification/dataset/sensor/round7_jitter/sensor_r7.pcapng,R7,327,3271.5028030872345,0.00017092126654461026,0.0067942580208182335,0.0037142557557672262,0.9891995191574097,0.0001209813344758004,Sensor
/home/lmy/iot-device-classification/dataset/sensor/round7_jitter/sensor_r7.pcapng,R7,328,3281.3448333740234,0.015013339929282665,0.012089349329471588,0.028056951239705086,0.9443603157997131,0.0004800542665179819,Sensor
/home/lmy/iot-device-classification/dataset/sensor/round7_jitter/sensor_r7.pcapng,R7,329,3293.312098741532,0.0006686374545097351,0.04670589417219162,0.03477072715759277,0.9175053238868713,0.00034943586797453463,Sensor
/home/lmy/iot-device-classification/dataset/sensor/round7_jitter/sensor_r7.pcapng,R7,330,3300.039617538452,2.636966382851824e-05,0.002051581861451268,0.0035538584925234318,0.9943422079086304,2.597200909804087e-05,Sensor
/home/lmy/iot-device-classification/dataset/sensor/round7_jitter/sensor_r7.pcapng,R7,331,3310.158323764801,0.04499043524265289,0.009177099913358688,0.005323037039488554,0.9403397440910339,0.00016965983377303928,Sensor
/home/lmy/iot-device-classification/dataset/sensor/round7_jitter/sensor_r7.pcapng,R7,332,3320.8675162792206,3.971730620833114e-05,0.0004174408968538046,0.0003427194315008819,0.9991818070411682,1.8332975741941482e-05,Sensor
/home/lmy/iot-device-classification/dataset/sensor/round7_jitter/sensor_r7.pcapng,R7,333,3331.2673449516296,0.00011296569573460147,0.06563922762870789,0.012208821251988411,0.9218031764030457,0.0002358573692617938,Sensor
/home/lmy/iot-device-classification/dataset/sensor/round7_jitter/sensor_r7.pcapng,R7,334,3340.253628730774,0.0031305120792239904,0.16442079842090607,0.7099435329437256,0.12160295993089676,0.0009022449958138168,Sensor
/home/lmy/iot-device-classification/dataset/sensor/round7_jitter/sensor_r7.pcapng,R7,335,3350.1231186389923,0.011656892485916615,0.014097270555794239,0.0056688981130719185,0.9684118628501892,0.00016507931286469102,Sensor
/home/lmy/iot-device-classification/dataset/sensor/round7_jitter/sensor_r7.pcapng,R7,336,3360.3881113529205,3.3231426641577855e-05,0.0008350095013156533,0.000699206255376339,0.9984172582626343,1.526239975646604e-05,Sensor
/home/lmy/iot-device-classification/dataset/sensor/round7_jitter/sensor_r7.pcapng,R7,337,3370.78904247284,0.0050052376464009285,0.4654522240161896,0.332291841506958,0.19612763822078705,0.001123026362620294,Sensor
/home/lmy/iot-device-classification/dataset/sensor/round7_jitter/sensor_r7.pcapng,R7,338,3381.188970565796,6.194035813678056e-05,0.000521815731190145,0.008159337565302849,0.9912192225456238,3.768750320887193e-05,Sensor
/home/lmy/iot-device-classification/dataset/sensor/round7_jitter/sensor_r7.pcapng,R7,339,3391.462291955948,4.94246523885522e-06,0.0003476304991636425,0.0007796313730068505,0.9988574981689453,1.027598227665294e-05,Sensor
/home/lmy/iot-device-classification/dataset/sensor/round7_jitter/sensor_r7.pcapng,R7,340,3400.167203426361,0.0003564559738151729,0.03312069550156593,0.04245593398809433,0.9238318204879761,0.00023516741930507123,Sensor
/home/lmy/iot-device-classification/dataset/sensor/round7_jitter/sensor_r7.pcapng,R7,341,3411.492705345154,2.0193334421492182e-05,0.0008046407601796091,0.000267741153948009,0.9988903403282166,1.7057913282769732e-05,Sensor
/home/lmy/iot-device-classification/dataset/sensor/round7_jitter/sensor_r7.pcapng,R7,342,3420.7111711502075,5.7761641073739156e-05,0.000763747317250818,0.0005411958554759622,0.9986068606376648,3.0482138754450716e-05,Sensor
/home/lmy/iot-device-classification/dataset/sensor/round7_jitter/sensor_r7.pcapng,R7,343,3431.11168551445,0.0019692210480570793,0.16344529390335083,0.47310394048690796,0.3610486388206482,0.0004328656359575689,Sensor
/home/lmy/iot-device-classification/dataset/sensor/round7_jitter/sensor_r7.pcapng,R7,344,3440.128246307373,1.756344317982439e-05,0.004186246078461409,0.003002045676112175,0.992745041847229,4.9107798986369744e-05,Sensor
/home/lmy/iot-device-classification/dataset/sensor/round7_jitter/sensor_r7.pcapng,R7,345,3451.913172483444,2.153268906113226e-05,0.04779001697897911,0.0016993795288726687,0.9504039883613586,8.503877324983478e-05,Sensor
/home/lmy/iot-device-classification/dataset/sensor/round7_jitter/sensor_r7.pcapng,R7,346,3460.1693267822266,0.0018619927577674389,0.11265263706445694,0.04338543862104416,0.841816246509552,0.000283689791103825,Sensor
/home/lmy/iot-device-classification/dataset/sensor/round7_jitter/sensor_r7.pcapng,R7,347,3473.500964641571,0.00020104667055420578,0.17936386168003082,0.002730337902903557,0.8174256086349487,0.00027912139194086194,Sensor
/home/lmy/iot-device-classification/dataset/sensor/round7_jitter/sensor_r7.pcapng,R7,348,3483.5110857486725,4.606622314895503e-05,0.025883875787258148,0.032352760434150696,0.9415846467018127,0.00013261222920846194,Sensor
/home/lmy/iot-device-classification/dataset/sensor/round7_jitter/sensor_r7.pcapng,R7,349,3493.520969390869,0.00018986014765687287,0.005213713273406029,0.017325783148407936,0.9772325158119202,3.808852125075646e-05,Sensor
/home/lmy/iot-device-classification/dataset/sensor/round7_jitter/sensor_r7.pcapng,R7,350,3503.531856775284,0.0031237355433404446,0.07615947723388672,0.08076412975788116,0.839161217212677,0.0007914688321761787,Sensor
/home/lmy/iot-device-classification/dataset/sensor/round7_jitter/sensor_r7.pcapng,R7,351,3510.1567027568817,8.590109791839495e-05,0.0011024356354027987,0.00016131204029079527,0.9986335635185242,1.6758600395405665e-05,Sensor
/home/lmy/iot-device-classification/dataset/sensor/round7_jitter/sensor_r7.pcapng,R7,352,3520.554322719574,0.0010897883912548423,0.21511466801166534,0.04002142697572708,0.7429369688034058,0.0008371282019652426,Sensor
/home/lmy/iot-device-classification/dataset/sensor/round7_jitter/sensor_r7.pcapng,R7,353,3530.1177382469177,0.00026532236370258033,0.06089791655540466,0.004695386625826359,0.9340225458145142,0.00011880794772878289,Sensor
/home/lmy/iot-device-classification/dataset/sensor/round7_jitter/sensor_r7.pcapng,R7,354,3543.435093641281,2.5292974896728992e-05,0.037711385637521744,0.00020559209224302322,0.9619895815849304,6.810022023273632e-05,Sensor
/home/lmy/iot-device-classification/dataset/sensor/round7_jitter/sensor_r7.pcapng,R7,355,3551.2173449993134,0.0021377771627157927,0.017147831618785858,0.004705788567662239,0.97580486536026,0.00020371255232021213,Sensor
/home/lmy/iot-device-classification/dataset/sensor/round7_jitter/sensor_r7.pcapng,R7,356,3560.0760374069214,6.68151697027497e-05,0.0007648290484212339,0.0004877429164480418,0.9986546039581299,2.602751919766888e-05,Sensor
/home/lmy/iot-device-classification/dataset/sensor/round7_jitter/sensor_r7.pcapng,R7,357,3570.475654363632,0.00015010093920864165,0.2261609584093094,0.005340633913874626,0.7678362727165222,0.0005120282294228673,Sensor
/home/lmy/iot-device-classification/dataset/sensor/round7_jitter/sensor_r7.pcapng,R7,358,3580.1730337142944,0.005282145459204912,0.014044499956071377,0.00778539665043354,0.9727516174316406,0.00013635573850478977,Sensor
/home/lmy/iot-device-classification/dataset/sensor/round7_jitter/sensor_r7.pcapng,R7,359,3590.549624919892,0.0029032756574451923,0.039970122277736664,0.05572498217225075,0.9009055495262146,0.0004961278173141181,Sensor
/home/lmy/iot-device-classification/dataset/sensor/round7_jitter/sensor_r7.pcapng,R7,360,3601.676637172699,0.0003565139486454427,0.030567865818738937,0.010578357614576817,0.9582906365394592,0.0002065990847768262,Sensor
/home/lmy/iot-device-classification/dataset/sensor/round7_jitter/sensor_r7.pcapng,R7,361,3611.978591918945,0.0002968281623907387,0.006789797451347113,0.03759719058871269,0.9552101492881775,0.0001060449649230577,Sensor
/home/lmy/iot-device-classification/dataset/sensor/round7_jitter/sensor_r7.pcapng,R7,362,3620.132485866546,0.0003500391903799027,0.41257232427597046,0.004140294156968594,0.5825436115264893,0.0003937484580092132,Sensor
/home/lmy/iot-device-classification/dataset/sensor/round7_jitter/sensor_r7.pcapng,R7,363,3632.878182888031,0.00017069852037820965,0.0015166894299909472,0.024406693875789642,0.9738268852233887,7.898754120105878e-05,Sensor
/home/lmy/iot-device-classification/dataset/sensor/round7_jitter/sensor_r7.pcapng,R7,364,3643.2783296108246,0.0008801310323178768,0.004719102755188942,0.0022785665933042765,0.9920492768287659,7.296803232748061e-05,Sensor
/home/lmy/iot-device-classification/dataset/sensor/round7_jitter/sensor_r7.pcapng,R7,365,3650.951297521591,0.0003446939226705581,0.030426569283008575,0.04206598550081253,0.9269078969955444,0.00025492627173662186,Sensor
/home/lmy/iot-device-classification/dataset/sensor/round7_jitter/sensor_r7.pcapng,R7,366,3661.151781797409,9.72559064393863e-06,0.0007488167611882091,0.0012002638541162014,0.998024582862854,1.665702620812226e-05,Sensor
/home/lmy/iot-device-classification/dataset/sensor/round7_jitter/sensor_r7.pcapng,R7,367,3670.17576789856,0.000447053462266922,0.02840013988316059,0.02068474516272545,0.95027095079422,0.0001971541641978547,Sensor
/home/lmy/iot-device-classification/dataset/sensor/round7_jitter/sensor_r7.pcapng,R7,368,3680.719017744064,0.00020802210201509297,0.004250004887580872,0.0008918173261918128,0.9945939183235168,5.628551298286766e-05,Sensor
/home/lmy/iot-device-classification/dataset/sensor/round7_jitter/sensor_r7.pcapng,R7,369,3693.727308988571,3.585358717828058e-05,0.0004435612936504185,0.0031354210805147886,0.9963692426681519,1.5876026736805215e-05,Sensor
/home/lmy/iot-device-classification/dataset/sensor/round7_jitter/sensor_r7.pcapng,R7,370,3700.352776765824,7.753252430120483e-05,0.029108626767992973,0.010326836258172989,0.960418701171875,6.831378414062783e-05,Sensor
/home/lmy/iot-device-classification/dataset/sensor/round7_jitter/sensor_r7.pcapng,R7,371,3710.122353553772,0.0001482863153796643,0.00999013427644968,0.006333933677524328,0.9834272861480713,0.00010034367733169347,Sensor
/home/lmy/iot-device-classification/dataset/sensor/round7_jitter/sensor_r7.pcapng,R7,372,3723.7589592933655,5.5137701565399766e-05,0.0004111862217541784,0.0020822249352931976,0.9974175691604614,3.382824070286006e-05,Sensor
/home/lmy/iot-device-classification/dataset/sensor/round7_jitter/sensor_r7.pcapng,R7,373,3733.768208265305,0.0003320444084238261,0.0011027151485905051,0.0027099368162453175,0.9958160519599915,3.920452218153514e-05,Sensor
/home/lmy/iot-device-classification/dataset/sensor/round7_jitter/sensor_r7.pcapng,R7,374,3740.6030192375183,8.88093127286993e-05,0.09038500487804413,0.00014349583943840116,0.9093410968780518,4.1618251998443156e-05,Sensor
/home/lmy/iot-device-classification/dataset/sensor/round7_jitter/sensor_r7.pcapng,R7,375,3753.555546283722,0.00019991444423794746,0.01855248212814331,0.03859406337141991,0.942547619342804,0.00010584963456494734,Sensor
/home/lmy/iot-device-classification/dataset/sensor/round7_jitter/sensor_r7.pcapng,R7,376,3760.180025577545,0.002351094502955675,0.17872323095798492,0.18731266260147095,0.6312060952186584,0.0004069067654199898,Sensor
/home/lmy/iot-device-classification/dataset/sensor/round7_jitter/sensor_r7.pcapng,R7,377,3773.810189962387,0.002058665733784437,0.012783302925527096,0.004171446897089481,0.98073810338974,0.0002485104778315872,Sensor
/home/lmy/iot-device-classification/dataset/sensor/round7_jitter/sensor_r7.pcapng,R7,378,3780.562053442001,0.005356558598577976,0.6573407053947449,0.24586230516433716,0.09056545794010162,0.000874960096552968,Sensor
/home/lmy/iot-device-classification/dataset/sensor/round7_jitter/sensor_r7.pcapng,R7,379,3790.4945962429047,0.07279612869024277,0.05012626573443413,0.8459798097610474,0.030582694336771965,0.0005151535733602941,Sensor
/home/lmy/iot-device-classification/dataset/sensor/round7_jitter/sensor_r7.pcapng,R7,380,3800.136612653732,0.00018865882884711027,0.015251520089805126,0.0004412045527715236,0.9840635061264038,5.5064723710529506e-05,Sensor
/home/lmy/iot-device-classification/dataset/sensor/round7_jitter/sensor_r7.pcapng,R7,381,3811.965487480164,1.1843896572827362e-05,0.00013196934014558792,0.0006379460683092475,0.9992102384567261,8.02816248324234e-06,Sensor
/home/lmy/iot-device-classification/dataset/sensor/round7_jitter/sensor_r7.pcapng,R7,382,3822.16396856308,0.00010592325270408764,0.004597344435751438,0.01877008192241192,0.9764829874038696,4.3684467527782544e-05,Sensor
/home/lmy/iot-device-classification/dataset/sensor/round7_jitter/sensor_r7.pcapng,R7,383,3831.0286219120026,0.0007710967329330742,0.33206143975257874,0.03594167158007622,0.6304863095283508,0.0007394876447506249,Sensor
/home/lmy/iot-device-classification/dataset/sensor/round7_jitter/sensor_r7.pcapng,R7,384,3840.088383197784,3.0735754990018904e-05,0.0027002249844372272,0.00031228811712935567,0.996941864490509,1.4809443200647365e-05,Sensor
/home/lmy/iot-device-classification/dataset/sensor/round7_jitter/sensor_r7.pcapng,R7,385,3851.0245022773743,0.0001952759484993294,0.001078826142475009,0.011911592446267605,0.9867784976959229,3.5813875001622364e-05,Sensor
/home/lmy/iot-device-classification/dataset/sensor/round7_jitter/sensor_r7.pcapng,R7,386,3863.902297973633,0.005132547114044428,0.029062239453196526,0.3062240183353424,0.6580430269241333,0.0015381395351141691,Sensor
/home/lmy/iot-device-classification/dataset/sensor/round7_jitter/sensor_r7.pcapng,R7,387,3870.168669700623,2.6479907319298945e-05,0.0008642374305054545,0.0014405701076611876,0.997635006904602,3.3729585993569344e-05,Sensor
/home/lmy/iot-device-classification/dataset/sensor/round7_jitter/sensor_r7.pcapng,R7,388,3880.4043288230896,0.007909108884632587,0.2674315869808197,0.03957725316286087,0.6840900182723999,0.0009919964941218495,Sensor
/home/lmy/iot-device-classification/dataset/sensor/round7_jitter/sensor_r7.pcapng,R7,389,3890.1381511688232,6.133046554168686e-05,0.02256757952272892,0.0006789230974391103,0.9765921235084534,0.00010004885552916676,Sensor
/home/lmy/iot-device-classification/dataset/sensor/round7_jitter/sensor_r7.pcapng,R7,390,3903.9453997612,0.0043013752438127995,0.009908193722367287,0.012407989241182804,0.9733144640922546,6.796112575102597e-05,Sensor
/home/lmy/iot-device-classification/dataset/sensor/round7_jitter/sensor_r7.pcapng,R7,391,3912.4670226573935,0.0023992445785552263,0.013102841563522816,0.0752331018447876,0.9089829325675964,0.00028186285635456443,Sensor
/home/lmy/iot-device-classification/dataset/sensor/round7_jitter/sensor_r7.pcapng,R7,392,3923.4667875766754,0.0006868776981718838,0.007704225368797779,0.1572510302066803,0.8340436816215515,0.000314189528580755,Sensor
/home/lmy/iot-device-classification/dataset/sensor/round7_jitter/sensor_r7.pcapng,R7,393,3933.973921775818,0.00016560569929424673,0.004525560885667801,0.006518075242638588,0.9887373447418213,5.339471317711286e-05,Sensor
/home/lmy/iot-device-classification/dataset/sensor/round7_jitter/sensor_r7.pcapng,R7,394,3942.805040359497,0.00011872393224621192,0.015120225958526134,0.08429752290248871,0.900345504283905,0.00011807422561105341,Sensor
/home/lmy/iot-device-classification/dataset/sensor/round7_jitter/sensor_r7.pcapng,R7,395,3953.994357347488,5.506864908966236e-05,0.0006252015009522438,0.0016996237682178617,0.9975830316543579,3.7007182982051745e-05,Sensor
/home/lmy/iot-device-classification/dataset/sensor/round7_jitter/sensor_r7.pcapng,R7,396,3963.606112241745,1.5495972547796555e-05,0.020534131675958633,0.0001993712066905573,0.9792113304138184,3.966586882597767e-05,Sensor
/home/lmy/iot-device-classification/dataset/sensor/round7_jitter/sensor_r7.pcapng,R7,397,3971.9652848243713,4.4702286686515436e-05,0.03800821676850319,0.01890229992568493,0.9429646730422974,8.011480531422421e-05,Sensor
/home/lmy/iot-device-classification/dataset/sensor/round7_jitter/sensor_r7.pcapng,R7,398,3980.139273881912,8.991358481580392e-05,0.0026440774090588093,0.000418089737650007,0.9968239068984985,2.400426092208363e-05,Sensor
/home/lmy/iot-device-classification/dataset/socket/round7_jitter/socket_r7.pcapng,R7,0,0.0,0.0004488675622269511,3.837285112240352e-05,3.210170325473882e-05,4.6958175516920164e-05,0.999433696269989,Socket
/home/lmy/iot-device-classification/dataset/socket/round7_jitter/socket_r7.pcapng,R7,1,13.284010410308838,0.00040008785435929894,1.0711522008932661e-05,0.00020177090482320637,0.00010396700963610783,0.999283492565155,Socket
/home/lmy/iot-device-classification/dataset/socket/round7_jitter/socket_r7.pcapng,R7,2,20.160518646240234,0.00012665217218454927,4.404593710205518e-05,1.2957967555848882e-05,2.6308805900043808e-05,0.9997900128364563,Socket
/home/lmy/iot-device-classification/dataset/socket/round7_jitter/socket_r7.pcapng,R7,3,30.02814292907715,0.000406426697736606,3.3442127460148185e-05,4.7796667786315084e-05,3.6401270335773006e-05,0.9994760155677795,Socket
/home/lmy/iot-device-classification/dataset/socket/round7_jitter/socket_r7.pcapng,R7,4,40.55658006668091,0.0002076431264868006,2.5603154426789843e-05,1.957718632183969e-05,5.143019006936811e-05,0.9996957778930664,Socket
/home/lmy/iot-device-classification/dataset/socket/round7_jitter/socket_r7.pcapng,R7,5,52.83029961585999,0.00011070539039792493,1.0915658094745595e-05,0.00012806252925656736,2.4228327674791217e-05,0.9997261166572571,Socket
/home/lmy/iot-device-classification/dataset/socket/round7_jitter/socket_r7.pcapng,R7,6,60.09580159187317,0.0002945649903267622,7.864424696890637e-05,0.0008621909073553979,2.8651724278461188e-05,0.9987359642982483,Socket
/home/lmy/iot-device-classification/dataset/socket/round7_jitter/socket_r7.pcapng,R7,7,71.36890172958374,9.7249387181364e-05,1.6812731701065786e-05,3.646560071501881e-05,2.1347621441236697e-05,0.9998281002044678,Socket
/home/lmy/iot-device-classification/dataset/socket/round7_jitter/socket_r7.pcapng,R7,8,80.04956579208374,0.0003062538744416088,2.001111352001317e-05,8.165675535565242e-05,1.472097574151121e-05,0.9995773434638977,Socket
/home/lmy/iot-device-classification/dataset/socket/round7_jitter/socket_r7.pcapng,R7,9,90.14843773841858,0.0003953133418690413,7.24597048247233e-05,4.069810893270187e-05,6.326560833258554e-05,0.9994282126426697,Socket
/home/lmy/iot-device-classification/dataset/socket/round7_jitter/socket_r7.pcapng,R7,10,100.76203083992004,0.00010100795770995319,2.0215486074448563e-05,1.5585945220664144e-05,3.0701277864864096e-05,0.9998325109481812,Socket
/home/lmy/iot-device-classification/dataset/socket/round7_jitter/socket_r7.pcapng,R7,11,110.53844714164734,0.0001486364781158045,1.9016089936485514e-05,6.212847074493766e-05,3.360974005772732e-05,0.9997366070747375,Socket
/home/lmy/iot-device-classification/dataset/socket/round7_jitter/socket_r7.pcapng,R7,12,120.30906939506532,0.00044256640831008554,6.202874646987766e-05,2.050891998806037e-05,5.7908699091058224e-05,0.9994169473648071,Socket
/home/lmy/iot-device-classification/dataset/socket/round7_jitter/socket_r7.pcapng,R7,13,132.40870547294617,0.0033131553791463375,0.00026781042106449604,0.0009020440629683435,0.004951812326908112,0.9905651807785034,Socket
/home/lmy/iot-device-classification/dataset/socket/round7_jitter/socket_r7.pcapng,R7,14,140.0473928451538,0.0001104329276131466,1.5765779608045705e-05,3.167772592860274e-05,2.9079679734422825e-05,0.9998130202293396,Socket
/home/lmy/iot-device-classification/dataset/socket/round7_jitter/socket_r7.pcapng,R7,15,150.21586179733276,0.0004246464231982827,3.991419725934975e-05,9.230942669091746e-05,3.910927625838667e-05,0.9994040727615356,Socket
/home/lmy/iot-device-classification/dataset/socket/round7_jitter/socket_r7.pcapng,R7,16,160.65921759605408,0.00013275527453515679,4.06666258641053e-05,1.3382947145146318e-05,4.9859965656651184e-05,0.9997633099555969,Socket
/home/lmy/iot-device-classification/dataset/socket/round7_jitter/socket_r7.pcapng,R7,17,173.5843870639801,0.00012993725249543786,3.098323941230774e-05,1.1075791007897351e-05,0.00017824844690039754,0.9996497631072998,Socket
/home/lmy/iot-device-classification/dataset/socket/round7_jitter/socket_r7.pcapng,R7,18,180.26704287528992,0.00046100307372398674,3.599893534556031e-05,3.948430821765214e-05,5.922747732256539e-05,0.9994043111801147,Socket
/home/lmy/iot-device-classification/dataset/socket/round7_jitter/socket_r7.pcapng,R7,19,192.21035242080688,0.00012055156548740342,1.0665614354365971e-05,0.00011371308210073039,2.9937742510810494e-05,0.9997251629829407,Socket
/home/lmy/iot-device-classification/dataset/socket/round7_jitter/socket_r7.pcapng,R7,20,201.99455904960632,8.134583913488314e-05,8.133723167702556e-05,5.1008679292863235e-05,1.2609685654751956e-05,0.9997736811637878,Socket
/home/lmy/iot-device-classification/dataset/socket/round7_jitter/socket_r7.pcapng,R7,21,210.21238374710083,0.00039262513746507466,6.670044967904687e-05,1.6671821867930703e-05,6.709050649078563e-05,0.9994569420814514,Socket
/home/lmy/iot-device-classification/dataset/socket/round7_jitter/socket_r7.pcapng,R7,22,220.0023217201233,0.000196158085600473,2.347184272366576e-05,7.466923125321046e-05,1.6634270650683902e-05,0.9996891021728516,Socket
/home/lmy/iot-device-classification/dataset/socket/round7_jitter/socket_r7.pcapng,R7,23,233.06533789634705,0.00010447533713886514,1.7843050954979844e-05,0.00016591798339504749,4.870323755312711e-05,0.9996631145477295,Socket
/home/lmy/iot-device-classification/dataset/socket/round7_jitter/socket_r7.pcapng,R7,24,240.0598316192627,0.0004719811549875885,6.070888412068598e-05,2.6491943572182208e-05,7.03696277923882e-05,0.9993705153465271,Socket
/home/lmy/iot-device-classification/dataset/socket/round7_jitter/socket_r7.pcapng,R7,25,253.0870816707611,0.00013470121484715492,2.20142537727952e-05,2.6959749447996728e-05,1.8230626665172167e-05,0.9997981190681458,Socket
/home/lmy/iot-device-classification/dataset/socket/round7_jitter/socket_r7.pcapng,R7,26,260.7062819004059,0.0001627071906113997,1.660048474150244e-05,4.4848929974250495e-05,6.379688420565799e-05,0.9997120499610901,Socket
/home/lmy/iot-device-classification/dataset/socket/round7_jitter/socket_r7.pcapng,R7,27,270.31072902679443,0.0011360639473423362,3.735075006261468e-05,1.6002933989511803e-05,0.00017005810514092445,0.9986404776573181,Socket
/home/lmy/iot-device-classification/dataset/socket/round7_jitter/socket_r7.pcapng,R7,28,280.0003206729889,0.0001447971590096131,3.887963612214662e-05,8.945621084421873e-05,0.0001608028105692938,0.9995660185813904,Socket
/home/lmy/iot-device-classification/dataset/socket/round7_jitter/socket_r7.pcapng,R7,29,293.6763362884521,0.00019473543216008693,1.3316547665453982e-05,0.00011131089559057727,6.64534600218758e-05,0.9996141195297241,Socket
/home/lmy/iot-device-classification/dataset/socket/round7_jitter/socket_r7.pcapng,R7,30,300.3691473007202,0.0003971382975578308,2.6095211069332436e-05,3.941759132430889e-05,4.091508890269324e-05,0.9994964599609375,Socket
/home/lmy/iot-device-classification/dataset/socket/round7_jitter/socket_r7.pcapng,R7,31,311.97808861732483,0.00010089184070238844,1.9000743122887798e-05,4.840316978516057e-05,2.0246296116965823e-05,0.9998114705085754,Socket
/home/lmy/iot-device-classification/dataset/socket/round7_jitter/socket_r7.pcapng,R7,32,320.6372022628784,0.00016602831601630896,2.0654786567320116e-05,1.300156600336777e-05,3.701650712173432e-05,0.9997633099555969,Socket
/home/lmy/iot-device-classification/dataset/socket/round7_jitter/socket_r7.pcapng,R7,33,330.4110929965973,0.00040546973468735814,6.68270731694065e-05,2.0597724869730882e-05,0.00010863937495741993,0.9993984699249268,Socket
/home/lmy/iot-device-classification/dataset/socket/round7_jitter/socket_r7.pcapng,R7,34,342.4171235561371,0.00013465809752233326,0.00012134708231315017,2.9274056942085735e-05,1.555228664074093e-05,0.9996992349624634,Socket
/home/lmy/iot-device-classification/dataset/socket/round7_jitter/socket_r7.pcapng,R7,35,353.885767698288,0.00023470570158679038,2.164590114261955e-05,7.718308188486844e-05,2.731407221290283e-05,0.9996391534805298,Socket
/home/lmy/iot-device-classification/dataset/socket/round7_jitter/socket_r7.pcapng,R7,36,360.0475800037384,0.0004011035489384085,5.159584907232784e-05,2.5458431991864927e-05,5.948508623987436e-05,0.9994623064994812,Socket
/home/lmy/iot-device-classification/dataset/socket/round7_jitter/socket_r7.pcapng,R7,37,373.72812485694885,0.00018042279407382011,1.364290073979646e-05,0.00018164911307394505,8.367162809008732e-05,0.9995406866073608,Socket
/home/lmy/iot-device-classification/dataset/socket/round7_jitter/socket_r7.pcapng,R7,38,380.4887640476227,0.00019983095990028232,3.455495243542828e-05,1.100792724173516e-05,2.9206530598457903e-05,0.9997254014015198,Socket
/home/lmy/iot-device-classification/dataset/socket/round7_jitter/socket_r7.pcapng,R7,39,390.0764033794403,0.00033427958260290325,4.382419501780532e-05,2.660011887201108e-05,4.7612109483452514e-05,0.9995476603507996,Socket
/home/lmy/iot-device-classification/dataset/socket/round7_jitter/socket_r7.pcapng,R7,40,400.11828804016113,0.00017013818433042616,1.5389030522783287e-05,4.464316589292139e-05,2.7130670787300915e-05,0.9997426867485046,Socket
/home/lmy/iot-device-classification/dataset/socket/round7_jitter/socket_r7.pcapng,R7,41,413.7427484989166,0.00020454818150028586,8.4674666140927e-06,6.201211363077164e-05,0.0007961821975186467,0.9989287257194519,Socket
/home/lmy/iot-device-classification/dataset/socket/round7_jitter/socket_r7.pcapng,R7,42,420.4322428703308,0.00046897519496269524,3.654621104942635e-05,4.566189818433486e-05,2.923367719631642e-05,0.9994195699691772,Socket
/home/lmy/iot-device-classification/dataset/socket/round7_jitter/socket_r7.pcapng,R7,43,433.8288862705231,0.00010988384747179225,9.12859286472667e-06,4.801632894668728e-05,0.00018828883185051382,0.9996446371078491,Socket
/home/lmy/iot-device-classification/dataset/socket/round7_jitter/socket_r7.pcapng,R7,44,441.45176219940186,0.00010294181265635416,1.9063290892518125e-05,4.5622164179803804e-05,3.6178596928948537e-05,0.9997962117195129,Socket
/home/lmy/iot-device-classification/dataset/socket/round7_jitter/socket_r7.pcapng,R7,45,450.4780278205872,0.00042492145439609885,5.9211248299106956e-05,2.3354903532890603e-05,9.330503235105425e-05,0.9993991851806641,Socket
/home/lmy/iot-device-classification/dataset/socket/round7_jitter/socket_r7.pcapng,R7,46,460.5752778053284,0.00010180808021686971,1.6374862752854824e-05,6.863583985250443e-05,2.1151499822735786e-05,0.9997920393943787,Socket
/home/lmy/iot-device-classification/dataset/socket/round7_jitter/socket_r7.pcapng,R7,47,472.4279186725617,0.00011084097059210762,3.5203069273848087e-05,1.2752979273500387e-05,2.512438004487194e-05,0.9998161196708679,Socket
/home/lmy/iot-device-classification/dataset/socket/round7_jitter/socket_r7.pcapng,R7,48,480.4249401092529,0.00039131948142312467,6.936012505320832e-05,1.7664940969552845e-05,0.00025657436344772577,0.9992651343345642,Socket
/home/lmy/iot-device-classification/dataset/socket/round7_jitter/socket_r7.pcapng,R7,49,490.62082147598267,0.00018908822676166892,3.0494627935695462e-05,1.0275348358845804e-05,3.6467368772719055e-05,0.9997336268424988,Socket
/home/lmy/iot-device-classification/dataset/socket/round7_jitter/socket_r7.pcapng,R7,50,500.34866976737976,0.00011849055590573698,2.43814465648029e-05,1.98421003005933e-05,3.29834692820441e-05,0.9998043179512024,Socket
/home/lmy/iot-device-classification/dataset/socket/round7_jitter/socket_r7.pcapng,R7,51,510.58496260643005,0.00035318758455105126,2.0461007807170972e-05,5.407285789260641e-05,0.00011103603901574388,0.9994612336158752,Socket
/home/lmy/iot-device-classification/dataset/socket/round7_jitter/socket_r7.pcapng,R7,52,522.7628893852234,0.00013701332500204444,2.5027504307217896e-05,4.4168566091684625e-05,1.7781938367988914e-05,0.9997760653495789,Socket
/home/lmy/iot-device-classification/dataset/socket/round7_jitter/socket_r7.pcapng,R7,53,530.0235641002655,0.0001494153548264876,2.5558490960975178e-05,2.1763733457191847e-05,2.048956048383843e-05,0.9997827410697937,Socket
/home/lmy/iot-device-classification/dataset/socket/round7_jitter/socket_r7.pcapng,R7,54,540.6282842159271,0.00042267824755981565,2.3476057322113775e-05,2.2272006390267052e-05,7.393281703116372e-05,0.9994576573371887,Socket
/home/lmy/iot-device-classification/dataset/socket/round7_jitter/socket_r7.pcapng,R7,55,551.5188744068146,0.00010767342610051855,2.891809526772704e-05,1.5754150808788836e-05,2.7779829906648956e-05,0.9998199343681335,Socket
/home/lmy/iot-device-classification/dataset/socket/round7_jitter/socket_r7.pcapng,R7,56,563.8879191875458,0.00010702602594392374,3.3488911867607385e-05,3.435089092818089e-05,4.030406489619054e-05,0.9997848868370056,Socket
/home/lmy/iot-device-classification/dataset/socket/round7_jitter/socket_r7.pcapng,R7,57,570.0182688236237,0.00041122184484265745,5.465038702823222e-05,3.845663013635203e-05,8.679403981659561e-05,0.9994088411331177,Socket
/home/lmy/iot-device-classification/dataset/socket/round7_jitter/socket_r7.pcapng,R7,58,581.9984583854675,0.0001301200536545366,1.864503246906679e-05,3.64020888810046e-05,3.6168716178508475e-05,0.999778687953949,Socket
/home/lmy/iot-device-classification/dataset/socket/round7_jitter/socket_r7.pcapng,R7,59,590.5259881019592,0.00014065562572795898,1.568168772791978e-05,6.703886174364015e-05,2.6490104573895223e-05,0.9997500777244568,Socket
/home/lmy/iot-device-classification/dataset/socket/round7_jitter/socket_r7.pcapng,R7,60,600.6245274543762,0.00035667966585606337,0.00013361037417780608,0.00011369652202120051,2.9958657250972465e-05,0.9993661046028137,Socket
/home/lmy/iot-device-classification/dataset/socket/round7_jitter/socket_r7.pcapng,R7,61,612.2548925876617,0.0001623848802410066,5.879015225218609e-05,4.4960484956391156e-05,1.5251323929987848e-05,0.9997186064720154,Socket
/home/lmy/iot-device-classification/dataset/socket/round7_jitter/socket_r7.pcapng,R7,62,623.2409102916718,0.0001777628349373117,2.7942518499912694e-05,1.669549055804964e-05,3.97572985093575e-05,0.9997377991676331,Socket
/home/lmy/iot-device-classification/dataset/socket/round7_jitter/socket_r7.pcapng,R7,63,630.0554504394531,0.0003990792029071599,2.5609446311136708e-05,7.861536141717806e-05,5.2969404350733384e-05,0.9994437098503113,Socket
/home/lmy/iot-device-classification/dataset/socket/round7_jitter/socket_r7.pcapng,R7,64,642.0067977905273,0.00016942439833655953,1.4739926882612053e-05,7.852583803469315e-05,2.354804746573791e-05,0.9997137188911438,Socket
/home/lmy/iot-device-classification/dataset/socket/round7_jitter/socket_r7.pcapng,R7,65,653.394394159317,9.407701145391911e-05,1.1252754120505415e-05,0.00014969099720474333,6.749849853804335e-05,0.9996775388717651,Socket
/home/lmy/iot-device-classification/dataset/socket/round7_jitter/socket_r7.pcapng,R7,66,660.6946713924408,0.00041366202640347183,7.723552698735148e-05,2.506867895135656e-05,5.247531953500584e-05,0.9994315505027771,Socket
/home/lmy/iot-device-classification/dataset/socket/round7_jitter/socket_r7.pcapng,R7,67,673.9929416179657,0.00010759105498436838,2.6680605515139177e-05,4.4499854993773624e-05,2.275430415465962e-05,0.9997984766960144,Socket
/home/lmy/iot-device-classification/dataset/socket/round7_jitter/socket_r7.pcapng,R7,68,681.2563014030457,0.00011721529881469905,1.8885395547840744e-05,2.1197387468419038e-05,2.7410405891714618e-05,0.9998152852058411,Socket
/home/lmy/iot-device-classification/dataset/socket/round7_jitter/socket_r7.pcapng,R7,69,690.8454053401947,0.0004563361871987581,7.300610013771802e-05,1.0440176993142813e-05,0.0010891827987506986,0.9983710646629333,Socket
/home/lmy/iot-device-classification/dataset/socket/round7_jitter/socket_r7.pcapng,R7,70,700.8140861988068,0.0001682696893112734,1.4012347492098343e-05,4.086260014446452e-05,8.978106779977679e-05,0.9996870756149292,Socket
/home/lmy/iot-device-classification/dataset/socket/round7_jitter/socket_r7.pcapng,R7,71,714.1147255897522,2.6729047021945007e-05,2.9194128728704527e-05,3.945684511563741e-05,0.0001281092845601961,0.9997765421867371,Socket
/home/lmy/iot-device-classification/dataset/socket/round7_jitter/socket_r7.pcapng,R7,72,720.8032848834991,0.0004381544713396579,5.026156213716604e-05,6.137308810139075e-05,8.736895688343793e-05,0.9993628859519958,Socket
/home/lmy/iot-device-classification/dataset/socket/round7_jitter/socket_r7.pcapng,R7,73,731.8130819797516,0.00011248794908169657,1.1713880667230114e-05,2.6472638637642376e-05,7.50858525861986e-05,0.9997742772102356,Socket
/home/lmy/iot-device-classification/dataset/socket/round7_jitter/socket_r7.pcapng,R7,74,740.8521254062653,0.00010663492139428854,1.497522862337064e-05,3.4162098017986864e-05,3.539550743880682e-05,0.9998088479042053,Socket
/home/lmy/iot-device-classification/dataset/socket/round7_jitter/socket_r7.pcapng,R7,75,750.007915019989,0.00037578155752271414,3.736198414117098e-05,7.164916314650327e-05,4.7423371142940596e-05,0.9994677901268005,Socket
/home/lmy/iot-device-classification/dataset/socket/round7_jitter/socket_r7.pcapng,R7,76,762.9882788658142,0.0001228326727868989,1.923562194861006e-05,5.137586413184181e-05,1.5570647519780323e-05,0.9997909665107727,Socket
/home/lmy/iot-device-classification/dataset/socket/round7_jitter/socket_r7.pcapng,R7,77,771.1082229614258,0.00011964680743403733,2.507359386072494e-05,4.7420508053619415e-05,2.2060703486204147e-05,0.999785840511322,Socket
/home/lmy/iot-device-classification/dataset/socket/round7_jitter/socket_r7.pcapng,R7,78,780.7935788631439,0.0003299140662420541,2.6159088520216756e-05,5.473360579344444e-05,5.688909368473105e-05,0.9995323419570923,Socket
/home/lmy/iot-device-classification/dataset/socket/round7_jitter/socket_r7.pcapng,R7,79,791.1022851467133,0.00012572058767545968,1.669376069912687e-05,5.382063318393193e-05,8.470332249999046e-05,0.9997190833091736,Socket
/home/lmy/iot-device-classification/dataset/socket/round7_jitter/socket_r7.pcapng,R7,80,801.2596712112427,0.0001412589626852423,1.9062306819250807e-05,2.687247069843579e-05,2.6317247829865664e-05,0.9997865557670593,Socket
/home/lmy/iot-device-classification/dataset/socket/round7_jitter/socket_r7.pcapng,R7,81,810.8510193824768,0.00040307699237018824,0.00014315043517854065,8.661989340907894e-06,5.868078369530849e-05,0.9993864297866821,Socket
/home/lmy/iot-device-classification/dataset/socket/round7_jitter/socket_r7.pcapng,R7,82,823.3944675922394,0.00013481669884640723,1.441029326088028e-05,8.685481589054689e-05,3.6677658499684185e-05,0.999727189540863,Socket
/home/lmy/iot-device-classification/dataset/socket/round7_jitter/socket_r7.pcapng,R7,83,830.3991742134094,0.0001857385504990816,1.9450730178505182e-05,1.42833896461525e-05,2.1991874746163376e-05,0.9997585415840149,Socket
/home/lmy/iot-device-classification/dataset/socket/round7_jitter/socket_r7.pcapng,R7,84,840.9058277606964,0.0004113071190658957,5.282252823235467e-05,4.2797266360139474e-05,3.089593519689515e-05,0.9994621872901917,Socket
/home/lmy/iot-device-classification/dataset/socket/round7_jitter/socket_r7.pcapng,R7,85,851.0312085151672,0.00013742767623625696,2.011644210142549e-05,4.79107147839386e-05,2.3985703592188656e-05,0.9997705817222595,Socket
/home/lmy/iot-device-classification/dataset/socket/round7_jitter/socket_r7.pcapng,R7,86,864.2558174133301,0.00028421307797543705,3.316672155051492e-05,2.97119786409894e-05,2.719248368521221e-05,0.9996256828308105,Socket
/home/lmy/iot-device-classification/dataset/socket/round7_jitter/socket_r7.pcapng,R7,87,870.1110756397247,0.0007382119656540453,2.7442134523880668e-05,6.044145266059786e-05,3.343740536365658e-05,0.9991405010223389,Socket
/home/lmy/iot-device-classification/dataset/socket/round7_jitter/socket_r7.pcapng,R7,88,881.7232933044434,0.00010286796896252781,2.7178415621165186e-05,4.4824377255281433e-05,8.377020276384428e-05,0.9997413754463196,Socket
/home/lmy/iot-device-classification/dataset/socket/round7_jitter/socket_r7.pcapng,R7,89,890.1805045604706,0.00021316565107554197,3.140843182336539e-05,3.071689570788294e-05,0.00012634778977371752,0.9995983242988586,Socket
/home/lmy/iot-device-classification/dataset/socket/round7_jitter/socket_r7.pcapng,R7,90,900.0180900096893,0.0004038393672090024,5.6024968216661364e-05,6.690529698971659e-05,4.2556115658953786e-05,0.9994305968284607,Socket
/home/lmy/iot-device-classification/dataset/socket/round7_jitter/socket_r7.pcapng,R7,91,910.01478600502,0.0002333825104869902,2.2213887859834358e-05,2.59127737081144e-05,9.483761095907539e-05,0.9996236562728882,Socket
/home/lmy/iot-device-classification/dataset/socket/round7_jitter/socket_r7.pcapng,R7,92,920.7522525787354,8.701470505911857e-05,2.2428486772696488e-05,4.2731629946501926e-05,2.088197652483359e-05,0.999826967716217,Socket
/home/lmy/iot-device-classification/dataset/socket/round7_jitter/socket_r7.pcapng,R7,93,931.0135707855223,0.00038364919601008296,0.00016561037045903504,2.0477344151004218e-05,4.151151733822189e-05,0.9993886947631836,Socket
/home/lmy/iot-device-classification/dataset/socket/round7_jitter/socket_r7.pcapng,R7,94,941.1076741218568,0.00011697480658767745,1.949159923242405e-05,1.2978422091691755e-05,3.0113036700640805e-05,0.9998204112052917,Socket
/home/lmy/iot-device-classification/dataset/socket/round7_jitter/socket_r7.pcapng,R7,95,951.1913313865662,0.0001463133521610871,2.442335244268179e-05,3.9351994928438216e-05,1.927165976667311e-05,0.9997707009315491,Socket
/home/lmy/iot-device-classification/dataset/socket/round7_jitter/socket_r7.pcapng,R7,96,960.959226846695,0.0009125702199526131,1.8265107428305782e-05,6.13416705164127e-05,0.00010710304195526987,0.9989006519317627,Socket
/home/lmy/iot-device-classification/dataset/socket/round7_jitter/socket_r7.pcapng,R7,97,970.2359504699708,0.00011520912812557071,1.4956713130231947e-05,5.550175774260424e-05,3.0545841582352296e-05,0.9997838139533997,Socket
/home/lmy/iot-device-classification/dataset/socket/round7_jitter/socket_r7.pcapng,R7,98,980.680003643036,0.0002209557278547436,1.3854622920916881e-05,2.2394488041754812e-05,5.9426904044812545e-05,0.9996833801269531,Socket
/home/lmy/iot-device-classification/dataset/socket/round7_jitter/socket_r7.pcapng,R7,99,990.0949501991272,0.0003450897347647697,6.0085701989009976e-05,1.6883519492694177e-05,3.436072074691765e-05,0.9995436072349548,Socket
/home/lmy/iot-device-classification/dataset/socket/round7_jitter/socket_r7.pcapng,R7,100,1000.0985202789308,0.00023859244538471103,2.8286858650972135e-05,9.65657745837234e-05,3.814243609667756e-05,0.9995984435081482,Socket
/home/lmy/iot-device-classification/dataset/socket/round7_jitter/socket_r7.pcapng,R7,101,1012.5321655273438,0.00015062367310747504,2.9997276214999147e-05,2.403274629614316e-05,1.8587721569929272e-05,0.9997767806053162,Socket
/home/lmy/iot-device-classification/dataset/socket/round7_jitter/socket_r7.pcapng,R7,102,1021.0592017173768,0.00039132966776378453,4.898683982901275e-05,2.7047555704484694e-05,0.0002829969162121415,0.9992496371269226,Socket
/home/lmy/iot-device-classification/dataset/socket/round7_jitter/socket_r7.pcapng,R7,103,1030.6920881271362,0.000197641653358005,3.219354402972385e-05,1.4741809536644723e-05,6.466988997999579e-05,0.9996907711029053,Socket
/home/lmy/iot-device-classification/dataset/socket/round7_jitter/socket_r7.pcapng,R7,104,1041.5903453826904,0.0001315569825237617,3.1957071769284084e-05,2.2521089704241604e-05,3.417547486606054e-05,0.9997797608375549,Socket
/home/lmy/iot-device-classification/dataset/socket/round7_jitter/socket_r7.pcapng,R7,105,1050.2599029541016,6.712844333378598e-05,3.557919626473449e-05,9.860610589385033e-05,0.00022940798953641206,0.9995692372322083,Socket
/home/lmy/iot-device-classification/dataset/socket/round7_jitter/socket_r7.pcapng,R7,106,1062.535221338272,0.00024012787616811693,2.414548180240672e-05,5.097913890494965e-05,4.5963406591909006e-05,0.9996387958526611,Socket
/home/lmy/iot-device-classification/dataset/socket/round7_jitter/socket_r7.pcapng,R7,107,1070.0600893497467,0.00016406683425884694,3.189821291016415e-05,3.283180558355525e-05,4.955620534019545e-05,0.9997215867042542,Socket
/home/lmy/iot-device-classification/dataset/socket/round7_jitter/socket_r7.pcapng,R7,108,1080.8533189296722,0.00038908529677428305,6.18876947555691e-05,2.5545870812493376e-05,6.668180867563933e-05,0.9994568228721619,Socket
/home/lmy/iot-device-classification/dataset/socket/round7_jitter/socket_r7.pcapng,R7,109,1090.5095884799955,3.723723057191819e-05,2.8559297788888216e-05,3.536325311870314e-05,9.757228690432385e-05,0.9998013377189636,Socket
/home/lmy/iot-device-classification/dataset/socket/round7_jitter/socket_r7.pcapng,R7,110,1101.4502716064453,0.00011405535042285919,1.6919462723308243e-05,1.8123928384738974e-05,3.282063698861748e-05,0.9998181462287903,Socket
/home/lmy/iot-device-classification/dataset/socket/round7_jitter/socket_r7.pcapng,R7,111,1111.107841014862,0.0004019685438834131,3.370038029970601e-05,0.00015038138371892273,3.8593738281633705e-05,0.9993754029273987,Socket
/home/lmy/iot-device-classification/dataset/socket/round7_jitter/socket_r7.pcapng,R7,112,1122.111215353012,0.00026540522230789065,1.5382736819447018e-05,4.7935063776094466e-05,2.6773041099659167e-05,0.9996445178985596,Socket
/home/lmy/iot-device-classification/dataset/socket/round7_jitter/socket_r7.pcapng,R7,113,1134.2359445095062,0.00198200810700655,0.00013376175775192678,0.0004769702209159732,0.0009642334771342576,0.996442973613739,Socket
/home/lmy/iot-device-classification/dataset/socket/round7_jitter/socket_r7.pcapng,R7,114,1140.7205572128296,0.00041755312122404575,5.630028317682445e-05,5.8713452744996175e-05,3.566969826351851e-05,0.9994317889213562,Socket
/home/lmy/iot-device-classification/dataset/socket/round7_jitter/socket_r7.pcapng,R7,115,1151.5814836025238,7.556147465948015e-05,2.717378993111197e-05,1.963697468454484e-05,2.4061102521955036e-05,0.9998534917831421,Socket
/home/lmy/iot-device-classification/dataset/socket/round7_jitter/socket_r7.pcapng,R7,116,1161.3617300987244,0.00018643675139173865,2.040385879809037e-05,1.9796967535512522e-05,6.224235403351486e-05,0.9997110962867737,Socket
/home/lmy/iot-device-classification/dataset/socket/round7_jitter/socket_r7.pcapng,R7,117,1171.1787552833557,0.0008072091732174158,2.1493196982191876e-05,4.217034438624978e-05,5.372277519199997e-05,0.9990754127502441,Socket
/home/lmy/iot-device-classification/dataset/socket/round7_jitter/socket_r7.pcapng,R7,118,1180.0420017242432,0.0001347905199509114,3.355975786689669e-05,2.758808113867417e-05,3.265563282184303e-05,0.9997714161872864,Socket
/home/lmy/iot-device-classification/dataset/socket/round7_jitter/socket_r7.pcapng,R7,119,1191.6736557483673,7.296852709259838e-05,1.793524825188797e-05,2.479557770129759e-05,2.6673689717426896e-05,0.9998576641082764,Socket
/home/lmy/iot-device-classification/dataset/socket/round7_jitter/socket_r7.pcapng,R7,120,1200.55162024498,0.0004952005110681057,4.396313670440577e-05,1.5421390344272368e-05,9.495529957348481e-05,0.9993504881858826,Socket
/home/lmy/iot-device-classification/dataset/socket/round7_jitter/socket_r7.pcapng,R7,121,1211.627896785736,0.000117526862595696,2.006410613830667e-05,2.0042993128299713e-05,2.185853554692585e-05,0.9998205304145813,Socket
/home/lmy/iot-device-classification/dataset/socket/round7_jitter/socket_r7.pcapng,R7,122,1223.0582287311554,0.00013163965195417404,1.0146555723622441e-05,7.088624988682568e-05,0.0001375391730107367,0.9996497631072998,Socket
/home/lmy/iot-device-classification/dataset/socket/round7_jitter/socket_r7.pcapng,R7,123,1231.023431301117,0.00042130754445679486,3.320252289995551e-05,2.8632055546040647e-05,3.0141394745442085e-05,0.9994866847991943,Socket
/home/lmy/iot-device-classification/dataset/socket/round7_jitter/socket_r7.pcapng,R7,124,1244.036800146103,0.00018467800691723824,1.4795142305956688e-05,8.364227687707171e-05,0.00017233609105460346,0.9995445609092712,Socket
/home/lmy/iot-device-classification/dataset/socket/round7_jitter/socket_r7.pcapng,R7,125,1250.820859670639,8.413922478212044e-05,3.529954847181216e-05,6.001260408083908e-05,3.0421175324590877e-05,0.9997901320457458,Socket
/home/lmy/iot-device-classification/dataset/socket/round7_jitter/socket_r7.pcapng,R7,126,1261.325716495514,0.00044213185901753604,4.124638871871866e-05,4.815752981812693e-05,7.351105887209997e-05,0.9993948936462402,Socket
/home/lmy/iot-device-classification/dataset/socket/round7_jitter/socket_r7.pcapng,R7,127,1271.254490852356,0.0002387037529842928,2.2273234208114445e-05,6.204404780874029e-05,5.266152220428921e-05,0.9996242523193359,Socket
/home/lmy/iot-device-classification/dataset/socket/round7_jitter/socket_r7.pcapng,R7,128,1283.213327407837,9.92854475043714e-05,2.0073328414582647e-05,6.90569358994253e-05,1.7862887034425512e-05,0.9997937083244324,Socket
/home/lmy/iot-device-classification/dataset/socket/round7_jitter/socket_r7.pcapng,R7,129,1291.2772431373596,0.00038208719342947006,3.32826457452029e-05,9.512490214547142e-05,3.2983349228743464e-05,0.9994564652442932,Socket
/home/lmy/iot-device-classification/dataset/socket/round7_jitter/socket_r7.pcapng,R7,130,1301.741667985916,0.0001647865428822115,1.4505800209008157e-05,3.092301994911395e-05,5.1341819926165044e-05,0.9997383952140808,Socket
/home/lmy/iot-device-classification/dataset/socket/round7_jitter/socket_r7.pcapng,R7,131,1310.4516081809998,0.00012847133621107787,2.2815911506768316e-05,4.214898217469454e-05,1.9466633602860384e-05,0.9997871518135071,Socket
/home/lmy/iot-device-classification/dataset/socket/round7_jitter/socket_r7.pcapng,R7,132,1321.0159409046173,0.00020609302737284452,6.660861254204065e-05,4.118724609725177e-05,6.303701229626313e-05,0.9996230602264404,Socket
/home/lmy/iot-device-classification/dataset/socket/round7_jitter/socket_r7.pcapng,R7,133,1330.2647700309751,0.00010556308552622795,1.3283306543598883e-05,7.180880493251607e-05,2.239949935756158e-05,0.999786913394928,Socket
/home/lmy/iot-device-classification/dataset/socket/round7_jitter/socket_r7.pcapng,R7,134,1343.5716588497162,0.00015319894009735435,2.5331990400445648e-05,0.00012117484584450722,5.860459714313038e-05,0.9996416568756104,Socket
/home/lmy/iot-device-classification/dataset/socket/round7_jitter/socket_r7.pcapng,R7,135,1350.8137063980105,0.0003939364105463028,4.967561108060181e-05,0.00010126385313924402,2.7593378035817295e-05,0.9994275569915771,Socket
/home/lmy/iot-device-classification/dataset/socket/round7_jitter/socket_r7.pcapng,R7,136,1360.5927867889404,9.235601464752108e-05,1.5713440006948076e-05,5.7534191000740975e-05,2.601269807200879e-05,0.9998083710670471,Socket
/home/lmy/iot-device-classification/dataset/socket/round7_jitter/socket_r7.pcapng,R7,137,1372.467164516449,0.00011850450391648337,1.1782087312894873e-05,8.672273543197662e-05,2.5037721570697613e-05,0.9997579455375671,Socket
/home/lmy/iot-device-classification/dataset/socket/round7_jitter/socket_r7.pcapng,R7,138,1381.320202589035,0.0004539660003501922,0.00012382060231175274,2.0252442482160404e-05,2.488808604539372e-05,0.9993770718574524,Socket
/home/lmy/iot-device-classification/dataset/socket/round7_jitter/socket_r7.pcapng,R7,139,1391.0120649337769,0.00021041725995019078,1.428584710083669e-05,4.3662901589414105e-05,4.8945479647954926e-05,0.9996826648712158,Socket
/home/lmy/iot-device-classification/dataset/socket/round7_jitter/socket_r7.pcapng,R7,140,1402.7090167999268,0.00021431854111142457,2.8991087674512528e-05,3.863895472022705e-05,1.4050910067453515e-05,0.9997039437294006,Socket
/home/lmy/iot-device-classification/dataset/socket/round7_jitter/socket_r7.pcapng,R7,141,1410.726334810257,0.0008388302521780133,3.317555820103735e-05,4.367033398011699e-05,7.02536926837638e-05,0.9990140199661255,Socket
/home/lmy/iot-device-classification/dataset/socket/round7_jitter/socket_r7.pcapng,R7,142,1423.9270749092102,0.00011653111141640693,1.0703243788157124e-05,0.0001209850815939717,3.426648981985636e-05,0.9997175335884094,Socket
/home/lmy/iot-device-classification/dataset/socket/round7_jitter/socket_r7.pcapng,R7,143,1430.1840240955353,0.00025219598319381475,2.859375308617018e-05,4.019706466351636e-05,2.9989067115820944e-05,0.9996490478515625,Socket
/home/lmy/iot-device-classification/dataset/socket/round7_jitter/socket_r7.pcapng,R7,144,1440.045315742493,0.00039518505218438804,5.249164314591326e-05,1.9682735000969842e-05,0.00042876560473814607,0.999103844165802,Socket
/home/lmy/iot-device-classification/dataset/socket/round7_jitter/socket_r7.pcapng,R7,145,1451.6893928050995,0.00022918109607417136,1.639243600948248e-05,2.842620415322017e-05,6.58840945106931e-05,0.9996601343154907,Socket
/home/lmy/iot-device-classification/dataset/socket/round7_jitter/socket_r7.pcapng,R7,146,1463.6283648014069,0.000292637589154765,2.7537031201063655e-05,0.00012803790741600096,6.457267591031268e-05,0.9994871616363525,Socket
/home/lmy/iot-device-classification/dataset/socket/round7_jitter/socket_r7.pcapng,R7,147,1470.063240289688,0.0003659516223706305,0.00010404634667793289,1.7898315491038375e-05,4.479820199776441e-05,0.9994673132896423,Socket
/home/lmy/iot-device-classification/dataset/socket/round7_jitter/socket_r7.pcapng,R7,148,1481.3059284687042,0.000200962764210999,1.3069558917777613e-05,2.817231506924145e-05,5.6992088502738625e-05,0.9997007846832275,Socket
/home/lmy/iot-device-classification/dataset/socket/round7_jitter/socket_r7.pcapng,R7,149,1494.3888874053955,3.573669891920872e-05,5.362565570976585e-05,7.575516065116972e-05,8.685894863447174e-05,0.9997480511665344,Socket
/home/lmy/iot-device-classification/dataset/socket/round7_jitter/socket_r7.pcapng,R7,150,1500.2629747390747,0.00028669642051681876,1.827113374019973e-05,9.75715447566472e-05,0.00013075493916403502,0.9994667172431946,Socket
/home/lmy/iot-device-classification/dataset/socket/round7_jitter/socket_r7.pcapng,R7,151,1511.691365480423,9.538074664305896e-05,2.5036177248694003e-05,2.5226523575838655e-05,2.851259159797337e-05,0.9998258948326111,Socket
/home/lmy/iot-device-classification/dataset/socket/round7_jitter/socket_r7.pcapng,R7,152,1520.6284840106964,8.336026803590357e-05,1.9050727132707834e-05,2.4130653400789015e-05,2.125825449184049e-05,0.999852180480957,Socket
/home/lmy/iot-device-classification/dataset/socket/round7_jitter/socket_r7.pcapng,R7,153,1531.4396772384644,0.00044340669410303235,3.183558874297887e-05,0.0002088035107590258,4.109957808395848e-05,0.9992749094963074,Socket
/home/lmy/iot-device-classification/dataset/socket/round7_jitter/socket_r7.pcapng,R7,154,1540.1941721439362,0.0001672747021075338,1.5231310499075335e-05,2.246893745905254e-05,4.292316225473769e-05,0.9997521042823792,Socket
/home/lmy/iot-device-classification/dataset/socket/round7_jitter/socket_r7.pcapng,R7,155,1553.2866072654724,0.00013881601626053452,1.2996997611480765e-05,0.00015196182357612997,3.251238013035618e-05,0.9996637105941772,Socket
/home/lmy/iot-device-classification/dataset/socket/round7_jitter/socket_r7.pcapng,R7,156,1561.486915588379,0.00043545846710912883,3.099716195720248e-05,5.954920925432816e-05,2.7226355086895637e-05,0.9994468092918396,Socket
/home/lmy/iot-device-classification/dataset/socket/round7_jitter/socket_r7.pcapng,R7,157,1571.7644472122192,0.00013989186845719814,2.391574889770709e-05,1.932379927893635e-05,4.127906504436396e-05,0.9997755885124207,Socket
/home/lmy/iot-device-classification/dataset/socket/round7_jitter/socket_r7.pcapng,R7,158,1584.8347492218018,0.00019551956211216748,1.290229738515336e-05,0.00014327684766612947,4.012108547613025e-05,0.9996082186698914,Socket
/home/lmy/iot-device-classification/dataset/socket/round7_jitter/socket_r7.pcapng,R7,159,1590.2071800231934,0.00043625119724310935,9.386588499182835e-05,4.448539766599424e-05,5.275129296933301e-05,0.999372661113739,Socket
/home/lmy/iot-device-classification/dataset/socket/round7_jitter/socket_r7.pcapng,R7,160,1600.113275766373,0.0001547098800074309,3.0922976293368265e-05,4.3574462324613705e-05,1.5715420886408538e-05,0.9997550845146179,Socket
/home/lmy/iot-device-classification/dataset/socket/round7_jitter/socket_r7.pcapng,R7,161,1613.1657214164734,0.00011102499411208555,1.174088265543105e-05,3.1534153094980866e-05,2.3448590582120232e-05,0.9998223185539246,Socket
/home/lmy/iot-device-classification/dataset/socket/round7_jitter/socket_r7.pcapng,R7,162,1621.589748620987,0.00043634368921630085,2.6471880119061098e-05,0.0001770495728123933,3.77611540898215e-05,0.9993224143981934,Socket
/home/lmy/iot-device-classification/dataset/socket/round7_jitter/socket_r7.pcapng,R7,163,1630.1537294387815,0.00011532178905326873,1.6052927094278857e-05,5.5601034546270967e-05,2.3593485821038485e-05,0.9997894167900085,Socket
/home/lmy/iot-device-classification/dataset/socket/round7_jitter/socket_r7.pcapng,R7,164,1642.4661796092987,0.00010928212577709928,3.035980807908345e-05,4.04114143748302e-05,1.9644283383968286e-05,0.9998002648353577,Socket
/home/lmy/iot-device-classification/dataset/socket/round7_jitter/socket_r7.pcapng,R7,165,1650.259604215622,0.00038539484376087785,6.570993718924001e-05,3.228253626730293e-05,6.663272506557405e-05,0.9994500279426575,Socket
/home/lmy/iot-device-classification/dataset/socket/round7_jitter/socket_r7.pcapng,R7,166,1661.7689380645752,0.0001039390335790813,2.560013126640115e-05,3.279168959124945e-05,5.301800410961732e-05,0.9997846484184265,Socket
/home/lmy/iot-device-classification/dataset/socket/round7_jitter/socket_r7.pcapng,R7,167,1673.8464663028717,0.00015276331396307796,1.3503324225894175e-05,9.501558815827593e-05,6.17127152509056e-05,0.9996770620346069,Socket
/home/lmy/iot-device-classification/dataset/socket/round7_jitter/socket_r7.pcapng,R7,168,1681.6897909641266,0.00044660965795628726,3.5760524042416364e-05,0.00014264594938140363,6.268067954806611e-05,0.9993122816085815,Socket
/home/lmy/iot-device-classification/dataset/socket/round7_jitter/socket_r7.pcapng,R7,169,1690.5075006484983,0.0001768428919604048,2.1980900783091784e-05,1.4125664165476337e-05,7.367712532868609e-05,0.9997133612632751,Socket
/home/lmy/iot-device-classification/dataset/socket/round7_jitter/socket_r7.pcapng,R7,170,1705.0228419303894,7.35219509806484e-05,1.2576096196426079e-05,0.00021020375424996018,3.48724533978384e-05,0.9996688365936279,Socket
/home/lmy/iot-device-classification/dataset/socket/round7_jitter/socket_r7.pcapng,R7,171,1711.6038932800293,0.0003355532535351813,3.639230999397114e-05,9.63746351771988e-05,3.2951636967482045e-05,0.999498724937439,Socket
/home/lmy/iot-device-classification/dataset/socket/round7_jitter/socket_r7.pcapng,R7,172,1722.047812461853,0.0001537660282338038,8.562336006434634e-05,2.5330742573714815e-05,2.8463773560361005e-05,0.9997068047523499,Socket
/home/lmy/iot-device-classification/dataset/socket/round7_jitter/socket_r7.pcapng,R7,173,1732.956529378891,0.00014382362132892013,1.0759072210930753e-05,0.00018793517665471882,5.8907393395202234e-05,0.9995985627174377,Socket
/home/lmy/iot-device-classification/dataset/socket/round7_jitter/socket_r7.pcapng,R7,174,1740.6299216747284,0.000424021331127733,5.144198075868189e-05,2.755587047431618e-05,5.8301295212004334e-05,0.9994387030601501,Socket
/home/lmy/iot-device-classification/dataset/socket/round7_jitter/socket_r7.pcapng,R7,175,1752.670783996582,0.0003159928019158542,1.9204584532417357e-05,6.290878081927076e-05,7.625950092915446e-05,0.9995256662368774,Socket
/home/lmy/iot-device-classification/dataset/socket/round7_jitter/socket_r7.pcapng,R7,176,1760.7990109920502,0.00019603264809120446,2.0268375010346062e-05,1.8547849322203547e-05,2.25014919124078e-05,0.9997426867485046,Socket
/home/lmy/iot-device-classification/dataset/socket/round7_jitter/socket_r7.pcapng,R7,177,1770.8928170204165,0.0003948728262912482,5.1334012823645025e-05,8.337984036188573e-05,4.232264109305106e-05,0.9994280934333801,Socket
/home/lmy/iot-device-classification/dataset/socket/round7_jitter/socket_r7.pcapng,R7,178,1780.8791642189026,0.00017518764070700854,5.20663961651735e-05,0.00011204441398149356,1.3918025615566876e-05,0.999646782875061,Socket
/home/lmy/iot-device-classification/dataset/socket/round7_jitter/socket_r7.pcapng,R7,179,1793.0196650028229,0.00024688130361028016,1.3909505469200667e-05,2.555416176619474e-05,2.5831184757407755e-05,0.9996877908706665,Socket
/home/lmy/iot-device-classification/dataset/socket/round7_jitter/socket_r7.pcapng,R7,180,1801.7540934085848,0.00042191942338831723,4.093181632924825e-05,5.370691360440105e-05,0.00029995362274348736,0.9991834759712219,Socket
/home/lmy/iot-device-classification/dataset/socket/round7_jitter/socket_r7.pcapng,R7,181,1810.078896522522,0.0001886291429400444,1.5595482182106934e-05,2.2900776457390748e-05,7.24661658750847e-05,0.9997004270553589,Socket
/home/lmy/iot-device-classification/dataset/socket/round7_jitter/socket_r7.pcapng,R7,182,1822.236137151718,0.00012076633720425889,1.4988668226578739e-05,9.563776984577999e-05,2.3045098714646883e-05,0.9997455477714539,Socket
/home/lmy/iot-device-classification/dataset/socket/round7_jitter/socket_r7.pcapng,R7,183,1830.0407056808472,0.0003594495356082916,3.935440327040851e-05,0.000129171326989308,0.00011693141277646646,0.999355137348175,Socket
/home/lmy/iot-device-classification/dataset/socket/round7_jitter/socket_r7.pcapng,R7,184,1842.206439256668,0.00012219160271342844,2.0712148398160934e-05,2.553804370108992e-05,1.6674515791237354e-05,0.9998149275779724,Socket
/home/lmy/iot-device-classification/dataset/socket/round7_jitter/socket_r7.pcapng,R7,185,1853.3967661857605,0.00017514516366645694,1.1758817890950013e-05,3.439005377003923e-05,0.00016080685600172728,0.9996178150177002,Socket
/home/lmy/iot-device-classification/dataset/socket/round7_jitter/socket_r7.pcapng,R7,186,1860.327352285385,0.00039798551006242633,5.688336750608869e-05,3.233136158087291e-05,6.686474080197513e-05,0.9994459748268127,Socket
/home/lmy/iot-device-classification/dataset/socket/round7_jitter/socket_r7.pcapng,R7,187,1873.3660380840304,0.00014844453835394233,2.6238576538162306e-05,4.9732985644368455e-05,1.8851937056751922e-05,0.9997567534446716,Socket
/home/lmy/iot-device-classification/dataset/socket/round7_jitter/socket_r7.pcapng,R7,188,1881.006243944168,0.00013333160313777626,2.1090088921482675e-05,4.397698648972437e-05,2.0000055883429013e-05,0.9997816681861877,Socket
/home/lmy/iot-device-classification/dataset/socket/round7_jitter/socket_r7.pcapng,R7,189,1891.801950216293,0.00033634703140705824,5.8116049331147224e-05,3.455575279076584e-05,5.02732400491368e-05,0.9995206594467163,Socket
/home/lmy/iot-device-classification/dataset/socket/round7_jitter/socket_r7.pcapng,R7,190,1900.616384744644,0.0002259828761452809,9.602453246770892e-06,3.256147829233669e-05,0.00017844267131295055,0.999553382396698,Socket
/home/lmy/iot-device-classification/dataset/socket/round7_jitter/socket_r7.pcapng,R7,191,1912.27316570282,0.00016594129556324333,2.2714311853633262e-05,1.994400008697994e-05,2.1186428057262674e-05,0.9997702240943909,Socket
/home/lmy/iot-device-classification/dataset/socket/round7_jitter/socket_r7.pcapng,R7,192,1921.851806879044,0.00042676733573898673,3.365505108376965e-05,0.00010232598287984729,4.877272294834256e-05,0.9993884563446045,Socket
/home/lmy/iot-device-classification/dataset/socket/round7_jitter/socket_r7.pcapng,R7,193,1930.0477352142332,0.00011405412806198001,2.563047019066289e-05,1.2471177797124255e-05,2.6116449589608237e-05,0.9998217225074768,Socket
/home/lmy/iot-device-classification/dataset/socket/round7_jitter/socket_r7.pcapng,R7,194,1940.0141096115112,0.00018051145889330655,1.9520630303304642e-05,1.1830999937956221e-05,4.913330121780746e-05,0.9997389912605286,Socket
/home/lmy/iot-device-classification/dataset/socket/round7_jitter/socket_r7.pcapng,R7,195,1951.8723759651184,0.0004196055233478546,6.342428969219327e-05,2.1598318198812194e-05,4.355023702373728e-05,0.9994518160820007,Socket
/home/lmy/iot-device-classification/dataset/socket/round7_jitter/socket_r7.pcapng,R7,196,1962.9921522140503,0.00015408117906190455,2.83545032289112e-05,3.104413190158084e-05,1.5949271983117796e-05,0.9997705817222595,Socket
/home/lmy/iot-device-classification/dataset/socket/round7_jitter/socket_r7.pcapng,R7,197,1972.9839553833008,0.00010690998897189274,1.1902293408638798e-05,0.00022144851391203701,2.8822496460634284e-05,0.9996309280395508,Socket
/home/lmy/iot-device-classification/dataset/socket/round7_jitter/socket_r7.pcapng,R7,198,1980.099492549896,0.00040742935379967093,3.56501477654092e-05,0.00018555342103354633,4.5338107156567276e-05,0.9993261098861694,Socket
/home/lmy/iot-device-classification/dataset/socket/round7_jitter/socket_r7.pcapng,R7,199,1991.0828189849851,0.00010298762208549306,2.347387453482952e-05,1.4808967534918338e-05,2.2011408873368055e-05,0.9998366832733154,Socket
/home/lmy/iot-device-classification/dataset/socket/round7_jitter/socket_r7.pcapng,R7,200,2002.2197349071505,0.00011376044858479872,1.5141884432523511e-05,3.869338252115995e-05,6.169707921799272e-05,0.9997707009315491,Socket
/home/lmy/iot-device-classification/dataset/socket/round7_jitter/socket_r7.pcapng,R7,201,2011.1546602249143,0.0004541203670669347,5.5977532610995695e-05,1.7905935237649828e-05,0.000116900191642344,0.999355137348175,Socket
/home/lmy/iot-device-classification/dataset/socket/round7_jitter/socket_r7.pcapng,R7,202,2025.5508925914764,0.0001263961021322757,1.2594950931088533e-05,7.78138855821453e-05,4.5810258598066866e-05,0.9997373223304749,Socket
/home/lmy/iot-device-classification/dataset/socket/round7_jitter/socket_r7.pcapng,R7,203,2032.380264043808,0.00011336880561430007,1.5508621800108813e-05,6.265581032494083e-05,2.449423845973797e-05,0.9997839331626892,Socket
/home/lmy/iot-device-classification/dataset/socket/round7_jitter/socket_r7.pcapng,R7,204,2041.9210743904116,0.0002986530016642064,4.307398194214329e-05,3.823950464720838e-05,0.00012455433898139745,0.9994955062866211,Socket
/home/lmy/iot-device-classification/dataset/socket/round7_jitter/socket_r7.pcapng,R7,205,2051.403186798096,0.00010083035886054859,2.1383226339821704e-05,1.973246799025219e-05,3.2387593819294125e-05,0.999825656414032,Socket
/home/lmy/iot-device-classification/dataset/socket/round7_jitter/socket_r7.pcapng,R7,206,2064.1723206043243,0.00015264842659235,2.6971812985721044e-05,2.3189018975244835e-05,0.00010285616008331999,0.9996943473815918,Socket
/home/lmy/iot-device-classification/dataset/socket/round7_jitter/socket_r7.pcapng,R7,207,2070.4704325199127,0.0003804188745561987,1.632302883081138e-05,0.00015062950842548162,2.6210704163531773e-05,0.9994264841079712,Socket
/home/lmy/iot-device-classification/dataset/socket/round7_jitter/socket_r7.pcapng,R7,208,2082.57891869545,0.0002071132039418444,1.8262804587720893e-05,3.1328341719927266e-05,5.471043550642207e-05,0.9996886253356934,Socket
/home/lmy/iot-device-classification/dataset/socket/round7_jitter/socket_r7.pcapng,R7,209,2092.2526140213013,0.00010826237121364102,1.66548397828592e-05,2.504626718291547e-05,2.2779258870286867e-05,0.9998273253440857,Socket
/home/lmy/iot-device-classification/dataset/socket/round7_jitter/socket_r7.pcapng,R7,210,2102.029034137726,0.0003635514003690332,5.356436304282397e-05,3.101593392784707e-05,5.3719217248726636e-05,0.9994981288909912,Socket
/home/lmy/iot-device-classification/dataset/socket/round7_jitter/socket_r7.pcapng,R7,211,2110.047376394272,0.00010944268433377147,2.811900048982352e-05,8.016502397367731e-05,0.00012366403825581074,0.9996585845947266,Socket
/home/lmy/iot-device-classification/dataset/socket/round7_jitter/socket_r7.pcapng,R7,212,2124.9617042541504,0.00011958626419072971,2.1795625798404217e-05,3.286001447122544e-05,5.210822564549744e-05,0.9997736811637878,Socket
/home/lmy/iot-device-classification/dataset/socket/round7_jitter/socket_r7.pcapng,R7,213,2130.4190604686737,0.0006001321016810834,4.107239146833308e-05,2.7623627829598263e-05,0.0001676607789704576,0.9991635084152222,Socket
/home/lmy/iot-device-classification/dataset/socket/round7_jitter/socket_r7.pcapng,R7,214,2141.83118724823,0.0001555170601932332,2.0771469280589372e-05,5.416482235887088e-05,2.153073546651285e-05,0.9997480511665344,Socket
/home/lmy/iot-device-classification/dataset/socket/round7_jitter/socket_r7.pcapng,R7,215,2152.954300880432,0.00010294247476849705,2.0216635675751604e-05,5.439186861622147e-05,1.983729816856794e-05,0.9998026490211487,Socket
/home/lmy/iot-device-classification/dataset/socket/round7_jitter/socket_r7.pcapng,R7,216,2162.0207126140594,0.0007920503267087042,3.3463191357441247e-05,2.4343713448615745e-05,7.412064587697387e-05,0.9990760087966919,Socket
/home/lmy/iot-device-classification/dataset/socket/round7_jitter/socket_r7.pcapng,R7,217,2174.0669708251958,0.00013024704821873456,2.1677014956367202e-05,9.568946552462876e-05,3.6735273170052096e-05,0.9997156262397766,Socket
/home/lmy/iot-device-classification/dataset/socket/round7_jitter/socket_r7.pcapng,R7,218,2180.6031205654144,6.472661334555596e-05,1.7924223357113078e-05,7.54522843635641e-05,4.024498048238456e-05,0.9998016953468323,Socket
/home/lmy/iot-device-classification/dataset/socket/round7_jitter/socket_r7.pcapng,R7,219,2190.8154242038727,0.0007137002539820969,4.195419023744762e-05,9.233814125764184e-06,7.821214967407286e-05,0.9991569519042969,Socket
/home/lmy/iot-device-classification/dataset/socket/round7_jitter/socket_r7.pcapng,R7,220,2201.233826875686,0.00024246727116405964,2.9944523703306913e-05,1.3327906344784424e-05,2.0987587049603462e-05,0.9996932744979858,Socket
/home/lmy/iot-device-classification/dataset/socket/round7_jitter/socket_r7.pcapng,R7,221,2214.305286884308,0.00024257243785541505,1.3534971913031768e-05,3.9899201510706916e-05,0.0001521035737823695,0.9995518326759338,Socket
/home/lmy/iot-device-classification/dataset/socket/round7_jitter/socket_r7.pcapng,R7,222,2222.0910923480988,0.0005216320278123021,5.082382631371729e-05,2.143227720807772e-05,0.00012326298747211695,0.9992828965187073,Socket
/home/lmy/iot-device-classification/dataset/socket/round7_jitter/socket_r7.pcapng,R7,223,2231.7760717868805,0.00012159753532614559,2.4461838620482013e-05,1.4616989574278705e-05,2.4767376089585014e-05,0.9998145699501038,Socket
/home/lmy/iot-device-classification/dataset/socket/round7_jitter/socket_r7.pcapng,R7,224,2244.4316070079803,0.00017954169015865773,1.4685600945085753e-05,0.0001292822853429243,3.506465145619586e-05,0.9996414184570312,Socket
/home/lmy/iot-device-classification/dataset/socket/round7_jitter/socket_r7.pcapng,R7,225,2251.282469272613,0.0003187940747011453,3.5109693271806464e-05,1.0185427527176216e-05,7.532323797931895e-05,0.999560534954071,Socket
/home/lmy/iot-device-classification/dataset/socket/round7_jitter/socket_r7.pcapng,R7,226,2260.0483088493347,0.00031313454383052886,1.882431752164848e-05,3.6663135688286275e-05,3.982247653766535e-05,0.9995915293693542,Socket
/home/lmy/iot-device-classification/dataset/socket/round7_jitter/socket_r7.pcapng,R7,227,2271.9647393226624,0.00020562535792123526,1.5151446859817952e-05,8.574981620768085e-06,0.00024592559202574193,0.999524712562561,Socket
/home/lmy/iot-device-classification/dataset/socket/round7_jitter/socket_r7.pcapng,R7,228,2280.649154424668,0.0004940616781823337,3.6816381907556206e-05,0.00013809035590384156,4.943222302244976e-05,0.9992815852165222,Socket
/home/lmy/iot-device-classification/dataset/socket/round7_jitter/socket_r7.pcapng,R7,229,2292.013203382492,7.461666245944798e-05,2.7480869903229177e-05,1.5737412468297407e-05,4.671194983529858e-05,0.9998353719711304,Socket
/home/lmy/iot-device-classification/dataset/socket/round7_jitter/socket_r7.pcapng,R7,230,2300.713515281677,0.00012106838403269649,1.5867530237301253e-05,2.2044112483854406e-05,5.12534606968984e-05,0.9997897744178772,Socket
/home/lmy/iot-device-classification/dataset/socket/round7_jitter/socket_r7.pcapng,R7,231,2310.059655666352,0.0004173770430497825,3.8913203752599657e-05,2.079124897136353e-05,8.183216414181516e-05,0.9994410872459412,Socket
/home/lmy/iot-device-classification/dataset/socket/round7_jitter/socket_r7.pcapng,R7,232,2322.541030883789,8.80675797816366e-05,2.748597034951672e-05,1.8586271835374646e-05,5.086098099127412e-05,0.999815046787262,Socket
/home/lmy/iot-device-classification/dataset/socket/round7_jitter/socket_r7.pcapng,R7,233,2333.017546415329,0.00018014933448284864,1.7982516510528512e-05,1.7020860468619503e-05,0.0005334775196388364,0.9992513060569763,Socket
/home/lmy/iot-device-classification/dataset/socket/round7_jitter/socket_r7.pcapng,R7,234,2340.0401289463043,0.00041610331390984356,6.50864967610687e-05,3.330404797452502e-05,5.7653101976029575e-05,0.999427855014801,Socket
/home/lmy/iot-device-classification/dataset/socket/round7_jitter/socket_r7.pcapng,R7,235,2352.1820764541626,0.00028797468985430896,2.2120788344182074e-05,3.994517101091333e-05,1.849625914474018e-05,0.999631404876709,Socket
/home/lmy/iot-device-classification/dataset/socket/round7_jitter/socket_r7.pcapng,R7,236,2361.1219685077667,0.00010204396676272154,3.5673459933605045e-05,1.6562920791329816e-05,2.8254176868358627e-05,0.9998175501823425,Socket
/home/lmy/iot-device-classification/dataset/socket/round7_jitter/socket_r7.pcapng,R7,237,2372.247547388077,0.0004657840181607753,5.4319902119459584e-05,1.0428297173348255e-05,2.663349914655555e-05,0.9994428753852844,Socket
/home/lmy/iot-device-classification/dataset/socket/round7_jitter/socket_r7.pcapng,R7,238,2381.919710874557,8.572801743866876e-05,3.0173339837347157e-05,1.509074900241103e-05,3.2626590837026015e-05,0.9998363256454468,Socket
/home/lmy/iot-device-classification/dataset/socket/round7_jitter/socket_r7.pcapng,R7,239,2392.8478507995605,7.867409294703975e-05,1.9011335098184645e-05,1.647184217290487e-05,3.299605305073783e-05,0.9998527765274048,Socket
/home/lmy/iot-device-classification/dataset/socket/round7_jitter/socket_r7.pcapng,R7,240,2400.451853275299,0.0003835861571133137,2.4471264623571187e-05,9.480769949732348e-05,3.629319689935073e-05,0.9994608759880066,Socket
/home/lmy/iot-device-classification/dataset/socket/round7_jitter/socket_r7.pcapng,R7,241,2413.4879643917084,0.0001820988254621625,1.0248360013065394e-05,2.388174834777601e-05,0.00043967191595584154,0.9993440508842468,Socket
/home/lmy/iot-device-classification/dataset/socket/round7_jitter/socket_r7.pcapng,R7,242,2424.436616420746,0.0001086277115973644,1.2571727893373463e-05,4.274723687558435e-05,0.00015503010945394635,0.9996809959411621,Socket
/home/lmy/iot-device-classification/dataset/socket/round7_jitter/socket_r7.pcapng,R7,243,2430.571100950241,0.0003751694457605481,3.2040570658864453e-05,0.00040894545963965356,5.013515692553483e-05,0.9991337656974792,Socket
/home/lmy/iot-device-classification/dataset/socket/round7_jitter/socket_r7.pcapng,R7,244,2442.5083980560303,0.00021012969955336303,1.805599094950594e-05,2.10261314350646e-05,7.09335581632331e-05,0.9996799230575562,Socket
/home/lmy/iot-device-classification/dataset/socket/round7_jitter/socket_r7.pcapng,R7,245,2451.6840782165527,0.00010081293294206262,9.454611245018896e-06,2.515177766326815e-05,3.638497582869604e-05,0.9998282194137573,Socket
/home/lmy/iot-device-classification/dataset/socket/round7_jitter/socket_r7.pcapng,R7,246,2462.2640936374664,0.003102272981777787,0.00037355817039497197,8.632471872260794e-05,0.00025794177781790495,0.9961799383163452,Socket
/home/lmy/iot-device-classification/dataset/socket/round7_jitter/socket_r7.pcapng,R7,247,2473.78886461258,0.00046323647256940603,1.890454404929187e-05,6.481791206169873e-05,2.2295293092611246e-05,0.9994307160377502,Socket
/home/lmy/iot-device-classification/dataset/socket/round7_jitter/socket_r7.pcapng,R7,248,2481.010453224182,0.00016722423606552184,1.708808122202754e-05,1.988705298572313e-05,0.00010697636025724933,0.9996888637542725,Socket
/home/lmy/iot-device-classification/dataset/socket/round7_jitter/socket_r7.pcapng,R7,249,2490.938020467758,0.0002247007651021704,9.833052172325552e-05,0.000615580880548805,3.495245982776396e-05,0.9990264177322388,Socket
/home/lmy/iot-device-classification/dataset/socket/round7_jitter/socket_r7.pcapng,R7,250,2501.8922247886658,0.00020424829563125968,2.6133633582503535e-05,4.560725938063115e-05,2.4703356757527217e-05,0.9996993541717529,Socket
/home/lmy/iot-device-classification/dataset/socket/round7_jitter/socket_r7.pcapng,R7,251,2510.9356429576874,0.00021943452884443104,2.8307234970270656e-05,1.3575174307334237e-05,6.300451059360057e-05,0.9996757507324219,Socket
/home/lmy/iot-device-classification/dataset/socket/round7_jitter/socket_r7.pcapng,R7,252,2522.368312597275,0.0003746561415027827,3.70486595784314e-05,1.6793796021374874e-05,4.431137858773582e-05,0.9995272159576416,Socket
/home/lmy/iot-device-classification/dataset/socket/round7_jitter/socket_r7.pcapng,R7,253,2531.1391067504883,0.00012490683002397418,3.0447947210632265e-05,1.1882517355843447e-05,7.182269473560154e-05,0.9997609257698059,Socket
/home/lmy/iot-device-classification/dataset/socket/round7_jitter/socket_r7.pcapng,R7,254,2544.231275320053,0.00018182501662522554,1.320552019024035e-05,3.472896059975028e-05,0.00017728896636981517,0.9995929598808289,Socket
/home/lmy/iot-device-classification/dataset/socket/round7_jitter/socket_r7.pcapng,R7,255,2551.1851773262024,0.000267547758994624,2.5984332751249894e-05,2.2776348487241194e-05,5.464423884404823e-05,0.999629020690918,Socket
/home/lmy/iot-device-classification/dataset/socket/round7_jitter/socket_r7.pcapng,R7,256,2560.020409822464,4.4879216147819534e-05,4.0872153476811945e-05,1.0966725312755443e-05,0.00010743574966909364,0.9997958540916443,Socket
/home/lmy/iot-device-classification/dataset/socket/round7_jitter/socket_r7.pcapng,R7,257,2571.3860404491425,0.0002251291589345783,4.5381701056612656e-05,1.1345727216394152e-05,0.00012829870684072375,0.9995898604393005,Socket
/home/lmy/iot-device-classification/dataset/socket/round7_jitter/socket_r7.pcapng,R7,258,2581.2019510269165,0.0003377794346306473,3.818546247202903e-05,1.0348625437472947e-05,4.846259980695322e-05,0.9995651841163635,Socket
/home/lmy/iot-device-classification/dataset/socket/round7_jitter/socket_r7.pcapng,R7,259,2590.082585811615,0.00013634034257847816,2.4907447368605062e-05,7.718433153058868e-06,6.839205889264122e-05,0.9997625946998596,Socket
/home/lmy/iot-device-classification/dataset/socket/round7_jitter/socket_r7.pcapng,R7,260,2603.4458396434784,0.00010605125135043636,2.454130481055472e-05,1.3472980754158925e-05,3.8615704397670925e-05,0.9998173117637634,Socket
/home/lmy/iot-device-classification/dataset/socket/round7_jitter/socket_r7.pcapng,R7,261,2610.666484117508,0.0017548891482874751,0.00023054814664646983,8.847886783769354e-05,0.0004418694006744772,0.9974842071533203,Socket
/home/lmy/iot-device-classification/dataset/socket/round7_jitter/socket_r7.pcapng,R7,262,2621.552920818329,0.00012084787158528343,2.0607743863365613e-05,1.5003221960796509e-05,2.9573613574029878e-05,0.999813973903656,Socket
/home/lmy/iot-device-classification/dataset/socket/round7_jitter/socket_r7.pcapng,R7,263,2630.036587715149,0.000240184337599203,5.8622401411412284e-05,2.016929465753492e-05,1.405616603733506e-05,0.9996669292449951,Socket
/home/lmy/iot-device-classification/dataset/socket/round7_jitter/socket_r7.pcapng,R7,264,2640.6884829998016,0.0003510596579872072,5.3848787501920015e-05,1.088024873752147e-05,4.4975571654504165e-05,0.9995392560958862,Socket
/home/lmy/iot-device-classification/dataset/socket/round7_jitter/socket_r7.pcapng,R7,265,2653.783318996429,0.00010415835276944563,1.596593574504368e-05,1.955721018020995e-05,4.97079236083664e-05,0.9998106360435486,Socket
/home/lmy/iot-device-classification/dataset/socket/round7_jitter/socket_r7.pcapng,R7,266,2660.682715892792,0.0002081708371406421,2.2468668248620816e-05,2.0490328097366728e-05,4.5020915422355756e-05,0.9997038245201111,Socket
/home/lmy/iot-device-classification/dataset/socket/round7_jitter/socket_r7.pcapng,R7,267,2670.571419239044,0.00038771823165006936,3.5277025745017454e-05,4.8400739615317434e-05,3.523707709973678e-05,0.9994933605194092,Socket
/home/lmy/iot-device-classification/dataset/socket/round7_jitter/socket_r7.pcapng,R7,268,2682.553022623062,0.00018611230188980699,2.526011121517513e-05,4.510120197664946e-05,2.1276726329233497e-05,0.9997221827507019,Socket
/home/lmy/iot-device-classification/dataset/socket/round7_jitter/socket_r7.pcapng,R7,269,2693.4126777648926,0.0001142398759839125,1.1901536709046923e-05,0.00022585998522117734,2.1440097043523565e-05,0.9996265172958374,Socket
/home/lmy/iot-device-classification/dataset/socket/round7_jitter/socket_r7.pcapng,R7,270,2701.021677017212,0.0003625023819040507,4.9896942073246464e-05,2.890433643187862e-05,5.811421215184964e-05,0.9995005130767822,Socket
/home/lmy/iot-device-classification/dataset/socket/round7_jitter/socket_r7.pcapng,R7,271,2710.1666264534,3.6967991036362946e-05,7.44592907722108e-05,3.6736037145601586e-05,0.00010878073226194829,0.9997430443763733,Socket
/home/lmy/iot-device-classification/dataset/socket/round7_jitter/socket_r7.pcapng,R7,272,2720.0321962833405,0.0001474708697060123,7.55601140554063e-05,1.532905298518017e-05,0.00018266210099682212,0.9995790123939514,Socket
/home/lmy/iot-device-classification/dataset/socket/round7_jitter/socket_r7.pcapng,R7,273,2731.1491837501526,0.00046172551810741425,4.806419383385219e-05,2.4629433028167114e-05,9.288085857406259e-05,0.9993727803230286,Socket
/home/lmy/iot-device-classification/dataset/socket/round7_jitter/socket_r7.pcapng,R7,274,2740.329580783844,0.00011731803533621132,1.658294968365226e-05,2.2326974431052804e-05,6.504132034024224e-05,0.999778687953949,Socket
/home/lmy/iot-device-classification/dataset/socket/round7_jitter/socket_r7.pcapng,R7,275,2751.308354139328,0.0001964561379281804,3.550513065420091e-05,1.3026614396949299e-05,7.053359149722382e-05,0.9996844530105591,Socket
/home/lmy/iot-device-classification/dataset/socket/round7_jitter/socket_r7.pcapng,R7,276,2762.6315772533417,0.00041071567102335393,5.6665001466171816e-05,4.532521415967494e-05,5.652278559864499e-05,0.9994307160377502,Socket
/home/lmy/iot-device-classification/dataset/socket/round7_jitter/socket_r7.pcapng,R7,277,2771.8355758190155,9.907745698001236e-05,3.641058719949797e-05,8.037095540203154e-06,2.4614160793134943e-05,0.9998317956924438,Socket
/home/lmy/iot-device-classification/dataset/socket/round7_jitter/socket_r7.pcapng,R7,278,2782.518562793732,0.0001964901457540691,1.5251523109327536e-05,1.842480014602188e-05,0.00010304821626050398,0.9996668100357056,Socket
/home/lmy/iot-device-classification/dataset/socket/round7_jitter/socket_r7.pcapng,R7,279,2790.3033480644226,0.0008374775061383843,1.8655186067917384e-05,3.0452170904027298e-05,7.923982047941536e-05,0.9990341663360596,Socket
/home/lmy/iot-device-classification/dataset/socket/round7_jitter/socket_r7.pcapng,R7,280,2801.244903802872,0.0001216646924149245,2.2342537704389542e-05,1.5251172953867353e-05,2.7194068024982698e-05,0.9998136162757874,Socket
/home/lmy/iot-device-classification/dataset/socket/round7_jitter/socket_r7.pcapng,R7,281,2814.294346809387,0.00010639188985805959,1.7205989934154786e-05,2.531901736801956e-05,8.466549479635432e-05,0.9997664093971252,Socket
/home/lmy/iot-device-classification/dataset/socket/round7_jitter/socket_r7.pcapng,R7,282,2820.809970140457,0.00023605582828167826,2.457010305079166e-05,4.0660313970874995e-05,3.4352746297372505e-05,0.9996644258499146,Socket
/home/lmy/iot-device-classification/dataset/socket/round7_jitter/socket_r7.pcapng,R7,283,2830.3381354808807,0.0001543630351079628,1.7417190974811092e-05,2.5010866011143662e-05,1.2207145118736662e-05,0.9997909665107727,Socket
/home/lmy/iot-device-classification/dataset/socket/round7_jitter/socket_r7.pcapng,R7,284,2842.643158435821,0.00023743313795421273,1.3840763131156564e-05,0.00014666483912151307,3.1597875931765884e-05,0.9995704293251038,Socket
/home/lmy/iot-device-classification/dataset/socket/round7_jitter/socket_r7.pcapng,R7,285,2850.2600293159485,0.00043561699567362666,3.0166393116815016e-05,6.585333903785795e-05,5.8578156313160434e-05,0.9994097948074341,Socket
/home/lmy/iot-device-classification/dataset/socket/round7_jitter/socket_r7.pcapng,R7,286,2860.0441584587097,0.00019232988415751606,1.6675656297593378e-05,1.64326647791313e-05,6.289283192018047e-05,0.9997116923332214,Socket
/home/lmy/iot-device-classification/dataset/socket/round7_jitter/socket_r7.pcapng,R7,287,2871.7167620658875,0.00018876987451221794,1.8577264199848287e-05,1.5805748262209818e-05,5.737878382205963e-05,0.9997194409370422,Socket
/home/lmy/iot-device-classification/dataset/socket/round7_jitter/socket_r7.pcapng,R7,288,2882.7325406074524,0.0004770136147271842,3.250199733884074e-05,6.965904321987182e-05,0.00020882343233097345,0.9992120265960693,Socket
/home/lmy/iot-device-classification/dataset/socket/round7_jitter/socket_r7.pcapng,R7,289,2890.5165803432465,0.00011933196219615638,2.0361587303341366e-05,1.629407051950693e-05,6.862559530418366e-05,0.9997753500938416,Socket
/home/lmy/iot-device-classification/dataset/socket/round7_jitter/socket_r7.pcapng,R7,290,2900.123165369034,9.839697304414585e-05,1.8064596588374116e-05,3.09688039124012e-05,2.8035994546371512e-05,0.999824583530426,Socket
/home/lmy/iot-device-classification/dataset/socket/round7_jitter/socket_r7.pcapng,R7,291,2910.074242591858,0.00021476898109540343,9.584840154275298e-05,0.00010935171303572133,8.245457138400525e-05,0.9994975328445435,Socket
/home/lmy/iot-device-classification/dataset/socket/round7_jitter/socket_r7.pcapng,R7,292,2921.7175669670105,0.00011773947335314006,3.3831733162514865e-05,4.0667055145604536e-05,2.716170456551481e-05,0.9997805953025818,Socket
/home/lmy/iot-device-classification/dataset/socket/round7_jitter/socket_r7.pcapng,R7,293,2930.706301212311,0.0001834167051129043,2.0064919226570055e-05,1.4998622646089643e-05,0.00018170129624195397,0.9995998740196228,Socket
/home/lmy/iot-device-classification/dataset/socket/round7_jitter/socket_r7.pcapng,R7,294,2940.5064249038696,0.0004691608191933483,3.911448584403843e-05,0.00011120026465505362,7.208580791484565e-05,0.9993084669113159,Socket
/home/lmy/iot-device-classification/dataset/socket/round7_jitter/socket_r7.pcapng,R7,295,2950.298408269882,0.0001424836809746921,2.826834133884404e-05,2.1854706574231386e-05,5.325028541847132e-05,0.9997541308403015,Socket
/home/lmy/iot-device-classification/dataset/socket/round7_jitter/socket_r7.pcapng,R7,296,2962.478224992752,0.00012105473433621228,3.4394615795463324e-05,3.921284951502457e-05,5.4933254432398826e-05,0.9997504353523254,Socket
/home/lmy/iot-device-classification/dataset/socket/round7_jitter/socket_r7.pcapng,R7,297,2970.5987582206726,0.00033436421654187143,4.7629884647903964e-05,1.9280383639852516e-05,4.779159280587919e-05,0.9995508790016174,Socket
/home/lmy/iot-device-classification/dataset/socket/round7_jitter/socket_r7.pcapng,R7,298,2980.592135667801,0.00011358194024069235,3.0243645596783608e-05,1.066223831003299e-05,6.0298520111246035e-05,0.9997852444648743,Socket
/home/lmy/iot-device-classification/dataset/socket/round7_jitter/socket_r7.pcapng,R7,299,2991.81205701828,0.00016213742492254823,1.5098255062184762e-05,2.1207244571996853e-05,4.015560261905193e-05,0.9997614026069641,Socket
/home/lmy/iot-device-classification/dataset/socket/round7_jitter/socket_r7.pcapng,R7,300,3002.7041721343994,0.0004422779893502593,6.075940473238006e-05,0.00011607957276282832,6.071809912100434e-05,0.9993201494216919,Socket
/home/lmy/iot-device-classification/dataset/socket/round7_jitter/socket_r7.pcapng,R7,301,3010.226236343384,0.0001213399664266035,1.942917333508376e-05,1.4523010577249806e-05,6.207672413438559e-05,0.9997826218605042,Socket
/home/lmy/iot-device-classification/dataset/socket/round7_jitter/socket_r7.pcapng,R7,302,3023.0908510684967,0.00011780986824305728,2.9164270017645322e-05,3.893977918778546e-05,2.228671837656293e-05,0.9997918009757996,Socket
/home/lmy/iot-device-classification/dataset/socket/round7_jitter/socket_r7.pcapng,R7,303,3032.7500603199005,0.0004937461344525218,8.49793286761269e-05,0.0004633165372069925,2.019017301790882e-05,0.9989377856254578,Socket
/home/lmy/iot-device-classification/dataset/socket/round7_jitter/socket_r7.pcapng,R7,304,3040.7172780036926,5.360595969250426e-05,4.3950509279966354e-05,0.00026508531300351024,2.5807448764680885e-05,0.9996115565299988,Socket
/home/lmy/iot-device-classification/dataset/socket/round7_jitter/socket_r7.pcapng,R7,305,3050.511643409729,0.0001189753893413581,1.837133640947286e-05,1.2923459507874213e-05,2.3800570488674566e-05,0.9998260140419006,Socket
/home/lmy/iot-device-classification/dataset/socket/round7_jitter/socket_r7.pcapng,R7,306,3062.81133556366,0.0004660704580601305,4.91309619974345e-05,4.5173765101935714e-05,5.8047535276273265e-05,0.9993815422058105,Socket
/home/lmy/iot-device-classification/dataset/socket/round7_jitter/socket_r7.pcapng,R7,307,3071.127609729767,0.00024683281662873924,1.728543793433346e-05,2.721077726164367e-05,8.957144018495455e-05,0.9996191263198853,Socket
/home/lmy/iot-device-classification/dataset/socket/round7_jitter/socket_r7.pcapng,R7,308,3084.237448453903,0.0001179948085336946,1.833611895563081e-05,1.944312134583015e-05,0.00026613628142513335,0.999578058719635,Socket
/home/lmy/iot-device-classification/dataset/socket/round7_jitter/socket_r7.pcapng,R7,309,3091.3105533123016,0.00044813164277002215,8.339210762642324e-05,2.4059383576968685e-05,5.320096533978358e-05,0.9993911981582642,Socket
/home/lmy/iot-device-classification/dataset/socket/round7_jitter/socket_r7.pcapng,R7,310,3105.2948548793797,0.00012405721645336598,1.4409601135412231e-05,0.00010445131920278072,7.690490747336298e-05,0.9996801614761353,Socket
/home/lmy/iot-device-classification/dataset/socket/round7_jitter/socket_r7.pcapng,R7,311,3112.4780876636505,0.00013313170347828418,3.610202838899568e-05,1.6455609511467628e-05,2.9106202418915927e-05,0.9997852444648743,Socket
/home/lmy/iot-device-classification/dataset/socket/round7_jitter/socket_r7.pcapng,R7,312,3122.7992730140686,0.0004112288588657975,5.756958125857636e-05,2.179176408390049e-05,8.359924686374143e-05,0.9994258880615234,Socket
/home/lmy/iot-device-classification/dataset/socket/round7_jitter/socket_r7.pcapng,R7,313,3130.9479365348816,0.0004965486004948616,2.232802944490686e-05,3.709140946739353e-05,3.569768523448147e-05,0.9994083642959595,Socket
/home/lmy/iot-device-classification/dataset/socket/round7_jitter/socket_r7.pcapng,R7,314,3141.5208048820496,0.00020900632080156356,1.6219744793488644e-05,6.617810868192464e-05,8.101887942757457e-05,0.9996275901794434,Socket
/home/lmy/iot-device-classification/dataset/socket/round7_jitter/socket_r7.pcapng,R7,315,3150.5810260772705,0.00041522181709297,6.233430758584291e-05,2.0863377358182333e-05,7.537555211456493e-05,0.9994262456893921,Socket
/home/lmy/iot-device-classification/dataset/socket/round7_jitter/socket_r7.pcapng,R7,316,3162.560515642166,0.0001299773866776377,5.931805571890436e-05,2.494492582627572e-05,7.69668331486173e-05,0.9997087121009827,Socket
/home/lmy/iot-device-classification/dataset/socket/round7_jitter/socket_r7.pcapng,R7,317,3170.2693490982056,4.53665379609447e-05,2.473659515089821e-05,3.6552530218614265e-05,6.255330663407221e-05,0.9998307228088379,Socket
/home/lmy/iot-device-classification/dataset/socket/round7_jitter/socket_r7.pcapng,R7,318,3180.918244600296,0.0005174015532247722,3.183387889293954e-05,4.229298065183684e-05,4.813745181309059e-05,0.9993603825569153,Socket
/home/lmy/iot-device-classification/dataset/socket/round7_jitter/socket_r7.pcapng,R7,319,3192.75447010994,0.00017007277347147465,1.111610163206933e-05,1.0745384315669071e-05,0.0003209630085621029,0.999487042427063,Socket
/home/lmy/iot-device-classification/dataset/socket/round7_jitter/socket_r7.pcapng,R7,320,3206.535153388977,0.00015222399088088423,1.5958437870722264e-05,7.99661866039969e-05,0.0006938170990906656,0.9990580677986145,Socket
/home/lmy/iot-device-classification/dataset/socket/round7_jitter/socket_r7.pcapng,R7,321,3213.352467775345,0.0007012735586613417,4.6684050175826997e-05,1.2547334335977212e-05,6.894870602991432e-05,0.9991705417633057,Socket
/home/lmy/iot-device-classification/dataset/socket/round7_jitter/socket_r7.pcapng,R7,322,3224.708929300308,3.36886259901803e-05,4.20819160353858e-05,0.00012213138688821346,4.2410836613271385e-05,0.9997597336769104,Socket
/home/lmy/iot-device-classification/dataset/socket/round7_jitter/socket_r7.pcapng,R7,323,3230.007579088211,0.00015139082097448409,1.8850298147299327e-05,1.6839032468851656e-05,5.632502507069148e-05,0.9997566342353821,Socket
/home/lmy/iot-device-classification/dataset/socket/round7_jitter/socket_r7.pcapng,R7,324,3240.1007840633392,0.0004344563349150121,4.323180837673135e-05,2.9419627026072703e-05,5.8327914302935824e-05,0.9994345307350159,Socket
/home/lmy/iot-device-classification/dataset/socket/round7_jitter/socket_r7.pcapng,R7,325,3251.112860441208,0.0001558922085678205,1.4665507478639483e-05,1.9732300643227063e-05,3.162669236189686e-05,0.9997780919075012,Socket
/home/lmy/iot-device-classification/dataset/socket/round7_jitter/socket_r7.pcapng,R7,326,3265.201575756073,0.00014887115685269237,2.581425360403955e-05,2.304353256477043e-05,5.4960226407274604e-05,0.9997473359107971,Socket
/home/lmy/iot-device-classification/dataset/socket/round7_jitter/socket_r7.pcapng,R7,327,3270.867155790329,0.0003152355784550309,3.60658232239075e-05,2.5627137802075595e-05,5.1442490075714886e-05,0.9995716214179993,Socket
/home/lmy/iot-device-classification/dataset/socket/round7_jitter/socket_r7.pcapng,R7,328,3281.310869216919,0.00019089512352366,1.213981431646971e-05,2.085012965835631e-05,0.0001296469272347167,0.9996464252471924,Socket
/home/lmy/iot-device-classification/dataset/socket/round7_jitter/socket_r7.pcapng,R7,329,3291.1008117198944,0.0001264155434910208,1.3578654943557922e-05,2.0661325834225863e-05,4.457907925825566e-05,0.9997947812080383,Socket
/home/lmy/iot-device-classification/dataset/socket/round7_jitter/socket_r7.pcapng,R7,330,3302.964433193207,0.00025711883790791035,7.004926010267809e-05,7.557889330200851e-05,4.445562808541581e-05,0.9995527863502502,Socket
/home/lmy/iot-device-classification/dataset/socket/round7_jitter/socket_r7.pcapng,R7,331,3310.065604925156,9.724799747345969e-05,1.8793754861690104e-05,4.336467827670276e-05,2.679648059711326e-05,0.9998138546943665,Socket
/home/lmy/iot-device-classification/dataset/socket/round7_jitter/socket_r7.pcapng,R7,332,3320.50114941597,0.00017241426394321024,6.949729868210852e-05,1.1487856681924313e-05,0.0002348443667870015,0.99951171875,Socket
/home/lmy/iot-device-classification/dataset/socket/round7_jitter/socket_r7.pcapng,R7,333,3330.000492811203,0.0007457176106981933,2.399177355982829e-05,1.3402615877566859e-05,0.0001274826208828017,0.9990893602371216,Socket
/home/lmy/iot-device-classification/dataset/socket/round7_jitter/socket_r7.pcapng,R7,334,3340.0401496887207,8.372979937121272e-05,5.0277350965188816e-05,1.6020823750295676e-05,1.8715760234044865e-05,0.9998311996459961,Socket
/home/lmy/iot-device-classification/dataset/socket/round7_jitter/socket_r7.pcapng,R7,335,3352.471880674362,0.00017654613475315273,2.1106672647874802e-05,1.9901768609997816e-05,0.00020645983750000596,0.9995760321617126,Socket
/home/lmy/iot-device-classification/dataset/socket/round7_jitter/socket_r7.pcapng,R7,336,3361.0108077526093,0.0003613620647229254,2.1056423065601848e-05,1.1595305295486469e-05,7.136882049962878e-05,0.9995346069335938,Socket
/home/lmy/iot-device-classification/dataset/socket/round7_jitter/socket_r7.pcapng,R7,337,3370.1070580482483,0.0001544502447359264,1.724706271488685e-05,4.422002530191094e-05,5.861453973921016e-05,0.9997254014015198,Socket
/home/lmy/iot-device-classification/dataset/socket/round7_jitter/socket_r7.pcapng,R7,338,3382.914865732193,0.0001640120317460969,1.4532857676385902e-05,1.8543754777056165e-05,0.000191234314115718,0.9996116757392883,Socket
/home/lmy/iot-device-classification/dataset/socket/round7_jitter/socket_r7.pcapng,R7,339,3391.2433433532715,0.0006996647571213543,2.063469037238974e-05,1.5171915038081352e-05,6.427076732506976e-05,0.9992002844810486,Socket
/home/lmy/iot-device-classification/dataset/socket/round7_jitter/socket_r7.pcapng,R7,340,3402.321480512619,0.0001967145362868905,7.697077671764418e-05,4.562616959447041e-05,1.4165932043397333e-05,0.9996665716171265,Socket
/home/lmy/iot-device-classification/dataset/socket/round7_jitter/socket_r7.pcapng,R7,341,3410.981472492218,0.00014703659689985216,1.3535023754229769e-05,1.3807928553433158e-05,2.392526948824525e-05,0.9998016953468323,Socket
/home/lmy/iot-device-classification/dataset/socket/round7_jitter/socket_r7.pcapng,R7,342,3420.6895649433136,0.0003421262663323432,3.428259879001416e-05,7.433578139171004e-05,3.383179137017578e-05,0.9995154142379761,Socket
/home/lmy/iot-device-classification/dataset/socket/round7_jitter/socket_r7.pcapng,R7,343,3434.150338411331,0.0001552662142785266,1.182532560051186e-05,5.9333422541385517e-05,0.00011571939830901101,0.9996578693389893,Socket
/home/lmy/iot-device-classification/dataset/socket/round7_jitter/socket_r7.pcapng,R7,344,3440.412162065506,0.00015208435070235282,2.2113466911832802e-05,1.4867901882098522e-05,6.604317604796961e-05,0.9997448325157166,Socket
/home/lmy/iot-device-classification/dataset/socket/round7_jitter/socket_r7.pcapng,R7,345,3450.223470211029,0.0003869593783747405,7.696748070884496e-05,2.0754825527546927e-05,9.474386752117425e-05,0.9994206428527832,Socket
/home/lmy/iot-device-classification/dataset/socket/round7_jitter/socket_r7.pcapng,R7,346,3463.251746892929,0.00010254172229906544,2.163880708394572e-05,1.9346927729202434e-05,3.1114715966396034e-05,0.9998254179954529,Socket
/home/lmy/iot-device-classification/dataset/socket/round7_jitter/socket_r7.pcapng,R7,347,3470.872660636902,0.00012724896077997983,2.5231975087081082e-05,3.480542000033893e-05,1.4860072042210959e-05,0.9997978806495667,Socket
/home/lmy/iot-device-classification/dataset/socket/round7_jitter/socket_r7.pcapng,R7,348,3483.136247396469,0.0001782709005055949,5.955426240689121e-05,7.085171091603115e-05,5.392005914472975e-05,0.9996373653411865,Socket
/home/lmy/iot-device-classification/dataset/socket/round7_jitter/socket_r7.pcapng,R7,349,3491.4880537986755,0.000142761564347893,5.14050479978323e-05,2.9336144507396966e-05,2.9033742976025678e-05,0.9997474551200867,Socket
/home/lmy/iot-device-classification/dataset/socket/round7_jitter/socket_r7.pcapng,R7,350,3502.606733560562,0.00011799187632277608,2.7999079975415953e-05,2.226311517006252e-05,6.214711902430281e-05,0.9997696280479431,Socket
/home/lmy/iot-device-classification/dataset/socket/round7_jitter/socket_r7.pcapng,R7,351,3513.186050415039,0.0004077446646988392,5.077354217064567e-05,3.302971163066104e-05,4.929120768792927e-05,0.9994592070579529,Socket
/home/lmy/iot-device-classification/dataset/socket/round7_jitter/socket_r7.pcapng,R7,352,3521.0822908878326,0.00012274825712665915,1.714312566036824e-05,2.1905198082095012e-05,6.335222133202478e-05,0.9997748732566833,Socket
/home/lmy/iot-device-classification/dataset/socket/round7_jitter/socket_r7.pcapng,R7,353,3531.984581708908,0.00011067046580137685,1.715580037853215e-05,3.831016874755733e-05,2.372235212533269e-05,0.9998101592063904,Socket
/home/lmy/iot-device-classification/dataset/socket/round7_jitter/socket_r7.pcapng,R7,354,3540.66441321373,0.0004270432109478861,7.754819671390578e-05,3.0333520044223405e-05,5.0242128054378554e-05,0.9994148015975952,Socket
/home/lmy/iot-device-classification/dataset/socket/round7_jitter/socket_r7.pcapng,R7,355,3554.8039412498474,0.0001359832676826045,1.1789257769123651e-05,2.5571413061697967e-05,0.000329950446030125,0.9994966983795166,Socket
/home/lmy/iot-device-classification/dataset/socket/round7_jitter/socket_r7.pcapng,R7,356,3561.860139131546,0.0002037118683801964,2.5278752218582667e-05,1.196743414766388e-05,7.255228410940617e-05,0.9996864795684814,Socket
/home/lmy/iot-device-classification/dataset/socket/round7_jitter/socket_r7.pcapng,R7,357,3571.954396009445,0.00046533398563042283,3.75107629224658e-05,3.3228225220227614e-05,0.00022562032972928137,0.9992383718490601,Socket
/home/lmy/iot-device-classification/dataset/socket/round7_jitter/socket_r7.pcapng,R7,358,3580.122948884964,0.00022247032029554248,1.728368442854844e-05,6.208922422956675e-05,2.9764409191557206e-05,0.9996683597564697,Socket
/home/lmy/iot-device-classification/dataset/socket/round7_jitter/socket_r7.pcapng,R7,359,3596.036445379257,0.00010535808542044833,1.8410006305202842e-05,0.00013796935672871768,1.8373171769781038e-05,0.9997199177742004,Socket
/home/lmy/iot-device-classification/dataset/socket/round7_jitter/socket_r7.pcapng,R7,360,3602.6747336387634,0.00040918716695159674,3.8457303162431344e-05,8.589102071709931e-05,3.062962423427962e-05,0.9994358420372009,Socket
/home/lmy/iot-device-classification/dataset/socket/round7_jitter/socket_r7.pcapng,R7,361,3610.3079965114594,0.0004150592430960387,5.301001147017814e-05,0.00012791267363354564,5.605202750302851e-05,0.999347984790802,Socket
/home/lmy/iot-device-classification/dataset/socket/round7_jitter/socket_r7.pcapng,R7,362,3620.104645013809,0.0001545138075016439,4.390982576296665e-05,5.301695637172088e-05,4.283624002709985e-05,0.9997057318687439,Socket
/home/lmy/iot-device-classification/dataset/socket/round7_jitter/socket_r7.pcapng,R7,363,3630.0654764175415,0.0003984610957559198,9.84714351943694e-05,1.7030044546118006e-05,0.00010939366620732471,0.9993767142295837,Socket
/home/lmy/iot-device-classification/dataset/socket/round7_jitter/socket_r7.pcapng,R7,364,3642.321952819824,0.00016799656441435218,1.6871916159288958e-05,1.3593383300758433e-05,0.00010719979036366567,0.9996943473815918,Socket
/home/lmy/iot-device-classification/dataset/socket/round7_jitter/socket_r7.pcapng,R7,365,3654.3659031391135,0.00010040141933131963,1.9725654055946507e-05,1.781236642273143e-05,3.289718006271869e-05,0.9998291730880737,Socket
/home/lmy/iot-device-classification/dataset/socket/round7_jitter/socket_r7.pcapng,R7,366,3661.524018764496,0.00043783753062598407,4.222104325890541e-05,0.00011044389248127118,5.685912765329704e-05,0.9993526339530945,Socket
/home/lmy/iot-device-classification/dataset/socket/round7_jitter/socket_r7.pcapng,R7,367,3671.3138909339914,0.00010390906390966848,2.2772044758312404e-05,4.678280674852431e-05,2.801677146635484e-05,0.999798595905304,Socket
/home/lmy/iot-device-classification/dataset/socket/round7_jitter/socket_r7.pcapng,R7,368,3682.259405374527,0.00014483703125733882,1.8069382349494845e-05,1.930580401676707e-05,3.7426172639243305e-05,0.9997803568840027,Socket
/home/lmy/iot-device-classification/dataset/socket/round7_jitter/socket_r7.pcapng,R7,369,3692.065646409989,0.00047177757369354367,6.818013935117051e-05,4.7353732952615246e-05,3.25926739606075e-05,0.9993801116943359,Socket
/home/lmy/iot-device-classification/dataset/socket/round7_jitter/socket_r7.pcapng,R7,370,3704.047289609909,0.0001711437216727063,1.6833579138619825e-05,1.8835211449186318e-05,0.00032597428071312606,0.9994671940803528,Socket
/home/lmy/iot-device-classification/dataset/socket/round7_jitter/socket_r7.pcapng,R7,371,3711.801020145416,0.00021366853616200387,1.279993011849001e-05,3.1769897759659216e-05,0.00013993855100125074,0.9996019005775452,Socket
/home/lmy/iot-device-classification/dataset/socket/round7_jitter/socket_r7.pcapng,R7,372,3723.5376324653625,0.0005928854225203395,4.618671300704591e-05,5.5921806051628664e-05,0.0008704634383320808,0.9984344840049744,Socket
/home/lmy/iot-device-classification/dataset/socket/round7_jitter/socket_r7.pcapng,R7,373,3731.293338060379,0.0001102530732168816,4.080799772054888e-05,9.702996976557188e-06,2.4442326321150176e-05,0.9998148083686829,Socket
/home/lmy/iot-device-classification/dataset/socket/round7_jitter/socket_r7.pcapng,R7,374,3741.045999050141,0.00013073973241262138,1.7069352907128632e-05,5.754296216764487e-05,2.7545032935449854e-05,0.9997671246528625,Socket
/home/lmy/iot-device-classification/dataset/socket/round7_jitter/socket_r7.pcapng,R7,375,3750.077611684799,0.00032654948881827295,0.00012524482735898346,0.00010411697439849377,3.922566247638315e-05,0.9994049072265625,Socket
/home/lmy/iot-device-classification/dataset/socket/round7_jitter/socket_r7.pcapng,R7,376,3762.4871661663055,0.00017104309517890215,5.2500279707601294e-05,3.9766033296473324e-05,2.039676473941654e-05,0.9997162222862244,Socket
/home/lmy/iot-device-classification/dataset/socket/round7_jitter/socket_r7.pcapng,R7,377,3770.436052799225,0.00012338503438513726,2.0327714082668535e-05,2.207811121479608e-05,6.82621612213552e-05,0.999765932559967,Socket
/home/lmy/iot-device-classification/dataset/socket/round7_jitter/socket_r7.pcapng,R7,378,3781.3356416225433,0.0009047852945514023,3.126453157165088e-05,5.2757462981389835e-05,3.729230957105756e-05,0.9989739656448364,Socket
/home/lmy/iot-device-classification/dataset/socket/round7_jitter/socket_r7.pcapng,R7,379,3790.016022205353,0.0001472531002946198,2.494469481462147e-05,1.8031343643087894e-05,6.25241591478698e-05,0.9997472167015076,Socket
/home/lmy/iot-device-classification/dataset/socket/round7_jitter/socket_r7.pcapng,R7,380,3800.906055688858,0.00011502197594381869,2.0092516933800653e-05,1.8529133740230463e-05,2.9846054530935362e-05,0.9998164772987366,Socket
/home/lmy/iot-device-classification/dataset/socket/round7_jitter/socket_r7.pcapng,R7,381,3810.376800298691,0.0004276056424714625,8.17435939097777e-05,5.509148468263447e-05,4.2617262806743383e-05,0.9993929862976074,Socket
/home/lmy/iot-device-classification/dataset/socket/round7_jitter/socket_r7.pcapng,R7,382,3823.442265510559,0.00010798380390042439,1.2145803339080885e-05,6.094577838666737e-05,3.5008630220545456e-05,0.9997839331626892,Socket
/home/lmy/iot-device-classification/dataset/socket/round7_jitter/socket_r7.pcapng,R7,383,3830.3087174892426,0.0001195674849441275,1.3218470485298894e-05,5.540659913094714e-05,3.221849328838289e-05,0.9997796416282654,Socket
/home/lmy/iot-device-classification/dataset/socket/round7_jitter/socket_r7.pcapng,R7,384,3843.498911380768,0.00042258304893039167,4.2203788325423375e-05,0.00018520625599194318,4.745027035824023e-05,0.9993025064468384,Socket
/home/lmy/iot-device-classification/dataset/socket/round7_jitter/socket_r7.pcapng,R7,385,3852.15686416626,0.00013424237840808928,2.1218444089754485e-05,1.4937556443328504e-05,6.664443208137527e-05,0.9997629523277283,Socket
/home/lmy/iot-device-classification/dataset/socket/round7_jitter/socket_r7.pcapng,R7,386,3861.937953948975,0.00026992394123226404,3.866767656290904e-05,2.058389327430632e-05,2.490827137080487e-05,0.9996459484100342,Socket
/home/lmy/iot-device-classification/dataset/socket/round7_jitter/socket_r7.pcapng,R7,387,3870.243843078613,0.0004540263907983899,2.440522803226486e-05,8.269894169643521e-05,2.8966836907784455e-05,0.9994099140167236,Socket
/home/lmy/iot-device-classification/dataset/socket/round7_jitter/socket_r7.pcapng,R7,388,3883.105995416641,0.00033335821353830397,1.5994342902558856e-05,8.659109880682081e-05,5.091938146506436e-05,0.9995131492614746,Socket
/home/lmy/iot-device-classification/dataset/socket/round7_jitter/socket_r7.pcapng,R7,389,3892.447648525238,0.0001985430862987414,6.83587568346411e-05,4.062915832037106e-05,1.157097449322464e-05,0.9996808767318726,Socket
/home/lmy/iot-device-classification/dataset/socket/round7_jitter/socket_r7.pcapng,R7,390,3903.287395477295,0.0005721208290196955,5.768640403402969e-05,9.770062206371222e-06,0.0018126905197277665,0.9975476861000061,Socket
/home/lmy/iot-device-classification/dataset/socket/round7_jitter/socket_r7.pcapng,R7,391,3910.181442975998,0.00019403811893425882,3.1858475267654285e-05,1.9524310118868016e-05,4.737672861665487e-05,0.9997071623802185,Socket
/home/lmy/iot-device-classification/dataset/socket/round7_jitter/socket_r7.pcapng,R7,392,3924.8144912719727,0.00017630266665946692,1.119297303375788e-05,3.786938395933248e-05,0.00024336777278222144,0.9995312690734863,Socket
/home/lmy/iot-device-classification/dataset/socket/round7_jitter/socket_r7.pcapng,R7,393,3931.577160596848,5.9739617427112535e-05,5.124161907588132e-05,6.332004704745486e-05,0.00047476476174779236,0.9993509650230408,Socket
/home/lmy/iot-device-classification/dataset/socket/round7_jitter/socket_r7.pcapng,R7,394,3940.231239318848,0.00011468621232779697,3.3172058465424925e-05,9.181434870697558e-05,9.590015542926267e-05,0.9996644258499146,Socket
/home/lmy/iot-device-classification/dataset/socket/round7_jitter/socket_r7.pcapng,R7,395,3951.200567960739,0.00011868410365423188,1.740152401907835e-05,1.3065757229924202e-05,3.095241845585406e-05,0.9998199343681335,Socket
/home/lmy/iot-device-classification/dataset/socket/round7_jitter/socket_r7.pcapng,R7,396,3963.293049812317,0.0004049524723086506,6.971351831452921e-05,9.0379522589501e-05,6.789498729631305e-05,0.9993670582771301,Socket
/home/lmy/iot-device-classification/dataset/socket/round7_jitter/socket_r7.pcapng,R7,397,3976.815950155258,0.0001351264218101278,2.4620580006740056e-05,0.000175049775862135,5.610865991911851e-05,0.9996091723442078,Socket
/home/lmy/iot-device-classification/dataset/socket/round7_jitter/socket_r7.pcapng,R7,398,3982.322343826294,0.00015679873467888683,1.857100141933188e-05,2.4155775463441387e-05,6.730073801008984e-05,0.9997331500053406,Socket
/home/lmy/iot-device-classification/dataset/socket/round7_jitter/socket_r7.pcapng,R7,399,3990.95381975174,0.00045720519847236574,3.6076737160328776e-05,4.360870661912486e-05,4.573065598378889e-05,0.9994174242019653,Socket
/home/lmy/iot-device-classification/dataset/socket/round7_jitter/socket_r7.pcapng,R7,400,4000.4341220855713,0.00010281003778800368,2.0547755411826074e-05,6.417957047233358e-05,1.7346052118227817e-05,0.999795138835907,Socket
/home/lmy/iot-device-classification/dataset/socket/round7_jitter/socket_r7.pcapng,R7,401,4010.499786376953,0.00015022723528090864,3.302636105217971e-05,3.0469445846392773e-05,1.956625965249259e-05,0.9997667670249939,Socket
/home/lmy/iot-device-classification/dataset/socket/round7_jitter/socket_r7.pcapng,R7,402,4020.978120803833,0.00044618741958402097,5.416474596131593e-05,2.812215097947046e-05,7.763026951579377e-05,0.9993939399719238,Socket
/home/lmy/iot-device-classification/dataset/socket/round7_jitter/socket_r7.pcapng,R7,403,4031.622037410736,0.0002933533978648484,0.00010170230234507471,2.7992069590254687e-05,1.4690348507429007e-05,0.9995622038841248,Socket
/home/lmy/iot-device-classification/dataset/socket/round7_jitter/socket_r7.pcapng,R7,404,4041.6763422489166,0.0001260348071809858,2.880265674320981e-05,1.864497971837409e-05,2.587034396128729e-05,0.9998006224632263,Socket
/home/lmy/iot-device-classification/dataset/socket/round7_jitter/socket_r7.pcapng,R7,405,4050.748890399933,0.00036577036371454597,7.305863255169243e-05,1.5204951523628552e-05,0.00029361675842665136,0.9992523789405823,Socket
