source_file,round,window_id,window_start,proba_Camera,proba_Light_T1,proba_Light_XM,proba_Sensor,proba_Socket,true_label
/home/lmy/iot-device-classification/dataset/camera/round5_positionB/camera_r5.pcapng,R5,0,0.0,0.9992184638977051,0.00024607754312455654,0.0002737763279583305,0.00022816084674559534,3.3545802580192685e-05,Camera
/home/lmy/iot-device-classification/dataset/camera/round5_positionB/camera_r5.pcapng,R5,1,10.02264165878296,0.9982084035873413,0.0007455867598764598,0.0005451709148474038,0.00045964415767230093,4.1198327380698174e-05,Camera
/home/lmy/iot-device-classification/dataset/camera/round5_positionB/camera_r5.pcapng,R5,2,20.01980447769165,0.9994292855262756,0.00015255442121997476,0.00019274499209132046,0.00020810494606848806,1.729602081468329e-05,Camera
/home/lmy/iot-device-classification/dataset/camera/round5_positionB/camera_r5.pcapng,R5,3,30.029834747314453,0.9835400581359863,0.0027950245421379805,0.006879973690956831,0.006489565595984459,0.00029544817516580224,Camera
/home/lmy/iot-device-classification/dataset/camera/round5_positionB/camera_r5.pcapng,R5,4,40.03976130485535,0.9981029033660889,0.00011325810191920027,0.0015659367199987173,0.00019646155124064535,2.137388219125569e-05,Camera
/home/lmy/iot-device-classification/dataset/camera/round5_positionB/camera_r5.pcapng,R5,5,50.0502986907959,0.9983696341514587,0.00020439605577848852,0.0013443559873849154,5.806280023534782e-05,2.353907075303141e-05,Camera
/home/lmy/iot-device-classification/dataset/camera/round5_positionB/camera_r5.pcapng,R5,6,60.05955481529236,0.9966748952865601,0.0024069324135780334,0.00024273085000459105,0.000606935063842684,6.84951592120342e-05,Camera
/home/lmy/iot-device-classification/dataset/camera/round5_positionB/camera_r5.pcapng,R5,7,70.06965160369873,0.9977130889892578,0.0005535288364626467,0.0005048569291830063,0.0012047450290992856,2.3757273083901964e-05,Camera
/home/lmy/iot-device-classification/dataset/camera/round5_positionB/camera_r5.pcapng,R5,8,80.08027267456055,0.9985799789428711,0.00040085092769004405,0.0004423109348863363,0.0005395431071519852,3.7342073483159766e-05,Camera
/home/lmy/iot-device-classification/dataset/camera/round5_positionB/camera_r5.pcapng,R5,9,90.09031128883362,0.9977145195007324,0.00019352009985595942,0.0006823454750701785,0.0013784795301035047,3.113905404461548e-05,Camera
/home/lmy/iot-device-classification/dataset/camera/round5_positionB/camera_r5.pcapng,R5,10,100.1002767086029,0.9995328187942505,3.432242010603659e-05,8.683088526595384e-05,0.0003378218098077923,8.262723895313684e-06,Camera
/home/lmy/iot-device-classification/dataset/camera/round5_positionB/camera_r5.pcapng,R5,11,110.10974431037904,0.9989823698997498,0.00010924522939603776,0.0004823249764740467,0.0004078133497387171,1.8263586753164418e-05,Camera
/home/lmy/iot-device-classification/dataset/camera/round5_positionB/camera_r5.pcapng,R5,12,120.11993169784546,0.5788034200668335,0.008125284686684608,0.004540885798633099,0.40782520174980164,0.0007052088622003794,Camera
/home/lmy/iot-device-classification/dataset/camera/round5_positionB/camera_r5.pcapng,R5,13,130.1292176246643,0.9988768696784973,0.00011394330795155838,0.0008074617944657803,0.00019015860743820667,1.1563896805455443e-05,Camera
/home/lmy/iot-device-classification/dataset/camera/round5_positionB/camera_r5.pcapng,R5,14,140.14037799835205,0.9973553419113159,0.00040158414049074054,0.00011365793761797249,0.0021027743350714445,2.6702560717239976e-05,Camera
/home/lmy/iot-device-classification/dataset/camera/round5_positionB/camera_r5.pcapng,R5,15,150.14930367469788,0.9940778017044067,0.00036843630368821323,0.0001515454932814464,0.005367113742977381,3.5085413401247934e-05,Camera
/home/lmy/iot-device-classification/dataset/camera/round5_positionB/camera_r5.pcapng,R5,16,160.16053771972656,0.9989733695983887,8.425887790508568e-05,0.00014917939552105963,0.0007835623109713197,9.624367521610111e-06,Camera
/home/lmy/iot-device-classification/dataset/camera/round5_positionB/camera_r5.pcapng,R5,17,170.1700360774994,0.9983507394790649,0.00018872386135626584,0.0005303639336489141,0.0009024155442602932,2.780053182505071e-05,Camera
/home/lmy/iot-device-classification/dataset/camera/round5_positionB/camera_r5.pcapng,R5,18,180.1794595718384,0.9995306730270386,7.298592390725389e-05,0.00021587141964118928,0.00016776351549196988,1.2737427823594771e-05,Camera
/home/lmy/iot-device-classification/dataset/camera/round5_positionB/camera_r5.pcapng,R5,19,190.10937333106995,0.9985508322715759,9.853354276856408e-05,0.0004435183072928339,0.0008849035948514938,2.2176971469889395e-05,Camera
/home/lmy/iot-device-classification/dataset/camera/round5_positionB/camera_r5.pcapng,R5,20,200.1999840736389,0.9997687935829163,5.803669773740694e-05,4.3357846152503043e-05,0.00011733599967556074,1.249930755875539e-05,Camera
/home/lmy/iot-device-classification/dataset/camera/round5_positionB/camera_r5.pcapng,R5,21,210.2092432975769,0.9981918931007385,0.0001236520620295778,4.5179582230048254e-05,0.001616920344531536,2.235297506558709e-05,Camera
/home/lmy/iot-device-classification/dataset/camera/round5_positionB/camera_r5.pcapng,R5,22,220.219624042511,0.9975852966308594,4.657270619645715e-05,0.0008153211092576385,0.0015407472383230925,1.2044258255627938e-05,Camera
/home/lmy/iot-device-classification/dataset/camera/round5_positionB/camera_r5.pcapng,R5,23,230.22903490066528,0.9992311000823975,0.00016382815374527127,8.695123688085005e-05,0.0005005445564165711,1.7629587091505527e-05,Camera
/home/lmy/iot-device-classification/dataset/camera/round5_positionB/camera_r5.pcapng,R5,24,240.2388563156128,0.9741011261940002,0.00019372347742319107,0.0004382281913422048,0.025241896510124207,2.5034212740138173e-05,Camera
/home/lmy/iot-device-classification/dataset/camera/round5_positionB/camera_r5.pcapng,R5,25,250.24875473976132,0.9959749579429626,0.00017430080333724618,0.0009204794187098742,0.002903974847868085,2.63363490375923e-05,Camera
/home/lmy/iot-device-classification/dataset/camera/round5_positionB/camera_r5.pcapng,R5,26,260.25918102264404,0.9230926632881165,0.00305326865054667,0.0027408204041421413,0.07092975825071335,0.00018352810002397746,Camera
/home/lmy/iot-device-classification/dataset/camera/round5_positionB/camera_r5.pcapng,R5,27,270.2692623138428,0.9299836754798889,0.012339994311332703,0.02476610615849495,0.031897470355033875,0.0010128081776201725,Camera
/home/lmy/iot-device-classification/dataset/camera/round5_positionB/camera_r5.pcapng,R5,28,280.2788600921631,0.998988926410675,7.716672553215176e-05,0.0005690680118277669,0.00034287426387891173,2.1918705897405744e-05,Camera
/home/lmy/iot-device-classification/dataset/camera/round5_positionB/camera_r5.pcapng,R5,29,290.2885844707489,0.9984713196754456,0.0007335657137446105,0.0004896624013781548,0.0002309797564521432,7.448530959663913e-05,Camera
/home/lmy/iot-device-classification/dataset/camera/round5_positionB/camera_r5.pcapng,R5,30,300.2990550994873,0.998340368270874,0.0009372239583171904,0.0003180025378242135,0.0003731626202352345,3.121119880233891e-05,Camera
/home/lmy/iot-device-classification/dataset/camera/round5_positionB/camera_r5.pcapng,R5,31,310.3093295097351,0.997478187084198,9.738159860717133e-05,0.0008479412645101547,0.001557186129502952,1.9342933228472248e-05,Camera
/home/lmy/iot-device-classification/dataset/camera/round5_positionB/camera_r5.pcapng,R5,32,320.3209388256073,0.9866253137588501,0.0006601755740121007,0.0018715029582381248,0.010792138054966927,5.0850791012635455e-05,Camera
/home/lmy/iot-device-classification/dataset/camera/round5_positionB/camera_r5.pcapng,R5,33,330.3283324241638,0.9805632829666138,0.0015298385405912995,0.000622501247562468,0.0171978622674942,8.657748549012467e-05,Camera
/home/lmy/iot-device-classification/dataset/camera/round5_positionB/camera_r5.pcapng,R5,34,340.3397843837738,0.9932349324226379,0.0009012704249471426,0.0002676202857401222,0.005561358295381069,3.481883686617948e-05,Camera
/home/lmy/iot-device-classification/dataset/camera/round5_positionB/camera_r5.pcapng,R5,35,350.3480348587036,0.8982148170471191,0.01593312993645668,0.0287808608263731,0.0559723824262619,0.0010988382855430245,Camera
/home/lmy/iot-device-classification/dataset/camera/round5_positionB/camera_r5.pcapng,R5,36,360.43326330184937,0.7637816071510315,0.0426701158285141,0.014857499860227108,0.1777159720659256,0.0009747933363541961,Camera
/home/lmy/iot-device-classification/dataset/camera/round5_positionB/camera_r5.pcapng,R5,37,370.3680875301361,0.9973841309547424,0.00019590991723816842,0.00088785047410056,0.0015023950254544616,2.9743223421974108e-05,Camera
/home/lmy/iot-device-classification/dataset/camera/round5_positionB/camera_r5.pcapng,R5,38,380.3783755302429,0.999454915523529,0.000247631105594337,0.0001665847812546417,0.00011366889521013945,1.714321297185961e-05,Camera
/home/lmy/iot-device-classification/dataset/camera/round5_positionB/camera_r5.pcapng,R5,39,390.3878939151764,0.9969946146011353,0.0015157791785895824,0.0005761338979937136,0.0008720526820980012,4.1452771256444976e-05,Camera
/home/lmy/iot-device-classification/dataset/camera/round5_positionB/camera_r5.pcapng,R5,40,400.3984541893005,0.8183376789093018,0.000719356641639024,0.00290132244117558,0.17782126367092133,0.0002203354670200497,Camera
/home/lmy/iot-device-classification/dataset/camera/round5_positionB/camera_r5.pcapng,R5,41,410.4081196784973,0.9850118160247803,0.0032058439683169127,0.002343381755053997,0.009218813851475716,0.00022013351554051042,Camera
/home/lmy/iot-device-classification/dataset/camera/round5_positionB/camera_r5.pcapng,R5,42,420.41806173324585,0.9981516003608704,0.00046914868289604783,0.0006518729496747255,0.0006799357361160219,4.7421170165762305e-05,Camera
/home/lmy/iot-device-classification/dataset/camera/round5_positionB/camera_r5.pcapng,R5,43,430.42804479599,0.9981405735015869,0.0001184290595119819,0.0003200934734195471,0.0014048819430172443,1.6006566511350684e-05,Camera
/home/lmy/iot-device-classification/dataset/camera/round5_positionB/camera_r5.pcapng,R5,44,440.438823223114,0.9980127811431885,0.00019397879077587277,7.27792430552654e-05,0.0016904253279790282,2.9959288440295495e-05,Camera
/home/lmy/iot-device-classification/dataset/camera/round5_positionB/camera_r5.pcapng,R5,45,450.4486870765686,0.9990253448486328,0.0003658055211417377,0.0003071081009693444,0.0002823083777911961,1.9413662812439725e-05,Camera
/home/lmy/iot-device-classification/dataset/camera/round5_positionB/camera_r5.pcapng,R5,46,460.45777010917664,0.9985702037811279,0.0005804083193652332,0.0001768452930264175,0.0006410353817045689,3.1444302294403315e-05,Camera
/home/lmy/iot-device-classification/dataset/camera/round5_positionB/camera_r5.pcapng,R5,47,470.4079563617706,0.996016800403595,0.00024214669247157872,0.00046415854012593627,0.003250226378440857,2.6689267542678863e-05,Camera
/home/lmy/iot-device-classification/dataset/camera/round5_positionB/camera_r5.pcapng,R5,48,480.4784564971924,0.9710053205490112,0.005219973623752594,0.00577198900282383,0.017582112923264503,0.0004206752928439528,Camera
/home/lmy/iot-device-classification/dataset/camera/round5_positionB/camera_r5.pcapng,R5,49,490.4876027107239,0.9839547872543335,0.0008505941950716078,0.0008595093386247754,0.014297831803560257,3.723763074958697e-05,Camera
/home/lmy/iot-device-classification/dataset/camera/round5_positionB/camera_r5.pcapng,R5,50,500.49851727485657,0.9906108975410461,0.0008627363131381571,0.0001914616150315851,0.008313245140016079,2.1711701265303418e-05,Camera
/home/lmy/iot-device-classification/dataset/camera/round5_positionB/camera_r5.pcapng,R5,51,510.5079667568207,0.9973874688148499,0.00027113326359540224,3.210932482033968e-05,0.0022924041841179132,1.6943322407314554e-05,Camera
/home/lmy/iot-device-classification/dataset/camera/round5_positionB/camera_r5.pcapng,R5,52,520.5182838439941,0.7860302925109863,0.0028953468427062035,0.006640817504376173,0.20412355661392212,0.00031002992182038724,Camera
/home/lmy/iot-device-classification/dataset/camera/round5_positionB/camera_r5.pcapng,R5,53,530.5282878875732,0.9996139407157898,0.0002050047623924911,3.546405059751123e-05,0.00013634866627398878,9.284352927352302e-06,Camera
/home/lmy/iot-device-classification/dataset/camera/round5_positionB/camera_r5.pcapng,R5,54,540.5380656719208,0.9984357953071594,0.0007048323168419302,0.0003117691958323121,0.0004822921473532915,6.536233559018001e-05,Camera
/home/lmy/iot-device-classification/dataset/camera/round5_positionB/camera_r5.pcapng,R5,55,550.5477616786957,0.9957720637321472,6.441067671403289e-05,0.00022175205231178552,0.003925491124391556,1.6316227629431523e-05,Camera
/home/lmy/iot-device-classification/dataset/camera/round5_positionB/camera_r5.pcapng,R5,56,560.5577836036682,0.998749852180481,0.0007290808134712279,0.00034067011438310146,0.00015773074119351804,2.2595639165956527e-05,Camera
/home/lmy/iot-device-classification/dataset/camera/round5_positionB/camera_r5.pcapng,R5,57,570.5672628879547,0.7148866653442383,0.003180782776325941,0.0011118584079667926,0.28039416670799255,0.00042650470277294517,Camera
/home/lmy/iot-device-classification/dataset/camera/round5_positionB/camera_r5.pcapng,R5,58,580.3282814025879,0.9973897337913513,0.0008546120952814817,0.0009310050518251956,0.0007843857747502625,4.0299604734173045e-05,Camera
/home/lmy/iot-device-classification/dataset/camera/round5_positionB/camera_r5.pcapng,R5,59,590.5883588790894,0.9929648637771606,0.005092262290418148,0.0013980957446619868,0.00032330150133930147,0.00022144960530567914,Camera
/home/lmy/iot-device-classification/dataset/camera/round5_positionB/camera_r5.pcapng,R5,60,600.5977213382721,0.9986178874969482,0.0004953257157467306,0.0007156042847782373,0.00013962971570435911,3.1488896638620645e-05,Camera
/home/lmy/iot-device-classification/dataset/camera/round5_positionB/camera_r5.pcapng,R5,61,610.6076889038086,0.9990270137786865,0.00016297478578053415,0.00031570656574331224,0.00047858693869784474,1.5753626939840615e-05,Camera
/home/lmy/iot-device-classification/dataset/camera/round5_positionB/camera_r5.pcapng,R5,62,620.6180756092072,0.9981836676597595,0.0003369181358721107,0.0010876525193452835,0.00036689898115582764,2.485571167198941e-05,Camera
/home/lmy/iot-device-classification/dataset/camera/round5_positionB/camera_r5.pcapng,R5,63,630.63050532341,0.9994645714759827,0.0003188084519933909,0.0001029463455779478,0.00010177900549024343,1.1924862519663293e-05,Camera
/home/lmy/iot-device-classification/dataset/camera/round5_positionB/camera_r5.pcapng,R5,64,640.638129234314,0.997875452041626,3.2836465834407136e-05,0.0008961995481513441,0.0011817013146355748,1.3760314686805941e-05,Camera
/home/lmy/iot-device-classification/dataset/camera/round5_positionB/camera_r5.pcapng,R5,65,650.6483960151672,0.995425283908844,0.0024276268668472767,0.0008842668612487614,0.0011200659209862351,0.0001427566458005458,Camera
/home/lmy/iot-device-classification/dataset/camera/round5_positionB/camera_r5.pcapng,R5,66,660.6584224700928,0.8408322334289551,0.0105839092284441,0.011706636287271976,0.13622400164604187,0.0006532323895953596,Camera
/home/lmy/iot-device-classification/dataset/camera/round5_positionB/camera_r5.pcapng,R5,67,670.6681971549988,0.9985755681991577,0.0002183122414862737,0.0008597531705163419,0.00032191278296522796,2.4494398530805483e-05,Camera
/home/lmy/iot-device-classification/dataset/camera/round5_positionB/camera_r5.pcapng,R5,68,680.6788535118103,0.9485357999801636,0.01905386708676815,0.03027680516242981,0.001420880202203989,0.0007126284763216972,Camera
/home/lmy/iot-device-classification/dataset/camera/round5_positionB/camera_r5.pcapng,R5,69,690.6880540847778,0.998847484588623,0.00018968283256981522,0.0005485117435455322,0.00039282566285692155,2.1431236746138893e-05,Camera
/home/lmy/iot-device-classification/dataset/camera/round5_positionB/camera_r5.pcapng,R5,70,700.6979348659515,0.9600581526756287,0.00022870817338116467,0.0037752813659608364,0.0358179435133934,0.00011995359818683937,Camera
/home/lmy/iot-device-classification/dataset/camera/round5_positionB/camera_r5.pcapng,R5,71,710.708327293396,0.9993427395820618,0.0001664031733525917,8.66259797476232e-05,0.00038817941094748676,1.6078858607215807e-05,Camera
/home/lmy/iot-device-classification/dataset/camera/round5_positionB/camera_r5.pcapng,R5,72,720.7193896770477,0.9832490682601929,0.009439036250114441,0.004742635414004326,0.002299185376614332,0.0002701224584598094,Camera
/home/lmy/iot-device-classification/dataset/camera/round5_positionB/camera_r5.pcapng,R5,73,730.7283852100372,0.9978911280632019,0.00018518557772040367,0.0014940613182261586,0.000396632996853441,3.304976780782454e-05,Camera
/home/lmy/iot-device-classification/dataset/camera/round5_positionB/camera_r5.pcapng,R5,74,740.7381041049957,0.9996471405029297,0.0001350416278000921,0.0001340561721008271,7.14501366019249e-05,1.2285758202779107e-05,Camera
/home/lmy/iot-device-classification/dataset/camera/round5_positionB/camera_r5.pcapng,R5,75,750.7483584880829,0.9988079071044922,0.0003771312767639756,0.000608567672315985,0.0001815118157537654,2.4925464458647184e-05,Camera
/home/lmy/iot-device-classification/dataset/camera/round5_positionB/camera_r5.pcapng,R5,76,760.75798869133,0.33556511998176575,0.00715363584458828,0.017578262835741043,0.6379381418228149,0.0017648000502958894,Camera
/home/lmy/iot-device-classification/dataset/camera/round5_positionB/camera_r5.pcapng,R5,77,770.7680327892303,0.9987781643867493,0.0003614870656747371,0.0006892665987834334,0.00013876792218070477,3.2306736102327704e-05,Camera
/home/lmy/iot-device-classification/dataset/camera/round5_positionB/camera_r5.pcapng,R5,78,780.777932882309,0.9968070983886719,0.00217275763861835,0.0003077710571233183,0.0006750759785063565,3.7376124964794144e-05,Camera
/home/lmy/iot-device-classification/dataset/camera/round5_positionB/camera_r5.pcapng,R5,79,790.7877109050751,0.9987174272537231,8.226325735449791e-05,0.00038490930455736816,0.0007959055947139859,1.9497689208947122e-05,Camera
/home/lmy/iot-device-classification/dataset/camera/round5_positionB/camera_r5.pcapng,R5,80,800.7985928058624,0.9995738863945007,0.00021331947937142104,0.00013560213847085834,6.388242763932794e-05,1.3321460755832959e-05,Camera
/home/lmy/iot-device-classification/dataset/camera/round5_positionB/camera_r5.pcapng,R5,81,810.8080229759216,0.9986711740493774,0.0004762280732393265,0.00046652197488583624,0.0003658838977571577,2.0157469407422468e-05,Camera
/home/lmy/iot-device-classification/dataset/camera/round5_positionB/camera_r5.pcapng,R5,82,820.8183674812317,0.9993746876716614,0.00014014496991876513,0.0002622951287776232,0.00020555604714900255,1.729413452267181e-05,Camera
/home/lmy/iot-device-classification/dataset/camera/round5_positionB/camera_r5.pcapng,R5,83,830.8281056880951,0.9996950626373291,0.00018533802358433604,5.599085852736607e-05,4.853814243688248e-05,1.513528150098864e-05,Camera
/home/lmy/iot-device-classification/dataset/camera/round5_positionB/camera_r5.pcapng,R5,84,840.2678127288818,0.999650239944458,0.00015505269402638078,0.0001260370045201853,5.5516364227514714e-05,1.3193638551456388e-05,Camera
/home/lmy/iot-device-classification/dataset/camera/round5_positionB/camera_r5.pcapng,R5,85,850.8484952449799,0.9971576929092407,0.0009421479771845043,0.0002480934781488031,0.0016305691096931696,2.1501200535567477e-05,Camera
/home/lmy/iot-device-classification/dataset/camera/round5_positionB/camera_r5.pcapng,R5,86,860.8580791950226,0.9997573494911194,5.142668669577688e-05,4.593778430717066e-05,0.000135318492539227,9.978154594136868e-06,Camera
/home/lmy/iot-device-classification/dataset/camera/round5_positionB/camera_r5.pcapng,R5,87,870.868724822998,0.9917348623275757,0.00018429270130582154,4.048091432196088e-05,0.008022310212254524,1.8114407794200815e-05,Camera
/home/lmy/iot-device-classification/dataset/camera/round5_positionB/camera_r5.pcapng,R5,88,880.8786633014679,0.9988031387329102,5.469539974001236e-05,0.0002328171831322834,0.000897229474503547,1.2116231118852738e-05,Camera
/home/lmy/iot-device-classification/dataset/camera/round5_positionB/camera_r5.pcapng,R5,89,890.8882324695587,0.9997828602790833,5.3594492783304304e-05,0.00010656220547389239,4.985513805877417e-05,7.127929620764917e-06,Camera
/home/lmy/iot-device-classification/dataset/camera/round5_positionB/camera_r5.pcapng,R5,90,900.6993656158447,0.9670242071151733,0.007970500737428665,0.003163045272231102,0.021532218903303146,0.00030998970032669604,Camera
/home/lmy/iot-device-classification/dataset/camera/round5_positionB/camera_r5.pcapng,R5,91,910.9081320762634,0.9991631507873535,0.00010220618423772976,0.00020970487094018608,0.0005079871625639498,1.701512337604072e-05,Camera
/home/lmy/iot-device-classification/dataset/camera/round5_positionB/camera_r5.pcapng,R5,92,920.2471227645874,0.9994903802871704,0.0003297545772511512,0.0001233827933901921,4.386876753414981e-05,1.253660138900159e-05,Camera
/home/lmy/iot-device-classification/dataset/camera/round5_positionB/camera_r5.pcapng,R5,93,930.9282593727112,0.9993057250976562,0.00046880284207873046,0.00018602590716909617,2.8268221285543405e-05,1.1203379472135566e-05,Camera
/home/lmy/iot-device-classification/dataset/camera/round5_positionB/camera_r5.pcapng,R5,94,940.938758134842,0.9977169036865234,0.00018386836745776236,0.001274080015718937,0.0007982872193679214,2.686896186787635e-05,Camera
/home/lmy/iot-device-classification/dataset/camera/round5_positionB/camera_r5.pcapng,R5,95,950.9488384723664,0.999552309513092,0.00012781955592799932,0.00028835999546572566,1.832302768889349e-05,1.3161245078663342e-05,Camera
/home/lmy/iot-device-classification/dataset/camera/round5_positionB/camera_r5.pcapng,R5,96,960.9584515094756,0.9851799011230469,0.0013013473944738507,0.00023863109527155757,0.01325429417192936,2.5829267542576417e-05,Camera
/home/lmy/iot-device-classification/dataset/camera/round5_positionB/camera_r5.pcapng,R5,97,970.9682619571686,0.12375516444444656,0.009335030801594257,0.004430643282830715,0.8619601130485535,0.0005190385854803026,Camera
/home/lmy/iot-device-classification/dataset/camera/round5_positionB/camera_r5.pcapng,R5,98,980.9781224727632,0.998999297618866,0.00011207108764210716,6.119538738857955e-05,0.0008142500882968307,1.3234985999588389e-05,Camera
/home/lmy/iot-device-classification/dataset/camera/round5_positionB/camera_r5.pcapng,R5,99,990.9886960983276,0.9984239339828491,0.0012259507784619927,0.00013843391207046807,0.00019273425277788192,1.8965418348670937e-05,Camera
/home/lmy/iot-device-classification/dataset/camera/round5_positionB/camera_r5.pcapng,R5,100,1000.9982976913452,0.9982295632362366,8.969344344222918e-05,0.00026392354629933834,0.0014035635394975543,1.3255748854135163e-05,Camera
/home/lmy/iot-device-classification/dataset/camera/round5_positionB/camera_r5.pcapng,R5,101,1011.0084438323976,0.9990639090538025,0.00030551268719136715,0.0002973508380819112,0.0003192354633938521,1.402034376951633e-05,Camera
/home/lmy/iot-device-classification/dataset/camera/round5_positionB/camera_r5.pcapng,R5,102,1020.785594701767,0.9582488536834717,0.03307535871863365,0.0053290873765945435,0.002656025579199195,0.0006907238275744021,Camera
/home/lmy/iot-device-classification/dataset/camera/round5_positionB/camera_r5.pcapng,R5,103,1031.0275676250458,0.9972687363624573,0.0002236232248833403,0.0001746595953591168,0.002319309627637267,1.3626672625832725e-05,Camera
/home/lmy/iot-device-classification/dataset/camera/round5_positionB/camera_r5.pcapng,R5,104,1041.0404934883118,0.9870197772979736,0.0010626784060150385,0.0015119306044653058,0.010304415598511696,0.00010116680641658604,Camera
/home/lmy/iot-device-classification/dataset/camera/round5_positionB/camera_r5.pcapng,R5,105,1050.2457168102264,0.9992437362670898,0.00048572017112746835,0.00016831846733111888,8.643708861200139e-05,1.5808158423169516e-05,Camera
/home/lmy/iot-device-classification/dataset/camera/round5_positionB/camera_r5.pcapng,R5,106,1061.0584592819214,0.9949839115142822,0.00035258487332612276,0.003656485816463828,0.0009332324843853712,7.378299051197246e-05,Camera
/home/lmy/iot-device-classification/dataset/camera/round5_positionB/camera_r5.pcapng,R5,107,1071.0688216686249,0.994130551815033,0.0012459828285500407,0.0013138294452801347,0.0032245388720184565,8.513034117640927e-05,Camera
/home/lmy/iot-device-classification/dataset/camera/round5_positionB/camera_r5.pcapng,R5,108,1081.0784056186676,0.9988904595375061,0.00027179805329069495,0.00021458591800183058,0.0006074741249904037,1.5645238818251528e-05,Camera
/home/lmy/iot-device-classification/dataset/camera/round5_positionB/camera_r5.pcapng,R5,109,1091.0889611244202,0.9836734533309937,0.0030408622696995735,0.0024429215118288994,0.010532417334616184,0.0003102791670244187,Camera
/home/lmy/iot-device-classification/dataset/camera/round5_positionB/camera_r5.pcapng,R5,110,1101.098520278931,0.9813522696495056,0.0063667078502476215,0.009048898704349995,0.0026592540089040995,0.0005729304975830019,Camera
/home/lmy/iot-device-classification/dataset/camera/round5_positionB/camera_r5.pcapng,R5,111,1111.1090607643127,0.9797993302345276,0.0009657866903580725,0.0021437653340399265,0.01690094918012619,0.00019011483527719975,Camera
/home/lmy/iot-device-classification/dataset/camera/round5_positionB/camera_r5.pcapng,R5,112,1121.120761871338,0.9970778226852417,0.00026827858528122306,0.0006894496036693454,0.0019382451428100467,2.6232382879243232e-05,Camera
/home/lmy/iot-device-classification/dataset/camera/round5_positionB/camera_r5.pcapng,R5,113,1131.1290218830109,0.9998010993003845,9.864957246463746e-05,3.900749288732186e-05,5.433941987575963e-05,6.908699106134009e-06,Camera
/home/lmy/iot-device-classification/dataset/camera/round5_positionB/camera_r5.pcapng,R5,114,1140.346619129181,0.9990310668945312,0.0005404646508395672,0.0003565498918760568,5.661253089783713e-05,1.5312893083319068e-05,Camera
/home/lmy/iot-device-classification/dataset/camera/round5_positionB/camera_r5.pcapng,R5,115,1151.1492235660553,0.9986081719398499,0.00012182247883174568,0.0009369887411594391,0.00031293241772800684,2.0111610865569673e-05,Camera
/home/lmy/iot-device-classification/dataset/camera/round5_positionB/camera_r5.pcapng,R5,116,1160.0215728282928,0.9483238458633423,0.012484635226428509,0.01881883293390274,0.019771317020058632,0.0006013566162437201,Camera
/home/lmy/iot-device-classification/dataset/camera/round5_positionB/camera_r5.pcapng,R5,117,1171.168713092804,0.9928967356681824,0.0046829539351165295,0.0005714335711672902,0.0016781316371634603,0.00017081187979783863,Camera
/home/lmy/iot-device-classification/dataset/camera/round5_positionB/camera_r5.pcapng,R5,118,1181.1790466308594,0.9994218349456787,0.00014103045396041125,0.00016958892229013145,0.0002475428336765617,2.0034063709317707e-05,Camera
/home/lmy/iot-device-classification/dataset/camera/round5_positionB/camera_r5.pcapng,R5,119,1191.191972732544,0.9938594698905945,0.004961883649230003,0.0005932882195338607,0.00045145663898438215,0.00013397620932664722,Camera
/home/lmy/iot-device-classification/dataset/camera/round5_positionB/camera_r5.pcapng,R5,120,1200.7468206882477,0.9997542500495911,0.00011791333963628858,8.629399235360324e-05,3.3882181014632806e-05,7.670744707866106e-06,Camera
/home/lmy/iot-device-classification/dataset/camera/round5_positionB/camera_r5.pcapng,R5,121,1211.2087087631226,0.994788646697998,0.0006165015511214733,0.00084328354569152,0.0036924483720213175,5.911439438932575e-05,Camera
/home/lmy/iot-device-classification/dataset/camera/round5_positionB/camera_r5.pcapng,R5,122,1220.0181725025177,0.7645276188850403,0.0030358503572642803,0.0025840618181973696,0.22957898676395416,0.0002734676527325064,Camera
/home/lmy/iot-device-classification/dataset/camera/round5_positionB/camera_r5.pcapng,R5,123,1230.0161392688751,0.9963386058807373,0.000971093017142266,0.001644614152610302,0.0009711199090816081,7.458274922100827e-05,Camera
/home/lmy/iot-device-classification/dataset/camera/round5_positionB/camera_r5.pcapng,R5,124,1240.037861585617,0.8212238550186157,0.005911695305258036,0.007159495260566473,0.16520746052265167,0.0004974480252712965,Camera
/home/lmy/iot-device-classification/dataset/camera/round5_positionB/camera_r5.pcapng,R5,125,1250.1173822879791,0.9755561351776123,0.005150363780558109,0.003695541759952903,0.015416883863508701,0.00018107646610587835,Camera
/home/lmy/iot-device-classification/dataset/camera/round5_positionB/camera_r5.pcapng,R5,126,1260.1372020244598,0.9981524348258972,7.183239358710125e-05,1.6619442249066196e-05,0.0017507956363260746,8.300229637825396e-06,Camera
/home/lmy/iot-device-classification/dataset/camera/round5_positionB/camera_r5.pcapng,R5,127,1270.198306798935,0.9996724128723145,2.3183734811027534e-05,0.0001137914732680656,0.00018066921620629728,9.96926064544823e-06,Camera
/home/lmy/iot-device-classification/dataset/camera/round5_positionB/camera_r5.pcapng,R5,128,1280.276710510254,0.9865636825561523,0.00813972856849432,0.0012247523991391063,0.003802640363574028,0.0002691499248612672,Camera
/home/lmy/iot-device-classification/dataset/camera/round5_positionB/camera_r5.pcapng,R5,129,1290.3667476177216,0.9966714382171631,0.0026871480513364077,0.0003145152877550572,0.0002700270269997418,5.678732122760266e-05,Camera
/home/lmy/iot-device-classification/dataset/camera/round5_positionB/camera_r5.pcapng,R5,130,1300.50071144104,0.9262387156486511,0.012118317186832428,0.0012382209533825517,0.059964027255773544,0.0004406973603181541,Camera
/home/lmy/iot-device-classification/dataset/camera/round5_positionB/camera_r5.pcapng,R5,131,1310.4664092063904,0.9725411534309387,0.005234431009739637,0.003399876644834876,0.018556732684373856,0.0002677602751646191,Camera
/home/lmy/iot-device-classification/dataset/camera/round5_positionB/camera_r5.pcapng,R5,132,1320.286067485809,0.9967760443687439,0.0011976874666288495,0.001555265043862164,0.0004036796453874558,6.737015064572915e-05,Camera
/home/lmy/iot-device-classification/dataset/camera/round5_positionB/camera_r5.pcapng,R5,133,1330.5771436691284,0.9281412959098816,0.00029474502662196755,0.004750673659145832,0.06666163355112076,0.000151674568769522,Camera
/home/lmy/iot-device-classification/dataset/camera/round5_positionB/camera_r5.pcapng,R5,134,1340.1065480709076,0.999566376209259,0.00011678280861815438,4.204557990306057e-05,0.00026224437169730663,1.2491510460677091e-05,Camera
/home/lmy/iot-device-classification/dataset/camera/round5_positionB/camera_r5.pcapng,R5,135,1350.0797412395475,0.9957572817802429,0.0029777600429952145,0.000960598117671907,0.0002112352813128382,9.315200441051275e-05,Camera
/home/lmy/iot-device-classification/dataset/camera/round5_positionB/camera_r5.pcapng,R5,136,1360.1086847782135,0.9981752634048462,0.00036991899833083153,0.00016477949975524098,0.0012580105103552341,3.20207946060691e-05,Camera
/home/lmy/iot-device-classification/dataset/camera/round5_positionB/camera_r5.pcapng,R5,137,1370.1708505153656,0.9963151812553406,0.0030555264092981815,0.00033339179935865104,0.00022837176220491529,6.759211100870743e-05,Camera
/home/lmy/iot-device-classification/dataset/camera/round5_positionB/camera_r5.pcapng,R5,138,1380.7263071537018,0.9994600415229797,0.00011212052777409554,0.00037865841295570135,3.980432666139677e-05,9.419760317541659e-06,Camera
/home/lmy/iot-device-classification/dataset/camera/round5_positionB/camera_r5.pcapng,R5,139,1390.2993688583374,0.9988106489181519,0.00021840653789695352,0.000481587863760069,0.0004641355772037059,2.528682853153441e-05,Camera
/home/lmy/iot-device-classification/dataset/camera/round5_positionB/camera_r5.pcapng,R5,140,1400.3613512516022,0.9987964630126953,0.0001453026634408161,8.738382894080132e-05,0.0009599877521395683,1.090163004846545e-05,Camera
/home/lmy/iot-device-classification/dataset/camera/round5_positionB/camera_r5.pcapng,R5,141,1410.4203867912292,0.9955028891563416,9.111302642850205e-05,0.00012245056859683245,0.004267409909516573,1.6201245671254583e-05,Camera
/home/lmy/iot-device-classification/dataset/camera/round5_positionB/camera_r5.pcapng,R5,142,1420.4940111637115,0.8096100687980652,0.0013768732314929366,0.002496483502909541,0.18622058629989624,0.0002960239944513887,Camera
/home/lmy/iot-device-classification/dataset/camera/round5_positionB/camera_r5.pcapng,R5,143,1430.5591893196106,0.9978027939796448,0.0014541895361617208,0.0003403658920433372,0.0003397565451450646,6.289019074756652e-05,Camera
/home/lmy/iot-device-classification/dataset/camera/round5_positionB/camera_r5.pcapng,R5,144,1441.1661813259125,0.9975639581680298,9.363615390611812e-05,0.0003759661049116403,0.0019469981780275702,1.947784585354384e-05,Camera
/home/lmy/iot-device-classification/dataset/camera/round5_positionB/camera_r5.pcapng,R5,145,1450.6501004695892,0.9268963932991028,0.0013223238056525588,0.004523858893662691,0.06701085716485977,0.0002465663419570774,Camera
/home/lmy/iot-device-classification/dataset/camera/round5_positionB/camera_r5.pcapng,R5,146,1461.4138050079346,0.9282779097557068,0.0012195693561807275,0.0019842740148305893,0.06834433227777481,0.00017390112043358386,Camera
/home/lmy/iot-device-classification/dataset/camera/round5_positionB/camera_r5.pcapng,R5,147,1470.8006103038788,0.9584954977035522,0.02422684244811535,0.0034814595710486174,0.012999720871448517,0.0007964152609929442,Camera
/home/lmy/iot-device-classification/dataset/camera/round5_positionB/camera_r5.pcapng,R5,148,1480.8291296958923,0.9965253472328186,0.00014343875227496028,0.0003858818090520799,0.0029276881832629442,1.76747671503108e-05,Camera
/home/lmy/iot-device-classification/dataset/camera/round5_positionB/camera_r5.pcapng,R5,149,1490.9071652889252,0.9989622831344604,2.4902821678551845e-05,0.0007552080205641687,0.0002475784276612103,1.0069540621771012e-05,Camera
/home/lmy/iot-device-classification/dataset/camera/round5_positionB/camera_r5.pcapng,R5,150,1500.9389460086825,0.9984937906265259,0.00013519619824364781,0.0011570850620046258,0.00018948550859931856,2.4436794774373993e-05,Camera
/home/lmy/iot-device-classification/dataset/camera/round5_positionB/camera_r5.pcapng,R5,151,1511.009169101715,0.9938283562660217,0.0002431246975902468,0.004465679172426462,0.0014002927346155047,6.259883230086416e-05,Camera
/home/lmy/iot-device-classification/dataset/camera/round5_positionB/camera_r5.pcapng,R5,152,1520.7362651824951,0.9837706089019775,0.014715424738824368,0.0006672317977063358,0.0006542411865666509,0.00019247335148975253,Camera
/home/lmy/iot-device-classification/dataset/camera/round5_positionB/camera_r5.pcapng,R5,153,1531.1092228889463,0.9991307854652405,0.0003718261723406613,0.0003253537288401276,0.00014265853678807616,2.935931843239814e-05,Camera
/home/lmy/iot-device-classification/dataset/camera/round5_positionB/camera_r5.pcapng,R5,154,1541.4169600009918,0.9960619807243347,9.22447070479393e-05,0.00024258250778075308,0.0035861015785485506,1.7130258129327558e-05,Camera
/home/lmy/iot-device-classification/dataset/camera/round5_positionB/camera_r5.pcapng,R5,155,1551.22878074646,0.9974964261054993,0.0018841417040675879,0.00036081011057831347,0.0001880475174402818,7.050840213196352e-05,Camera
/home/lmy/iot-device-classification/dataset/camera/round5_positionB/camera_r5.pcapng,R5,156,1561.2793405056,0.9901582598686218,0.002301411936059594,0.006790684070438147,0.0005370697472244501,0.00021257174375932664,Camera
/home/lmy/iot-device-classification/dataset/camera/round5_positionB/camera_r5.pcapng,R5,157,1571.2332634925842,0.9043914675712585,0.008329236879944801,0.012665251269936562,0.07376047968864441,0.0008535842644050717,Camera
/home/lmy/iot-device-classification/dataset/camera/round5_positionB/camera_r5.pcapng,R5,158,1581.4101469516754,0.9970844388008118,0.001432241522707045,0.00033578439615666866,0.001113294274546206,3.420620123506524e-05,Camera
/home/lmy/iot-device-classification/dataset/camera/round5_positionB/camera_r5.pcapng,R5,159,1591.513613462448,0.9968839287757874,0.0005124263116158545,0.001628708210773766,0.0009377105161547661,3.722170731634833e-05,Camera
/home/lmy/iot-device-classification/dataset/camera/round5_positionB/camera_r5.pcapng,R5,160,1600.3457849025726,0.9951576590538025,0.00011835936311399564,0.0020019293297082186,0.0026726077776402235,4.945998443872668e-05,Camera
/home/lmy/iot-device-classification/dataset/camera/round5_positionB/camera_r5.pcapng,R5,161,1610.746099472046,0.9884756803512573,0.005220388062298298,0.0008529424085281789,0.005173645913600922,0.0002773599699139595,Camera
/home/lmy/iot-device-classification/dataset/camera/round5_positionB/camera_r5.pcapng,R5,162,1621.6200330257416,0.9992626309394836,7.984621333889663e-05,0.0006022428860887885,4.165089194430038e-05,1.362574130325811e-05,Camera
/home/lmy/iot-device-classification/dataset/camera/round5_positionB/camera_r5.pcapng,R5,163,1631.417699098587,0.9994045495986938,0.00010679468687158078,0.00021145328355487436,0.0002636600111145526,1.3551858501159586e-05,Camera
/home/lmy/iot-device-classification/dataset/camera/round5_positionB/camera_r5.pcapng,R5,164,1641.6396696567535,0.9990955591201782,0.00019722319848369807,0.000417984469095245,0.00027367344591766596,1.5584633729304187e-05,Camera
/home/lmy/iot-device-classification/dataset/camera/round5_positionB/camera_r5.pcapng,R5,165,1650.2635324001312,0.9785552620887756,0.00435533095151186,0.009777678176760674,0.006557073909789324,0.0007546325214207172,Camera
/home/lmy/iot-device-classification/dataset/camera/round5_positionB/camera_r5.pcapng,R5,166,1660.6642274856567,0.9971049427986145,0.00047994815395213664,0.002004144946113229,0.0003724865964613855,3.843617014354095e-05,Camera
/home/lmy/iot-device-classification/dataset/camera/round5_positionB/camera_r5.pcapng,R5,167,1671.6700949668884,0.998029887676239,0.0005222046165727079,0.0011273070704191923,0.00027365281130187213,4.6909754018997774e-05,Camera
/home/lmy/iot-device-classification/dataset/camera/round5_positionB/camera_r5.pcapng,R5,168,1681.4568428993225,0.9992419481277466,9.696573397377506e-05,0.0005388821591623127,0.00011153909144923091,1.0630235919961706e-05,Camera
/home/lmy/iot-device-classification/dataset/camera/round5_positionB/camera_r5.pcapng,R5,169,1691.691185951233,0.9848799705505371,0.0031988017726689577,0.001286302343942225,0.010577884502708912,5.706906449631788e-05,Camera
/home/lmy/iot-device-classification/dataset/camera/round5_positionB/camera_r5.pcapng,R5,170,1700.1837360858915,0.9669392704963684,0.0014034515479579568,0.0021320106461644173,0.029336676001548767,0.00018864705634769052,Camera
/home/lmy/iot-device-classification/dataset/camera/round5_positionB/camera_r5.pcapng,R5,171,1711.7106108665466,0.9985541701316833,3.951375401811674e-05,0.00011077067028963938,0.0012856259709224105,9.912212590279523e-06,Camera
/home/lmy/iot-device-classification/dataset/camera/round5_positionB/camera_r5.pcapng,R5,172,1721.426282644272,0.9984176158905029,0.0010248179314658046,0.000141299024107866,0.00039157754508778453,2.466385194566101e-05,Camera
/home/lmy/iot-device-classification/dataset/camera/round5_positionB/camera_r5.pcapng,R5,173,1731.730367898941,0.7336796522140503,0.008542110212147236,0.0022991097066551447,0.25464022159576416,0.0008388954447582364,Camera
/home/lmy/iot-device-classification/dataset/camera/round5_positionB/camera_r5.pcapng,R5,174,1741.744031906128,0.9993376135826111,6.0949314502067864e-05,7.785172056173906e-05,0.0005106438766233623,1.2978838640265167e-05,Camera
/home/lmy/iot-device-classification/dataset/camera/round5_positionB/camera_r5.pcapng,R5,175,1751.7506036758425,0.01056036539375782,0.017905835062265396,0.020703228190541267,0.950126588344574,0.0007039491320028901,Camera
/home/lmy/iot-device-classification/dataset/camera/round5_positionB/camera_r5.pcapng,R5,176,1760.5038433074951,0.988103449344635,0.005423080176115036,0.0005986886098980904,0.0056932284496724606,0.00018154599820263684,Camera
/home/lmy/iot-device-classification/dataset/camera/round5_positionB/camera_r5.pcapng,R5,177,1771.4567606449127,0.9982026815414429,0.00031730468617752194,5.7209883379982784e-05,0.0014092837227508426,1.3552716154663358e-05,Camera
/home/lmy/iot-device-classification/dataset/camera/round5_positionB/camera_r5.pcapng,R5,178,1781.3037214279177,0.9853814244270325,0.0011226347414776683,0.0024841707199811935,0.01088032592087984,0.0001314686960540712,Camera
/home/lmy/iot-device-classification/dataset/camera/round5_positionB/camera_r5.pcapng,R5,179,1791.791902065277,0.9984606504440308,0.00023446053091902286,0.00020923551346641034,0.0010756858391687274,1.9950477508245967e-05,Camera
/home/lmy/iot-device-classification/dataset/camera/round5_positionB/camera_r5.pcapng,R5,180,1800.0239284038544,0.9873830676078796,0.0006374205695465207,0.0008993400842882693,0.010996312834322453,8.386686386074871e-05,Camera
/home/lmy/iot-device-classification/dataset/camera/round5_positionB/camera_r5.pcapng,R5,181,1810.0866203308103,0.9983105659484863,0.0007696932298131287,0.0003753069322556257,0.0005222597974352539,2.2157959392643534e-05,Camera
/home/lmy/iot-device-classification/dataset/camera/round5_positionB/camera_r5.pcapng,R5,182,1820.823750972748,0.9974215030670166,0.00019543690723367035,0.0011274657445028424,0.0012183302314952016,3.724483394762501e-05,Camera
/home/lmy/iot-device-classification/dataset/camera/round5_positionB/camera_r5.pcapng,R5,183,1831.457589149475,0.9984130859375,0.0003129458928015083,0.000496873923111707,0.0007533194147981703,2.3733573470963165e-05,Camera
/home/lmy/iot-device-classification/dataset/camera/round5_positionB/camera_r5.pcapng,R5,184,1841.6237034797668,0.9923387765884399,0.0011857245117425919,0.0024976113345474005,0.0038001087959855795,0.00017776702588889748,Camera
/home/lmy/iot-device-classification/dataset/camera/round5_positionB/camera_r5.pcapng,R5,185,1851.8519496917725,0.9922072291374207,0.0004179045499768108,0.0005842245882377028,0.0067549594677984715,3.5662102163769305e-05,Camera
/home/lmy/iot-device-classification/dataset/camera/round5_positionB/camera_r5.pcapng,R5,186,1861.861571073532,0.9991401433944702,0.000446617923444137,9.294872870668769e-05,0.0003016834089066833,1.8547458239481784e-05,Camera
/home/lmy/iot-device-classification/dataset/camera/round5_positionB/camera_r5.pcapng,R5,187,1871.87127161026,0.9976353645324707,0.0003804418083745986,7.201228436315432e-05,0.0018907909980043769,2.1440981072373688e-05,Camera
/home/lmy/iot-device-classification/dataset/camera/round5_positionB/camera_r5.pcapng,R5,188,1881.1552557945247,0.9673182368278503,0.0011136227985844016,0.0007265936583280563,0.030590234324336052,0.00025124993408098817,Camera
/home/lmy/iot-device-classification/dataset/camera/round5_positionB/camera_r5.pcapng,R5,189,1891.5440247058868,0.9920388460159302,0.0008642715984024107,0.0004644453292712569,0.006479058414697647,0.00015340413665398955,Camera
/home/lmy/iot-device-classification/dataset/camera/round5_positionB/camera_r5.pcapng,R5,190,1901.416800737381,0.9978575110435486,0.00022376677952706814,6.498565198853612e-05,0.0018369192257523537,1.684782182564959e-05,Camera
/home/lmy/iot-device-classification/dataset/camera/round5_positionB/camera_r5.pcapng,R5,191,1911.9119277000427,0.5505221486091614,0.013967263512313366,0.0028324779123067856,0.43200233578681946,0.0006757232476957142,Camera
/home/lmy/iot-device-classification/dataset/camera/round5_positionB/camera_r5.pcapng,R5,192,1920.6643862724304,0.9957882761955261,0.0003469654475338757,0.00024962969473563135,0.003574629779905081,4.055297904415056e-05,Camera
/home/lmy/iot-device-classification/dataset/camera/round5_positionB/camera_r5.pcapng,R5,193,1931.9315185546875,0.9986230134963989,3.1567989935865626e-05,0.00031356053659692407,0.0010163509286940098,1.5512050595134497e-05,Camera
/home/lmy/iot-device-classification/dataset/camera/round5_positionB/camera_r5.pcapng,R5,194,1941.465751886368,0.6990979909896851,0.0012887418270111084,0.0033256905153393745,0.2958758771419525,0.00041175191290676594,Camera
/home/lmy/iot-device-classification/dataset/camera/round5_positionB/camera_r5.pcapng,R5,195,1951.9518432617188,0.9574143290519714,0.0032366474624723196,0.0011130146449431777,0.03793179988861084,0.0003041910531464964,Camera
/home/lmy/iot-device-classification/dataset/camera/round5_positionB/camera_r5.pcapng,R5,196,1961.9618508815763,0.9982213377952576,7.242053106892854e-05,0.0010278911795467138,0.0006612898432649672,1.6995842088363133e-05,Camera
/home/lmy/iot-device-classification/dataset/camera/round5_positionB/camera_r5.pcapng,R5,197,1970.676860332489,0.9909823536872864,0.001574867288582027,0.0036761476658284664,0.0034785026218742132,0.00028819419094361365,Camera
/home/lmy/iot-device-classification/dataset/camera/round5_positionB/camera_r5.pcapng,R5,198,1980.9842674732208,0.990958571434021,0.0016678475076332688,0.002963658422231674,0.004182195290923119,0.00022770959185436368,Camera
/home/lmy/iot-device-classification/dataset/camera/round5_positionB/camera_r5.pcapng,R5,199,1991.496684551239,0.9350837469100952,0.005220882128924131,0.013427337631583214,0.045750487595796585,0.0005176272825337946,Camera
/home/lmy/iot-device-classification/dataset/camera/round5_positionB/camera_r5.pcapng,R5,200,2002.0017132759092,0.9987738728523254,0.00023246782075148076,7.247693429235369e-05,0.0009036719566211104,1.7519807443022728e-05,Camera
/home/lmy/iot-device-classification/dataset/camera/round5_positionB/camera_r5.pcapng,R5,201,2012.0114295482635,0.9980258941650391,0.0005092521314509213,0.00036707703839056194,0.0010532133746892214,4.459481715457514e-05,Camera
/home/lmy/iot-device-classification/dataset/camera/round5_positionB/camera_r5.pcapng,R5,202,2022.022505283356,0.8346493244171143,0.0049519008025527,0.07602449506521225,0.08330901712179184,0.0010652601486071944,Camera
/home/lmy/iot-device-classification/dataset/camera/round5_positionB/camera_r5.pcapng,R5,203,2031.467033624649,0.9976492524147034,0.00023937311198096722,0.00015695762704126537,0.001939793466590345,1.4570652638212778e-05,Camera
/home/lmy/iot-device-classification/dataset/camera/round5_positionB/camera_r5.pcapng,R5,204,2041.45699095726,0.9992362260818481,0.00012472299567889422,3.3407552109565586e-05,0.0005944761214777827,1.119112130254507e-05,Camera
/home/lmy/iot-device-classification/dataset/camera/round5_positionB/camera_r5.pcapng,R5,205,2052.0532960891724,0.9984153509140015,0.00016926132957451046,0.0002501675335224718,0.0011489448370411992,1.6292744476231746e-05,Camera
/home/lmy/iot-device-classification/dataset/camera/round5_positionB/camera_r5.pcapng,R5,206,2062.0624997615814,0.9177526831626892,0.001225331798195839,0.0008434897172264755,0.08001034706830978,0.00016822550969664007,Camera
/home/lmy/iot-device-classification/dataset/camera/round5_positionB/camera_r5.pcapng,R5,207,2071.4607360363007,0.9950189590454102,0.0001700782886473462,0.00012991174298804253,0.004664239939302206,1.6789150322438218e-05,Camera
/home/lmy/iot-device-classification/dataset/camera/round5_positionB/camera_r5.pcapng,R5,208,2081.426336288452,0.9975213408470154,0.00047703218297101557,0.0004647978348657489,0.0015064484905451536,3.034800465684384e-05,Camera
/home/lmy/iot-device-classification/dataset/camera/round5_positionB/camera_r5.pcapng,R5,209,2092.0927350521088,0.9139899611473083,0.0034475941210985184,0.009426946751773357,0.07279806584119797,0.00033740635262802243,Camera
/home/lmy/iot-device-classification/dataset/camera/round5_positionB/camera_r5.pcapng,R5,210,2101.6265411376958,0.998802661895752,0.0006556654116138816,0.0003781526756938547,0.00012134872667957097,4.215079025016166e-05,Camera
/home/lmy/iot-device-classification/dataset/camera/round5_positionB/camera_r5.pcapng,R5,211,2112.1126747131348,0.8918133974075317,0.01292406115680933,0.027483345940709114,0.06727270781993866,0.0005065290024504066,Camera
/home/lmy/iot-device-classification/dataset/camera/round5_positionB/camera_r5.pcapng,R5,212,2120.486144065857,0.9930248260498047,0.00022440582688432187,0.0005666537908837199,0.006157316267490387,2.6742856789496727e-05,Camera
/home/lmy/iot-device-classification/dataset/camera/round5_positionB/camera_r5.pcapng,R5,213,2131.4608047008514,0.9680508375167847,0.00016795838018879294,0.0012653975281864405,0.03047782927751541,3.7994755984982476e-05,Camera
/home/lmy/iot-device-classification/dataset/camera/round5_positionB/camera_r5.pcapng,R5,214,2142.1431562900543,0.998345136642456,3.375050437171012e-05,0.000755565008148551,0.0008538707043044269,1.1670794265228324e-05,Camera
/home/lmy/iot-device-classification/dataset/camera/round5_positionB/camera_r5.pcapng,R5,215,2152.1521351337437,0.865895688533783,0.002702228492125869,0.0014518493553623557,0.12969979643821716,0.00025036721490323544,Camera
/home/lmy/iot-device-classification/dataset/camera/round5_positionB/camera_r5.pcapng,R5,216,2162.1626563072205,0.9803722500801086,0.01468291599303484,0.004050376825034618,0.0005893873167224228,0.00030503617017529905,Camera
/home/lmy/iot-device-classification/dataset/camera/round5_positionB/camera_r5.pcapng,R5,217,2170.0860788822174,0.9982271790504456,0.000495996093377471,0.0007694450905546546,0.0004720280412584543,3.5406981623964384e-05,Camera
/home/lmy/iot-device-classification/dataset/camera/round5_positionB/camera_r5.pcapng,R5,218,2182.1824235916138,0.44839003682136536,0.004340986721217632,0.0011733100982382894,0.5458733439445496,0.00022230249305721372,Camera
/home/lmy/iot-device-classification/dataset/camera/round5_positionB/camera_r5.pcapng,R5,219,2192.192006349564,0.9975677132606506,0.0009249642607755959,0.0002116726100211963,0.0012726018903777003,2.2989917852100916e-05,Camera
/home/lmy/iot-device-classification/dataset/camera/round5_positionB/camera_r5.pcapng,R5,220,2202.2022356987,0.9971778392791748,6.2344923208002e-05,0.0007818928570486605,0.001963297137990594,1.4677096260129474e-05,Camera
/home/lmy/iot-device-classification/dataset/camera/round5_positionB/camera_r5.pcapng,R5,221,2211.0462872982025,0.9995303153991699,0.00016675199731253088,0.00020928296726197004,7.890859706094489e-05,1.4806391845922917e-05,Camera
/home/lmy/iot-device-classification/dataset/camera/round5_positionB/camera_r5.pcapng,R5,222,2221.46413898468,0.995951771736145,6.412159564206377e-05,0.0006834908854216337,0.00327909248881042,2.1533727704081684e-05,Camera
/home/lmy/iot-device-classification/dataset/camera/round5_positionB/camera_r5.pcapng,R5,223,2232.2313315868378,0.991675078868866,0.00013037683675065637,0.0012555000139400363,0.006904163397848606,3.489662049105391e-05,Camera
/home/lmy/iot-device-classification/dataset/camera/round5_positionB/camera_r5.pcapng,R5,224,2242.241950750351,0.9939867258071899,0.00034193930332548916,0.0003284587000962347,0.0052995840087533,4.322078893892467e-05,Camera
/home/lmy/iot-device-classification/dataset/camera/round5_positionB/camera_r5.pcapng,R5,225,2252.2534103393555,0.9995774626731873,0.0002384261752013117,7.629073661519215e-05,9.757491352502257e-05,1.0294535059074406e-05,Camera
/home/lmy/iot-device-classification/dataset/camera/round5_positionB/camera_r5.pcapng,R5,226,2260.645612001419,0.9987611770629883,0.00024849973851814866,0.0001503705425420776,0.0008189250365830958,2.1020794520154595e-05,Camera
/home/lmy/iot-device-classification/dataset/camera/round5_positionB/camera_r5.pcapng,R5,227,2272.2721366882324,0.8934316039085388,0.006103412248194218,0.0010798224247992039,0.0988597497344017,0.0005253921262919903,Camera
/home/lmy/iot-device-classification/dataset/camera/round5_positionB/camera_r5.pcapng,R5,228,2282.282366275788,0.9994743466377258,0.0002263622882310301,0.00019692107161972672,8.345760579686612e-05,1.8903818272519857e-05,Camera
/home/lmy/iot-device-classification/dataset/camera/round5_positionB/camera_r5.pcapng,R5,229,2290.4254088401794,0.9966579675674438,0.00010042572830570862,0.00022986099065747112,0.0029981499537825584,1.3609938832814805e-05,Camera
/home/lmy/iot-device-classification/dataset/camera/round5_positionB/camera_r5.pcapng,R5,230,2302.3033134937286,0.9561243653297424,0.003259214572608471,0.01944575086236,0.02086964063346386,0.00030100293224677444,Camera
/home/lmy/iot-device-classification/dataset/camera/round5_positionB/camera_r5.pcapng,R5,231,2310.966049671173,0.9965780377388,0.0003156040620524436,8.548850018996745e-05,0.003002634970471263,1.8175238437834196e-05,Camera
/home/lmy/iot-device-classification/dataset/camera/round5_positionB/camera_r5.pcapng,R5,232,2322.322448015213,0.8006578683853149,0.005969165824353695,0.04681771621108055,0.1454716920852661,0.0010835472494363785,Camera
/home/lmy/iot-device-classification/dataset/camera/round5_positionB/camera_r5.pcapng,R5,233,2332.3321475982666,0.9593144059181213,0.008542397990822792,0.007497034966945648,0.024119023233652115,0.0005271041300147772,Camera
/home/lmy/iot-device-classification/dataset/camera/round5_positionB/camera_r5.pcapng,R5,234,2342.3419404029846,0.9994421601295471,0.0001875157031463459,0.0003310175670776516,2.7413845600676723e-05,1.1884564628417138e-05,Camera
/home/lmy/iot-device-classification/dataset/camera/round5_positionB/camera_r5.pcapng,R5,235,2350.8247179985046,0.9977449178695679,0.000502594280987978,0.001458141254261136,0.0002632701362017542,3.111328624072485e-05,Camera
/home/lmy/iot-device-classification/dataset/camera/round5_positionB/camera_r5.pcapng,R5,236,2362.361703157425,0.9533306360244751,0.007785251829773188,0.010520444251596928,0.02789904922246933,0.0004646363668143749,Camera
/home/lmy/iot-device-classification/dataset/camera/round5_positionB/camera_r5.pcapng,R5,237,2372.375053882599,0.9991845488548279,0.0005668274243362248,0.0001320980372838676,9.973879787139595e-05,1.6738256817916408e-05,Camera
/home/lmy/iot-device-classification/dataset/camera/round5_positionB/camera_r5.pcapng,R5,238,2382.381556034088,0.47385767102241516,0.0008696044096723199,0.007329081185162067,0.5176020860671997,0.00034151767613366246,Camera
/home/lmy/iot-device-classification/dataset/camera/round5_positionB/camera_r5.pcapng,R5,239,2392.391577243805,0.9994051456451416,0.00032859607017599046,0.00016307162877637893,8.094369695754722e-05,2.220606620539911e-05,Camera
/home/lmy/iot-device-classification/dataset/camera/round5_positionB/camera_r5.pcapng,R5,240,2401.4546263217926,0.9996044039726257,0.00011153348168591037,0.0002575198595877737,1.6721050997148268e-05,9.864686035143677e-06,Camera
/home/lmy/iot-device-classification/dataset/camera/round5_positionB/camera_r5.pcapng,R5,241,2411.2353188991547,0.9975153207778931,0.00010410571849206463,0.00032838250626809895,0.0020337472669780254,1.8506420019548386e-05,Camera
/home/lmy/iot-device-classification/dataset/camera/round5_positionB/camera_r5.pcapng,R5,242,2422.4224042892456,0.998480498790741,0.0004192744963802397,8.214622357627377e-05,0.0009968486847355962,2.1276073312037624e-05,Camera
/home/lmy/iot-device-classification/dataset/camera/round5_positionB/camera_r5.pcapng,R5,243,2431.455764055252,0.9985101819038391,0.00010585969721432775,4.776906644110568e-05,0.0013267432805150747,9.457801752432715e-06,Camera
/home/lmy/iot-device-classification/dataset/camera/round5_positionB/camera_r5.pcapng,R5,244,2441.4244220256805,0.996705949306488,0.0006513908156193793,0.0008504561264999211,0.001753989839926362,3.825556268566288e-05,Camera
/home/lmy/iot-device-classification/dataset/camera/round5_positionB/camera_r5.pcapng,R5,245,2451.924758911133,0.9984602928161621,9.853503433987498e-05,4.072256342624314e-05,0.0013848558301106095,1.5625173546141014e-05,Camera
/home/lmy/iot-device-classification/dataset/camera/round5_positionB/camera_r5.pcapng,R5,246,2467.662186384201,0.9856753945350647,0.0037460285238921642,0.008520499803125858,0.0018293039174750447,0.00022876495495438576,Camera
/home/lmy/iot-device-classification/dataset/camera/round5_positionB/camera_r5.pcapng,R5,247,2470.493997812271,0.9664639830589294,0.01703949272632599,0.0062779528088867664,0.009679319337010384,0.0005391957820393145,Camera
/home/lmy/iot-device-classification/dataset/camera/round5_positionB/camera_r5.pcapng,R5,248,2482.484018087387,0.9968966245651245,0.00022099805937614292,0.00022654955682810396,0.002641034312546253,1.4751247363165021e-05,Camera
/home/lmy/iot-device-classification/dataset/camera/round5_positionB/camera_r5.pcapng,R5,249,2492.4937267303467,0.9937977194786072,6.520778697449714e-05,6.0154092352604493e-05,0.006067456677556038,9.472917554376181e-06,Camera
/home/lmy/iot-device-classification/dataset/camera/round5_positionB/camera_r5.pcapng,R5,250,2502.1653575897217,0.9985118508338928,0.00019627624715212733,0.00015499418077524751,0.001109758042730391,2.710499757085927e-05,Camera
/home/lmy/iot-device-classification/dataset/camera/round5_positionB/camera_r5.pcapng,R5,251,2512.5127375125885,0.9963399171829224,0.00011852856550831348,4.6991372073534876e-05,0.0034837101120501757,1.0879235560423695e-05,Camera
/home/lmy/iot-device-classification/dataset/camera/round5_positionB/camera_r5.pcapng,R5,252,2522.5219264030457,0.9442463517189026,0.011954618617892265,0.04006794095039368,0.0030226558446884155,0.0007084623211994767,Camera
/home/lmy/iot-device-classification/dataset/camera/round5_positionB/camera_r5.pcapng,R5,253,2530.088534355164,0.9966057538986206,0.0006396287935785949,0.0013459143228828907,0.0013602557592093945,4.8416350182378665e-05,Camera
/home/lmy/iot-device-classification/dataset/camera/round5_positionB/camera_r5.pcapng,R5,254,2542.5416045188904,0.8195616006851196,0.008328267373144627,0.08780589699745178,0.08297614008188248,0.0013280784478411078,Camera
/home/lmy/iot-device-classification/dataset/camera/round5_positionB/camera_r5.pcapng,R5,255,2552.4845912456512,0.988074004650116,0.0063335467129945755,0.0015440289862453938,0.0038839844055473804,0.00016442891501355916,Camera
/home/lmy/iot-device-classification/dataset/camera/round5_positionB/camera_r5.pcapng,R5,256,2562.562298297882,0.9975046515464783,0.00011771648132707924,0.0006541223847307265,0.0017003258690238,2.3210852305055596e-05,Camera
/home/lmy/iot-device-classification/dataset/camera/round5_positionB/camera_r5.pcapng,R5,257,2572.571961641312,0.9989711046218872,0.000275052705546841,0.0003111240512225777,0.0004135820781812072,2.9127659217920154e-05,Camera
/home/lmy/iot-device-classification/dataset/camera/round5_positionB/camera_r5.pcapng,R5,258,2581.455138683319,0.99937504529953,0.000265253969701007,0.0002764638338703662,6.817627581767738e-05,1.5062655620567966e-05,Camera
/home/lmy/iot-device-classification/dataset/camera/round5_positionB/camera_r5.pcapng,R5,259,2590.4742720127106,0.9995974898338318,9.75019866018556e-05,0.0001701026048976928,0.00012110017996747047,1.3829539966536686e-05,Camera
/home/lmy/iot-device-classification/dataset/camera/round5_positionB/camera_r5.pcapng,R5,260,2602.603869199753,0.9520307779312134,0.008829600177705288,0.0012247321428731084,0.03763415291905403,0.0002807132841553539,Camera
/home/lmy/iot-device-classification/dataset/camera/round5_positionB/camera_r5.pcapng,R5,261,2612.612171173096,0.9996298551559448,9.57198571995832e-05,0.00015064708713907748,0.00011336128955008462,1.0384729648649227e-05,Camera
/home/lmy/iot-device-classification/dataset/camera/round5_positionB/camera_r5.pcapng,R5,262,2620.0222840309143,0.9884506464004517,0.0003611576685216278,0.0005134289967827499,0.01062774658203125,4.6990033297333866e-05,Camera
/home/lmy/iot-device-classification/dataset/camera/round5_positionB/camera_r5.pcapng,R5,263,2632.6320040225983,0.99600750207901,8.599641296314076e-05,8.210527994378936e-06,0.003890776541084051,7.597770945722004e-06,Camera
/home/lmy/iot-device-classification/dataset/camera/round5_positionB/camera_r5.pcapng,R5,264,2642.6425721645355,0.9994254112243652,0.00018997873121406883,0.00033346310374327004,3.7384743336588144e-05,1.3785144801659044e-05,Camera
/home/lmy/iot-device-classification/dataset/camera/round5_positionB/camera_r5.pcapng,R5,265,2650.905749797821,0.9989426732063293,0.00012854277156293392,0.0001018778930301778,0.0008132133516483009,1.3656471310241614e-05,Camera
/home/lmy/iot-device-classification/dataset/camera/round5_positionB/camera_r5.pcapng,R5,266,2662.661997079849,0.9896765351295471,0.00025769640342332423,0.00022575867478735745,0.009814648889005184,2.535172643547412e-05,Camera
/home/lmy/iot-device-classification/dataset/camera/round5_positionB/camera_r5.pcapng,R5,267,2671.4545879364014,0.9981858134269714,0.0014870555605739355,0.00010387074144091457,0.00020538967510219663,1.7874037439469248e-05,Camera
/home/lmy/iot-device-classification/dataset/camera/round5_positionB/camera_r5.pcapng,R5,268,2680.413578271866,0.9992625117301941,6.991274130996317e-05,0.00011532544885994866,0.000540714361704886,1.1538644685060717e-05,Camera
/home/lmy/iot-device-classification/dataset/camera/round5_positionB/camera_r5.pcapng,R5,269,2692.691878080368,0.9833715558052063,0.006555916275829077,0.005390765145421028,0.004406515974551439,0.0002751943247858435,Camera
/home/lmy/iot-device-classification/dataset/camera/round5_positionB/camera_r5.pcapng,R5,270,2702.701570749283,0.9994804263114929,0.00013225867587607354,0.0003046346246264875,6.822821887908503e-05,1.4507037121802568e-05,Camera
/home/lmy/iot-device-classification/dataset/camera/round5_positionB/camera_r5.pcapng,R5,271,2710.320305109024,0.999049961566925,4.9603029765421525e-05,0.0005441266694106162,0.00033754610922187567,1.8795361029333435e-05,Camera
/home/lmy/iot-device-classification/dataset/camera/round5_positionB/camera_r5.pcapng,R5,272,2722.7223007678986,0.9863850474357605,0.005926564335823059,0.005187212023884058,0.002231860300526023,0.00026929090381599963,Camera
/home/lmy/iot-device-classification/dataset/camera/round5_positionB/camera_r5.pcapng,R5,273,2732.7322556972504,0.9991281628608704,0.00023147645697463304,0.00041219082777388394,0.00019790716760326177,3.0231696655391715e-05,Camera
/home/lmy/iot-device-classification/dataset/camera/round5_positionB/camera_r5.pcapng,R5,274,2740.834056854248,0.9982255101203918,9.560097532812506e-05,0.00018433616787660867,0.0014816250186413527,1.2919739674543962e-05,Camera
/home/lmy/iot-device-classification/dataset/camera/round5_positionB/camera_r5.pcapng,R5,275,2752.751411676407,0.8625231981277466,0.00576798478141427,0.004328452050685883,0.1270187646150589,0.0003616095054894686,Camera
/home/lmy/iot-device-classification/dataset/camera/round5_positionB/camera_r5.pcapng,R5,276,2761.4539663791656,0.9987398982048035,0.0008534006192348897,0.00017310194380115718,0.00021226580429356545,2.1385441868915223e-05,Camera
/home/lmy/iot-device-classification/dataset/camera/round5_positionB/camera_r5.pcapng,R5,277,2770.323920488357,0.9982726573944092,6.344346911646426e-05,0.00147699483204633,0.00016334542306140065,2.3509910533903167e-05,Camera
/home/lmy/iot-device-classification/dataset/camera/round5_positionB/camera_r5.pcapng,R5,278,2782.782027244568,0.999491810798645,4.8176163545576856e-05,6.593151920242235e-05,0.0003841021389234811,9.983042218664195e-06,Camera
/home/lmy/iot-device-classification/dataset/camera/round5_positionB/camera_r5.pcapng,R5,279,2792.792195081711,0.6566229462623596,0.006732005160301924,0.005498276557773352,0.33085671067237854,0.000290097261313349,Camera
/home/lmy/iot-device-classification/dataset/camera/round5_positionB/camera_r5.pcapng,R5,280,2800.783987045288,0.9966526627540588,0.000236449675867334,0.00040690574678592384,0.0026818541809916496,2.2156189515953884e-05,Camera
/home/lmy/iot-device-classification/dataset/camera/round5_positionB/camera_r5.pcapng,R5,281,2812.8128519058228,0.990027129650116,0.005916433874517679,0.0021233148872852325,0.0017314263386651874,0.00020166256581433117,Camera
/home/lmy/iot-device-classification/dataset/camera/round5_positionB/camera_r5.pcapng,R5,282,2820.0043659210205,0.991915225982666,0.0005975433741696179,0.006290347781032324,0.001133746700361371,6.318900705082342e-05,Camera
/home/lmy/iot-device-classification/dataset/camera/round5_positionB/camera_r5.pcapng,R5,283,2830.8334624767303,0.998568058013916,0.00028212962206453085,0.0010154220508411527,0.00011536769306985661,1.9054004951613024e-05,Camera
/home/lmy/iot-device-classification/dataset/camera/round5_positionB/camera_r5.pcapng,R5,284,2840.030136585236,0.9950780868530273,0.00018707440176513046,0.00025432364782318473,0.004462618846446276,1.789932321116794e-05,Camera
/home/lmy/iot-device-classification/dataset/camera/round5_positionB/camera_r5.pcapng,R5,285,2850.013347864151,0.9882886409759521,0.0020407289266586304,0.0002300567430211231,0.009418689645826817,2.1827070668223314e-05,Camera
/home/lmy/iot-device-classification/dataset/camera/round5_positionB/camera_r5.pcapng,R5,286,2860.040700674057,0.9959810972213745,0.0007249603513628244,0.0010787362698465586,0.0021211516577750444,9.409779158886522e-05,Camera
/home/lmy/iot-device-classification/dataset/camera/round5_positionB/camera_r5.pcapng,R5,287,2870.2736921310425,0.9936647415161133,0.0002886027505155653,0.00011059829557780176,0.005910174921154976,2.5953519070753828e-05,Camera
/home/lmy/iot-device-classification/dataset/camera/round5_positionB/camera_r5.pcapng,R5,288,2880.3940875530243,0.9916766881942749,5.831700764247216e-05,6.062124521122314e-05,0.008196588605642319,7.820675818948075e-06,Camera
/home/lmy/iot-device-classification/dataset/camera/round5_positionB/camera_r5.pcapng,R5,289,2890.213846683502,0.9994012117385864,0.00013956011389382184,0.0001606529112905264,0.00028466052026487887,1.3902111277275253e-05,Camera
/home/lmy/iot-device-classification/dataset/camera/round5_positionB/camera_r5.pcapng,R5,290,2900.2931745052338,0.9978598952293396,0.00012629874981939793,0.00023196465917862952,0.0017676206771284342,1.4235205526347272e-05,Camera
/home/lmy/iot-device-classification/dataset/camera/round5_positionB/camera_r5.pcapng,R5,291,2910.373869895935,0.9963693618774414,0.0001462140935473144,0.00012166510714450851,0.003350808983668685,1.1941770026169252e-05,Camera
/home/lmy/iot-device-classification/dataset/camera/round5_positionB/camera_r5.pcapng,R5,292,2920.3941717147827,0.9783151149749756,0.00022645122953690588,0.00023236875131260604,0.021198980510234833,2.7060914362664334e-05,Camera
/home/lmy/iot-device-classification/dataset/camera/round5_positionB/camera_r5.pcapng,R5,293,2930.613718509674,0.9940085411071777,7.061992073431611e-05,0.00013829820090904832,0.00577186094596982,1.074188548955135e-05,Camera
/home/lmy/iot-device-classification/dataset/camera/round5_positionB/camera_r5.pcapng,R5,294,2940.514177083969,0.9847262501716614,0.00018705325783230364,0.00029127957532182336,0.014771934598684311,2.35311654250836e-05,Camera
/home/lmy/iot-device-classification/dataset/camera/round5_positionB/camera_r5.pcapng,R5,295,2950.6034283638,0.9995564818382263,5.3907417168375105e-05,0.0001432985591236502,0.0002331288269488141,1.3203162779973354e-05,Camera
/home/lmy/iot-device-classification/dataset/camera/round5_positionB/camera_r5.pcapng,R5,296,2960.6134712696075,0.9981256127357483,7.312784146051854e-05,7.092757005011663e-05,0.0017141962889581919,1.6166148270713165e-05,Camera
/home/lmy/iot-device-classification/dataset/camera/round5_positionB/camera_r5.pcapng,R5,297,2970.0493817329407,0.9753957390785217,0.0011323211947456002,0.0007295513642020524,0.022612731903791428,0.0001296552800340578,Camera
/home/lmy/iot-device-classification/dataset/camera/round5_positionB/camera_r5.pcapng,R5,298,2980.783458471298,0.9979585409164429,0.00014530612679664046,0.00021998690499458462,0.0016650757752358913,1.1080413969466463e-05,Camera
/home/lmy/iot-device-classification/dataset/camera/round5_positionB/camera_r5.pcapng,R5,299,2991.0064356327057,0.9970756769180298,0.00014127121539786458,0.0005702351336367428,0.0021878585685044527,2.5000525056384504e-05,Camera
/home/lmy/iot-device-classification/dataset/camera/round5_positionB/camera_r5.pcapng,R5,300,3000.181477546692,0.9568176865577698,0.0007817864534445107,0.0017138849943876266,0.04036901891231537,0.00031768210465088487,Camera
/home/lmy/iot-device-classification/dataset/camera/round5_positionB/camera_r5.pcapng,R5,301,3010.4184987545013,0.9840980172157288,0.010660666041076183,0.0023128949105739594,0.002600552048534155,0.00032783873029984534,Camera
/home/lmy/iot-device-classification/dataset/camera/round5_positionB/camera_r5.pcapng,R5,302,3020.405868291855,0.998401939868927,0.00026350608095526695,0.00010214273061137646,0.0012167514069005847,1.5700512449257076e-05,Camera
/home/lmy/iot-device-classification/dataset/camera/round5_positionB/camera_r5.pcapng,R5,303,3030.4686539173126,0.973162829875946,0.0009426402393728495,0.0005121660069562495,0.025310169905424118,7.22472759662196e-05,Camera
/home/lmy/iot-device-classification/dataset/camera/round5_positionB/camera_r5.pcapng,R5,304,3040.4881336688995,0.99869304895401,4.54886321676895e-05,0.0004087469424121082,0.0008397892233915627,1.2946293281856924e-05,Camera
/home/lmy/iot-device-classification/dataset/camera/round5_positionB/camera_r5.pcapng,R5,305,3050.102008342743,0.9848173260688782,0.000850740063469857,0.0006709881126880646,0.013440646231174469,0.0002202815521741286,Camera
/home/lmy/iot-device-classification/dataset/camera/round5_positionB/camera_r5.pcapng,R5,306,3060.5040307044983,0.9478139281272888,0.00033289071870967746,0.00018127067596651614,0.051604680716991425,6.729016604367644e-05,Camera
/home/lmy/iot-device-classification/dataset/camera/round5_positionB/camera_r5.pcapng,R5,307,3070.6766872406006,0.9991497993469238,0.0001868117687990889,0.0005247691879048944,0.0001251678477274254,1.3496845895133447e-05,Camera
/home/lmy/iot-device-classification/dataset/camera/round5_positionB/camera_r5.pcapng,R5,308,3080.463399887085,0.9849189519882202,0.0005842200480401516,0.00045189540833234787,0.013978742063045502,6.623388617299497e-05,Camera
/home/lmy/iot-device-classification/dataset/camera/round5_positionB/camera_r5.pcapng,R5,309,3090.787888765335,0.9982897639274597,0.00018249802815262228,0.00012893707025796175,0.0013795980485156178,1.917826011776924e-05,Camera
/home/lmy/iot-device-classification/dataset/camera/round5_positionB/camera_r5.pcapng,R5,310,3100.024451494217,0.9962770342826843,0.001679901615716517,0.0009926044149324298,0.0009784165304154158,7.203167479019612e-05,Camera
/home/lmy/iot-device-classification/dataset/camera/round5_positionB/camera_r5.pcapng,R5,311,3110.9454164505005,0.9946452379226685,6.367319292621687e-05,5.432002217276022e-05,0.005223407875746489,1.3376073184190318e-05,Camera
/home/lmy/iot-device-classification/dataset/camera/round5_positionB/camera_r5.pcapng,R5,312,3121.078632831573,0.9980460405349731,7.755048864055425e-05,0.00019757277914322913,0.001667576958425343,1.1263655324000865e-05,Camera
/home/lmy/iot-device-classification/dataset/camera/round5_positionB/camera_r5.pcapng,R5,313,3131.03825378418,0.993091344833374,0.0010439181933179498,0.0039051049388945103,0.0017813128652051091,0.00017835301696322858,Camera
/home/lmy/iot-device-classification/dataset/camera/round5_positionB/camera_r5.pcapng,R5,314,3141.7329473495483,0.9984021782875061,0.00015439651906490326,0.00016923068324103951,0.0012600203044712543,1.4195128642313648e-05,Camera
/home/lmy/iot-device-classification/dataset/camera/round5_positionB/camera_r5.pcapng,R5,315,3151.1983675956726,0.9990653395652771,6.196188769536093e-05,0.00026761266053654253,0.0005941636627539992,1.0985300832544453e-05,Camera
/home/lmy/iot-device-classification/dataset/camera/round5_positionB/camera_r5.pcapng,R5,316,3160.341281890869,0.9978531002998352,0.0001466429966967553,0.0003369614132679999,0.0016370352823287249,2.6268759029335342e-05,Camera
/home/lmy/iot-device-classification/dataset/camera/round5_positionB/camera_r5.pcapng,R5,317,3171.316218852997,0.9991280436515808,0.00033663149224594235,0.0001716237748041749,0.00034354309900663793,2.0156114260316826e-05,Camera
/home/lmy/iot-device-classification/dataset/camera/round5_positionB/camera_r5.pcapng,R5,318,3181.141754627228,0.986260712146759,0.0017050516325980425,0.00036918820114806294,0.011518032290041447,0.00014700945757795125,Camera
/home/lmy/iot-device-classification/dataset/camera/round5_positionB/camera_r5.pcapng,R5,319,3191.480368852616,0.9991341233253479,8.68624119902961e-05,0.0006548748351633549,0.00010672405187506229,1.7432294043828733e-05,Camera
/home/lmy/iot-device-classification/dataset/camera/round5_positionB/camera_r5.pcapng,R5,320,3201.499055624008,0.9996670484542847,0.00010147753346245736,7.831890252418816e-05,0.00013976400077808648,1.3391834727372043e-05,Camera
/home/lmy/iot-device-classification/dataset/camera/round5_positionB/camera_r5.pcapng,R5,321,3211.452337503433,0.9986722469329834,6.47912675049156e-05,0.00020499083620961756,0.0010464955121278763,1.1538747457962018e-05,Camera
/home/lmy/iot-device-classification/dataset/camera/round5_positionB/camera_r5.pcapng,R5,322,3220.663574695587,0.9906870722770691,0.001008905004709959,0.0013715429231524467,0.006796565372496843,0.0001358845765935257,Camera
/home/lmy/iot-device-classification/dataset/camera/round5_positionB/camera_r5.pcapng,R5,323,3231.061251401901,0.9848042726516724,0.0005363887757994235,0.0015508790966123343,0.012888730503618717,0.00021972389367874712,Camera
/home/lmy/iot-device-classification/dataset/camera/round5_positionB/camera_r5.pcapng,R5,324,3241.46177649498,0.981033205986023,0.00043455202830955386,0.00015726729179732502,0.018313178792595863,6.181871867738664e-05,Camera
/home/lmy/iot-device-classification/dataset/camera/round5_positionB/camera_r5.pcapng,R5,325,3251.422575235367,0.9987995624542236,0.00025536026805639267,0.0008124872692860663,0.00011214906407985836,2.0376663087517954e-05,Camera
/home/lmy/iot-device-classification/dataset/camera/round5_positionB/camera_r5.pcapng,R5,326,3261.8573200702667,0.9984028935432434,5.517848694580607e-05,4.6625722461612895e-05,0.0014842565869912505,1.1095765330537688e-05,Camera
/home/lmy/iot-device-classification/dataset/camera/round5_positionB/camera_r5.pcapng,R5,327,3271.9320306777954,0.9993298053741455,0.0001175114230136387,0.00022957318287808448,0.0003090128884650767,1.4177860975905787e-05,Camera
/home/lmy/iot-device-classification/dataset/camera/round5_positionB/camera_r5.pcapng,R5,328,3280.9960000514984,0.9899482727050781,0.0008125749882310629,0.0018463069573044777,0.007275824900716543,0.00011695695866364986,Camera
/home/lmy/iot-device-classification/dataset/camera/round5_positionB/camera_r5.pcapng,R5,329,3291.380785703659,0.9992839694023132,0.0002656196302268654,0.00016059531481005251,0.00023776316083967686,5.2059662266401574e-05,Camera
/home/lmy/iot-device-classification/dataset/camera/round5_positionB/camera_r5.pcapng,R5,330,3301.45236325264,0.9990992546081543,0.00016929571575019509,0.0006376334349624813,8.409936708630994e-05,9.790654075914063e-06,Camera
/home/lmy/iot-device-classification/dataset/camera/round5_positionB/camera_r5.pcapng,R5,331,3310.1036791801453,0.9977239966392517,0.0008165048784576356,0.0012355910148471594,0.00017753778956830502,4.640355837182142e-05,Camera
/home/lmy/iot-device-classification/dataset/camera/round5_positionB/camera_r5.pcapng,R5,332,3322.237200021744,0.9978029131889343,0.0002619665174279362,0.0003135610022582114,0.0016014112625271082,2.019109706452582e-05,Camera
/home/lmy/iot-device-classification/dataset/camera/round5_positionB/camera_r5.pcapng,R5,333,3330.0140347480774,0.9937090873718262,0.0002447399019729346,0.0009581314516253769,0.005038932431489229,4.913102384307422e-05,Camera
/home/lmy/iot-device-classification/dataset/camera/round5_positionB/camera_r5.pcapng,R5,334,3341.30104970932,0.9949960708618164,0.00037122867070138454,0.002983721438795328,0.0015825839946046472,6.632875738432631e-05,Camera
/home/lmy/iot-device-classification/dataset/camera/round5_positionB/camera_r5.pcapng,R5,335,3353.086905479431,0.9990137815475464,5.014439011574723e-05,0.00020121767011005431,0.0007223330903798342,1.2506698112701997e-05,Camera
/home/lmy/iot-device-classification/dataset/camera/round5_positionB/camera_r5.pcapng,R5,336,3360.024375200272,0.9363957047462463,0.0006308075971901417,0.000237080646911636,0.06246955320239067,0.00026688555954024196,Camera
/home/lmy/iot-device-classification/dataset/camera/round5_positionB/camera_r5.pcapng,R5,337,3370.42369389534,0.988166093826294,0.0006064411136321723,0.002452261047437787,0.008591306395828724,0.00018386624287813902,Camera
/home/lmy/iot-device-classification/dataset/camera/round5_positionB/camera_r5.pcapng,R5,338,3382.636132478714,0.9997137188911438,0.0001211732960655354,5.956664972472936e-05,8.60571744851768e-05,1.9417202565819025e-05,Camera
/home/lmy/iot-device-classification/dataset/camera/round5_positionB/camera_r5.pcapng,R5,339,3391.454164981842,0.9997759461402893,4.115043338970281e-05,0.0001325833727605641,4.416700539877638e-05,6.183779987622984e-06,Camera
/home/lmy/iot-device-classification/dataset/camera/round5_positionB/camera_r5.pcapng,R5,340,3402.7416772842407,0.9949918389320374,0.00012891889491584152,0.0005097571993246675,0.004346985835582018,2.2538351913681254e-05,Camera
/home/lmy/iot-device-classification/dataset/camera/round5_positionB/camera_r5.pcapng,R5,341,3411.53456568718,0.9598885178565979,0.010434207506477833,0.012110751122236252,0.01709824800491333,0.00046828071936033666,Camera
/home/lmy/iot-device-classification/dataset/camera/round5_positionB/camera_r5.pcapng,R5,342,3420.341506719589,0.9885820746421814,0.00037917186273261905,0.000127832725411281,0.01082452479749918,8.638935833005235e-05,Camera
/home/lmy/iot-device-classification/dataset/camera/round5_positionB/camera_r5.pcapng,R5,343,3430.7435944080357,0.9984961748123169,0.00019711823551915586,0.0010733891976997256,0.00020495195349212736,2.8397978894645348e-05,Camera
/home/lmy/iot-device-classification/dataset/camera/round5_positionB/camera_r5.pcapng,R5,344,3441.5238270759583,0.998778760433197,0.00010943169036181644,0.0005868042935617268,0.0005109315388835967,1.4103470675763674e-05,Camera
/home/lmy/iot-device-classification/dataset/camera/round5_positionB/camera_r5.pcapng,R5,345,3451.5435984134674,0.9865984916687012,0.00039516622200608253,0.0007215114310383797,0.012173724360764027,0.00011111501953564584,Camera
/home/lmy/iot-device-classification/dataset/camera/round5_positionB/camera_r5.pcapng,R5,346,3461.9438145160675,0.998468816280365,0.00039592545363120735,0.0008272225968539715,0.0002731522254180163,3.491113966447301e-05,Camera
/home/lmy/iot-device-classification/dataset/camera/round5_positionB/camera_r5.pcapng,R5,347,3473.185007095337,0.9994404911994934,0.0002897652448154986,0.00015520240413025022,9.616457100491971e-05,1.8330134480493143e-05,Camera
/home/lmy/iot-device-classification/dataset/camera/round5_positionB/camera_r5.pcapng,R5,348,3481.4524281024933,0.9943625926971436,0.00018940087466035038,0.00015765339776407927,0.005273721646517515,1.6629972378723323e-05,Camera
/home/lmy/iot-device-classification/dataset/camera/round5_positionB/camera_r5.pcapng,R5,349,3493.289808034897,0.9979118704795837,0.0001594996138010174,0.0018045066390186548,0.0001029264967655763,2.1182833734201267e-05,Camera
/home/lmy/iot-device-classification/dataset/camera/round5_positionB/camera_r5.pcapng,R5,350,3503.348890304565,0.9979526996612549,9.539818711346015e-05,8.85238841874525e-05,0.0018447473412379622,1.861275450210087e-05,Camera
/home/lmy/iot-device-classification/dataset/camera/round5_positionB/camera_r5.pcapng,R5,351,3513.438240051269,0.9995530247688293,7.312103844014928e-05,0.0002332632284378633,0.00012312522449065,1.7470165403210558e-05,Camera
/home/lmy/iot-device-classification/dataset/camera/round5_positionB/camera_r5.pcapng,R5,352,3521.4039483070374,0.9983378648757935,0.00014032894978299737,0.0013146370183676481,0.00017920791287906468,2.7876660169567913e-05,Camera
/home/lmy/iot-device-classification/dataset/camera/round5_positionB/camera_r5.pcapng,R5,353,3531.443541288376,0.9925593137741089,0.0001704330206848681,0.0004096152260899544,0.006828959099948406,3.166443275404163e-05,Camera
/home/lmy/iot-device-classification/dataset/camera/round5_positionB/camera_r5.pcapng,R5,354,3540.9836950302124,0.9691340327262878,0.0006190440617501736,0.0005099216941744089,0.0294802188873291,0.0002567358023952693,Camera
/home/lmy/iot-device-classification/dataset/camera/round5_positionB/camera_r5.pcapng,R5,355,3551.431973695755,0.9987136125564575,0.00020553117792587727,0.000898912432603538,0.000155472633196041,2.6431946025695652e-05,Camera
/home/lmy/iot-device-classification/dataset/camera/round5_positionB/camera_r5.pcapng,R5,356,3563.5639815330505,0.9952282905578613,8.553619409212843e-05,6.207592377904803e-05,0.00460650771856308,1.764479384291917e-05,Camera
/home/lmy/iot-device-classification/dataset/camera/round5_positionB/camera_r5.pcapng,R5,357,3571.455266237259,0.9963751435279846,0.00014928830205462873,7.641374395461753e-05,0.003382525872439146,1.665930903982371e-05,Camera
/home/lmy/iot-device-classification/dataset/camera/round5_positionB/camera_r5.pcapng,R5,358,3583.583897352218,0.9994194507598877,9.846475586527959e-05,0.00018450139032211155,0.0002844252740032971,1.3178169865568634e-05,Camera
/home/lmy/iot-device-classification/dataset/camera/round5_positionB/camera_r5.pcapng,R5,359,3593.599831342697,0.9992731213569641,0.00010901429777732119,0.0004961190861649811,0.00010975389886880293,1.1954935871472117e-05,Camera
/home/lmy/iot-device-classification/dataset/camera/round5_positionB/camera_r5.pcapng,R5,360,3601.313796043396,0.9500945210456848,0.0004635407531168312,0.0011248625814914703,0.04811307042837143,0.00020396056061144918,Camera
/home/lmy/iot-device-classification/dataset/camera/round5_positionB/camera_r5.pcapng,R5,361,3611.422035932541,0.9986329674720764,0.00012032734230160713,0.0011259536258876324,0.0001020595445879735,1.8661712601897307e-05,Camera
/home/lmy/iot-device-classification/dataset/camera/round5_positionB/camera_r5.pcapng,R5,362,3621.843098878861,0.993449866771698,0.0001511758891865611,0.00064749555895105,0.005710800178349018,4.067990084877238e-05,Camera
/home/lmy/iot-device-classification/dataset/light_T1/round5_positionB/light_T1_r5.pcapng,R5,0,0.0,0.6183594465255737,0.12766030430793762,0.016142310574650764,0.2353019416332245,0.002535999985411763,Light_T1
/home/lmy/iot-device-classification/dataset/light_T1/round5_positionB/light_T1_r5.pcapng,R5,1,10.047523498535156,0.9067949652671814,0.024394873529672623,0.007769427727907896,0.0603182353079319,0.0007224716246128082,Light_T1
/home/lmy/iot-device-classification/dataset/light_T1/round5_positionB/light_T1_r5.pcapng,R5,2,20.11451292037964,0.3576620817184448,0.03018941730260849,0.04686664417386055,0.5637799501419067,0.0015018732519820333,Light_T1
/home/lmy/iot-device-classification/dataset/light_T1/round5_positionB/light_T1_r5.pcapng,R5,3,30.15799593925476,0.8540312051773071,0.013396031223237514,0.02115601859986782,0.11043514311313629,0.000981620280072093,Light_T1
/home/lmy/iot-device-classification/dataset/light_T1/round5_positionB/light_T1_r5.pcapng,R5,4,40.22264909744263,0.6906955242156982,0.011575066484510899,0.0029134019277989864,0.2938931882381439,0.0009228627313859761,Light_T1
/home/lmy/iot-device-classification/dataset/light_T1/round5_positionB/light_T1_r5.pcapng,R5,5,50.46636748313904,0.9857609868049622,0.006444657687097788,0.0022375662811100483,0.005444542970508337,0.00011221812019357458,Light_T1
/home/lmy/iot-device-classification/dataset/light_T1/round5_positionB/light_T1_r5.pcapng,R5,6,60.35740113258362,0.16392916440963745,0.5048597455024719,0.1334047019481659,0.19499173760414124,0.0028146475087851286,Light_T1
/home/lmy/iot-device-classification/dataset/light_T1/round5_positionB/light_T1_r5.pcapng,R5,7,70.41121363639832,0.9798521399497986,0.014774625189602375,0.002487546531483531,0.0027130325324833393,0.0001726490299915895,Light_T1
/home/lmy/iot-device-classification/dataset/light_T1/round5_positionB/light_T1_r5.pcapng,R5,8,80.48646998405457,0.989069402217865,0.0011152058141306043,0.003228851594030857,0.006422923877835274,0.00016368774231523275,Light_T1
/home/lmy/iot-device-classification/dataset/light_T1/round5_positionB/light_T1_r5.pcapng,R5,9,90.53361296653748,0.17399702966213226,0.7836642861366272,0.014516003429889679,0.024676863104104996,0.003145875409245491,Light_T1
/home/lmy/iot-device-classification/dataset/light_T1/round5_positionB/light_T1_r5.pcapng,R5,10,100.61549758911131,0.9931405186653137,0.0017298266757279634,0.0007688382174819708,0.004284619819372892,7.620512769790366e-05,Light_T1
/home/lmy/iot-device-classification/dataset/light_T1/round5_positionB/light_T1_r5.pcapng,R5,11,110.132399559021,0.24486389756202698,0.162027508020401,0.010854674503207207,0.5796372294425964,0.0026167077012360096,Light_T1
/home/lmy/iot-device-classification/dataset/light_T1/round5_positionB/light_T1_r5.pcapng,R5,12,120.7193479537964,0.9030311107635498,0.0824550911784172,0.004187390673905611,0.009651580825448036,0.0006748918094672263,Light_T1
/home/lmy/iot-device-classification/dataset/light_T1/round5_positionB/light_T1_r5.pcapng,R5,13,130.80200338363647,0.40628644824028015,0.026594065129756927,0.015580625273287296,0.5505748391151428,0.0009640296339057386,Light_T1
/home/lmy/iot-device-classification/dataset/light_T1/round5_positionB/light_T1_r5.pcapng,R5,14,140.7437014579773,0.9784895777702332,0.01441788487136364,0.0035569153260439634,0.003437852719798684,9.773218334885314e-05,Light_T1
/home/lmy/iot-device-classification/dataset/light_T1/round5_positionB/light_T1_r5.pcapng,R5,15,150.9454219341278,0.14358216524124146,0.747279942035675,0.060543786734342575,0.04601266235113144,0.002581438049674034,Light_T1
/home/lmy/iot-device-classification/dataset/light_T1/round5_positionB/light_T1_r5.pcapng,R5,16,160.9922332763672,0.9981259703636169,0.000771731894928962,0.0004317423445172608,0.0006383663276210427,3.219364953110926e-05,Light_T1
/home/lmy/iot-device-classification/dataset/light_T1/round5_positionB/light_T1_r5.pcapng,R5,17,170.45155358314514,0.9080535769462585,0.055404145270586014,0.015522819943726063,0.020297734066843987,0.0007217019447125494,Light_T1
/home/lmy/iot-device-classification/dataset/light_T1/round5_positionB/light_T1_r5.pcapng,R5,18,181.11247539520264,0.2523788511753082,0.7310637831687927,0.004872108343988657,0.010719737969338894,0.0009655007161200047,Light_T1
/home/lmy/iot-device-classification/dataset/light_T1/round5_positionB/light_T1_r5.pcapng,R5,19,191.1831378936768,0.7321423292160034,0.23746466636657715,0.021617744117975235,0.007809700444340706,0.000965501123573631,Light_T1
/home/lmy/iot-device-classification/dataset/light_T1/round5_positionB/light_T1_r5.pcapng,R5,20,200.7972514629364,0.8783356547355652,0.025334173813462257,0.06588852405548096,0.028304891660809517,0.0021367729641497135,Light_T1
/home/lmy/iot-device-classification/dataset/light_T1/round5_positionB/light_T1_r5.pcapng,R5,21,211.33887243270877,0.9232254028320312,0.014578613452613354,0.025463711470365524,0.03539956361055374,0.0013326795306056738,Light_T1
/home/lmy/iot-device-classification/dataset/light_T1/round5_positionB/light_T1_r5.pcapng,R5,22,221.37452602386475,0.4232988655567169,0.5481148958206177,0.008475915528833866,0.01861807331442833,0.0014922656118869781,Light_T1
/home/lmy/iot-device-classification/dataset/light_T1/round5_positionB/light_T1_r5.pcapng,R5,23,230.8275101184845,0.9619364142417908,0.022966714575886726,0.006259349640458822,0.008471613749861717,0.0003658552304841578,Light_T1
/home/lmy/iot-device-classification/dataset/light_T1/round5_positionB/light_T1_r5.pcapng,R5,24,241.45848393440247,0.2862257659435272,0.6952109932899475,0.005075880791991949,0.012049848213791847,0.0014374790480360389,Light_T1
/home/lmy/iot-device-classification/dataset/light_T1/round5_positionB/light_T1_r5.pcapng,R5,25,251.52851963043213,0.7889886498451233,0.1997039020061493,0.006509594619274139,0.003964328207075596,0.0008335156599059701,Light_T1
/home/lmy/iot-device-classification/dataset/light_T1/round5_positionB/light_T1_r5.pcapng,R5,26,260.8560416698456,0.8093046545982361,0.08555024862289429,0.07248968631029129,0.03151963651180267,0.0011357313487678766,Light_T1
/home/lmy/iot-device-classification/dataset/light_T1/round5_positionB/light_T1_r5.pcapng,R5,27,270.2900960445404,0.5183367133140564,0.4470083713531494,0.013568750582635403,0.018804416060447693,0.0022817288991063833,Light_T1
/home/lmy/iot-device-classification/dataset/light_T1/round5_positionB/light_T1_r5.pcapng,R5,28,281.7117252349853,0.3186555504798889,0.025378219783306122,0.05440250039100647,0.5996900200843811,0.0018736765487119555,Light_T1
/home/lmy/iot-device-classification/dataset/light_T1/round5_positionB/light_T1_r5.pcapng,R5,29,290.88710284233093,0.33085060119628906,0.5420909523963928,0.036025989800691605,0.08900593221187592,0.0020265288185328245,Light_T1
/home/lmy/iot-device-classification/dataset/light_T1/round5_positionB/light_T1_r5.pcapng,R5,30,301.8483016490936,0.9452106952667236,0.042080413550138474,0.003747988725081086,0.008392074145376682,0.0005687886732630432,Light_T1
/home/lmy/iot-device-classification/dataset/light_T1/round5_positionB/light_T1_r5.pcapng,R5,31,312.00660037994385,0.8231160640716553,0.040078189224004745,0.008663421496748924,0.12747354805469513,0.0006687231943942606,Light_T1
/home/lmy/iot-device-classification/dataset/light_T1/round5_positionB/light_T1_r5.pcapng,R5,32,320.9261991977692,0.8666563630104065,0.07980240881443024,0.018305579200387,0.03439585492014885,0.0008398066856898367,Light_T1
/home/lmy/iot-device-classification/dataset/light_T1/round5_positionB/light_T1_r5.pcapng,R5,33,330.6141486167908,0.34499624371528625,0.6006428003311157,0.019010519608855247,0.03116041049361229,0.004190008621662855,Light_T1
/home/lmy/iot-device-classification/dataset/light_T1/round5_positionB/light_T1_r5.pcapng,R5,34,342.11097288131714,0.9930859804153442,0.005593760870397091,0.00034235886414535344,0.0008612279198132455,0.00011668358638416976,Light_T1
/home/lmy/iot-device-classification/dataset/light_T1/round5_positionB/light_T1_r5.pcapng,R5,35,350.9590663909912,0.9647429585456848,0.028397804126143456,0.0038610678166151047,0.002796018961817026,0.0002021440741373226,Light_T1
/home/lmy/iot-device-classification/dataset/light_T1/round5_positionB/light_T1_r5.pcapng,R5,36,361.6211001873016,0.7182978987693787,0.24161379039287567,0.029773341491818428,0.009540025144815445,0.0007749549113214016,Light_T1
/home/lmy/iot-device-classification/dataset/light_T1/round5_positionB/light_T1_r5.pcapng,R5,37,370.1382179260254,0.7605516910552979,0.10070964694023132,0.024468792602419853,0.11060232669115067,0.003667582757771015,Light_T1
/home/lmy/iot-device-classification/dataset/light_T1/round5_positionB/light_T1_r5.pcapng,R5,38,380.5367867946625,0.38018083572387695,0.1353103518486023,0.06984396278858185,0.4111192524433136,0.0035456193145364523,Light_T1
/home/lmy/iot-device-classification/dataset/light_T1/round5_positionB/light_T1_r5.pcapng,R5,39,392.3463108539581,0.9643451571464539,0.02883666381239891,0.005925998091697693,0.000693935202434659,0.00019822960894089192,Light_T1
/home/lmy/iot-device-classification/dataset/light_T1/round5_positionB/light_T1_r5.pcapng,R5,40,402.4320590496063,0.9784227013587952,0.013970579952001572,0.0019385815830901265,0.005231513176113367,0.0004366211942397058,Light_T1
/home/lmy/iot-device-classification/dataset/light_T1/round5_positionB/light_T1_r5.pcapng,R5,41,411.0150952339173,0.647862434387207,0.01210020575672388,0.01997201517224312,0.31916558742523193,0.0008998126722872257,Light_T1
/home/lmy/iot-device-classification/dataset/light_T1/round5_positionB/light_T1_r5.pcapng,R5,42,420.0759422779083,0.166219562292099,0.23118659853935242,0.018549472093582153,0.581269383430481,0.0027750146109610796,Light_T1
/home/lmy/iot-device-classification/dataset/light_T1/round5_positionB/light_T1_r5.pcapng,R5,43,432.3712351322174,0.9753845930099487,0.006723785772919655,0.0008254894055426121,0.016970142722129822,9.599567420082167e-05,Light_T1
/home/lmy/iot-device-classification/dataset/light_T1/round5_positionB/light_T1_r5.pcapng,R5,44,441.06134152412415,0.9776092767715454,0.00131101137958467,0.012828133068978786,0.008007420226931572,0.000244117749389261,Light_T1
/home/lmy/iot-device-classification/dataset/light_T1/round5_positionB/light_T1_r5.pcapng,R5,45,453.0034418106079,0.45966824889183044,0.07951708137989044,0.4227081835269928,0.03414379805326462,0.003962697461247444,Light_T1
/home/lmy/iot-device-classification/dataset/light_T1/round5_positionB/light_T1_r5.pcapng,R5,46,462.8156797885895,0.77835613489151,0.19248232245445251,0.017679061740636826,0.01011081226170063,0.0013716865796595812,Light_T1
/home/lmy/iot-device-classification/dataset/light_T1/round5_positionB/light_T1_r5.pcapng,R5,47,471.093380689621,0.7119422554969788,0.019120607525110245,0.1548972725868225,0.1100994348526001,0.003940419293940067,Light_T1
/home/lmy/iot-device-classification/dataset/light_T1/round5_positionB/light_T1_r5.pcapng,R5,48,482.970454454422,0.9827069640159607,0.003978189080953598,0.006855259649455547,0.006271020509302616,0.0001885812234831974,Light_T1
/home/lmy/iot-device-classification/dataset/light_T1/round5_positionB/light_T1_r5.pcapng,R5,49,490.7802600860596,0.9446370005607605,0.0005544859450310469,0.0038174279034137726,0.0508214607834816,0.0001696339313639328,Light_T1
/home/lmy/iot-device-classification/dataset/light_T1/round5_positionB/light_T1_r5.pcapng,R5,50,501.11556792259216,0.981875479221344,0.0007600500248372555,0.0028092556167393923,0.014425120316445827,0.00013014931755606085,Light_T1
/home/lmy/iot-device-classification/dataset/light_T1/round5_positionB/light_T1_r5.pcapng,R5,51,511.58134508132935,0.6050001382827759,0.01767399162054062,0.3148389160633087,0.059586431831121445,0.002900573890656233,Light_T1
/home/lmy/iot-device-classification/dataset/light_T1/round5_positionB/light_T1_r5.pcapng,R5,52,522.3732674121857,0.9922250509262085,0.005407598335295916,0.0019921844359487295,0.00029455090407282114,8.062793494900689e-05,Light_T1
/home/lmy/iot-device-classification/dataset/light_T1/round5_positionB/light_T1_r5.pcapng,R5,53,531.1399579048157,0.9184086918830872,0.026361966505646706,0.0443972609937191,0.01019779872149229,0.0006343325367197394,Light_T1
/home/lmy/iot-device-classification/dataset/light_T1/round5_positionB/light_T1_r5.pcapng,R5,54,540.7014544010162,0.3256799876689911,0.01771056465804577,0.002503071678802371,0.6524116396903992,0.0016947535332292318,Light_T1
/home/lmy/iot-device-classification/dataset/light_T1/round5_positionB/light_T1_r5.pcapng,R5,55,551.1018080711365,0.6638023853302002,0.03301633521914482,0.010705948807299137,0.2887876331806183,0.003687732620164752,Light_T1
/home/lmy/iot-device-classification/dataset/light_T1/round5_positionB/light_T1_r5.pcapng,R5,56,561.1768589019775,0.7261935472488403,0.014763244427740574,0.1038186103105545,0.1526728868484497,0.002551674610003829,Light_T1
/home/lmy/iot-device-classification/dataset/light_T1/round5_positionB/light_T1_r5.pcapng,R5,57,573.5815410614014,0.6195462942123413,0.2333255261182785,0.05067577213048935,0.09091893583536148,0.005533434450626373,Light_T1
/home/lmy/iot-device-classification/dataset/light_T1/round5_positionB/light_T1_r5.pcapng,R5,58,582.3753859996796,0.9650058746337891,0.033422138541936874,0.0006607869872823358,0.0007843702333047986,0.00012677359336521477,Light_T1
/home/lmy/iot-device-classification/dataset/light_T1/round5_positionB/light_T1_r5.pcapng,R5,59,591.2082998752594,0.7478091716766357,0.00944452453404665,0.00329970708116889,0.23916517198085785,0.00028139541973359883,Light_T1
/home/lmy/iot-device-classification/dataset/light_T1/round5_positionB/light_T1_r5.pcapng,R5,60,601.0228884220123,0.10928718745708466,0.08012399077415466,0.007381890434771776,0.7998258471488953,0.0033810909371823072,Light_T1
/home/lmy/iot-device-classification/dataset/light_T1/round5_positionB/light_T1_r5.pcapng,R5,61,613.7790379524231,0.8494774103164673,0.09274084866046906,0.027876462787389755,0.028649812564253807,0.0012555173598229885,Light_T1
/home/lmy/iot-device-classification/dataset/light_T1/round5_positionB/light_T1_r5.pcapng,R5,62,621.2305974960327,0.9662580490112305,0.014738424681127071,0.0067664822563529015,0.011752458289265633,0.00048453352064825594,Light_T1
/home/lmy/iot-device-classification/dataset/light_T1/round5_positionB/light_T1_r5.pcapng,R5,63,633.9516880512238,0.8437632322311401,0.10315833985805511,0.006257979199290276,0.04638826102018356,0.00043220139923505485,Light_T1
/home/lmy/iot-device-classification/dataset/light_T1/round5_positionB/light_T1_r5.pcapng,R5,64,642.6228051185608,0.17458459734916687,0.011166706681251526,0.010306169278919697,0.8020660877227783,0.0018764123087748885,Light_T1
/home/lmy/iot-device-classification/dataset/light_T1/round5_positionB/light_T1_r5.pcapng,R5,65,651.2618598937988,0.32286688685417175,0.017289593815803528,0.05967104434967041,0.5982359647750854,0.001936548389494419,Light_T1
/home/lmy/iot-device-classification/dataset/light_T1/round5_positionB/light_T1_r5.pcapng,R5,66,661.6273090839386,0.8902052640914917,0.028752459213137627,0.01496866438537836,0.06522732973098755,0.0008463390986435115,Light_T1
/home/lmy/iot-device-classification/dataset/light_T1/round5_positionB/light_T1_r5.pcapng,R5,67,673.8228735923767,0.67847740650177,0.056843359023332596,0.021271687000989914,0.24029682576656342,0.0031106816604733467,Light_T1
/home/lmy/iot-device-classification/dataset/light_T1/round5_positionB/light_T1_r5.pcapng,R5,68,681.2919232845306,0.3303249180316925,0.0014629496727138758,0.013276551850140095,0.6543490290641785,0.000586529728025198,Light_T1
/home/lmy/iot-device-classification/dataset/light_T1/round5_positionB/light_T1_r5.pcapng,R5,69,692.5435757637024,0.1260192096233368,0.00937587209045887,0.027227146551012993,0.835874080657959,0.0015036745462566614,Light_T1
/home/lmy/iot-device-classification/dataset/light_T1/round5_positionB/light_T1_r5.pcapng,R5,70,702.3673610687256,0.9956373572349548,0.0015843971632421017,0.001744697685353458,0.0009665838442742825,6.697664503008127e-05,Light_T1
/home/lmy/iot-device-classification/dataset/light_T1/round5_positionB/light_T1_r5.pcapng,R5,71,711.321882724762,0.8534385561943054,0.03792877122759819,0.0052582579664886,0.10245658457279205,0.0009178487816825509,Light_T1
/home/lmy/iot-device-classification/dataset/light_T1/round5_positionB/light_T1_r5.pcapng,R5,72,721.6638760566711,0.710351824760437,0.19724918901920319,0.015018806792795658,0.07410240918397903,0.003277759999036789,Light_T1
/home/lmy/iot-device-classification/dataset/light_T1/round5_positionB/light_T1_r5.pcapng,R5,73,732.0638098716736,0.4121880829334259,0.020930686965584755,0.012955576181411743,0.5522948503494263,0.001630769926123321,Light_T1
/home/lmy/iot-device-classification/dataset/light_T1/round5_positionB/light_T1_r5.pcapng,R5,74,741.3505444526672,0.8963557481765747,0.029453685507178307,0.012289656326174736,0.061066847294569016,0.0008340691565535963,Light_T1
/home/lmy/iot-device-classification/dataset/light_T1/round5_positionB/light_T1_r5.pcapng,R5,75,754.8576242923737,0.8118207454681396,0.03970573842525482,0.13812255859375,0.008431839756667614,0.0019191345199942589,Light_T1
/home/lmy/iot-device-classification/dataset/light_T1/round5_positionB/light_T1_r5.pcapng,R5,76,763.2635576725006,0.4029937982559204,0.42383480072021484,0.11827468872070312,0.04922322556376457,0.0056734513491392136,Light_T1
/home/lmy/iot-device-classification/dataset/light_T1/round5_positionB/light_T1_r5.pcapng,R5,77,771.3600831031799,0.6383596658706665,0.023081863299012184,0.020220231264829636,0.31661826372146606,0.0017199586145579815,Light_T1
/home/lmy/iot-device-classification/dataset/light_T1/round5_positionB/light_T1_r5.pcapng,R5,78,784.8796033859253,0.2126394808292389,0.7576900124549866,0.015913238748908043,0.012146583758294582,0.0016107221599668264,Light_T1
/home/lmy/iot-device-classification/dataset/light_T1/round5_positionB/light_T1_r5.pcapng,R5,79,792.3774991035461,0.9897797703742981,0.006665395572781563,0.0021559663582593203,0.0012807204620912671,0.00011821936641354114,Light_T1
/home/lmy/iot-device-classification/dataset/light_T1/round5_positionB/light_T1_r5.pcapng,R5,80,801.3723630905151,0.9718220829963684,0.002685621613636613,0.008756526745855808,0.01653258129954338,0.00020316048176027834,Light_T1
/home/lmy/iot-device-classification/dataset/light_T1/round5_positionB/light_T1_r5.pcapng,R5,81,815.0686016082764,0.5489348769187927,0.14990085363388062,0.24625800549983978,0.05157705396413803,0.0033291708678007126,Light_T1
/home/lmy/iot-device-classification/dataset/light_T1/round5_positionB/light_T1_r5.pcapng,R5,82,823.583113193512,0.2598849833011627,0.01246250793337822,0.035612333565950394,0.6894825100898743,0.0025577174965292215,Light_T1
/home/lmy/iot-device-classification/dataset/light_T1/round5_positionB/light_T1_r5.pcapng,R5,83,830.205509185791,0.8763643503189087,0.018159260973334312,0.008382631465792656,0.09662816673517227,0.00046552522690035403,Light_T1
/home/lmy/iot-device-classification/dataset/light_T1/round5_positionB/light_T1_r5.pcapng,R5,84,844.3840186595917,0.7846890687942505,0.11529267579317093,0.047103047370910645,0.04704411327838898,0.0058710831217467785,Light_T1
/home/lmy/iot-device-classification/dataset/light_T1/round5_positionB/light_T1_r5.pcapng,R5,85,852.7026379108429,0.33800116181373596,0.02786809392273426,0.0035491972230374813,0.6285238265991211,0.002057731384411454,Light_T1
/home/lmy/iot-device-classification/dataset/light_T1/round5_positionB/light_T1_r5.pcapng,R5,86,861.423451423645,0.34403738379478455,0.04552207142114639,0.018559491261839867,0.5894185900688171,0.002462452743202448,Light_T1
/home/lmy/iot-device-classification/dataset/light_T1/round5_positionB/light_T1_r5.pcapng,R5,87,873.5027556419373,0.05795111879706383,0.005983330775052309,0.006632073782384396,0.9287974834442139,0.0006360642146319151,Light_T1
/home/lmy/iot-device-classification/dataset/light_T1/round5_positionB/light_T1_r5.pcapng,R5,88,880.5236248970032,0.8961158990859985,0.010777270421385765,0.0027393163181841373,0.09010205417871475,0.00026543260901235044,Light_T1
/home/lmy/iot-device-classification/dataset/light_T1/round5_positionB/light_T1_r5.pcapng,R5,89,895.6032335758209,0.8850841522216797,0.037728507071733475,0.027667978778481483,0.04864254593849182,0.0008767970721237361,Light_T1
/home/lmy/iot-device-classification/dataset/light_T1/round5_positionB/light_T1_r5.pcapng,R5,90,902.6216685771942,0.6521924734115601,0.16597455739974976,0.017744628712534904,0.1607162207365036,0.0033720715437084436,Light_T1
/home/lmy/iot-device-classification/dataset/light_T1/round5_positionB/light_T1_r5.pcapng,R5,91,910.3048474788666,0.9116896986961365,0.003882763208821416,0.005482214502990246,0.07865378260612488,0.00029156263917684555,Light_T1
/home/lmy/iot-device-classification/dataset/light_T1/round5_positionB/light_T1_r5.pcapng,R5,92,921.429904460907,0.4201419949531555,0.13235394656658173,0.03086819127202034,0.4139140248298645,0.002721852855756879,Light_T1
/home/lmy/iot-device-classification/dataset/light_T1/round5_positionB/light_T1_r5.pcapng,R5,93,930.7619106769562,0.3165068030357361,0.13654325902462006,0.003008184488862753,0.5427305698394775,0.0012111843097954988,Light_T1
/home/lmy/iot-device-classification/dataset/light_T1/round5_positionB/light_T1_r5.pcapng,R5,94,944.2202262878418,0.15744099020957947,0.010807904414832592,0.002705832477658987,0.8274495005607605,0.0015957059804350138,Light_T1
/home/lmy/iot-device-classification/dataset/light_T1/round5_positionB/light_T1_r5.pcapng,R5,95,951.4529011249542,0.21250313520431519,0.035747431218624115,0.04461602494120598,0.7054730653762817,0.0016603695694357157,Light_T1
/home/lmy/iot-device-classification/dataset/light_T1/round5_positionB/light_T1_r5.pcapng,R5,96,966.0125250816344,0.5816547870635986,0.33747196197509766,0.05016908794641495,0.027617232874035835,0.0030869406182318926,Light_T1
/home/lmy/iot-device-classification/dataset/light_T1/round5_positionB/light_T1_r5.pcapng,R5,97,972.3726296424866,0.9781832695007324,0.018300628289580345,0.0015037800185382366,0.0018756790086627007,0.0001366514916298911,Light_T1
/home/lmy/iot-device-classification/dataset/light_T1/round5_positionB/light_T1_r5.pcapng,R5,98,981.1609892845154,0.7930418848991394,0.16819068789482117,0.008624966256320477,0.029151378199458122,0.0009910938097164035,Light_T1
/home/lmy/iot-device-classification/dataset/light_T1/round5_positionB/light_T1_r5.pcapng,R5,99,994.1495471000673,0.2980087101459503,0.030491983518004417,0.0028594157192856073,0.6666435599327087,0.0019962918013334274,Light_T1
/home/lmy/iot-device-classification/dataset/light_T1/round5_positionB/light_T1_r5.pcapng,R5,100,1004.5397119522096,0.8498625159263611,0.004859735257923603,0.005207958165556192,0.13857030868530273,0.0014995113015174866,Light_T1
/home/lmy/iot-device-classification/dataset/light_T1/round5_positionB/light_T1_r5.pcapng,R5,101,1011.5116438865662,0.3081880211830139,0.44436269998550415,0.03530597314238548,0.20860756933689117,0.0035357929300516844,Light_T1
/home/lmy/iot-device-classification/dataset/light_T1/round5_positionB/light_T1_r5.pcapng,R5,103,1031.4805755615234,0.6263506412506104,0.03176381438970566,0.0018151047406718135,0.33928006887435913,0.0007903882651589811,Light_T1
/home/lmy/iot-device-classification/dataset/light_T1/round5_positionB/light_T1_r5.pcapng,R5,104,1041.5463654994965,0.9395688772201538,0.011943950317800045,0.027799928560853004,0.019789868965744972,0.0008974307565949857,Light_T1
/home/lmy/iot-device-classification/dataset/light_T1/round5_positionB/light_T1_r5.pcapng,R5,105,1054.4590034484863,0.48895758390426636,0.16163873672485352,0.26186975836753845,0.08131004869937897,0.006223916541785002,Light_T1
/home/lmy/iot-device-classification/dataset/light_T1/round5_positionB/light_T1_r5.pcapng,R5,106,1062.3724915981293,0.9973666071891785,0.0020028227008879185,0.00039076415123417974,0.00018730571900960058,5.253677227301523e-05,Light_T1
/home/lmy/iot-device-classification/dataset/light_T1/round5_positionB/light_T1_r5.pcapng,R5,107,1071.548388004303,0.9805326461791992,0.0016190441092476249,0.010775049217045307,0.006751014851033688,0.0003222667728550732,Light_T1
/home/lmy/iot-device-classification/dataset/light_T1/round5_positionB/light_T1_r5.pcapng,R5,108,1081.7196600437164,0.9968910813331604,0.0018523179460316896,0.000795319676399231,0.0003902872558683157,7.09690575604327e-05,Light_T1
/home/lmy/iot-device-classification/dataset/light_T1/round5_positionB/light_T1_r5.pcapng,R5,109,1093.9782962799072,0.30607667565345764,0.02971668355166912,0.036616045981645584,0.6251516342163086,0.0024389903992414474,Light_T1
/home/lmy/iot-device-classification/dataset/light_T1/round5_positionB/light_T1_r5.pcapng,R5,110,1100.617556333542,0.4768204092979431,0.36054757237434387,0.10462375730276108,0.05441366508603096,0.003594550071284175,Light_T1
/home/lmy/iot-device-classification/dataset/light_T1/round5_positionB/light_T1_r5.pcapng,R5,111,1114.7787444591522,0.7836080193519592,0.025434911251068115,0.15020473301410675,0.038438260555267334,0.0023140886332839727,Light_T1
/home/lmy/iot-device-classification/dataset/light_T1/round5_positionB/light_T1_r5.pcapng,R5,112,1120.840008974075,0.8500706553459167,0.13642637431621552,0.009406104683876038,0.0032869908027350903,0.0008098846301436424,Light_T1
/home/lmy/iot-device-classification/dataset/light_T1/round5_positionB/light_T1_r5.pcapng,R5,113,1131.5879855155945,0.9245223999023438,0.004656566772609949,0.018482783809304237,0.051107872277498245,0.0012303668772801757,Light_T1
/home/lmy/iot-device-classification/dataset/light_T1/round5_positionB/light_T1_r5.pcapng,R5,114,1145.9811809062958,0.8847161531448364,0.029615744948387146,0.056225378066301346,0.027791829779744148,0.0016508784610778093,Light_T1
/home/lmy/iot-device-classification/dataset/light_T1/round5_positionB/light_T1_r5.pcapng,R5,115,1152.360000371933,0.9905850291252136,0.008540789596736431,0.0005550653440877795,0.00026911485474556684,4.9944639613386244e-05,Light_T1
/home/lmy/iot-device-classification/dataset/light_T1/round5_positionB/light_T1_r5.pcapng,R5,116,1161.6084764003754,0.97881680727005,0.003524914849549532,0.008295555599033833,0.00904454942792654,0.0003181890642736107,Light_T1
/home/lmy/iot-device-classification/dataset/light_T1/round5_positionB/light_T1_r5.pcapng,R5,117,1175.1006093025208,0.5860105752944946,0.11818487197160721,0.11927784979343414,0.1695692092180252,0.006957514211535454,Light_T1
/home/lmy/iot-device-classification/dataset/light_T1/round5_positionB/light_T1_r5.pcapng,R5,118,1185.4997799396515,0.7461775541305542,0.16773289442062378,0.008846900425851345,0.07514043897390366,0.00210219481959939,Light_T1
/home/lmy/iot-device-classification/dataset/light_T1/round5_positionB/light_T1_r5.pcapng,R5,119,1191.637844324112,0.12059517949819565,0.35589826107025146,0.04070237651467323,0.4791834354400635,0.0036207400262355804,Light_T1
/home/lmy/iot-device-classification/dataset/light_T1/round5_positionB/light_T1_r5.pcapng,R5,120,1202.5204076766968,0.9504618644714355,0.003397519001737237,0.00042719393968582153,0.04557089880108833,0.00014256218855734915,Light_T1
/home/lmy/iot-device-classification/dataset/light_T1/round5_positionB/light_T1_r5.pcapng,R5,121,1214.6178543567655,0.5997419357299805,0.3289230763912201,0.03813227266073227,0.028227221220731735,0.004975480958819389,Light_T1
/home/lmy/iot-device-classification/dataset/light_T1/round5_positionB/light_T1_r5.pcapng,R5,122,1221.687232017517,0.38018253445625305,0.1940080225467682,0.06787252426147461,0.3537757992744446,0.004161149263381958,Light_T1
/home/lmy/iot-device-classification/dataset/light_T1/round5_positionB/light_T1_r5.pcapng,R5,123,1231.9104433059692,0.9839708209037781,0.0035833304282277822,0.002941802144050598,0.009344472549855709,0.00015963046462275088,Light_T1
/home/lmy/iot-device-classification/dataset/light_T1/round5_positionB/light_T1_r5.pcapng,R5,124,1242.7591049671173,0.7065261006355286,0.05178632587194443,0.0026053846813738346,0.2381516546010971,0.0009304725681431592,Light_T1
/home/lmy/iot-device-classification/dataset/light_T1/round5_positionB/light_T1_r5.pcapng,R5,125,1251.9571719169617,0.4999625086784363,0.15496063232421875,0.034227799624204636,0.30823269486427307,0.0026163053698837757,Light_T1
/home/lmy/iot-device-classification/dataset/light_T1/round5_positionB/light_T1_r5.pcapng,R5,126,1260.6128559112549,0.9710015058517456,0.0063741677440702915,0.017834419384598732,0.004202594049274921,0.0005872856127098203,Light_T1
/home/lmy/iot-device-classification/dataset/light_T1/round5_positionB/light_T1_r5.pcapng,R5,127,1274.6302371025083,0.15853160619735718,0.01321730948984623,0.017813069745898247,0.8100827932357788,0.00035520849633030593,Light_T1
/home/lmy/iot-device-classification/dataset/light_T1/round5_positionB/light_T1_r5.pcapng,R5,128,1281.7115426063538,0.7935288548469543,0.1391155868768692,0.013205006718635559,0.05374427139759064,0.00040627334965392947,Light_T1
/home/lmy/iot-device-classification/dataset/light_T1/round5_positionB/light_T1_r5.pcapng,R5,129,1295.7403404712677,0.0845579281449318,0.0568683035671711,0.0045912498608231544,0.8521732687950134,0.0018092462560161948,Light_T1
/home/lmy/iot-device-classification/dataset/light_T1/round5_positionB/light_T1_r5.pcapng,R5,130,1306.139144897461,0.2090180218219757,0.026351409032940865,0.010615414939820766,0.7522724270820618,0.0017426754347980022,Light_T1
/home/lmy/iot-device-classification/dataset/light_T1/round5_positionB/light_T1_r5.pcapng,R5,131,1311.9793450832367,0.8908604383468628,0.01487873587757349,0.011053532361984253,0.08279905468225479,0.00040825142059475183,Light_T1
/home/lmy/iot-device-classification/dataset/light_T1/round5_positionB/light_T1_r5.pcapng,R5,132,1326.937143087387,0.16816431283950806,0.06438712775707245,0.01975134201347828,0.744340717792511,0.0033565470948815346,Light_T1
/home/lmy/iot-device-classification/dataset/light_T1/round5_positionB/light_T1_r5.pcapng,R5,133,1332.3699624538422,0.8913024663925171,0.0073328218422830105,0.006340662017464638,0.09435855597257614,0.0006654802127741277,Light_T1
/home/lmy/iot-device-classification/dataset/light_T1/round5_positionB/light_T1_r5.pcapng,R5,134,1340.1094198226929,0.8002052307128906,0.14346104860305786,0.02497255988419056,0.030079394578933716,0.0012817662209272385,Light_T1
/home/lmy/iot-device-classification/dataset/light_T1/round5_positionB/light_T1_r5.pcapng,R5,135,1353.4779164791107,0.6030452251434326,0.033973392099142075,0.0027040452696383,0.3594547212123871,0.0008226362406276166,Light_T1
/home/lmy/iot-device-classification/dataset/light_T1/round5_positionB/light_T1_r5.pcapng,R5,136,1366.4588949680328,0.15795543789863586,0.009064724668860435,0.0026386482641100883,0.8287006616592407,0.0016405378701165318,Light_T1
/home/lmy/iot-device-classification/dataset/light_T1/round5_positionB/light_T1_r5.pcapng,R5,137,1371.7669486999512,0.8439133763313293,0.10321254283189774,0.007517698220908642,0.04491328448057175,0.0004431000561453402,Light_T1
/home/lmy/iot-device-classification/dataset/light_T1/round5_positionB/light_T1_r5.pcapng,R5,138,1387.2560634613037,0.2326194941997528,0.04239227622747421,0.004134390503168106,0.7190762758255005,0.0017775383312255144,Light_T1
/home/lmy/iot-device-classification/dataset/light_T1/round5_positionB/light_T1_r5.pcapng,R5,139,1393.7203962802887,0.9148919582366943,0.008333181962370872,0.0007450012490153313,0.07573132961988449,0.00029846763936802745,Light_T1
/home/lmy/iot-device-classification/dataset/light_T1/round5_positionB/light_T1_r5.pcapng,R5,140,1401.7773942947388,0.8999940752983093,0.0013642659178003669,0.002679638797417283,0.0957147553563118,0.00024732339079491794,Light_T1
/home/lmy/iot-device-classification/dataset/light_T1/round5_positionB/light_T1_r5.pcapng,R5,141,1410.2609286308289,0.6551582217216492,0.1648648977279663,0.006654513068497181,0.17196007072925568,0.0013622698606923223,Light_T1
/home/lmy/iot-device-classification/dataset/light_T1/round5_positionB/light_T1_r5.pcapng,R5,142,1422.3583590984344,0.6975017189979553,0.03254013881087303,0.007250213995575905,0.2618606686592102,0.0008473162306472659,Light_T1
/home/lmy/iot-device-classification/dataset/light_T1/round5_positionB/light_T1_r5.pcapng,R5,143,1431.4293267726898,0.9667683243751526,0.01317687425762415,0.004148520063608885,0.015607127919793129,0.00029919121880084276,Light_T1
/home/lmy/iot-device-classification/dataset/light_T1/round5_positionB/light_T1_r5.pcapng,R5,144,1447.5766034126282,0.23898498713970184,0.015908217057585716,0.0193973109126091,0.7231213450431824,0.002588141243904829,Light_T1
/home/lmy/iot-device-classification/dataset/light_T1/round5_positionB/light_T1_r5.pcapng,R5,145,1457.9768562316897,0.2907865047454834,0.04400903359055519,0.007519294507801533,0.6554631590843201,0.0022220148239284754,Light_T1
/home/lmy/iot-device-classification/dataset/light_T1/round5_positionB/light_T1_r5.pcapng,R5,146,1461.797694683075,0.4418306052684784,0.42494070529937744,0.07524286210536957,0.05626247078180313,0.0017234187107533216,Light_T1
/home/lmy/iot-device-classification/dataset/light_T1/round5_positionB/light_T1_r5.pcapng,R5,147,1474.1981086730957,0.737568199634552,0.24286310374736786,0.010679407976567745,0.008169412612915039,0.0007198608363978565,Light_T1
/home/lmy/iot-device-classification/dataset/light_T1/round5_positionB/light_T1_r5.pcapng,R5,148,1480.0196323394775,0.5944435596466064,0.33734452724456787,0.013866914436221123,0.05222104862332344,0.0021239416673779488,Light_T1
/home/lmy/iot-device-classification/dataset/light_T1/round5_positionB/light_T1_r5.pcapng,R5,149,1490.108597278595,0.9784707427024841,0.005739282816648483,0.005968410987406969,0.009525740519165993,0.00029576095403172076,Light_T1
/home/lmy/iot-device-classification/dataset/light_T1/round5_positionB/light_T1_r5.pcapng,R5,150,1507.3189861774445,0.7708396911621094,0.09484222531318665,0.0719849094748497,0.05883844569325447,0.003494749078527093,Light_T1
/home/lmy/iot-device-classification/dataset/light_T1/round5_positionB/light_T1_r5.pcapng,R5,151,1510.0879530906675,0.9704398512840271,0.027141625061631203,0.0016019336180761456,0.0007052114815451205,0.00011143593292217702,Light_T1
/home/lmy/iot-device-classification/dataset/light_T1/round5_positionB/light_T1_r5.pcapng,R5,152,1520.1085307598114,0.8560758233070374,0.023110492154955864,0.005544810555875301,0.11494964361190796,0.00031921875779516995,Light_T1
/home/lmy/iot-device-classification/dataset/light_T1/round5_positionB/light_T1_r5.pcapng,R5,153,1530.3713240623474,0.17857998609542847,0.29379165172576904,0.052262257784605026,0.47322484850883484,0.0021412272471934557,Light_T1
/home/lmy/iot-device-classification/dataset/light_T1/round5_positionB/light_T1_r5.pcapng,R5,154,1540.2095408439636,0.9162956476211548,0.0035505536943674088,0.05813506990671158,0.021829886361956596,0.00018878746777772903,Light_T1
/home/lmy/iot-device-classification/dataset/light_T1/round5_positionB/light_T1_r5.pcapng,R5,155,1550.3884222507477,0.3817298710346222,0.42617830634117126,0.017238887026906013,0.17303651571273804,0.0018164730863645673,Light_T1
/home/lmy/iot-device-classification/dataset/light_T1/round5_positionB/light_T1_r5.pcapng,R5,156,1560.3904900550842,0.5498421788215637,0.05294434726238251,0.01541925873607397,0.3797002136707306,0.002094028750434518,Light_T1
/home/lmy/iot-device-classification/dataset/light_T1/round5_positionB/light_T1_r5.pcapng,R5,157,1570.466276884079,0.3220754563808441,0.07170315831899643,0.01989760249853134,0.5837433338165283,0.0025804457254707813,Light_T1
/home/lmy/iot-device-classification/dataset/light_T1/round5_positionB/light_T1_r5.pcapng,R5,158,1580.0087032318115,0.7274895310401917,0.016241371631622314,0.0044937836937606335,0.251078724861145,0.0006966559449210763,Light_T1
/home/lmy/iot-device-classification/dataset/light_T1/round5_positionB/light_T1_r5.pcapng,R5,159,1590.088213443756,0.020099565386772156,0.038832440972328186,0.002034557983279228,0.9384381175041199,0.0005953359068371356,Light_T1
/home/lmy/iot-device-classification/dataset/light_T1/round5_positionB/light_T1_r5.pcapng,R5,160,1600.0872004032135,0.6951231956481934,0.03323153778910637,0.010099404491484165,0.25985848903656006,0.0016873443964868784,Light_T1
/home/lmy/iot-device-classification/dataset/light_T1/round5_positionB/light_T1_r5.pcapng,R5,161,1610.0568418502808,0.773880124092102,0.09632325917482376,0.013134010136127472,0.11544514447450638,0.001217444078065455,Light_T1
/home/lmy/iot-device-classification/dataset/light_T1/round5_positionB/light_T1_r5.pcapng,R5,162,1620.1274659633636,0.9452643990516663,0.0070936959236860275,0.001748616574332118,0.04560317099094391,0.00029011000879108906,Light_T1
/home/lmy/iot-device-classification/dataset/light_T1/round5_positionB/light_T1_r5.pcapng,R5,163,1630.242136001587,0.9425066709518433,0.046808578073978424,0.004821408540010452,0.005209274124354124,0.0006540638860315084,Light_T1
/home/lmy/iot-device-classification/dataset/light_T1/round5_positionB/light_T1_r5.pcapng,R5,164,1640.2596817016602,0.4174859821796417,0.05787228047847748,0.06766241043806076,0.45271867513656616,0.004260639660060406,Light_T1
/home/lmy/iot-device-classification/dataset/light_T1/round5_positionB/light_T1_r5.pcapng,R5,165,1650.3520560264587,0.061241019517183304,0.13716751337051392,0.004105428699404001,0.7963239550590515,0.0011621015146374702,Light_T1
/home/lmy/iot-device-classification/dataset/light_T1/round5_positionB/light_T1_r5.pcapng,R5,166,1660.4982006549835,0.9327196478843689,0.005024696234613657,0.003172952448949218,0.05885470286011696,0.0002280544285895303,Light_T1
/home/lmy/iot-device-classification/dataset/light_T1/round5_positionB/light_T1_r5.pcapng,R5,167,1670.4496219158173,0.45660483837127686,0.22130294144153595,0.0532582588493824,0.2663336396217346,0.002500352682545781,Light_T1
/home/lmy/iot-device-classification/dataset/light_T1/round5_positionB/light_T1_r5.pcapng,R5,168,1680.5733559131622,0.5926089882850647,0.029557526111602783,0.0018282951787114143,0.37514108419418335,0.0008641622262075543,Light_T1
/home/lmy/iot-device-classification/dataset/light_T1/round5_positionB/light_T1_r5.pcapng,R5,169,1690.600925207138,0.4874223470687866,0.0632782131433487,0.012084907852113247,0.4356333315372467,0.0015812368365004659,Light_T1
/home/lmy/iot-device-classification/dataset/light_T1/round5_positionB/light_T1_r5.pcapng,R5,170,1700.6959142684937,0.6600964665412903,0.11470089852809906,0.017296157777309418,0.20714735984802246,0.000759165093768388,Light_T1
/home/lmy/iot-device-classification/dataset/light_T1/round5_positionB/light_T1_r5.pcapng,R5,171,1710.7404119968414,0.8995578289031982,0.07362975180149078,0.008846091106534004,0.016936831176280975,0.0010294647654518485,Light_T1
/home/lmy/iot-device-classification/dataset/light_T1/round5_positionB/light_T1_r5.pcapng,R5,172,1720.8287870883942,0.2727022171020508,0.03732491657137871,0.016774414107203484,0.6710370779037476,0.0021614073775708675,Light_T1
/home/lmy/iot-device-classification/dataset/light_T1/round5_positionB/light_T1_r5.pcapng,R5,173,1730.856460571289,0.7589484453201294,0.12074632197618484,0.009748660027980804,0.10978193581104279,0.0007745755137875676,Light_T1
/home/lmy/iot-device-classification/dataset/light_T1/round5_positionB/light_T1_r5.pcapng,R5,174,1740.898542881012,0.7121601700782776,0.043540503829717636,0.0074682654812932014,0.23619122803211212,0.0006398368277586997,Light_T1
/home/lmy/iot-device-classification/dataset/light_T1/round5_positionB/light_T1_r5.pcapng,R5,175,1750.9664945602417,0.8415992856025696,0.010383090935647488,0.0030340654775500298,0.14463871717453003,0.0003448572533670813,Light_T1
/home/lmy/iot-device-classification/dataset/light_T1/round5_positionB/light_T1_r5.pcapng,R5,176,1761.0693571567535,0.9516738057136536,0.031350474804639816,0.00546305114403367,0.011091047897934914,0.0004216179659124464,Light_T1
/home/lmy/iot-device-classification/dataset/light_T1/round5_positionB/light_T1_r5.pcapng,R5,177,1771.10471868515,0.07081955671310425,0.15126022696495056,0.004249174147844315,0.7722029089927673,0.0014681497123092413,Light_T1
/home/lmy/iot-device-classification/dataset/light_T1/round5_positionB/light_T1_r5.pcapng,R5,178,1781.1894888877869,0.9689810872077942,0.006301985587924719,0.001837279531173408,0.022741472348570824,0.00013813273108098656,Light_T1
/home/lmy/iot-device-classification/dataset/light_T1/round5_positionB/light_T1_r5.pcapng,R5,179,1791.2155268192291,0.7676132917404175,0.059133149683475494,0.008734040893614292,0.16372810304164886,0.0007913822773844004,Light_T1
/home/lmy/iot-device-classification/dataset/light_T1/round5_positionB/light_T1_r5.pcapng,R5,180,1801.283028125763,0.38946524262428284,0.06367295235395432,0.00753892632201314,0.5371766686439514,0.0021462233271449804,Light_T1
/home/lmy/iot-device-classification/dataset/light_T1/round5_positionB/light_T1_r5.pcapng,R5,181,1811.35258102417,0.708665132522583,0.010917432606220245,0.010451230220496655,0.26940587162971497,0.0005603203899227083,Light_T1
/home/lmy/iot-device-classification/dataset/light_T1/round5_positionB/light_T1_r5.pcapng,R5,182,1821.4116475582125,0.8257563710212708,0.07480747252702713,0.008450975641608238,0.09033918380737305,0.0006459871074184775,Light_T1
/home/lmy/iot-device-classification/dataset/light_T1/round5_positionB/light_T1_r5.pcapng,R5,183,1831.492709159851,0.9238932728767395,0.025699825957417488,0.002532841404899955,0.04727557301521301,0.0005984946619719267,Light_T1
/home/lmy/iot-device-classification/dataset/light_T1/round5_positionB/light_T1_r5.pcapng,R5,184,1841.5533611774445,0.3001825511455536,0.03317832946777344,0.007465587463229895,0.6568981409072876,0.0022754070814698935,Light_T1
/home/lmy/iot-device-classification/dataset/light_T1/round5_positionB/light_T1_r5.pcapng,R5,185,1851.5957214832304,0.8751000761985779,0.0340295284986496,0.005718618165701628,0.08454138040542603,0.0006103376508690417,Light_T1
/home/lmy/iot-device-classification/dataset/light_T1/round5_positionB/light_T1_r5.pcapng,R5,186,1861.6278018951416,0.3726303279399872,0.20248116552829742,0.08587166666984558,0.3353193998336792,0.0036974214017391205,Light_T1
/home/lmy/iot-device-classification/dataset/light_T1/round5_positionB/light_T1_r5.pcapng,R5,187,1871.7894191741943,0.9886903762817383,0.001404222217388451,0.003306047758087516,0.006488415412604809,0.00011095427180407569,Light_T1
/home/lmy/iot-device-classification/dataset/light_T1/round5_positionB/light_T1_r5.pcapng,R5,188,1880.227205991745,0.4667559862136841,0.010507846251130104,0.008198224008083344,0.5133114457130432,0.0012265003751963377,Light_T1
/home/lmy/iot-device-classification/dataset/light_T1/round5_positionB/light_T1_r5.pcapng,R5,189,1890.6178200244904,0.1287497580051422,0.1122167780995369,0.011318730190396309,0.7461860775947571,0.0015286471461877227,Light_T1
/home/lmy/iot-device-classification/dataset/light_T1/round5_positionB/light_T1_r5.pcapng,R5,190,1901.914665222168,0.8122852444648743,0.038636162877082825,0.006574360653758049,0.1416647881269455,0.0008393880561925471,Light_T1
/home/lmy/iot-device-classification/dataset/light_T1/round5_positionB/light_T1_r5.pcapng,R5,191,1911.973251581192,0.4043007493019104,0.24022653698921204,0.025990823283791542,0.3260824680328369,0.003399444743990898,Light_T1
/home/lmy/iot-device-classification/dataset/light_T1/round5_positionB/light_T1_r5.pcapng,R5,192,1922.037788629532,0.9501256346702576,0.011646678671240807,0.004158954136073589,0.03370237350463867,0.00036635546712204814,Light_T1
/home/lmy/iot-device-classification/dataset/light_T1/round5_positionB/light_T1_r5.pcapng,R5,193,1930.1376159191127,0.26988768577575684,0.02260419726371765,0.0017010268056765199,0.7043389678001404,0.0014681537868455052,Light_T1
/home/lmy/iot-device-classification/dataset/light_T1/round5_positionB/light_T1_r5.pcapng,R5,194,1940.5383052825928,0.8803781270980835,0.020131003111600876,0.014680063351988792,0.08388283848762512,0.0009279926307499409,Light_T1
/home/lmy/iot-device-classification/dataset/light_T1/round5_positionB/light_T1_r5.pcapng,R5,195,1952.2426483631132,0.10958434641361237,0.058889977633953094,0.0017904113046824932,0.8287645578384399,0.0009707389399409294,Light_T1
/home/lmy/iot-device-classification/dataset/light_T1/round5_positionB/light_T1_r5.pcapng,R5,196,1962.327504873276,0.3336043655872345,0.07776716351509094,0.008834623731672764,0.5784637928009033,0.0013300649588927627,Light_T1
/home/lmy/iot-device-classification/dataset/light_T1/round5_positionB/light_T1_r5.pcapng,R5,197,1972.2528550624847,0.7964857816696167,0.08843855559825897,0.09893831610679626,0.015122718177735806,0.0010146702406927943,Light_T1
/home/lmy/iot-device-classification/dataset/light_T1/round5_positionB/light_T1_r5.pcapng,R5,198,1980.0600607395168,0.3681146800518036,0.028704002499580383,0.0123092420399189,0.589226484298706,0.0016455837758257985,Light_T1
/home/lmy/iot-device-classification/dataset/light_T1/round5_positionB/light_T1_r5.pcapng,R5,199,1992.493762254715,0.853984534740448,0.03720463812351227,0.014183318242430687,0.09375062584877014,0.0008768675616011024,Light_T1
/home/lmy/iot-device-classification/dataset/light_T1/round5_positionB/light_T1_r5.pcapng,R5,200,2000.858677148819,0.4645947217941284,0.21133388578891754,0.012089861556887627,0.3099203109741211,0.002061191014945507,Light_T1
/home/lmy/iot-device-classification/dataset/light_T1/round5_positionB/light_T1_r5.pcapng,R5,201,2012.6114015579224,0.161638543009758,0.18917077779769897,0.008003687486052513,0.6402462124824524,0.0009408163605257869,Light_T1
/home/lmy/iot-device-classification/dataset/light_T1/round5_positionB/light_T1_r5.pcapng,R5,202,2022.3605499267576,0.94053053855896,0.05606773495674133,0.002292603487148881,0.0009846626780927181,0.00012438965495675802,Light_T1
/home/lmy/iot-device-classification/dataset/light_T1/round5_positionB/light_T1_r5.pcapng,R5,203,2032.2648842334747,0.4397495687007904,0.3725193440914154,0.13767555356025696,0.04841935634613037,0.0016361628659069538,Light_T1
/home/lmy/iot-device-classification/dataset/light_T1/round5_positionB/light_T1_r5.pcapng,R5,204,2040.3795719146729,0.15547163784503937,0.8075307607650757,0.02121746353805065,0.012442127801477909,0.0033379714004695415,Light_T1
/home/lmy/iot-device-classification/dataset/light_T1/round5_positionB/light_T1_r5.pcapng,R5,205,2052.865254878998,0.6562061905860901,0.08263147622346878,0.008772304281592369,0.2516636848449707,0.0007263431907631457,Light_T1
/home/lmy/iot-device-classification/dataset/light_T1/round5_positionB/light_T1_r5.pcapng,R5,206,2062.551845788956,0.4540388882160187,0.4722159802913666,0.059379592537879944,0.013119959272444248,0.0012455241521820426,Light_T1
/home/lmy/iot-device-classification/dataset/light_T1/round5_positionB/light_T1_r5.pcapng,R5,207,2071.579918384552,0.4821048080921173,0.0239900853484869,0.004130225628614426,0.48732760548591614,0.002447239588946104,Light_T1
/home/lmy/iot-device-classification/dataset/light_T1/round5_positionB/light_T1_r5.pcapng,R5,208,2081.9814450740814,0.7886385321617126,0.0074976971372962,0.0034576861653476954,0.19941571354866028,0.0009903385071083903,Light_T1
/home/lmy/iot-device-classification/dataset/light_T1/round5_positionB/light_T1_r5.pcapng,R5,209,2092.322391271591,0.4990209937095642,0.04591295123100281,0.1284879595041275,0.3196452558040619,0.006932803895324469,Light_T1
/home/lmy/iot-device-classification/dataset/light_T1/round5_positionB/light_T1_r5.pcapng,R5,210,2100.44078874588,0.9090943336486816,0.042277105152606964,0.01545263547450304,0.03249814361333847,0.0006777633097954094,Light_T1
/home/lmy/iot-device-classification/dataset/light_T1/round5_positionB/light_T1_r5.pcapng,R5,211,2111.100726366043,0.5311484336853027,0.018745943903923035,0.0051422566175460815,0.4430815875530243,0.0018817918607965112,Light_T1
/home/lmy/iot-device-classification/dataset/light_T1/round5_positionB/light_T1_r5.pcapng,R5,212,2122.344984292984,0.8929660320281982,0.04897455871105194,0.029011236503720284,0.027911748737096786,0.0011363935191184282,Light_T1
/home/lmy/iot-device-classification/dataset/light_T1/round5_positionB/light_T1_r5.pcapng,R5,213,2131.900749444961,0.4079267382621765,0.5073055624961853,0.029288802295923233,0.0485965721309185,0.0068823243491351604,Light_T1
/home/lmy/iot-device-classification/dataset/light_T1/round5_positionB/light_T1_r5.pcapng,R5,214,2143.4626598358154,0.9823218584060669,0.01455667708069086,0.0019437074661254883,0.000985575607046485,0.00019219722889829427,Light_T1
/home/lmy/iot-device-classification/dataset/light_T1/round5_positionB/light_T1_r5.pcapng,R5,215,2152.3759467601776,0.96560138463974,0.005271743051707745,0.024281373247504234,0.004353675991296768,0.0004918572376482189,Light_T1
/home/lmy/iot-device-classification/dataset/light_T1/round5_positionB/light_T1_r5.pcapng,R5,216,2161.020606279373,0.8893977403640747,0.004442126490175724,0.0070196157321333885,0.09819973260164261,0.0009408143232576549,Light_T1
/home/lmy/iot-device-classification/dataset/light_T1/round5_positionB/light_T1_r5.pcapng,R5,217,2171.4228386878967,0.9396700263023376,0.004719264805316925,0.029430262744426727,0.025459472090005875,0.0007210125913843513,Light_T1
/home/lmy/iot-device-classification/dataset/light_T1/round5_positionB/light_T1_r5.pcapng,R5,218,2181.562204837799,0.5484732985496521,0.08584056049585342,0.13553036749362946,0.22520308196544647,0.004952683113515377,Light_T1
/home/lmy/iot-device-classification/dataset/light_T1/round5_positionB/light_T1_r5.pcapng,R5,219,2193.7259063720703,0.8094284534454346,0.06656090915203094,0.006456182338297367,0.11684998869895935,0.0007044649100862443,Light_T1
/home/lmy/iot-device-classification/dataset/light_T1/round5_positionB/light_T1_r5.pcapng,R5,220,2202.621691465378,0.9730508327484131,0.011639364063739777,0.006069075781852007,0.008549620397388935,0.0006911333184689283,Light_T1
/home/lmy/iot-device-classification/dataset/light_T1/round5_positionB/light_T1_r5.pcapng,R5,221,2210.941066026688,0.9838646650314331,0.00913374125957489,0.0024558829609304667,0.0043578362092375755,0.00018785882275551558,Light_T1
/home/lmy/iot-device-classification/dataset/light_T1/round5_positionB/light_T1_r5.pcapng,R5,222,2220.722208738327,0.7128401398658752,0.18123458325862885,0.03347903862595558,0.06681980937719345,0.005626392085105181,Light_T1
/home/lmy/iot-device-classification/dataset/light_T1/round5_positionB/light_T1_r5.pcapng,R5,223,2233.821609258652,0.8580576777458191,0.010712533257901669,0.012513862922787666,0.11734103411436081,0.001374905346892774,Light_T1
/home/lmy/iot-device-classification/dataset/light_T1/round5_positionB/light_T1_r5.pcapng,R5,224,2242.1517372131348,0.9976165294647217,0.0002454048371873796,0.0019764667376875877,0.0001301361626246944,3.1489198590861633e-05,Light_T1
/home/lmy/iot-device-classification/dataset/light_T1/round5_positionB/light_T1_r5.pcapng,R5,225,2254.1154386997223,0.4219190776348114,0.26367247104644775,0.2505803108215332,0.055287569761276245,0.008540545590221882,Light_T1
/home/lmy/iot-device-classification/dataset/light_T1/round5_positionB/light_T1_r5.pcapng,R5,226,2262.37521147728,0.9981154203414917,0.001255556009709835,0.00035092001780867577,0.00025559208006598055,2.252484773634933e-05,Light_T1
/home/lmy/iot-device-classification/dataset/light_T1/round5_positionB/light_T1_r5.pcapng,R5,227,2271.262436389923,0.4286264479160309,0.05607905238866806,0.3426164984703064,0.1648503839969635,0.007827545516192913,Light_T1
/home/lmy/iot-device-classification/dataset/light_T1/round5_positionB/light_T1_r5.pcapng,R5,228,2281.8826711177826,0.9949262142181396,0.0009766669245436788,0.0017010046867653728,0.002336355857551098,5.979712659609504e-05,Light_T1
/home/lmy/iot-device-classification/dataset/light_T1/round5_positionB/light_T1_r5.pcapng,R5,229,2292.0619654655457,0.9542633891105652,0.03234319016337395,0.004412912763655186,0.007770249154418707,0.0012102000182494521,Light_T1
/home/lmy/iot-device-classification/dataset/light_T1/round5_positionB/light_T1_r5.pcapng,R5,230,2302.443168401718,0.9923006296157837,0.0004421679477673024,0.0038164984434843063,0.0032800803892314434,0.0001605690486030653,Light_T1
/home/lmy/iot-device-classification/dataset/light_T1/round5_positionB/light_T1_r5.pcapng,R5,231,2312.86265873909,0.2245107740163803,0.1652103066444397,0.11351902782917023,0.49318498373031616,0.0035749049857258797,Light_T1
/home/lmy/iot-device-classification/dataset/light_T1/round5_positionB/light_T1_r5.pcapng,R5,232,2320.4803783893585,0.9971454739570618,0.0009996367152780294,0.0009274472831748426,0.0008996536489576101,2.7742007659981027e-05,Light_T1
/home/lmy/iot-device-classification/dataset/light_T1/round5_positionB/light_T1_r5.pcapng,R5,233,2332.465977668762,0.8781312704086304,0.004490754101425409,0.008822456002235413,0.10819186270236969,0.0003636789333540946,Light_T1
/home/lmy/iot-device-classification/dataset/light_T1/round5_positionB/light_T1_r5.pcapng,R5,234,2341.9824974536896,0.5395423173904419,0.3750219941139221,0.018274884670972824,0.06424758583307266,0.0029131979681551456,Light_T1
/home/lmy/iot-device-classification/dataset/light_T1/round5_positionB/light_T1_r5.pcapng,R5,235,2354.903535604477,0.9173376560211182,0.03721838444471359,0.004418544936925173,0.04062643647193909,0.0003989329852629453,Light_T1
/home/lmy/iot-device-classification/dataset/light_T1/round5_positionB/light_T1_r5.pcapng,R5,236,2362.324823141098,0.988153874874115,0.0005334277520887554,0.0018304502591490746,0.00940980575978756,7.2481605457142e-05,Light_T1
/home/lmy/iot-device-classification/dataset/light_T1/round5_positionB/light_T1_r5.pcapng,R5,237,2373.183484315872,0.5055954456329346,0.33904239535331726,0.04675043746829033,0.10109861195087433,0.007513063494116068,Light_T1
/home/lmy/iot-device-classification/dataset/light_T1/round5_positionB/light_T1_r5.pcapng,R5,238,2380.04474401474,0.9985322952270508,0.0007413059356622398,0.0002874896745197475,0.00041039459756575525,2.85135829471983e-05,Light_T1
/home/lmy/iot-device-classification/dataset/light_T1/round5_positionB/light_T1_r5.pcapng,R5,239,2392.51855635643,0.9304283261299133,0.0010269028134644032,0.0033615261781960726,0.06505635380744934,0.00012681196676567197,Light_T1
/home/lmy/iot-device-classification/dataset/light_T1/round5_positionB/light_T1_r5.pcapng,R5,240,2402.303197860718,0.44504278898239136,0.30634140968322754,0.05026454105973244,0.19086019694805145,0.007491112686693668,Light_T1
/home/lmy/iot-device-classification/dataset/light_T1/round5_positionB/light_T1_r5.pcapng,R5,241,2410.124622821808,0.968834638595581,0.026892393827438354,0.003249978879466653,0.0007923826924525201,0.00023065942514222115,Light_T1
/home/lmy/iot-device-classification/dataset/light_T1/round5_positionB/light_T1_r5.pcapng,R5,242,2422.548253297806,0.8011793494224548,0.008617724291980267,0.011948561295866966,0.1775825023651123,0.0006719165830872953,Light_T1
/home/lmy/iot-device-classification/dataset/light_T1/round5_positionB/light_T1_r5.pcapng,R5,243,2433.5049624443054,0.9451504349708557,0.03289223089814186,0.0031318592373281717,0.0181084293872118,0.0007170405006036162,Light_T1
/home/lmy/iot-device-classification/dataset/light_T1/round5_positionB/light_T1_r5.pcapng,R5,244,2440.28407907486,0.9091624021530151,0.05755503848195076,0.0206560380756855,0.011596889235079288,0.0010296256514266133,Light_T1
/home/lmy/iot-device-classification/dataset/light_T1/round5_positionB/light_T1_r5.pcapng,R5,245,2452.32572555542,0.3605523109436035,0.12048353254795074,0.4633162319660187,0.05180156230926514,0.003846352221444249,Light_T1
/home/lmy/iot-device-classification/dataset/light_T1/round5_positionB/light_T1_r5.pcapng,R5,246,2461.6436767578125,0.7946158051490784,0.049972087144851685,0.03586269170045853,0.11854350566864014,0.0010058798361569643,Light_T1
/home/lmy/iot-device-classification/dataset/light_T1/round5_positionB/light_T1_r5.pcapng,R5,247,2470.446587085724,0.9806483387947083,0.015845973044633865,0.00249841227196157,0.0007830546237528324,0.00022428880038205534,Light_T1
/home/lmy/iot-device-classification/dataset/light_T1/round5_positionB/light_T1_r5.pcapng,R5,248,2482.610486268997,0.9447696805000305,0.01046534813940525,0.03184221684932709,0.012342206202447414,0.0005805303226225078,Light_T1
/home/lmy/iot-device-classification/dataset/light_T1/round5_positionB/light_T1_r5.pcapng,R5,249,2493.8240559101105,0.6707248091697693,0.1571652740240097,0.09497329592704773,0.0718831792473793,0.005253389943391085,Light_T1
/home/lmy/iot-device-classification/dataset/light_T1/round5_positionB/light_T1_r5.pcapng,R5,250,2500.688155174256,0.9910129904747009,0.0008582036825828254,0.007649045903235674,0.0004126100684516132,6.710607704007998e-05,Light_T1
/home/lmy/iot-device-classification/dataset/light_T1/round5_positionB/light_T1_r5.pcapng,R5,251,2512.640907526016,0.8450659513473511,0.029728898778557777,0.11726608872413635,0.007005047518759966,0.0009339679963886738,Light_T1
/home/lmy/iot-device-classification/dataset/light_T1/round5_positionB/light_T1_r5.pcapng,R5,252,2522.9443526268005,0.9527735710144043,0.021602243185043335,0.005128656513988972,0.01954507641494274,0.0009504950139671564,Light_T1
/home/lmy/iot-device-classification/dataset/light_T1/round5_positionB/light_T1_r5.pcapng,R5,253,2530.926041126251,0.9236520528793335,0.009335669688880444,0.004210394807159901,0.0625377744436264,0.00026410719146952033,Light_T1
/home/lmy/iot-device-classification/dataset/light_T1/round5_positionB/light_T1_r5.pcapng,R5,254,2542.3375403881078,0.3729708790779114,0.23483024537563324,0.32555297017097473,0.06271865963935852,0.003927211277186871,Light_T1
/home/lmy/iot-device-classification/dataset/light_T1/round5_positionB/light_T1_r5.pcapng,R5,255,2554.154402256012,0.6626175045967102,0.007129558827728033,0.000974763766862452,0.32820001244544983,0.001078110421076417,Light_T1
/home/lmy/iot-device-classification/dataset/light_T1/round5_positionB/light_T1_r5.pcapng,R5,256,2561.0855662822723,0.5748207569122314,0.4102097451686859,0.010037761181592941,0.004096894524991512,0.0008347933762706816,Light_T1
/home/lmy/iot-device-classification/dataset/light_T1/round5_positionB/light_T1_r5.pcapng,R5,257,2572.6763100624084,0.9513403177261353,0.0025588327553123236,0.005442744120955467,0.04047432914376259,0.0001837067975429818,Light_T1
/home/lmy/iot-device-classification/dataset/light_T1/round5_positionB/light_T1_r5.pcapng,R5,258,2583.264636039734,0.5432965159416199,0.32201871275901794,0.06544115394353867,0.062130000442266464,0.007113622035831213,Light_T1
/home/lmy/iot-device-classification/dataset/light_T1/round5_positionB/light_T1_r5.pcapng,R5,259,2591.3260037899017,0.9973733425140381,0.002109274733811617,0.00040497450390830636,8.24624439701438e-05,2.991460496559739e-05,Light_T1
/home/lmy/iot-device-classification/dataset/light_T1/round5_positionB/light_T1_r5.pcapng,R5,260,2602.682962656021,0.9900152087211609,0.0012660742504522204,0.0005569616332650185,0.008107407949864864,5.42595807928592e-05,Light_T1
/home/lmy/iot-device-classification/dataset/light_T1/round5_positionB/light_T1_r5.pcapng,R5,261,2615.8044340610504,0.23081476986408234,0.6534076929092407,0.0818781703710556,0.028844404965639114,0.005054941400885582,Light_T1
/home/lmy/iot-device-classification/dataset/light_T1/round5_positionB/light_T1_r5.pcapng,R5,262,2622.378499746322,0.9964892864227295,0.00045137308188714087,0.00021442478464450687,0.0028198757208883762,2.5116549295489676e-05,Light_T1
/home/lmy/iot-device-classification/dataset/light_T1/round5_positionB/light_T1_r5.pcapng,R5,263,2632.2059123516083,0.33644822239875793,0.2634600102901459,0.3711654543876648,0.025848358869552612,0.003077985253185034,Light_T1
/home/lmy/iot-device-classification/dataset/light_T1/round5_positionB/light_T1_r5.pcapng,R5,264,2643.5846502780914,0.8466595411300659,0.012068107724189758,0.001085752621293068,0.1393158882856369,0.0008707436500117183,Light_T1
/home/lmy/iot-device-classification/dataset/light_T1/round5_positionB/light_T1_r5.pcapng,R5,265,2653.984959602356,0.9669377207756042,0.018625635653734207,0.00669667636975646,0.0064414204098284245,0.001298599294386804,Light_T1
/home/lmy/iot-device-classification/dataset/light_T1/round5_positionB/light_T1_r5.pcapng,R5,266,2662.712687969208,0.7161569595336914,0.0030296819750219584,0.0370689332485199,0.24298067390918732,0.0007637797389179468,Light_T1
/home/lmy/iot-device-classification/dataset/light_T1/round5_positionB/light_T1_r5.pcapng,R5,267,2674.7854754924774,0.6169317364692688,0.1515885442495346,0.11543857306241989,0.10815386474132538,0.007887320592999458,Light_T1
/home/lmy/iot-device-classification/dataset/light_T1/round5_positionB/light_T1_r5.pcapng,R5,268,2681.885992050171,0.9593103528022766,0.005532685201615095,0.00027344239060766995,0.0347917377948761,9.175792365567759e-05,Light_T1
/home/lmy/iot-device-classification/dataset/light_T1/round5_positionB/light_T1_r5.pcapng,R5,269,2692.724920034409,0.981728732585907,0.0045571234077215195,0.004405897110700607,0.009015513584017754,0.00029272353276610374,Light_T1
/home/lmy/iot-device-classification/dataset/light_T1/round5_positionB/light_T1_r5.pcapng,R5,270,2701.76481628418,0.9753797054290771,0.005253254901617765,0.00839170441031456,0.01078962441533804,0.00018570752581581473,Light_T1
/home/lmy/iot-device-classification/dataset/light_T1/round5_positionB/light_T1_r5.pcapng,R5,271,2714.305165052414,0.971889317035675,0.01549665816128254,0.0030649472028017044,0.00899939052760601,0.000549647375009954,Light_T1
/home/lmy/iot-device-classification/dataset/light_T1/round5_positionB/light_T1_r5.pcapng,R5,272,2722.3266429901123,0.572933554649353,0.09074773639440536,0.04024798423051834,0.29294270277023315,0.00312807341106236,Light_T1
/home/lmy/iot-device-classification/dataset/light_T1/round5_positionB/light_T1_r5.pcapng,R5,273,2732.1257712841034,0.9996203184127808,0.00015816658560652286,0.00016798685828689486,4.6263223339337856e-05,7.200334039225709e-06,Light_T1
/home/lmy/iot-device-classification/dataset/light_T1/round5_positionB/light_T1_r5.pcapng,R5,274,2745.506430387497,0.984633207321167,0.006485765799880028,0.002464266261085868,0.005885776598006487,0.0005309886182658374,Light_T1
/home/lmy/iot-device-classification/dataset/light_T1/round5_positionB/light_T1_r5.pcapng,R5,275,2752.774055957794,0.7153066396713257,0.0007837252342142165,0.00258468696847558,0.2811339199542999,0.00019103715021628886,Light_T1
/home/lmy/iot-device-classification/dataset/light_T1/round5_positionB/light_T1_r5.pcapng,R5,276,2761.6452074050903,0.5795627236366272,0.28719425201416016,0.06181882694363594,0.06910182535648346,0.0023223357275128365,Light_T1
/home/lmy/iot-device-classification/dataset/light_T1/round5_positionB/light_T1_r5.pcapng,R5,277,2772.3653032779694,0.9992938041687012,0.00033228154643438756,0.00020185210451018065,0.0001524440012872219,1.9615654309745878e-05,Light_T1
/home/lmy/iot-device-classification/dataset/light_T1/round5_positionB/light_T1_r5.pcapng,R5,278,2782.801852464676,0.9910011887550354,0.0002365753607591614,0.002607946516945958,0.006076429970562458,7.78945759520866e-05,Light_T1
/home/lmy/iot-device-classification/dataset/light_T1/round5_positionB/light_T1_r5.pcapng,R5,279,2795.425760507584,0.9882848262786865,0.00590262608602643,0.0018289538566023111,0.003391754813492298,0.0005918265087530017,Light_T1
/home/lmy/iot-device-classification/dataset/light_T1/round5_positionB/light_T1_r5.pcapng,R5,280,2805.825635910034,0.9718546271324158,0.015048474073410034,0.00383028038777411,0.008655253797769547,0.000611298019066453,Light_T1
/home/lmy/iot-device-classification/dataset/light_T1/round5_positionB/light_T1_r5.pcapng,R5,281,2812.337651491165,0.5457500219345093,0.24833159148693085,0.04884731024503708,0.15336932241916656,0.003701771143823862,Light_T1
/home/lmy/iot-device-classification/dataset/light_T1/round5_positionB/light_T1_r5.pcapng,R5,282,2822.7672674655914,0.957158625125885,0.03886222839355469,0.003029659390449524,0.0007364972843788564,0.00021300780645105988,Light_T1
/home/lmy/iot-device-classification/dataset/light_T1/round5_positionB/light_T1_r5.pcapng,R5,283,2834.9460656642914,0.9769911170005798,0.011396205052733421,0.0019759235437959433,0.009193242527544498,0.0004435002338141203,Light_T1
/home/lmy/iot-device-classification/dataset/light_T1/round5_positionB/light_T1_r5.pcapng,R5,284,2842.862707138061,0.9780826568603516,0.001584542216733098,0.018122006207704544,0.001894126064144075,0.0003166781971231103,Light_T1
/home/lmy/iot-device-classification/dataset/light_T1/round5_positionB/light_T1_r5.pcapng,R5,285,2855.7458386421204,0.3803979158401489,0.29433533549308777,0.26995187997817993,0.047194138169288635,0.008120764046907425,Light_T1
/home/lmy/iot-device-classification/dataset/light_T1/round5_positionB/light_T1_r5.pcapng,R5,286,2862.365211248398,0.9996362924575806,0.0001452698779758066,9.901104203891009e-05,0.00011041531251976267,8.956319106800947e-06,Light_T1
/home/lmy/iot-device-classification/dataset/light_T1/round5_positionB/light_T1_r5.pcapng,R5,287,2872.893479585648,0.9608078598976135,0.022166799753904343,0.01364852860569954,0.002925415989011526,0.00045142811723053455,Light_T1
/home/lmy/iot-device-classification/dataset/light_T1/round5_positionB/light_T1_r5.pcapng,R5,288,2883.9352612495422,0.9884114861488342,0.0022723490837961435,0.006419750861823559,0.002688881242647767,0.00020745523215737194,Light_T1
/home/lmy/iot-device-classification/dataset/light_T1/round5_positionB/light_T1_r5.pcapng,R5,289,2895.266183614731,0.8836064338684082,0.008244254626333714,0.0012585687218233943,0.10574252158403397,0.0011482349364086986,Light_T1
/home/lmy/iot-device-classification/dataset/light_T1/round5_positionB/light_T1_r5.pcapng,R5,290,2902.3258130550385,0.40108948945999146,0.3580220639705658,0.09974969178438187,0.13627517223358154,0.004863589536398649,Light_T1
/home/lmy/iot-device-classification/dataset/light_T1/round5_positionB/light_T1_r5.pcapng,R5,291,2915.705425977707,0.6864063143730164,0.03595113381743431,0.0040542143397033215,0.27323734760284424,0.00035096233477815986,Light_T1
/home/lmy/iot-device-classification/dataset/light_T1/round5_positionB/light_T1_r5.pcapng,R5,292,2920.846842527389,0.9284296631813049,0.023083513602614403,0.0007712547085247934,0.04753585159778595,0.00017973703506868333,Light_T1
/home/lmy/iot-device-classification/dataset/light_T1/round5_positionB/light_T1_r5.pcapng,R5,293,2932.9536311626434,0.9269416928291321,0.0084487060084939,0.0022027967497706413,0.062054719775915146,0.00035215463140048087,Light_T1
/home/lmy/iot-device-classification/dataset/light_T1/round5_positionB/light_T1_r5.pcapng,R5,294,2947.2670514583588,0.18314917385578156,0.011386477388441563,0.030418740585446358,0.7737157940864563,0.001329858205281198,Light_T1
/home/lmy/iot-device-classification/dataset/light_T1/round5_positionB/light_T1_r5.pcapng,R5,295,2952.3798468112946,0.998580813407898,0.0006063728942535818,2.8589685825863853e-05,0.0007713196100667119,1.2913766113342717e-05,Light_T1
/home/lmy/iot-device-classification/dataset/light_T1/round5_positionB/light_T1_r5.pcapng,R5,296,2962.983710050583,0.998158872127533,0.0007349496008828282,0.000944479601457715,0.00012926055933348835,3.2482948881806806e-05,Light_T1
/home/lmy/iot-device-classification/dataset/light_T1/round5_positionB/light_T1_r5.pcapng,R5,297,2976.3876626491547,0.09626452624797821,0.05115950480103493,0.00851648859679699,0.8417790532112122,0.0022804164327681065,Light_T1
/home/lmy/iot-device-classification/dataset/light_T1/round5_positionB/light_T1_r5.pcapng,R5,298,2982.379741668701,0.9950190782546997,0.0038322715554386377,0.0004775376000907272,0.0005824051913805306,8.87065107235685e-05,Light_T1
/home/lmy/iot-device-classification/dataset/light_T1/round5_positionB/light_T1_r5.pcapng,R5,299,2992.325964450836,0.07340595871210098,0.7611430883407593,0.1430608481168747,0.021012360230088234,0.0013777335407212377,Light_T1
/home/lmy/iot-device-classification/dataset/light_T1/round5_positionB/light_T1_r5.pcapng,R5,300,3003.968081712723,0.9753403663635254,0.01470853853970766,0.006498605012893677,0.0031626441050320864,0.0002898648090194911,Light_T1
/home/lmy/iot-device-classification/dataset/light_T1/round5_positionB/light_T1_r5.pcapng,R5,301,3017.987217664718,0.9518230557441711,0.009900716133415699,0.0059690712951123714,0.031639475375413895,0.0006677020573988557,Light_T1
/home/lmy/iot-device-classification/dataset/light_T1/round5_positionB/light_T1_r5.pcapng,R5,302,3023.044247865677,0.712783932685852,0.024048680439591408,0.025506718084216118,0.23655582964420319,0.0011048143496736884,Light_T1
/home/lmy/iot-device-classification/dataset/light_T1/round5_positionB/light_T1_r5.pcapng,R5,303,3036.707181453705,0.7603452801704407,0.08329927176237106,0.07307499647140503,0.07849142700433731,0.004789029713720083,Light_T1
/home/lmy/iot-device-classification/dataset/light_T1/round5_positionB/light_T1_r5.pcapng,R5,304,3042.379782676697,0.9875900745391846,0.010557963512837887,0.0007869629189372063,0.000998808885924518,6.619341002078727e-05,Light_T1
/home/lmy/iot-device-classification/dataset/light_T1/round5_positionB/light_T1_r5.pcapng,R5,305,3050.0067777633667,0.9821948409080505,0.006494914647191763,0.0014486019499599934,0.009688248857855797,0.0001733933895593509,Light_T1
/home/lmy/iot-device-classification/dataset/light_T1/round5_positionB/light_T1_r5.pcapng,R5,306,3060.638616800308,0.9177060723304749,0.06031828001141548,0.0166032612323761,0.004751692526042461,0.000620683073066175,Light_T1
/home/lmy/iot-device-classification/dataset/light_T1/round5_positionB/light_T1_r5.pcapng,R5,307,3070.074588060379,0.9736677408218384,0.020413124933838844,0.003339910414069891,0.002178300404921174,0.0004008945543318987,Light_T1
/home/lmy/iot-device-classification/dataset/light_T1/round5_positionB/light_T1_r5.pcapng,R5,308,3080.0593016147614,0.9536735415458679,0.0024669466074556112,0.013600802049040794,0.029405945912003517,0.0008527706377208233,Light_T1
/home/lmy/iot-device-classification/dataset/light_T1/round5_positionB/light_T1_r5.pcapng,R5,309,3090.115933895111,0.3529343903064728,0.5881890654563904,0.022964486852288246,0.03279545158147812,0.003116648644208908,Light_T1
/home/lmy/iot-device-classification/dataset/light_T1/round5_positionB/light_T1_r5.pcapng,R5,310,3100.1055731773376,0.8712014555931091,0.11153406649827957,0.013265049085021019,0.00320849078707397,0.0007908912957645953,Light_T1
/home/lmy/iot-device-classification/dataset/light_T1/round5_positionB/light_T1_r5.pcapng,R5,311,3110.205864429474,0.9774839878082275,0.013063195161521435,0.00484608206897974,0.004336590878665447,0.0002701765042729676,Light_T1
/home/lmy/iot-device-classification/dataset/light_T1/round5_positionB/light_T1_r5.pcapng,R5,312,3120.195940732956,0.0912749320268631,0.19097347557544708,0.011127826757729053,0.7056332230567932,0.0009905347833409905,Light_T1
/home/lmy/iot-device-classification/dataset/light_T1/round5_positionB/light_T1_r5.pcapng,R5,313,3130.395330667496,0.9989098310470581,0.00039914873195812106,0.0003455662517808378,0.00033110228832811117,1.4364743947226088e-05,Light_T1
/home/lmy/iot-device-classification/dataset/light_T1/round5_positionB/light_T1_r5.pcapng,R5,314,3140.4159133434296,0.8165915608406067,0.0034637320786714554,0.002707572653889656,0.17692486941814423,0.00031224911799654365,Light_T1
/home/lmy/iot-device-classification/dataset/light_T1/round5_positionB/light_T1_r5.pcapng,R5,315,3150.102974653244,0.9705393314361572,0.01760547235608101,0.003676013322547078,0.007590741850435734,0.0005885141436010599,Light_T1
/home/lmy/iot-device-classification/dataset/light_T1/round5_positionB/light_T1_r5.pcapng,R5,316,3160.495533466339,0.8977600336074829,0.0029966558795422316,0.004753184970468283,0.09420035034418106,0.0002897308149840683,Light_T1
/home/lmy/iot-device-classification/dataset/light_T1/round5_positionB/light_T1_r5.pcapng,R5,317,3170.0346899032597,0.3364108204841614,0.42997756600379944,0.011530924588441849,0.2196797877550125,0.002400850411504507,Light_T1
/home/lmy/iot-device-classification/dataset/light_T1/round5_positionB/light_T1_r5.pcapng,R5,318,3180.081157207489,0.7377241253852844,0.02522824890911579,0.002900118473917246,0.23327577114105225,0.000871744763571769,Light_T1
/home/lmy/iot-device-classification/dataset/light_T1/round5_positionB/light_T1_r5.pcapng,R5,319,3190.114544391632,0.9110790491104126,0.009456499479711056,0.003935324028134346,0.07521720975637436,0.0003119613684248179,Light_T1
/home/lmy/iot-device-classification/dataset/light_T1/round5_positionB/light_T1_r5.pcapng,R5,320,3200.1788058280945,0.966124951839447,0.01899491250514984,0.009810663759708405,0.004619386047124863,0.00045001922990195453,Light_T1
/home/lmy/iot-device-classification/dataset/light_T1/round5_positionB/light_T1_r5.pcapng,R5,321,3210.247130870819,0.6961653232574463,0.10272101312875748,0.14520348608493805,0.050509173423051834,0.005401017609983683,Light_T1
/home/lmy/iot-device-classification/dataset/light_T1/round5_positionB/light_T1_r5.pcapng,R5,322,3220.3167588710785,0.9996368885040283,0.00010506469698157161,0.00016196872456930578,8.153679664246738e-05,1.4585014469048474e-05,Light_T1
/home/lmy/iot-device-classification/dataset/light_T1/round5_positionB/light_T1_r5.pcapng,R5,323,3230.1576256752014,0.9918551445007324,0.0015904224710538983,0.003930264618247747,0.0024407522287219763,0.00018342216208111495,Light_T1
/home/lmy/iot-device-classification/dataset/light_T1/round5_positionB/light_T1_r5.pcapng,R5,324,3240.41437625885,0.5135243535041809,0.45959198474884033,0.021565411239862442,0.0035081938840448856,0.0018100740853697062,Light_T1
/home/lmy/iot-device-classification/dataset/light_T1/round5_positionB/light_T1_r5.pcapng,R5,325,3250.474386692047,0.9906166195869446,0.004712728317826986,0.0036121064331382513,0.000852109573315829,0.00020644094911403954,Light_T1
/home/lmy/iot-device-classification/dataset/light_T1/round5_positionB/light_T1_r5.pcapng,R5,326,3260.5487122535706,0.8620607256889343,0.007537061348557472,0.03497583046555519,0.09376993030309677,0.0016564441611990333,Light_T1
/home/lmy/iot-device-classification/dataset/light_T1/round5_positionB/light_T1_r5.pcapng,R5,327,3270.6386284828186,0.9767499566078186,0.017185937613248825,0.004456084221601486,0.0013132360763847828,0.00029480637749657035,Light_T1
/home/lmy/iot-device-classification/dataset/light_T1/round5_positionB/light_T1_r5.pcapng,R5,328,3280.6461646556854,0.9836438298225403,0.012270432896912098,0.00239460077136755,0.001439309329725802,0.0002517729008104652,Light_T1
/home/lmy/iot-device-classification/dataset/light_T1/round5_positionB/light_T1_r5.pcapng,R5,329,3290.7179448604584,0.9833679795265198,0.0024708136916160583,0.003262214595451951,0.010623042471706867,0.000275869679171592,Light_T1
/home/lmy/iot-device-classification/dataset/light_T1/round5_positionB/light_T1_r5.pcapng,R5,330,3300.795917272568,0.4461643397808075,0.5258930325508118,0.017178108915686607,0.008811200968921185,0.001953266328200698,Light_T1
/home/lmy/iot-device-classification/dataset/light_T1/round5_positionB/light_T1_r5.pcapng,R5,331,3310.828422307968,0.9494084119796753,0.04203001782298088,0.0020494149066507816,0.006034818012267351,0.000477354449685663,Light_T1
/home/lmy/iot-device-classification/dataset/light_T1/round5_positionB/light_T1_r5.pcapng,R5,332,3320.9163267612457,0.8516656756401062,0.0031220577657222748,0.007499611936509609,0.13738824427127838,0.00032437124173156917,Light_T1
/home/lmy/iot-device-classification/dataset/light_T1/round5_positionB/light_T1_r5.pcapng,R5,333,3330.971804857254,0.4704163372516632,0.4349070191383362,0.06358301639556885,0.026409300044178963,0.00468432204797864,Light_T1
/home/lmy/iot-device-classification/dataset/light_T1/round5_positionB/light_T1_r5.pcapng,R5,334,3341.029952764511,0.9975175857543945,0.001206896617077291,0.00024286843836307526,0.0009656669571995735,6.700235098833218e-05,Light_T1
/home/lmy/iot-device-classification/dataset/light_T1/round5_positionB/light_T1_r5.pcapng,R5,335,3351.0946838855743,0.3233538568019867,0.05746408551931381,0.35513967275619507,0.25920170545578003,0.004840693902224302,Light_T1
/home/lmy/iot-device-classification/dataset/light_T1/round5_positionB/light_T1_r5.pcapng,R5,336,3361.162130355835,0.9508612155914307,0.030558431521058083,0.002465223427861929,0.015231351368129253,0.0008838105131871998,Light_T1
/home/lmy/iot-device-classification/dataset/light_T1/round5_positionB/light_T1_r5.pcapng,R5,337,3371.432420015335,0.7650971412658691,0.008461441844701767,0.0016331678489223123,0.2240201234817505,0.0007880799821577966,Light_T1
/home/lmy/iot-device-classification/dataset/light_T1/round5_positionB/light_T1_r5.pcapng,R5,338,3381.299102783203,0.7197160720825195,0.06318226456642151,0.016340576112270355,0.20000116527080536,0.0007599378004670143,Light_T1
/home/lmy/iot-device-classification/dataset/light_T1/round5_positionB/light_T1_r5.pcapng,R5,339,3390.3106458187103,0.1465674489736557,0.29450663924217224,0.005131801590323448,0.5509004592895508,0.0028936504386365414,Light_T1
/home/lmy/iot-device-classification/dataset/light_T1/round5_positionB/light_T1_r5.pcapng,R5,340,3401.4161417484283,0.9948158860206604,0.003540234174579382,0.0009457471314817667,0.0006243142415769398,7.380529132205993e-05,Light_T1
/home/lmy/iot-device-classification/dataset/light_T1/round5_positionB/light_T1_r5.pcapng,R5,341,3411.476581811905,0.6774139404296875,0.29529884457588196,0.006500357761979103,0.019188955426216125,0.0015978921437636018,Light_T1
/home/lmy/iot-device-classification/dataset/light_T1/round5_positionB/light_T1_r5.pcapng,R5,342,3421.518664598465,0.4406772553920746,0.06107771769165993,0.007525977212935686,0.4882906675338745,0.002428436418995261,Light_T1
/home/lmy/iot-device-classification/dataset/light_T1/round5_positionB/light_T1_r5.pcapng,R5,343,3431.663645505905,0.889991044998169,0.03613801673054695,0.02574452944099903,0.047281064093112946,0.0008453700575046241,Light_T1
/home/lmy/iot-device-classification/dataset/light_T1/round5_positionB/light_T1_r5.pcapng,R5,344,3440.2280507087708,0.3586934506893158,0.014427650719881058,0.5587114095687866,0.0650324746966362,0.003135043429210782,Light_T1
/home/lmy/iot-device-classification/dataset/light_T1/round5_positionB/light_T1_r5.pcapng,R5,345,3451.7604546546936,0.27705493569374084,0.09656724333763123,0.0433909110724926,0.5811333656311035,0.0018535517156124115,Light_T1
/home/lmy/iot-device-classification/dataset/light_T1/round5_positionB/light_T1_r5.pcapng,R5,346,3461.7570612430573,0.6891155242919922,0.12200098484754562,0.021395867690443993,0.16576755046844482,0.0017201118171215057,Light_T1
/home/lmy/iot-device-classification/dataset/light_T1/round5_positionB/light_T1_r5.pcapng,R5,347,3471.820161342621,0.46264904737472534,0.005045059137046337,0.002035831566900015,0.5300540328025818,0.00021595957514364272,Light_T1
/home/lmy/iot-device-classification/dataset/light_T1/round5_positionB/light_T1_r5.pcapng,R5,348,3481.8882472515106,0.9847857356071472,0.006302273366600275,0.003622551215812564,0.004782882984727621,0.0005065271980129182,Light_T1
/home/lmy/iot-device-classification/dataset/light_T1/round5_positionB/light_T1_r5.pcapng,R5,349,3491.9435811042786,0.9173182845115662,0.06539059430360794,0.009063143283128738,0.007670320104807615,0.0005576719413511455,Light_T1
/home/lmy/iot-device-classification/dataset/light_T1/round5_positionB/light_T1_r5.pcapng,R5,350,3500.548066139221,0.9751031994819641,0.004639090970158577,0.003862883895635605,0.01598147489130497,0.00041334459092468023,Light_T1
/home/lmy/iot-device-classification/dataset/light_T1/round5_positionB/light_T1_r5.pcapng,R5,351,3512.076778411865,0.9226972460746765,0.020610347390174866,0.05095766484737396,0.004786958452314138,0.0009477401035837829,Light_T1
/home/lmy/iot-device-classification/dataset/light_T1/round5_positionB/light_T1_r5.pcapng,R5,352,3522.126672744751,0.9907639622688293,0.006068044807761908,0.0018559477757662535,0.0011432167375460267,0.00016889147809706628,Light_T1
/home/lmy/iot-device-classification/dataset/light_T1/round5_positionB/light_T1_r5.pcapng,R5,353,3532.2014575004578,0.3761870265007019,0.09852774441242218,0.12462008744478226,0.3965170383453369,0.004148147534579039,Light_T1
/home/lmy/iot-device-classification/dataset/light_T1/round5_positionB/light_T1_r5.pcapng,R5,354,3540.003602027893,0.7540971636772156,0.0171111598610878,0.013032370246946812,0.21510809659957886,0.0006512196850962937,Light_T1
/home/lmy/iot-device-classification/dataset/light_T1/round5_positionB/light_T1_r5.pcapng,R5,355,3550.470182657242,0.9872298836708069,0.004418535158038139,0.001004501711577177,0.007201310247182846,0.00014572635700460523,Light_T1
/home/lmy/iot-device-classification/dataset/light_T1/round5_positionB/light_T1_r5.pcapng,R5,356,3562.407678604126,0.9744377136230469,0.00609526177868247,0.01693396270275116,0.0022370275110006332,0.0002960033598355949,Light_T1
/home/lmy/iot-device-classification/dataset/light_T1/round5_positionB/light_T1_r5.pcapng,R5,357,3572.4504010677338,0.05401572212576866,0.060675960034132004,0.004937622230499983,0.879129946231842,0.0012407683534547687,Light_T1
/home/lmy/iot-device-classification/dataset/light_T1/round5_positionB/light_T1_r5.pcapng,R5,358,3582.3653094768524,0.9992051720619202,0.00011642107710940763,0.00036931317299604416,0.0002796917106024921,2.9422470106510445e-05,Light_T1
/home/lmy/iot-device-classification/dataset/light_T1/round5_positionB/light_T1_r5.pcapng,R5,359,3592.571766138077,0.9118236303329468,0.008960850536823273,0.009746448136866093,0.06917427480220795,0.00029479898512363434,Light_T1
/home/lmy/iot-device-classification/dataset/light_T1/round5_positionB/light_T1_r5.pcapng,R5,360,3602.6409752368927,0.9769421815872192,0.008662250824272633,0.006082800216972828,0.007725234609097242,0.0005874798516742885,Light_T1
/home/lmy/iot-device-classification/dataset/light_T1/round5_positionB/light_T1_r5.pcapng,R5,361,3610.789058685303,0.7948693633079529,0.15051957964897156,0.0230422243475914,0.02816055156290531,0.003408302552998066,Light_T1
/home/lmy/iot-device-classification/dataset/light_T1/round5_positionB/light_T1_r5.pcapng,R5,362,3621.189260482788,0.15986672043800354,0.006238594185560942,0.009828501380980015,0.8231450915336609,0.0009210825082845986,Light_T1
/home/lmy/iot-device-classification/dataset/light_T1/round5_positionB/light_T1_r5.pcapng,R5,363,3633.669723272324,0.09237230569124222,0.0790696069598198,0.021822962909936905,0.8022528290748596,0.004482298623770475,Light_T1
/home/lmy/iot-device-classification/dataset/light_T1/round5_positionB/light_T1_r5.pcapng,R5,365,3652.389405250549,0.9469691514968872,0.0020487888250499964,0.004637487698346376,0.04615641012787819,0.00018816821102518588,Light_T1
/home/lmy/iot-device-classification/dataset/light_T1/round5_positionB/light_T1_r5.pcapng,R5,366,3661.666395664215,0.760798990726471,0.005096831358969212,0.09651518613100052,0.13691158592700958,0.0006773681961931288,Light_T1
/home/lmy/iot-device-classification/dataset/light_xm/round5_positionB/light_xm_r5.pcapng,R5,0,0.0,0.1716097891330719,0.06183691322803497,0.7480451464653015,0.01634891889989376,0.0021592704579234123,Light_XM
/home/lmy/iot-device-classification/dataset/light_xm/round5_positionB/light_xm_r5.pcapng,R5,1,10.75674843788147,0.17647679150104523,0.18040350079536438,0.6184679269790649,0.022432398051023483,0.0022194194607436657,Light_XM
/home/lmy/iot-device-classification/dataset/light_xm/round5_positionB/light_xm_r5.pcapng,R5,2,20.83670854568481,0.636115550994873,0.007219333201646805,0.04283132031559944,0.31286734342575073,0.0009664248791523278,Light_XM
/home/lmy/iot-device-classification/dataset/light_xm/round5_positionB/light_xm_r5.pcapng,R5,3,30.91663932800293,0.8175682425498962,0.08406544476747513,0.07707278430461884,0.020485790446400642,0.0008077553356997669,Light_XM
/home/lmy/iot-device-classification/dataset/light_xm/round5_positionB/light_xm_r5.pcapng,R5,4,40.99784421920776,0.9001267552375793,0.007490183226764202,0.0603993684053421,0.03150172531604767,0.00048193518887273967,Light_XM
/home/lmy/iot-device-classification/dataset/light_xm/round5_positionB/light_xm_r5.pcapng,R5,5,51.130494594573975,0.5119858384132385,0.12572205066680908,0.20220254361629486,0.15712949633598328,0.002960052341222763,Light_XM
/home/lmy/iot-device-classification/dataset/light_xm/round5_positionB/light_xm_r5.pcapng,R5,6,60.385335206985474,0.2466079294681549,0.22579888999462128,0.46399548649787903,0.061992306262254715,0.0016053684521466494,Light_XM
/home/lmy/iot-device-classification/dataset/light_xm/round5_positionB/light_xm_r5.pcapng,R5,7,70.72210741043091,0.18585442006587982,0.3880890905857086,0.2828402519226074,0.1370459496974945,0.006170334294438362,Light_XM
/home/lmy/iot-device-classification/dataset/light_xm/round5_positionB/light_xm_r5.pcapng,R5,8,81.31642484664917,0.746885359287262,0.05410059541463852,0.11607515066862106,0.08131344616413116,0.0016253958456218243,Light_XM
/home/lmy/iot-device-classification/dataset/light_xm/round5_positionB/light_xm_r5.pcapng,R5,9,91.336172580719,0.13807412981987,0.2229902744293213,0.6190738081932068,0.01788368634879589,0.001978096552193165,Light_XM
/home/lmy/iot-device-classification/dataset/light_xm/round5_positionB/light_xm_r5.pcapng,R5,10,101.39643120765686,0.12057413905858994,0.04829993471503258,0.8224611878395081,0.007807476911693811,0.0008573139202781022,Light_XM
/home/lmy/iot-device-classification/dataset/light_xm/round5_positionB/light_xm_r5.pcapng,R5,11,111.47885298728944,0.25478363037109375,0.31965744495391846,0.0899377316236496,0.33291298151016235,0.002708207815885544,Light_XM
/home/lmy/iot-device-classification/dataset/light_xm/round5_positionB/light_xm_r5.pcapng,R5,12,120.63974618911745,0.24907371401786804,0.4334888458251953,0.12167930603027344,0.1923716962337494,0.0033864264842122793,Light_XM
/home/lmy/iot-device-classification/dataset/light_xm/round5_positionB/light_xm_r5.pcapng,R5,13,132.4418044090271,0.12194472551345825,0.36975398659706116,0.4636596441268921,0.042221520096063614,0.002420149277895689,Light_XM
/home/lmy/iot-device-classification/dataset/light_xm/round5_positionB/light_xm_r5.pcapng,R5,14,141.65341806411743,0.2663217782974243,0.09150578081607819,0.3130316436290741,0.3267602324485779,0.0023805503733456135,Light_XM
/home/lmy/iot-device-classification/dataset/light_xm/round5_positionB/light_xm_r5.pcapng,R5,15,151.72669315338135,0.2029600292444229,0.029531329870224,0.7419118285179138,0.024899713695049286,0.0006970935501158237,Light_XM
/home/lmy/iot-device-classification/dataset/light_xm/round5_positionB/light_xm_r5.pcapng,R5,16,160.17198586463928,0.18078388273715973,0.14236944913864136,0.5619595050811768,0.11194108426570892,0.0029460873920470476,Light_XM
/home/lmy/iot-device-classification/dataset/light_xm/round5_positionB/light_xm_r5.pcapng,R5,17,171.8456208705902,0.8727795481681824,0.016689807176589966,0.013688387349247932,0.09649283438920975,0.000349462206941098,Light_XM
/home/lmy/iot-device-classification/dataset/light_xm/round5_positionB/light_xm_r5.pcapng,R5,18,180.95984649658203,0.19480003416538239,0.38681018352508545,0.3561670780181885,0.059286002069711685,0.0029366957023739815,Light_XM
/home/lmy/iot-device-classification/dataset/light_xm/round5_positionB/light_xm_r5.pcapng,R5,19,191.9655015468597,0.15780258178710938,0.012873481027781963,0.8122994303703308,0.016529221087694168,0.0004952988238073885,Light_XM
/home/lmy/iot-device-classification/dataset/light_xm/round5_positionB/light_xm_r5.pcapng,R5,20,202.09435892105105,0.292035847902298,0.05837688967585564,0.24224117398262024,0.4052848517894745,0.002061250852420926,Light_XM
/home/lmy/iot-device-classification/dataset/light_xm/round5_positionB/light_xm_r5.pcapng,R5,21,212.12486577034,0.1765897274017334,0.06151599809527397,0.7385905385017395,0.022239040583372116,0.0010647145099937916,Light_XM
/home/lmy/iot-device-classification/dataset/light_xm/round5_positionB/light_xm_r5.pcapng,R5,22,220.4833672046661,0.039357591420412064,0.00817765574902296,0.9221599698066711,0.02938329614698887,0.0009214390302076936,Light_XM
/home/lmy/iot-device-classification/dataset/light_xm/round5_positionB/light_xm_r5.pcapng,R5,23,230.8793489933014,0.02556028962135315,0.09282319247722626,0.05199892446398735,0.827751874923706,0.0018656814936548471,Light_XM
/home/lmy/iot-device-classification/dataset/light_xm/round5_positionB/light_xm_r5.pcapng,R5,24,242.3256771564484,0.09711365401744843,0.00791462417691946,0.884031355381012,0.01043948158621788,0.0005009263986721635,Light_XM
/home/lmy/iot-device-classification/dataset/light_xm/round5_positionB/light_xm_r5.pcapng,R5,25,252.3989918231964,0.4510262906551361,0.14344802498817444,0.3588978350162506,0.04438965767621994,0.0022382240276783705,Light_XM
/home/lmy/iot-device-classification/dataset/light_xm/round5_positionB/light_xm_r5.pcapng,R5,26,262.4554364681244,0.7747505307197571,0.03391219675540924,0.08221220225095749,0.1079331710934639,0.0011918804375454783,Light_XM
/home/lmy/iot-device-classification/dataset/light_xm/round5_positionB/light_xm_r5.pcapng,R5,27,272.8516862392425,0.10814833641052246,0.011479253880679607,0.8627650737762451,0.016962625086307526,0.0006446632323786616,Light_XM
/home/lmy/iot-device-classification/dataset/light_xm/round5_positionB/light_xm_r5.pcapng,R5,28,280.7991580963135,0.014505096711218357,0.013052589260041714,0.9447301030158997,0.026814086362719536,0.00089818867854774,Light_XM
/home/lmy/iot-device-classification/dataset/light_xm/round5_positionB/light_xm_r5.pcapng,R5,29,291.2086744308472,0.08442132920026779,0.08846809715032578,0.14719192683696747,0.6771928071975708,0.002725814701989293,Light_XM
/home/lmy/iot-device-classification/dataset/light_xm/round5_positionB/light_xm_r5.pcapng,R5,30,302.7587857246399,0.08717042207717896,0.016237694770097733,0.8851231932640076,0.010889292694628239,0.0005794339231215417,Light_XM
/home/lmy/iot-device-classification/dataset/light_xm/round5_positionB/light_xm_r5.pcapng,R5,31,312.83609414100647,0.10792600363492966,0.016602352261543274,0.8606534004211426,0.014273093082010746,0.0005451674805954099,Light_XM
/home/lmy/iot-device-classification/dataset/light_xm/round5_positionB/light_xm_r5.pcapng,R5,32,322.3988347053528,0.04655781760811806,0.2935710549354553,0.6158989071846008,0.04094121232628822,0.0030310084111988544,Light_XM
/home/lmy/iot-device-classification/dataset/light_xm/round5_positionB/light_xm_r5.pcapng,R5,33,332.9121298789978,0.12927937507629395,0.05100502446293831,0.8028925061225891,0.015602707862854004,0.0012203759979456663,Light_XM
/home/lmy/iot-device-classification/dataset/light_xm/round5_positionB/light_xm_r5.pcapng,R5,34,340.2266936302185,0.4766779839992523,0.09941865503787994,0.38650572299957275,0.035047248005867004,0.0023503771517425776,Light_XM
/home/lmy/iot-device-classification/dataset/light_xm/round5_positionB/light_xm_r5.pcapng,R5,35,352.9318282604217,0.5201200842857361,0.030403055250644684,0.258051335811615,0.19034335017204285,0.001082146423868835,Light_XM
/home/lmy/iot-device-classification/dataset/light_xm/round5_positionB/light_xm_r5.pcapng,R5,36,360.3934960365296,0.45717376470565796,0.1913880556821823,0.18862785398960114,0.15879328548908234,0.004017115104943514,Light_XM
/home/lmy/iot-device-classification/dataset/light_xm/round5_positionB/light_xm_r5.pcapng,R5,37,372.31896781921387,0.07874838262796402,0.024012595415115356,0.7951691746711731,0.09970253705978394,0.0023672727402299643,Light_XM
/home/lmy/iot-device-classification/dataset/light_xm/round5_positionB/light_xm_r5.pcapng,R5,38,382.9625289440155,0.6984935402870178,0.015548420138657093,0.14821110665798187,0.13682499527931213,0.0009219173807650805,Light_XM
/home/lmy/iot-device-classification/dataset/light_xm/round5_positionB/light_xm_r5.pcapng,R5,39,392.9764578342438,0.1183193027973175,0.03602421283721924,0.822670578956604,0.022083304822444916,0.0009025824256241322,Light_XM
/home/lmy/iot-device-classification/dataset/light_xm/round5_positionB/light_xm_r5.pcapng,R5,40,401.5663144588471,0.02413833700120449,0.2555295526981354,0.5588573217391968,0.15787415206432343,0.00360061414539814,Light_XM
/home/lmy/iot-device-classification/dataset/light_xm/round5_positionB/light_xm_r5.pcapng,R5,41,411.8380260467529,0.17136205732822418,0.021730858832597733,0.29226547479629517,0.5124620199203491,0.0021795572247356176,Light_XM
/home/lmy/iot-device-classification/dataset/light_xm/round5_positionB/light_xm_r5.pcapng,R5,42,423.0026652812958,0.4139089286327362,0.12024161219596863,0.4116818606853485,0.051604729145765305,0.0025628255680203438,Light_XM
/home/lmy/iot-device-classification/dataset/light_xm/round5_positionB/light_xm_r5.pcapng,R5,43,430.994576215744,0.10559104382991791,0.8041295409202576,0.040035493671894073,0.04884914681315422,0.0013947247061878443,Light_XM
/home/lmy/iot-device-classification/dataset/light_xm/round5_positionB/light_xm_r5.pcapng,R5,44,443.0324161052704,0.41391637921333313,0.19663618505001068,0.3410915732383728,0.045954469591379166,0.002401440404355526,Light_XM
/home/lmy/iot-device-classification/dataset/light_xm/round5_positionB/light_xm_r5.pcapng,R5,45,453.03308725357056,0.2893393039703369,0.026631547138094902,0.6201579570770264,0.06266709417104721,0.0012041304726153612,Light_XM
/home/lmy/iot-device-classification/dataset/light_xm/round5_positionB/light_xm_r5.pcapng,R5,46,463.053368806839,0.07528553158044815,0.03507136180996895,0.873757541179657,0.014786100015044212,0.0010994778713211417,Light_XM
/home/lmy/iot-device-classification/dataset/light_xm/round5_positionB/light_xm_r5.pcapng,R5,47,473.0541346073151,0.5397707223892212,0.036164574325084686,0.15879760682582855,0.2628459632396698,0.0024211350828409195,Light_XM
/home/lmy/iot-device-classification/dataset/light_xm/round5_positionB/light_xm_r5.pcapng,R5,48,483.0620601177216,0.4735772907733917,0.08174245804548264,0.42244553565979004,0.020017296075820923,0.0022174548357725143,Light_XM
/home/lmy/iot-device-classification/dataset/light_xm/round5_positionB/light_xm_r5.pcapng,R5,49,493.0721125602722,0.6476473212242126,0.06348908692598343,0.2194492071866989,0.06742317974567413,0.0019911895506083965,Light_XM
/home/lmy/iot-device-classification/dataset/light_xm/round5_positionB/light_xm_r5.pcapng,R5,50,503.0824959278106,0.8253260850906372,0.030838122591376305,0.06838703155517578,0.07452183216810226,0.0009269188158214092,Light_XM
/home/lmy/iot-device-classification/dataset/light_xm/round5_positionB/light_xm_r5.pcapng,R5,51,513.0923271179199,0.1504436433315277,0.021519003435969353,0.7851016521453857,0.04200515151023865,0.0009305253042839468,Light_XM
/home/lmy/iot-device-classification/dataset/light_xm/round5_positionB/light_xm_r5.pcapng,R5,52,520.1848676204681,0.08349384367465973,0.19258522987365723,0.6976125240325928,0.024924922734498978,0.0013834419660270214,Light_XM
/home/lmy/iot-device-classification/dataset/light_xm/round5_positionB/light_xm_r5.pcapng,R5,53,533.1121621131897,0.5427523255348206,0.11262793838977814,0.2454032003879547,0.09741534292697906,0.001801173435524106,Light_XM
/home/lmy/iot-device-classification/dataset/light_xm/round5_positionB/light_xm_r5.pcapng,R5,54,542.9598574638367,0.15247519314289093,0.1714172065258026,0.4433026611804962,0.22634930908679962,0.006455611903220415,Light_XM
/home/lmy/iot-device-classification/dataset/light_xm/round5_positionB/light_xm_r5.pcapng,R5,55,553.1325523853302,0.15818722546100616,0.012762859463691711,0.7240713238716125,0.1040896624326706,0.0008889045566320419,Light_XM
/home/lmy/iot-device-classification/dataset/light_xm/round5_positionB/light_xm_r5.pcapng,R5,56,560.2524881362915,0.3454885482788086,0.31956228613853455,0.260505735874176,0.070494644343853,0.003948804456740618,Light_XM
/home/lmy/iot-device-classification/dataset/light_xm/round5_positionB/light_xm_r5.pcapng,R5,57,573.1521000862122,0.544074535369873,0.016764221712946892,0.4272936284542084,0.010968743823468685,0.0008989231428131461,Light_XM
/home/lmy/iot-device-classification/dataset/light_xm/round5_positionB/light_xm_r5.pcapng,R5,58,583.1616106033325,0.20776823163032532,0.024334320798516273,0.5870059728622437,0.1795807182788849,0.0013107844861224294,Light_XM
/home/lmy/iot-device-classification/dataset/light_xm/round5_positionB/light_xm_r5.pcapng,R5,59,593.1723206043243,0.2037554830312729,0.17238391935825348,0.12285923212766647,0.4978366196155548,0.003164749825373292,Light_XM
/home/lmy/iot-device-classification/dataset/light_xm/round5_positionB/light_xm_r5.pcapng,R5,60,603.1854157447815,0.366996169090271,0.005974359344691038,0.6172406077384949,0.009238780476152897,0.0005500704282894731,Light_XM
/home/lmy/iot-device-classification/dataset/light_xm/round5_positionB/light_xm_r5.pcapng,R5,61,612.1217594146729,0.12836921215057373,0.06377409398555756,0.790148913860321,0.01637226901948452,0.0013355192495509982,Light_XM
/home/lmy/iot-device-classification/dataset/light_xm/round5_positionB/light_xm_r5.pcapng,R5,62,621.1540160179138,0.7441346049308777,0.038860104978084564,0.17630082368850708,0.039410777390003204,0.001293663983233273,Light_XM
/home/lmy/iot-device-classification/dataset/light_xm/round5_positionB/light_xm_r5.pcapng,R5,63,633.2115726470947,0.03231062367558479,0.009493999183177948,0.9493796229362488,0.008323575370013714,0.0004921951913274825,Light_XM
/home/lmy/iot-device-classification/dataset/light_xm/round5_positionB/light_xm_r5.pcapng,R5,64,642.7178838253021,0.05743113532662392,0.016384802758693695,0.9080623984336853,0.016750231385231018,0.0013713771477341652,Light_XM
/home/lmy/iot-device-classification/dataset/light_xm/round5_positionB/light_xm_r5.pcapng,R5,65,653.2327210903168,0.2767590582370758,0.20967578887939453,0.4751141667366028,0.036537494510412216,0.0019135571783408523,Light_XM
/home/lmy/iot-device-classification/dataset/light_xm/round5_positionB/light_xm_r5.pcapng,R5,66,660.4570894241333,0.606476902961731,0.147993803024292,0.040247563272714615,0.20278966426849365,0.0024920282885432243,Light_XM
/home/lmy/iot-device-classification/dataset/light_xm/round5_positionB/light_xm_r5.pcapng,R5,67,671.8651630878448,0.12567788362503052,0.1757058948278427,0.6655594110488892,0.028582604601979256,0.004474272485822439,Light_XM
/home/lmy/iot-device-classification/dataset/light_xm/round5_positionB/light_xm_r5.pcapng,R5,68,683.2625601291656,0.33316490054130554,0.25500789284706116,0.3745381832122803,0.03491620719432831,0.00237278058193624,Light_XM
/home/lmy/iot-device-classification/dataset/light_xm/round5_positionB/light_xm_r5.pcapng,R5,69,692.9635396003723,0.12849044799804688,0.022832578048110008,0.8315305113792419,0.01619161292910576,0.0009548183297738433,Light_XM
/home/lmy/iot-device-classification/dataset/light_xm/round5_positionB/light_xm_r5.pcapng,R5,70,703.2820868492126,0.3688461184501648,0.0395057238638401,0.5096138715744019,0.07966592907905579,0.0023683588951826096,Light_XM
/home/lmy/iot-device-classification/dataset/light_xm/round5_positionB/light_xm_r5.pcapng,R5,71,710.5448882579803,0.42426326870918274,0.3301963806152344,0.11055831611156464,0.13124889135360718,0.0037331159692257643,Light_XM
/home/lmy/iot-device-classification/dataset/light_xm/round5_positionB/light_xm_r5.pcapng,R5,72,723.3021140098572,0.1709793657064438,0.5100131630897522,0.24759909510612488,0.06990670412778854,0.0015016697579994798,Light_XM
/home/lmy/iot-device-classification/dataset/light_xm/round5_positionB/light_xm_r5.pcapng,R5,73,733.3127729892731,0.3615594506263733,0.07602345943450928,0.5112167596817017,0.04865428805351257,0.0025460636243224144,Light_XM
/home/lmy/iot-device-classification/dataset/light_xm/round5_positionB/light_xm_r5.pcapng,R5,74,743.3220307826996,0.8129592537879944,0.01101832464337349,0.015611276030540466,0.15991492569446564,0.0004962001694366336,Light_XM
/home/lmy/iot-device-classification/dataset/light_xm/round5_positionB/light_xm_r5.pcapng,R5,75,753.3322608470917,0.18745313584804535,0.015369373373687267,0.7838647961616516,0.012057104147970676,0.0012555753346532583,Light_XM
/home/lmy/iot-device-classification/dataset/light_xm/round5_positionB/light_xm_r5.pcapng,R5,76,760.8646109104156,0.18522445857524872,0.1135711744427681,0.6823869943618774,0.01613081805408001,0.0026865294203162193,Light_XM
/home/lmy/iot-device-classification/dataset/light_xm/round5_positionB/light_xm_r5.pcapng,R5,77,773.3523948192596,0.08028698712587357,0.8456243276596069,0.06583222001791,0.007331226486712694,0.0009251696174032986,Light_XM
/home/lmy/iot-device-classification/dataset/light_xm/round5_positionB/light_xm_r5.pcapng,R5,78,783.3633029460907,0.08264920860528946,0.03645949810743332,0.8703262209892273,0.009924907237291336,0.0006401859573088586,Light_XM
/home/lmy/iot-device-classification/dataset/light_xm/round5_positionB/light_xm_r5.pcapng,R5,79,793.3721702098846,0.12332599610090256,0.11379805952310562,0.6623658537864685,0.09748553484678268,0.0030245804227888584,Light_XM
/home/lmy/iot-device-classification/dataset/light_xm/round5_positionB/light_xm_r5.pcapng,R5,80,803.3826560974121,0.5360776782035828,0.18048958480358124,0.2549859285354614,0.026566725224256516,0.0018800963880494237,Light_XM
/home/lmy/iot-device-classification/dataset/light_xm/round5_positionB/light_xm_r5.pcapng,R5,81,810.3850252628326,0.09543353319168091,0.02284790389239788,0.845119833946228,0.03573653846979141,0.0008621536544524133,Light_XM
/home/lmy/iot-device-classification/dataset/light_xm/round5_positionB/light_xm_r5.pcapng,R5,82,823.402918100357,0.18466155230998993,0.3356773853302002,0.44022634625434875,0.03765431046485901,0.0017804009839892387,Light_XM
/home/lmy/iot-device-classification/dataset/light_xm/round5_positionB/light_xm_r5.pcapng,R5,83,833.412520647049,0.6569825410842896,0.0732978954911232,0.033989809453487396,0.23324435949325562,0.0024853753857314587,Light_XM
/home/lmy/iot-device-classification/dataset/light_xm/round5_positionB/light_xm_r5.pcapng,R5,84,843.421950340271,0.6278435587882996,0.077520452439785,0.2664090394973755,0.026534106582403183,0.0016928397817537189,Light_XM
/home/lmy/iot-device-classification/dataset/light_xm/round5_positionB/light_xm_r5.pcapng,R5,85,853.432562828064,0.6192682385444641,0.025367286056280136,0.11231541633605957,0.24149246513843536,0.0015566276852041483,Light_XM
/home/lmy/iot-device-classification/dataset/light_xm/round5_positionB/light_xm_r5.pcapng,R5,86,861.5044763088226,0.7110915780067444,0.02535294182598591,0.18477390706539154,0.07697992026805878,0.0018016722751781344,Light_XM
/home/lmy/iot-device-classification/dataset/light_xm/round5_positionB/light_xm_r5.pcapng,R5,87,873.4521484375,0.041402269154787064,0.0430300310254097,0.889853298664093,0.024151336401700974,0.0015630499692633748,Light_XM
/home/lmy/iot-device-classification/dataset/light_xm/round5_positionB/light_xm_r5.pcapng,R5,88,883.4620616436005,0.23589910566806793,0.20613907277584076,0.4981931447982788,0.057546716183423996,0.0022219016682356596,Light_XM
/home/lmy/iot-device-classification/dataset/light_xm/round5_positionB/light_xm_r5.pcapng,R5,89,893.4724073410034,0.8590155243873596,0.032360244542360306,0.006444481201469898,0.10163353383541107,0.0005462038679979742,Light_XM
/home/lmy/iot-device-classification/dataset/light_xm/round5_positionB/light_xm_r5.pcapng,R5,90,903.4823694229126,0.054805509746074677,0.02463430166244507,0.9145799875259399,0.005246804095804691,0.0007334439433179796,Light_XM
/home/lmy/iot-device-classification/dataset/light_xm/round5_positionB/light_xm_r5.pcapng,R5,91,913.4926521778108,0.1276426911354065,0.10936513543128967,0.6459431648254395,0.11571360379457474,0.0013353805989027023,Light_XM
/home/lmy/iot-device-classification/dataset/light_xm/round5_positionB/light_xm_r5.pcapng,R5,92,921.9840326309204,0.812798261642456,0.039884746074676514,0.0644310787320137,0.08158133178949356,0.0013046105159446597,Light_XM
/home/lmy/iot-device-classification/dataset/light_xm/round5_positionB/light_xm_r5.pcapng,R5,93,931.320850610733,0.5104990601539612,0.033607497811317444,0.418008416891098,0.036815229803323746,0.0010697707766667008,Light_XM
/home/lmy/iot-device-classification/dataset/light_xm/round5_positionB/light_xm_r5.pcapng,R5,94,943.5228853225708,0.17482143640518188,0.007326358463615179,0.7460271120071411,0.07123533636331558,0.0005897083901800215,Light_XM
/home/lmy/iot-device-classification/dataset/light_xm/round5_positionB/light_xm_r5.pcapng,R5,95,953.5327093601228,0.4483721852302551,0.29804959893226624,0.07496228814125061,0.17540158331394196,0.0032143353018909693,Light_XM
/home/lmy/iot-device-classification/dataset/light_xm/round5_positionB/light_xm_r5.pcapng,R5,96,960.009316921234,0.4249286651611328,0.28592681884765625,0.16584999859333038,0.12136342376470566,0.0019311162177473307,Light_XM
/home/lmy/iot-device-classification/dataset/light_xm/round5_positionB/light_xm_r5.pcapng,R5,97,972.9693665504456,0.23469074070453644,0.025714507326483727,0.7224212884902954,0.016250131651759148,0.0009233134333044291,Light_XM
/home/lmy/iot-device-classification/dataset/light_xm/round5_positionB/light_xm_r5.pcapng,R5,98,983.5426108837128,0.6970005035400391,0.02002493105828762,0.005686519667506218,0.27684643864631653,0.00044159358367323875,Light_XM
/home/lmy/iot-device-classification/dataset/light_xm/round5_positionB/light_xm_r5.pcapng,R5,99,990.1893455982208,0.3527524769306183,0.21900635957717896,0.38889971375465393,0.03704872727394104,0.0022926926612854004,Light_XM
/home/lmy/iot-device-classification/dataset/light_xm/round5_positionB/light_xm_r5.pcapng,R5,100,1003.5832352638243,0.09962285310029984,0.009255371056497097,0.8713924884796143,0.01921561174094677,0.0005136260879226029,Light_XM
/home/lmy/iot-device-classification/dataset/light_xm/round5_positionB/light_xm_r5.pcapng,R5,101,1013.5944149494172,0.36371585726737976,0.06678064912557602,0.23709692060947418,0.33054015040397644,0.0018664118833839893,Light_XM
/home/lmy/iot-device-classification/dataset/light_xm/round5_positionB/light_xm_r5.pcapng,R5,102,1020.4460446834564,0.7897048592567444,0.007396221160888672,0.19736410677433014,0.004993160720914602,0.0005416756612248719,Light_XM
/home/lmy/iot-device-classification/dataset/light_xm/round5_positionB/light_xm_r5.pcapng,R5,103,1030.301743030548,0.06949880719184875,0.11104745417833328,0.8071107864379883,0.011322648264467716,0.0010203778510913253,Light_XM
/home/lmy/iot-device-classification/dataset/light_xm/round5_positionB/light_xm_r5.pcapng,R5,104,1043.6223800182345,0.15410879254341125,0.44513556361198425,0.37913015484809875,0.02008732222020626,0.001538229756988585,Light_XM
/home/lmy/iot-device-classification/dataset/light_xm/round5_positionB/light_xm_r5.pcapng,R5,105,1053.6342813968658,0.25133782625198364,0.03247297927737236,0.6695994138717651,0.04567854106426239,0.0009112488478422165,Light_XM
/home/lmy/iot-device-classification/dataset/light_xm/round5_positionB/light_xm_r5.pcapng,R5,106,1060.0029656887054,0.3177691698074341,0.1459869146347046,0.4927417039871216,0.04178896173834801,0.0017132312059402466,Light_XM
/home/lmy/iot-device-classification/dataset/light_xm/round5_positionB/light_xm_r5.pcapng,R5,107,1073.54372215271,0.16069917380809784,0.0039008744060993195,0.010702287778258324,0.823931097984314,0.0007665360462851822,Light_XM
/home/lmy/iot-device-classification/dataset/light_xm/round5_positionB/light_xm_r5.pcapng,R5,108,1081.424771308899,0.06249988079071045,0.08523475378751755,0.8444195985794067,0.006782015319913626,0.001063758390955627,Light_XM
/home/lmy/iot-device-classification/dataset/light_xm/round5_positionB/light_xm_r5.pcapng,R5,109,1090.1579678058624,0.0902554839849472,0.07486207783222198,0.8035648465156555,0.030170710757374763,0.0011468562297523022,Light_XM
/home/lmy/iot-device-classification/dataset/light_xm/round5_positionB/light_xm_r5.pcapng,R5,110,1103.6829237937927,0.5308727025985718,0.32930052280426025,0.06080608069896698,0.07655482739210129,0.0024658716283738613,Light_XM
/home/lmy/iot-device-classification/dataset/light_xm/round5_positionB/light_xm_r5.pcapng,R5,111,1113.532307624817,0.5239456295967102,0.024920843541622162,0.442428320646286,0.007849031127989292,0.0008561582653783262,Light_XM
/home/lmy/iot-device-classification/dataset/light_xm/round5_positionB/light_xm_r5.pcapng,R5,112,1121.3805630207062,0.18608541786670685,0.018664492294192314,0.7758739590644836,0.01882823184132576,0.000547936127986759,Light_XM
/home/lmy/iot-device-classification/dataset/light_xm/round5_positionB/light_xm_r5.pcapng,R5,113,1131.2387974262238,0.2892518937587738,0.5361445546150208,0.07244451344013214,0.0991344302892685,0.0030246078968048096,Light_XM
/home/lmy/iot-device-classification/dataset/light_xm/round5_positionB/light_xm_r5.pcapng,R5,114,1140.0909645557404,0.07765664160251617,0.6028947830200195,0.3069477081298828,0.011490791104733944,0.0010101022198796272,Light_XM
/home/lmy/iot-device-classification/dataset/light_xm/round5_positionB/light_xm_r5.pcapng,R5,115,1153.732272863388,0.5124760866165161,0.14767684042453766,0.27882418036460876,0.057629164308309555,0.0033937671687453985,Light_XM
/home/lmy/iot-device-classification/dataset/light_xm/round5_positionB/light_xm_r5.pcapng,R5,116,1163.8723833560944,0.7999975681304932,0.006957509089261293,0.03530554100871086,0.15677030384540558,0.000969070300925523,Light_XM
/home/lmy/iot-device-classification/dataset/light_xm/round5_positionB/light_xm_r5.pcapng,R5,117,1171.2982156276703,0.5480018854141235,0.015609586611390114,0.3773593604564667,0.058613069355487823,0.0004160994431003928,Light_XM
/home/lmy/iot-device-classification/dataset/light_xm/round5_positionB/light_xm_r5.pcapng,R5,118,1180.0787212848663,0.1217833086848259,0.23914815485477448,0.6037505865097046,0.03378535062074661,0.0015325689455494285,Light_XM
/home/lmy/iot-device-classification/dataset/light_xm/round5_positionB/light_xm_r5.pcapng,R5,119,1191.3224093914032,0.4202290177345276,0.19720196723937988,0.20263497531414032,0.17540839314460754,0.004525653552263975,Light_XM
/home/lmy/iot-device-classification/dataset/light_xm/round5_positionB/light_xm_r5.pcapng,R5,120,1203.51860332489,0.9162344336509705,0.06247667223215103,0.01767083629965782,0.0029783514328300953,0.0006396709359250963,Light_XM
/home/lmy/iot-device-classification/dataset/light_xm/round5_positionB/light_xm_r5.pcapng,R5,121,1211.3724582195282,0.30469274520874023,0.022003337740898132,0.6645996570587158,0.007524668239057064,0.0011796262115240097,Light_XM
/home/lmy/iot-device-classification/dataset/light_xm/round5_positionB/light_xm_r5.pcapng,R5,122,1220.1521408557892,0.7315982580184937,0.18670402467250824,0.046694882214069366,0.033841028809547424,0.0011618331773206592,Light_XM
/home/lmy/iot-device-classification/dataset/light_xm/round5_positionB/light_xm_r5.pcapng,R5,123,1233.8124661445618,0.07841120660305023,0.018364282324910164,0.8869178891181946,0.015593722462654114,0.0007128576398827136,Light_XM
/home/lmy/iot-device-classification/dataset/light_xm/round5_positionB/light_xm_r5.pcapng,R5,124,1243.823207616806,0.2552731931209564,0.10468807816505432,0.3510434329509735,0.2867656648159027,0.00222963304258883,Light_XM
/home/lmy/iot-device-classification/dataset/light_xm/round5_positionB/light_xm_r5.pcapng,R5,125,1250.0479414463043,0.8759726285934448,0.07453087717294693,0.0032648714259266853,0.04566195607185364,0.0005696958978660405,Light_XM
/home/lmy/iot-device-classification/dataset/light_xm/round5_positionB/light_xm_r5.pcapng,R5,126,1260.4508728981018,0.36169081926345825,0.43223658204078674,0.13495823740959167,0.06302116066217422,0.008093253709375858,Light_XM
/home/lmy/iot-device-classification/dataset/light_xm/round5_positionB/light_xm_r5.pcapng,R5,127,1270.0378112792969,0.08399707823991776,0.10676563531160355,0.7849659323692322,0.022847497835755348,0.0014239198062568903,Light_XM
/home/lmy/iot-device-classification/dataset/light_xm/round5_positionB/light_xm_r5.pcapng,R5,128,1280.0378677845,0.2174520343542099,0.5973324775695801,0.06309996545314789,0.11813290417194366,0.0039826189167797565,Light_XM
/home/lmy/iot-device-classification/dataset/light_xm/round5_positionB/light_xm_r5.pcapng,R5,129,1293.5301616191864,0.7542588710784912,0.11916390061378479,0.11437910050153732,0.010886095464229584,0.0013119708746671677,Light_XM
/home/lmy/iot-device-classification/dataset/light_xm/round5_positionB/light_xm_r5.pcapng,R5,130,1300.2572357654572,0.18003268539905548,0.12845446169376373,0.6653701066970825,0.025147248059511185,0.0009955629939213395,Light_XM
/home/lmy/iot-device-classification/dataset/light_xm/round5_positionB/light_xm_r5.pcapng,R5,131,1310.1494166851044,0.3300206959247589,0.038497041910886765,0.06937974691390991,0.5578818917274475,0.004220631904900074,Light_XM
/home/lmy/iot-device-classification/dataset/light_xm/round5_positionB/light_xm_r5.pcapng,R5,132,1320.33335852623,0.8278998732566833,0.021991247311234474,0.07197879999876022,0.0770607590675354,0.0010693317744880915,Light_XM
/home/lmy/iot-device-classification/dataset/light_xm/round5_positionB/light_xm_r5.pcapng,R5,133,1330.3778522014618,0.20724882185459137,0.12415111064910889,0.08185393363237381,0.5850456357002258,0.0017004801193252206,Light_XM
/home/lmy/iot-device-classification/dataset/light_xm/round5_positionB/light_xm_r5.pcapng,R5,134,1340.3300249576569,0.6667856574058533,0.0045563047751784325,0.013464654795825481,0.3145798146724701,0.0006136261508800089,Light_XM
/home/lmy/iot-device-classification/dataset/light_xm/round5_positionB/light_xm_r5.pcapng,R5,135,1350.0108528137207,0.2956191301345825,0.4756232798099518,0.1616591215133667,0.06553920358419418,0.001559251337312162,Light_XM
/home/lmy/iot-device-classification/dataset/light_xm/round5_positionB/light_xm_r5.pcapng,R5,136,1360.069301366806,0.22892609238624573,0.013746640644967556,0.6719607710838318,0.08460765331983566,0.0007588266162201762,Light_XM
/home/lmy/iot-device-classification/dataset/light_xm/round5_positionB/light_xm_r5.pcapng,R5,137,1370.0419528484344,0.652161180973053,0.0354454442858696,0.25918784737586975,0.051274191588163376,0.0019313315860927105,Light_XM
/home/lmy/iot-device-classification/dataset/light_xm/round5_positionB/light_xm_r5.pcapng,R5,138,1380.132182598114,0.6797189116477966,0.05464494973421097,0.23978948593139648,0.024218793958425522,0.0016279215924441814,Light_XM
/home/lmy/iot-device-classification/dataset/light_xm/round5_positionB/light_xm_r5.pcapng,R5,139,1390.2038378715515,0.16985780000686646,0.00691691879183054,0.7999470829963684,0.022155577316880226,0.0011226331116631627,Light_XM
/home/lmy/iot-device-classification/dataset/light_xm/round5_positionB/light_xm_r5.pcapng,R5,140,1400.332332611084,0.7748801112174988,0.11508229374885559,0.04295548424124718,0.06442327052354813,0.0026588726323097944,Light_XM
/home/lmy/iot-device-classification/dataset/light_xm/round5_positionB/light_xm_r5.pcapng,R5,141,1410.467947721481,0.20329797267913818,0.01935097947716713,0.021603934466838837,0.7536572813987732,0.0020898000802844763,Light_XM
/home/lmy/iot-device-classification/dataset/light_xm/round5_positionB/light_xm_r5.pcapng,R5,142,1420.4011161327362,0.18021827936172485,0.04886355623602867,0.6974460482597351,0.07154383510351181,0.001928282086737454,Light_XM
/home/lmy/iot-device-classification/dataset/light_xm/round5_positionB/light_xm_r5.pcapng,R5,143,1430.4413714408877,0.9433010220527649,0.04105900973081589,0.008058037608861923,0.00706383865326643,0.0005180578446015716,Light_XM
/home/lmy/iot-device-classification/dataset/light_xm/round5_positionB/light_xm_r5.pcapng,R5,144,1440.5214262008667,0.12979349493980408,0.014884787611663342,0.8373739719390869,0.016817282885313034,0.0011304456274956465,Light_XM
/home/lmy/iot-device-classification/dataset/light_xm/round5_positionB/light_xm_r5.pcapng,R5,145,1450.8620629310608,0.13239143788814545,0.12027329206466675,0.6850582361221313,0.060665063560009,0.001611972344107926,Light_XM
/home/lmy/iot-device-classification/dataset/light_xm/round5_positionB/light_xm_r5.pcapng,R5,146,1460.7001492977142,0.7243761420249939,0.1285451352596283,0.07881522923707962,0.06694890558719635,0.0013146292185410857,Light_XM
/home/lmy/iot-device-classification/dataset/light_xm/round5_positionB/light_xm_r5.pcapng,R5,147,1470.7421684265137,0.806489109992981,0.053098779171705246,0.11781906336545944,0.021489707753062248,0.0011033216724172235,Light_XM
/home/lmy/iot-device-classification/dataset/light_xm/round5_positionB/light_xm_r5.pcapng,R5,148,1480.7909548282623,0.1106727346777916,0.024609068408608437,0.8498973250389099,0.01346454955637455,0.0013563191751018167,Light_XM
/home/lmy/iot-device-classification/dataset/light_xm/round5_positionB/light_xm_r5.pcapng,R5,149,1490.8514156341553,0.3026464581489563,0.011473922058939934,0.06809048354625702,0.6169918775558472,0.0007972981547936797,Light_XM
/home/lmy/iot-device-classification/dataset/light_xm/round5_positionB/light_xm_r5.pcapng,R5,150,1500.9209773540497,0.23147359490394592,0.034536540508270264,0.6868841648101807,0.04574967175722122,0.0013560642255470157,Light_XM
/home/lmy/iot-device-classification/dataset/light_xm/round5_positionB/light_xm_r5.pcapng,R5,151,1511.0013241767883,0.5566343069076538,0.10942809283733368,0.27606692910194397,0.05646807700395584,0.0014026296557858586,Light_XM
/home/lmy/iot-device-classification/dataset/light_xm/round5_positionB/light_xm_r5.pcapng,R5,152,1521.0793924331665,0.9141708612442017,0.012735969386994839,0.013752775266766548,0.05881862714886665,0.0005217985599301755,Light_XM
/home/lmy/iot-device-classification/dataset/light_xm/round5_positionB/light_xm_r5.pcapng,R5,153,1531.1713390350342,0.36547431349754333,0.14021660387516022,0.48050278425216675,0.011893385089933872,0.0019128432031720877,Light_XM
/home/lmy/iot-device-classification/dataset/light_xm/round5_positionB/light_xm_r5.pcapng,R5,154,1541.220819234848,0.23392347991466522,0.15645304322242737,0.5337111353874207,0.06846160441637039,0.007450752891600132,Light_XM
/home/lmy/iot-device-classification/dataset/light_xm/round5_positionB/light_xm_r5.pcapng,R5,155,1551.3498649597168,0.6817142963409424,0.09717460721731186,0.1263938546180725,0.09227623790502548,0.0024410400073975325,Light_XM
/home/lmy/iot-device-classification/dataset/light_xm/round5_positionB/light_xm_r5.pcapng,R5,156,1560.4491312503817,0.7442259192466736,0.04537956789135933,0.019479824230074883,0.18986359238624573,0.0010511218570172787,Light_XM
/home/lmy/iot-device-classification/dataset/light_xm/round5_positionB/light_xm_r5.pcapng,R5,157,1571.4213132858276,0.41053083539009094,0.1726449877023697,0.4022887051105499,0.012104161083698273,0.002431294182315469,Light_XM
/home/lmy/iot-device-classification/dataset/light_xm/round5_positionB/light_xm_r5.pcapng,R5,158,1581.4989025592804,0.5281632542610168,0.10389625281095505,0.2985575795173645,0.0664374902844429,0.002945443382486701,Light_XM
/home/lmy/iot-device-classification/dataset/light_xm/round5_positionB/light_xm_r5.pcapng,R5,159,1591.5507202148438,0.13921107351779938,0.018191669136285782,0.8330350518226624,0.008955397643148899,0.000606798566877842,Light_XM
/home/lmy/iot-device-classification/dataset/light_xm/round5_positionB/light_xm_r5.pcapng,R5,160,1601.5948960781095,0.1910402923822403,0.17902912199497223,0.4721570312976837,0.15395712852478027,0.0038164451252669096,Light_XM
/home/lmy/iot-device-classification/dataset/light_xm/round5_positionB/light_xm_r5.pcapng,R5,161,1611.7211802005768,0.6081938743591309,0.0077807242050766945,0.03786333277821541,0.34544387459754944,0.0007182308472692966,Light_XM
/home/lmy/iot-device-classification/dataset/light_xm/round5_positionB/light_xm_r5.pcapng,R5,162,1621.791656255722,0.06497201323509216,0.02286621555685997,0.8977399468421936,0.013918624259531498,0.0005031973123550415,Light_XM
/home/lmy/iot-device-classification/dataset/light_xm/round5_positionB/light_xm_r5.pcapng,R5,163,1630.718910932541,0.030780507251620293,0.04333740472793579,0.8217864036560059,0.10146303474903107,0.002632655669003725,Light_XM
/home/lmy/iot-device-classification/dataset/light_xm/round5_positionB/light_xm_r5.pcapng,R5,164,1641.9738042354584,0.20133845508098602,0.07979826629161835,0.6585487723350525,0.05753878131508827,0.002775727305561304,Light_XM
/home/lmy/iot-device-classification/dataset/light_xm/round5_positionB/light_xm_r5.pcapng,R5,165,1651.9921600818634,0.6203168034553528,0.04001081362366676,0.3300206959247589,0.008494880050420761,0.0011567907640710473,Light_XM
/home/lmy/iot-device-classification/dataset/light_xm/round5_positionB/light_xm_r5.pcapng,R5,166,1662.0300846099854,0.2367711216211319,0.05646038055419922,0.6917187571525574,0.014328651130199432,0.0007211504853330553,Light_XM
/home/lmy/iot-device-classification/dataset/light_xm/round5_positionB/light_xm_r5.pcapng,R5,167,1672.0910875797272,0.7863292098045349,0.04343297705054283,0.08202236145734787,0.0859466940164566,0.0022687730379402637,Light_XM
/home/lmy/iot-device-classification/dataset/light_xm/round5_positionB/light_xm_r5.pcapng,R5,168,1680.6342604160309,0.08843342214822769,0.009286176413297653,0.779704749584198,0.12078337371349335,0.0017922214465215802,Light_XM
/home/lmy/iot-device-classification/dataset/light_xm/round5_positionB/light_xm_r5.pcapng,R5,169,1691.0343525409698,0.04271813482046127,0.042184844613075256,0.8845683932304382,0.028448957949876785,0.002079695463180542,Light_XM
/home/lmy/iot-device-classification/dataset/light_xm/round5_positionB/light_xm_r5.pcapng,R5,170,1702.3303496837616,0.8202569484710693,0.04298734292387962,0.06257452815771103,0.07314448058605194,0.0010367099894210696,Light_XM
/home/lmy/iot-device-classification/dataset/light_xm/round5_positionB/light_xm_r5.pcapng,R5,171,1712.4011850357056,0.17567859590053558,0.0292985700070858,0.7758077383041382,0.01805483177304268,0.0011603176826611161,Light_XM
/home/lmy/iot-device-classification/dataset/light_xm/round5_positionB/light_xm_r5.pcapng,R5,172,1722.4418125152588,0.0946384072303772,0.0049719540402293205,0.8865461945533752,0.013379969634115696,0.0004635360382962972,Light_XM
/home/lmy/iot-device-classification/dataset/light_xm/round5_positionB/light_xm_r5.pcapng,R5,173,1730.5545303821564,0.057621851563453674,0.0092378631234169,0.0251268669962883,0.9074410200119019,0.0005724099464714527,Light_XM
/home/lmy/iot-device-classification/dataset/light_xm/round5_positionB/light_xm_r5.pcapng,R5,174,1740.9548082351685,0.30183324217796326,0.035786308348178864,0.5526502728462219,0.10628453642129898,0.0034456250723451376,Light_XM
/home/lmy/iot-device-classification/dataset/light_xm/round5_positionB/light_xm_r5.pcapng,R5,175,1751.9258365631104,0.02685588039457798,0.007030096370726824,0.9506297707557678,0.015041068196296692,0.000443199765868485,Light_XM
/home/lmy/iot-device-classification/dataset/light_xm/round5_positionB/light_xm_r5.pcapng,R5,176,1762.7193942070007,0.15576110780239105,0.028903082013130188,0.05724649876356125,0.7561191320419312,0.001970187993720174,Light_XM
/home/lmy/iot-device-classification/dataset/light_xm/round5_positionB/light_xm_r5.pcapng,R5,177,1772.790682554245,0.04314703121781349,0.14189361035823822,0.8052924275398254,0.009031361900269985,0.0006355516379699111,Light_XM
/home/lmy/iot-device-classification/dataset/light_xm/round5_positionB/light_xm_r5.pcapng,R5,178,1782.5546765327454,0.18089382350444794,0.2983440160751343,0.4317823052406311,0.08294472843408585,0.0060351151041686535,Light_XM
/home/lmy/iot-device-classification/dataset/light_xm/round5_positionB/light_xm_r5.pcapng,R5,179,1792.9506900310516,0.45163270831108093,0.02289966121315956,0.007880039513111115,0.5172299146652222,0.00035768933594226837,Light_XM
/home/lmy/iot-device-classification/dataset/light_xm/round5_positionB/light_xm_r5.pcapng,R5,180,1803.0311357975008,0.41600659489631653,0.017780190333724022,0.5558223128318787,0.009253471158444881,0.0011373874731361866,Light_XM
/home/lmy/iot-device-classification/dataset/light_xm/round5_positionB/light_xm_r5.pcapng,R5,181,1812.385222196579,0.4790864884853363,0.024894004687666893,0.41742804646492004,0.07685209065675735,0.0017393716843798757,Light_XM
/home/lmy/iot-device-classification/dataset/light_xm/round5_positionB/light_xm_r5.pcapng,R5,182,1821.414584636688,0.4737946391105652,0.28404513001441956,0.22030457854270935,0.02055273950099945,0.001302892342209816,Light_XM
/home/lmy/iot-device-classification/dataset/light_xm/round5_positionB/light_xm_r5.pcapng,R5,183,1833.219977617264,0.6773014068603516,0.01928212307393551,0.2574194073677063,0.04511164873838425,0.0008853895706124604,Light_XM
/home/lmy/iot-device-classification/dataset/light_xm/round5_positionB/light_xm_r5.pcapng,R5,184,1843.2619500160215,0.27069926261901855,0.012526444159448147,0.6799055933952332,0.0360509492456913,0.0008177554700523615,Light_XM
/home/lmy/iot-device-classification/dataset/light_xm/round5_positionB/light_xm_r5.pcapng,R5,185,1853.3296875953677,0.2602551579475403,0.2791456878185272,0.31049999594688416,0.14725631475448608,0.0028428141959011555,Light_XM
/home/lmy/iot-device-classification/dataset/light_xm/round5_positionB/light_xm_r5.pcapng,R5,186,1860.4053826332088,0.5487639904022217,0.20819343626499176,0.06539728492498398,0.17442962527275085,0.0032156622037291527,Light_XM
/home/lmy/iot-device-classification/dataset/light_xm/round5_positionB/light_xm_r5.pcapng,R5,187,1871.9938333034515,0.1652841567993164,0.18688705563545227,0.5501284003257751,0.09464911371469498,0.0030512800440192223,Light_XM
/home/lmy/iot-device-classification/dataset/light_xm/round5_positionB/light_xm_r5.pcapng,R5,188,1883.5096309185028,0.8206997513771057,0.025783797726035118,0.013596153818070889,0.13876526057720184,0.0011550493072718382,Light_XM
/home/lmy/iot-device-classification/dataset/light_xm/round5_positionB/light_xm_r5.pcapng,R5,189,1893.58983707428,0.058609988540410995,0.056438446044921875,0.8742391467094421,0.01030801609158516,0.0004044048546347767,Light_XM
/home/lmy/iot-device-classification/dataset/light_xm/round5_positionB/light_xm_r5.pcapng,R5,190,1903.1944274902344,0.0531843863427639,0.1553124338388443,0.7670804858207703,0.0215906985104084,0.002831995254382491,Light_XM
/home/lmy/iot-device-classification/dataset/light_xm/round5_positionB/light_xm_r5.pcapng,R5,191,1913.7198300361636,0.6115471124649048,0.05753482133150101,0.3201547861099243,0.009325415827333927,0.0014378671767190099,Light_XM
/home/lmy/iot-device-classification/dataset/light_xm/round5_positionB/light_xm_r5.pcapng,R5,192,1921.9146525859835,0.4908246695995331,0.017211707308888435,0.421470046043396,0.06934240460395813,0.0011511039920151234,Light_XM
/home/lmy/iot-device-classification/dataset/light_xm/round5_positionB/light_xm_r5.pcapng,R5,193,1933.8698737621307,0.2081022560596466,0.01712675951421261,0.7331183552742004,0.04006348177790642,0.0015891141956672072,Light_XM
/home/lmy/iot-device-classification/dataset/light_xm/round5_positionB/light_xm_r5.pcapng,R5,194,1943.8564336299896,0.2946939468383789,0.09603872895240784,0.44172096252441406,0.1654767245054245,0.00206963624805212,Light_XM
/home/lmy/iot-device-classification/dataset/light_xm/round5_positionB/light_xm_r5.pcapng,R5,195,1951.1694078445437,0.5886117219924927,0.09868524968624115,0.03445671871304512,0.27746155858039856,0.0007847400265745819,Light_XM
/home/lmy/iot-device-classification/dataset/light_xm/round5_positionB/light_xm_r5.pcapng,R5,196,1961.4355642795565,0.3375665247440338,0.10829631239175797,0.3558284044265747,0.1944526880979538,0.0038561022374778986,Light_XM
/home/lmy/iot-device-classification/dataset/light_xm/round5_positionB/light_xm_r5.pcapng,R5,197,1973.5394127368927,0.9035174250602722,0.054383762180805206,0.001617229892872274,0.040160492062568665,0.0003211228467989713,Light_XM
/home/lmy/iot-device-classification/dataset/light_xm/round5_positionB/light_xm_r5.pcapng,R5,198,1982.2432281970976,0.018344566226005554,0.006973577197641134,0.76343834400177,0.21004459261894226,0.0011989186750724912,Light_XM
/home/lmy/iot-device-classification/dataset/light_xm/round5_positionB/light_xm_r5.pcapng,R5,199,1992.6338396072388,0.10727051645517349,0.11575505882501602,0.7466303110122681,0.02459624782204628,0.00574789522215724,Light_XM
/home/lmy/iot-device-classification/dataset/light_xm/round5_positionB/light_xm_r5.pcapng,R5,200,2004.33974981308,0.1928103119134903,0.0744900181889534,0.6145712733268738,0.11655311286449432,0.0015752841718494892,Light_XM
/home/lmy/iot-device-classification/dataset/light_xm/round5_positionB/light_xm_r5.pcapng,R5,201,2013.51376247406,0.940097451210022,0.01049133576452732,0.042109403759241104,0.006702842190861702,0.0005989306955598295,Light_XM
/home/lmy/iot-device-classification/dataset/light_xm/round5_positionB/light_xm_r5.pcapng,R5,202,2020.2135598659515,0.8647052645683289,0.009486460126936436,0.10243692249059677,0.022548289969563484,0.0008230648818425834,Light_XM
/home/lmy/iot-device-classification/dataset/light_xm/round5_positionB/light_xm_r5.pcapng,R5,203,2034.5436444282527,0.4592854976654053,0.12256089597940445,0.21484990417957306,0.20202253758907318,0.001281176577322185,Light_XM
/home/lmy/iot-device-classification/dataset/light_xm/round5_positionB/light_xm_r5.pcapng,R5,204,2044.6226692199707,0.072223961353302,0.02803693898022175,0.8741989135742188,0.02492167428135872,0.0006185335805639625,Light_XM
/home/lmy/iot-device-classification/dataset/light_xm/round5_positionB/light_xm_r5.pcapng,R5,205,2052.9538576602936,0.08091515302658081,0.03543182462453842,0.8417680859565735,0.03991977125406265,0.0019651553593575954,Light_XM
/home/lmy/iot-device-classification/dataset/light_xm/round5_positionB/light_xm_r5.pcapng,R5,206,2063.540561437607,0.7865408658981323,0.059543341398239136,0.06097859516739845,0.09195820242166519,0.0009789816103875637,Light_XM
/home/lmy/iot-device-classification/dataset/light_xm/round5_positionB/light_xm_r5.pcapng,R5,207,2074.6531496047974,0.10425586253404617,0.012429443188011646,0.8684136867523193,0.014237643219530582,0.0006633123848587275,Light_XM
/home/lmy/iot-device-classification/dataset/light_xm/round5_positionB/light_xm_r5.pcapng,R5,208,2084.1540489196777,0.2089703530073166,0.0788281112909317,0.6745894551277161,0.03596290200948715,0.0016491905553266406,Light_XM
/home/lmy/iot-device-classification/dataset/light_xm/round5_positionB/light_xm_r5.pcapng,R5,209,2094.673082590103,0.1359480321407318,0.5978752374649048,0.26112252473831177,0.0043404665775597095,0.0007137251668609679,Light_XM
/home/lmy/iot-device-classification/dataset/light_xm/round5_positionB/light_xm_r5.pcapng,R5,210,2103.5135736465454,0.4059727191925049,0.03569084778428078,0.5237447023391724,0.03356778621673584,0.0010239577386528254,Light_XM
/home/lmy/iot-device-classification/dataset/light_xm/round5_positionB/light_xm_r5.pcapng,R5,211,2114.6929593086243,0.11047045886516571,0.13840267062187195,0.7427985072135925,0.007445072755217552,0.0008832452585920691,Light_XM
/home/lmy/iot-device-classification/dataset/light_xm/round5_positionB/light_xm_r5.pcapng,R5,212,2120.142895698548,0.43413880467414856,0.1992407739162445,0.3490779995918274,0.01573345623910427,0.0018090056255459785,Light_XM
/home/lmy/iot-device-classification/dataset/light_xm/round5_positionB/light_xm_r5.pcapng,R5,213,2134.083792924881,0.15410469472408295,0.24979111552238464,0.5683432221412659,0.024228807538747787,0.0035322040785104036,Light_XM
/home/lmy/iot-device-classification/dataset/light_xm/round5_positionB/light_xm_r5.pcapng,R5,214,2144.473222732544,0.046714313328266144,0.08703159540891647,0.8526752591133118,0.011604933999478817,0.001973868813365698,Light_XM
/home/lmy/iot-device-classification/dataset/light_xm/round5_positionB/light_xm_r5.pcapng,R5,215,2150.3878498077397,0.8827566504478455,0.049769096076488495,0.017385104671120644,0.04908644035458565,0.0010027441894635558,Light_XM
/home/lmy/iot-device-classification/dataset/light_xm/round5_positionB/light_xm_r5.pcapng,R5,216,2160.4030702114105,0.24286949634552002,0.7173724174499512,0.02816617675125599,0.010866749100387096,0.0007251528440974653,Light_XM
/home/lmy/iot-device-classification/dataset/light_xm/round5_positionB/light_xm_r5.pcapng,R5,217,2173.23347902298,0.1854637861251831,0.0035776596050709486,0.7861815094947815,0.02382471412420273,0.0009523529442958534,Light_XM
/home/lmy/iot-device-classification/dataset/light_xm/round5_positionB/light_xm_r5.pcapng,R5,218,2183.543346643448,0.8981987833976746,0.023576127365231514,0.04657694697380066,0.030345618724822998,0.0013025624211877584,Light_XM
/home/lmy/iot-device-classification/dataset/light_xm/round5_positionB/light_xm_r5.pcapng,R5,219,2193.525292158127,0.6401108503341675,0.00212465669028461,0.2774776518344879,0.07987252622842789,0.0004143335681874305,Light_XM
/home/lmy/iot-device-classification/dataset/light_xm/round5_positionB/light_xm_r5.pcapng,R5,220,2200.625975370407,0.2351359724998474,0.19204331934452057,0.38737261295318604,0.1835574060678482,0.0018907239427790046,Light_XM
/home/lmy/iot-device-classification/dataset/light_xm/round5_positionB/light_xm_r5.pcapng,R5,221,2214.792990922928,0.3557892143726349,0.364871084690094,0.22038209438323975,0.05631723999977112,0.0026403269730508327,Light_XM
/home/lmy/iot-device-classification/dataset/light_xm/round5_positionB/light_xm_r5.pcapng,R5,222,2223.522801399231,0.17028306424617767,0.11582900583744049,0.4989522695541382,0.20891250669956207,0.006023149471729994,Light_XM
/home/lmy/iot-device-classification/dataset/light_xm/round5_positionB/light_xm_r5.pcapng,R5,223,2234.8146517276764,0.07782275229692459,0.014164125546813011,0.8923333287239075,0.014815795235335827,0.0008639500010758638,Light_XM
/home/lmy/iot-device-classification/dataset/light_xm/round5_positionB/light_xm_r5.pcapng,R5,224,2243.5419569015503,0.5805309414863586,0.0037306612357497215,0.012010613456368446,0.40337926149368286,0.0003485599299892783,Light_XM
/home/lmy/iot-device-classification/dataset/light_xm/round5_positionB/light_xm_r5.pcapng,R5,225,2251.0253841876984,0.39209696650505066,0.015637191012501717,0.52558434009552,0.0657404288649559,0.0009410781785845757,Light_XM
/home/lmy/iot-device-classification/dataset/light_xm/round5_positionB/light_xm_r5.pcapng,R5,226,2263.03751540184,0.08029958605766296,0.03274539113044739,0.1489889770746231,0.7356988787651062,0.0022671895567327738,Light_XM
/home/lmy/iot-device-classification/dataset/light_xm/round5_positionB/light_xm_r5.pcapng,R5,227,2274.861639022827,0.16454604268074036,0.20322203636169434,0.5620774030685425,0.06843999773263931,0.0017144810408353806,Light_XM
/home/lmy/iot-device-classification/dataset/light_xm/round5_positionB/light_xm_r5.pcapng,R5,228,2283.5183942317963,0.393705278635025,0.012008756399154663,0.5845736265182495,0.009072861634194851,0.0006394766387529671,Light_XM
/home/lmy/iot-device-classification/dataset/light_xm/round5_positionB/light_xm_r5.pcapng,R5,229,2294.8832108974457,0.09228634834289551,0.0141151649877429,0.8667289018630981,0.025988219305872917,0.0008813056629151106,Light_XM
/home/lmy/iot-device-classification/dataset/light_xm/round5_positionB/light_xm_r5.pcapng,R5,230,2301.350910425186,0.5062961578369141,0.17314843833446503,0.2856404483318329,0.032480236142873764,0.00243470654822886,Light_XM
/home/lmy/iot-device-classification/dataset/light_xm/round5_positionB/light_xm_r5.pcapng,R5,231,2310.701414823532,0.47515690326690674,0.06690789759159088,0.41944020986557007,0.036598578095436096,0.0018963889451697469,Light_XM
/home/lmy/iot-device-classification/dataset/light_xm/round5_positionB/light_xm_r5.pcapng,R5,232,2324.9140956401825,0.1295364946126938,0.029748234897851944,0.8090011477470398,0.030687365680933,0.0010267668403685093,Light_XM
/home/lmy/iot-device-classification/dataset/light_xm/round5_positionB/light_xm_r5.pcapng,R5,233,2333.550094604492,0.6575587391853333,0.0038331656251102686,0.005830313544720411,0.33227723836898804,0.000500533205922693,Light_XM
/home/lmy/iot-device-classification/dataset/light_xm/round5_positionB/light_xm_r5.pcapng,R5,234,2344.2702646255493,0.051502011716365814,0.23316119611263275,0.18278053402900696,0.5287407636642456,0.0038154947105795145,Light_XM
/home/lmy/iot-device-classification/dataset/light_xm/round5_positionB/light_xm_r5.pcapng,R5,235,2351.6745688915253,0.11374645680189133,0.012932663783431053,0.8367724418640137,0.035975027829408646,0.0005733413272537291,Light_XM
/home/lmy/iot-device-classification/dataset/light_xm/round5_positionB/light_xm_r5.pcapng,R5,236,2364.958636045456,0.25939232110977173,0.11643422394990921,0.5522223114967346,0.06672164052724838,0.005229477770626545,Light_XM
/home/lmy/iot-device-classification/dataset/light_xm/round5_positionB/light_xm_r5.pcapng,R5,237,2373.527570009232,0.7393813133239746,0.13219906389713287,0.11732332408428192,0.010030634701251984,0.0010656110243871808,Light_XM
/home/lmy/iot-device-classification/dataset/light_xm/round5_positionB/light_xm_r5.pcapng,R5,238,2384.981955766678,0.2023339867591858,0.16460682451725006,0.6139467358589172,0.017620626837015152,0.0014917844673618674,Light_XM
/home/lmy/iot-device-classification/dataset/light_xm/round5_positionB/light_xm_r5.pcapng,R5,239,2394.990030527115,0.2362484186887741,0.3641222417354584,0.1597822904586792,0.23523619771003723,0.004610855132341385,Light_XM
/home/lmy/iot-device-classification/dataset/light_xm/round5_positionB/light_xm_r5.pcapng,R5,240,2404.3996069431305,0.2667711675167084,0.04621339961886406,0.6822144985198975,0.004063040483742952,0.0007378343725576997,Light_XM
/home/lmy/iot-device-classification/dataset/light_xm/round5_positionB/light_xm_r5.pcapng,R5,241,2412.560099840164,0.5474215745925903,0.0052160234190523624,0.38424286246299744,0.061747509986162186,0.0013720293063670397,Light_XM
/home/lmy/iot-device-classification/dataset/light_xm/round5_positionB/light_xm_r5.pcapng,R5,242,2421.590217351913,0.7841339707374573,0.006504971534013748,0.029957780614495277,0.17859545350074768,0.00080783263547346,Light_XM
/home/lmy/iot-device-classification/dataset/light_xm/round5_positionB/light_xm_r5.pcapng,R5,243,2435.033407211304,0.07845291495323181,0.1576939821243286,0.736163854598999,0.026339160278439522,0.0013500495115295053,Light_XM
/home/lmy/iot-device-classification/dataset/light_xm/round5_positionB/light_xm_r5.pcapng,R5,244,2445.043711423874,0.15682679414749146,0.02365266904234886,0.8145620226860046,0.004240625537931919,0.0007179180392995477,Light_XM
/home/lmy/iot-device-classification/dataset/light_xm/round5_positionB/light_xm_r5.pcapng,R5,245,2453.793285369873,0.14407965540885925,0.6372402310371399,0.2105795294046402,0.006989446468651295,0.0011111297644674778,Light_XM
/home/lmy/iot-device-classification/dataset/light_xm/round5_positionB/light_xm_r5.pcapng,R5,246,2460.5100224018097,0.8811368942260742,0.051531288772821426,0.016810333356261253,0.04953554645180702,0.0009859505807980895,Light_XM
/home/lmy/iot-device-classification/dataset/light_xm/round5_positionB/light_xm_r5.pcapng,R5,247,2470.185300588608,0.06280028074979782,0.4229806065559387,0.5031911730766296,0.01000166404992342,0.0010263232979923487,Light_XM
/home/lmy/iot-device-classification/dataset/light_xm/round5_positionB/light_xm_r5.pcapng,R5,248,2485.087818861008,0.31861141324043274,0.2260696440935135,0.20592103898525238,0.24698211252689362,0.00241583539173007,Light_XM
/home/lmy/iot-device-classification/dataset/light_xm/round5_positionB/light_xm_r5.pcapng,R5,249,2495.100498437881,0.2567538619041443,0.017071615904569626,0.7025259733200073,0.022630391642451286,0.0010181956458836794,Light_XM
/home/lmy/iot-device-classification/dataset/light_xm/round5_positionB/light_xm_r5.pcapng,R5,250,2500.4081885814667,0.289661169052124,0.10778704285621643,0.588947594165802,0.012244842015206814,0.0013593772891908884,Light_XM
/home/lmy/iot-device-classification/dataset/light_xm/round5_positionB/light_xm_r5.pcapng,R5,251,2513.563643217087,0.48386138677597046,0.012631421908736229,0.00898447073996067,0.4937245845794678,0.0007981273229233921,Light_XM
/home/lmy/iot-device-classification/dataset/light_xm/round5_positionB/light_xm_r5.pcapng,R5,252,2525.130127191544,0.7911211252212524,0.025799939408898354,0.1146174743771553,0.0660538375377655,0.002407583873718977,Light_XM
/home/lmy/iot-device-classification/dataset/light_xm/round5_positionB/light_xm_r5.pcapng,R5,253,2530.049716234207,0.3076399564743042,0.062397852540016174,0.6095685958862305,0.019299883395433426,0.0010936734033748507,Light_XM
/home/lmy/iot-device-classification/dataset/light_xm/round5_positionB/light_xm_r5.pcapng,R5,254,2543.5661404132843,0.7397658824920654,0.014422265812754631,0.022842658683657646,0.22240689396858215,0.0005623134202323854,Light_XM
/home/lmy/iot-device-classification/dataset/light_xm/round5_positionB/light_xm_r5.pcapng,R5,255,2551.399008512497,0.1395515352487564,0.03659363463521004,0.3121526837348938,0.5100409388542175,0.0016612493200227618,Light_XM
/home/lmy/iot-device-classification/dataset/light_xm/round5_positionB/light_xm_r5.pcapng,R5,256,2560.5766472816467,0.19889140129089355,0.657924234867096,0.06775567680597305,0.07407841086387634,0.0013502766378223896,Light_XM
/home/lmy/iot-device-classification/dataset/light_xm/round5_positionB/light_xm_r5.pcapng,R5,257,2570.131913661957,0.7933147549629211,0.09806808829307556,0.014078190550208092,0.09181879460811615,0.0027201196644455194,Light_XM
/home/lmy/iot-device-classification/dataset/light_xm/round5_positionB/light_xm_r5.pcapng,R5,258,2583.8926672935486,0.12593254446983337,0.3775065541267395,0.3514632284641266,0.1423138529062271,0.0027838200330734253,Light_XM
/home/lmy/iot-device-classification/dataset/light_xm/round5_positionB/light_xm_r5.pcapng,R5,259,2594.55925488472,0.342038094997406,0.028105350211262703,0.4787907898426056,0.14938318729400635,0.0016825394704937935,Light_XM
/home/lmy/iot-device-classification/dataset/light_xm/round5_positionB/light_xm_r5.pcapng,R5,260,2601.434468984604,0.6443459391593933,0.0013837937731295824,0.0016483727376908064,0.3524504005908966,0.00017147688777185977,Light_XM
/home/lmy/iot-device-classification/dataset/light_xm/round5_positionB/light_xm_r5.pcapng,R5,261,2611.2428348064423,0.13074259459972382,0.04775278642773628,0.7753660082817078,0.04511880502104759,0.0010198059026151896,Light_XM
/home/lmy/iot-device-classification/dataset/light_xm/round5_positionB/light_xm_r5.pcapng,R5,262,2620.075181722641,0.12088439613580704,0.42022407054901123,0.4294545650482178,0.027545509859919548,0.0018914208048954606,Light_XM
/home/lmy/iot-device-classification/dataset/light_xm/round5_positionB/light_xm_r5.pcapng,R5,263,2635.2488334178925,0.9270890951156616,0.013977089896798134,0.012152321636676788,0.04572713002562523,0.0010543856769800186,Light_XM
/home/lmy/iot-device-classification/dataset/light_xm/round5_positionB/light_xm_r5.pcapng,R5,264,2641.423734903336,0.460257887840271,0.03454231843352318,0.4343704581260681,0.06913955509662628,0.0016898144967854023,Light_XM
/home/lmy/iot-device-classification/dataset/light_xm/round5_positionB/light_xm_r5.pcapng,R5,265,2651.3042283058167,0.12576155364513397,0.05777440965175629,0.7885022163391113,0.026861844584345818,0.0010999892838299274,Light_XM
/home/lmy/iot-device-classification/dataset/light_xm/round5_positionB/light_xm_r5.pcapng,R5,266,2660.1594495773315,0.695035457611084,0.21827435493469238,0.0648418739438057,0.018993768841028214,0.002854525577276945,Light_XM
/home/lmy/iot-device-classification/dataset/light_xm/round5_positionB/light_xm_r5.pcapng,R5,267,2673.36865401268,0.6824423670768738,0.2579023241996765,0.010784252546727657,0.04733774811029434,0.0015333696501329541,Light_XM
/home/lmy/iot-device-classification/dataset/light_xm/round5_positionB/light_xm_r5.pcapng,R5,268,2685.3020074367523,0.58260577917099,0.09308464080095291,0.22840198874473572,0.09288516640663147,0.0030224467627704144,Light_XM
/home/lmy/iot-device-classification/dataset/light_xm/round5_positionB/light_xm_r5.pcapng,R5,269,2691.459131002426,0.8768739700317383,0.01151976827532053,0.025269169360399246,0.08530232310295105,0.0010347991483286023,Light_XM
/home/lmy/iot-device-classification/dataset/light_xm/round5_positionB/light_xm_r5.pcapng,R5,270,2701.2668538093567,0.22263488173484802,0.02558658830821514,0.696176290512085,0.05419442802667618,0.0014078019885346293,Light_XM
/home/lmy/iot-device-classification/dataset/light_xm/round5_positionB/light_xm_r5.pcapng,R5,271,2710.079023361206,0.2843666076660156,0.020235413685441017,0.621410608291626,0.07315651327371597,0.0008308131946250796,Light_XM
/home/lmy/iot-device-classification/dataset/light_xm/round5_positionB/light_xm_r5.pcapng,R5,272,2725.467376232147,0.7825579643249512,0.06368439644575119,0.054403156042099,0.09831162542104721,0.0010428563691675663,Light_XM
/home/lmy/iot-device-classification/dataset/light_xm/round5_positionB/light_xm_r5.pcapng,R5,273,2731.468645811081,0.528937041759491,0.04551189765334129,0.394582599401474,0.029859552159905434,0.0011089136824011803,Light_XM
/home/lmy/iot-device-classification/dataset/light_xm/round5_positionB/light_xm_r5.pcapng,R5,274,2741.460795640945,0.04180139675736427,0.037629447877407074,0.9158008694648743,0.0036353461910039186,0.001132913981564343,Light_XM
/home/lmy/iot-device-classification/dataset/light_xm/round5_positionB/light_xm_r5.pcapng,R5,275,2750.12872672081,0.29799318313598633,0.4850728213787079,0.04537920653820038,0.16785486042499542,0.0036999352741986513,Light_XM
/home/lmy/iot-device-classification/dataset/light_xm/round5_positionB/light_xm_r5.pcapng,R5,276,2760.0090341567998,0.0824451819062233,0.6290927529335022,0.06911744177341461,0.21765632927417755,0.001688326708972454,Light_XM
/home/lmy/iot-device-classification/dataset/light_xm/round5_positionB/light_xm_r5.pcapng,R5,277,2770.021099090576,0.14313264191150665,0.16729100048542023,0.6007140874862671,0.0866369754076004,0.002225290285423398,Light_XM
/home/lmy/iot-device-classification/dataset/light_xm/round5_positionB/light_xm_r5.pcapng,R5,278,2780.0029792785645,0.8245389461517334,0.002416144823655486,0.0044327727518975735,0.16823352873325348,0.00037861891905777156,Light_XM
/home/lmy/iot-device-classification/dataset/light_xm/round5_positionB/light_xm_r5.pcapng,R5,279,2792.0418820381165,0.09683753550052643,0.809199333190918,0.02854934334754944,0.062057193368673325,0.003356591332703829,Light_XM
/home/lmy/iot-device-classification/dataset/light_xm/round5_positionB/light_xm_r5.pcapng,R5,280,2800.190516233444,0.15505880117416382,0.03588075935840607,0.7698413729667664,0.03839436173439026,0.0008247420773841441,Light_XM
/home/lmy/iot-device-classification/dataset/light_xm/round5_positionB/light_xm_r5.pcapng,R5,281,2810.0713596343994,0.8822484612464905,0.005514465272426605,0.004507650621235371,0.1073126271367073,0.0004168489540461451,Light_XM
/home/lmy/iot-device-classification/dataset/light_xm/round5_positionB/light_xm_r5.pcapng,R5,282,2820.0651252269745,0.7983881235122681,0.037108831107616425,0.14498287439346313,0.0185324065387249,0.0009877989068627357,Light_XM
/home/lmy/iot-device-classification/dataset/light_xm/round5_positionB/light_xm_r5.pcapng,R5,283,2830.010400056839,0.06452176719903946,0.04230932146310806,0.881519079208374,0.010639362968504429,0.0010104916291311383,Light_XM
/home/lmy/iot-device-classification/dataset/light_xm/round5_positionB/light_xm_r5.pcapng,R5,284,2840.023891210556,0.9156846404075623,0.009586920961737633,0.02236567623913288,0.05191192775964737,0.00045088425395078957,Light_XM
/home/lmy/iot-device-classification/dataset/light_xm/round5_positionB/light_xm_r5.pcapng,R5,285,2850.4324436187744,0.10884743183851242,0.361604779958725,0.5114434957504272,0.016374560073018074,0.0017297215526923537,Light_XM
/home/lmy/iot-device-classification/dataset/light_xm/round5_positionB/light_xm_r5.pcapng,R5,286,2860.151947259903,0.1646265983581543,0.039681293070316315,0.7646380662918091,0.03006923943758011,0.0009847754845395684,Light_XM
/home/lmy/iot-device-classification/dataset/light_xm/round5_positionB/light_xm_r5.pcapng,R5,287,2870.222054243088,0.7169644236564636,0.09894852340221405,0.011763368733227253,0.1714187115430832,0.0009049266227521002,Light_XM
/home/lmy/iot-device-classification/dataset/light_xm/round5_positionB/light_xm_r5.pcapng,R5,288,2880.35816693306,0.2665843367576599,0.29974639415740967,0.30540159344673157,0.12002966552972794,0.008238010108470917,Light_XM
/home/lmy/iot-device-classification/dataset/light_xm/round5_positionB/light_xm_r5.pcapng,R5,289,2890.368883371353,0.11325942724943161,0.030981814488768578,0.8219020962715149,0.03272152319550514,0.0011351320426911116,Light_XM
/home/lmy/iot-device-classification/dataset/light_xm/round5_positionB/light_xm_r5.pcapng,R5,290,2900.4336457252502,0.7615938186645508,0.006860978901386261,0.01381982397288084,0.21613958477973938,0.001585736288689077,Light_XM
/home/lmy/iot-device-classification/dataset/light_xm/round5_positionB/light_xm_r5.pcapng,R5,291,2910.5532126426697,0.5781604647636414,0.01151484064757824,0.2834628224372864,0.12614457309246063,0.0007173223420977592,Light_XM
/home/lmy/iot-device-classification/dataset/light_xm/round5_positionB/light_xm_r5.pcapng,R5,292,2920.5541310310364,0.12012771517038345,0.018042240291833878,0.8087556958198547,0.05215505510568619,0.0009193192236125469,Light_XM
/home/lmy/iot-device-classification/dataset/light_xm/round5_positionB/light_xm_r5.pcapng,R5,293,2930.689272403717,0.28628775477409363,0.6033067107200623,0.04075707495212555,0.06558863818645477,0.004059859085828066,Light_XM
/home/lmy/iot-device-classification/dataset/light_xm/round5_positionB/light_xm_r5.pcapng,R5,294,2940.7088012695312,0.09824270755052567,0.017464864999055862,0.8433927893638611,0.04027900472283363,0.0006206902326084673,Light_XM
/home/lmy/iot-device-classification/dataset/light_xm/round5_positionB/light_xm_r5.pcapng,R5,295,2950.8671460151672,0.12940603494644165,0.08937247842550278,0.7683920860290527,0.01120536308735609,0.0016239919932559133,Light_XM
/home/lmy/iot-device-classification/dataset/light_xm/round5_positionB/light_xm_r5.pcapng,R5,296,2960.8446838855743,0.9059969186782837,0.01606324501335621,0.008002816699445248,0.06916148215532303,0.0007755541591905057,Light_XM
/home/lmy/iot-device-classification/dataset/light_xm/round5_positionB/light_xm_r5.pcapng,R5,297,2971.1982128620148,0.16026856005191803,0.14944809675216675,0.5543457269668579,0.13366663455963135,0.002270946279168129,Light_XM
/home/lmy/iot-device-classification/dataset/light_xm/round5_positionB/light_xm_r5.pcapng,R5,298,2981.0162947177887,0.11013078689575195,0.027989251539111137,0.8510202765464783,0.010080751031637192,0.0007789209485054016,Light_XM
/home/lmy/iot-device-classification/dataset/light_xm/round5_positionB/light_xm_r5.pcapng,R5,299,2991.0872304439545,0.4419997036457062,0.12148220092058182,0.21103331446647644,0.22184979915618896,0.003635034430772066,Light_XM
/home/lmy/iot-device-classification/dataset/light_xm/round5_positionB/light_xm_r5.pcapng,R5,300,3001.206813097,0.7382725477218628,0.0026913729961961508,0.24091100692749023,0.017280088737607002,0.0008449323358945549,Light_XM
/home/lmy/iot-device-classification/dataset/light_xm/round5_positionB/light_xm_r5.pcapng,R5,301,3011.226283311844,0.2301560938358307,0.16001544892787933,0.5794018507003784,0.02860957756638527,0.0018170301336795092,Light_XM
/home/lmy/iot-device-classification/dataset/light_xm/round5_positionB/light_xm_r5.pcapng,R5,302,3021.3569424152374,0.8650205135345459,0.05662323161959648,0.037781890481710434,0.038996193557977676,0.0015781816327944398,Light_XM
/home/lmy/iot-device-classification/dataset/light_xm/round5_positionB/light_xm_r5.pcapng,R5,303,3031.357218503952,0.5633713603019714,0.0633978396654129,0.21711990237236023,0.1548326313495636,0.0012782786507159472,Light_XM
/home/lmy/iot-device-classification/dataset/light_xm/round5_positionB/light_xm_r5.pcapng,R5,304,3041.4274604320526,0.659433126449585,0.13462086021900177,0.15843281149864197,0.043128300458192825,0.00438489206135273,Light_XM
/home/lmy/iot-device-classification/dataset/light_xm/round5_positionB/light_xm_r5.pcapng,R5,305,3051.519504070282,0.7186558842658997,0.028285285457968712,0.03696960210800171,0.21515069901943207,0.0009385168086737394,Light_XM
/home/lmy/iot-device-classification/dataset/light_xm/round5_positionB/light_xm_r5.pcapng,R5,306,3060.470136404037,0.21560916304588318,0.5872893929481506,0.08936097472906113,0.10412024706602097,0.0036202315241098404,Light_XM
/home/lmy/iot-device-classification/dataset/light_xm/round5_positionB/light_xm_r5.pcapng,R5,307,3071.632116556168,0.12633125483989716,0.020345451310276985,0.8106064796447754,0.041421759873628616,0.0012951260432600975,Light_XM
/home/lmy/iot-device-classification/dataset/light_xm/round5_positionB/light_xm_r5.pcapng,R5,308,3080.0798768997192,0.5691392421722412,0.013695220462977886,0.044104550033807755,0.37134575843811035,0.0017152316868305206,Light_XM
/home/lmy/iot-device-classification/dataset/light_xm/round5_positionB/light_xm_r5.pcapng,R5,309,3091.7992770671844,0.9259443879127502,0.016109438613057137,0.04130920395255089,0.016004033386707306,0.0006328896852210164,Light_XM
/home/lmy/iot-device-classification/dataset/light_xm/round5_positionB/light_xm_r5.pcapng,R5,310,3101.848879814148,0.29731979966163635,0.2040819376707077,0.43442437052726746,0.054558560252189636,0.009615341201424599,Light_XM
/home/lmy/iot-device-classification/dataset/light_xm/round5_positionB/light_xm_r5.pcapng,R5,311,3111.929205417633,0.2612759470939636,0.5279105305671692,0.08375846594572067,0.12360111624002457,0.0034539231564849615,Light_XM
/home/lmy/iot-device-classification/dataset/light_xm/round5_positionB/light_xm_r5.pcapng,R5,312,3122.004201412201,0.2162238359451294,0.07345348596572876,0.6593549251556396,0.043399326503276825,0.007568449713289738,Light_XM
/home/lmy/iot-device-classification/dataset/light_xm/round5_positionB/light_xm_r5.pcapng,R5,313,3130.1415305137634,0.5984085202217102,0.030739976093173027,0.33484405279159546,0.034774571657180786,0.0012328887823969126,Light_XM
/home/lmy/iot-device-classification/dataset/light_xm/round5_positionB/light_xm_r5.pcapng,R5,314,3142.130486726761,0.7297317385673523,0.09854982793331146,0.04490366205573082,0.1247665137052536,0.0020482291001826525,Light_XM
/home/lmy/iot-device-classification/dataset/light_xm/round5_positionB/light_xm_r5.pcapng,R5,315,3152.1919844150543,0.0504801869392395,0.09199436008930206,0.8363059759140015,0.02004586160182953,0.0011735779698938131,Light_XM
/home/lmy/iot-device-classification/dataset/light_xm/round5_positionB/light_xm_r5.pcapng,R5,316,3162.271343946457,0.23426789045333862,0.33893483877182007,0.025633694604039192,0.39921969175338745,0.0019438710296526551,Light_XM
/home/lmy/iot-device-classification/dataset/light_xm/round5_positionB/light_xm_r5.pcapng,R5,317,3171.348950147629,0.313021719455719,0.0061315689235925674,0.024037199094891548,0.6552689671516418,0.0015404983423650265,Light_XM
/home/lmy/iot-device-classification/dataset/light_xm/round5_positionB/light_xm_r5.pcapng,R5,318,3182.400878429413,0.6544135212898254,0.014223425649106503,0.3119432330131531,0.018377868458628654,0.0010419891914352775,Light_XM
/home/lmy/iot-device-classification/dataset/light_xm/round5_positionB/light_xm_r5.pcapng,R5,319,3192.4624388217926,0.4157061278820038,0.15376216173171997,0.31459224224090576,0.11361929774284363,0.0023201697040349245,Light_XM
/home/lmy/iot-device-classification/dataset/light_xm/round5_positionB/light_xm_r5.pcapng,R5,320,3202.6459608078003,0.2900744676589966,0.1984342485666275,0.3060648739337921,0.1967201977968216,0.008706171065568924,Light_XM
/home/lmy/iot-device-classification/dataset/light_xm/round5_positionB/light_xm_r5.pcapng,R5,321,3212.5730245113373,0.06598929315805435,0.670693039894104,0.24821728467941284,0.013148301281034946,0.0019520391942933202,Light_XM
/home/lmy/iot-device-classification/dataset/light_xm/round5_positionB/light_xm_r5.pcapng,R5,322,3222.642132520676,0.13180063664913177,0.6147829294204712,0.22505609691143036,0.02571822516620159,0.0026421190705150366,Light_XM
/home/lmy/iot-device-classification/dataset/light_xm/round5_positionB/light_xm_r5.pcapng,R5,323,3232.7250850200653,0.9855900406837463,0.004980291239917278,0.002017061226069927,0.007202029228210449,0.00021055233082734048,Light_XM
/home/lmy/iot-device-classification/dataset/light_xm/round5_positionB/light_xm_r5.pcapng,R5,324,3242.7677462100983,0.3687959611415863,0.31587544083595276,0.17205965518951416,0.13330359756946564,0.00996534712612629,Light_XM
/home/lmy/iot-device-classification/dataset/light_xm/round5_positionB/light_xm_r5.pcapng,R5,325,3252.8437888622284,0.06413791328668594,0.0333748497068882,0.8705883622169495,0.030337054282426834,0.0015618689358234406,Light_XM
/home/lmy/iot-device-classification/dataset/light_xm/round5_positionB/light_xm_r5.pcapng,R5,326,3260.4373350143437,0.7728089690208435,0.020142029970884323,0.021898826584219933,0.18447870016098022,0.0006714539485983551,Light_XM
/home/lmy/iot-device-classification/dataset/light_xm/round5_positionB/light_xm_r5.pcapng,R5,327,3272.9841215610504,0.38863205909729004,0.009028973057866096,0.5665440559387207,0.035090092569589615,0.0007048421539366245,Light_XM
/home/lmy/iot-device-classification/dataset/light_xm/round5_positionB/light_xm_r5.pcapng,R5,328,3283.174298524857,0.14612682163715363,0.01855778880417347,0.8060321807861328,0.02842693217098713,0.000856324564665556,Light_XM
/home/lmy/iot-device-classification/dataset/light_xm/round5_positionB/light_xm_r5.pcapng,R5,329,3292.691269636154,0.21634474396705627,0.05549762770533562,0.11656732857227325,0.6056657433509827,0.005924539174884558,Light_XM
/home/lmy/iot-device-classification/dataset/light_xm/round5_positionB/light_xm_r5.pcapng,R5,330,3303.2593443393707,0.24188902974128723,0.006492696236819029,0.7214227914810181,0.029603486880660057,0.0005920476978644729,Light_XM
/home/lmy/iot-device-classification/dataset/light_xm/round5_positionB/light_xm_r5.pcapng,R5,331,3313.316118001938,0.2905866503715515,0.01991329714655876,0.5484723448753357,0.1401166319847107,0.0009110469836741686,Light_XM
/home/lmy/iot-device-classification/dataset/light_xm/round5_positionB/light_xm_r5.pcapng,R5,332,3323.334953308105,0.9024367332458496,0.02863919548690319,0.016297658905386925,0.0521877184510231,0.0004387093067634851,Light_XM
/home/lmy/iot-device-classification/dataset/light_xm/round5_positionB/light_xm_r5.pcapng,R5,333,3332.522644996643,0.021930312737822533,0.17612101137638092,0.7920821905136108,0.00905229989439249,0.0008142020087689161,Light_XM
/home/lmy/iot-device-classification/dataset/light_xm/round5_positionB/light_xm_r5.pcapng,R5,334,3342.6097009181976,0.24613188207149506,0.07591938227415085,0.6376257538795471,0.0367259718477726,0.003597009927034378,Light_XM
/home/lmy/iot-device-classification/dataset/light_xm/round5_positionB/light_xm_r5.pcapng,R5,335,3353.0119092464447,0.2427225261926651,0.1441766768693924,0.15417204797267914,0.45337891578674316,0.0055498783476650715,Light_XM
/home/lmy/iot-device-classification/dataset/light_xm/round5_positionB/light_xm_r5.pcapng,R5,336,3360.5333178043365,0.8097264170646667,0.10262841731309891,0.010776318609714508,0.07566507905721664,0.0012037212727591395,Light_XM
/home/lmy/iot-device-classification/dataset/light_xm/round5_positionB/light_xm_r5.pcapng,R5,337,3373.676931619644,0.1093946024775505,0.00783954281359911,0.8324705958366394,0.04951958730816841,0.0007756619015708566,Light_XM
/home/lmy/iot-device-classification/dataset/light_xm/round5_positionB/light_xm_r5.pcapng,R5,338,3383.7361562252045,0.11210688203573227,0.033709798008203506,0.02520669810473919,0.8277084231376648,0.0012682446977123618,Light_XM
/home/lmy/iot-device-classification/dataset/light_xm/round5_positionB/light_xm_r5.pcapng,R5,339,3393.7968916893005,0.12893010675907135,0.023451901972293854,0.8291871547698975,0.01726466976106167,0.0011661539319902658,Light_XM
/home/lmy/iot-device-classification/dataset/light_xm/round5_positionB/light_xm_r5.pcapng,R5,340,3403.876736164093,0.34244081377983093,0.508609414100647,0.10004962980747223,0.04539044573903084,0.0035097110085189342,Light_XM
/home/lmy/iot-device-classification/dataset/light_xm/round5_positionB/light_xm_r5.pcapng,R5,341,3413.597593307495,0.6415966749191284,0.08687147498130798,0.22927050292491913,0.04003060609102249,0.0022306882310658693,Light_XM
/home/lmy/iot-device-classification/dataset/light_xm/round5_positionB/light_xm_r5.pcapng,R5,342,3423.730992794037,0.2825227975845337,0.30113810300827026,0.3190477788448334,0.09204161912202835,0.005249707028269768,Light_XM
/home/lmy/iot-device-classification/dataset/light_xm/round5_positionB/light_xm_r5.pcapng,R5,343,3434.0690405368805,0.07034900784492493,0.029469499364495277,0.8871121406555176,0.012180982157588005,0.0008883536793291569,Light_XM
/home/lmy/iot-device-classification/dataset/light_xm/round5_positionB/light_xm_r5.pcapng,R5,344,3444.158940792084,0.33974120020866394,0.07368484139442444,0.5329899787902832,0.05186790972948074,0.0017160855932161212,Light_XM
/home/lmy/iot-device-classification/dataset/light_xm/round5_positionB/light_xm_r5.pcapng,R5,345,3453.568707942962,0.5740150809288025,0.036194831132888794,0.36947891116142273,0.019288944080471992,0.0010221985867246985,Light_XM
/home/lmy/iot-device-classification/dataset/light_xm/round5_positionB/light_xm_r5.pcapng,R5,346,3464.277812957764,0.01997430995106697,0.00269723660312593,0.975318968296051,0.0017402871744707227,0.00026924689882434905,Light_XM
/home/lmy/iot-device-classification/dataset/light_xm/round5_positionB/light_xm_r5.pcapng,R5,347,3473.652542114258,0.3738800287246704,0.06616668403148651,0.12221261113882065,0.43094322085380554,0.006797498557716608,Light_XM
/home/lmy/iot-device-classification/dataset/light_xm/round5_positionB/light_xm_r5.pcapng,R5,348,3484.427971601486,0.038469098508358,0.011347448453307152,0.9417442083358765,0.008146798238158226,0.00029245144105516374,Light_XM
/home/lmy/iot-device-classification/dataset/light_xm/round5_positionB/light_xm_r5.pcapng,R5,349,3494.4529242515564,0.028768617659807205,0.0075522842817008495,0.8901745676994324,0.0723392590880394,0.0011653053807094693,Light_XM
/home/lmy/iot-device-classification/dataset/light_xm/round5_positionB/light_xm_r5.pcapng,R5,350,3503.598809480667,0.7860999703407288,0.06146186962723732,0.09103664755821228,0.059994809329509735,0.0014066648436710238,Light_XM
/home/lmy/iot-device-classification/dataset/light_xm/round5_positionB/light_xm_r5.pcapng,R5,351,3512.410361766815,0.03510463610291481,0.05099533498287201,0.8802639245986938,0.032337840646505356,0.0012982430635020137,Light_XM
/home/lmy/iot-device-classification/dataset/light_xm/round5_positionB/light_xm_r5.pcapng,R5,352,3522.284182071686,0.11058451980352402,0.023232046514749527,0.8091639280319214,0.05373797193169594,0.0032814983278512955,Light_XM
/home/lmy/iot-device-classification/dataset/light_xm/round5_positionB/light_xm_r5.pcapng,R5,353,3533.9734332561493,0.14537619054317474,0.010963460430502892,0.04748152941465378,0.7912696599960327,0.00490917032584548,Light_XM
/home/lmy/iot-device-classification/dataset/light_xm/round5_positionB/light_xm_r5.pcapng,R5,354,3541.2919499874115,0.5693801045417786,0.03395368158817291,0.34694305062294006,0.04869820177555084,0.0010249384213238955,Light_XM
/home/lmy/iot-device-classification/dataset/light_xm/round5_positionB/light_xm_r5.pcapng,R5,355,3552.0395617485046,0.6108148694038391,0.012462285347282887,0.3670882284641266,0.009064888581633568,0.0005697637679986656,Light_XM
/home/lmy/iot-device-classification/dataset/light_xm/round5_positionB/light_xm_r5.pcapng,R5,356,3563.099380731582,0.1713990718126297,0.023075737059116364,0.3055709898471832,0.49780142307281494,0.002152823843061924,Light_XM
/home/lmy/iot-device-classification/dataset/light_xm/round5_positionB/light_xm_r5.pcapng,R5,357,3573.4955554008484,0.7021843194961548,0.0035866783000528812,0.11041951179504395,0.1817130595445633,0.0020963619463145733,Light_XM
/home/lmy/iot-device-classification/dataset/light_xm/round5_positionB/light_xm_r5.pcapng,R5,358,3580.12424325943,0.4407404065132141,0.07185826450586319,0.47168460488319397,0.014657829888164997,0.001058892230503261,Light_XM
/home/lmy/iot-device-classification/dataset/light_xm/round5_positionB/light_xm_r5.pcapng,R5,359,3593.602655172348,0.54925137758255,0.009145999327301979,0.013140959665179253,0.428003191947937,0.0004584510170388967,Light_XM
/home/lmy/iot-device-classification/dataset/light_xm/round5_positionB/light_xm_r5.pcapng,R5,360,3602.6154267787933,0.7386746406555176,0.0671134889125824,0.08143288642168045,0.10248786211013794,0.010291074402630329,Light_XM
/home/lmy/iot-device-classification/dataset/light_xm/round5_positionB/light_xm_r5.pcapng,R5,361,3610.001624107361,0.8316212296485901,0.003315594280138612,0.11633556336164474,0.04781759902834892,0.000909999362193048,Light_XM
/home/lmy/iot-device-classification/dataset/light_xm/round5_positionB/light_xm_r5.pcapng,R5,362,3621.981859207153,0.35755854845046997,0.011355162598192692,0.012738415040075779,0.6177249550819397,0.0006229002610780299,Light_XM
/home/lmy/iot-device-classification/dataset/sensor/round5_positionB/sensor_r5.pcapng,R5,0,0.0,0.25544020533561707,0.11193037033081055,0.09677693992853165,0.5344589948654175,0.0013935036258772016,Sensor
/home/lmy/iot-device-classification/dataset/sensor/round5_positionB/sensor_r5.pcapng,R5,1,10.08036971092224,0.9662962555885315,0.010290770791471004,0.0014874162152409554,0.02163826860487461,0.0002873084449674934,Sensor
/home/lmy/iot-device-classification/dataset/sensor/round5_positionB/sensor_r5.pcapng,R5,2,20.00147485733032,0.16274310648441315,0.011694299057126045,0.022619003430008888,0.8022342324256897,0.0007093985914252698,Sensor
/home/lmy/iot-device-classification/dataset/sensor/round5_positionB/sensor_r5.pcapng,R5,3,30.153779983520508,0.27802520990371704,0.2925657033920288,0.02893235720694065,0.3995817303657532,0.0008949919138103724,Sensor
/home/lmy/iot-device-classification/dataset/sensor/round5_positionB/sensor_r5.pcapng,R5,4,40.10577940940857,0.6501218676567078,0.19716227054595947,0.03482716530561447,0.11708148568868637,0.000807197589892894,Sensor
/home/lmy/iot-device-classification/dataset/sensor/round5_positionB/sensor_r5.pcapng,R5,5,50.28006458282471,0.16106393933296204,0.015836957842111588,0.0012124860659241676,0.8215847611427307,0.0003018798597622663,Sensor
/home/lmy/iot-device-classification/dataset/sensor/round5_positionB/sensor_r5.pcapng,R5,6,60.39925217628479,0.11875644326210022,0.043295372277498245,0.033158186823129654,0.8040370941162109,0.0007529290160164237,Sensor
/home/lmy/iot-device-classification/dataset/sensor/round5_positionB/sensor_r5.pcapng,R5,7,70.13257575035095,0.1426369547843933,0.5741003751754761,0.07956305146217346,0.20267601311206818,0.001023630378767848,Sensor
/home/lmy/iot-device-classification/dataset/sensor/round5_positionB/sensor_r5.pcapng,R5,8,80.39886784553528,0.033749572932720184,0.021181389689445496,0.005279286298900843,0.9393596053123474,0.00043014087714254856,Sensor
/home/lmy/iot-device-classification/dataset/sensor/round5_positionB/sensor_r5.pcapng,R5,9,90.54958629608154,0.6875183582305908,0.0193833876401186,0.020507806912064552,0.27160030603408813,0.0009901149896904826,Sensor
/home/lmy/iot-device-classification/dataset/sensor/round5_positionB/sensor_r5.pcapng,R5,10,100.16268467903136,0.8964953422546387,0.013044738210737705,0.0011526413727551699,0.0891256034374237,0.00018166490190196782,Sensor
/home/lmy/iot-device-classification/dataset/sensor/round5_positionB/sensor_r5.pcapng,R5,11,110.7557806968689,0.9689077734947205,0.0012755407951772213,0.005137915723025799,0.024467449635267258,0.00021134712733328342,Sensor
/home/lmy/iot-device-classification/dataset/sensor/round5_positionB/sensor_r5.pcapng,R5,12,120.67691659927368,0.03794561326503754,0.0020987011957913637,0.015053345821797848,0.9442692995071411,0.0006330017349682748,Sensor
/home/lmy/iot-device-classification/dataset/sensor/round5_positionB/sensor_r5.pcapng,R5,13,130.18910574913025,0.35476958751678467,0.4142698049545288,0.02215583063662052,0.20667040348052979,0.002134408801794052,Sensor
/home/lmy/iot-device-classification/dataset/sensor/round5_positionB/sensor_r5.pcapng,R5,14,140.8230059146881,0.7106027603149414,0.07291315495967865,0.0016406970098614693,0.21430251002311707,0.0005409097648225725,Sensor
/home/lmy/iot-device-classification/dataset/sensor/round5_positionB/sensor_r5.pcapng,R5,15,150.89613366127014,0.3233879506587982,0.003359029768034816,0.004730433691293001,0.66819167137146,0.0003309009480290115,Sensor
/home/lmy/iot-device-classification/dataset/sensor/round5_positionB/sensor_r5.pcapng,R5,16,160.21436548233032,0.1745092123746872,0.4444819688796997,0.0407458059489727,0.33815819025039673,0.0021048467606306076,Sensor
/home/lmy/iot-device-classification/dataset/sensor/round5_positionB/sensor_r5.pcapng,R5,17,171.0963954925537,0.031013062223792076,0.021419189870357513,0.012088275514543056,0.935167133808136,0.00031232909532263875,Sensor
/home/lmy/iot-device-classification/dataset/sensor/round5_positionB/sensor_r5.pcapng,R5,18,181.32857990264893,0.08318550884723663,0.5511724948883057,0.03736426308751106,0.32543906569480896,0.00283867958933115,Sensor
/home/lmy/iot-device-classification/dataset/sensor/round5_positionB/sensor_r5.pcapng,R5,19,190.24678874015808,0.8698040843009949,0.020452603697776794,0.02336076833307743,0.08604045957326889,0.0003420397115405649,Sensor
/home/lmy/iot-device-classification/dataset/sensor/round5_positionB/sensor_r5.pcapng,R5,20,201.32871222496036,0.17612992227077484,0.008726786822080612,0.0517532080411911,0.7625491619110107,0.000840915716253221,Sensor
/home/lmy/iot-device-classification/dataset/sensor/round5_positionB/sensor_r5.pcapng,R5,21,211.69630694389343,0.10011472553014755,0.024853909388184547,0.007792524993419647,0.8667308688163757,0.0005079208058305085,Sensor
/home/lmy/iot-device-classification/dataset/sensor/round5_positionB/sensor_r5.pcapng,R5,22,220.02118945121765,0.4921460747718811,0.15224188566207886,0.14840775728225708,0.19718509912490845,0.010019194334745407,Sensor
/home/lmy/iot-device-classification/dataset/sensor/round5_positionB/sensor_r5.pcapng,R5,23,230.80701422691345,0.37220099568367004,0.008706157095730305,0.027418721467256546,0.5909942388534546,0.0006799191469326615,Sensor
/home/lmy/iot-device-classification/dataset/sensor/round5_positionB/sensor_r5.pcapng,R5,24,240.03474974632263,0.0850464329123497,0.024326970800757408,0.037382084876298904,0.8523944616317749,0.0008500948897562921,Sensor
/home/lmy/iot-device-classification/dataset/sensor/round5_positionB/sensor_r5.pcapng,R5,25,250.0525918006897,0.4706368148326874,0.2544763386249542,0.015444641932845116,0.25815942883491516,0.0012827233877032995,Sensor
/home/lmy/iot-device-classification/dataset/sensor/round5_positionB/sensor_r5.pcapng,R5,26,261.7457365989685,0.09912366420030594,0.0037033087573945522,0.030083218589425087,0.8665996193885803,0.0004902067012153566,Sensor
/home/lmy/iot-device-classification/dataset/sensor/round5_positionB/sensor_r5.pcapng,R5,27,271.7860953807831,0.043494872748851776,0.04469716548919678,0.004205568227916956,0.907106876373291,0.0004955003969371319,Sensor
/home/lmy/iot-device-classification/dataset/sensor/round5_positionB/sensor_r5.pcapng,R5,28,280.08189940452576,0.8315819501876831,0.013208448886871338,0.0025626900605857372,0.152422234416008,0.00022467662347480655,Sensor
/home/lmy/iot-device-classification/dataset/sensor/round5_positionB/sensor_r5.pcapng,R5,29,291.7963011264801,0.1165170893073082,0.007746058516204357,0.009334907867014408,0.8658758401870728,0.0005260897451080382,Sensor
/home/lmy/iot-device-classification/dataset/sensor/round5_positionB/sensor_r5.pcapng,R5,30,301.9961214065552,0.1138089969754219,0.010963721200823784,0.014121444895863533,0.8606722354888916,0.0004335970734246075,Sensor
/home/lmy/iot-device-classification/dataset/sensor/round5_positionB/sensor_r5.pcapng,R5,31,310.1197476387024,0.14774475991725922,0.04319046437740326,0.0028734158258885145,0.8057718873023987,0.0004195025539956987,Sensor
/home/lmy/iot-device-classification/dataset/sensor/round5_positionB/sensor_r5.pcapng,R5,32,320.8203909397125,0.3227459490299225,0.04689129441976547,0.0017548067262396216,0.6280094981193542,0.0005984329618513584,Sensor
/home/lmy/iot-device-classification/dataset/sensor/round5_positionB/sensor_r5.pcapng,R5,33,331.9966313838959,0.8256790637969971,0.0029587121680378914,0.004085673484951258,0.16698139905929565,0.0002951033238787204,Sensor
/home/lmy/iot-device-classification/dataset/sensor/round5_positionB/sensor_r5.pcapng,R5,34,340.1232557296753,0.694310188293457,0.0064573734998703,0.009334650821983814,0.2889067530632019,0.0009910138323903084,Sensor
/home/lmy/iot-device-classification/dataset/sensor/round5_positionB/sensor_r5.pcapng,R5,35,352.17665338516235,0.13350488245487213,0.009579882025718689,0.011595814488828182,0.8446689248085022,0.0006504736375063658,Sensor
/home/lmy/iot-device-classification/dataset/sensor/round5_positionB/sensor_r5.pcapng,R5,36,362.2773411273956,0.041988786309957504,0.004846086259931326,0.004160895943641663,0.9488303065299988,0.00017395097529515624,Sensor
/home/lmy/iot-device-classification/dataset/sensor/round5_positionB/sensor_r5.pcapng,R5,37,370.1331133842468,0.9983097314834595,5.012047404306941e-05,7.096961053321138e-05,0.0015582620399072766,1.0906608622462954e-05,Sensor
/home/lmy/iot-device-classification/dataset/sensor/round5_positionB/sensor_r5.pcapng,R5,38,382.42899227142334,0.012806184589862823,0.0023009334690868855,0.004634546581655741,0.9800609350204468,0.0001974185142898932,Sensor
/home/lmy/iot-device-classification/dataset/sensor/round5_positionB/sensor_r5.pcapng,R5,39,392.3515868186951,0.14251621067523956,0.0056716869585216045,0.04046758636832237,0.8105840086936951,0.0007605510181747377,Sensor
/home/lmy/iot-device-classification/dataset/sensor/round5_positionB/sensor_r5.pcapng,R5,40,400.15318870544434,0.4255906045436859,0.03242429718375206,0.004387149587273598,0.5370631814002991,0.0005347831174731255,Sensor
/home/lmy/iot-device-classification/dataset/sensor/round5_positionB/sensor_r5.pcapng,R5,41,410.8075706958771,0.24352024495601654,0.011474485509097576,0.0034512337297201157,0.7411732077598572,0.00038085452979430556,Sensor
/home/lmy/iot-device-classification/dataset/sensor/round5_positionB/sensor_r5.pcapng,R5,42,422.6977763175965,0.10528358817100525,0.006908578798174858,0.010247261263430119,0.8769124150276184,0.0006481874734163284,Sensor
/home/lmy/iot-device-classification/dataset/sensor/round5_positionB/sensor_r5.pcapng,R5,43,430.1839950084686,0.11617312580347061,0.030013307929039,0.0032799134496599436,0.8500924110412598,0.00044127702130936086,Sensor
/home/lmy/iot-device-classification/dataset/sensor/round5_positionB/sensor_r5.pcapng,R5,44,442.9493792057037,0.008166683837771416,0.002202632836997509,0.002995806047692895,0.9862257242202759,0.00040921950130723417,Sensor
/home/lmy/iot-device-classification/dataset/sensor/round5_positionB/sensor_r5.pcapng,R5,45,453.05007815361023,0.03770855441689491,0.011207617819309235,0.0015304583357647061,0.9492986798286438,0.0002547242911532521,Sensor
/home/lmy/iot-device-classification/dataset/sensor/round5_positionB/sensor_r5.pcapng,R5,46,460.2145178318024,0.5235012173652649,0.3451899290084839,0.021487237885594368,0.10839223116636276,0.001429360592737794,Sensor
/home/lmy/iot-device-classification/dataset/sensor/round5_positionB/sensor_r5.pcapng,R5,47,472.949725151062,0.15137358009815216,0.00098496547434479,0.0015610612463206053,0.8458670377731323,0.0002133163361577317,Sensor
/home/lmy/iot-device-classification/dataset/sensor/round5_positionB/sensor_r5.pcapng,R5,48,483.09781432151794,0.037304677069187164,0.01550650130957365,0.0022912074346095324,0.9445956349372864,0.00030200835317373276,Sensor
/home/lmy/iot-device-classification/dataset/sensor/round5_positionB/sensor_r5.pcapng,R5,49,490.24560713768005,0.016526425257325172,0.010734297335147858,0.00170686817727983,0.9707590937614441,0.0002733049914240837,Sensor
/home/lmy/iot-device-classification/dataset/sensor/round5_positionB/sensor_r5.pcapng,R5,50,500.8090224266052,0.1218249723315239,0.026179280132055283,0.001812664559110999,0.8498727083206177,0.0003104201750829816,Sensor
/home/lmy/iot-device-classification/dataset/sensor/round5_positionB/sensor_r5.pcapng,R5,51,513.3438501358032,0.02210393361747265,0.00312058930285275,0.0065253726206719875,0.9677236676216125,0.0005264262435957789,Sensor
/home/lmy/iot-device-classification/dataset/sensor/round5_positionB/sensor_r5.pcapng,R5,52,520.2753455638885,0.21463027596473694,0.06566981971263885,0.003494150470942259,0.7148700952529907,0.0013356300769373775,Sensor
/home/lmy/iot-device-classification/dataset/sensor/round5_positionB/sensor_r5.pcapng,R5,53,530.5300002098083,0.0887652188539505,0.0035858822520822287,0.006539744324982166,0.9006786942481995,0.00043049899977631867,Sensor
/home/lmy/iot-device-classification/dataset/sensor/round5_positionB/sensor_r5.pcapng,R5,54,543.4791615009308,0.05703064426779747,0.01220506988465786,0.012350529432296753,0.9180918335914612,0.0003218904312234372,Sensor
/home/lmy/iot-device-classification/dataset/sensor/round5_positionB/sensor_r5.pcapng,R5,55,550.322206735611,0.31031641364097595,0.02243735082447529,0.0025160061195492744,0.664402425289154,0.00032781559275463223,Sensor
/home/lmy/iot-device-classification/dataset/sensor/round5_positionB/sensor_r5.pcapng,R5,56,563.6991710662842,0.017344320192933083,0.002725341822952032,0.0019656135700643063,0.9777921438217163,0.0001725832262309268,Sensor
/home/lmy/iot-device-classification/dataset/sensor/round5_positionB/sensor_r5.pcapng,R5,57,573.5797002315521,0.026126645505428314,0.0432356521487236,0.0032954071648418903,0.9269562363624573,0.00038602660060860217,Sensor
/home/lmy/iot-device-classification/dataset/sensor/round5_positionB/sensor_r5.pcapng,R5,58,580.3364479541779,0.027676137164235115,0.07846595346927643,0.002797729568555951,0.8902638554573059,0.0007963565876707435,Sensor
/home/lmy/iot-device-classification/dataset/sensor/round5_positionB/sensor_r5.pcapng,R5,59,590.8221650123596,0.6906043291091919,0.004880215041339397,0.001923988340422511,0.30227065086364746,0.0003208271227777004,Sensor
/home/lmy/iot-device-classification/dataset/sensor/round5_positionB/sensor_r5.pcapng,R5,60,603.9174807071686,0.016107995063066483,0.005215350538492203,0.008930560201406479,0.9692562222480774,0.0004899363848380744,Sensor
/home/lmy/iot-device-classification/dataset/sensor/round5_positionB/sensor_r5.pcapng,R5,61,610.36665391922,0.29480552673339844,0.022764017805457115,0.020422903820872307,0.6609141230583191,0.001093400060199201,Sensor
/home/lmy/iot-device-classification/dataset/sensor/round5_positionB/sensor_r5.pcapng,R5,62,624.1637580394745,0.028348755091428757,0.010957607999444008,0.022293005138635635,0.9381741285324097,0.00022646064462605864,Sensor
/home/lmy/iot-device-classification/dataset/sensor/round5_positionB/sensor_r5.pcapng,R5,63,633.0377731323242,0.01109558530151844,0.002319125458598137,0.005333780311048031,0.9808139204978943,0.00043761730194091797,Sensor
/home/lmy/iot-device-classification/dataset/sensor/round5_positionB/sensor_r5.pcapng,R5,64,640.3975031375885,0.2222195714712143,0.002543936250731349,0.007607738021761179,0.767228901386261,0.00039979966823011637,Sensor
/home/lmy/iot-device-classification/dataset/sensor/round5_positionB/sensor_r5.pcapng,R5,65,653.839085817337,0.00983158778399229,0.0064667630940675735,0.004950318019837141,0.9781750440597534,0.0005762545042671263,Sensor
/home/lmy/iot-device-classification/dataset/sensor/round5_positionB/sensor_r5.pcapng,R5,66,662.3048598766327,0.2915554344654083,0.026922557502985,0.012746109627187252,0.6682281494140625,0.0005477617378346622,Sensor
/home/lmy/iot-device-classification/dataset/sensor/round5_positionB/sensor_r5.pcapng,R5,67,670.4279699325562,0.1903066635131836,0.002909502014517784,0.0018333959160372615,0.8045844435691833,0.00036596719291992486,Sensor
/home/lmy/iot-device-classification/dataset/sensor/round5_positionB/sensor_r5.pcapng,R5,68,680.822740316391,0.2239876538515091,0.018130697309970856,0.0017206806223839521,0.7557743787765503,0.0003865748585667461,Sensor
/home/lmy/iot-device-classification/dataset/sensor/round5_positionB/sensor_r5.pcapng,R5,69,693.3679299354553,0.06328576058149338,0.003165127243846655,0.015972979366779327,0.9159970879554749,0.0015790780307725072,Sensor
/home/lmy/iot-device-classification/dataset/sensor/round5_positionB/sensor_r5.pcapng,R5,70,700.457948923111,0.04879076033830643,0.027340134605765343,0.003854856127873063,0.9192615151405334,0.0007527709822170436,Sensor
/home/lmy/iot-device-classification/dataset/sensor/round5_positionB/sensor_r5.pcapng,R5,71,714.4096827507019,0.6564743518829346,0.0033110887743532658,0.010244639590382576,0.32931506633758545,0.0006548126111738384,Sensor
/home/lmy/iot-device-classification/dataset/sensor/round5_positionB/sensor_r5.pcapng,R5,72,724.8765890598297,0.09572941809892654,0.005370830185711384,0.0239897221326828,0.8743404150009155,0.0005696050939150155,Sensor
/home/lmy/iot-device-classification/dataset/sensor/round5_positionB/sensor_r5.pcapng,R5,73,730.4884757995605,0.6716147065162659,0.006597223691642284,0.0064455606043338776,0.3143557608127594,0.0009868020424619317,Sensor
/home/lmy/iot-device-classification/dataset/sensor/round5_positionB/sensor_r5.pcapng,R5,74,743.1600611209869,0.14340882003307343,0.02004653960466385,0.026556411758065224,0.8089537620544434,0.0010344617767259479,Sensor
/home/lmy/iot-device-classification/dataset/sensor/round5_positionB/sensor_r5.pcapng,R5,75,753.6788215637207,0.02180451899766922,0.002803290029987693,0.002723092446103692,0.972192108631134,0.0004769753140863031,Sensor
/home/lmy/iot-device-classification/dataset/sensor/round5_positionB/sensor_r5.pcapng,R5,76,760.5185384750366,0.06371591240167618,0.023541340604424477,0.004776536021381617,0.9074825644493103,0.0004836212610825896,Sensor
/home/lmy/iot-device-classification/dataset/sensor/round5_positionB/sensor_r5.pcapng,R5,77,770.8105916976929,0.15309247374534607,0.07376124709844589,0.045978546142578125,0.7249142527580261,0.0022534155286848545,Sensor
/home/lmy/iot-device-classification/dataset/sensor/round5_positionB/sensor_r5.pcapng,R5,78,784.8793683052063,0.025145377963781357,0.003829561173915863,0.005709527060389519,0.9648652672767639,0.0004503038071561605,Sensor
/home/lmy/iot-device-classification/dataset/sensor/round5_positionB/sensor_r5.pcapng,R5,79,790.5488836765289,0.12605981528759003,0.11878877878189087,0.04621700197458267,0.7052858471870422,0.00364854047074914,Sensor
/home/lmy/iot-device-classification/dataset/sensor/round5_positionB/sensor_r5.pcapng,R5,80,803.5991153717041,0.006355543155223131,0.0011196599807590246,0.005434183403849602,0.9866741895675659,0.00041640285053290427,Sensor
/home/lmy/iot-device-classification/dataset/sensor/round5_positionB/sensor_r5.pcapng,R5,81,810.2263014316559,0.06226193159818649,0.0067007835023105145,0.0035253260284662247,0.9272257685661316,0.00028616207418963313,Sensor
/home/lmy/iot-device-classification/dataset/sensor/round5_positionB/sensor_r5.pcapng,R5,82,820.587030172348,0.7112690806388855,0.005839839112013578,0.0069689578376710415,0.27560386061668396,0.0003182993095833808,Sensor
/home/lmy/iot-device-classification/dataset/sensor/round5_positionB/sensor_r5.pcapng,R5,83,834.7992854118347,0.03009597584605217,0.010650182142853737,0.02897704392671585,0.9296956062316895,0.0005812509334646165,Sensor
/home/lmy/iot-device-classification/dataset/sensor/round5_positionB/sensor_r5.pcapng,R5,84,844.1808385848999,0.10839653760194778,0.011591345071792603,0.2640783488750458,0.6152037978172302,0.0007299325079657137,Sensor
/home/lmy/iot-device-classification/dataset/sensor/round5_positionB/sensor_r5.pcapng,R5,85,850.6105515956879,0.04923708364367485,0.0024655358865857124,0.0008040503598749638,0.9471929669380188,0.00030039981356821954,Sensor
/home/lmy/iot-device-classification/dataset/sensor/round5_positionB/sensor_r5.pcapng,R5,86,860.8117458820343,0.8584808707237244,0.05116619914770126,0.05260410159826279,0.03664376586675644,0.0011050920002162457,Sensor
/home/lmy/iot-device-classification/dataset/sensor/round5_positionB/sensor_r5.pcapng,R5,87,873.2741253376007,0.12515634298324585,0.2149534523487091,0.2052898108959198,0.45167064666748047,0.0029297256842255592,Sensor
/home/lmy/iot-device-classification/dataset/sensor/round5_positionB/sensor_r5.pcapng,R5,88,880.6461000442505,0.0037352805957198143,0.013438972644507885,0.0011591118527576327,0.9814489483833313,0.00021771321189589798,Sensor
/home/lmy/iot-device-classification/dataset/sensor/round5_positionB/sensor_r5.pcapng,R5,89,895.1211311817169,0.004053864162415266,0.00512333819642663,0.014055849984288216,0.9763382077217102,0.00042869127355515957,Sensor
/home/lmy/iot-device-classification/dataset/sensor/round5_positionB/sensor_r5.pcapng,R5,90,903.4404323101044,0.11859611421823502,0.07172500342130661,0.0064979903399944305,0.8015828728675842,0.0015980360331013799,Sensor
/home/lmy/iot-device-classification/dataset/sensor/round5_positionB/sensor_r5.pcapng,R5,91,910.67093873024,0.20925547182559967,0.14954130351543427,0.013060583733022213,0.6273328065872192,0.0008098061080090702,Sensor
/home/lmy/iot-device-classification/dataset/sensor/round5_positionB/sensor_r5.pcapng,R5,92,924.3205466270448,0.003603162942454219,0.0007783577893860638,0.0024315505288541317,0.9929817914962769,0.00020508040324784815,Sensor
/home/lmy/iot-device-classification/dataset/sensor/round5_positionB/sensor_r5.pcapng,R5,93,934.6409826278688,0.014070259407162666,0.005136059131473303,0.015795346349477768,0.9642757773399353,0.0007225335575640202,Sensor
/home/lmy/iot-device-classification/dataset/sensor/round5_positionB/sensor_r5.pcapng,R5,94,940.7030546665192,0.024475669488310814,0.00746144587174058,0.004938649479299784,0.9624704122543335,0.0006538793095387518,Sensor
/home/lmy/iot-device-classification/dataset/sensor/round5_positionB/sensor_r5.pcapng,R5,95,950.8115477561952,0.1913543939590454,0.007147648837417364,0.0024628047831356525,0.7987463474273682,0.00028880281024612486,Sensor
/home/lmy/iot-device-classification/dataset/sensor/round5_positionB/sensor_r5.pcapng,R5,96,961.347324848175,0.10158736258745193,0.02483486197888851,0.009456075727939606,0.863588273525238,0.0005333989975042641,Sensor
/home/lmy/iot-device-classification/dataset/sensor/round5_positionB/sensor_r5.pcapng,R5,97,970.7322418689728,0.9442328214645386,0.011404158547520638,0.001206788932904601,0.04286479949951172,0.0002914322249125689,Sensor
/home/lmy/iot-device-classification/dataset/sensor/round5_positionB/sensor_r5.pcapng,R5,98,984.5611622333528,0.0559195913374424,0.008585367351770401,0.009084196761250496,0.9243515729904175,0.0020592601504176855,Sensor
/home/lmy/iot-device-classification/dataset/sensor/round5_positionB/sensor_r5.pcapng,R5,99,991.5074851512908,0.08471237868070602,0.017008908092975616,0.0023171138018369675,0.8956332206726074,0.00032836967147886753,Sensor
/home/lmy/iot-device-classification/dataset/sensor/round5_positionB/sensor_r5.pcapng,R5,100,1000.7763953208924,0.1865563541650772,0.004042237531393766,0.0009814827935770154,0.808201253414154,0.0002186519850511104,Sensor
/home/lmy/iot-device-classification/dataset/sensor/round5_positionB/sensor_r5.pcapng,R5,101,1013.6808366775512,0.03315221145749092,0.0026607357431203127,0.0010414206190034747,0.9627310633659363,0.0004145801067352295,Sensor
/home/lmy/iot-device-classification/dataset/sensor/round5_positionB/sensor_r5.pcapng,R5,102,1021.798800945282,0.018235908821225166,0.0064182039350271225,0.03038199618458748,0.944544792175293,0.0004190566542092711,Sensor
/home/lmy/iot-device-classification/dataset/sensor/round5_positionB/sensor_r5.pcapng,R5,103,1030.7951345443726,0.010067111812531948,0.007108738645911217,0.002865004586055875,0.9796979427337646,0.00026112396153621376,Sensor
/home/lmy/iot-device-classification/dataset/sensor/round5_positionB/sensor_r5.pcapng,R5,104,1040.82621383667,0.23821142315864563,0.0848991870880127,0.0039044569712132215,0.6723828911781311,0.0006020548171363771,Sensor
/home/lmy/iot-device-classification/dataset/sensor/round5_positionB/sensor_r5.pcapng,R5,105,1051.9107825756073,0.1681239902973175,0.13313689827919006,0.0334603451192379,0.6639147400856018,0.0013640486868098378,Sensor
/home/lmy/iot-device-classification/dataset/sensor/round5_positionB/sensor_r5.pcapng,R5,106,1060.8224337100985,0.05665578320622444,0.012133162468671799,0.038241468369960785,0.8913416862487793,0.0016279766568914056,Sensor
/home/lmy/iot-device-classification/dataset/sensor/round5_positionB/sensor_r5.pcapng,R5,107,1074.0010409355164,0.018123991787433624,0.012755779549479485,0.002661654492840171,0.9660364985466003,0.00042200388270430267,Sensor
/home/lmy/iot-device-classification/dataset/sensor/round5_positionB/sensor_r5.pcapng,R5,108,1081.9937601089478,0.04021310433745384,0.01585264317691326,0.003036004491150379,0.940452516078949,0.00044571590842679143,Sensor
/home/lmy/iot-device-classification/dataset/sensor/round5_positionB/sensor_r5.pcapng,R5,109,1090.8540229797363,0.938987135887146,0.029407473281025887,0.0027747962158173323,0.028331520035862923,0.0004990286543034017,Sensor
/home/lmy/iot-device-classification/dataset/sensor/round5_positionB/sensor_r5.pcapng,R5,110,1105.214323759079,0.020760193467140198,0.003362506628036499,0.004615833982825279,0.9706853032112122,0.0005761673673987389,Sensor
/home/lmy/iot-device-classification/dataset/sensor/round5_positionB/sensor_r5.pcapng,R5,111,1112.3901410102844,0.13126243650913239,0.02921282686293125,0.008317181840538979,0.8306477069854736,0.0005599128780886531,Sensor
/home/lmy/iot-device-classification/dataset/sensor/round5_positionB/sensor_r5.pcapng,R5,112,1120.883947610855,0.1289803385734558,0.0025787309277802706,0.004417959600687027,0.862598180770874,0.0014247802319005132,Sensor
/home/lmy/iot-device-classification/dataset/sensor/round5_positionB/sensor_r5.pcapng,R5,113,1130.826917886734,0.11970187723636627,0.03046906739473343,0.010484389960765839,0.8388664126396179,0.0004782346950378269,Sensor
/home/lmy/iot-device-classification/dataset/sensor/round5_positionB/sensor_r5.pcapng,R5,114,1142.469225883484,0.1786806732416153,0.00737761240452528,0.046677619218826294,0.7664066553115845,0.0008574972162023187,Sensor
/home/lmy/iot-device-classification/dataset/sensor/round5_positionB/sensor_r5.pcapng,R5,115,1150.8930850028992,0.037147071212530136,0.012410629540681839,0.013521946035325527,0.935350239276886,0.0015701528172940016,Sensor
/home/lmy/iot-device-classification/dataset/sensor/round5_positionB/sensor_r5.pcapng,R5,116,1165.521907329559,0.003381122834980488,0.000916609016712755,0.0028008499648422003,0.9926931858062744,0.0002082108985632658,Sensor
/home/lmy/iot-device-classification/dataset/sensor/round5_positionB/sensor_r5.pcapng,R5,117,1172.70955991745,0.057951100170612335,0.017471862956881523,0.004180463496595621,0.9199455380439758,0.00045099260751158,Sensor
/home/lmy/iot-device-classification/dataset/sensor/round5_positionB/sensor_r5.pcapng,R5,118,1180.904812335968,0.9708399772644043,0.009113315492868423,0.0005812781164422631,0.01921771466732025,0.0002477238012943417,Sensor
/home/lmy/iot-device-classification/dataset/sensor/round5_positionB/sensor_r5.pcapng,R5,119,1194.6422922611237,0.03269415348768234,0.004232907202094793,0.010715149343013763,0.9518053531646729,0.0005523926811292768,Sensor
/home/lmy/iot-device-classification/dataset/sensor/round5_positionB/sensor_r5.pcapng,R5,120,1202.6140410900116,0.25081390142440796,0.05389048159122467,0.01774813048541546,0.6761252284049988,0.0014222695026546717,Sensor
/home/lmy/iot-device-classification/dataset/sensor/round5_positionB/sensor_r5.pcapng,R5,121,1210.0924389362335,0.29287779331207275,0.5502375960350037,0.06648560613393784,0.08890020102262497,0.0014988076873123646,Sensor
/home/lmy/iot-device-classification/dataset/sensor/round5_positionB/sensor_r5.pcapng,R5,122,1220.8129291534424,0.2214978039264679,0.012094203382730484,0.000980176730081439,0.7652010321617126,0.00022684007126372308,Sensor
/home/lmy/iot-device-classification/dataset/sensor/round5_positionB/sensor_r5.pcapng,R5,123,1233.1893413066864,0.33600446581840515,0.05074004828929901,0.06757966428995132,0.5437607169151306,0.0019151075975969434,Sensor
/home/lmy/iot-device-classification/dataset/sensor/round5_positionB/sensor_r5.pcapng,R5,124,1240.945651292801,0.05396304279565811,0.005413113161921501,0.00808698870241642,0.931688666343689,0.000848150288220495,Sensor
/home/lmy/iot-device-classification/dataset/sensor/round5_positionB/sensor_r5.pcapng,R5,125,1254.9624407291412,0.007626727223396301,0.00402173213660717,0.0021352844778448343,0.9857123494148254,0.0005039644311182201,Sensor
/home/lmy/iot-device-classification/dataset/sensor/round5_positionB/sensor_r5.pcapng,R5,126,1263.3494594097135,0.01834515482187271,0.006124275270849466,0.005132080987095833,0.9700446128845215,0.00035395825398154557,Sensor
/home/lmy/iot-device-classification/dataset/sensor/round5_positionB/sensor_r5.pcapng,R5,127,1270.9073996543884,0.9174699783325195,0.048954401165246964,0.002109929220750928,0.03120492585003376,0.00026072378386743367,Sensor
/home/lmy/iot-device-classification/dataset/sensor/round5_positionB/sensor_r5.pcapng,R5,128,1286.1631169319153,0.027035223320126534,0.004881212487816811,0.008101184852421284,0.9594840407371521,0.0004983681719750166,Sensor
/home/lmy/iot-device-classification/dataset/sensor/round5_positionB/sensor_r5.pcapng,R5,129,1293.5903112888336,0.1528237760066986,0.003471126314252615,0.017920728772878647,0.8254706859588623,0.0003137320454698056,Sensor
/home/lmy/iot-device-classification/dataset/sensor/round5_positionB/sensor_r5.pcapng,R5,130,1300.9648458957672,0.024239394813776016,0.008378570899367332,0.003074660198763013,0.9636790156364441,0.0006283481488935649,Sensor
/home/lmy/iot-device-classification/dataset/sensor/round5_positionB/sensor_r5.pcapng,R5,131,1310.8285081386566,0.6407220959663391,0.009026499465107918,0.015104257501661777,0.3341394066810608,0.0010077232727780938,Sensor
/home/lmy/iot-device-classification/dataset/sensor/round5_positionB/sensor_r5.pcapng,R5,132,1323.670475482941,0.11325760930776596,0.003890402615070343,0.02251189760863781,0.8599582314491272,0.0003818565746769309,Sensor
/home/lmy/iot-device-classification/dataset/sensor/round5_positionB/sensor_r5.pcapng,R5,133,1330.9094059467316,0.4561808705329895,0.46280622482299805,0.007720505353063345,0.07296774536371231,0.0003246395499445498,Sensor
/home/lmy/iot-device-classification/dataset/sensor/round5_positionB/sensor_r5.pcapng,R5,134,1346.4843094348907,0.022795721888542175,0.0033849342726171017,0.0013194057391956449,0.9721719026565552,0.0003279784577898681,Sensor
/home/lmy/iot-device-classification/dataset/sensor/round5_positionB/sensor_r5.pcapng,R5,135,1354.0989973545074,0.10112393647432327,0.00668538361787796,0.03671743720769882,0.8541123270988464,0.001360906520858407,Sensor
/home/lmy/iot-device-classification/dataset/sensor/round5_positionB/sensor_r5.pcapng,R5,136,1360.305921792984,0.6833861470222473,0.08522866666316986,0.039458148181438446,0.1908164918422699,0.0011105624726042151,Sensor
/home/lmy/iot-device-classification/dataset/sensor/round5_positionB/sensor_r5.pcapng,R5,137,1375.6039202213287,0.03140119090676308,0.004332450684159994,0.009623606689274311,0.9541105628013611,0.0005321151693351567,Sensor
/home/lmy/iot-device-classification/dataset/sensor/round5_positionB/sensor_r5.pcapng,R5,138,1381.0122838020325,0.4754606783390045,0.1688472032546997,0.06331081688404083,0.29046472907066345,0.0019165241392329335,Sensor
/home/lmy/iot-device-classification/dataset/sensor/round5_positionB/sensor_r5.pcapng,R5,139,1391.0480048656464,0.027803102508187294,0.02124675177037716,0.01579301431775093,0.934683084487915,0.0004739825089927763,Sensor
/home/lmy/iot-device-classification/dataset/sensor/round5_positionB/sensor_r5.pcapng,R5,140,1400.8147883415222,0.23043252527713776,0.006822393741458654,0.001333859865553677,0.7611417174339294,0.00026949861785396934,Sensor
/home/lmy/iot-device-classification/dataset/sensor/round5_positionB/sensor_r5.pcapng,R5,141,1414.3924345970154,0.04927309975028038,0.009034129790961742,0.0009118732414208353,0.9405093789100647,0.00027153303381055593,Sensor
/home/lmy/iot-device-classification/dataset/sensor/round5_positionB/sensor_r5.pcapng,R5,142,1421.0770349502563,0.5366216897964478,0.061020344495773315,0.01709883287549019,0.38414880633354187,0.0011102857533842325,Sensor
/home/lmy/iot-device-classification/dataset/sensor/round5_positionB/sensor_r5.pcapng,R5,143,1434.368307352066,0.447954922914505,0.023284895345568657,0.24437472224235535,0.2829451262950897,0.0014403840759769082,Sensor
/home/lmy/iot-device-classification/dataset/sensor/round5_positionB/sensor_r5.pcapng,R5,144,1444.1945703029633,0.06274661421775818,0.005092242266982794,0.055056944489479065,0.8766840100288391,0.0004201770934741944,Sensor
/home/lmy/iot-device-classification/dataset/sensor/round5_positionB/sensor_r5.pcapng,R5,145,1450.8548040390017,0.6484231352806091,0.21415004134178162,0.005200129467993975,0.13076069951057434,0.001465997425839305,Sensor
/home/lmy/iot-device-classification/dataset/sensor/round5_positionB/sensor_r5.pcapng,R5,146,1460.0430369377136,0.2762867212295532,0.21997509896755219,0.011095630936324596,0.489341676235199,0.003300880081951618,Sensor
/home/lmy/iot-device-classification/dataset/sensor/round5_positionB/sensor_r5.pcapng,R5,147,1474.7920999526978,0.0745605006814003,0.02625349350273609,0.012668449431657791,0.8859612345695496,0.0005563087179325521,Sensor
/home/lmy/iot-device-classification/dataset/sensor/round5_positionB/sensor_r5.pcapng,R5,148,1481.1365718841553,0.1661422699689865,0.08149453997612,0.006662419065833092,0.7450001835823059,0.0007005934021435678,Sensor
/home/lmy/iot-device-classification/dataset/sensor/round5_positionB/sensor_r5.pcapng,R5,149,1490.8163673877716,0.28016579151153564,0.03731213137507439,0.003695454215630889,0.6784624457359314,0.00036417925730347633,Sensor
/home/lmy/iot-device-classification/dataset/sensor/round5_positionB/sensor_r5.pcapng,R5,150,1504.8723430633545,0.09402823448181152,0.008063100278377533,0.0034784276504069567,0.89406418800354,0.00036612548865377903,Sensor
/home/lmy/iot-device-classification/dataset/sensor/round5_positionB/sensor_r5.pcapng,R5,151,1511.1644232273102,0.4413667619228363,0.024670995771884918,0.03778386488556862,0.4895377457141876,0.006640661042183638,Sensor
/home/lmy/iot-device-classification/dataset/sensor/round5_positionB/sensor_r5.pcapng,R5,152,1520.064296245575,0.05040401220321655,0.014762970618903637,0.03209283575415611,0.9008150696754456,0.001925139338709414,Sensor
/home/lmy/iot-device-classification/dataset/sensor/round5_positionB/sensor_r5.pcapng,R5,153,1530.1567831039429,0.0867232233285904,0.0860469862818718,0.014511341229081154,0.8121844530105591,0.0005339592462405562,Sensor
/home/lmy/iot-device-classification/dataset/sensor/round5_positionB/sensor_r5.pcapng,R5,154,1540.2065258026123,0.8185930848121643,0.03542713820934296,0.019047942012548447,0.12491767853498459,0.002014126628637314,Sensor
/home/lmy/iot-device-classification/dataset/sensor/round5_positionB/sensor_r5.pcapng,R5,155,1550.2568910121918,0.10221056640148163,0.025875719264149666,0.05520831048488617,0.815082311630249,0.0016231155022978783,Sensor
/home/lmy/iot-device-classification/dataset/sensor/round5_positionB/sensor_r5.pcapng,R5,156,1560.1078963279724,0.04952872544527054,0.016681073233485222,0.002370552159845829,0.9312393665313721,0.00018022766744252294,Sensor
/home/lmy/iot-device-classification/dataset/sensor/round5_positionB/sensor_r5.pcapng,R5,157,1570.4057121276855,0.20250004529953003,0.032588131725788116,0.0059289182536304,0.7583470344543457,0.0006359050748869777,Sensor
/home/lmy/iot-device-classification/dataset/sensor/round5_positionB/sensor_r5.pcapng,R5,158,1580.2903020381927,0.2169395536184311,0.021577881649136543,0.002132999012246728,0.759045422077179,0.00030412382329814136,Sensor
/home/lmy/iot-device-classification/dataset/sensor/round5_positionB/sensor_r5.pcapng,R5,159,1590.6053698062897,0.011670751497149467,0.020918618887662888,0.0019236310617998242,0.9652928113937378,0.00019415242422837764,Sensor
/home/lmy/iot-device-classification/dataset/sensor/round5_positionB/sensor_r5.pcapng,R5,160,1600.485176563263,0.6607493758201599,0.3041467070579529,0.019630176946520805,0.014930834993720055,0.0005428754957392812,Sensor
/home/lmy/iot-device-classification/dataset/sensor/round5_positionB/sensor_r5.pcapng,R5,161,1610.7569589614868,0.013916341587901115,0.012624703347682953,0.024551037698984146,0.9485551118850708,0.00035280894371680915,Sensor
/home/lmy/iot-device-classification/dataset/sensor/round5_positionB/sensor_r5.pcapng,R5,162,1620.74587392807,0.08617011457681656,0.02104082703590393,0.015492664650082588,0.8768391609191895,0.00045719838817603886,Sensor
/home/lmy/iot-device-classification/dataset/sensor/round5_positionB/sensor_r5.pcapng,R5,163,1630.7063167095184,0.334715873003006,0.3642314076423645,0.0642397329211235,0.23589999973773956,0.0009129453101195395,Sensor
/home/lmy/iot-device-classification/dataset/sensor/round5_positionB/sensor_r5.pcapng,R5,164,1640.858339548111,0.17409667372703552,0.06745595484972,0.014943872578442097,0.7405691146850586,0.0029343811329454184,Sensor
/home/lmy/iot-device-classification/dataset/sensor/round5_positionB/sensor_r5.pcapng,R5,165,1650.9574604034424,0.0832936093211174,0.04808977246284485,0.02409215271472931,0.8438720703125,0.0006524230702780187,Sensor
/home/lmy/iot-device-classification/dataset/sensor/round5_positionB/sensor_r5.pcapng,R5,166,1660.8577501773834,0.4094555974006653,0.3458713889122009,0.007571617607027292,0.23633889853954315,0.0007624702411703765,Sensor
/home/lmy/iot-device-classification/dataset/sensor/round5_positionB/sensor_r5.pcapng,R5,167,1670.8164687156675,0.5110610127449036,0.0639541894197464,0.009402300231158733,0.41466251015663147,0.0009199769119732082,Sensor
/home/lmy/iot-device-classification/dataset/sensor/round5_positionB/sensor_r5.pcapng,R5,168,1681.006920337677,0.08408879488706589,0.013854959979653358,0.007115192245692015,0.8946961760520935,0.0002448559389449656,Sensor
/home/lmy/iot-device-classification/dataset/sensor/round5_positionB/sensor_r5.pcapng,R5,169,1690.8558082580566,0.635173499584198,0.03165611997246742,0.015325088053941727,0.3173083961009979,0.0005369024001993239,Sensor
/home/lmy/iot-device-classification/dataset/sensor/round5_positionB/sensor_r5.pcapng,R5,170,1701.188490152359,0.15534359216690063,0.023790668696165085,0.013258446007966995,0.8072447180747986,0.0003625331446528435,Sensor
/home/lmy/iot-device-classification/dataset/sensor/round5_positionB/sensor_r5.pcapng,R5,171,1711.285855293274,0.1421087682247162,0.07097389549016953,0.003836112329736352,0.7826303839683533,0.0004508660058490932,Sensor
/home/lmy/iot-device-classification/dataset/sensor/round5_positionB/sensor_r5.pcapng,R5,172,1720.9113504886627,0.33554866909980774,0.6447865962982178,0.013534215278923512,0.00583285465836525,0.0002976231335196644,Sensor
/home/lmy/iot-device-classification/dataset/sensor/round5_positionB/sensor_r5.pcapng,R5,173,1731.4860689640043,0.48376885056495667,0.007946019060909748,0.005943908356130123,0.5017189979553223,0.0006222340743988752,Sensor
/home/lmy/iot-device-classification/dataset/sensor/round5_positionB/sensor_r5.pcapng,R5,174,1741.3062551021576,0.010235576890408993,0.002822335809469223,0.0014681152533739805,0.9853476285934448,0.00012635761231649667,Sensor
/home/lmy/iot-device-classification/dataset/sensor/round5_positionB/sensor_r5.pcapng,R5,175,1751.407266139984,0.5473708510398865,0.2815777063369751,0.05712112411856651,0.11122991144657135,0.0027003923896700144,Sensor
/home/lmy/iot-device-classification/dataset/sensor/round5_positionB/sensor_r5.pcapng,R5,176,1760.8187577724457,0.2218456268310547,0.018202299252152443,0.002555304206907749,0.7570485472679138,0.00034823131863959134,Sensor
/home/lmy/iot-device-classification/dataset/sensor/round5_positionB/sensor_r5.pcapng,R5,177,1771.7504253387451,0.15587782859802246,0.3859507441520691,0.05548074468970299,0.4013908803462982,0.001299817580729723,Sensor
/home/lmy/iot-device-classification/dataset/sensor/round5_positionB/sensor_r5.pcapng,R5,178,1781.4412717819214,0.23486439883708954,0.7405374050140381,0.008080893196165562,0.016043227165937424,0.00047402794007211924,Sensor
/home/lmy/iot-device-classification/dataset/sensor/round5_positionB/sensor_r5.pcapng,R5,179,1791.9490413665771,0.03022363968193531,0.00783504731953144,0.010593769140541553,0.9509375095367432,0.00040995824383571744,Sensor
/home/lmy/iot-device-classification/dataset/sensor/round5_positionB/sensor_r5.pcapng,R5,180,1802.0057265758517,0.025785842910408974,0.005587446969002485,0.001571444794535637,0.9668442010879517,0.00021106036729179323,Sensor
/home/lmy/iot-device-classification/dataset/sensor/round5_positionB/sensor_r5.pcapng,R5,181,1810.8692185878756,0.8579381704330444,0.04526715353131294,0.004147074185311794,0.09226199984550476,0.00038556786603294313,Sensor
/home/lmy/iot-device-classification/dataset/sensor/round5_positionB/sensor_r5.pcapng,R5,182,1821.9975278377533,0.17767329514026642,0.008290874771773815,0.005125617608428001,0.8085405230522156,0.0003696738858707249,Sensor
/home/lmy/iot-device-classification/dataset/sensor/round5_positionB/sensor_r5.pcapng,R5,183,1832.149120569229,0.02300095185637474,0.004126048181205988,0.003961650189012289,0.9683554768562317,0.0005558207049034536,Sensor
/home/lmy/iot-device-classification/dataset/sensor/round5_positionB/sensor_r5.pcapng,R5,184,1841.4962437152865,0.8034542798995972,0.041353169828653336,0.004102126229554415,0.14987607300281525,0.0012143348576501012,Sensor
/home/lmy/iot-device-classification/dataset/sensor/round5_positionB/sensor_r5.pcapng,R5,185,1850.815822839737,0.15553018450737,0.031478773802518845,0.02073541469871998,0.7915646433830261,0.0006909975199960172,Sensor
/home/lmy/iot-device-classification/dataset/sensor/round5_positionB/sensor_r5.pcapng,R5,186,1862.374768257141,0.04998365044593811,0.018902674317359924,0.22059877216815948,0.7097503542900085,0.000764600292313844,Sensor
/home/lmy/iot-device-classification/dataset/sensor/round5_positionB/sensor_r5.pcapng,R5,187,1871.5253863334656,0.9519049525260925,0.019885331392288208,0.0019511887803673744,0.02586265280842781,0.0003958629386033863,Sensor
/home/lmy/iot-device-classification/dataset/sensor/round5_positionB/sensor_r5.pcapng,R5,188,1882.492188215256,0.7880431413650513,0.012553592212498188,0.002258770866319537,0.19628767669200897,0.0008568459306843579,Sensor
/home/lmy/iot-device-classification/dataset/sensor/round5_positionB/sensor_r5.pcapng,R5,189,1892.59082698822,0.051362741738557816,0.012433100491762161,0.0015315924538299441,0.9343916177749634,0.00028095426387153566,Sensor
/home/lmy/iot-device-classification/dataset/sensor/round5_positionB/sensor_r5.pcapng,R5,190,1900.8264346122744,0.9207873940467834,0.0048821051605045795,0.0011756261810660362,0.07299063354730606,0.0001642750867176801,Sensor
/home/lmy/iot-device-classification/dataset/sensor/round5_positionB/sensor_r5.pcapng,R5,191,1912.68989777565,0.3682388663291931,0.0033774387557059526,0.009718001820147038,0.618012547492981,0.0006531993276439607,Sensor
/home/lmy/iot-device-classification/dataset/sensor/round5_positionB/sensor_r5.pcapng,R5,192,1922.7893857955933,0.1584233045578003,0.010627017356455326,0.010238852351903915,0.8201814889907837,0.0005293439025990665,Sensor
/home/lmy/iot-device-classification/dataset/sensor/round5_positionB/sensor_r5.pcapng,R5,193,1931.5766291618347,0.26451945304870605,0.009700248949229717,0.014568375423550606,0.7092428803443909,0.001969017554074526,Sensor
/home/lmy/iot-device-classification/dataset/sensor/round5_positionB/sensor_r5.pcapng,R5,194,1940.808608531952,0.059350062161684036,0.0014716200530529022,0.0044311825186014175,0.9345275163650513,0.0002195619308622554,Sensor
/home/lmy/iot-device-classification/dataset/sensor/round5_positionB/sensor_r5.pcapng,R5,195,1950.9831738471985,0.5145314335823059,0.006312815472483635,0.0023299898020923138,0.4764113426208496,0.0004144143604207784,Sensor
/home/lmy/iot-device-classification/dataset/sensor/round5_positionB/sensor_r5.pcapng,R5,196,1961.602102279663,0.041756853461265564,0.008826371282339096,0.006026020739227533,0.9430859684944153,0.000304847868392244,Sensor
/home/lmy/iot-device-classification/dataset/sensor/round5_positionB/sensor_r5.pcapng,R5,197,1972.9848198890688,0.03718113154172897,0.010005648247897625,0.0020103512797504663,0.9505370259284973,0.00026582760619930923,Sensor
/home/lmy/iot-device-classification/dataset/sensor/round5_positionB/sensor_r5.pcapng,R5,198,1983.1355457305908,0.032198648899793625,0.008263366296887398,0.017792442813515663,0.9412173628807068,0.0005281636258587241,Sensor
/home/lmy/iot-device-classification/dataset/sensor/round5_positionB/sensor_r5.pcapng,R5,199,1990.8193204402924,0.622222363948822,0.08424372225999832,0.01053936779499054,0.28238409757614136,0.0006104836356826127,Sensor
/home/lmy/iot-device-classification/dataset/sensor/round5_positionB/sensor_r5.pcapng,R5,200,2003.194881916046,0.019277142360806465,0.010131608694791794,0.0020815888419747353,0.968245267868042,0.0002643494226504117,Sensor
/home/lmy/iot-device-classification/dataset/sensor/round5_positionB/sensor_r5.pcapng,R5,201,2013.2815246582031,0.1210157722234726,0.007995780557394028,0.003916955552995205,0.8665654063224792,0.0005060768453404307,Sensor
/home/lmy/iot-device-classification/dataset/sensor/round5_positionB/sensor_r5.pcapng,R5,202,2021.6583931446075,0.12175720185041428,0.014704534783959389,0.014364020898938179,0.8483866453170776,0.0007876064046286047,Sensor
/home/lmy/iot-device-classification/dataset/sensor/round5_positionB/sensor_r5.pcapng,R5,203,2030.801322937012,0.15800637006759644,0.0030053546652197838,0.004991602152585983,0.8335379958152771,0.00045864286948926747,Sensor
/home/lmy/iot-device-classification/dataset/sensor/round5_positionB/sensor_r5.pcapng,R5,204,2041.5018939971924,0.10426757484674454,0.02123119868338108,0.006801322102546692,0.8670759797096252,0.000623901782091707,Sensor
/home/lmy/iot-device-classification/dataset/sensor/round5_positionB/sensor_r5.pcapng,R5,205,2050.815348148346,0.9418150186538696,0.0027776851784437895,0.000565275433473289,0.054681576788425446,0.0001604732678970322,Sensor
/home/lmy/iot-device-classification/dataset/sensor/round5_positionB/sensor_r5.pcapng,R5,206,2063.678654909134,0.08687059581279755,0.02731492929160595,0.008255952969193459,0.8769583106040955,0.0006001686560921371,Sensor
/home/lmy/iot-device-classification/dataset/sensor/round5_positionB/sensor_r5.pcapng,R5,207,2070.519357442856,0.12536944448947906,0.022288229316473007,0.005671929568052292,0.8457024693489075,0.0009679353679530323,Sensor
/home/lmy/iot-device-classification/dataset/sensor/round5_positionB/sensor_r5.pcapng,R5,208,2081.716497898102,0.30758634209632874,0.046415749937295914,0.09248431026935577,0.549311101436615,0.00420251814648509,Sensor
/home/lmy/iot-device-classification/dataset/sensor/round5_positionB/sensor_r5.pcapng,R5,209,2093.9391634464264,0.012040926143527031,0.0023349178954958916,0.004693725146353245,0.9807448387145996,0.00018562129116617143,Sensor
/home/lmy/iot-device-classification/dataset/sensor/round5_positionB/sensor_r5.pcapng,R5,210,2104.086278200149,0.29495924711227417,0.022082561627030373,0.02043513022363186,0.6610859632492065,0.0014371253782883286,Sensor
/home/lmy/iot-device-classification/dataset/sensor/round5_positionB/sensor_r5.pcapng,R5,211,2111.7443282604218,0.24663658440113068,0.0028955715242773294,0.010749072767794132,0.7390231490135193,0.000695684168022126,Sensor
/home/lmy/iot-device-classification/dataset/sensor/round5_positionB/sensor_r5.pcapng,R5,212,2120.7957289218903,0.22953443229198456,0.030680203810334206,0.005186294671148062,0.7341251969337463,0.0004738275019917637,Sensor
/home/lmy/iot-device-classification/dataset/sensor/round5_positionB/sensor_r5.pcapng,R5,213,2134.1358530521397,0.37508073449134827,0.02464907057583332,0.03293504938483238,0.5666194558143616,0.0007156366482377052,Sensor
/home/lmy/iot-device-classification/dataset/sensor/round5_positionB/sensor_r5.pcapng,R5,214,2141.7697761058807,0.07269702851772308,0.002226096810773015,0.0014009401202201843,0.9234662055969238,0.00020973608479835093,Sensor
/home/lmy/iot-device-classification/dataset/sensor/round5_positionB/sensor_r5.pcapng,R5,215,2154.5148618221283,0.010834836401045322,0.002187244826927781,0.003977242857217789,0.9828265309333801,0.00017413431487511843,Sensor
/home/lmy/iot-device-classification/dataset/sensor/round5_positionB/sensor_r5.pcapng,R5,216,2164.4825401306152,0.06003744527697563,0.010592950507998466,0.014851901680231094,0.9140363335609436,0.0004813367559108883,Sensor
/home/lmy/iot-device-classification/dataset/sensor/round5_positionB/sensor_r5.pcapng,R5,217,2170.808559179306,0.6036150455474854,0.02091561071574688,0.004459134768694639,0.3705665171146393,0.0004436540766619146,Sensor
/home/lmy/iot-device-classification/dataset/sensor/round5_positionB/sensor_r5.pcapng,R5,218,2184.581990480423,0.040372613817453384,0.057630572468042374,0.009300913661718369,0.8914838433265686,0.0012120554456487298,Sensor
/home/lmy/iot-device-classification/dataset/sensor/round5_positionB/sensor_r5.pcapng,R5,219,2190.0505719184875,0.11292508989572525,0.057069383561611176,0.0010309242643415928,0.828498899936676,0.0004757001588586718,Sensor
/home/lmy/iot-device-classification/dataset/sensor/round5_positionB/sensor_r5.pcapng,R5,220,2201.8285303115845,0.18742769956588745,0.0027517981361597776,0.01203886792063713,0.7973667979240417,0.0004148512380197644,Sensor
/home/lmy/iot-device-classification/dataset/sensor/round5_positionB/sensor_r5.pcapng,R5,221,2210.791697502136,0.27009207010269165,0.008799292147159576,0.0015280747320502996,0.7193213701248169,0.00025916530285030603,Sensor
/home/lmy/iot-device-classification/dataset/sensor/round5_positionB/sensor_r5.pcapng,R5,222,2221.5514030456543,0.022864779457449913,0.006693853996694088,0.0021699797362089157,0.9678745865821838,0.0003968090168200433,Sensor
/home/lmy/iot-device-classification/dataset/sensor/round5_positionB/sensor_r5.pcapng,R5,223,2231.839970350265,0.024000264704227448,0.007709912024438381,0.004260250832885504,0.9633466601371765,0.0006828580517321825,Sensor
/home/lmy/iot-device-classification/dataset/sensor/round5_positionB/sensor_r5.pcapng,R5,224,2245.029712677002,0.053020916879177094,0.004114322364330292,0.07762467861175537,0.8642226457595825,0.0010175065835937858,Sensor
/home/lmy/iot-device-classification/dataset/sensor/round5_positionB/sensor_r5.pcapng,R5,225,2255.078049659729,0.06759615987539291,0.009956881403923035,0.004998083226382732,0.9170724153518677,0.00037652545142918825,Sensor
/home/lmy/iot-device-classification/dataset/sensor/round5_positionB/sensor_r5.pcapng,R5,226,2260.805530309677,0.2747392952442169,0.0024114304687827826,0.005627332255244255,0.7167866826057434,0.0004353255790192634,Sensor
/home/lmy/iot-device-classification/dataset/sensor/round5_positionB/sensor_r5.pcapng,R5,227,2275.0768897533417,0.2704913020133972,0.0014968964969739318,0.0014218305004760623,0.7264144420623779,0.00017550241318531334,Sensor
/home/lmy/iot-device-classification/dataset/sensor/round5_positionB/sensor_r5.pcapng,R5,228,2280.206006526947,0.17101351916790009,0.12511485815048218,0.01928328163921833,0.6838587522506714,0.0007295925752259791,Sensor
/home/lmy/iot-device-classification/dataset/sensor/round5_positionB/sensor_r5.pcapng,R5,229,2291.8546726703644,0.08756335079669952,0.027404921129345894,0.02911202982068062,0.8548840880393982,0.0010356534039601684,Sensor
/home/lmy/iot-device-classification/dataset/sensor/round5_positionB/sensor_r5.pcapng,R5,230,2300.7877831459045,0.26842552423477173,0.07980254292488098,0.006845971569418907,0.6443412899971008,0.0005847025895491242,Sensor
/home/lmy/iot-device-classification/dataset/sensor/round5_positionB/sensor_r5.pcapng,R5,231,2315.5233969688416,0.057005878537893295,0.1560204178094864,0.0016859928146004677,0.7845916748046875,0.0006960505852475762,Sensor
/home/lmy/iot-device-classification/dataset/sensor/round5_positionB/sensor_r5.pcapng,R5,232,2320.533639431,0.050488635897636414,0.01615944132208824,0.006752249784767628,0.9260680675506592,0.0005315965390764177,Sensor
/home/lmy/iot-device-classification/dataset/sensor/round5_positionB/sensor_r5.pcapng,R5,233,2335.622478723526,0.15576912462711334,0.0077112880535423756,0.28181004524230957,0.5523279309272766,0.0023816118482500315,Sensor
/home/lmy/iot-device-classification/dataset/sensor/round5_positionB/sensor_r5.pcapng,R5,234,2344.1647593975067,0.2605907917022705,0.007159424014389515,0.5528919696807861,0.17820638418197632,0.0011514403158798814,Sensor
/home/lmy/iot-device-classification/dataset/sensor/round5_positionB/sensor_r5.pcapng,R5,235,2350.8258757591248,0.22976844012737274,0.005846952088177204,0.005711927078664303,0.7578304409980774,0.0008422534447163343,Sensor
/home/lmy/iot-device-classification/dataset/sensor/round5_positionB/sensor_r5.pcapng,R5,236,2365.65474653244,0.16076448559761047,0.002327929250895977,0.0015163033967837691,0.8349254727363586,0.000465807446744293,Sensor
/home/lmy/iot-device-classification/dataset/sensor/round5_positionB/sensor_r5.pcapng,R5,237,2373.082605838776,0.04132759943604469,0.010816575959324837,0.00798005610704422,0.9394965767860413,0.00037923105992376804,Sensor
/home/lmy/iot-device-classification/dataset/sensor/round5_positionB/sensor_r5.pcapng,R5,238,2381.1641631126404,0.5241765379905701,0.19430400431156158,0.0024302517995238304,0.2785014510154724,0.0005877699586562812,Sensor
/home/lmy/iot-device-classification/dataset/sensor/round5_positionB/sensor_r5.pcapng,R5,239,2390.795572757721,0.5990150570869446,0.033315129578113556,0.0026714676059782505,0.36461687088012695,0.00038146600127220154,Sensor
/home/lmy/iot-device-classification/dataset/sensor/round5_positionB/sensor_r5.pcapng,R5,240,2405.176333427429,0.019456256181001663,0.015321493148803711,0.016909772530198097,0.9478334784507751,0.0004789882223121822,Sensor
/home/lmy/iot-device-classification/dataset/sensor/round5_positionB/sensor_r5.pcapng,R5,241,2410.826233625412,0.3391670882701874,0.03854479640722275,0.0010148317087441683,0.6208387017250061,0.0004345366032794118,Sensor
/home/lmy/iot-device-classification/dataset/sensor/round5_positionB/sensor_r5.pcapng,R5,242,2421.16206741333,0.018001042306423187,0.011541471816599369,0.002393749775364995,0.9678428769111633,0.0002208507648902014,Sensor
/home/lmy/iot-device-classification/dataset/sensor/round5_positionB/sensor_r5.pcapng,R5,243,2435.794641017914,0.06873585283756256,0.02870107814669609,0.015364597551524639,0.8866287469863892,0.000569797120988369,Sensor
/home/lmy/iot-device-classification/dataset/sensor/round5_positionB/sensor_r5.pcapng,R5,244,2441.962543010712,0.10681435465812683,0.0017235784325748682,0.0015481561422348022,0.8896136283874512,0.00030026817694306374,Sensor
/home/lmy/iot-device-classification/dataset/sensor/round5_positionB/sensor_r5.pcapng,R5,245,2455.092740297317,0.008595448918640614,0.00331512582488358,0.009439196437597275,0.9781236052513123,0.0005266229854896665,Sensor
/home/lmy/iot-device-classification/dataset/sensor/round5_positionB/sensor_r5.pcapng,R5,246,2461.623507499695,0.058749545365571976,0.033127762377262115,0.01803162321448326,0.889614462852478,0.00047665584133937955,Sensor
/home/lmy/iot-device-classification/dataset/sensor/round5_positionB/sensor_r5.pcapng,R5,247,2471.995501518249,0.05806136876344681,0.002386813284829259,0.006715890020132065,0.9322428107261658,0.0005931018386036158,Sensor
/home/lmy/iot-device-classification/dataset/sensor/round5_positionB/sensor_r5.pcapng,R5,248,2480.779212474823,0.41924092173576355,0.036948781460523605,0.004649172071367502,0.5386136174201965,0.0005475034122355282,Sensor
/home/lmy/iot-device-classification/dataset/sensor/round5_positionB/sensor_r5.pcapng,R5,249,2496.6911008358,0.015503848902881145,0.0054091718047857285,0.007182308938354254,0.971091091632843,0.0008135844254866242,Sensor
/home/lmy/iot-device-classification/dataset/sensor/round5_positionB/sensor_r5.pcapng,R5,250,2502.0208797454834,0.007195612881332636,0.0007609488093294203,0.000674488372169435,0.9912621974945068,0.00010677962563931942,Sensor
/home/lmy/iot-device-classification/dataset/sensor/round5_positionB/sensor_r5.pcapng,R5,251,2512.0375983715057,0.736270546913147,0.0012691941810771823,0.006565493531525135,0.25542446970939636,0.0004702552978415042,Sensor
/home/lmy/iot-device-classification/dataset/sensor/round5_positionB/sensor_r5.pcapng,R5,252,2525.7781789302826,0.1973285973072052,0.005622373893857002,0.039544492959976196,0.7566157579421997,0.0008888073498383164,Sensor
/home/lmy/iot-device-classification/dataset/sensor/round5_positionB/sensor_r5.pcapng,R5,253,2530.817421913147,0.2807267904281616,0.10986174643039703,0.0031254366040229797,0.6057150959968567,0.0005709833349101245,Sensor
/home/lmy/iot-device-classification/dataset/sensor/round5_positionB/sensor_r5.pcapng,R5,254,2546.609263420105,0.004278957843780518,0.0019136447226628661,0.0009920247830450535,0.9925808906555176,0.00023442896781489253,Sensor
/home/lmy/iot-device-classification/dataset/sensor/round5_positionB/sensor_r5.pcapng,R5,255,2554.9289388656616,0.03340890258550644,0.0006894145626574755,0.0030861622653901577,0.962584376335144,0.00023120304103940725,Sensor
/home/lmy/iot-device-classification/dataset/sensor/round5_positionB/sensor_r5.pcapng,R5,256,2561.2055089473724,0.24596890807151794,0.09861943870782852,0.1241425946354866,0.5295659899711609,0.0017030478920787573,Sensor
/home/lmy/iot-device-classification/dataset/sensor/round5_positionB/sensor_r5.pcapng,R5,257,2570.778318166733,0.27224063873291016,0.0434199683368206,0.0015619858168065548,0.6824719309806824,0.00030543270986527205,Sensor
/home/lmy/iot-device-classification/dataset/sensor/round5_positionB/sensor_r5.pcapng,R5,258,2586.130522251129,0.02860885113477707,0.007264810148626566,0.028417708352208138,0.934026837348938,0.001681821420788765,Sensor
/home/lmy/iot-device-classification/dataset/sensor/round5_positionB/sensor_r5.pcapng,R5,259,2592.106001138687,0.06499313563108444,0.021270323544740677,0.008047105744481087,0.9036515355110168,0.0020379156339913607,Sensor
/home/lmy/iot-device-classification/dataset/sensor/round5_positionB/sensor_r5.pcapng,R5,260,2601.0166549682617,0.02807435393333435,0.031080249696969986,0.033155299723148346,0.9063212871551514,0.001368761993944645,Sensor
/home/lmy/iot-device-classification/dataset/sensor/round5_positionB/sensor_r5.pcapng,R5,261,2615.247363805771,0.019913021475076675,0.013626325875520706,0.020569173619151115,0.9451426863670349,0.0007488688570447266,Sensor
/home/lmy/iot-device-classification/dataset/sensor/round5_positionB/sensor_r5.pcapng,R5,262,2620.814831733704,0.26911813020706177,0.15482598543167114,0.008006307296454906,0.5672297477722168,0.0008198735304176807,Sensor
/home/lmy/iot-device-classification/dataset/sensor/round5_positionB/sensor_r5.pcapng,R5,263,2636.048661708832,0.02406916953623295,0.004608704708516598,0.01733120158314705,0.9535143971443176,0.00047652467037551105,Sensor
/home/lmy/iot-device-classification/dataset/sensor/round5_positionB/sensor_r5.pcapng,R5,264,2644.2068049907684,0.01306082308292389,0.019667163491249084,0.003079091664403677,0.9639535546302795,0.00023939124366734177,Sensor
/home/lmy/iot-device-classification/dataset/sensor/round5_positionB/sensor_r5.pcapng,R5,265,2650.793142557144,0.8161802291870117,0.06129971146583557,0.004509961232542992,0.11738958209753036,0.0006205438985489309,Sensor
/home/lmy/iot-device-classification/dataset/sensor/round5_positionB/sensor_r5.pcapng,R5,266,2660.788795948029,0.22599166631698608,0.061919089406728745,0.003838054835796356,0.7077444195747375,0.0005067764432169497,Sensor
/home/lmy/iot-device-classification/dataset/sensor/round5_positionB/sensor_r5.pcapng,R5,267,2675.56658577919,0.05527600273489952,0.04722216725349426,0.08548016846179962,0.8097253441810608,0.0022962845396250486,Sensor
/home/lmy/iot-device-classification/dataset/sensor/round5_positionB/sensor_r5.pcapng,R5,268,2682.194121360779,0.5875163674354553,0.21148571372032166,0.06737162172794342,0.1325242817401886,0.001102003501728177,Sensor
/home/lmy/iot-device-classification/dataset/sensor/round5_positionB/sensor_r5.pcapng,R5,269,2695.5349550247192,0.054547905921936035,0.09525841474533081,0.046316731721162796,0.8011828660964966,0.0026941155083477497,Sensor
/home/lmy/iot-device-classification/dataset/sensor/round5_positionB/sensor_r5.pcapng,R5,270,2705.534700632096,0.0901234894990921,0.016995735466480255,0.011494733393192291,0.880783200263977,0.0006029102369211614,Sensor
/home/lmy/iot-device-classification/dataset/sensor/round5_positionB/sensor_r5.pcapng,R5,271,2710.873759508133,0.2557471990585327,0.008134703151881695,0.0005637180875055492,0.7354192137718201,0.00013519129424821585,Sensor
/home/lmy/iot-device-classification/dataset/sensor/round5_positionB/sensor_r5.pcapng,R5,272,2725.571185350418,0.014031791128218174,0.021691471338272095,0.0005117095424793661,0.9631354212760925,0.0006296074134297669,Sensor
/home/lmy/iot-device-classification/dataset/sensor/round5_positionB/sensor_r5.pcapng,R5,273,2735.895297765732,0.010984530672430992,0.013870871625840664,0.00198343931697309,0.9723842144012451,0.0007769005023874342,Sensor
/home/lmy/iot-device-classification/dataset/sensor/round5_positionB/sensor_r5.pcapng,R5,274,2742.2533564567566,0.48426389694213867,0.07090026885271072,0.019154440611600876,0.42132237553596497,0.004359000362455845,Sensor
/home/lmy/iot-device-classification/dataset/sensor/round5_positionB/sensor_r5.pcapng,R5,275,2750.7859387397766,0.13352230191230774,0.009072963148355484,0.0010832244297489524,0.855995774269104,0.0003257048374507576,Sensor
/home/lmy/iot-device-classification/dataset/sensor/round5_positionB/sensor_r5.pcapng,R5,276,2765.784675359726,0.38985493779182434,0.14480045437812805,0.30245164036750793,0.16032487154006958,0.0025680733378976583,Sensor
/home/lmy/iot-device-classification/dataset/sensor/round5_positionB/sensor_r5.pcapng,R5,277,2772.2827813625336,0.3418367803096771,0.048217885196208954,0.011232483200728893,0.5960559844970703,0.0026568693574517965,Sensor
/home/lmy/iot-device-classification/dataset/sensor/round5_positionB/sensor_r5.pcapng,R5,278,2780.5623083114624,0.1434590071439743,0.02213813178241253,0.005754046607762575,0.827519416809082,0.0011294378200545907,Sensor
/home/lmy/iot-device-classification/dataset/sensor/round5_positionB/sensor_r5.pcapng,R5,279,2793.881478309632,0.05749938637018204,0.006555451080203056,0.003006609855219722,0.9326340556144714,0.0003044696059077978,Sensor
/home/lmy/iot-device-classification/dataset/sensor/round5_positionB/sensor_r5.pcapng,R5,280,2800.870339870453,0.1750243604183197,0.27003076672554016,0.0025669082533568144,0.5513417720794678,0.0010361484019085765,Sensor
/home/lmy/iot-device-classification/dataset/sensor/round5_positionB/sensor_r5.pcapng,R5,281,2817.0043590068817,0.005107817240059376,0.0006332577904686332,0.0037716615479439497,0.9902635812759399,0.00022362310846801847,Sensor
/home/lmy/iot-device-classification/dataset/sensor/round5_positionB/sensor_r5.pcapng,R5,282,2825.3246941566467,0.02934473752975464,0.005810542032122612,0.0009214033489115536,0.9633340835571289,0.0005892467452213168,Sensor
/home/lmy/iot-device-classification/dataset/sensor/round5_positionB/sensor_r5.pcapng,R5,283,2832.351964712143,0.10053244978189468,0.007403867319226265,0.023754071444272995,0.8675104975700378,0.0007990585290826857,Sensor
/home/lmy/iot-device-classification/dataset/sensor/round5_positionB/sensor_r5.pcapng,R5,284,2840.783376932144,0.19559162855148315,0.027943814173340797,0.011390544474124908,0.7646568417549133,0.00041721377056092024,Sensor
/home/lmy/iot-device-classification/dataset/sensor/round5_positionB/sensor_r5.pcapng,R5,285,2856.52290058136,0.019329560920596123,0.007026370149105787,0.0037609986029565334,0.9692507982254028,0.0006322123226709664,Sensor
/home/lmy/iot-device-classification/dataset/sensor/round5_positionB/sensor_r5.pcapng,R5,286,2862.372362136841,0.17737646400928497,0.5115030407905579,0.10261251777410507,0.20526960492134094,0.0032383450306952,Sensor
/home/lmy/iot-device-classification/dataset/sensor/round5_positionB/sensor_r5.pcapng,R5,287,2877.3251962661743,0.08745907247066498,0.02655191533267498,0.010918364860117435,0.8735800385475159,0.0014906480209901929,Sensor
/home/lmy/iot-device-classification/dataset/sensor/round5_positionB/sensor_r5.pcapng,R5,288,2880.057652950287,0.08876506239175797,0.005985436495393515,0.003716812701895833,0.901178240776062,0.0003544630599208176,Sensor
/home/lmy/iot-device-classification/dataset/sensor/round5_positionB/sensor_r5.pcapng,R5,289,2890.7891857624054,0.8802869319915771,0.0163708683103323,0.0019831943791359663,0.10069801658391953,0.0006609538104385138,Sensor
/home/lmy/iot-device-classification/dataset/sensor/round5_positionB/sensor_r5.pcapng,R5,290,2906.4426827430725,0.0051252576522529125,0.0014344246592372656,0.006760228890925646,0.9863669276237488,0.00031308698817156255,Sensor
/home/lmy/iot-device-classification/dataset/sensor/round5_positionB/sensor_r5.pcapng,R5,291,2916.841929912567,0.0054367464035749435,0.0011670695384964347,0.004937262739986181,0.9881379008293152,0.0003210286085959524,Sensor
/home/lmy/iot-device-classification/dataset/sensor/round5_positionB/sensor_r5.pcapng,R5,292,2922.436715364456,0.324075311422348,0.27587446570396423,0.016008775681257248,0.3833334147930145,0.0007080565555952489,Sensor
/home/lmy/iot-device-classification/dataset/sensor/round5_positionB/sensor_r5.pcapng,R5,293,2930.769677400589,0.18713106215000153,0.0055525354109704494,0.0015501806046813726,0.805560290813446,0.00020593625959008932,Sensor
/home/lmy/iot-device-classification/dataset/sensor/round5_positionB/sensor_r5.pcapng,R5,294,2944.143374919892,0.24280482530593872,0.07636306434869766,0.21159633994102478,0.46765539050102234,0.0015804131980985403,Sensor
/home/lmy/iot-device-classification/dataset/sensor/round5_positionB/sensor_r5.pcapng,R5,295,2952.4632017612457,0.08687583357095718,0.003342715324833989,0.0015070922672748566,0.9069206714630127,0.0013536481419578195,Sensor
/home/lmy/iot-device-classification/dataset/sensor/round5_positionB/sensor_r5.pcapng,R5,296,2960.2383663654327,0.028945958241820335,0.010783751495182514,0.006026676390320063,0.9536961317062378,0.0005474690697155893,Sensor
/home/lmy/iot-device-classification/dataset/sensor/round5_positionB/sensor_r5.pcapng,R5,297,2970.1104061603546,0.058931056410074234,0.027695974335074425,0.009449443779885769,0.9035893082618713,0.0003341454139444977,Sensor
/home/lmy/iot-device-classification/dataset/sensor/round5_positionB/sensor_r5.pcapng,R5,298,2980.1124498844147,0.13436178863048553,0.06980162858963013,0.0011269343085587025,0.7939431667327881,0.0007665430312044919,Sensor
/home/lmy/iot-device-classification/dataset/sensor/round5_positionB/sensor_r5.pcapng,R5,299,2990.047729730606,0.2636186480522156,0.030831366777420044,0.023640424013137817,0.6814353466033936,0.00047417599125765264,Sensor
/home/lmy/iot-device-classification/dataset/sensor/round5_positionB/sensor_r5.pcapng,R5,300,3000.1476402282715,0.11767155677080154,0.011609720066189766,0.003480448853224516,0.8668861985206604,0.0003521132457535714,Sensor
/home/lmy/iot-device-classification/dataset/sensor/round5_positionB/sensor_r5.pcapng,R5,301,3010.2482681274414,0.08303837478160858,0.0972352996468544,0.004403288010507822,0.814341127872467,0.0009818735998123884,Sensor
/home/lmy/iot-device-classification/dataset/sensor/round5_positionB/sensor_r5.pcapng,R5,302,3020.3478739261627,0.3128598630428314,0.018358945846557617,0.0006418537232093513,0.6679865121841431,0.00015285170229617506,Sensor
/home/lmy/iot-device-classification/dataset/sensor/round5_positionB/sensor_r5.pcapng,R5,303,3030.3020498752594,0.17893123626708984,0.34821727871894836,0.04147932305932045,0.42825445532798767,0.003117657732218504,Sensor
/home/lmy/iot-device-classification/dataset/sensor/round5_positionB/sensor_r5.pcapng,R5,304,3040.547819375992,0.3875044584274292,0.018203243613243103,0.0056995004415512085,0.5877534747123718,0.0008393556927330792,Sensor
/home/lmy/iot-device-classification/dataset/sensor/round5_positionB/sensor_r5.pcapng,R5,305,3050.5480666160583,0.03303157165646553,0.20258431136608124,0.012453648261725903,0.7508559823036194,0.0010745286708697677,Sensor
/home/lmy/iot-device-classification/dataset/sensor/round5_positionB/sensor_r5.pcapng,R5,306,3060.6484258174896,0.058392420411109924,0.008567535318434238,0.002664814470335841,0.9301108121871948,0.00026445064577274024,Sensor
/home/lmy/iot-device-classification/dataset/sensor/round5_positionB/sensor_r5.pcapng,R5,307,3070.588327884674,0.5562284588813782,0.23128946125507355,0.015718039125204086,0.19536042213439941,0.001403622911311686,Sensor
/home/lmy/iot-device-classification/dataset/sensor/round5_positionB/sensor_r5.pcapng,R5,308,3081.0989847183228,0.11721965670585632,0.20075592398643494,0.040008820593357086,0.6401889324188232,0.0018267057603225112,Sensor
/home/lmy/iot-device-classification/dataset/sensor/round5_positionB/sensor_r5.pcapng,R5,309,3090.648412704468,0.15332923829555511,0.0639444962143898,0.03296491503715515,0.7485651969909668,0.001196126569993794,Sensor
/home/lmy/iot-device-classification/dataset/sensor/round5_positionB/sensor_r5.pcapng,R5,310,3100.7471449375157,0.2058362066745758,0.01941784843802452,0.004635481163859367,0.7694122791290283,0.0006981903570704162,Sensor
/home/lmy/iot-device-classification/dataset/sensor/round5_positionB/sensor_r5.pcapng,R5,311,3110.780149698257,0.5104085803031921,0.003214667085558176,0.005727431271225214,0.48006516695022583,0.0005841107340529561,Sensor
/home/lmy/iot-device-classification/dataset/sensor/round5_positionB/sensor_r5.pcapng,R5,312,3121.046903371811,0.10138653963804245,0.0038922764360904694,0.004793392959982157,0.8895959854125977,0.00033176701981574297,Sensor
/home/lmy/iot-device-classification/dataset/sensor/round5_positionB/sensor_r5.pcapng,R5,313,3130.998195409775,0.5282002687454224,0.19571731984615326,0.023156259208917618,0.2503986060619354,0.002527582459151745,Sensor
/home/lmy/iot-device-classification/dataset/sensor/round5_positionB/sensor_r5.pcapng,R5,314,3141.1463198661804,0.29493996500968933,0.01582230255007744,0.0197087861597538,0.669018030166626,0.0005109033663757145,Sensor
/home/lmy/iot-device-classification/dataset/sensor/round5_positionB/sensor_r5.pcapng,R5,315,3151.2466287612915,0.16392070055007935,0.0041692256927490234,0.0033727376721799374,0.8280938267707825,0.00044350328971631825,Sensor
/home/lmy/iot-device-classification/dataset/sensor/round5_positionB/sensor_r5.pcapng,R5,316,3160.2061190605164,0.46142831444740295,0.04606001451611519,0.005297606345266104,0.48666658997535706,0.0005474134813994169,Sensor
/home/lmy/iot-device-classification/dataset/sensor/round5_positionB/sensor_r5.pcapng,R5,317,3171.2459094524384,0.06574966758489609,0.24368827044963837,0.017471278086304665,0.670925498008728,0.002165282377973199,Sensor
/home/lmy/iot-device-classification/dataset/sensor/round5_positionB/sensor_r5.pcapng,R5,318,3181.4984085559845,0.24473711848258972,0.01750972680747509,0.030094143003225327,0.7068045139312744,0.0008545077871531248,Sensor
/home/lmy/iot-device-classification/dataset/sensor/round5_positionB/sensor_r5.pcapng,R5,319,3191.6453864574432,0.34769365191459656,0.0042313155718147755,0.003234660252928734,0.6444434523582458,0.00039692086284048855,Sensor
/home/lmy/iot-device-classification/dataset/sensor/round5_positionB/sensor_r5.pcapng,R5,320,3200.765672445297,0.3584633469581604,0.03625145182013512,0.005122901406139135,0.5995262265205383,0.0006360632251016796,Sensor
/home/lmy/iot-device-classification/dataset/sensor/round5_positionB/sensor_r5.pcapng,R5,321,3211.0359382629395,0.09682964533567429,0.22823433578014374,0.07819745689630508,0.5908539295196533,0.00588463107123971,Sensor
/home/lmy/iot-device-classification/dataset/sensor/round5_positionB/sensor_r5.pcapng,R5,322,3221.7454075813293,0.1246759369969368,0.3117004334926605,0.017021559178829193,0.5455996990203857,0.0010023879585787654,Sensor
/home/lmy/iot-device-classification/dataset/sensor/round5_positionB/sensor_r5.pcapng,R5,323,3231.754254579544,0.28653958439826965,0.010828603990375996,0.0959116518497467,0.6053746938705444,0.001345509779639542,Sensor
/home/lmy/iot-device-classification/dataset/sensor/round5_positionB/sensor_r5.pcapng,R5,324,3241.848863363266,0.3123232424259186,0.09392374753952026,0.4719375669956207,0.11980454623699188,0.0020109459292143583,Sensor
/home/lmy/iot-device-classification/dataset/sensor/round5_positionB/sensor_r5.pcapng,R5,325,3250.784699201584,0.4543500244617462,0.1968151479959488,0.025125784799456596,0.32250112295150757,0.0012079771840944886,Sensor
/home/lmy/iot-device-classification/dataset/sensor/round5_positionB/sensor_r5.pcapng,R5,326,3260.0241265296936,0.04916839674115181,0.044316086918115616,0.007773477118462324,0.8979547619819641,0.000787301454693079,Sensor
/home/lmy/iot-device-classification/dataset/sensor/round5_positionB/sensor_r5.pcapng,R5,327,3273.04395031929,0.03161042928695679,0.06872279942035675,0.0017213791143149137,0.8976708054542542,0.00027457645046524704,Sensor
/home/lmy/iot-device-classification/dataset/sensor/round5_positionB/sensor_r5.pcapng,R5,328,3282.234539747238,0.09266932308673859,0.827696681022644,0.0016704645240679383,0.07735202461481094,0.0006115596042945981,Sensor
/home/lmy/iot-device-classification/dataset/sensor/round5_positionB/sensor_r5.pcapng,R5,329,3290.764428138733,0.12619902193546295,0.018736358731985092,0.001531698158942163,0.8532627820968628,0.00027019414119422436,Sensor
/home/lmy/iot-device-classification/dataset/sensor/round5_positionB/sensor_r5.pcapng,R5,330,3302.4220204353333,0.18337440490722656,0.012534311041235924,0.0016012978740036488,0.801937460899353,0.000552504148799926,Sensor
/home/lmy/iot-device-classification/dataset/sensor/round5_positionB/sensor_r5.pcapng,R5,331,3312.407509803772,0.051452066749334335,0.013707154430449009,0.03060944750905037,0.9029651880264282,0.001266093342565,Sensor
/home/lmy/iot-device-classification/dataset/sensor/round5_positionB/sensor_r5.pcapng,R5,332,3322.405920505524,0.15264005959033966,0.17187342047691345,0.0036254245787858963,0.6704561710357666,0.0014049209421500564,Sensor
/home/lmy/iot-device-classification/dataset/sensor/round5_positionB/sensor_r5.pcapng,R5,333,3332.605792760849,0.033388108015060425,0.008156216703355312,0.010889573954045773,0.9469908475875854,0.0005751877324655652,Sensor
/home/lmy/iot-device-classification/dataset/sensor/round5_positionB/sensor_r5.pcapng,R5,334,3340.8035571575165,0.9451857805252075,0.021523864939808846,0.0030794672202318907,0.029956744983792305,0.00025409733643755317,Sensor
/home/lmy/iot-device-classification/dataset/sensor/round5_positionB/sensor_r5.pcapng,R5,335,3352.655977010727,0.4095056354999542,0.03181790933012962,0.006041353568434715,0.5521180629730225,0.0005170580698177218,Sensor
/home/lmy/iot-device-classification/dataset/sensor/round5_positionB/sensor_r5.pcapng,R5,336,3362.905768156052,0.06218691170215607,0.008432110771536827,0.003756842343136668,0.9252524375915527,0.00037165579851716757,Sensor
/home/lmy/iot-device-classification/dataset/sensor/round5_positionB/sensor_r5.pcapng,R5,337,3370.864282608032,0.8070583343505859,0.03989384323358536,0.0018553038826212287,0.15051338076591492,0.0006791226915083826,Sensor
/home/lmy/iot-device-classification/dataset/sensor/round5_positionB/sensor_r5.pcapng,R5,338,3380.56564617157,0.2439509779214859,0.06370002031326294,0.007278083823621273,0.6846050024032593,0.0004659026162698865,Sensor
/home/lmy/iot-device-classification/dataset/sensor/round5_positionB/sensor_r5.pcapng,R5,339,3393.053401947021,0.011498572304844856,0.012510397471487522,0.005097757093608379,0.9703207015991211,0.0005725904484279454,Sensor
/home/lmy/iot-device-classification/dataset/sensor/round5_positionB/sensor_r5.pcapng,R5,340,3402.909060955048,0.687412440776825,0.09315372258424759,0.026340041309595108,0.19175325334072113,0.00134056038223207,Sensor
/home/lmy/iot-device-classification/dataset/sensor/round5_positionB/sensor_r5.pcapng,R5,341,3413.7529044151306,0.20331215858459473,0.013376428745687008,0.020287882536649704,0.7621372938156128,0.0008862396935001016,Sensor
/home/lmy/iot-device-classification/dataset/sensor/round5_positionB/sensor_r5.pcapng,R5,342,3423.2327466011047,0.05682055279612541,0.014889633283019066,0.0036660940386354923,0.924332320690155,0.00029136057128198445,Sensor
/home/lmy/iot-device-classification/dataset/sensor/round5_positionB/sensor_r5.pcapng,R5,343,3430.7849550247192,0.871778666973114,0.013343676924705505,0.0038791391998529434,0.11059163510799408,0.00040691759204491973,Sensor
/home/lmy/iot-device-classification/dataset/sensor/round5_positionB/sensor_r5.pcapng,R5,344,3443.305077791214,0.2107299566268921,0.18568864464759827,0.002423232654109597,0.6004171371459961,0.0007409923709928989,Sensor
/home/lmy/iot-device-classification/dataset/sensor/round5_positionB/sensor_r5.pcapng,R5,345,3453.606287240982,0.015812110155820847,0.003866130020469427,0.008541002869606018,0.9712644219398499,0.0005162627785466611,Sensor
/home/lmy/iot-device-classification/dataset/sensor/round5_positionB/sensor_r5.pcapng,R5,346,3462.9380230903625,0.7023990750312805,0.06544104963541031,0.02292090654373169,0.20807699859142303,0.0011620107106864452,Sensor
/home/lmy/iot-device-classification/dataset/sensor/round5_positionB/sensor_r5.pcapng,R5,347,3470.763458490372,0.27707239985466003,0.017291566357016563,0.0029244250617921352,0.7023736238479614,0.0003380172129254788,Sensor
/home/lmy/iot-device-classification/dataset/sensor/round5_positionB/sensor_r5.pcapng,R5,348,3480.013885498047,0.1189345270395279,0.0019846325740218163,0.004368792753666639,0.8744484186172485,0.0002636345161590725,Sensor
/home/lmy/iot-device-classification/dataset/sensor/round5_positionB/sensor_r5.pcapng,R5,349,3490.8544878959656,0.3287366032600403,0.03242793306708336,0.02225317247211933,0.6140409708023071,0.00254132691770792,Sensor
/home/lmy/iot-device-classification/dataset/sensor/round5_positionB/sensor_r5.pcapng,R5,350,3503.752143383026,0.0343935526907444,0.013725608587265015,0.010399685241281986,0.941069483757019,0.0004116588970646262,Sensor
/home/lmy/iot-device-classification/dataset/sensor/round5_positionB/sensor_r5.pcapng,R5,351,3514.0047690868378,0.0975896567106247,0.017089445143938065,0.007696372456848621,0.8772518038749695,0.0003727037983480841,Sensor
/home/lmy/iot-device-classification/dataset/sensor/round5_positionB/sensor_r5.pcapng,R5,352,3520.7821829319,0.5097123980522156,0.16880345344543457,0.001949528930708766,0.3189151883125305,0.0006194139714352787,Sensor
/home/lmy/iot-device-classification/dataset/sensor/round5_positionB/sensor_r5.pcapng,R5,353,3534.1844091415405,0.4952799379825592,0.03500626981258392,0.0031986094545572996,0.46523869037628174,0.001276457798667252,Sensor
/home/lmy/iot-device-classification/dataset/sensor/round5_positionB/sensor_r5.pcapng,R5,354,3543.9521617889404,0.20012706518173218,0.03335462510585785,0.0159726832062006,0.7499514222145081,0.0005941776325926185,Sensor
/home/lmy/iot-device-classification/dataset/sensor/round5_positionB/sensor_r5.pcapng,R5,355,3552.9682371616364,0.7218953967094421,0.04532747343182564,0.02990524098277092,0.2005888670682907,0.0022830506786704063,Sensor
/home/lmy/iot-device-classification/dataset/sensor/round5_positionB/sensor_r5.pcapng,R5,356,3560.762633085251,0.32808342576026917,0.08630102127790451,0.0027058713603764772,0.5820531249046326,0.0008566108881495893,Sensor
/home/lmy/iot-device-classification/dataset/sensor/round5_positionB/sensor_r5.pcapng,R5,357,3574.405013084412,0.020564453676342964,0.002924772212281823,0.007115277461707592,0.9691165685653687,0.0002789396094158292,Sensor
/home/lmy/iot-device-classification/dataset/sensor/round5_positionB/sensor_r5.pcapng,R5,358,3582.9994559288025,0.3514616787433624,0.07230772823095322,0.03639065474271774,0.537250280380249,0.0025896511506289244,Sensor
/home/lmy/iot-device-classification/dataset/sensor/round5_positionB/sensor_r5.pcapng,R5,359,3594.5516901016235,0.3231017291545868,0.02759927324950695,0.02437877468764782,0.623511791229248,0.001408403622917831,Sensor
/home/lmy/iot-device-classification/dataset/sensor/round5_positionB/sensor_r5.pcapng,R5,360,3600.391260623932,0.35165566205978394,0.09812644869089127,0.40383392572402954,0.14419786632061005,0.002186059718951583,Sensor
/home/lmy/iot-device-classification/dataset/sensor/round5_positionB/sensor_r5.pcapng,R5,361,3610.7821147441855,0.6848716139793396,0.009911221452057362,0.0018689807038754225,0.30314478278160095,0.00020345437224023044,Sensor
/home/lmy/iot-device-classification/dataset/socket/round5_positionB/socket_r5.pcapng,R5,0,0.0,0.0001128047879319638,0.00010501615179236978,6.998412573011592e-05,0.00036281070788390934,0.9993494153022766,Socket
/home/lmy/iot-device-classification/dataset/socket/round5_positionB/socket_r5.pcapng,R5,1,10.276438236236572,0.00014843512326478958,0.0001580043026478961,4.619214087142609e-05,0.0001914340682560578,0.999455988407135,Socket
/home/lmy/iot-device-classification/dataset/socket/round5_positionB/socket_r5.pcapng,R5,2,21.19003915786743,0.0001119073640438728,0.00010487978579476476,4.701396755990572e-05,0.0004806160868611187,0.9992555975914001,Socket
/home/lmy/iot-device-classification/dataset/socket/round5_positionB/socket_r5.pcapng,R5,3,32.105992794036865,8.716278534848243e-05,4.185998477623798e-05,3.77970100089442e-05,0.00016076472820714116,0.9996724128723145,Socket
/home/lmy/iot-device-classification/dataset/socket/round5_positionB/socket_r5.pcapng,R5,4,40.2231833934784,0.00013672318891622126,0.00021393457427620888,9.968028462026268e-05,8.899046952137724e-05,0.9994606375694275,Socket
/home/lmy/iot-device-classification/dataset/socket/round5_positionB/socket_r5.pcapng,R5,5,53.18520760536194,0.00013808901712764055,0.0001111887686420232,6.373797077685595e-05,0.0005723389913327992,0.9991146922111511,Socket
/home/lmy/iot-device-classification/dataset/socket/round5_positionB/socket_r5.pcapng,R5,6,60.10725235939026,0.00010801941971294582,8.082237764028832e-05,7.360926974797621e-05,0.000549550517462194,0.9991880059242249,Socket
/home/lmy/iot-device-classification/dataset/socket/round5_positionB/socket_r5.pcapng,R5,7,70.1033444404602,0.00013510131975635886,0.0001792452676454559,5.694292485713959e-05,0.0001690866338321939,0.9994596838951111,Socket
/home/lmy/iot-device-classification/dataset/socket/round5_positionB/socket_r5.pcapng,R5,8,82.41984724998474,0.00012478127609938383,5.206064452067949e-05,4.122477912460454e-05,0.0007239459664560854,0.999057948589325,Socket
/home/lmy/iot-device-classification/dataset/socket/round5_positionB/socket_r5.pcapng,R5,9,92.51300859451294,9.936817514244467e-05,7.248013571370393e-05,5.644365955959074e-05,0.0005258539458736777,0.9992458820343018,Socket
/home/lmy/iot-device-classification/dataset/socket/round5_positionB/socket_r5.pcapng,R5,10,100.22783637046814,0.00026159247499890625,2.0700370441772975e-05,0.00010892512364080176,0.00014135184756014496,0.9994674324989319,Socket
/home/lmy/iot-device-classification/dataset/socket/round5_positionB/socket_r5.pcapng,R5,11,110.58235216140748,0.000108701380668208,5.2654762839665636e-05,4.556603016681038e-05,0.0005754326703026891,0.9992176294326782,Socket
/home/lmy/iot-device-classification/dataset/socket/round5_positionB/socket_r5.pcapng,R5,12,120.43208456039427,8.803292439552024e-05,5.5578144383616745e-05,3.6719851777888834e-05,7.961110532050952e-05,0.9997400641441345,Socket
/home/lmy/iot-device-classification/dataset/socket/round5_positionB/socket_r5.pcapng,R5,13,130.2638339996338,0.00011300359619781375,9.069778025150299e-05,5.8646906836656854e-05,0.0001296272239414975,0.9996080994606018,Socket
/home/lmy/iot-device-classification/dataset/socket/round5_positionB/socket_r5.pcapng,R5,14,140.1137337684631,0.00010801911412272602,6.156950985314324e-05,9.036160918185487e-05,0.0005548836779780686,0.9991851449012756,Socket
/home/lmy/iot-device-classification/dataset/socket/round5_positionB/socket_r5.pcapng,R5,15,150.05616116523743,0.0001237474352819845,6.255588959902525e-05,6.896113336551934e-05,0.0005390204605646431,0.9992057681083679,Socket
/home/lmy/iot-device-classification/dataset/socket/round5_positionB/socket_r5.pcapng,R5,16,160.3293001651764,0.00013821118045598269,0.00014359646593220532,6.0703321651089936e-05,0.00010890186968026683,0.999548614025116,Socket
/home/lmy/iot-device-classification/dataset/socket/round5_positionB/socket_r5.pcapng,R5,17,170.67214512825012,0.00010473103611730039,2.048609712801408e-05,0.00026882527163252234,0.0004935495089739561,0.9991124272346497,Socket
/home/lmy/iot-device-classification/dataset/socket/round5_positionB/socket_r5.pcapng,R5,18,180.48623371124268,0.00012226912076584995,0.00010877008753595874,4.390155663713813e-05,0.0004696495598182082,0.999255359172821,Socket
/home/lmy/iot-device-classification/dataset/socket/round5_positionB/socket_r5.pcapng,R5,19,190.3477017879486,9.750976460054517e-05,8.956809324445203e-05,0.0001038819900713861,0.00015190026897471398,0.9995570778846741,Socket
/home/lmy/iot-device-classification/dataset/socket/round5_positionB/socket_r5.pcapng,R5,20,200.2096967697144,0.0001109068762161769,7.384567288681865e-05,0.00013277448306325823,0.00010627876326907426,0.9995761513710022,Socket
/home/lmy/iot-device-classification/dataset/socket/round5_positionB/socket_r5.pcapng,R5,21,211.1521153450012,0.00012569627142511308,9.424285963177681e-05,7.849917892599478e-05,0.0001489914138801396,0.9995525479316711,Socket
/home/lmy/iot-device-classification/dataset/socket/round5_positionB/socket_r5.pcapng,R5,22,220.29912328720093,0.00012365907605271786,2.117830081260763e-05,0.00016880378825590014,0.0001576031354488805,0.9995287656784058,Socket
/home/lmy/iot-device-classification/dataset/socket/round5_positionB/socket_r5.pcapng,R5,23,230.8649115562439,0.00010742421727627516,5.879006494069472e-05,8.346530376002192e-05,0.0008051147451624274,0.9989451766014099,Socket
/home/lmy/iot-device-classification/dataset/socket/round5_positionB/socket_r5.pcapng,R5,24,240.7089631557465,0.00011049106979044154,8.142113802023232e-05,8.141461876221001e-05,0.0004666439490392804,0.9992600083351135,Socket
/home/lmy/iot-device-classification/dataset/socket/round5_positionB/socket_r5.pcapng,R5,25,250.34671998023987,0.00013688804756384343,0.00016810161469038576,6.401658174581826e-05,0.00010689571354305372,0.9995241165161133,Socket
/home/lmy/iot-device-classification/dataset/socket/round5_positionB/socket_r5.pcapng,R5,26,260.46054697036743,0.00035356770968064666,1.7139120245701633e-05,0.0001516669726697728,0.000532953126821667,0.9989446997642517,Socket
/home/lmy/iot-device-classification/dataset/socket/round5_positionB/socket_r5.pcapng,R5,27,271.3601467609405,0.0001184081265819259,7.047173130558804e-05,4.105369225726463e-05,0.0006584003567695618,0.9991115927696228,Socket
/home/lmy/iot-device-classification/dataset/socket/round5_positionB/socket_r5.pcapng,R5,28,280.3969695568085,0.00013766657502856106,0.00012598212924785912,0.00012389123730827123,0.00010764082981040701,0.999504804611206,Socket
/home/lmy/iot-device-classification/dataset/socket/round5_positionB/socket_r5.pcapng,R5,29,291.0001916885376,0.0001193500283989124,5.6711560318944976e-05,7.437806925736368e-05,0.0007569175213575363,0.9989926218986511,Socket
/home/lmy/iot-device-classification/dataset/socket/round5_positionB/socket_r5.pcapng,R5,30,300.8390693664551,0.00012540242460090667,5.9094112657476217e-05,6.525433127535507e-05,0.0006591944256797433,0.9990910291671753,Socket
/home/lmy/iot-device-classification/dataset/socket/round5_positionB/socket_r5.pcapng,R5,31,310.4512584209442,0.00013947588740848005,0.00016339306603185833,0.00010568461584625766,0.00010340285371057689,0.9994879961013794,Socket
/home/lmy/iot-device-classification/dataset/socket/round5_positionB/socket_r5.pcapng,R5,32,321.6062116622925,0.00011549750342965126,5.8076842833543196e-05,0.00013395580754149705,0.0004106775450054556,0.9992818236351013,Socket
/home/lmy/iot-device-classification/dataset/socket/round5_positionB/socket_r5.pcapng,R5,33,331.4244668483734,0.00016300781862810254,1.1315026313241106e-05,0.00022771162912249565,0.00044482608791440725,0.9991531372070312,Socket
/home/lmy/iot-device-classification/dataset/socket/round5_positionB/socket_r5.pcapng,R5,34,340.3978340625763,0.00013997666246723384,0.00012149652320658788,0.00011353973968653008,7.301149162231013e-05,0.9995519518852234,Socket
/home/lmy/iot-device-classification/dataset/socket/round5_positionB/socket_r5.pcapng,R5,35,352.18384766578674,0.00012180078192614019,6.566474621649832e-05,0.00013331045920494944,0.0003572710556909442,0.9993219375610352,Socket
/home/lmy/iot-device-classification/dataset/socket/round5_positionB/socket_r5.pcapng,R5,36,362.0043201446533,0.00010639334504958242,5.9208283346379176e-05,6.741837569279596e-05,0.0005436782375909388,0.9992233514785767,Socket
/home/lmy/iot-device-classification/dataset/socket/round5_positionB/socket_r5.pcapng,R5,37,370.56360840797424,0.00013585267879534513,0.00019551966397557408,0.0001999636006075889,0.00011243115295656025,0.999356210231781,Socket
/home/lmy/iot-device-classification/dataset/socket/round5_positionB/socket_r5.pcapng,R5,38,381.7048587799072,0.0001358595327474177,0.0001394137361785397,0.00019742484437301755,0.00012060986045980826,0.9994066953659058,Socket
/home/lmy/iot-device-classification/dataset/socket/round5_positionB/socket_r5.pcapng,R5,39,391.5855288505554,0.0001242116850335151,9.116478759096935e-05,7.021133933449164e-05,0.00048153329407796264,0.9992328882217407,Socket
/home/lmy/iot-device-classification/dataset/socket/round5_positionB/socket_r5.pcapng,R5,40,400.50396490097046,0.0001405262592015788,0.00014752299466636032,6.547066732309759e-05,8.037930092541501e-05,0.9995661377906799,Socket
/home/lmy/iot-device-classification/dataset/socket/round5_positionB/socket_r5.pcapng,R5,41,412.4851412773132,0.00011841316154459491,9.224515088135377e-05,6.735939678037539e-05,0.000567886047065258,0.9991540908813477,Socket
/home/lmy/iot-device-classification/dataset/socket/round5_positionB/socket_r5.pcapng,R5,42,421.9933052062988,0.00010197241499554366,4.274025195627473e-05,0.00011116468522232026,0.0007124856929294765,0.999031662940979,Socket
/home/lmy/iot-device-classification/dataset/socket/round5_positionB/socket_r5.pcapng,R5,43,430.55367493629456,0.00017135105736088008,2.1164913050597534e-05,9.770405449671671e-05,0.0002716844901442528,0.9994381070137024,Socket
/home/lmy/iot-device-classification/dataset/socket/round5_positionB/socket_r5.pcapng,R5,44,442.05892515182495,0.0001225658052135259,5.269966641208157e-05,8.162541053025052e-05,0.0007742217276245356,0.9989688396453857,Socket
/home/lmy/iot-device-classification/dataset/socket/round5_positionB/socket_r5.pcapng,R5,45,451.8878183364868,0.00010857515735551715,6.515500717796385e-05,7.457096944563091e-05,0.00038654732634313405,0.9993651509284973,Socket
/home/lmy/iot-device-classification/dataset/socket/round5_positionB/socket_r5.pcapng,R5,46,460.5767846107483,0.00012986762158107013,0.00012002191215287894,0.0001657680404605344,0.0001071235747076571,0.999477207660675,Socket
/home/lmy/iot-device-classification/dataset/socket/round5_positionB/socket_r5.pcapng,R5,47,470.4856972694397,0.0001305032492382452,8.19674096419476e-05,0.00012040526053169742,0.0004112894821446389,0.9992558360099792,Socket
/home/lmy/iot-device-classification/dataset/socket/round5_positionB/socket_r5.pcapng,R5,48,482.4905304908752,0.00012129961396567523,7.645150617463514e-05,5.1841539971064776e-05,0.0007814629352651536,0.9989689588546753,Socket
/home/lmy/iot-device-classification/dataset/socket/round5_positionB/socket_r5.pcapng,R5,49,490.6284065246582,0.00013953651068732142,9.548934758640826e-05,0.00013229320757091045,0.00014982222637627274,0.9994828701019287,Socket
/home/lmy/iot-device-classification/dataset/socket/round5_positionB/socket_r5.pcapng,R5,50,502.1972229480744,0.00011491987243061885,5.224180858931504e-05,3.946879951399751e-05,0.0006672808667644858,0.999126136302948,Socket
/home/lmy/iot-device-classification/dataset/socket/round5_positionB/socket_r5.pcapng,R5,51,512.0350081920624,0.0001339264854323119,1.1460972928034607e-05,0.00018690495926421136,7.089830614859238e-05,0.9995967745780945,Socket
/home/lmy/iot-device-classification/dataset/socket/round5_positionB/socket_r5.pcapng,R5,52,520.5838980674744,0.0001376751170028001,0.00010523170931264758,9.346986917080358e-05,9.675483306637034e-05,0.9995668530464172,Socket
/home/lmy/iot-device-classification/dataset/socket/round5_positionB/socket_r5.pcapng,R5,53,532.8637771606445,9.915157716022804e-05,7.046896644169465e-05,5.747884642914869e-05,0.0005261570913717151,0.9992467164993286,Socket
/home/lmy/iot-device-classification/dataset/socket/round5_positionB/socket_r5.pcapng,R5,54,542.6858797073364,0.00014134620141703635,1.1488948985061143e-05,0.00024513134849257767,0.0005823443061672151,0.9990196228027344,Socket
/home/lmy/iot-device-classification/dataset/socket/round5_positionB/socket_r5.pcapng,R5,55,550.6338043212891,0.0001400407636538148,8.750048436922953e-05,9.224237874150276e-05,0.00010923686204478145,0.9995710253715515,Socket
/home/lmy/iot-device-classification/dataset/socket/round5_positionB/socket_r5.pcapng,R5,56,562.4965224266052,0.00010333284444641322,6.013250458636321e-05,5.696174775948748e-05,8.10635756351985e-05,0.9996985197067261,Socket
/home/lmy/iot-device-classification/dataset/socket/round5_positionB/socket_r5.pcapng,R5,57,573.4077167510986,0.00010926940012723207,1.657005850574933e-05,0.00034118694020435214,0.0004991430323570967,0.9990338087081909,Socket
/home/lmy/iot-device-classification/dataset/socket/round5_positionB/socket_r5.pcapng,R5,58,580.6824779510498,0.00014009108417667449,0.00014840957010164857,5.990795762045309e-05,0.0001065359465428628,0.9995450377464294,Socket
/home/lmy/iot-device-classification/dataset/socket/round5_positionB/socket_r5.pcapng,R5,59,593.0595099925995,0.00012374880316201597,7.079347415128723e-05,0.00011213632387807593,0.0002887474256567657,0.9994045495986938,Socket
/home/lmy/iot-device-classification/dataset/socket/round5_positionB/socket_r5.pcapng,R5,60,602.8896920681,0.00012261430674698204,7.561530219390988e-05,6.142001075204462e-05,0.00037622329546138644,0.9993641972541809,Socket
/home/lmy/iot-device-classification/dataset/socket/round5_positionB/socket_r5.pcapng,R5,61,610.7347345352173,0.00012012984370812774,5.3958967328071594e-05,0.00014240978634916246,0.00012767234875354916,0.999555766582489,Socket
/home/lmy/iot-device-classification/dataset/socket/round5_positionB/socket_r5.pcapng,R5,62,621.342146396637,0.000100750032288488,7.29086750652641e-05,6.876179395476356e-05,0.0003454717225395143,0.9994121789932251,Socket
/home/lmy/iot-device-classification/dataset/socket/round5_positionB/socket_r5.pcapng,R5,63,631.1000809669495,0.0001079924259101972,6.318594387266785e-05,4.949094000039622e-05,0.0004751970700453967,0.9993041753768921,Socket
/home/lmy/iot-device-classification/dataset/socket/round5_positionB/socket_r5.pcapng,R5,64,640.7901451587677,0.00011870451999129727,0.00012266033445484936,7.016563176875934e-05,5.8832250942941755e-05,0.9996296167373657,Socket
/home/lmy/iot-device-classification/dataset/socket/round5_positionB/socket_r5.pcapng,R5,65,654.2139036655426,0.00012373591016512364,4.8851325118448585e-05,0.00018510395602788776,0.0003419567656237632,0.9993003606796265,Socket
/home/lmy/iot-device-classification/dataset/socket/round5_positionB/socket_r5.pcapng,R5,66,664.0382313728333,0.00010535195906413719,2.1554864360950887e-05,0.0002776419569272548,0.0006084083579480648,0.9989870190620422,Socket
/home/lmy/iot-device-classification/dataset/socket/round5_positionB/socket_r5.pcapng,R5,67,670.738522529602,0.00012444789172150195,8.883531700121239e-05,0.0001065469768946059,6.594393198611215e-05,0.9996142387390137,Socket
/home/lmy/iot-device-classification/dataset/socket/round5_positionB/socket_r5.pcapng,R5,68,681.8263201713562,8.76831472851336e-05,5.483979475684464e-05,7.01300596119836e-05,0.00012317848450038582,0.9996641874313354,Socket
/home/lmy/iot-device-classification/dataset/socket/round5_positionB/socket_r5.pcapng,R5,69,693.5881366729736,8.703041385160759e-05,4.6093187847873196e-05,7.893037400208414e-05,4.6585042582591996e-05,0.9997413754463196,Socket
/home/lmy/iot-device-classification/dataset/socket/round5_positionB/socket_r5.pcapng,R5,70,700.9933984279633,0.0001833585847634822,1.8857494069379754e-05,9.711122402222827e-05,0.00014402414672076702,0.9995566010475159,Socket
/home/lmy/iot-device-classification/dataset/socket/round5_positionB/socket_r5.pcapng,R5,71,713.3178205490112,9.405944729223847e-05,2.530050369387027e-05,0.0001237801625393331,7.236811507027596e-05,0.9996844530105591,Socket
/home/lmy/iot-device-classification/dataset/socket/round5_positionB/socket_r5.pcapng,R5,72,724.3349578380585,0.0001077737906598486,5.232436888036318e-05,0.00013372840476222336,0.0003247867280151695,0.9993813037872314,Socket
/home/lmy/iot-device-classification/dataset/socket/round5_positionB/socket_r5.pcapng,R5,73,730.8073697090149,0.00010363995534135029,0.00015037060074973851,7.212095079012215e-05,6.0447287978604436e-05,0.9996134638786316,Socket
/home/lmy/iot-device-classification/dataset/socket/round5_positionB/socket_r5.pcapng,R5,74,743.9983558654785,0.00011591664951993152,3.572941568563692e-05,7.597085641464218e-05,0.0008760748314671218,0.9988962411880493,Socket
/home/lmy/iot-device-classification/dataset/socket/round5_positionB/socket_r5.pcapng,R5,75,753.8282253742218,0.00016098654305096716,7.448015094269067e-05,7.216323865577579e-05,0.0004204159486107528,0.9992719292640686,Socket
/home/lmy/iot-device-classification/dataset/socket/round5_positionB/socket_r5.pcapng,R5,76,760.8600144386292,0.0001214800140587613,0.0002009517338592559,2.7658399631036445e-05,8.12583020888269e-05,0.9995686411857605,Socket
/home/lmy/iot-device-classification/dataset/socket/round5_positionB/socket_r5.pcapng,R5,77,773.3376085758209,0.00010887929238379002,4.044062370667234e-05,0.00023189203056972474,0.0005156730185262859,0.9991031885147095,Socket
/home/lmy/iot-device-classification/dataset/socket/round5_positionB/socket_r5.pcapng,R5,78,784.1201021671295,0.00010481646313564852,3.1106672395253554e-05,0.00015992007683962584,0.0003126306110061705,0.9993915557861328,Socket
/home/lmy/iot-device-classification/dataset/socket/round5_positionB/socket_r5.pcapng,R5,79,790.8602104187012,0.00011403916869312525,4.0645827539265156e-05,7.782753527862951e-05,0.00010459723853273317,0.9996628761291504,Socket
/home/lmy/iot-device-classification/dataset/socket/round5_positionB/socket_r5.pcapng,R5,80,804.0607285499573,9.020334255183116e-05,5.5799853726057336e-05,5.8003581216325983e-05,7.625764555996284e-05,0.9997196793556213,Socket
/home/lmy/iot-device-classification/dataset/socket/round5_positionB/socket_r5.pcapng,R5,81,815.0399208068848,0.00010471312270965427,5.221333049121313e-05,0.0005358331254683435,0.00017140644195023924,0.9991359114646912,Socket
/home/lmy/iot-device-classification/dataset/socket/round5_positionB/socket_r5.pcapng,R5,82,820.8581397533417,9.74864888121374e-05,0.0001184091524919495,0.0001774715055944398,0.00010706561442930251,0.9994995594024658,Socket
/home/lmy/iot-device-classification/dataset/socket/round5_positionB/socket_r5.pcapng,R5,83,834.7711048126221,0.0001048238409566693,4.4710719521390274e-05,0.00017450666928198189,0.00021405731968116015,0.9994619488716125,Socket
/home/lmy/iot-device-classification/dataset/socket/round5_positionB/socket_r5.pcapng,R5,84,844.6072204113007,0.00012261276424396783,3.9551039662910625e-05,0.00012265791883692145,0.0003636220353655517,0.9993515610694885,Socket
/home/lmy/iot-device-classification/dataset/socket/round5_positionB/socket_r5.pcapng,R5,85,851.0153911113739,0.00011301507765892893,1.604387398401741e-05,0.0002869324234779924,9.841362771112472e-05,0.9994856119155884,Socket
/home/lmy/iot-device-classification/dataset/socket/round5_positionB/socket_r5.pcapng,R5,86,865.2274880409241,0.00012214251910336316,3.9109447243390605e-05,0.00013054920418653637,0.00029501281096599996,0.999413251876831,Socket
/home/lmy/iot-device-classification/dataset/socket/round5_positionB/socket_r5.pcapng,R5,87,875.0468871593475,0.00011257633013883606,4.5636199502041563e-05,6.661116640316322e-05,0.00038556254003196955,0.9993896484375,Socket
/home/lmy/iot-device-classification/dataset/socket/round5_positionB/socket_r5.pcapng,R5,88,880.9608016014099,0.00012208132829982787,0.00018966659263242036,6.743668200215325e-05,6.031458906363696e-05,0.999560534954071,Socket
/home/lmy/iot-device-classification/dataset/socket/round5_positionB/socket_r5.pcapng,R5,89,894.7178061008453,0.0001029436316457577,4.004607399110682e-05,7.261129940161481e-05,4.872136196354404e-05,0.9997356534004211,Socket
/home/lmy/iot-device-classification/dataset/socket/round5_positionB/socket_r5.pcapng,R5,90,904.5185148715972,0.00011360024655004963,4.1043665987672284e-05,7.974016625666991e-05,0.00040647180867381394,0.9993591904640198,Socket
/home/lmy/iot-device-classification/dataset/socket/round5_positionB/socket_r5.pcapng,R5,91,910.0004625320436,0.00012029722711304203,0.000151782194734551,7.768964860588312e-05,9.259078069590032e-05,0.9995576739311218,Socket
/home/lmy/iot-device-classification/dataset/socket/round5_positionB/socket_r5.pcapng,R5,92,924.896978378296,0.00012213646550662816,4.951942901243456e-05,0.00016693645738996565,0.00029769065440632403,0.9993637204170227,Socket
/home/lmy/iot-device-classification/dataset/socket/round5_positionB/socket_r5.pcapng,R5,93,935.0913240909576,0.00014810192806180567,4.576629726216197e-05,0.00014333448780234903,0.000360731064574793,0.9993020296096802,Socket
/home/lmy/iot-device-classification/dataset/socket/round5_positionB/socket_r5.pcapng,R5,94,941.0650238990784,0.0001679417327977717,5.730125849368051e-05,9.27663131733425e-05,0.000174800050444901,0.9995071887969971,Socket
/home/lmy/iot-device-classification/dataset/socket/round5_positionB/socket_r5.pcapng,R5,95,950.3790647983552,0.00016950313874986023,0.00010905136878136545,4.655498923966661e-05,0.0005290614790283144,0.9991458654403687,Socket
/home/lmy/iot-device-classification/dataset/socket/round5_positionB/socket_r5.pcapng,R5,96,960.2320821285248,0.00017806013056542724,9.621457138564438e-05,7.806018402334303e-05,0.0007320718141272664,0.9989155530929565,Socket
/home/lmy/iot-device-classification/dataset/socket/round5_positionB/socket_r5.pcapng,R5,97,970.0847444534302,0.00012531995889730752,1.767255162121728e-05,0.0003258091164752841,0.00010626166476868093,0.999424934387207,Socket
/home/lmy/iot-device-classification/dataset/socket/round5_positionB/socket_r5.pcapng,R5,98,980.1320836544036,0.00011893409100593999,1.2514036825450603e-05,0.00016568992577958852,0.00047467995318584144,0.9992282390594482,Socket
/home/lmy/iot-device-classification/dataset/socket/round5_positionB/socket_r5.pcapng,R5,99,990.1255037784576,0.00013073782611172646,7.178764644777402e-05,9.44977073231712e-05,8.586319017922506e-05,0.9996170997619629,Socket
/home/lmy/iot-device-classification/dataset/socket/round5_positionB/socket_r5.pcapng,R5,100,1001.1357989311218,0.00012157872697571293,0.0001198215177282691,6.403498991858214e-05,9.756370127433911e-05,0.9995970129966736,Socket
/home/lmy/iot-device-classification/dataset/socket/round5_positionB/socket_r5.pcapng,R5,101,1010.6158845424652,0.00010944280802505091,4.428531610756181e-05,7.880163320805877e-05,0.0004852423444390297,0.9992823004722595,Socket
/home/lmy/iot-device-classification/dataset/socket/round5_positionB/socket_r5.pcapng,R5,102,1020.4157161712646,0.00045512380893342197,6.091054092394188e-05,0.0001102417372749187,0.0004108053690288216,0.9989628791809082,Socket
/home/lmy/iot-device-classification/dataset/socket/round5_positionB/socket_r5.pcapng,R5,103,1030.239295244217,0.00013036385644227266,5.104289448354393e-05,0.00015461600560229272,8.374135359190404e-05,0.9995802044868469,Socket
/home/lmy/iot-device-classification/dataset/socket/round5_positionB/socket_r5.pcapng,R5,104,1040.106517314911,0.0001494969765190035,0.0001419194886693731,6.175337330205366e-05,0.000417244533309713,0.9992295503616333,Socket
/home/lmy/iot-device-classification/dataset/socket/round5_positionB/socket_r5.pcapng,R5,105,1051.0167303085327,0.00014061210094951093,9.764636342879385e-05,5.521372804651037e-05,0.0002467478043399751,0.9994598031044006,Socket
/home/lmy/iot-device-classification/dataset/socket/round5_positionB/socket_r5.pcapng,R5,106,1060.84889960289,0.00015438634727615863,0.00017295002180617303,4.853809150517918e-05,7.784665649523959e-05,0.999546229839325,Socket
/home/lmy/iot-device-classification/dataset/socket/round5_positionB/socket_r5.pcapng,R5,107,1070.7120525836945,0.0001438105828128755,2.3373067961074412e-05,0.0002781770017463714,7.422040653182194e-05,0.9994804263114929,Socket
/home/lmy/iot-device-classification/dataset/socket/round5_positionB/socket_r5.pcapng,R5,108,1080.550460577011,0.00014950789045542479,0.00011709029058692977,5.950814374955371e-05,0.00037134962622076273,0.9993025064468384,Socket
/home/lmy/iot-device-classification/dataset/socket/round5_positionB/socket_r5.pcapng,R5,109,1090.3779227733612,0.0007361723692156374,8.683719352120534e-05,0.0002348191337659955,0.00026572711067274213,0.9986763596534729,Socket
/home/lmy/iot-device-classification/dataset/socket/round5_positionB/socket_r5.pcapng,R5,110,1100.9763419628143,0.00019597231585066766,5.2883391617797315e-05,0.00011140276910737157,4.8375259211752564e-05,0.9995914101600647,Socket
/home/lmy/iot-device-classification/dataset/socket/round5_positionB/socket_r5.pcapng,R5,111,1111.120120048523,0.00011774745507864282,9.548092202749103e-05,5.9601155953714624e-05,3.89536508009769e-05,0.9996882677078247,Socket
/home/lmy/iot-device-classification/dataset/socket/round5_positionB/socket_r5.pcapng,R5,112,1120.94784617424,0.00011840651859529316,0.0001065510805347003,0.0001428247196599841,3.756552905542776e-05,0.9995946288108826,Socket
/home/lmy/iot-device-classification/dataset/socket/round5_positionB/socket_r5.pcapng,R5,113,1130.780333995819,0.00012680029612965882,0.00010795528214657679,5.244998465059325e-05,0.0004016552702523768,0.999311089515686,Socket
/home/lmy/iot-device-classification/dataset/socket/round5_positionB/socket_r5.pcapng,R5,114,1140.0080485343933,0.00010946343536488712,3.823731458396651e-05,0.00012259019422344863,0.0005048921448178589,0.9992247819900513,Socket
/home/lmy/iot-device-classification/dataset/socket/round5_positionB/socket_r5.pcapng,R5,115,1150.1331527233124,0.00016217898519244045,0.00024353146727662534,4.91597929794807e-05,0.00017395432223565876,0.9993712306022644,Socket
/home/lmy/iot-device-classification/dataset/socket/round5_positionB/socket_r5.pcapng,R5,116,1160.1270415782928,0.00014068851305637509,0.0001133587138610892,7.550929876742885e-05,0.000422616139985621,0.9992478489875793,Socket
/home/lmy/iot-device-classification/dataset/socket/round5_positionB/socket_r5.pcapng,R5,117,1170.0579397678375,0.00013887837121728808,0.0001221619313582778,4.240303678670898e-05,0.0004018471227027476,0.999294638633728,Socket
/home/lmy/iot-device-classification/dataset/socket/round5_positionB/socket_r5.pcapng,R5,118,1180.1091120243073,0.000139501818921417,7.960962830111384e-05,0.00011220955639146268,0.00010160265810554847,0.9995670914649963,Socket
/home/lmy/iot-device-classification/dataset/socket/round5_positionB/socket_r5.pcapng,R5,119,1190.4872448444366,0.00015409590560011566,0.0001311872183578089,7.821176404831931e-05,0.000530158809851855,0.9991063475608826,Socket
/home/lmy/iot-device-classification/dataset/socket/round5_positionB/socket_r5.pcapng,R5,120,1200.172666311264,0.0001390915276715532,9.239127393811941e-05,4.0528695535613224e-05,3.854101669276133e-05,0.9996894598007202,Socket
/home/lmy/iot-device-classification/dataset/socket/round5_positionB/socket_r5.pcapng,R5,121,1210.032329082489,0.00015740860544610769,7.865594670874998e-05,0.00010635138460202143,9.744675480760634e-05,0.9995601773262024,Socket
/home/lmy/iot-device-classification/dataset/socket/round5_positionB/socket_r5.pcapng,R5,122,1220.1284477710724,0.00014010933227837086,7.750771328574046e-05,4.229404657962732e-05,0.000434582558227703,0.9993054866790771,Socket
/home/lmy/iot-device-classification/dataset/socket/round5_positionB/socket_r5.pcapng,R5,123,1230.120805978775,0.00015211266872938722,6.0211055824765936e-05,8.136702672345564e-05,0.0004797165165655315,0.9992265701293945,Socket
/home/lmy/iot-device-classification/dataset/socket/round5_positionB/socket_r5.pcapng,R5,124,1240.1889743804932,0.0001570552121847868,0.00023779988987371325,7.425282092299312e-05,4.2009374737972394e-05,0.9994888305664062,Socket
/home/lmy/iot-device-classification/dataset/socket/round5_positionB/socket_r5.pcapng,R5,125,1250.2879619598389,0.00014949475007597357,9.214066813001409e-05,6.822192517574877e-05,0.0004754176188725978,0.9992146492004395,Socket
/home/lmy/iot-device-classification/dataset/socket/round5_positionB/socket_r5.pcapng,R5,126,1260.4812905788422,0.00013558907085098326,0.00012448499910533428,4.366806388134137e-05,0.00041014174348674715,0.9992861151695251,Socket
/home/lmy/iot-device-classification/dataset/socket/round5_positionB/socket_r5.pcapng,R5,127,1270.4431958198547,0.0001626675802981481,0.0002359605423407629,6.57176278764382e-05,5.174119723960757e-05,0.9994839429855347,Socket
/home/lmy/iot-device-classification/dataset/socket/round5_positionB/socket_r5.pcapng,R5,128,1280.438071012497,0.00012340040120761842,9.683092503109947e-05,7.002969505265355e-05,0.00033127120696008205,0.9993784427642822,Socket
/home/lmy/iot-device-classification/dataset/socket/round5_positionB/socket_r5.pcapng,R5,129,1291.7611038684845,0.00012967511429451406,0.00010071599535876885,4.748027276946232e-05,0.00043606493272818625,0.9992861151695251,Socket
/home/lmy/iot-device-classification/dataset/socket/round5_positionB/socket_r5.pcapng,R5,130,1300.5977356433868,0.0001493182498961687,0.00029235510737635195,8.142732258420438e-05,4.1836559830699116e-05,0.9994350075721741,Socket
/home/lmy/iot-device-classification/dataset/socket/round5_positionB/socket_r5.pcapng,R5,131,1310.692503452301,0.00013605676940642297,8.060143591137603e-05,8.560118294553831e-05,0.00034327246248722076,0.9993544220924377,Socket
/home/lmy/iot-device-classification/dataset/socket/round5_positionB/socket_r5.pcapng,R5,132,1320.7587084770205,0.0001547834399389103,8.863324910635129e-05,4.9789261538535357e-05,0.00038014916935935616,0.9993267059326172,Socket
/home/lmy/iot-device-classification/dataset/socket/round5_positionB/socket_r5.pcapng,R5,133,1330.0413491725922,0.00010081782966153696,6.938273145351559e-05,6.977741577429697e-05,6.539858441101387e-05,0.9996947050094604,Socket
/home/lmy/iot-device-classification/dataset/socket/round5_positionB/socket_r5.pcapng,R5,134,1340.9627177715302,0.0001386130170430988,0.0001596783840795979,3.595668385969475e-05,0.00040479330345988274,0.9992609620094299,Socket
/home/lmy/iot-device-classification/dataset/socket/round5_positionB/socket_r5.pcapng,R5,135,1351.1167385578156,0.00015117441944312304,0.00010950688010780141,3.598296461859718e-05,0.0005109549965709448,0.9991924166679382,Socket
/home/lmy/iot-device-classification/dataset/socket/round5_positionB/socket_r5.pcapng,R5,136,1361.114284992218,0.00013994585606269538,0.0002484902797732502,5.5156142479972914e-05,3.5751305404119194e-05,0.9995206594467163,Socket
/home/lmy/iot-device-classification/dataset/socket/round5_positionB/socket_r5.pcapng,R5,137,1371.1048889160156,0.00011789745622081682,9.207063703797758e-05,3.820123311015777e-05,0.0003667680430226028,0.9993849992752075,Socket
/home/lmy/iot-device-classification/dataset/socket/round5_positionB/socket_r5.pcapng,R5,138,1381.1693937778473,0.00018788842135109007,7.500775245716795e-05,0.0001659815025050193,0.00032226656912826,0.9992488026618958,Socket
/home/lmy/iot-device-classification/dataset/socket/round5_positionB/socket_r5.pcapng,R5,139,1391.3876404762268,0.00017524442228022963,0.00011696194269461557,0.00012464779138099402,5.667832010658458e-05,0.9995265007019043,Socket
/home/lmy/iot-device-classification/dataset/socket/round5_positionB/socket_r5.pcapng,R5,140,1401.3361253738403,0.0001511505397502333,0.00016204027633648366,3.8758593291277066e-05,0.0006134723080322146,0.9990346431732178,Socket
/home/lmy/iot-device-classification/dataset/socket/round5_positionB/socket_r5.pcapng,R5,141,1411.3223752975464,0.00013817331637255847,0.0001658220571698621,3.728995216079056e-05,0.00036197766894474626,0.9992966651916504,Socket
/home/lmy/iot-device-classification/dataset/socket/round5_positionB/socket_r5.pcapng,R5,142,1421.417874336243,0.00012094647536287084,7.983834075275809e-05,0.00019437748414929956,8.520090341335163e-05,0.9995195865631104,Socket
/home/lmy/iot-device-classification/dataset/socket/round5_positionB/socket_r5.pcapng,R5,143,1430.15833902359,0.0001608719176147133,0.00012806907761842012,8.960807463154197e-05,0.0001502491650171578,0.9994712471961975,Socket
/home/lmy/iot-device-classification/dataset/socket/round5_positionB/socket_r5.pcapng,R5,144,1441.5811614990234,0.00012185595551272854,0.00014979649859014899,8.361900108866394e-05,0.00024957620189525187,0.9993951320648193,Socket
/home/lmy/iot-device-classification/dataset/socket/round5_positionB/socket_r5.pcapng,R5,145,1451.583191394806,0.0001485195243731141,0.00031298285466618836,0.00013244946603663266,4.9101832701126114e-05,0.9993569254875183,Socket
/home/lmy/iot-device-classification/dataset/socket/round5_positionB/socket_r5.pcapng,R5,146,1461.7404329776764,0.00014951004413887858,7.39072565920651e-05,6.368852336890996e-05,0.0003959856112487614,0.999316930770874,Socket
/home/lmy/iot-device-classification/dataset/socket/round5_positionB/socket_r5.pcapng,R5,147,1471.8380856513977,0.00012546936341095716,0.0001029352133627981,4.729069769382477e-05,0.00028102772193960845,0.9994432330131531,Socket
/home/lmy/iot-device-classification/dataset/socket/round5_positionB/socket_r5.pcapng,R5,148,1481.5944492816925,0.00011502995039336383,1.8259892385685816e-05,0.0001601324329385534,0.00010779868171084672,0.9995988011360168,Socket
/home/lmy/iot-device-classification/dataset/socket/round5_positionB/socket_r5.pcapng,R5,149,1491.8949763774872,0.00014526851009577513,8.391107257921249e-05,4.312967212172225e-05,0.000708770239725709,0.9990189075469971,Socket
/home/lmy/iot-device-classification/dataset/socket/round5_positionB/socket_r5.pcapng,R5,150,1501.99036359787,0.0001307466736761853,8.46323455334641e-05,5.781605068477802e-05,4.2063635191880167e-05,0.9996848106384277,Socket
/home/lmy/iot-device-classification/dataset/socket/round5_positionB/socket_r5.pcapng,R5,151,1511.5648112297058,0.00015780406829435378,0.0001733204844640568,0.0001252034999197349,3.582839053706266e-05,0.9995077848434448,Socket
/home/lmy/iot-device-classification/dataset/socket/round5_positionB/socket_r5.pcapng,R5,152,1522.1527519226074,0.00011124931916128844,0.0001079768844647333,4.952455492457375e-05,4.478730261325836e-05,0.9996864795684814,Socket
/home/lmy/iot-device-classification/dataset/socket/round5_positionB/socket_r5.pcapng,R5,153,1532.145306348801,0.00015474899555556476,8.120420534396544e-05,5.612708628177643e-05,0.0006037491257302463,0.9991042017936707,Socket
/home/lmy/iot-device-classification/dataset/socket/round5_positionB/socket_r5.pcapng,R5,154,1540.5777971744535,0.00017794374434743077,8.389433787669986e-05,0.00010311949881725013,8.069301838986576e-05,0.9995543360710144,Socket
/home/lmy/iot-device-classification/dataset/socket/round5_positionB/socket_r5.pcapng,R5,155,1552.5124361515043,0.00012094926933059469,7.57606903789565e-05,8.277099550468847e-05,0.00033612706465646625,0.9993844032287598,Socket
/home/lmy/iot-device-classification/dataset/socket/round5_positionB/socket_r5.pcapng,R5,156,1560.1719715595243,0.00010759605356724933,0.00012124826025683433,4.315446494729258e-05,0.0004999021184630692,0.9992281198501587,Socket
/home/lmy/iot-device-classification/dataset/socket/round5_positionB/socket_r5.pcapng,R5,157,1571.0620737075806,0.00015633796283509582,0.00028229536837898195,0.00011647704377537593,5.108260302222334e-05,0.9993938207626343,Socket
/home/lmy/iot-device-classification/dataset/socket/round5_positionB/socket_r5.pcapng,R5,158,1580.0077331066132,0.0002017226506723091,4.157993316766806e-05,0.0001553550100652501,0.00045962462900206447,0.9991416931152344,Socket
/home/lmy/iot-device-classification/dataset/socket/round5_positionB/socket_r5.pcapng,R5,159,1592.659006357193,0.00015649101987946779,0.0001120534652727656,3.841866782750003e-05,0.0005897196824662387,0.999103307723999,Socket
/home/lmy/iot-device-classification/dataset/socket/round5_positionB/socket_r5.pcapng,R5,160,1601.701886177063,0.00015795518993400037,0.00012733190669678152,9.634532761992887e-05,4.896257451036945e-05,0.9995693564414978,Socket
/home/lmy/iot-device-classification/dataset/socket/round5_positionB/socket_r5.pcapng,R5,161,1612.8221561908722,0.00011095595982624218,8.033618360059336e-05,3.713887417688966e-05,0.0003079953312408179,0.9994636178016663,Socket
/home/lmy/iot-device-classification/dataset/socket/round5_positionB/socket_r5.pcapng,R5,162,1620.3065922260284,0.0001412069977959618,1.81546183739556e-05,0.0001409357791999355,0.0005344247911125422,0.9991652965545654,Socket
/home/lmy/iot-device-classification/dataset/socket/round5_positionB/socket_r5.pcapng,R5,163,1630.1560146808624,0.00013844540808349848,0.00030125328339636326,4.3260060920147225e-05,5.087800673209131e-05,0.9994661211967468,Socket
/home/lmy/iot-device-classification/dataset/socket/round5_positionB/socket_r5.pcapng,R5,164,1640.0101037025452,0.00013907355605624616,7.48155580367893e-05,8.014644117793068e-05,0.00010375864803791046,0.9996022582054138,Socket
/home/lmy/iot-device-classification/dataset/socket/round5_positionB/socket_r5.pcapng,R5,165,1653.1420657634735,0.0001254017261089757,4.607432856573723e-05,5.947161844233051e-05,0.000591177202295512,0.999177873134613,Socket
/home/lmy/iot-device-classification/dataset/socket/round5_positionB/socket_r5.pcapng,R5,166,1660.6804876327517,0.00011893852206412703,0.00016379443695768714,3.334865687065758e-05,5.429736484074965e-05,0.9996296167373657,Socket
/home/lmy/iot-device-classification/dataset/socket/round5_positionB/socket_r5.pcapng,R5,167,1670.5097205638883,0.00012143656931584701,4.255297972122207e-05,7.813595584593713e-05,6.719546217937022e-05,0.9996906518936157,Socket
/home/lmy/iot-device-classification/dataset/socket/round5_positionB/socket_r5.pcapng,R5,168,1680.291582584381,0.00012223413796164095,7.113350875442848e-05,7.473982986994088e-05,0.0005937461392022669,0.9991381168365479,Socket
/home/lmy/iot-device-classification/dataset/socket/round5_positionB/socket_r5.pcapng,R5,169,1690.1260452270508,0.00011337926116539165,0.00010663527791621163,7.913721492514014e-05,4.313708996050991e-05,0.9996577501296997,Socket
/home/lmy/iot-device-classification/dataset/socket/round5_positionB/socket_r5.pcapng,R5,170,1700.9860236644745,0.00012692510790657252,6.769538595108315e-05,4.4835669541498646e-05,0.0007194867939688265,0.9990410208702087,Socket
/home/lmy/iot-device-classification/dataset/socket/round5_positionB/socket_r5.pcapng,R5,171,1710.812006235123,0.0003372313512954861,1.8336120774620213e-05,0.00014248033403418958,6.108357047196478e-05,0.9994408488273621,Socket
/home/lmy/iot-device-classification/dataset/socket/round5_positionB/socket_r5.pcapng,R5,172,1720.6503195762634,0.00011820787767646834,0.00017059945093933493,7.358729635598138e-05,5.9834208514075726e-05,0.9995778203010559,Socket
/home/lmy/iot-device-classification/dataset/socket/round5_positionB/socket_r5.pcapng,R5,173,1730.4957473278046,0.0003693362814374268,5.2166713430779055e-05,0.00012228975538164377,0.000442905438831076,0.9990133047103882,Socket
/home/lmy/iot-device-classification/dataset/socket/round5_positionB/socket_r5.pcapng,R5,174,1740.328345298767,0.00013614105409942567,0.00011665280180750415,6.948843656573445e-05,0.0006021223380230367,0.9990755319595337,Socket
/home/lmy/iot-device-classification/dataset/socket/round5_positionB/socket_r5.pcapng,R5,175,1750.1717660427094,0.00029387284303084016,2.13963576243259e-05,0.00011833337339339778,0.00013948652485851198,0.9994269609451294,Socket
/home/lmy/iot-device-classification/dataset/socket/round5_positionB/socket_r5.pcapng,R5,176,1761.1269719600675,0.0001219133409904316,9.047828643815592e-05,4.922208245261572e-05,0.000474124972242862,0.9992642998695374,Socket
/home/lmy/iot-device-classification/dataset/socket/round5_positionB/socket_r5.pcapng,R5,177,1771.0757296085358,0.00010606119030853733,7.3020659328904e-05,5.681476977770217e-05,5.905953366891481e-05,0.9997050166130066,Socket
/home/lmy/iot-device-classification/dataset/socket/round5_positionB/socket_r5.pcapng,R5,178,1780.8525352478027,0.0001157603255705908,0.00015790767793077976,7.061711221467704e-05,7.241623097797856e-05,0.9995833039283752,Socket
/home/lmy/iot-device-classification/dataset/socket/round5_positionB/socket_r5.pcapng,R5,179,1790.6501541137695,0.0001064203679561615,0.00010032750287791714,8.40106004034169e-05,0.0005980326095595956,0.9991112351417542,Socket
/home/lmy/iot-device-classification/dataset/socket/round5_positionB/socket_r5.pcapng,R5,180,1801.62454366684,0.00011107438331237063,4.725421968032606e-05,0.00016233394853770733,3.314245986985043e-05,0.9996461868286133,Socket
/home/lmy/iot-device-classification/dataset/socket/round5_positionB/socket_r5.pcapng,R5,181,1811.364886522293,0.00012845269520767033,0.00013253578799776733,0.000173213382367976,5.622267781291157e-05,0.9995095729827881,Socket
/home/lmy/iot-device-classification/dataset/socket/round5_positionB/socket_r5.pcapng,R5,182,1821.195322751999,9.771273471415043e-05,5.554886956815608e-05,5.8711764722829685e-05,5.8967812947230414e-05,0.9997290968894958,Socket
/home/lmy/iot-device-classification/dataset/socket/round5_positionB/socket_r5.pcapng,R5,183,1831.031091928482,0.00012554596469271928,6.623736408073455e-05,6.567096716025844e-05,0.00043176166946068406,0.9993107318878174,Socket
/home/lmy/iot-device-classification/dataset/socket/round5_positionB/socket_r5.pcapng,R5,184,1840.898775815964,0.00011215938138775527,0.0001449364353902638,9.719729860080406e-05,0.00011195078695891425,0.9995337724685669,Socket
/home/lmy/iot-device-classification/dataset/socket/round5_positionB/socket_r5.pcapng,R5,185,1851.8164665699005,0.0001358321896987036,5.374924512580037e-05,9.072283864952624e-05,0.000566613394767046,0.9991531372070312,Socket
/home/lmy/iot-device-classification/dataset/socket/round5_positionB/socket_r5.pcapng,R5,186,1861.6240544319155,0.00012480160512495786,6.341130938380957e-05,4.910164716420695e-05,0.0005420870729722083,0.999220609664917,Socket
/home/lmy/iot-device-classification/dataset/socket/round5_positionB/socket_r5.pcapng,R5,187,1871.445642709732,0.00012446953041944653,0.00013486015086527914,4.740325312013738e-05,7.862205529818311e-05,0.9996145963668823,Socket
/home/lmy/iot-device-classification/dataset/socket/round5_positionB/socket_r5.pcapng,R5,188,1880.9218637943268,0.00011251367686782032,1.685568167886231e-05,0.0002691562403924763,0.0005051085026934743,0.9990963935852051,Socket
/home/lmy/iot-device-classification/dataset/socket/round5_positionB/socket_r5.pcapng,R5,189,1892.165486574173,0.000366133579518646,1.7339258192805573e-05,0.00014089938485994935,0.000550372467841953,0.9989252686500549,Socket
/home/lmy/iot-device-classification/dataset/socket/round5_positionB/socket_r5.pcapng,R5,190,1901.9265468120573,0.0001291522930841893,0.00012873345986008644,6.430847861338407e-05,0.00013532579760067165,0.9995424747467041,Socket
/home/lmy/iot-device-classification/dataset/socket/round5_positionB/socket_r5.pcapng,R5,191,1911.8281247615812,0.00014673671103082597,1.4393294804904144e-05,0.00021853158250451088,4.998353688279167e-05,0.9995703101158142,Socket
/home/lmy/iot-device-classification/dataset/socket/round5_positionB/socket_r5.pcapng,R5,192,1921.6870338916776,0.00011416080815251917,8.238204463850707e-05,5.3821142500964925e-05,6.681319064227864e-05,0.9996827840805054,Socket
/home/lmy/iot-device-classification/dataset/socket/round5_positionB/socket_r5.pcapng,R5,193,1931.1520924568176,0.0001229727640748024,3.521968756103888e-05,0.0001428279938409105,0.00014807580737397075,0.9995508790016174,Socket
/home/lmy/iot-device-classification/dataset/socket/round5_positionB/socket_r5.pcapng,R5,194,1942.4641089439392,0.00022992312733549625,0.00011056783841922879,0.0001530317240394652,0.0004652993811760098,0.9990411400794983,Socket
/home/lmy/iot-device-classification/dataset/socket/round5_positionB/socket_r5.pcapng,R5,195,1952.271187782288,0.00012326298747211695,6.448083149734885e-05,5.124653034727089e-05,0.0005716099985875189,0.9991894364356995,Socket
/home/lmy/iot-device-classification/dataset/socket/round5_positionB/socket_r5.pcapng,R5,196,1961.9220712184904,0.00011601161531871185,5.712326310458593e-05,6.182118522701785e-05,7.513632590416819e-05,0.9996899366378784,Socket
/home/lmy/iot-device-classification/dataset/socket/round5_positionB/socket_r5.pcapng,R5,197,1971.860605239868,0.00010648297029547393,5.940669507253915e-05,5.314527516020462e-05,8.19617707747966e-05,0.9996989965438843,Socket
/home/lmy/iot-device-classification/dataset/socket/round5_positionB/socket_r5.pcapng,R5,198,1982.5857148170471,0.00011842321691801772,4.947850538883358e-05,4.028962575830519e-05,0.000552841869648546,0.9992389678955078,Socket
/home/lmy/iot-device-classification/dataset/socket/round5_positionB/socket_r5.pcapng,R5,199,1992.065920829773,0.00011260777682764456,0.00012534171401057392,6.717746146023273e-05,7.56146982894279e-05,0.9996192455291748,Socket
/home/lmy/iot-device-classification/dataset/socket/round5_positionB/socket_r5.pcapng,R5,200,2002.3573307991028,0.00012115081335650757,6.166699313325807e-05,4.73152867925819e-05,0.0005170671502128243,0.9992527365684509,Socket
/home/lmy/iot-device-classification/dataset/socket/round5_positionB/socket_r5.pcapng,R5,201,2012.217838048935,0.0001358392182737589,6.627280527027324e-05,6.650725117651746e-05,0.0005266360240057111,0.9992048144340515,Socket
/home/lmy/iot-device-classification/dataset/socket/round5_positionB/socket_r5.pcapng,R5,202,2021.9819128513336,0.00014330330304801464,0.00011597608681768179,5.912490451009944e-05,0.00013202436093706638,0.9995495676994324,Socket
/home/lmy/iot-device-classification/dataset/socket/round5_positionB/socket_r5.pcapng,R5,203,2032.991317033768,0.0001408720127074048,0.0001367841468891129,0.0002770144783426076,0.00021767204452771693,0.9992276430130005,Socket
/home/lmy/iot-device-classification/dataset/socket/round5_positionB/socket_r5.pcapng,R5,204,2041.7575905323029,0.00026477521168999374,2.453479464747943e-05,9.842617873800918e-05,0.00016693686484359205,0.9994452595710754,Socket
/home/lmy/iot-device-classification/dataset/socket/round5_positionB/socket_r5.pcapng,R5,205,2052.02618932724,0.00012537426664493978,8.482162957079709e-05,0.0001245898602064699,5.910101754125208e-05,0.999606192111969,Socket
/home/lmy/iot-device-classification/dataset/socket/round5_positionB/socket_r5.pcapng,R5,206,2062.5151991844177,0.00011979372357018292,5.766724279965274e-05,7.280346471816301e-05,0.0005665607168339193,0.9991831183433533,Socket
/home/lmy/iot-device-classification/dataset/socket/round5_positionB/socket_r5.pcapng,R5,207,2073.4814159870148,0.00012346978473942727,1.787053406587802e-05,0.00028327276231721044,0.0005214786506257951,0.9990538954734802,Socket
/home/lmy/iot-device-classification/dataset/socket/round5_positionB/socket_r5.pcapng,R5,208,2082.0764439105988,0.0007429277757182717,3.9082653529476374e-05,0.00023137331299949437,0.00017994300287682563,0.9988067150115967,Socket
/home/lmy/iot-device-classification/dataset/socket/round5_positionB/socket_r5.pcapng,R5,209,2090.939881086349,0.00026856036856770515,1.4465966160059907e-05,0.00014996741083450615,6.916922575328499e-05,0.9994977712631226,Socket
/home/lmy/iot-device-classification/dataset/socket/round5_positionB/socket_r5.pcapng,R5,210,2102.9866473674774,0.0001070050202542916,4.08908526878804e-05,5.230533133726567e-05,6.916687561897561e-05,0.99973064661026,Socket
/home/lmy/iot-device-classification/dataset/socket/round5_positionB/socket_r5.pcapng,R5,211,2112.0204169750214,0.00011751167039619759,0.00016606163990218192,6.598694017156959e-05,4.7860197810223326e-05,0.9996026158332825,Socket
/home/lmy/iot-device-classification/dataset/socket/round5_positionB/socket_r5.pcapng,R5,212,2123.790181159973,8.934987999964505e-05,4.029550473205745e-05,6.113224662840366e-05,5.746080569224432e-05,0.9997517466545105,Socket
/home/lmy/iot-device-classification/dataset/socket/round5_positionB/socket_r5.pcapng,R5,213,2133.638643741608,0.00011379857460269704,5.3523777751252055e-05,5.930783663643524e-05,0.000591374933719635,0.9991819262504578,Socket
/home/lmy/iot-device-classification/dataset/socket/round5_positionB/socket_r5.pcapng,R5,214,2141.251748085022,0.0001140282183769159,0.00012816685193683952,9.91874112514779e-05,5.459052408696152e-05,0.9996040463447571,Socket
/home/lmy/iot-device-classification/dataset/socket/round5_positionB/socket_r5.pcapng,R5,215,2153.222165107727,0.00035151728661730886,2.3205828256323002e-05,0.00016821215103846043,0.0004797021101694554,0.9989774227142334,Socket
/home/lmy/iot-device-classification/dataset/socket/round5_positionB/socket_r5.pcapng,R5,216,2163.0806617736816,0.0001230495545314625,5.731549390475266e-05,5.6723107263678685e-05,0.00037533987779170275,0.9993875026702881,Socket
/home/lmy/iot-device-classification/dataset/socket/round5_positionB/socket_r5.pcapng,R5,217,2172.117177248001,0.00011513548088259995,0.00014741368067916483,0.00012422844883985817,7.973140600370243e-05,0.9995335340499878,Socket
/home/lmy/iot-device-classification/dataset/socket/round5_positionB/socket_r5.pcapng,R5,218,2183.3701815605164,0.00013588034198619425,9.757392399478704e-05,0.00012839777627959847,7.842243940103799e-05,0.9995597004890442,Socket
/home/lmy/iot-device-classification/dataset/socket/round5_positionB/socket_r5.pcapng,R5,219,2193.402641773224,0.00014887201541569084,4.4194861402502283e-05,8.576332038501278e-05,0.0004503557283896953,0.9992708563804626,Socket
/home/lmy/iot-device-classification/dataset/socket/round5_positionB/socket_r5.pcapng,R5,220,2202.169741630554,0.00029915818595327437,2.2323785742628388e-05,7.840411853976548e-05,0.00017765050870366395,0.9994224309921265,Socket
/home/lmy/iot-device-classification/dataset/socket/round5_positionB/socket_r5.pcapng,R5,221,2214.415965795517,8.76928970683366e-05,3.57571043423377e-05,6.672539166174829e-05,3.448967981967144e-05,0.9997753500938416,Socket
/home/lmy/iot-device-classification/dataset/socket/round5_positionB/socket_r5.pcapng,R5,222,2224.3167810440063,8.631015225546435e-05,3.243066748837009e-05,0.00010162540274905041,7.176725921453908e-05,0.9997078776359558,Socket
/home/lmy/iot-device-classification/dataset/socket/round5_positionB/socket_r5.pcapng,R5,223,2230.6346328258514,9.96812668745406e-05,6.808454782003537e-05,0.00014624011237174273,0.0001050094433594495,0.9995810389518738,Socket
/home/lmy/iot-device-classification/dataset/socket/round5_positionB/socket_r5.pcapng,R5,224,2243.611268520355,0.00011144449672428891,3.043653123313561e-05,0.0002203963667852804,0.00047357811126857996,0.9991641044616699,Socket
/home/lmy/iot-device-classification/dataset/socket/round5_positionB/socket_r5.pcapng,R5,225,2250.0063560009003,0.00018273424939252436,1.5107367289601825e-05,0.0001569187588756904,0.0004341676540207118,0.9992110729217529,Socket
/home/lmy/iot-device-classification/dataset/socket/round5_positionB/socket_r5.pcapng,R5,226,2260.097340106964,0.00011113686196040362,1.5617239114362746e-05,0.0002532435755711049,0.00015800358960404992,0.9994619488716125,Socket
/home/lmy/iot-device-classification/dataset/socket/round5_positionB/socket_r5.pcapng,R5,227,2270.0991644859314,0.0001161511245300062,4.528581121121533e-05,8.657596481498331e-05,0.00019340409198775887,0.9995585083961487,Socket
/home/lmy/iot-device-classification/dataset/socket/round5_positionB/socket_r5.pcapng,R5,228,2280.0986201763158,0.00012562602933030576,7.788173388689756e-05,7.913701847428456e-05,0.000532875710632652,0.9991844296455383,Socket
/home/lmy/iot-device-classification/dataset/socket/round5_positionB/socket_r5.pcapng,R5,229,2290.0970933437347,0.00010490330896573141,5.988587872707285e-05,7.472738798242062e-05,0.00012921639427077025,0.9996312856674194,Socket
/home/lmy/iot-device-classification/dataset/socket/round5_positionB/socket_r5.pcapng,R5,230,2300.0966579914093,0.00012643892841879278,0.00014043859846424311,6.258374924072996e-05,0.0004801467584911734,0.9991903901100159,Socket
/home/lmy/iot-device-classification/dataset/socket/round5_positionB/socket_r5.pcapng,R5,231,2310.0966489315038,0.00043198070488870144,5.5175903980853036e-05,0.00013638543896377087,0.00043934828136116266,0.9989370703697205,Socket
/home/lmy/iot-device-classification/dataset/socket/round5_positionB/socket_r5.pcapng,R5,232,2320.096965789795,0.00014109170297160745,6.58602366456762e-05,6.632079021073878e-05,0.0004067471018061042,0.9993200302124023,Socket
/home/lmy/iot-device-classification/dataset/socket/round5_positionB/socket_r5.pcapng,R5,233,2330.0867204666138,0.0001128002695622854,0.00010434340219944715,6.959451275179163e-05,0.00040385741158388555,0.9993094205856323,Socket
/home/lmy/iot-device-classification/dataset/socket/round5_positionB/socket_r5.pcapng,R5,234,2340.098586559296,0.00012456520926207304,0.00012116285506635904,9.199879423249513e-05,0.0005617266288027167,0.9991005659103394,Socket
/home/lmy/iot-device-classification/dataset/socket/round5_positionB/socket_r5.pcapng,R5,235,2350.096310377121,0.00011260758037678897,0.00014173987437970936,5.0968086725333706e-05,7.718722918070853e-05,0.9996174573898315,Socket
/home/lmy/iot-device-classification/dataset/socket/round5_positionB/socket_r5.pcapng,R5,236,2360.097358226776,0.00013008310634177178,9.924809273798019e-05,3.9771861338522285e-05,6.171246786834672e-05,0.9996691942214966,Socket
/home/lmy/iot-device-classification/dataset/socket/round5_positionB/socket_r5.pcapng,R5,237,2370.0963802337646,0.00012199689808767289,0.00010678036051103845,4.608228482538834e-05,0.0005148106720298529,0.9992103576660156,Socket
/home/lmy/iot-device-classification/dataset/socket/round5_positionB/socket_r5.pcapng,R5,238,2380.0964319705963,0.00012134235294070095,0.00017656185082159936,5.3891217248747125e-05,6.995024159550667e-05,0.9995782971382141,Socket
/home/lmy/iot-device-classification/dataset/socket/round5_positionB/socket_r5.pcapng,R5,239,2390.0398137569427,0.00012067803618265316,8.565200550947338e-05,8.277659799205139e-05,0.0003884444304276258,0.9993224143981934,Socket
/home/lmy/iot-device-classification/dataset/socket/round5_positionB/socket_r5.pcapng,R5,240,2400.031960248947,0.00011095029913121834,5.647305442835204e-05,9.617803152650595e-05,3.9656417357036844e-05,0.9996967315673828,Socket
/home/lmy/iot-device-classification/dataset/socket/round5_positionB/socket_r5.pcapng,R5,241,2410.035803794861,0.00011888302833540365,0.00016327005869243294,6.010265860822983e-05,6.663355452474207e-05,0.9995911717414856,Socket
/home/lmy/iot-device-classification/dataset/socket/round5_positionB/socket_r5.pcapng,R5,242,2420.0926308631897,0.00036756356712430716,2.2453959900303744e-05,0.00014645564078819007,0.0005530478665605187,0.9989104270935059,Socket
/home/lmy/iot-device-classification/dataset/socket/round5_positionB/socket_r5.pcapng,R5,243,2430.0821771621704,0.00018868246115744114,0.000205336618819274,4.278527921997011e-05,0.000643965438939631,0.9989192485809326,Socket
/home/lmy/iot-device-classification/dataset/socket/round5_positionB/socket_r5.pcapng,R5,244,2440.0448665618896,0.00010141023813048378,3.430099968682043e-05,0.000287319824565202,0.00016212082118727267,0.9994149208068848,Socket
/home/lmy/iot-device-classification/dataset/socket/round5_positionB/socket_r5.pcapng,R5,245,2450.0369398593903,0.00010091535659739748,0.00011765009548980743,4.1342966142110527e-05,3.4990280255442485e-05,0.9997050166130066,Socket
/home/lmy/iot-device-classification/dataset/socket/round5_positionB/socket_r5.pcapng,R5,246,2460.132290840149,0.0001389794488204643,9.372769272886217e-05,5.8961632021237165e-05,0.0002221704926341772,0.9994860887527466,Socket
/home/lmy/iot-device-classification/dataset/socket/round5_positionB/socket_r5.pcapng,R5,247,2470.045746088028,0.00011824406828964129,0.00016690407937858254,4.4736549170920625e-05,6.566728552570567e-05,0.9996045231819153,Socket
/home/lmy/iot-device-classification/dataset/socket/round5_positionB/socket_r5.pcapng,R5,248,2480.054032564163,0.00017330855189356953,2.6592077119858004e-05,0.00010464074875926599,0.0004889760748483241,0.9992064833641052,Socket
/home/lmy/iot-device-classification/dataset/socket/round5_positionB/socket_r5.pcapng,R5,249,2490.0641973018646,0.00016988701827358454,9.63234415394254e-05,6.784637662349269e-05,0.0005980827263556421,0.9990678429603577,Socket
/home/lmy/iot-device-classification/dataset/socket/round5_positionB/socket_r5.pcapng,R5,250,2500.144646167755,0.00011508886382216588,0.00012600285117514431,6.438094715122133e-05,0.00011488291784189641,0.9995796084403992,Socket
/home/lmy/iot-device-classification/dataset/socket/round5_positionB/socket_r5.pcapng,R5,251,2510.1394486427307,0.00017819798085838556,0.00012029683421133086,8.911492477636784e-05,6.739133823430166e-05,0.9995449185371399,Socket
/home/lmy/iot-device-classification/dataset/socket/round5_positionB/socket_r5.pcapng,R5,252,2520.0993309021,0.0005083678406663239,6.816435052314773e-05,0.00013735122047364712,0.0004479596682358533,0.9988381266593933,Socket
/home/lmy/iot-device-classification/dataset/socket/round5_positionB/socket_r5.pcapng,R5,253,2530.176667690277,0.00012373672507237643,1.977115789486561e-05,0.00018844813166651875,0.00011132764484500512,0.9995567202568054,Socket
/home/lmy/iot-device-classification/dataset/socket/round5_positionB/socket_r5.pcapng,R5,254,2540.187675237656,0.00012963874905835837,0.00018340758106205612,3.170686977682635e-05,6.31964867352508e-05,0.9995920062065125,Socket
/home/lmy/iot-device-classification/dataset/socket/round5_positionB/socket_r5.pcapng,R5,255,2550.15056180954,0.00012184758088551462,0.00015327233995776623,4.4344793423078954e-05,0.0003540987381711602,0.9993264675140381,Socket
/home/lmy/iot-device-classification/dataset/socket/round5_positionB/socket_r5.pcapng,R5,256,2560.1471621990204,0.00015576147416140884,2.6087387595907785e-05,0.00015408117906190455,0.00011646375060081482,0.99954754114151,Socket
/home/lmy/iot-device-classification/dataset/socket/round5_positionB/socket_r5.pcapng,R5,257,2570.236562013626,0.0001251315261470154,9.37876757234335e-05,5.817797136842273e-05,0.00044465356040745974,0.9992782473564148,Socket
/home/lmy/iot-device-classification/dataset/socket/round5_positionB/socket_r5.pcapng,R5,258,2580.2006735801697,0.00010195154754910618,0.00023079956008587033,4.790012098965235e-05,0.000623498868662864,0.998995840549469,Socket
/home/lmy/iot-device-classification/dataset/socket/round5_positionB/socket_r5.pcapng,R5,259,2590.191932439804,0.00012549605162348598,0.00018395092047285289,2.715709706535563e-05,0.00010203116107732058,0.9995613694190979,Socket
/home/lmy/iot-device-classification/dataset/socket/round5_positionB/socket_r5.pcapng,R5,260,2600.261508464813,0.00013074997696094215,5.935785884503275e-05,5.350581704988144e-05,4.632442141883075e-05,0.9997100234031677,Socket
/home/lmy/iot-device-classification/dataset/socket/round5_positionB/socket_r5.pcapng,R5,261,2610.003085374832,0.00011579238343983889,8.615083788754418e-05,5.6980854424182326e-05,4.8617745051160455e-05,0.999692440032959,Socket
/home/lmy/iot-device-classification/dataset/socket/round5_positionB/socket_r5.pcapng,R5,262,2620.0756225585938,0.0005830354639329016,0.00011210369120817631,0.00024303884129039943,0.0002272505225846544,0.9988345503807068,Socket
/home/lmy/iot-device-classification/dataset/socket/round5_positionB/socket_r5.pcapng,R5,263,2630.0982024669647,0.00016179817612282932,3.93904083466623e-05,0.0002298918552696705,4.329194416641258e-05,0.9995256662368774,Socket
/home/lmy/iot-device-classification/dataset/socket/round5_positionB/socket_r5.pcapng,R5,264,2640.072263717652,0.00010595325875328854,0.0002258726308355108,5.044111821916886e-05,8.011236786842346e-05,0.9995375871658325,Socket
/home/lmy/iot-device-classification/dataset/socket/round5_positionB/socket_r5.pcapng,R5,265,2650.098781347275,0.00011816896585514769,0.00013620518438983709,9.938779840013012e-05,6.103952182456851e-05,0.9995852112770081,Socket
/home/lmy/iot-device-classification/dataset/socket/round5_positionB/socket_r5.pcapng,R5,266,2660.043792963028,0.0001385747455060482,0.00011391739099053666,4.685779276769608e-05,0.000715672445949167,0.9989849925041199,Socket
/home/lmy/iot-device-classification/dataset/socket/round5_positionB/socket_r5.pcapng,R5,267,2670.045782804489,0.00013708970800507814,9.975753346225247e-05,5.76520360482391e-05,0.0002999184653162956,0.9994056224822998,Socket
/home/lmy/iot-device-classification/dataset/socket/round5_positionB/socket_r5.pcapng,R5,268,2680.109130859375,0.0002974393719341606,6.658089841948822e-05,0.00014192629896569997,0.00010406609362689778,0.9993900060653687,Socket
/home/lmy/iot-device-classification/dataset/socket/round5_positionB/socket_r5.pcapng,R5,269,2690.1013371944427,9.64385544648394e-05,6.766268779756501e-05,4.006611561635509e-05,4.998916483600624e-05,0.999745786190033,Socket
/home/lmy/iot-device-classification/dataset/socket/round5_positionB/socket_r5.pcapng,R5,270,2700.1954917907715,0.00012691946176346391,8.692494157003239e-05,7.211872434709221e-05,6.848436896689236e-05,0.9996455907821655,Socket
/home/lmy/iot-device-classification/dataset/socket/round5_positionB/socket_r5.pcapng,R5,271,2710.266283750534,0.00018749723676592112,3.470136653049849e-05,0.00010317862324882299,0.00014890616876073182,0.999525785446167,Socket
/home/lmy/iot-device-classification/dataset/socket/round5_positionB/socket_r5.pcapng,R5,272,2720.355774879456,0.00013852625852450728,7.583572732983157e-05,4.5168035285314545e-05,4.911348514724523e-05,0.999691367149353,Socket
/home/lmy/iot-device-classification/dataset/socket/round5_positionB/socket_r5.pcapng,R5,273,2730.0336241722107,0.00012020747817587107,5.9849520766874775e-05,6.561747431987897e-05,4.368928057374433e-05,0.9997106194496155,Socket
/home/lmy/iot-device-classification/dataset/socket/round5_positionB/socket_r5.pcapng,R5,274,2740.415932416916,0.00012455812247935683,0.00017051660688593984,6.372754432959482e-05,5.605741171166301e-05,0.9995850920677185,Socket
/home/lmy/iot-device-classification/dataset/socket/round5_positionB/socket_r5.pcapng,R5,275,2750.407838582993,0.00015665953105781227,5.5398828408215195e-05,6.642427615588531e-05,2.2054253349779174e-05,0.9996994733810425,Socket
/home/lmy/iot-device-classification/dataset/socket/round5_positionB/socket_r5.pcapng,R5,276,2760.3989930152893,0.00020859217329416424,0.00014762213686481118,0.00012822161079384387,0.000100412689789664,0.9994151592254639,Socket
/home/lmy/iot-device-classification/dataset/socket/round5_positionB/socket_r5.pcapng,R5,277,2770.362139225006,0.00012819234689231962,5.6052085710689425e-05,0.00014783511869609356,8.630500815343112e-05,0.9995816349983215,Socket
/home/lmy/iot-device-classification/dataset/socket/round5_positionB/socket_r5.pcapng,R5,278,2780.4582681655884,9.826427412917838e-05,5.738135951105505e-05,5.459063686430454e-05,6.255034531932324e-05,0.999727189540863,Socket
/home/lmy/iot-device-classification/dataset/socket/round5_positionB/socket_r5.pcapng,R5,279,2790.4186460971832,0.00018484605243429542,5.483463246491738e-05,8.711032569408417e-05,5.0768958317348734e-05,0.9996224641799927,Socket
/home/lmy/iot-device-classification/dataset/socket/round5_positionB/socket_r5.pcapng,R5,280,2800.411670446396,0.00014241508324630558,0.0001778552687028423,0.00011753576109185815,5.122495349496603e-05,0.9995110034942627,Socket
/home/lmy/iot-device-classification/dataset/socket/round5_positionB/socket_r5.pcapng,R5,281,2810.404588699341,9.984392818296328e-05,9.130756370723248e-05,6.073329859646037e-05,2.629708069434855e-05,0.9997218251228333,Socket
/home/lmy/iot-device-classification/dataset/socket/round5_positionB/socket_r5.pcapng,R5,282,2820.468243598938,0.00011447356519056484,8.886621071724221e-05,6.6807318944484e-05,3.781023042392917e-05,0.9996920824050903,Socket
/home/lmy/iot-device-classification/dataset/socket/round5_positionB/socket_r5.pcapng,R5,283,2830.467741012573,0.00024385415599681437,0.00018254185852129012,0.0004029442206956446,7.349995576078072e-05,0.9990972280502319,Socket
/home/lmy/iot-device-classification/dataset/socket/round5_positionB/socket_r5.pcapng,R5,284,2840.5551252365112,0.00014970498159527779,9.851909999269992e-05,6.170591223053634e-05,0.0002891214389819652,0.9994009733200073,Socket
/home/lmy/iot-device-classification/dataset/socket/round5_positionB/socket_r5.pcapng,R5,285,2850.519404411316,9.931470412993804e-05,0.00014205987099558115,3.754761200980283e-05,2.7596139261731878e-05,0.9996935129165649,Socket
/home/lmy/iot-device-classification/dataset/socket/round5_positionB/socket_r5.pcapng,R5,286,2860.5289611816406,0.00015862536383792758,0.00014807480329182,0.00011014158371835947,4.568610165733844e-05,0.999537467956543,Socket
/home/lmy/iot-device-classification/dataset/socket/round5_positionB/socket_r5.pcapng,R5,287,2870.479506969452,0.00011731853010132909,8.854881161823869e-05,5.306753155309707e-05,2.965547173516825e-05,0.9997113347053528,Socket
/home/lmy/iot-device-classification/dataset/socket/round5_positionB/socket_r5.pcapng,R5,288,2880.466166973114,0.00017920028767548501,5.638981383526698e-05,0.00013451671111397445,0.00048007600707933307,0.9991497993469238,Socket
/home/lmy/iot-device-classification/dataset/socket/round5_positionB/socket_r5.pcapng,R5,289,2890.561814785004,0.00014188951172400266,0.00010701336577767506,0.00010757594282040372,4.6465982450172305e-05,0.9995970129966736,Socket
/home/lmy/iot-device-classification/dataset/socket/round5_positionB/socket_r5.pcapng,R5,290,2900.5259404182434,0.00011579634883673862,6.223755917744711e-05,5.614742622128688e-05,3.9225717046065256e-05,0.9997265934944153,Socket
/home/lmy/iot-device-classification/dataset/socket/round5_positionB/socket_r5.pcapng,R5,291,2910.5153617858887,0.0003895022673532367,4.368348163552582e-05,0.00018488346540834755,4.604541027219966e-05,0.9993358254432678,Socket
/home/lmy/iot-device-classification/dataset/socket/round5_positionB/socket_r5.pcapng,R5,292,2920.511516571045,0.00011160806752741337,0.00010141824168385938,6.932441465323791e-05,6.46297776256688e-05,0.9996529817581177,Socket
/home/lmy/iot-device-classification/dataset/socket/round5_positionB/socket_r5.pcapng,R5,293,2930.57355093956,0.00010539413779042661,5.364142270991579e-05,4.618591265170835e-05,5.796105688204989e-05,0.9997368454933167,Socket
/home/lmy/iot-device-classification/dataset/socket/round5_positionB/socket_r5.pcapng,R5,294,2940.2025985717773,0.00011868853471241891,0.0001749742223182693,4.4012242142343894e-05,5.392060484155081e-05,0.9996084570884705,Socket
/home/lmy/iot-device-classification/dataset/socket/round5_positionB/socket_r5.pcapng,R5,295,2950.530400753021,0.0001314781984547153,0.00018858669500332326,4.140847522648983e-05,4.386355067254044e-05,0.9995946288108826,Socket
/home/lmy/iot-device-classification/dataset/socket/round5_positionB/socket_r5.pcapng,R5,296,2960.098580121994,0.00013712466170545667,6.520011811517179e-05,6.879324064357206e-05,6.85053673805669e-05,0.9996603727340698,Socket
/home/lmy/iot-device-classification/dataset/socket/round5_positionB/socket_r5.pcapng,R5,297,2970.616759777069,9.15565833565779e-05,7.278430712176487e-05,3.326275691506453e-05,3.396522151888348e-05,0.9997684359550476,Socket
/home/lmy/iot-device-classification/dataset/socket/round5_positionB/socket_r5.pcapng,R5,298,2980.272963285446,0.00013531108561437577,0.0002626886125653982,0.00010261529678246006,5.2331004553707317e-05,0.9994470477104187,Socket
/home/lmy/iot-device-classification/dataset/socket/round5_positionB/socket_r5.pcapng,R5,299,2990.5722377300262,0.00016757189587224275,4.594286292558536e-05,0.00012147675442975014,4.6906810894142836e-05,0.9996180534362793,Socket
/home/lmy/iot-device-classification/dataset/socket/round5_positionB/socket_r5.pcapng,R5,300,3000.673763751984,0.00013853248674422503,6.103366467868909e-05,3.3735675970092416e-05,3.0449025871348567e-05,0.9997362494468689,Socket
/home/lmy/iot-device-classification/dataset/socket/round5_positionB/socket_r5.pcapng,R5,301,3010.322519302368,0.00010015240695793182,4.3193074816372246e-05,0.0003404394374229014,9.486183262197301e-05,0.9994213581085205,Socket
/home/lmy/iot-device-classification/dataset/socket/round5_positionB/socket_r5.pcapng,R5,302,3020.003433704376,0.00010345380724174902,6.683544779662043e-05,6.481844320660457e-05,3.324215504107997e-05,0.9997316002845764,Socket
/home/lmy/iot-device-classification/dataset/socket/round5_positionB/socket_r5.pcapng,R5,303,3030.0984201431274,0.00017778374603949487,4.772652027895674e-05,0.00012040789442835376,5.230128226685338e-05,0.9996017813682556,Socket
/home/lmy/iot-device-classification/dataset/socket/round5_positionB/socket_r5.pcapng,R5,304,3040.6791241168976,0.000272172037512064,6.485061021521688e-05,0.00010988044232362881,9.765068534761667e-05,0.9994553923606873,Socket
/home/lmy/iot-device-classification/dataset/socket/round5_positionB/socket_r5.pcapng,R5,305,3050.6718225479126,0.00011579735291888937,6.658567144768313e-05,5.197223072173074e-05,3.0377934308489785e-05,0.9997352957725525,Socket
/home/lmy/iot-device-classification/dataset/socket/round5_positionB/socket_r5.pcapng,R5,306,3060.738027572632,0.00011209239164600149,0.0004285169125068933,4.135676135774702e-05,9.539130405755714e-05,0.9993226528167725,Socket
/home/lmy/iot-device-classification/dataset/socket/round5_positionB/socket_r5.pcapng,R5,307,3070.1010410785675,0.00011895375064341351,4.94270097988192e-05,0.0002895383513532579,4.286907278583385e-05,0.9994992017745972,Socket
/home/lmy/iot-device-classification/dataset/socket/round5_positionB/socket_r5.pcapng,R5,308,3080.074722766876,0.00012097579019609839,0.0001591237378306687,6.994327122811228e-05,3.3015458029694855e-05,0.9996168613433838,Socket
/home/lmy/iot-device-classification/dataset/socket/round5_positionB/socket_r5.pcapng,R5,309,3090.089128255844,0.00014041588292457163,0.00015380892727989703,4.5380063966149464e-05,0.0005506974994204938,0.99910968542099,Socket
/home/lmy/iot-device-classification/dataset/socket/round5_positionB/socket_r5.pcapng,R5,310,3100.7800104618077,0.0001784960477380082,3.569669206626713e-05,0.0002101082500303164,0.00012847040488850325,0.9994471669197083,Socket
/home/lmy/iot-device-classification/dataset/socket/round5_positionB/socket_r5.pcapng,R5,311,3110.6147265434265,0.00012689470895566046,1.2972508557140827e-05,0.00025172255118377507,6.446958286687732e-05,0.9995439648628235,Socket
/home/lmy/iot-device-classification/dataset/socket/round5_positionB/socket_r5.pcapng,R5,312,3120.43678689003,0.00010483540972927585,4.794302731170319e-05,0.00023562023125123233,3.941414615837857e-05,0.999572217464447,Socket
/home/lmy/iot-device-classification/dataset/socket/round5_positionB/socket_r5.pcapng,R5,313,3130.3837513923645,0.00012002089351881295,6.54624163871631e-05,0.0002589528448879719,4.6867386117810383e-05,0.9995087385177612,Socket
/home/lmy/iot-device-classification/dataset/socket/round5_positionB/socket_r5.pcapng,R5,314,3140.1936745643616,0.00010014433792093769,3.999290129286237e-05,0.00020915990171488374,4.390451067592949e-05,0.9996067881584167,Socket
/home/lmy/iot-device-classification/dataset/socket/round5_positionB/socket_r5.pcapng,R5,315,3150.043677568436,0.00019139045616611838,1.3049809240328614e-05,0.00019841782341245562,0.0005584161845035851,0.9990386962890625,Socket
/home/lmy/iot-device-classification/dataset/socket/round5_positionB/socket_r5.pcapng,R5,316,3160.6746368408203,0.0001448919647373259,2.808668796205893e-05,0.00042170993401668966,7.815568096702918e-05,0.9993271827697754,Socket
/home/lmy/iot-device-classification/dataset/socket/round5_positionB/socket_r5.pcapng,R5,317,3170.82656955719,0.00010777823626995087,3.7194557080511004e-05,0.00017358655168209225,0.00025887665105983615,0.999422550201416,Socket
/home/lmy/iot-device-classification/dataset/socket/round5_positionB/socket_r5.pcapng,R5,318,3180.664473772049,0.00010420704347779974,3.267220745328814e-05,0.0001777571305865422,5.205020715948194e-05,0.9996333122253418,Socket
/home/lmy/iot-device-classification/dataset/socket/round5_positionB/socket_r5.pcapng,R5,319,3190.487309217453,0.00015345180872827768,1.1995652130281087e-05,0.00020465755369514227,0.00011180328874615952,0.9995181560516357,Socket
/home/lmy/iot-device-classification/dataset/socket/round5_positionB/socket_r5.pcapng,R5,320,3200.3070220947266,0.00010682543506845832,5.7888759329216555e-05,5.2078150474699214e-05,2.604730980237946e-05,0.9997571110725403,Socket
/home/lmy/iot-device-classification/dataset/socket/round5_positionB/socket_r5.pcapng,R5,321,3210.885858297348,0.00010517064220039174,4.753744724439457e-05,0.00013323372695595026,4.4881104258820415e-05,0.9996691942214966,Socket
/home/lmy/iot-device-classification/dataset/socket/round5_positionB/socket_r5.pcapng,R5,322,3220.8474073410034,0.00010673935321392491,0.00010432732233311981,0.00023847327975090593,6.431306974263862e-05,0.9994860887527466,Socket
/home/lmy/iot-device-classification/dataset/socket/round5_positionB/socket_r5.pcapng,R5,323,3230.839365243912,8.966422319645062e-05,3.5889352147933096e-05,7.59193062549457e-05,5.384655742091127e-05,0.999744713306427,Socket
/home/lmy/iot-device-classification/dataset/socket/round5_positionB/socket_r5.pcapng,R5,324,3240.700397968292,0.00010984358959831297,7.16252761776559e-05,6.226776167750359e-05,4.891803109785542e-05,0.9997072815895081,Socket
/home/lmy/iot-device-classification/dataset/socket/round5_positionB/socket_r5.pcapng,R5,325,3250.898103237152,9.33980627451092e-05,0.00017613419913686812,0.00037949555553495884,0.00017092560301534832,0.999180018901825,Socket
/home/lmy/iot-device-classification/dataset/socket/round5_positionB/socket_r5.pcapng,R5,326,3260.480291366577,8.470332249999046e-05,2.3829252313589677e-05,0.0003331316402181983,0.0001413840800523758,0.9994169473648071,Socket
/home/lmy/iot-device-classification/dataset/socket/round5_positionB/socket_r5.pcapng,R5,327,3270.882617235184,0.00010641737753758207,3.9406324503943324e-05,9.974227577913553e-05,0.0003053286636713892,0.9994490742683411,Socket
/home/lmy/iot-device-classification/dataset/socket/round5_positionB/socket_r5.pcapng,R5,328,3280.9477801322937,0.00021208319230936468,7.43741838959977e-05,0.0006038203136995435,0.00011874527262989432,0.9989909529685974,Socket
/home/lmy/iot-device-classification/dataset/socket/round5_positionB/socket_r5.pcapng,R5,329,3290.9402956962585,9.908241918310523e-05,6.097896402934566e-05,6.934557313797995e-05,9.085890633286908e-05,0.9996798038482666,Socket
/home/lmy/iot-device-classification/dataset/socket/round5_positionB/socket_r5.pcapng,R5,330,3300.914932012558,0.00010042211215477437,5.697365486412309e-05,0.00013152424071449786,4.3979540350846946e-05,0.9996671676635742,Socket
/home/lmy/iot-device-classification/dataset/socket/round5_positionB/socket_r5.pcapng,R5,331,3310.9973788261414,0.0001845673396019265,1.5562245607725345e-05,0.00020288083760533482,0.0001520384248578921,0.9994449019432068,Socket
/home/lmy/iot-device-classification/dataset/socket/round5_positionB/socket_r5.pcapng,R5,332,3321.010437965393,0.00010530392319196835,5.023507765145041e-05,4.672102295444347e-05,2.7488460546010174e-05,0.9997702240943909,Socket
/home/lmy/iot-device-classification/dataset/socket/round5_positionB/socket_r5.pcapng,R5,333,3330.953411579132,0.00010559365182416514,4.378031371743418e-05,7.815693243173882e-05,0.0004177538794465363,0.9993546605110168,Socket
/home/lmy/iot-device-classification/dataset/socket/round5_positionB/socket_r5.pcapng,R5,334,3340.9599027633667,0.00012052086094627157,0.00014130577619653195,0.0001651559432502836,5.9675581724150106e-05,0.9995133876800537,Socket
/home/lmy/iot-device-classification/dataset/socket/round5_positionB/socket_r5.pcapng,R5,335,3350.937344789505,0.00013333107926882803,1.571912071085535e-05,0.00024708182900212705,0.0006676371558569372,0.9989362359046936,Socket
/home/lmy/iot-device-classification/dataset/socket/round5_positionB/socket_r5.pcapng,R5,336,3361.0068385601044,0.00012260518269613385,7.370633102254942e-05,7.842361810617149e-05,0.00043550258851610124,0.9992897510528564,Socket
/home/lmy/iot-device-classification/dataset/socket/round5_positionB/socket_r5.pcapng,R5,337,3370.9953792095184,0.00023769133258610964,1.7581745851202868e-05,0.00016847204824443907,0.00017113097419496626,0.9994051456451416,Socket
/home/lmy/iot-device-classification/dataset/socket/round5_positionB/socket_r5.pcapng,R5,338,3381.0612049102783,0.00032336480217054486,1.2870103091700003e-05,0.00017023284453898668,7.090076542226598e-05,0.9994226694107056,Socket
/home/lmy/iot-device-classification/dataset/socket/round5_positionB/socket_r5.pcapng,R5,339,3391.05229640007,8.70293442858383e-05,5.1576364057837054e-05,7.724946044618264e-05,5.508248068508692e-05,0.9997290968894958,Socket
/home/lmy/iot-device-classification/dataset/socket/round5_positionB/socket_r5.pcapng,R5,340,3401.046049594879,9.242372470907867e-05,0.00011358396295690909,0.0001719162246445194,8.02837239461951e-05,0.9995418787002563,Socket
/home/lmy/iot-device-classification/dataset/socket/round5_positionB/socket_r5.pcapng,R5,341,3411.0086953639984,0.00012983843043912202,1.607161175343208e-05,0.00031864902121014893,0.0005277761374600232,0.9990076422691345,Socket
/home/lmy/iot-device-classification/dataset/socket/round5_positionB/socket_r5.pcapng,R5,342,3421.0014476776123,0.00011600630386965349,5.291145862429403e-05,9.556106670061126e-05,7.520672079408541e-05,0.9996603727340698,Socket
/home/lmy/iot-device-classification/dataset/socket/round5_positionB/socket_r5.pcapng,R5,343,3431.0950520038605,0.00015690989675931633,1.8719494619290344e-05,0.00018773478223010898,0.0001426479429937899,0.9994939565658569,Socket
/home/lmy/iot-device-classification/dataset/socket/round5_positionB/socket_r5.pcapng,R5,344,3441.0584728717804,0.00011941383854718879,5.501044142874889e-05,3.9067253965185955e-05,6.428521010093391e-05,0.9997221827507019,Socket
/home/lmy/iot-device-classification/dataset/socket/round5_positionB/socket_r5.pcapng,R5,345,3451.051425218582,0.00010679091792553663,5.4432519391411915e-05,9.26947031985037e-05,0.0004349656228441745,0.999311089515686,Socket
/home/lmy/iot-device-classification/dataset/socket/round5_positionB/socket_r5.pcapng,R5,346,3461.250499486923,0.0001166938163805753,8.635099220555276e-05,0.0002825055562425405,4.94961604999844e-05,0.9994649291038513,Socket
/home/lmy/iot-device-classification/dataset/socket/round5_positionB/socket_r5.pcapng,R5,347,3471.108587741852,0.00012189597327960655,6.736975774401799e-05,8.819835056783631e-05,0.0004909962881356478,0.9992315769195557,Socket
/home/lmy/iot-device-classification/dataset/socket/round5_positionB/socket_r5.pcapng,R5,348,3481.1024742126465,0.00014333392027765512,2.225575371994637e-05,0.00012561683251988143,7.146463758544996e-05,0.9996373653411865,Socket
/home/lmy/iot-device-classification/dataset/socket/round5_positionB/socket_r5.pcapng,R5,349,3491.1659865379333,0.00011735105363186449,9.826456516748294e-05,0.00024197864695452154,9.437357221031561e-05,0.9994480013847351,Socket
/home/lmy/iot-device-classification/dataset/socket/round5_positionB/socket_r5.pcapng,R5,350,3501.1609196662903,9.622216748539358e-05,5.51480297872331e-05,5.7974822993855923e-05,7.574478513561189e-05,0.9997149109840393,Socket
/home/lmy/iot-device-classification/dataset/socket/round5_positionB/socket_r5.pcapng,R5,351,3511.1519441604614,0.00010253396612824872,0.00011384359822841361,4.815928696189076e-05,0.0005365644465200603,0.999198853969574,Socket
/home/lmy/iot-device-classification/dataset/socket/round5_positionB/socket_r5.pcapng,R5,352,3521.120436191559,0.0002738313050940633,2.336080615350511e-05,9.521846368443221e-05,0.00013887234672438353,0.9994687438011169,Socket
/home/lmy/iot-device-classification/dataset/socket/round5_positionB/socket_r5.pcapng,R5,353,3531.212692975998,9.019142453325912e-05,6.536851287819445e-05,6.618833867833018e-05,8.386313857045025e-05,0.9996944665908813,Socket
/home/lmy/iot-device-classification/dataset/socket/round5_positionB/socket_r5.pcapng,R5,354,3541.3049075603485,0.00010421544720884413,6.0669375670840964e-05,6.100891187088564e-05,6.013286474626511e-05,0.9997139573097229,Socket
/home/lmy/iot-device-classification/dataset/socket/round5_positionB/socket_r5.pcapng,R5,355,3551.1647901535034,0.00028501174529083073,1.7755874068825506e-05,0.00013949278218206018,0.0001365338102914393,0.999421238899231,Socket
/home/lmy/iot-device-classification/dataset/socket/round5_positionB/socket_r5.pcapng,R5,356,3561.1579988002777,0.00011862991232192144,7.363153417827561e-05,0.0001310531224589795,4.34539579146076e-05,0.9996331930160522,Socket
/home/lmy/iot-device-classification/dataset/socket/round5_positionB/socket_r5.pcapng,R5,357,3571.22158741951,0.00010763535101432353,7.088304118951783e-05,5.1612740207929164e-05,0.0005017388029955328,0.999268114566803,Socket
/home/lmy/iot-device-classification/dataset/socket/round5_positionB/socket_r5.pcapng,R5,358,3581.2143745422363,0.00011583304149098694,0.00013151878374628723,0.00013712527288589627,7.367094804067165e-05,0.9995418787002563,Socket
/home/lmy/iot-device-classification/dataset/socket/round5_positionB/socket_r5.pcapng,R5,359,3591.208307266236,0.0001047661280608736,6.929123628651723e-05,4.8991478251991794e-05,8.956918463809416e-05,0.9996874332427979,Socket
/home/lmy/iot-device-classification/dataset/socket/round5_positionB/socket_r5.pcapng,R5,360,3601.27223277092,9.133244748227298e-05,7.495540921809152e-05,7.38581657060422e-05,5.738409890909679e-05,0.9997023940086365,Socket
/home/lmy/iot-device-classification/dataset/socket/round5_positionB/socket_r5.pcapng,R5,361,3610.548320531845,0.00011793050362030044,4.655649172491394e-05,0.00026107372832484543,7.420383190037683e-05,0.9995002746582031,Socket
/home/lmy/iot-device-classification/dataset/socket/round5_positionB/socket_r5.pcapng,R5,362,3621.2610211372375,0.00013951036089565605,0.00012212707952130586,4.353134863777086e-05,0.0003458652354311198,0.9993489384651184,Socket
