source_file,round,window_id,window_start,proba_Camera,proba_Light_T1,proba_Light_XM,proba_Sensor,proba_Socket,true_label
/home/lmy/iot-device-classification/dataset/camera/round6_jitter/camera_r6.pcapng,R6,0,0.0,0.108,0.226,0.282,0.36,0.024,Camera
/home/lmy/iot-device-classification/dataset/camera/round6_jitter/camera_r6.pcapng,R6,1,16.40841269493103,0.21,0.072,0.036,0.626,0.056,Camera
/home/lmy/iot-device-classification/dataset/camera/round6_jitter/camera_r6.pcapng,R6,2,21.816336631774902,0.68,0.078,0.086,0.156,0.0,Camera
/home/lmy/iot-device-classification/dataset/camera/round6_jitter/camera_r6.pcapng,R6,3,32.912108182907104,0.612,0.12,0.132,0.13,0.006,Camera
/home/lmy/iot-device-classification/dataset/camera/round6_jitter/camera_r6.pcapng,R6,4,41.04926657676697,0.662,0.122,0.126,0.088,0.002,Camera
/home/lmy/iot-device-classification/dataset/camera/round6_jitter/camera_r6.pcapng,R6,5,51.446101665496826,0.498,0.096,0.136,0.268,0.002,Camera
/home/lmy/iot-device-classification/dataset/camera/round6_jitter/camera_r6.pcapng,R6,6,61.49914860725403,0.07,0.206,0.272,0.44,0.012,Camera
/home/lmy/iot-device-classification/dataset/camera/round6_jitter/camera_r6.pcapng,R6,7,73.41196155548096,0.708,0.098,0.126,0.068,0.0,Camera
/home/lmy/iot-device-classification/dataset/camera/round6_jitter/camera_r6.pcapng,R6,8,81.02167701721191,0.752,0.084,0.108,0.054,0.002,Camera
/home/lmy/iot-device-classification/dataset/camera/round6_jitter/camera_r6.pcapng,R6,9,92.80597615242004,0.544,0.112,0.152,0.186,0.006,Camera
/home/lmy/iot-device-classification/dataset/camera/round6_jitter/camera_r6.pcapng,R6,10,100.02072978019714,0.578,0.13,0.088,0.198,0.006,Camera
/home/lmy/iot-device-classification/dataset/camera/round6_jitter/camera_r6.pcapng,R6,11,111.89992618560792,0.57,0.134,0.138,0.152,0.006,Camera
/home/lmy/iot-device-classification/dataset/camera/round6_jitter/camera_r6.pcapng,R6,12,126.0194730758667,0.406,0.108,0.174,0.304,0.008,Camera
/home/lmy/iot-device-classification/dataset/camera/round6_jitter/camera_r6.pcapng,R6,13,130.05439591407776,0.22,0.198,0.312,0.27,0.0,Camera
/home/lmy/iot-device-classification/dataset/camera/round6_jitter/camera_r6.pcapng,R6,14,142.73888063430786,0.69,0.114,0.072,0.124,0.0,Camera
/home/lmy/iot-device-classification/dataset/camera/round6_jitter/camera_r6.pcapng,R6,15,153.5285038948059,0.438,0.136,0.194,0.224,0.008,Camera
/home/lmy/iot-device-classification/dataset/camera/round6_jitter/camera_r6.pcapng,R6,16,160.07851576805115,0.026,0.376,0.2,0.398,0.0,Camera
/home/lmy/iot-device-classification/dataset/camera/round6_jitter/camera_r6.pcapng,R6,17,171.02723050117493,0.52,0.084,0.208,0.18,0.008,Camera
/home/lmy/iot-device-classification/dataset/camera/round6_jitter/camera_r6.pcapng,R6,18,183.03804540634155,0.278,0.16,0.128,0.43,0.004,Camera
/home/lmy/iot-device-classification/dataset/camera/round6_jitter/camera_r6.pcapng,R6,19,190.1085197925568,0.562,0.156,0.092,0.188,0.002,Camera
/home/lmy/iot-device-classification/dataset/camera/round6_jitter/camera_r6.pcapng,R6,20,203.03806710243225,0.544,0.158,0.176,0.122,0.0,Camera
/home/lmy/iot-device-classification/dataset/camera/round6_jitter/camera_r6.pcapng,R6,21,213.2129135131836,0.514,0.112,0.208,0.158,0.008,Camera
/home/lmy/iot-device-classification/dataset/camera/round6_jitter/camera_r6.pcapng,R6,22,220.1412694454193,0.33,0.234,0.118,0.31,0.008,Camera
/home/lmy/iot-device-classification/dataset/camera/round6_jitter/camera_r6.pcapng,R6,23,232.7073562145233,0.604,0.06,0.138,0.198,0.0,Camera
/home/lmy/iot-device-classification/dataset/camera/round6_jitter/camera_r6.pcapng,R6,24,242.42231249809265,0.462,0.286,0.122,0.13,0.0,Camera
/home/lmy/iot-device-classification/dataset/camera/round6_jitter/camera_r6.pcapng,R6,25,250.54356288909912,0.572,0.178,0.112,0.116,0.022,Camera
/home/lmy/iot-device-classification/dataset/camera/round6_jitter/camera_r6.pcapng,R6,26,261.02606296539307,0.522,0.146,0.134,0.198,0.0,Camera
/home/lmy/iot-device-classification/dataset/camera/round6_jitter/camera_r6.pcapng,R6,27,271.54691791534424,0.586,0.082,0.134,0.192,0.006,Camera
/home/lmy/iot-device-classification/dataset/camera/round6_jitter/camera_r6.pcapng,R6,28,280.19865012168884,0.578,0.148,0.114,0.156,0.004,Camera
/home/lmy/iot-device-classification/dataset/camera/round6_jitter/camera_r6.pcapng,R6,29,291.6837205886841,0.584,0.09,0.154,0.154,0.018,Camera
/home/lmy/iot-device-classification/dataset/camera/round6_jitter/camera_r6.pcapng,R6,30,302.70401096343994,0.168,0.17,0.2,0.438,0.024,Camera
/home/lmy/iot-device-classification/dataset/camera/round6_jitter/camera_r6.pcapng,R6,31,310.0042254924774,0.084,0.222,0.236,0.452,0.006,Camera
/home/lmy/iot-device-classification/dataset/camera/round6_jitter/camera_r6.pcapng,R6,32,323.98978781700134,0.668,0.076,0.146,0.108,0.002,Camera
/home/lmy/iot-device-classification/dataset/camera/round6_jitter/camera_r6.pcapng,R6,33,334.50849890708923,0.73,0.088,0.072,0.106,0.004,Camera
/home/lmy/iot-device-classification/dataset/camera/round6_jitter/camera_r6.pcapng,R6,34,340.0032203197479,0.64,0.158,0.1,0.098,0.004,Camera
/home/lmy/iot-device-classification/dataset/camera/round6_jitter/camera_r6.pcapng,R6,35,351.0170702934265,0.692,0.076,0.056,0.174,0.002,Camera
/home/lmy/iot-device-classification/dataset/camera/round6_jitter/camera_r6.pcapng,R6,36,360.03311371803284,0.644,0.168,0.078,0.1,0.01,Camera
/home/lmy/iot-device-classification/dataset/camera/round6_jitter/camera_r6.pcapng,R6,37,370.0232293605805,0.466,0.154,0.094,0.282,0.004,Camera
/home/lmy/iot-device-classification/dataset/camera/round6_jitter/camera_r6.pcapng,R6,38,382.2357532978058,0.546,0.092,0.204,0.154,0.004,Camera
/home/lmy/iot-device-classification/dataset/camera/round6_jitter/camera_r6.pcapng,R6,39,393.2556898593903,0.63,0.086,0.18,0.102,0.002,Camera
/home/lmy/iot-device-classification/dataset/camera/round6_jitter/camera_r6.pcapng,R6,40,400.0486106872559,0.144,0.44,0.226,0.19,0.0,Camera
/home/lmy/iot-device-classification/dataset/camera/round6_jitter/camera_r6.pcapng,R6,41,411.3919115066528,0.728,0.096,0.078,0.096,0.002,Camera
/home/lmy/iot-device-classification/dataset/camera/round6_jitter/camera_r6.pcapng,R6,42,421.52407789230347,0.658,0.118,0.112,0.108,0.004,Camera
/home/lmy/iot-device-classification/dataset/camera/round6_jitter/camera_r6.pcapng,R6,43,430.0828909873962,0.244,0.234,0.16,0.36,0.002,Camera
/home/lmy/iot-device-classification/dataset/camera/round6_jitter/camera_r6.pcapng,R6,44,441.0043699741364,0.492,0.214,0.178,0.112,0.004,Camera
/home/lmy/iot-device-classification/dataset/camera/round6_jitter/camera_r6.pcapng,R6,45,452.62622332572937,0.516,0.098,0.21,0.176,0.0,Camera
/home/lmy/iot-device-classification/dataset/camera/round6_jitter/camera_r6.pcapng,R6,46,460.1058382987976,0.194,0.182,0.29,0.306,0.028,Camera
/home/lmy/iot-device-classification/dataset/camera/round6_jitter/camera_r6.pcapng,R6,47,474.3995101451874,0.402,0.116,0.212,0.266,0.004,Camera
/home/lmy/iot-device-classification/dataset/camera/round6_jitter/camera_r6.pcapng,R6,48,486.0015821456909,0.554,0.074,0.102,0.266,0.004,Camera
/home/lmy/iot-device-classification/dataset/camera/round6_jitter/camera_r6.pcapng,R6,49,490.14001297950745,0.064,0.462,0.27,0.202,0.002,Camera
/home/lmy/iot-device-classification/dataset/camera/round6_jitter/camera_r6.pcapng,R6,50,504.9370534420013,0.52,0.164,0.178,0.134,0.004,Camera
/home/lmy/iot-device-classification/dataset/camera/round6_jitter/camera_r6.pcapng,R6,51,510.00192284584045,0.51,0.136,0.218,0.134,0.002,Camera
/home/lmy/iot-device-classification/dataset/camera/round6_jitter/camera_r6.pcapng,R6,52,520.1755855083466,0.462,0.16,0.124,0.246,0.008,Camera
/home/lmy/iot-device-classification/dataset/camera/round6_jitter/camera_r6.pcapng,R6,53,531.0203778743744,0.5,0.094,0.154,0.232,0.02,Camera
/home/lmy/iot-device-classification/dataset/camera/round6_jitter/camera_r6.pcapng,R6,54,540.1660544872284,0.428,0.154,0.152,0.25,0.016,Camera
/home/lmy/iot-device-classification/dataset/camera/round6_jitter/camera_r6.pcapng,R6,55,550.2081806659698,0.316,0.234,0.114,0.33,0.006,Camera
/home/lmy/iot-device-classification/dataset/camera/round6_jitter/camera_r6.pcapng,R6,56,565.3134598731995,0.63,0.098,0.152,0.118,0.002,Camera
/home/lmy/iot-device-classification/dataset/camera/round6_jitter/camera_r6.pcapng,R6,57,570.3277390003204,0.632,0.096,0.186,0.086,0.0,Camera
/home/lmy/iot-device-classification/dataset/camera/round6_jitter/camera_r6.pcapng,R6,58,580.2468507289886,0.278,0.25,0.08,0.386,0.006,Camera
/home/lmy/iot-device-classification/dataset/camera/round6_jitter/camera_r6.pcapng,R6,59,591.4444098472595,0.688,0.084,0.146,0.078,0.004,Camera
/home/lmy/iot-device-classification/dataset/camera/round6_jitter/camera_r6.pcapng,R6,60,600.5690519809723,0.448,0.134,0.224,0.194,0.0,Camera
/home/lmy/iot-device-classification/dataset/camera/round6_jitter/camera_r6.pcapng,R6,61,610.2696671485901,0.14,0.22,0.276,0.352,0.012,Camera
/home/lmy/iot-device-classification/dataset/camera/round6_jitter/camera_r6.pcapng,R6,62,621.0223753452301,0.464,0.096,0.194,0.236,0.01,Camera
/home/lmy/iot-device-classification/dataset/camera/round6_jitter/camera_r6.pcapng,R6,63,631.0489149093628,0.634,0.096,0.18,0.088,0.002,Camera
/home/lmy/iot-device-classification/dataset/camera/round6_jitter/camera_r6.pcapng,R6,64,640.3013761043549,0.452,0.138,0.118,0.29,0.002,Camera
/home/lmy/iot-device-classification/dataset/camera/round6_jitter/camera_r6.pcapng,R6,65,652.8207643032074,0.49,0.126,0.194,0.184,0.006,Camera
/home/lmy/iot-device-classification/dataset/camera/round6_jitter/camera_r6.pcapng,R6,66,661.0483551025391,0.416,0.138,0.212,0.232,0.002,Camera
/home/lmy/iot-device-classification/dataset/camera/round6_jitter/camera_r6.pcapng,R6,67,670.3313779830933,0.04,0.444,0.174,0.342,0.0,Camera
/home/lmy/iot-device-classification/dataset/camera/round6_jitter/camera_r6.pcapng,R6,68,685.992032289505,0.636,0.12,0.174,0.068,0.002,Camera
/home/lmy/iot-device-classification/dataset/camera/round6_jitter/camera_r6.pcapng,R6,69,691.0477283000946,0.644,0.084,0.176,0.094,0.002,Camera
/home/lmy/iot-device-classification/dataset/camera/round6_jitter/camera_r6.pcapng,R6,70,700.3579041957855,0.55,0.12,0.092,0.234,0.004,Camera
/home/lmy/iot-device-classification/dataset/camera/round6_jitter/camera_r6.pcapng,R6,71,711.0214726924896,0.646,0.092,0.148,0.112,0.002,Camera
/home/lmy/iot-device-classification/dataset/camera/round6_jitter/camera_r6.pcapng,R6,72,721.2866652011871,0.396,0.116,0.232,0.252,0.004,Camera
/home/lmy/iot-device-classification/dataset/camera/round6_jitter/camera_r6.pcapng,R6,73,730.3869349956512,0.474,0.116,0.188,0.202,0.02,Camera
/home/lmy/iot-device-classification/dataset/camera/round6_jitter/camera_r6.pcapng,R6,74,746.3915770053864,0.466,0.162,0.19,0.178,0.004,Camera
/home/lmy/iot-device-classification/dataset/camera/round6_jitter/camera_r6.pcapng,R6,75,751.4443991184235,0.512,0.17,0.174,0.138,0.006,Camera
/home/lmy/iot-device-classification/dataset/camera/round6_jitter/camera_r6.pcapng,R6,76,760.0777533054352,0.216,0.37,0.272,0.138,0.004,Camera
/home/lmy/iot-device-classification/dataset/camera/round6_jitter/camera_r6.pcapng,R6,77,770.00457072258,0.49,0.134,0.168,0.204,0.004,Camera
/home/lmy/iot-device-classification/dataset/camera/round6_jitter/camera_r6.pcapng,R6,78,780.0129764080048,0.448,0.124,0.106,0.314,0.008,Camera
/home/lmy/iot-device-classification/dataset/camera/round6_jitter/camera_r6.pcapng,R6,79,790.0239362716675,0.39,0.11,0.146,0.348,0.006,Camera
/home/lmy/iot-device-classification/dataset/camera/round6_jitter/camera_r6.pcapng,R6,80,800.031569480896,0.446,0.234,0.234,0.086,0.0,Camera
/home/lmy/iot-device-classification/dataset/camera/round6_jitter/camera_r6.pcapng,R6,81,810.0437679290771,0.472,0.192,0.18,0.154,0.002,Camera
/home/lmy/iot-device-classification/dataset/camera/round6_jitter/camera_r6.pcapng,R6,82,820.050460100174,0.344,0.148,0.134,0.358,0.016,Camera
/home/lmy/iot-device-classification/dataset/camera/round6_jitter/camera_r6.pcapng,R6,83,830.0600385665894,0.394,0.1,0.102,0.398,0.006,Camera
/home/lmy/iot-device-classification/dataset/camera/round6_jitter/camera_r6.pcapng,R6,84,840.0689706802368,0.612,0.092,0.184,0.11,0.002,Camera
/home/lmy/iot-device-classification/dataset/camera/round6_jitter/camera_r6.pcapng,R6,85,850.0787229537964,0.0,0.19,0.456,0.354,0.0,Camera
/home/lmy/iot-device-classification/dataset/camera/round6_jitter/camera_r6.pcapng,R6,86,860.087648153305,0.428,0.142,0.176,0.25,0.004,Camera
/home/lmy/iot-device-classification/dataset/camera/round6_jitter/camera_r6.pcapng,R6,87,870.0971782207489,0.378,0.132,0.262,0.224,0.004,Camera
/home/lmy/iot-device-classification/dataset/camera/round6_jitter/camera_r6.pcapng,R6,88,880.1092805862427,0.326,0.192,0.13,0.35,0.002,Camera
/home/lmy/iot-device-classification/dataset/camera/round6_jitter/camera_r6.pcapng,R6,89,890.1169939041138,0.276,0.206,0.232,0.28,0.006,Camera
/home/lmy/iot-device-classification/dataset/camera/round6_jitter/camera_r6.pcapng,R6,90,900.1253018379211,0.392,0.102,0.24,0.262,0.004,Camera
/home/lmy/iot-device-classification/dataset/camera/round6_jitter/camera_r6.pcapng,R6,91,910.1360483169556,0.182,0.184,0.208,0.382,0.044,Camera
/home/lmy/iot-device-classification/dataset/camera/round6_jitter/camera_r6.pcapng,R6,92,920.1435296535492,0.378,0.092,0.096,0.394,0.04,Camera
/home/lmy/iot-device-classification/dataset/camera/round6_jitter/camera_r6.pcapng,R6,93,930.1531882286072,0.324,0.084,0.216,0.368,0.008,Camera
/home/lmy/iot-device-classification/dataset/camera/round6_jitter/camera_r6.pcapng,R6,94,940.160546541214,0.0,0.28,0.42,0.3,0.0,Camera
/home/lmy/iot-device-classification/dataset/camera/round6_jitter/camera_r6.pcapng,R6,95,950.1968328952788,0.446,0.114,0.212,0.224,0.004,Camera
/home/lmy/iot-device-classification/dataset/camera/round6_jitter/camera_r6.pcapng,R6,96,960.1792941093444,0.402,0.13,0.25,0.212,0.006,Camera
/home/lmy/iot-device-classification/dataset/camera/round6_jitter/camera_r6.pcapng,R6,97,970.1894645690918,0.096,0.192,0.264,0.438,0.01,Camera
/home/lmy/iot-device-classification/dataset/camera/round6_jitter/camera_r6.pcapng,R6,98,980.1971294879912,0.368,0.276,0.202,0.154,0.0,Camera
/home/lmy/iot-device-classification/dataset/camera/round6_jitter/camera_r6.pcapng,R6,99,990.20591878891,0.558,0.074,0.216,0.15,0.002,Camera
/home/lmy/iot-device-classification/dataset/camera/round6_jitter/camera_r6.pcapng,R6,100,1000.2157583236694,0.072,0.11,0.106,0.708,0.004,Camera
/home/lmy/iot-device-classification/dataset/camera/round6_jitter/camera_r6.pcapng,R6,101,1010.224273443222,0.448,0.118,0.12,0.31,0.004,Camera
/home/lmy/iot-device-classification/dataset/camera/round6_jitter/camera_r6.pcapng,R6,102,1020.2338607311248,0.478,0.1,0.202,0.21,0.01,Camera
/home/lmy/iot-device-classification/dataset/camera/round6_jitter/camera_r6.pcapng,R6,103,1030.242716550827,0.026,0.208,0.392,0.372,0.002,Camera
/home/lmy/iot-device-classification/dataset/camera/round6_jitter/camera_r6.pcapng,R6,104,1040.2521483898165,0.63,0.088,0.142,0.14,0.0,Camera
/home/lmy/iot-device-classification/dataset/camera/round6_jitter/camera_r6.pcapng,R6,105,1050.2611038684845,0.602,0.096,0.158,0.14,0.004,Camera
/home/lmy/iot-device-classification/dataset/camera/round6_jitter/camera_r6.pcapng,R6,106,1060.2709476947784,0.452,0.166,0.154,0.226,0.002,Camera
/home/lmy/iot-device-classification/dataset/camera/round6_jitter/camera_r6.pcapng,R6,107,1070.2807598114014,0.322,0.166,0.298,0.21,0.004,Camera
/home/lmy/iot-device-classification/dataset/camera/round6_jitter/camera_r6.pcapng,R6,108,1080.288731098175,0.536,0.096,0.078,0.284,0.006,Camera
/home/lmy/iot-device-classification/dataset/camera/round6_jitter/camera_r6.pcapng,R6,109,1090.3017070293429,0.382,0.124,0.15,0.34,0.004,Camera
/home/lmy/iot-device-classification/dataset/camera/round6_jitter/camera_r6.pcapng,R6,110,1100.0668396949768,0.47,0.158,0.126,0.232,0.014,Camera
/home/lmy/iot-device-classification/dataset/camera/round6_jitter/camera_r6.pcapng,R6,111,1110.316005706787,0.406,0.126,0.266,0.198,0.004,Camera
/home/lmy/iot-device-classification/dataset/camera/round6_jitter/camera_r6.pcapng,R6,112,1120.3258516788485,0.146,0.36,0.236,0.258,0.0,Camera
/home/lmy/iot-device-classification/dataset/camera/round6_jitter/camera_r6.pcapng,R6,113,1130.3339591026306,0.612,0.078,0.152,0.154,0.004,Camera
/home/lmy/iot-device-classification/dataset/camera/round6_jitter/camera_r6.pcapng,R6,114,1140.2351582050323,0.614,0.134,0.116,0.134,0.002,Camera
/home/lmy/iot-device-classification/dataset/camera/round6_jitter/camera_r6.pcapng,R6,115,1150.3517241477966,0.136,0.214,0.114,0.524,0.012,Camera
/home/lmy/iot-device-classification/dataset/camera/round6_jitter/camera_r6.pcapng,R6,116,1160.3603098392489,0.214,0.172,0.1,0.51,0.004,Camera
/home/lmy/iot-device-classification/dataset/camera/round6_jitter/camera_r6.pcapng,R6,117,1170.3695676326752,0.616,0.094,0.16,0.13,0.0,Camera
/home/lmy/iot-device-classification/dataset/camera/round6_jitter/camera_r6.pcapng,R6,118,1180.378601312637,0.51,0.158,0.09,0.236,0.006,Camera
/home/lmy/iot-device-classification/dataset/camera/round6_jitter/camera_r6.pcapng,R6,119,1190.0614500045776,0.53,0.158,0.174,0.13,0.008,Camera
/home/lmy/iot-device-classification/dataset/camera/round6_jitter/camera_r6.pcapng,R6,120,1200.3967099189758,0.482,0.11,0.148,0.25,0.01,Camera
/home/lmy/iot-device-classification/dataset/camera/round6_jitter/camera_r6.pcapng,R6,121,1210.4067702293396,0.42,0.148,0.178,0.246,0.008,Camera
/home/lmy/iot-device-classification/dataset/camera/round6_jitter/camera_r6.pcapng,R6,122,1220.4153892993927,0.43,0.136,0.166,0.26,0.008,Camera
/home/lmy/iot-device-classification/dataset/camera/round6_jitter/camera_r6.pcapng,R6,123,1230.1073174476624,0.61,0.098,0.168,0.12,0.004,Camera
/home/lmy/iot-device-classification/dataset/camera/round6_jitter/camera_r6.pcapng,R6,124,1240.4547765254974,0.042,0.4,0.178,0.38,0.0,Camera
/home/lmy/iot-device-classification/dataset/camera/round6_jitter/camera_r6.pcapng,R6,125,1250.473376274109,0.654,0.094,0.142,0.108,0.002,Camera
/home/lmy/iot-device-classification/dataset/camera/round6_jitter/camera_r6.pcapng,R6,126,1260.097229719162,0.562,0.066,0.132,0.238,0.002,Camera
/home/lmy/iot-device-classification/dataset/camera/round6_jitter/camera_r6.pcapng,R6,127,1270.5052843093872,0.48,0.152,0.08,0.284,0.004,Camera
/home/lmy/iot-device-classification/dataset/camera/round6_jitter/camera_r6.pcapng,R6,128,1280.5202345848083,0.704,0.098,0.102,0.094,0.002,Camera
/home/lmy/iot-device-classification/dataset/camera/round6_jitter/camera_r6.pcapng,R6,129,1290.5345997810364,0.612,0.09,0.182,0.114,0.002,Camera
/home/lmy/iot-device-classification/dataset/camera/round6_jitter/camera_r6.pcapng,R6,130,1300.6574850082395,0.002,0.24,0.168,0.59,0.0,Camera
/home/lmy/iot-device-classification/dataset/camera/round6_jitter/camera_r6.pcapng,R6,131,1310.5614368915558,0.656,0.112,0.098,0.126,0.008,Camera
/home/lmy/iot-device-classification/dataset/camera/round6_jitter/camera_r6.pcapng,R6,132,1320.2364172935486,0.56,0.098,0.18,0.152,0.01,Camera
/home/lmy/iot-device-classification/dataset/camera/round6_jitter/camera_r6.pcapng,R6,133,1330.5603668689728,0.416,0.136,0.116,0.326,0.006,Camera
/home/lmy/iot-device-classification/dataset/camera/round6_jitter/camera_r6.pcapng,R6,134,1340.5608189105988,0.35,0.284,0.228,0.138,0.0,Camera
/home/lmy/iot-device-classification/dataset/camera/round6_jitter/camera_r6.pcapng,R6,135,1350.6116394996643,0.312,0.08,0.136,0.466,0.006,Camera
/home/lmy/iot-device-classification/dataset/camera/round6_jitter/camera_r6.pcapng,R6,136,1360.0547397136688,0.318,0.198,0.204,0.278,0.002,Camera
/home/lmy/iot-device-classification/dataset/camera/round6_jitter/camera_r6.pcapng,R6,137,1370.5248005390167,0.412,0.106,0.134,0.304,0.044,Camera
/home/lmy/iot-device-classification/dataset/camera/round6_jitter/camera_r6.pcapng,R6,138,1380.6457180976868,0.652,0.07,0.138,0.136,0.004,Camera
/home/lmy/iot-device-classification/dataset/camera/round6_jitter/camera_r6.pcapng,R6,139,1390.6567373275757,0.432,0.138,0.142,0.276,0.012,Camera
/home/lmy/iot-device-classification/dataset/camera/round6_jitter/camera_r6.pcapng,R6,140,1400.6698451042175,0.39,0.096,0.174,0.33,0.01,Camera
/home/lmy/iot-device-classification/dataset/camera/round6_jitter/camera_r6.pcapng,R6,141,1410.6798725128174,0.612,0.08,0.184,0.12,0.004,Camera
/home/lmy/iot-device-classification/dataset/camera/round6_jitter/camera_r6.pcapng,R6,142,1420.3518302440643,0.416,0.2,0.186,0.194,0.004,Camera
/home/lmy/iot-device-classification/dataset/camera/round6_jitter/camera_r6.pcapng,R6,143,1430.7013702392578,0.51,0.072,0.084,0.33,0.004,Camera
/home/lmy/iot-device-classification/dataset/camera/round6_jitter/camera_r6.pcapng,R6,144,1440.5481615066528,0.392,0.096,0.252,0.25,0.01,Camera
/home/lmy/iot-device-classification/dataset/camera/round6_jitter/camera_r6.pcapng,R6,145,1450.7262361049652,0.38,0.13,0.22,0.244,0.026,Camera
/home/lmy/iot-device-classification/dataset/camera/round6_jitter/camera_r6.pcapng,R6,146,1460.735589981079,0.42,0.136,0.188,0.252,0.004,Camera
/home/lmy/iot-device-classification/dataset/camera/round6_jitter/camera_r6.pcapng,R6,147,1470.7458844184875,0.428,0.144,0.202,0.222,0.004,Camera
/home/lmy/iot-device-classification/dataset/camera/round6_jitter/camera_r6.pcapng,R6,148,1480.756953716278,0.12,0.258,0.234,0.366,0.022,Camera
/home/lmy/iot-device-classification/dataset/camera/round6_jitter/camera_r6.pcapng,R6,149,1490.768805027008,0.306,0.082,0.066,0.506,0.04,Camera
/home/lmy/iot-device-classification/dataset/camera/round6_jitter/camera_r6.pcapng,R6,150,1500.7786297798157,0.426,0.108,0.182,0.264,0.02,Camera
/home/lmy/iot-device-classification/dataset/camera/round6_jitter/camera_r6.pcapng,R6,151,1510.7899146080017,0.178,0.196,0.238,0.382,0.006,Camera
/home/lmy/iot-device-classification/dataset/camera/round6_jitter/camera_r6.pcapng,R6,152,1520.803120613098,0.218,0.294,0.23,0.258,0.0,Camera
/home/lmy/iot-device-classification/dataset/camera/round6_jitter/camera_r6.pcapng,R6,153,1530.8155438899994,0.422,0.086,0.112,0.378,0.002,Camera
/home/lmy/iot-device-classification/dataset/camera/round6_jitter/camera_r6.pcapng,R6,154,1540.8263595104218,0.382,0.122,0.112,0.334,0.05,Camera
/home/lmy/iot-device-classification/dataset/camera/round6_jitter/camera_r6.pcapng,R6,155,1550.8364689350128,0.608,0.11,0.088,0.182,0.012,Camera
/home/lmy/iot-device-classification/dataset/camera/round6_jitter/camera_r6.pcapng,R6,156,1560.8475756645205,0.42,0.11,0.216,0.248,0.006,Camera
/home/lmy/iot-device-classification/dataset/camera/round6_jitter/camera_r6.pcapng,R6,157,1570.8592460155487,0.042,0.262,0.362,0.31,0.024,Camera
/home/lmy/iot-device-classification/dataset/camera/round6_jitter/camera_r6.pcapng,R6,158,1580.0335268974304,0.326,0.138,0.096,0.41,0.03,Camera
/home/lmy/iot-device-classification/dataset/camera/round6_jitter/camera_r6.pcapng,R6,159,1590.8837537765503,0.478,0.104,0.212,0.2,0.006,Camera
/home/lmy/iot-device-classification/dataset/camera/round6_jitter/camera_r6.pcapng,R6,160,1600.8940246105194,0.462,0.132,0.202,0.198,0.006,Camera
/home/lmy/iot-device-classification/dataset/camera/round6_jitter/camera_r6.pcapng,R6,161,1610.075944185257,0.146,0.154,0.096,0.596,0.008,Camera
/home/lmy/iot-device-classification/dataset/camera/round6_jitter/camera_r6.pcapng,R6,162,1620.51802277565,0.472,0.13,0.2,0.192,0.006,Camera
/home/lmy/iot-device-classification/dataset/camera/round6_jitter/camera_r6.pcapng,R6,163,1630.3055078983307,0.058,0.216,0.186,0.528,0.012,Camera
/home/lmy/iot-device-classification/dataset/camera/round6_jitter/camera_r6.pcapng,R6,164,1640.680101394653,0.626,0.116,0.094,0.156,0.008,Camera
/home/lmy/iot-device-classification/dataset/camera/round6_jitter/camera_r6.pcapng,R6,165,1650.7415676116943,0.58,0.104,0.172,0.142,0.002,Camera
/home/lmy/iot-device-classification/dataset/camera/round6_jitter/camera_r6.pcapng,R6,166,1660.9584228992462,0.266,0.132,0.216,0.372,0.014,Camera
/home/lmy/iot-device-classification/dataset/camera/round6_jitter/camera_r6.pcapng,R6,167,1670.0793545246124,0.436,0.114,0.122,0.276,0.052,Camera
/home/lmy/iot-device-classification/dataset/camera/round6_jitter/camera_r6.pcapng,R6,168,1680.9798557758331,0.458,0.102,0.138,0.298,0.004,Camera
/home/lmy/iot-device-classification/dataset/camera/round6_jitter/camera_r6.pcapng,R6,169,1690.9905726909635,0.208,0.166,0.224,0.392,0.01,Camera
/home/lmy/iot-device-classification/dataset/camera/round6_jitter/camera_r6.pcapng,R6,170,1701.001389503479,0.54,0.096,0.172,0.19,0.002,Camera
/home/lmy/iot-device-classification/dataset/camera/round6_jitter/camera_r6.pcapng,R6,171,1711.0130038261414,0.508,0.106,0.18,0.202,0.004,Camera
/home/lmy/iot-device-classification/dataset/camera/round6_jitter/camera_r6.pcapng,R6,172,1721.024141788483,0.28,0.146,0.224,0.336,0.014,Camera
/home/lmy/iot-device-classification/dataset/camera/round6_jitter/camera_r6.pcapng,R6,173,1731.035284280777,0.436,0.094,0.112,0.302,0.056,Camera
/home/lmy/iot-device-classification/dataset/camera/round6_jitter/camera_r6.pcapng,R6,174,1740.005134820938,0.618,0.068,0.126,0.184,0.004,Camera
/home/lmy/iot-device-classification/dataset/camera/round6_jitter/camera_r6.pcapng,R6,175,1751.055501461029,0.368,0.156,0.226,0.246,0.004,Camera
/home/lmy/iot-device-classification/dataset/camera/round6_jitter/camera_r6.pcapng,R6,176,1760.3052315711975,0.57,0.12,0.182,0.124,0.004,Camera
/home/lmy/iot-device-classification/dataset/camera/round6_jitter/camera_r6.pcapng,R6,177,1771.0771534442902,0.566,0.084,0.13,0.218,0.002,Camera
/home/lmy/iot-device-classification/dataset/camera/round6_jitter/camera_r6.pcapng,R6,178,1781.0871739387512,0.334,0.148,0.186,0.326,0.006,Camera
/home/lmy/iot-device-classification/dataset/camera/round6_jitter/camera_r6.pcapng,R6,179,1790.7262122631073,0.198,0.18,0.258,0.338,0.026,Camera
/home/lmy/iot-device-classification/dataset/camera/round6_jitter/camera_r6.pcapng,R6,180,1801.1117963790894,0.51,0.094,0.192,0.2,0.004,Camera
/home/lmy/iot-device-classification/dataset/camera/round6_jitter/camera_r6.pcapng,R6,181,1811.119606494904,0.096,0.206,0.206,0.476,0.016,Camera
/home/lmy/iot-device-classification/dataset/camera/round6_jitter/camera_r6.pcapng,R6,182,1821.131190299988,0.316,0.188,0.138,0.344,0.014,Camera
/home/lmy/iot-device-classification/dataset/camera/round6_jitter/camera_r6.pcapng,R6,183,1830.401210784912,0.486,0.076,0.164,0.27,0.004,Camera
/home/lmy/iot-device-classification/dataset/camera/round6_jitter/camera_r6.pcapng,R6,184,1841.151824235916,0.34,0.164,0.16,0.332,0.004,Camera
/home/lmy/iot-device-classification/dataset/camera/round6_jitter/camera_r6.pcapng,R6,185,1851.0495929718015,0.656,0.094,0.108,0.136,0.006,Camera
/home/lmy/iot-device-classification/dataset/camera/round6_jitter/camera_r6.pcapng,R6,186,1861.1733157634733,0.618,0.098,0.182,0.098,0.004,Camera
/home/lmy/iot-device-classification/dataset/camera/round6_jitter/camera_r6.pcapng,R6,187,1871.183921098709,0.41,0.146,0.092,0.33,0.022,Camera
/home/lmy/iot-device-classification/dataset/camera/round6_jitter/camera_r6.pcapng,R6,188,1881.094130516052,0.262,0.072,0.082,0.576,0.008,Camera
/home/lmy/iot-device-classification/dataset/camera/round6_jitter/camera_r6.pcapng,R6,189,1891.205209732056,0.624,0.078,0.142,0.148,0.008,Camera
/home/lmy/iot-device-classification/dataset/camera/round6_jitter/camera_r6.pcapng,R6,190,1901.2158374786377,0.112,0.214,0.416,0.232,0.026,Camera
/home/lmy/iot-device-classification/dataset/camera/round6_jitter/camera_r6.pcapng,R6,191,1911.2268846035004,0.418,0.136,0.12,0.312,0.014,Camera
/home/lmy/iot-device-classification/dataset/camera/round6_jitter/camera_r6.pcapng,R6,192,1921.2364990711208,0.608,0.082,0.17,0.138,0.002,Camera
/home/lmy/iot-device-classification/dataset/camera/round6_jitter/camera_r6.pcapng,R6,193,1931.1887125968933,0.23,0.144,0.204,0.412,0.01,Camera
/home/lmy/iot-device-classification/dataset/camera/round6_jitter/camera_r6.pcapng,R6,194,1940.2201228141785,0.534,0.102,0.162,0.194,0.008,Camera
/home/lmy/iot-device-classification/dataset/camera/round6_jitter/camera_r6.pcapng,R6,195,1951.2698059082031,0.538,0.102,0.206,0.15,0.004,Camera
/home/lmy/iot-device-classification/dataset/camera/round6_jitter/camera_r6.pcapng,R6,196,1961.151922941208,0.182,0.176,0.236,0.404,0.002,Camera
/home/lmy/iot-device-classification/dataset/camera/round6_jitter/camera_r6.pcapng,R6,197,1970.6478106975555,0.586,0.106,0.158,0.148,0.002,Camera
/home/lmy/iot-device-classification/dataset/camera/round6_jitter/camera_r6.pcapng,R6,198,1981.3017301559448,0.626,0.086,0.152,0.134,0.002,Camera
/home/lmy/iot-device-classification/dataset/camera/round6_jitter/camera_r6.pcapng,R6,199,1991.3114309310915,0.478,0.132,0.09,0.298,0.002,Camera
/home/lmy/iot-device-classification/dataset/camera/round6_jitter/camera_r6.pcapng,R6,200,2000.807374954224,0.634,0.102,0.15,0.112,0.002,Camera
/home/lmy/iot-device-classification/dataset/camera/round6_jitter/camera_r6.pcapng,R6,201,2011.3332693576813,0.604,0.076,0.134,0.184,0.002,Camera
/home/lmy/iot-device-classification/dataset/camera/round6_jitter/camera_r6.pcapng,R6,202,2021.1537182331083,0.01,0.33,0.28,0.38,0.0,Camera
/home/lmy/iot-device-classification/dataset/camera/round6_jitter/camera_r6.pcapng,R6,203,2031.3539736270905,0.64,0.092,0.122,0.144,0.002,Camera
/home/lmy/iot-device-classification/dataset/camera/round6_jitter/camera_r6.pcapng,R6,204,2040.3414373397827,0.578,0.1,0.156,0.156,0.01,Camera
/home/lmy/iot-device-classification/dataset/camera/round6_jitter/camera_r6.pcapng,R6,205,2050.010827064514,0.286,0.144,0.182,0.38,0.008,Camera
/home/lmy/iot-device-classification/dataset/camera/round6_jitter/camera_r6.pcapng,R6,206,2061.106495141983,0.57,0.078,0.188,0.162,0.002,Camera
/home/lmy/iot-device-classification/dataset/camera/round6_jitter/camera_r6.pcapng,R6,207,2071.2123415470123,0.404,0.132,0.194,0.262,0.008,Camera
/home/lmy/iot-device-classification/dataset/camera/round6_jitter/camera_r6.pcapng,R6,208,2081.1602578163147,0.298,0.188,0.208,0.282,0.024,Camera
/home/lmy/iot-device-classification/dataset/camera/round6_jitter/camera_r6.pcapng,R6,209,2091.417254447937,0.416,0.116,0.184,0.282,0.002,Camera
/home/lmy/iot-device-classification/dataset/camera/round6_jitter/camera_r6.pcapng,R6,210,2101.428189277649,0.528,0.066,0.122,0.274,0.01,Camera
/home/lmy/iot-device-classification/dataset/camera/round6_jitter/camera_r6.pcapng,R6,211,2110.0503301620483,0.464,0.16,0.124,0.248,0.004,Camera
/home/lmy/iot-device-classification/dataset/camera/round6_jitter/camera_r6.pcapng,R6,212,2120.1566846370697,0.41,0.106,0.09,0.382,0.012,Camera
/home/lmy/iot-device-classification/dataset/camera/round6_jitter/camera_r6.pcapng,R6,213,2130.6482462883,0.412,0.126,0.128,0.33,0.004,Camera
/home/lmy/iot-device-classification/dataset/camera/round6_jitter/camera_r6.pcapng,R6,214,2141.470321416855,0.144,0.172,0.318,0.358,0.008,Camera
/home/lmy/iot-device-classification/dataset/camera/round6_jitter/camera_r6.pcapng,R6,215,2151.099848985672,0.344,0.116,0.254,0.278,0.008,Camera
/home/lmy/iot-device-classification/dataset/camera/round6_jitter/camera_r6.pcapng,R6,216,2161.4915142059326,0.594,0.084,0.108,0.21,0.004,Camera
/home/lmy/iot-device-classification/dataset/camera/round6_jitter/camera_r6.pcapng,R6,217,2171.501562356949,0.05,0.166,0.236,0.54,0.008,Camera
/home/lmy/iot-device-classification/dataset/camera/round6_jitter/camera_r6.pcapng,R6,218,2181.514461517334,0.358,0.126,0.176,0.334,0.006,Camera
/home/lmy/iot-device-classification/dataset/camera/round6_jitter/camera_r6.pcapng,R6,219,2190.035140514374,0.462,0.14,0.216,0.178,0.004,Camera
/home/lmy/iot-device-classification/dataset/camera/round6_jitter/camera_r6.pcapng,R6,220,2201.163538217545,0.052,0.204,0.414,0.328,0.002,Camera
/home/lmy/iot-device-classification/dataset/camera/round6_jitter/camera_r6.pcapng,R6,221,2211.546885490417,0.274,0.118,0.054,0.504,0.05,Camera
/home/lmy/iot-device-classification/dataset/camera/round6_jitter/camera_r6.pcapng,R6,222,2221.065989494324,0.456,0.146,0.188,0.204,0.006,Camera
/home/lmy/iot-device-classification/dataset/camera/round6_jitter/camera_r6.pcapng,R6,223,2231.567617893219,0.224,0.136,0.182,0.452,0.006,Camera
/home/lmy/iot-device-classification/dataset/camera/round6_jitter/camera_r6.pcapng,R6,224,2241.104499101639,0.19,0.186,0.122,0.496,0.006,Camera
/home/lmy/iot-device-classification/dataset/camera/round6_jitter/camera_r6.pcapng,R6,225,2251.2736291885376,0.47,0.118,0.164,0.242,0.006,Camera
/home/lmy/iot-device-classification/dataset/camera/round6_jitter/camera_r6.pcapng,R6,226,2260.338905096054,0.386,0.158,0.198,0.25,0.008,Camera
/home/lmy/iot-device-classification/dataset/camera/round6_jitter/camera_r6.pcapng,R6,227,2270.066679239273,0.482,0.086,0.136,0.288,0.008,Camera
/home/lmy/iot-device-classification/dataset/camera/round6_jitter/camera_r6.pcapng,R6,228,2281.481075286865,0.482,0.106,0.198,0.208,0.006,Camera
/home/lmy/iot-device-classification/dataset/camera/round6_jitter/camera_r6.pcapng,R6,229,2290.3391563892365,0.348,0.124,0.22,0.304,0.004,Camera
/home/lmy/iot-device-classification/dataset/camera/round6_jitter/camera_r6.pcapng,R6,230,2300.5894227027893,0.384,0.11,0.084,0.394,0.028,Camera
/home/lmy/iot-device-classification/dataset/camera/round6_jitter/camera_r6.pcapng,R6,231,2310.2287006378174,0.534,0.118,0.164,0.182,0.002,Camera
/home/lmy/iot-device-classification/dataset/camera/round6_jitter/camera_r6.pcapng,R6,232,2321.660905122757,0.192,0.17,0.162,0.466,0.01,Camera
/home/lmy/iot-device-classification/dataset/camera/round6_jitter/camera_r6.pcapng,R6,233,2330.756392717361,0.156,0.272,0.182,0.384,0.006,Camera
/home/lmy/iot-device-classification/dataset/camera/round6_jitter/camera_r6.pcapng,R6,234,2341.6828610897064,0.41,0.104,0.196,0.282,0.008,Camera
/home/lmy/iot-device-classification/dataset/camera/round6_jitter/camera_r6.pcapng,R6,235,2350.78146982193,0.156,0.216,0.284,0.326,0.018,Camera
/home/lmy/iot-device-classification/dataset/camera/round6_jitter/camera_r6.pcapng,R6,236,2361.702826976776,0.412,0.13,0.184,0.266,0.008,Camera
/home/lmy/iot-device-classification/dataset/camera/round6_jitter/camera_r6.pcapng,R6,237,2370.4549210071564,0.312,0.158,0.182,0.338,0.01,Camera
/home/lmy/iot-device-classification/dataset/camera/round6_jitter/camera_r6.pcapng,R6,238,2381.1730210781097,0.032,0.276,0.374,0.298,0.02,Camera
/home/lmy/iot-device-classification/dataset/camera/round6_jitter/camera_r6.pcapng,R6,239,2391.735043048858,0.376,0.234,0.164,0.214,0.012,Camera
/home/lmy/iot-device-classification/dataset/camera/round6_jitter/camera_r6.pcapng,R6,240,2400.168126106262,0.474,0.136,0.18,0.206,0.004,Camera
/home/lmy/iot-device-classification/dataset/camera/round6_jitter/camera_r6.pcapng,R6,241,2411.1951761245728,0.232,0.162,0.212,0.34,0.054,Camera
/home/lmy/iot-device-classification/dataset/camera/round6_jitter/camera_r6.pcapng,R6,242,2420.0209805965424,0.104,0.118,0.126,0.65,0.002,Camera
/home/lmy/iot-device-classification/dataset/camera/round6_jitter/camera_r6.pcapng,R6,243,2430.3680777549744,0.388,0.124,0.24,0.242,0.006,Camera
/home/lmy/iot-device-classification/dataset/camera/round6_jitter/camera_r6.pcapng,R6,244,2441.789070606232,0.112,0.208,0.336,0.33,0.014,Camera
/home/lmy/iot-device-classification/dataset/camera/round6_jitter/camera_r6.pcapng,R6,245,2451.8004252910614,0.388,0.116,0.238,0.256,0.002,Camera
/home/lmy/iot-device-classification/dataset/camera/round6_jitter/camera_r6.pcapng,R6,246,2461.2350544929504,0.466,0.122,0.182,0.226,0.004,Camera
/home/lmy/iot-device-classification/dataset/camera/round6_jitter/camera_r6.pcapng,R6,247,2471.178680419922,0.188,0.194,0.254,0.354,0.01,Camera
/home/lmy/iot-device-classification/dataset/camera/round6_jitter/camera_r6.pcapng,R6,248,2481.8346717357635,0.44,0.092,0.154,0.302,0.012,Camera
/home/lmy/iot-device-classification/dataset/camera/round6_jitter/camera_r6.pcapng,R6,249,2491.843199491501,0.454,0.12,0.216,0.206,0.004,Camera
/home/lmy/iot-device-classification/dataset/camera/round6_jitter/camera_r6.pcapng,R6,250,2500.7550644874573,0.098,0.242,0.342,0.296,0.022,Camera
/home/lmy/iot-device-classification/dataset/camera/round6_jitter/camera_r6.pcapng,R6,251,2511.1196603775024,0.298,0.32,0.232,0.15,0.0,Camera
/home/lmy/iot-device-classification/dataset/camera/round6_jitter/camera_r6.pcapng,R6,252,2521.8722615242004,0.484,0.128,0.214,0.17,0.004,Camera
/home/lmy/iot-device-classification/dataset/camera/round6_jitter/camera_r6.pcapng,R6,253,2530.031833410263,0.252,0.14,0.29,0.288,0.03,Camera
/home/lmy/iot-device-classification/dataset/camera/round6_jitter/camera_r6.pcapng,R6,254,2540.5243484973907,0.416,0.106,0.106,0.34,0.032,Camera
/home/lmy/iot-device-classification/dataset/camera/round6_jitter/camera_r6.pcapng,R6,255,2550.1106231212616,0.446,0.128,0.226,0.194,0.006,Camera
/home/lmy/iot-device-classification/dataset/camera/round6_jitter/camera_r6.pcapng,R6,256,2561.1838822364807,0.166,0.22,0.244,0.364,0.006,Camera
/home/lmy/iot-device-classification/dataset/camera/round6_jitter/camera_r6.pcapng,R6,257,2571.926914930344,0.568,0.11,0.146,0.174,0.002,Camera
/home/lmy/iot-device-classification/dataset/camera/round6_jitter/camera_r6.pcapng,R6,258,2581.171144247055,0.57,0.126,0.102,0.19,0.012,Camera
/home/lmy/iot-device-classification/dataset/camera/round6_jitter/camera_r6.pcapng,R6,259,2590.4857437610626,0.244,0.184,0.208,0.35,0.014,Camera
/home/lmy/iot-device-classification/dataset/camera/round6_jitter/camera_r6.pcapng,R6,260,2601.1453745365143,0.48,0.15,0.252,0.114,0.004,Camera
/home/lmy/iot-device-classification/dataset/camera/round6_jitter/camera_r6.pcapng,R6,261,2611.968994617462,0.452,0.13,0.2,0.214,0.004,Camera
/home/lmy/iot-device-classification/dataset/camera/round6_jitter/camera_r6.pcapng,R6,262,2621.981785297394,0.138,0.176,0.192,0.482,0.012,Camera
/home/lmy/iot-device-classification/dataset/camera/round6_jitter/camera_r6.pcapng,R6,263,2630.1665213108063,0.524,0.1,0.21,0.162,0.004,Camera
/home/lmy/iot-device-classification/dataset/camera/round6_jitter/camera_r6.pcapng,R6,264,2641.494455099106,0.418,0.124,0.2,0.24,0.018,Camera
/home/lmy/iot-device-classification/dataset/camera/round6_jitter/camera_r6.pcapng,R6,265,2650.898370027542,0.054,0.264,0.32,0.354,0.008,Camera
/home/lmy/iot-device-classification/dataset/camera/round6_jitter/camera_r6.pcapng,R6,266,2662.021950244904,0.442,0.108,0.2,0.248,0.002,Camera
/home/lmy/iot-device-classification/dataset/camera/round6_jitter/camera_r6.pcapng,R6,267,2672.031007766724,0.462,0.164,0.152,0.22,0.002,Camera
/home/lmy/iot-device-classification/dataset/camera/round6_jitter/camera_r6.pcapng,R6,268,2680.4090781211853,0.394,0.104,0.088,0.384,0.03,Camera
/home/lmy/iot-device-classification/dataset/camera/round6_jitter/camera_r6.pcapng,R6,269,2690.46989774704,0.428,0.224,0.216,0.13,0.002,Camera
/home/lmy/iot-device-classification/dataset/camera/round6_jitter/camera_r6.pcapng,R6,270,2702.063769102097,0.394,0.128,0.212,0.262,0.004,Camera
/home/lmy/iot-device-classification/dataset/camera/round6_jitter/camera_r6.pcapng,R6,271,2710.275403022766,0.354,0.13,0.2,0.304,0.012,Camera
/home/lmy/iot-device-classification/dataset/camera/round6_jitter/camera_r6.pcapng,R6,272,2722.083335399628,0.414,0.102,0.218,0.258,0.008,Camera
/home/lmy/iot-device-classification/dataset/camera/round6_jitter/camera_r6.pcapng,R6,273,2732.09583568573,0.358,0.11,0.232,0.294,0.006,Camera
/home/lmy/iot-device-classification/dataset/camera/round6_jitter/camera_r6.pcapng,R6,274,2740.8125216960907,0.05,0.286,0.292,0.364,0.008,Camera
/home/lmy/iot-device-classification/dataset/camera/round6_jitter/camera_r6.pcapng,R6,275,2750.782450914383,0.366,0.122,0.216,0.29,0.006,Camera
/home/lmy/iot-device-classification/dataset/camera/round6_jitter/camera_r6.pcapng,R6,276,2762.13106751442,0.326,0.116,0.162,0.392,0.004,Camera
/home/lmy/iot-device-classification/dataset/camera/round6_jitter/camera_r6.pcapng,R6,277,2770.374505519867,0.426,0.154,0.176,0.234,0.01,Camera
/home/lmy/iot-device-classification/dataset/camera/round6_jitter/camera_r6.pcapng,R6,278,2781.135273694992,0.286,0.08,0.086,0.542,0.006,Camera
/home/lmy/iot-device-classification/dataset/camera/round6_jitter/camera_r6.pcapng,R6,279,2790.5485973358154,0.646,0.096,0.174,0.082,0.002,Camera
/home/lmy/iot-device-classification/dataset/camera/round6_jitter/camera_r6.pcapng,R6,280,2801.2378311157227,0.058,0.136,0.288,0.506,0.012,Camera
/home/lmy/iot-device-classification/dataset/camera/round6_jitter/camera_r6.pcapng,R6,281,2811.161914110184,0.346,0.104,0.246,0.294,0.01,Camera
/home/lmy/iot-device-classification/dataset/camera/round6_jitter/camera_r6.pcapng,R6,282,2820.38600897789,0.606,0.102,0.094,0.16,0.038,Camera
/home/lmy/iot-device-classification/dataset/camera/round6_jitter/camera_r6.pcapng,R6,283,2830.8274114131927,0.088,0.184,0.3,0.424,0.004,Camera
/home/lmy/iot-device-classification/dataset/camera/round6_jitter/camera_r6.pcapng,R6,284,2841.187423467636,0.72,0.072,0.092,0.11,0.006,Camera
/home/lmy/iot-device-classification/dataset/camera/round6_jitter/camera_r6.pcapng,R6,285,2852.223437309265,0.574,0.122,0.174,0.128,0.002,Camera
/home/lmy/iot-device-classification/dataset/camera/round6_jitter/camera_r6.pcapng,R6,286,2861.530005693436,0.228,0.182,0.248,0.336,0.006,Camera
/home/lmy/iot-device-classification/dataset/camera/round6_jitter/camera_r6.pcapng,R6,287,2871.1594178676605,0.204,0.28,0.318,0.198,0.0,Camera
/home/lmy/iot-device-classification/dataset/camera/round6_jitter/camera_r6.pcapng,R6,288,2880.062063932419,0.738,0.098,0.082,0.08,0.002,Camera
/home/lmy/iot-device-classification/dataset/camera/round6_jitter/camera_r6.pcapng,R6,289,2891.534726858139,0.49,0.096,0.144,0.262,0.008,Camera
/home/lmy/iot-device-classification/dataset/camera/round6_jitter/camera_r6.pcapng,R6,290,2901.5097393989563,0.386,0.1,0.15,0.354,0.01,Camera
/home/lmy/iot-device-classification/dataset/camera/round6_jitter/camera_r6.pcapng,R6,291,2912.285255432129,0.432,0.106,0.178,0.276,0.008,Camera
/home/lmy/iot-device-classification/dataset/camera/round6_jitter/camera_r6.pcapng,R6,292,2921.2031574249268,0.072,0.154,0.292,0.464,0.018,Camera
/home/lmy/iot-device-classification/dataset/camera/round6_jitter/camera_r6.pcapng,R6,293,2931.421095609665,0.272,0.076,0.144,0.498,0.01,Camera
/home/lmy/iot-device-classification/dataset/camera/round6_jitter/camera_r6.pcapng,R6,294,2940.4232885837555,0.516,0.1,0.116,0.258,0.01,Camera
/home/lmy/iot-device-classification/dataset/camera/round6_jitter/camera_r6.pcapng,R6,295,2951.6451580524445,0.558,0.106,0.176,0.152,0.008,Camera
/home/lmy/iot-device-classification/dataset/camera/round6_jitter/camera_r6.pcapng,R6,296,2961.1554713249207,0.418,0.202,0.222,0.158,0.0,Camera
/home/lmy/iot-device-classification/dataset/camera/round6_jitter/camera_r6.pcapng,R6,297,2970.608275413513,0.558,0.12,0.128,0.194,0.0,Camera
/home/lmy/iot-device-classification/dataset/camera/round6_jitter/camera_r6.pcapng,R6,298,2980.5536694526672,0.318,0.13,0.236,0.3,0.016,Camera
/home/lmy/iot-device-classification/dataset/camera/round6_jitter/camera_r6.pcapng,R6,299,2992.369298219681,0.604,0.118,0.166,0.11,0.002,Camera
/home/lmy/iot-device-classification/dataset/camera/round6_jitter/camera_r6.pcapng,R6,300,3001.3643741607666,0.64,0.102,0.116,0.128,0.014,Camera
/home/lmy/iot-device-classification/dataset/camera/round6_jitter/camera_r6.pcapng,R6,301,3011.208260536194,0.276,0.2,0.354,0.168,0.002,Camera
/home/lmy/iot-device-classification/dataset/camera/round6_jitter/camera_r6.pcapng,R6,302,3022.401553630829,0.602,0.086,0.134,0.176,0.002,Camera
/home/lmy/iot-device-classification/dataset/camera/round6_jitter/camera_r6.pcapng,R6,303,3032.412441968918,0.558,0.076,0.19,0.174,0.002,Camera
/home/lmy/iot-device-classification/dataset/camera/round6_jitter/camera_r6.pcapng,R6,304,3040.145637512207,0.162,0.176,0.328,0.3,0.034,Camera
/home/lmy/iot-device-classification/dataset/camera/round6_jitter/camera_r6.pcapng,R6,305,3051.1619560718536,0.574,0.086,0.17,0.166,0.004,Camera
/home/lmy/iot-device-classification/dataset/camera/round6_jitter/camera_r6.pcapng,R6,306,3061.677177429199,0.574,0.112,0.13,0.178,0.006,Camera
/home/lmy/iot-device-classification/dataset/camera/round6_jitter/camera_r6.pcapng,R6,307,3071.299455881119,0.318,0.138,0.182,0.342,0.02,Camera
/home/lmy/iot-device-classification/dataset/camera/round6_jitter/camera_r6.pcapng,R6,308,3082.464773416519,0.552,0.11,0.212,0.124,0.002,Camera
/home/lmy/iot-device-classification/dataset/camera/round6_jitter/camera_r6.pcapng,R6,309,3092.479085445404,0.578,0.102,0.188,0.13,0.002,Camera
/home/lmy/iot-device-classification/dataset/camera/round6_jitter/camera_r6.pcapng,R6,310,3101.2127952575684,0.226,0.168,0.23,0.368,0.008,Camera
/home/lmy/iot-device-classification/dataset/camera/round6_jitter/camera_r6.pcapng,R6,311,3111.6004321575165,0.556,0.092,0.122,0.186,0.044,Camera
/home/lmy/iot-device-classification/dataset/camera/round6_jitter/camera_r6.pcapng,R6,312,3122.506649017334,0.454,0.106,0.202,0.236,0.002,Camera
/home/lmy/iot-device-classification/dataset/camera/round6_jitter/camera_r6.pcapng,R6,313,3131.80271434784,0.37,0.154,0.188,0.256,0.032,Camera
/home/lmy/iot-device-classification/dataset/camera/round6_jitter/camera_r6.pcapng,R6,314,3140.8235025405884,0.406,0.256,0.2,0.138,0.0,Camera
/home/lmy/iot-device-classification/dataset/camera/round6_jitter/camera_r6.pcapng,R6,315,3151.716219186783,0.658,0.076,0.18,0.084,0.002,Camera
/home/lmy/iot-device-classification/dataset/camera/round6_jitter/camera_r6.pcapng,R6,316,3162.549680709839,0.524,0.122,0.108,0.244,0.002,Camera
/home/lmy/iot-device-classification/dataset/camera/round6_jitter/camera_r6.pcapng,R6,317,3172.561816215515,0.468,0.132,0.114,0.284,0.002,Camera
/home/lmy/iot-device-classification/dataset/camera/round6_jitter/camera_r6.pcapng,R6,318,3180.959736585617,0.504,0.11,0.218,0.162,0.006,Camera
/home/lmy/iot-device-classification/dataset/camera/round6_jitter/camera_r6.pcapng,R6,319,3191.2172362804413,0.22,0.172,0.304,0.274,0.03,Camera
/home/lmy/iot-device-classification/dataset/camera/round6_jitter/camera_r6.pcapng,R6,320,3202.596365690232,0.276,0.082,0.058,0.57,0.014,Camera
/home/lmy/iot-device-classification/dataset/camera/round6_jitter/camera_r6.pcapng,R6,321,3212.69535779953,0.64,0.09,0.132,0.136,0.002,Camera
/home/lmy/iot-device-classification/dataset/camera/round6_jitter/camera_r6.pcapng,R6,322,3221.2432658672333,0.356,0.14,0.18,0.316,0.008,Camera
/home/lmy/iot-device-classification/dataset/camera/round6_jitter/camera_r6.pcapng,R6,323,3231.1598176956177,0.656,0.116,0.146,0.074,0.008,Camera
/home/lmy/iot-device-classification/dataset/camera/round6_jitter/camera_r6.pcapng,R6,324,3240.325296163559,0.62,0.096,0.16,0.122,0.002,Camera
/home/lmy/iot-device-classification/dataset/camera/round6_jitter/camera_r6.pcapng,R6,325,3252.6451218128204,0.652,0.104,0.16,0.08,0.004,Camera
/home/lmy/iot-device-classification/dataset/camera/round6_jitter/camera_r6.pcapng,R6,326,3262.660769701004,0.628,0.116,0.132,0.122,0.002,Camera
/home/lmy/iot-device-classification/dataset/camera/round6_jitter/camera_r6.pcapng,R6,327,3272.666561603546,0.518,0.038,0.11,0.332,0.002,Camera
/home/lmy/iot-device-classification/dataset/camera/round6_jitter/camera_r6.pcapng,R6,328,3281.223256111145,0.306,0.154,0.232,0.294,0.014,Camera
/home/lmy/iot-device-classification/dataset/camera/round6_jitter/camera_r6.pcapng,R6,329,3290.293855905533,0.404,0.114,0.212,0.262,0.008,Camera
/home/lmy/iot-device-classification/dataset/camera/round6_jitter/camera_r6.pcapng,R6,330,3300.696224689484,0.43,0.094,0.1,0.324,0.052,Camera
/home/lmy/iot-device-classification/dataset/camera/round6_jitter/camera_r6.pcapng,R6,331,3311.293633699417,0.436,0.1,0.172,0.232,0.06,Camera
/home/lmy/iot-device-classification/dataset/camera/round6_jitter/camera_r6.pcapng,R6,332,3321.1752393245697,0.168,0.228,0.326,0.276,0.002,Camera
/home/lmy/iot-device-classification/dataset/camera/round6_jitter/camera_r6.pcapng,R6,333,3331.9481525421143,0.4,0.114,0.216,0.268,0.002,Camera
/home/lmy/iot-device-classification/dataset/camera/round6_jitter/camera_r6.pcapng,R6,334,3341.977619409561,0.3,0.12,0.18,0.388,0.012,Camera
/home/lmy/iot-device-classification/dataset/camera/round6_jitter/camera_r6.pcapng,R6,335,3352.008556365967,0.462,0.13,0.224,0.178,0.006,Camera
/home/lmy/iot-device-classification/dataset/camera/round6_jitter/camera_r6.pcapng,R6,336,3362.762246131897,0.552,0.092,0.214,0.138,0.004,Camera
/home/lmy/iot-device-classification/dataset/camera/round6_jitter/camera_r6.pcapng,R6,337,3370.3851146698,0.302,0.182,0.382,0.13,0.004,Camera
/home/lmy/iot-device-classification/dataset/camera/round6_jitter/camera_r6.pcapng,R6,338,3382.7825610637665,0.4,0.174,0.238,0.188,0.0,Camera
/home/lmy/iot-device-classification/dataset/camera/round6_jitter/camera_r6.pcapng,R6,339,3392.793566942215,0.508,0.062,0.078,0.35,0.002,Camera
/home/lmy/iot-device-classification/dataset/camera/round6_jitter/camera_r6.pcapng,R6,340,3402.315612316132,0.166,0.204,0.23,0.376,0.024,Camera
/home/lmy/iot-device-classification/dataset/camera/round6_jitter/camera_r6.pcapng,R6,341,3410.391483068466,0.6,0.088,0.186,0.124,0.002,Camera
/home/lmy/iot-device-classification/dataset/camera/round6_jitter/camera_r6.pcapng,R6,342,3422.8246445655823,0.35,0.11,0.208,0.322,0.01,Camera
/home/lmy/iot-device-classification/dataset/camera/round6_jitter/camera_r6.pcapng,R6,343,3432.835129737854,0.554,0.094,0.162,0.18,0.01,Camera
/home/lmy/iot-device-classification/dataset/camera/round6_jitter/camera_r6.pcapng,R6,344,3442.8455579280853,0.634,0.076,0.142,0.146,0.002,Camera
/home/lmy/iot-device-classification/dataset/camera/round6_jitter/camera_r6.pcapng,R6,345,3450.658582687378,0.482,0.122,0.224,0.162,0.01,Camera
/home/lmy/iot-device-classification/dataset/camera/round6_jitter/camera_r6.pcapng,R6,346,3461.23356294632,0.5,0.106,0.214,0.176,0.004,Camera
/home/lmy/iot-device-classification/dataset/camera/round6_jitter/camera_r6.pcapng,R6,347,3471.774770259857,0.584,0.106,0.186,0.122,0.002,Camera
/home/lmy/iot-device-classification/dataset/camera/round6_jitter/camera_r6.pcapng,R6,348,3480.5355598926544,0.444,0.114,0.18,0.256,0.006,Camera
/home/lmy/iot-device-classification/dataset/camera/round6_jitter/camera_r6.pcapng,R6,349,3490.183657646179,0.518,0.104,0.16,0.184,0.034,Camera
/home/lmy/iot-device-classification/dataset/camera/round6_jitter/camera_r6.pcapng,R6,350,3501.19686460495,0.592,0.112,0.166,0.128,0.002,Camera
/home/lmy/iot-device-classification/dataset/camera/round6_jitter/camera_r6.pcapng,R6,351,3512.9195625782013,0.386,0.118,0.202,0.288,0.006,Camera
/home/lmy/iot-device-classification/dataset/camera/round6_jitter/camera_r6.pcapng,R6,352,3522.9329466819763,0.182,0.148,0.15,0.518,0.002,Camera
/home/lmy/iot-device-classification/dataset/camera/round6_jitter/camera_r6.pcapng,R6,353,3531.194218635559,0.6,0.096,0.194,0.108,0.002,Camera
/home/lmy/iot-device-classification/dataset/camera/round6_jitter/camera_r6.pcapng,R6,354,3542.9519255161285,0.494,0.102,0.172,0.224,0.008,Camera
/home/lmy/iot-device-classification/dataset/camera/round6_jitter/camera_r6.pcapng,R6,355,3551.2385046482086,0.018,0.18,0.568,0.224,0.01,Camera
/home/lmy/iot-device-classification/dataset/camera/round6_jitter/camera_r6.pcapng,R6,356,3562.972886323929,0.442,0.102,0.232,0.22,0.004,Camera
/home/lmy/iot-device-classification/dataset/camera/round6_jitter/camera_r6.pcapng,R6,357,3572.9833900928497,0.558,0.108,0.182,0.15,0.002,Camera
/home/lmy/iot-device-classification/dataset/camera/round6_jitter/camera_r6.pcapng,R6,358,3581.705691099167,0.516,0.112,0.176,0.176,0.02,Camera
/home/lmy/iot-device-classification/dataset/camera/round6_jitter/camera_r6.pcapng,R6,359,3590.495233774185,0.628,0.096,0.15,0.122,0.004,Camera
/home/lmy/iot-device-classification/dataset/camera/round6_jitter/camera_r6.pcapng,R6,360,3602.6290669441223,0.624,0.082,0.148,0.144,0.002,Camera
/home/lmy/iot-device-classification/dataset/camera/round6_jitter/camera_r6.pcapng,R6,361,3610.8301770687103,0.494,0.1,0.178,0.208,0.02,Camera
/home/lmy/iot-device-classification/dataset/camera/round6_jitter/camera_r6.pcapng,R6,362,3623.036551475525,0.646,0.098,0.13,0.122,0.004,Camera
/home/lmy/iot-device-classification/dataset/camera/round6_jitter/camera_r6.pcapng,R6,363,3633.0466532707214,0.568,0.064,0.17,0.194,0.004,Camera
/home/lmy/iot-device-classification/dataset/camera/round6_jitter/camera_r6.pcapng,R6,364,3641.242310523987,0.144,0.168,0.378,0.294,0.016,Camera
/home/lmy/iot-device-classification/dataset/camera/round6_jitter/camera_r6.pcapng,R6,365,3653.067563295365,0.536,0.128,0.2,0.134,0.002,Camera
/home/lmy/iot-device-classification/dataset/camera/round6_jitter/camera_r6.pcapng,R6,366,3663.078664779663,0.34,0.1,0.076,0.474,0.01,Camera
/home/lmy/iot-device-classification/dataset/camera/round6_jitter/camera_r6.pcapng,R6,367,3671.015345335007,0.314,0.14,0.208,0.32,0.018,Camera
/home/lmy/iot-device-classification/dataset/camera/round6_jitter/camera_r6.pcapng,R6,368,3680.074513196945,0.626,0.078,0.174,0.118,0.004,Camera
/home/lmy/iot-device-classification/dataset/camera/round6_jitter/camera_r6.pcapng,R6,369,3692.984831094742,0.612,0.096,0.16,0.126,0.006,Camera
/home/lmy/iot-device-classification/dataset/camera/round6_jitter/camera_r6.pcapng,R6,370,3703.121144533157,0.514,0.112,0.194,0.178,0.002,Camera
/home/lmy/iot-device-classification/dataset/camera/round6_jitter/camera_r6.pcapng,R6,371,3713.133065700531,0.566,0.108,0.148,0.176,0.002,Camera
/home/lmy/iot-device-classification/dataset/camera/round6_jitter/camera_r6.pcapng,R6,372,3723.14265871048,0.562,0.108,0.224,0.104,0.002,Camera
/home/lmy/iot-device-classification/dataset/camera/round6_jitter/camera_r6.pcapng,R6,373,3731.248243331909,0.066,0.196,0.376,0.358,0.004,Camera
/home/lmy/iot-device-classification/dataset/camera/round6_jitter/camera_r6.pcapng,R6,374,3740.468287467957,0.524,0.112,0.198,0.164,0.002,Camera
/home/lmy/iot-device-classification/dataset/camera/round6_jitter/camera_r6.pcapng,R6,375,3750.198014736176,0.376,0.098,0.194,0.318,0.014,Camera
/home/lmy/iot-device-classification/dataset/camera/round6_jitter/camera_r6.pcapng,R6,376,3762.676377058029,0.14,0.178,0.354,0.298,0.03,Camera
/home/lmy/iot-device-classification/dataset/camera/round6_jitter/camera_r6.pcapng,R6,377,3770.5852205753326,0.512,0.126,0.148,0.212,0.002,Camera
/home/lmy/iot-device-classification/dataset/camera/round6_jitter/camera_r6.pcapng,R6,378,3780.211594104767,0.606,0.112,0.112,0.166,0.004,Camera
/home/lmy/iot-device-classification/dataset/camera/round6_jitter/camera_r6.pcapng,R6,379,3793.2172815799713,0.362,0.128,0.208,0.266,0.036,Camera
/home/lmy/iot-device-classification/dataset/camera/round6_jitter/camera_r6.pcapng,R6,380,3800.901158809662,0.386,0.098,0.16,0.344,0.012,Camera
/home/lmy/iot-device-classification/dataset/camera/round6_jitter/camera_r6.pcapng,R6,381,3812.600911378861,0.398,0.106,0.134,0.306,0.056,Camera
/home/lmy/iot-device-classification/dataset/camera/round6_jitter/camera_r6.pcapng,R6,382,3821.255570173264,0.06,0.238,0.414,0.26,0.028,Camera
/home/lmy/iot-device-classification/dataset/camera/round6_jitter/camera_r6.pcapng,R6,383,3833.260169029236,0.336,0.102,0.234,0.32,0.008,Camera
/home/lmy/iot-device-classification/dataset/camera/round6_jitter/camera_r6.pcapng,R6,384,3840.0429112911215,0.314,0.122,0.324,0.234,0.006,Camera
/home/lmy/iot-device-classification/dataset/camera/round6_jitter/camera_r6.pcapng,R6,385,3853.2797622680655,0.268,0.158,0.28,0.262,0.032,Camera
/home/lmy/iot-device-classification/dataset/camera/round6_jitter/camera_r6.pcapng,R6,386,3861.206148147583,0.422,0.1,0.212,0.26,0.006,Camera
/home/lmy/iot-device-classification/dataset/camera/round6_jitter/camera_r6.pcapng,R6,387,3872.926537513733,0.406,0.08,0.12,0.314,0.08,Camera
/home/lmy/iot-device-classification/dataset/camera/round6_jitter/camera_r6.pcapng,R6,388,3881.2564771175385,0.128,0.182,0.416,0.266,0.008,Camera
/home/lmy/iot-device-classification/dataset/camera/round6_jitter/camera_r6.pcapng,R6,389,3893.3247158527374,0.386,0.116,0.14,0.354,0.004,Camera
/home/lmy/iot-device-classification/dataset/camera/round6_jitter/camera_r6.pcapng,R6,390,3900.407692193985,0.536,0.092,0.218,0.15,0.004,Camera
/home/lmy/iot-device-classification/dataset/camera/round6_jitter/camera_r6.pcapng,R6,391,3912.433580160141,0.632,0.096,0.124,0.138,0.01,Camera
/home/lmy/iot-device-classification/dataset/camera/round6_jitter/camera_r6.pcapng,R6,392,3921.727575540543,0.606,0.09,0.128,0.17,0.006,Camera
/home/lmy/iot-device-classification/dataset/camera/round6_jitter/camera_r6.pcapng,R6,393,3933.3654720783234,0.602,0.104,0.112,0.18,0.002,Camera
/home/lmy/iot-device-classification/dataset/camera/round6_jitter/camera_r6.pcapng,R6,394,3940.0475170612335,0.424,0.184,0.136,0.256,0.0,Camera
/home/lmy/iot-device-classification/dataset/camera/round6_jitter/camera_r6.pcapng,R6,395,3951.199758291245,0.396,0.236,0.232,0.136,0.0,Camera
/home/lmy/iot-device-classification/dataset/camera/round6_jitter/camera_r6.pcapng,R6,396,3960.802630186081,0.472,0.118,0.228,0.178,0.004,Camera
/home/lmy/iot-device-classification/dataset/camera/round6_jitter/camera_r6.pcapng,R6,397,3973.4064226150513,0.534,0.084,0.102,0.27,0.01,Camera
/home/lmy/iot-device-classification/dataset/camera/round6_jitter/camera_r6.pcapng,R6,398,3980.0719406604767,0.564,0.044,0.088,0.3,0.004,Camera
/home/lmy/iot-device-classification/dataset/light_T1/round6_jitter/light_T1_r6.pcapng,R6,0,0.0,0.008,0.388,0.512,0.092,0.0,Light_T1
/home/lmy/iot-device-classification/dataset/light_T1/round6_jitter/light_T1_r6.pcapng,R6,1,10.01024580001831,0.18,0.338,0.21,0.27,0.002,Light_T1
/home/lmy/iot-device-classification/dataset/light_T1/round6_jitter/light_T1_r6.pcapng,R6,2,20.00690984725952,0.144,0.462,0.144,0.244,0.006,Light_T1
/home/lmy/iot-device-classification/dataset/light_T1/round6_jitter/light_T1_r6.pcapng,R6,3,30.030040979385376,0.118,0.194,0.176,0.51,0.002,Light_T1
/home/lmy/iot-device-classification/dataset/light_T1/round6_jitter/light_T1_r6.pcapng,R6,4,40.04015278816223,0.036,0.47,0.374,0.12,0.0,Light_T1
/home/lmy/iot-device-classification/dataset/light_T1/round6_jitter/light_T1_r6.pcapng,R6,5,50.05129384994507,0.008,0.544,0.316,0.132,0.0,Light_T1
/home/lmy/iot-device-classification/dataset/light_T1/round6_jitter/light_T1_r6.pcapng,R6,6,60.06006336212158,0.288,0.218,0.14,0.34,0.014,Light_T1
/home/lmy/iot-device-classification/dataset/light_T1/round6_jitter/light_T1_r6.pcapng,R6,7,70.06992030143738,0.01,0.482,0.35,0.158,0.0,Light_T1
/home/lmy/iot-device-classification/dataset/light_T1/round6_jitter/light_T1_r6.pcapng,R6,8,80.08063101768494,0.032,0.668,0.136,0.164,0.0,Light_T1
/home/lmy/iot-device-classification/dataset/light_T1/round6_jitter/light_T1_r6.pcapng,R6,9,90.09067678451538,0.172,0.15,0.428,0.246,0.004,Light_T1
/home/lmy/iot-device-classification/dataset/light_T1/round6_jitter/light_T1_r6.pcapng,R6,10,100.10053706169128,0.014,0.222,0.634,0.13,0.0,Light_T1
/home/lmy/iot-device-classification/dataset/light_T1/round6_jitter/light_T1_r6.pcapng,R6,11,110.11064958572388,0.126,0.506,0.15,0.206,0.012,Light_T1
/home/lmy/iot-device-classification/dataset/light_T1/round6_jitter/light_T1_r6.pcapng,R6,12,120.120778799057,0.03,0.472,0.106,0.39,0.002,Light_T1
/home/lmy/iot-device-classification/dataset/light_T1/round6_jitter/light_T1_r6.pcapng,R6,13,130.14821076393127,0.016,0.362,0.318,0.304,0.0,Light_T1
/home/lmy/iot-device-classification/dataset/light_T1/round6_jitter/light_T1_r6.pcapng,R6,14,140.14214658737183,0.034,0.428,0.32,0.218,0.0,Light_T1
/home/lmy/iot-device-classification/dataset/light_T1/round6_jitter/light_T1_r6.pcapng,R6,15,150.15082383155823,0.138,0.39,0.22,0.248,0.004,Light_T1
/home/lmy/iot-device-classification/dataset/light_T1/round6_jitter/light_T1_r6.pcapng,R6,16,160.16214156150818,0.14,0.386,0.216,0.258,0.0,Light_T1
/home/lmy/iot-device-classification/dataset/light_T1/round6_jitter/light_T1_r6.pcapng,R6,17,170.1764326095581,0.016,0.336,0.274,0.374,0.0,Light_T1
/home/lmy/iot-device-classification/dataset/light_T1/round6_jitter/light_T1_r6.pcapng,R6,18,180.1822853088379,0.102,0.436,0.23,0.228,0.004,Light_T1
/home/lmy/iot-device-classification/dataset/light_T1/round6_jitter/light_T1_r6.pcapng,R6,19,190.1908795833588,0.048,0.446,0.324,0.182,0.0,Light_T1
/home/lmy/iot-device-classification/dataset/light_T1/round6_jitter/light_T1_r6.pcapng,R6,20,200.20116996765137,0.0,0.226,0.666,0.108,0.0,Light_T1
/home/lmy/iot-device-classification/dataset/light_T1/round6_jitter/light_T1_r6.pcapng,R6,21,210.2107102870941,0.002,0.778,0.144,0.076,0.0,Light_T1
/home/lmy/iot-device-classification/dataset/light_T1/round6_jitter/light_T1_r6.pcapng,R6,22,220.23280453681943,0.006,0.356,0.21,0.428,0.0,Light_T1
/home/lmy/iot-device-classification/dataset/light_T1/round6_jitter/light_T1_r6.pcapng,R6,23,230.231639623642,0.162,0.282,0.302,0.254,0.0,Light_T1
/home/lmy/iot-device-classification/dataset/light_T1/round6_jitter/light_T1_r6.pcapng,R6,24,240.24344873428345,0.236,0.266,0.184,0.31,0.004,Light_T1
/home/lmy/iot-device-classification/dataset/light_T1/round6_jitter/light_T1_r6.pcapng,R6,25,250.25132274627688,0.016,0.37,0.282,0.332,0.0,Light_T1
/home/lmy/iot-device-classification/dataset/light_T1/round6_jitter/light_T1_r6.pcapng,R6,26,260.265331029892,0.002,0.602,0.264,0.132,0.0,Light_T1
/home/lmy/iot-device-classification/dataset/light_T1/round6_jitter/light_T1_r6.pcapng,R6,27,270.2713890075684,0.026,0.426,0.102,0.43,0.016,Light_T1
/home/lmy/iot-device-classification/dataset/light_T1/round6_jitter/light_T1_r6.pcapng,R6,28,280.2845139503479,0.24,0.174,0.174,0.396,0.016,Light_T1
/home/lmy/iot-device-classification/dataset/light_T1/round6_jitter/light_T1_r6.pcapng,R6,29,290.3708610534668,0.01,0.466,0.32,0.202,0.002,Light_T1
/home/lmy/iot-device-classification/dataset/light_T1/round6_jitter/light_T1_r6.pcapng,R6,30,300.3007102012634,0.004,0.636,0.228,0.128,0.004,Light_T1
/home/lmy/iot-device-classification/dataset/light_T1/round6_jitter/light_T1_r6.pcapng,R6,31,310.31124114990234,0.132,0.416,0.22,0.228,0.004,Light_T1
/home/lmy/iot-device-classification/dataset/light_T1/round6_jitter/light_T1_r6.pcapng,R6,32,320.3206729888916,0.344,0.148,0.192,0.31,0.006,Light_T1
/home/lmy/iot-device-classification/dataset/light_T1/round6_jitter/light_T1_r6.pcapng,R6,33,330.03433871269226,0.022,0.414,0.132,0.43,0.002,Light_T1
/home/lmy/iot-device-classification/dataset/light_T1/round6_jitter/light_T1_r6.pcapng,R6,34,340.3454256057739,0.056,0.27,0.226,0.446,0.002,Light_T1
/home/lmy/iot-device-classification/dataset/light_T1/round6_jitter/light_T1_r6.pcapng,R6,35,350.3549258708954,0.008,0.524,0.216,0.248,0.004,Light_T1
/home/lmy/iot-device-classification/dataset/light_T1/round6_jitter/light_T1_r6.pcapng,R6,36,360.36134338378906,0.008,0.494,0.268,0.228,0.002,Light_T1
/home/lmy/iot-device-classification/dataset/light_T1/round6_jitter/light_T1_r6.pcapng,R6,37,370.372031211853,0.07,0.344,0.25,0.336,0.0,Light_T1
/home/lmy/iot-device-classification/dataset/light_T1/round6_jitter/light_T1_r6.pcapng,R6,38,380.38119864463806,0.038,0.748,0.122,0.09,0.002,Light_T1
/home/lmy/iot-device-classification/dataset/light_T1/round6_jitter/light_T1_r6.pcapng,R6,39,390.3935034275055,0.01,0.46,0.398,0.132,0.0,Light_T1
/home/lmy/iot-device-classification/dataset/light_T1/round6_jitter/light_T1_r6.pcapng,R6,40,400.3472673892975,0.016,0.486,0.296,0.202,0.0,Light_T1
/home/lmy/iot-device-classification/dataset/light_T1/round6_jitter/light_T1_r6.pcapng,R6,41,410.41234278678894,0.178,0.164,0.088,0.566,0.004,Light_T1
/home/lmy/iot-device-classification/dataset/light_T1/round6_jitter/light_T1_r6.pcapng,R6,42,420.4219570159912,0.056,0.446,0.188,0.294,0.016,Light_T1
/home/lmy/iot-device-classification/dataset/light_T1/round6_jitter/light_T1_r6.pcapng,R6,43,430.43146872520447,0.014,0.482,0.332,0.172,0.0,Light_T1
/home/lmy/iot-device-classification/dataset/light_T1/round6_jitter/light_T1_r6.pcapng,R6,44,440.4432470798493,0.012,0.372,0.322,0.294,0.0,Light_T1
/home/lmy/iot-device-classification/dataset/light_T1/round6_jitter/light_T1_r6.pcapng,R6,45,450.4521541595459,0.002,0.832,0.128,0.038,0.0,Light_T1
/home/lmy/iot-device-classification/dataset/light_T1/round6_jitter/light_T1_r6.pcapng,R6,46,460.4636187553406,0.126,0.198,0.124,0.548,0.004,Light_T1
/home/lmy/iot-device-classification/dataset/light_T1/round6_jitter/light_T1_r6.pcapng,R6,47,470.4717130661011,0.032,0.432,0.276,0.254,0.006,Light_T1
/home/lmy/iot-device-classification/dataset/light_T1/round6_jitter/light_T1_r6.pcapng,R6,48,480.0232703685761,0.064,0.35,0.364,0.218,0.004,Light_T1
/home/lmy/iot-device-classification/dataset/light_T1/round6_jitter/light_T1_r6.pcapng,R6,49,490.493766784668,0.064,0.43,0.214,0.292,0.0,Light_T1
/home/lmy/iot-device-classification/dataset/light_T1/round6_jitter/light_T1_r6.pcapng,R6,50,500.5018815994263,0.01,0.424,0.2,0.366,0.0,Light_T1
/home/lmy/iot-device-classification/dataset/light_T1/round6_jitter/light_T1_r6.pcapng,R6,51,510.51251888275146,0.006,0.722,0.174,0.096,0.002,Light_T1
/home/lmy/iot-device-classification/dataset/light_T1/round6_jitter/light_T1_r6.pcapng,R6,52,520.5220801830292,0.108,0.406,0.208,0.278,0.0,Light_T1
/home/lmy/iot-device-classification/dataset/light_T1/round6_jitter/light_T1_r6.pcapng,R6,53,530.5318121910095,0.002,0.766,0.202,0.03,0.0,Light_T1
/home/lmy/iot-device-classification/dataset/light_T1/round6_jitter/light_T1_r6.pcapng,R6,54,540.5424957275391,0.082,0.564,0.186,0.166,0.002,Light_T1
/home/lmy/iot-device-classification/dataset/light_T1/round6_jitter/light_T1_r6.pcapng,R6,55,550.4649620056152,0.342,0.194,0.224,0.232,0.008,Light_T1
/home/lmy/iot-device-classification/dataset/light_T1/round6_jitter/light_T1_r6.pcapng,R6,56,560.5639498233795,0.006,0.78,0.09,0.122,0.002,Light_T1
/home/lmy/iot-device-classification/dataset/light_T1/round6_jitter/light_T1_r6.pcapng,R6,57,570.5718750953674,0.062,0.564,0.17,0.202,0.002,Light_T1
/home/lmy/iot-device-classification/dataset/light_T1/round6_jitter/light_T1_r6.pcapng,R6,58,580.5825657844543,0.134,0.194,0.132,0.528,0.012,Light_T1
/home/lmy/iot-device-classification/dataset/light_T1/round6_jitter/light_T1_r6.pcapng,R6,59,590.592538356781,0.13,0.358,0.232,0.28,0.0,Light_T1
/home/lmy/iot-device-classification/dataset/light_T1/round6_jitter/light_T1_r6.pcapng,R6,60,600.5301837921143,0.022,0.522,0.234,0.22,0.002,Light_T1
/home/lmy/iot-device-classification/dataset/light_T1/round6_jitter/light_T1_r6.pcapng,R6,61,610.6118948459625,0.026,0.374,0.36,0.24,0.0,Light_T1
/home/lmy/iot-device-classification/dataset/light_T1/round6_jitter/light_T1_r6.pcapng,R6,62,620.623165845871,0.008,0.688,0.21,0.094,0.0,Light_T1
/home/lmy/iot-device-classification/dataset/light_T1/round6_jitter/light_T1_r6.pcapng,R6,63,630.6319072246552,0.076,0.426,0.18,0.316,0.002,Light_T1
/home/lmy/iot-device-classification/dataset/light_T1/round6_jitter/light_T1_r6.pcapng,R6,64,640.4628419876099,0.236,0.194,0.144,0.424,0.002,Light_T1
/home/lmy/iot-device-classification/dataset/light_T1/round6_jitter/light_T1_r6.pcapng,R6,65,650.6519546508789,0.1,0.376,0.148,0.374,0.002,Light_T1
/home/lmy/iot-device-classification/dataset/light_T1/round6_jitter/light_T1_r6.pcapng,R6,66,660.6628034114838,0.044,0.508,0.158,0.288,0.002,Light_T1
/home/lmy/iot-device-classification/dataset/light_T1/round6_jitter/light_T1_r6.pcapng,R6,67,670.4632058143616,0.104,0.282,0.196,0.416,0.002,Light_T1
/home/lmy/iot-device-classification/dataset/light_T1/round6_jitter/light_T1_r6.pcapng,R6,68,680.6823208332062,0.082,0.392,0.35,0.174,0.002,Light_T1
/home/lmy/iot-device-classification/dataset/light_T1/round6_jitter/light_T1_r6.pcapng,R6,69,690.692408323288,0.154,0.222,0.258,0.362,0.004,Light_T1
/home/lmy/iot-device-classification/dataset/light_T1/round6_jitter/light_T1_r6.pcapng,R6,70,700.7023062705994,0.154,0.25,0.172,0.424,0.0,Light_T1
/home/lmy/iot-device-classification/dataset/light_T1/round6_jitter/light_T1_r6.pcapng,R6,71,710.712837934494,0.074,0.152,0.158,0.61,0.006,Light_T1
/home/lmy/iot-device-classification/dataset/light_T1/round6_jitter/light_T1_r6.pcapng,R6,72,720.722202539444,0.002,0.652,0.226,0.12,0.0,Light_T1
/home/lmy/iot-device-classification/dataset/light_T1/round6_jitter/light_T1_r6.pcapng,R6,73,730.4670250415802,0.3,0.196,0.152,0.338,0.014,Light_T1
/home/lmy/iot-device-classification/dataset/light_T1/round6_jitter/light_T1_r6.pcapng,R6,74,740.7433030605316,0.098,0.476,0.224,0.202,0.0,Light_T1
/home/lmy/iot-device-classification/dataset/light_T1/round6_jitter/light_T1_r6.pcapng,R6,75,750.7525269985199,0.112,0.28,0.166,0.44,0.002,Light_T1
/home/lmy/iot-device-classification/dataset/light_T1/round6_jitter/light_T1_r6.pcapng,R6,76,760.7691414356232,0.056,0.396,0.196,0.352,0.0,Light_T1
/home/lmy/iot-device-classification/dataset/light_T1/round6_jitter/light_T1_r6.pcapng,R6,77,770.7730100154877,0.264,0.238,0.292,0.202,0.004,Light_T1
/home/lmy/iot-device-classification/dataset/light_T1/round6_jitter/light_T1_r6.pcapng,R6,78,780.2312915325165,0.022,0.348,0.31,0.32,0.0,Light_T1
/home/lmy/iot-device-classification/dataset/light_T1/round6_jitter/light_T1_r6.pcapng,R6,79,790.3694703578949,0.306,0.194,0.152,0.338,0.01,Light_T1
/home/lmy/iot-device-classification/dataset/light_T1/round6_jitter/light_T1_r6.pcapng,R6,80,800.8039019107819,0.01,0.196,0.176,0.614,0.004,Light_T1
/home/lmy/iot-device-classification/dataset/light_T1/round6_jitter/light_T1_r6.pcapng,R6,81,810.8144636154175,0.18,0.206,0.164,0.446,0.004,Light_T1
/home/lmy/iot-device-classification/dataset/light_T1/round6_jitter/light_T1_r6.pcapng,R6,82,820.4509086608887,0.056,0.346,0.31,0.288,0.0,Light_T1
/home/lmy/iot-device-classification/dataset/light_T1/round6_jitter/light_T1_r6.pcapng,R6,83,830.8366875648499,0.002,0.782,0.116,0.1,0.0,Light_T1
/home/lmy/iot-device-classification/dataset/light_T1/round6_jitter/light_T1_r6.pcapng,R6,84,840.8445847034454,0.12,0.454,0.134,0.28,0.012,Light_T1
/home/lmy/iot-device-classification/dataset/light_T1/round6_jitter/light_T1_r6.pcapng,R6,85,850.8532710075378,0.0,0.41,0.31,0.28,0.0,Light_T1
/home/lmy/iot-device-classification/dataset/light_T1/round6_jitter/light_T1_r6.pcapng,R6,86,860.8630666732788,0.018,0.282,0.14,0.56,0.0,Light_T1
/home/lmy/iot-device-classification/dataset/light_T1/round6_jitter/light_T1_r6.pcapng,R6,87,870.5296039581299,0.05,0.238,0.168,0.52,0.024,Light_T1
/home/lmy/iot-device-classification/dataset/light_T1/round6_jitter/light_T1_r6.pcapng,R6,88,880.8836078643799,0.088,0.338,0.202,0.372,0.0,Light_T1
/home/lmy/iot-device-classification/dataset/light_T1/round6_jitter/light_T1_r6.pcapng,R6,89,890.8940136432648,0.14,0.238,0.236,0.376,0.01,Light_T1
/home/lmy/iot-device-classification/dataset/light_T1/round6_jitter/light_T1_r6.pcapng,R6,90,900.9031248092653,0.01,0.386,0.42,0.182,0.002,Light_T1
/home/lmy/iot-device-classification/dataset/light_T1/round6_jitter/light_T1_r6.pcapng,R6,91,910.3612763881684,0.036,0.416,0.336,0.21,0.002,Light_T1
/home/lmy/iot-device-classification/dataset/light_T1/round6_jitter/light_T1_r6.pcapng,R6,92,920.9240176677704,0.012,0.362,0.404,0.222,0.0,Light_T1
/home/lmy/iot-device-classification/dataset/light_T1/round6_jitter/light_T1_r6.pcapng,R6,93,930.5802400112152,0.026,0.558,0.2,0.21,0.006,Light_T1
/home/lmy/iot-device-classification/dataset/light_T1/round6_jitter/light_T1_r6.pcapng,R6,94,940.9458363056184,0.004,0.548,0.258,0.19,0.0,Light_T1
/home/lmy/iot-device-classification/dataset/light_T1/round6_jitter/light_T1_r6.pcapng,R6,95,950.8268525600432,0.006,0.474,0.22,0.3,0.0,Light_T1
/home/lmy/iot-device-classification/dataset/light_T1/round6_jitter/light_T1_r6.pcapng,R6,96,960.3015644550323,0.014,0.416,0.156,0.414,0.0,Light_T1
/home/lmy/iot-device-classification/dataset/light_T1/round6_jitter/light_T1_r6.pcapng,R6,97,970.7344558238984,0.002,0.356,0.204,0.438,0.0,Light_T1
/home/lmy/iot-device-classification/dataset/light_T1/round6_jitter/light_T1_r6.pcapng,R6,98,980.98317861557,0.122,0.568,0.104,0.198,0.008,Light_T1
/home/lmy/iot-device-classification/dataset/light_T1/round6_jitter/light_T1_r6.pcapng,R6,99,990.9938778877258,0.126,0.558,0.108,0.198,0.01,Light_T1
/home/lmy/iot-device-classification/dataset/light_T1/round6_jitter/light_T1_r6.pcapng,R6,100,1000.4504058361052,0.018,0.4,0.336,0.244,0.002,Light_T1
/home/lmy/iot-device-classification/dataset/light_T1/round6_jitter/light_T1_r6.pcapng,R6,101,1011.014039993286,0.01,0.626,0.23,0.132,0.002,Light_T1
/home/lmy/iot-device-classification/dataset/light_T1/round6_jitter/light_T1_r6.pcapng,R6,102,1021.0260088443756,0.0,0.578,0.228,0.194,0.0,Light_T1
/home/lmy/iot-device-classification/dataset/light_T1/round6_jitter/light_T1_r6.pcapng,R6,103,1030.4608571529388,0.07,0.356,0.304,0.266,0.004,Light_T1
/home/lmy/iot-device-classification/dataset/light_T1/round6_jitter/light_T1_r6.pcapng,R6,104,1041.043518781662,0.024,0.43,0.266,0.28,0.0,Light_T1
/home/lmy/iot-device-classification/dataset/light_T1/round6_jitter/light_T1_r6.pcapng,R6,105,1051.053554058075,0.05,0.088,0.112,0.75,0.0,Light_T1
/home/lmy/iot-device-classification/dataset/light_T1/round6_jitter/light_T1_r6.pcapng,R6,106,1061.064861536026,0.01,0.316,0.322,0.352,0.0,Light_T1
/home/lmy/iot-device-classification/dataset/light_T1/round6_jitter/light_T1_r6.pcapng,R6,107,1071.113377571106,0.008,0.514,0.224,0.24,0.014,Light_T1
/home/lmy/iot-device-classification/dataset/light_T1/round6_jitter/light_T1_r6.pcapng,R6,108,1080.1008796691897,0.024,0.372,0.454,0.146,0.004,Light_T1
/home/lmy/iot-device-classification/dataset/light_T1/round6_jitter/light_T1_r6.pcapng,R6,109,1090.4613890647888,0.016,0.322,0.428,0.234,0.0,Light_T1
/home/lmy/iot-device-classification/dataset/light_T1/round6_jitter/light_T1_r6.pcapng,R6,110,1100.2164652347565,0.17,0.334,0.128,0.366,0.002,Light_T1
/home/lmy/iot-device-classification/dataset/light_T1/round6_jitter/light_T1_r6.pcapng,R6,111,1111.1215589046478,0.002,0.586,0.334,0.078,0.0,Light_T1
/home/lmy/iot-device-classification/dataset/light_T1/round6_jitter/light_T1_r6.pcapng,R6,112,1121.1238791942596,0.004,0.578,0.222,0.196,0.0,Light_T1
/home/lmy/iot-device-classification/dataset/light_T1/round6_jitter/light_T1_r6.pcapng,R6,113,1131.1344618797302,0.046,0.32,0.334,0.3,0.0,Light_T1
/home/lmy/iot-device-classification/dataset/light_T1/round6_jitter/light_T1_r6.pcapng,R6,114,1140.5293717384338,0.066,0.55,0.246,0.136,0.002,Light_T1
/home/lmy/iot-device-classification/dataset/light_T1/round6_jitter/light_T1_r6.pcapng,R6,115,1150.4621467590332,0.006,0.466,0.424,0.104,0.0,Light_T1
/home/lmy/iot-device-classification/dataset/light_T1/round6_jitter/light_T1_r6.pcapng,R6,116,1161.1680262088776,0.002,0.678,0.226,0.094,0.0,Light_T1
/home/lmy/iot-device-classification/dataset/light_T1/round6_jitter/light_T1_r6.pcapng,R6,117,1170.3706691265106,0.03,0.622,0.14,0.206,0.002,Light_T1
/home/lmy/iot-device-classification/dataset/light_T1/round6_jitter/light_T1_r6.pcapng,R6,118,1180.1232323646543,0.014,0.55,0.346,0.09,0.0,Light_T1
/home/lmy/iot-device-classification/dataset/light_T1/round6_jitter/light_T1_r6.pcapng,R6,119,1191.1951282024384,0.168,0.176,0.162,0.486,0.008,Light_T1
/home/lmy/iot-device-classification/dataset/light_T1/round6_jitter/light_T1_r6.pcapng,R6,120,1201.204675912857,0.008,0.704,0.108,0.176,0.004,Light_T1
/home/lmy/iot-device-classification/dataset/light_T1/round6_jitter/light_T1_r6.pcapng,R6,121,1211.2147130966189,0.166,0.348,0.232,0.254,0.0,Light_T1
/home/lmy/iot-device-classification/dataset/light_T1/round6_jitter/light_T1_r6.pcapng,R6,122,1220.3247294425964,0.052,0.318,0.394,0.236,0.0,Light_T1
/home/lmy/iot-device-classification/dataset/light_T1/round6_jitter/light_T1_r6.pcapng,R6,123,1230.5293974876404,0.254,0.354,0.168,0.222,0.002,Light_T1
/home/lmy/iot-device-classification/dataset/light_T1/round6_jitter/light_T1_r6.pcapng,R6,124,1241.2448699474337,0.002,0.492,0.188,0.318,0.0,Light_T1
/home/lmy/iot-device-classification/dataset/light_T1/round6_jitter/light_T1_r6.pcapng,R6,125,1251.2570579051971,0.022,0.354,0.39,0.234,0.0,Light_T1
/home/lmy/iot-device-classification/dataset/light_T1/round6_jitter/light_T1_r6.pcapng,R6,126,1261.264912366867,0.062,0.552,0.196,0.19,0.0,Light_T1
/home/lmy/iot-device-classification/dataset/light_T1/round6_jitter/light_T1_r6.pcapng,R6,127,1270.4621527194977,0.018,0.222,0.22,0.54,0.0,Light_T1
/home/lmy/iot-device-classification/dataset/light_T1/round6_jitter/light_T1_r6.pcapng,R6,128,1281.2846491336825,0.004,0.704,0.216,0.076,0.0,Light_T1
/home/lmy/iot-device-classification/dataset/light_T1/round6_jitter/light_T1_r6.pcapng,R6,129,1291.2946574687958,0.01,0.448,0.18,0.362,0.0,Light_T1
/home/lmy/iot-device-classification/dataset/light_T1/round6_jitter/light_T1_r6.pcapng,R6,130,1301.3044862747192,0.054,0.33,0.316,0.3,0.0,Light_T1
/home/lmy/iot-device-classification/dataset/light_T1/round6_jitter/light_T1_r6.pcapng,R6,131,1311.3154139518738,0.04,0.516,0.226,0.218,0.0,Light_T1
/home/lmy/iot-device-classification/dataset/light_T1/round6_jitter/light_T1_r6.pcapng,R6,132,1320.5301322937012,0.016,0.638,0.204,0.142,0.0,Light_T1
/home/lmy/iot-device-classification/dataset/light_T1/round6_jitter/light_T1_r6.pcapng,R6,133,1331.335738182068,0.0,0.578,0.258,0.164,0.0,Light_T1
/home/lmy/iot-device-classification/dataset/light_T1/round6_jitter/light_T1_r6.pcapng,R6,134,1341.3452854156494,0.044,0.48,0.39,0.086,0.0,Light_T1
/home/lmy/iot-device-classification/dataset/light_T1/round6_jitter/light_T1_r6.pcapng,R6,135,1351.3558177947998,0.046,0.48,0.124,0.344,0.006,Light_T1
/home/lmy/iot-device-classification/dataset/light_T1/round6_jitter/light_T1_r6.pcapng,R6,136,1360.4490747451782,0.004,0.346,0.296,0.354,0.0,Light_T1
/home/lmy/iot-device-classification/dataset/light_T1/round6_jitter/light_T1_r6.pcapng,R6,137,1371.3758835792542,0.02,0.768,0.098,0.112,0.002,Light_T1
/home/lmy/iot-device-classification/dataset/light_T1/round6_jitter/light_T1_r6.pcapng,R6,138,1380.2007954120636,0.13,0.24,0.322,0.306,0.002,Light_T1
/home/lmy/iot-device-classification/dataset/light_T1/round6_jitter/light_T1_r6.pcapng,R6,139,1390.461796760559,0.03,0.272,0.55,0.144,0.004,Light_T1
/home/lmy/iot-device-classification/dataset/light_T1/round6_jitter/light_T1_r6.pcapng,R6,140,1401.4054827690125,0.092,0.128,0.102,0.674,0.004,Light_T1
/home/lmy/iot-device-classification/dataset/light_T1/round6_jitter/light_T1_r6.pcapng,R6,141,1410.4067358970642,0.01,0.598,0.314,0.078,0.0,Light_T1
/home/lmy/iot-device-classification/dataset/light_T1/round6_jitter/light_T1_r6.pcapng,R6,142,1421.5442361831665,0.0,0.6,0.158,0.242,0.0,Light_T1
/home/lmy/iot-device-classification/dataset/light_T1/round6_jitter/light_T1_r6.pcapng,R6,143,1430.3617157936096,0.01,0.67,0.144,0.17,0.006,Light_T1
/home/lmy/iot-device-classification/dataset/light_T1/round6_jitter/light_T1_r6.pcapng,R6,144,1441.4464738368988,0.004,0.618,0.246,0.132,0.0,Light_T1
/home/lmy/iot-device-classification/dataset/light_T1/round6_jitter/light_T1_r6.pcapng,R6,145,1450.4486482143402,0.004,0.302,0.61,0.084,0.0,Light_T1
/home/lmy/iot-device-classification/dataset/light_T1/round6_jitter/light_T1_r6.pcapng,R6,146,1461.4662511348724,0.01,0.568,0.382,0.04,0.0,Light_T1
/home/lmy/iot-device-classification/dataset/light_T1/round6_jitter/light_T1_r6.pcapng,R6,147,1470.0202465057373,0.018,0.348,0.07,0.562,0.002,Light_T1
/home/lmy/iot-device-classification/dataset/light_T1/round6_jitter/light_T1_r6.pcapng,R6,148,1481.4882385730743,0.0,0.38,0.52,0.1,0.0,Light_T1
/home/lmy/iot-device-classification/dataset/light_T1/round6_jitter/light_T1_r6.pcapng,R6,149,1491.4956753253937,0.008,0.474,0.302,0.216,0.0,Light_T1
/home/lmy/iot-device-classification/dataset/light_T1/round6_jitter/light_T1_r6.pcapng,R6,150,1500.530391216278,0.0,0.724,0.184,0.092,0.0,Light_T1
/home/lmy/iot-device-classification/dataset/light_T1/round6_jitter/light_T1_r6.pcapng,R6,151,1510.4488806724548,0.004,0.496,0.364,0.132,0.004,Light_T1
/home/lmy/iot-device-classification/dataset/light_T1/round6_jitter/light_T1_r6.pcapng,R6,152,1520.1117322444916,0.02,0.29,0.4,0.288,0.002,Light_T1
/home/lmy/iot-device-classification/dataset/light_T1/round6_jitter/light_T1_r6.pcapng,R6,153,1530.800206899643,0.022,0.584,0.224,0.17,0.0,Light_T1
/home/lmy/iot-device-classification/dataset/light_T1/round6_jitter/light_T1_r6.pcapng,R6,154,1540.4638786315918,0.204,0.142,0.248,0.398,0.008,Light_T1
/home/lmy/iot-device-classification/dataset/light_T1/round6_jitter/light_T1_r6.pcapng,R6,155,1551.556224822998,0.002,0.668,0.226,0.104,0.0,Light_T1
/home/lmy/iot-device-classification/dataset/light_T1/round6_jitter/light_T1_r6.pcapng,R6,156,1561.5667719841003,0.004,0.506,0.326,0.164,0.0,Light_T1
/home/lmy/iot-device-classification/dataset/light_T1/round6_jitter/light_T1_r6.pcapng,R6,157,1571.5771498680117,0.022,0.326,0.218,0.424,0.01,Light_T1
/home/lmy/iot-device-classification/dataset/light_T1/round6_jitter/light_T1_r6.pcapng,R6,158,1580.0285921096802,0.016,0.436,0.396,0.152,0.0,Light_T1
/home/lmy/iot-device-classification/dataset/light_T1/round6_jitter/light_T1_r6.pcapng,R6,159,1590.5301983356476,0.038,0.374,0.342,0.242,0.004,Light_T1
/home/lmy/iot-device-classification/dataset/light_T1/round6_jitter/light_T1_r6.pcapng,R6,160,1601.607584476471,0.088,0.456,0.16,0.296,0.0,Light_T1
/home/lmy/iot-device-classification/dataset/light_T1/round6_jitter/light_T1_r6.pcapng,R6,161,1611.617282629013,0.072,0.534,0.176,0.21,0.008,Light_T1
/home/lmy/iot-device-classification/dataset/light_T1/round6_jitter/light_T1_r6.pcapng,R6,162,1621.6271967887878,0.024,0.342,0.17,0.452,0.012,Light_T1
/home/lmy/iot-device-classification/dataset/light_T1/round6_jitter/light_T1_r6.pcapng,R6,163,1630.449226617813,0.014,0.316,0.558,0.11,0.002,Light_T1
/home/lmy/iot-device-classification/dataset/light_T1/round6_jitter/light_T1_r6.pcapng,R6,164,1641.6481590270996,0.02,0.464,0.31,0.206,0.0,Light_T1
/home/lmy/iot-device-classification/dataset/light_T1/round6_jitter/light_T1_r6.pcapng,R6,165,1651.65696310997,0.002,0.858,0.12,0.02,0.0,Light_T1
/home/lmy/iot-device-classification/dataset/light_T1/round6_jitter/light_T1_r6.pcapng,R6,166,1661.666605949402,0.002,0.542,0.298,0.158,0.0,Light_T1
/home/lmy/iot-device-classification/dataset/light_T1/round6_jitter/light_T1_r6.pcapng,R6,167,1671.6766698360443,0.102,0.402,0.29,0.2,0.006,Light_T1
/home/lmy/iot-device-classification/dataset/light_T1/round6_jitter/light_T1_r6.pcapng,R6,168,1680.1386835575104,0.07,0.282,0.472,0.172,0.004,Light_T1
/home/lmy/iot-device-classification/dataset/light_T1/round6_jitter/light_T1_r6.pcapng,R6,169,1691.6980001926422,0.054,0.332,0.168,0.446,0.0,Light_T1
/home/lmy/iot-device-classification/dataset/light_T1/round6_jitter/light_T1_r6.pcapng,R6,170,1701.7072253227234,0.002,0.71,0.244,0.044,0.0,Light_T1
/home/lmy/iot-device-classification/dataset/light_T1/round6_jitter/light_T1_r6.pcapng,R6,171,1711.7170794010162,0.026,0.28,0.558,0.132,0.004,Light_T1
/home/lmy/iot-device-classification/dataset/light_T1/round6_jitter/light_T1_r6.pcapng,R6,172,1720.4615693092346,0.02,0.366,0.508,0.106,0.0,Light_T1
/home/lmy/iot-device-classification/dataset/light_T1/round6_jitter/light_T1_r6.pcapng,R6,173,1731.7371008396149,0.002,0.652,0.28,0.066,0.0,Light_T1
/home/lmy/iot-device-classification/dataset/light_T1/round6_jitter/light_T1_r6.pcapng,R6,174,1741.7471363544464,0.004,0.712,0.232,0.052,0.0,Light_T1
/home/lmy/iot-device-classification/dataset/light_T1/round6_jitter/light_T1_r6.pcapng,R6,175,1750.450618982315,0.022,0.3,0.516,0.162,0.0,Light_T1
/home/lmy/iot-device-classification/dataset/light_T1/round6_jitter/light_T1_r6.pcapng,R6,176,1761.7675304412842,0.008,0.446,0.406,0.14,0.0,Light_T1
/home/lmy/iot-device-classification/dataset/light_T1/round6_jitter/light_T1_r6.pcapng,R6,177,1770.5927419662476,0.028,0.61,0.162,0.196,0.004,Light_T1
/home/lmy/iot-device-classification/dataset/light_T1/round6_jitter/light_T1_r6.pcapng,R6,178,1781.786839723587,0.254,0.168,0.108,0.44,0.03,Light_T1
/home/lmy/iot-device-classification/dataset/light_T1/round6_jitter/light_T1_r6.pcapng,R6,179,1790.8864450454712,0.004,0.794,0.17,0.032,0.0,Light_T1
/home/lmy/iot-device-classification/dataset/light_T1/round6_jitter/light_T1_r6.pcapng,R6,180,1800.966551780701,0.002,0.844,0.112,0.042,0.0,Light_T1
/home/lmy/iot-device-classification/dataset/light_T1/round6_jitter/light_T1_r6.pcapng,R6,181,1810.4611082077024,0.022,0.24,0.58,0.158,0.0,Light_T1
/home/lmy/iot-device-classification/dataset/light_T1/round6_jitter/light_T1_r6.pcapng,R6,182,1821.828186750412,0.004,0.694,0.246,0.056,0.0,Light_T1
/home/lmy/iot-device-classification/dataset/light_T1/round6_jitter/light_T1_r6.pcapng,R6,183,1831.8379430770876,0.006,0.394,0.504,0.096,0.0,Light_T1
/home/lmy/iot-device-classification/dataset/light_T1/round6_jitter/light_T1_r6.pcapng,R6,184,1841.8477051258087,0.034,0.526,0.148,0.292,0.0,Light_T1
/home/lmy/iot-device-classification/dataset/light_T1/round6_jitter/light_T1_r6.pcapng,R6,185,1851.309404373169,0.012,0.506,0.402,0.08,0.0,Light_T1
/home/lmy/iot-device-classification/dataset/light_T1/round6_jitter/light_T1_r6.pcapng,R6,186,1860.5308847427368,0.052,0.164,0.102,0.674,0.008,Light_T1
/home/lmy/iot-device-classification/dataset/light_T1/round6_jitter/light_T1_r6.pcapng,R6,187,1870.35537815094,0.006,0.262,0.266,0.464,0.002,Light_T1
/home/lmy/iot-device-classification/dataset/light_T1/round6_jitter/light_T1_r6.pcapng,R6,188,1881.888097524643,0.014,0.562,0.268,0.156,0.0,Light_T1
/home/lmy/iot-device-classification/dataset/light_T1/round6_jitter/light_T1_r6.pcapng,R6,189,1891.6705458164213,0.006,0.412,0.444,0.138,0.0,Light_T1
/home/lmy/iot-device-classification/dataset/light_T1/round6_jitter/light_T1_r6.pcapng,R6,190,1900.442717790604,0.032,0.382,0.302,0.234,0.05,Light_T1
/home/lmy/iot-device-classification/dataset/light_T1/round6_jitter/light_T1_r6.pcapng,R6,191,1911.9185914993288,0.0,0.908,0.068,0.024,0.0,Light_T1
/home/lmy/iot-device-classification/dataset/light_T1/round6_jitter/light_T1_r6.pcapng,R6,192,1921.9284763336184,0.0,0.93,0.062,0.008,0.0,Light_T1
/home/lmy/iot-device-classification/dataset/light_T1/round6_jitter/light_T1_r6.pcapng,R6,193,1931.93860077858,0.004,0.298,0.138,0.56,0.0,Light_T1
/home/lmy/iot-device-classification/dataset/light_T1/round6_jitter/light_T1_r6.pcapng,R6,194,1940.0192289352417,0.004,0.584,0.284,0.128,0.0,Light_T1
/home/lmy/iot-device-classification/dataset/light_T1/round6_jitter/light_T1_r6.pcapng,R6,195,1950.019117116928,0.046,0.558,0.194,0.198,0.004,Light_T1
/home/lmy/iot-device-classification/dataset/light_T1/round6_jitter/light_T1_r6.pcapng,R6,196,1961.9695343971248,0.002,0.33,0.566,0.102,0.0,Light_T1
/home/lmy/iot-device-classification/dataset/light_T1/round6_jitter/light_T1_r6.pcapng,R6,197,1971.98366189003,0.012,0.586,0.256,0.146,0.0,Light_T1
/home/lmy/iot-device-classification/dataset/light_T1/round6_jitter/light_T1_r6.pcapng,R6,198,1980.137868642807,0.0,0.292,0.59,0.118,0.0,Light_T1
/home/lmy/iot-device-classification/dataset/light_T1/round6_jitter/light_T1_r6.pcapng,R6,199,1990.4484014511108,0.048,0.242,0.37,0.336,0.004,Light_T1
/home/lmy/iot-device-classification/dataset/light_T1/round6_jitter/light_T1_r6.pcapng,R6,200,2002.0159950256348,0.022,0.288,0.43,0.26,0.0,Light_T1
/home/lmy/iot-device-classification/dataset/light_T1/round6_jitter/light_T1_r6.pcapng,R6,201,2010.2072718143463,0.146,0.474,0.14,0.23,0.01,Light_T1
/home/lmy/iot-device-classification/dataset/light_T1/round6_jitter/light_T1_r6.pcapng,R6,202,2022.028676748276,0.004,0.356,0.548,0.092,0.0,Light_T1
/home/lmy/iot-device-classification/dataset/light_T1/round6_jitter/light_T1_r6.pcapng,R6,203,2032.0387527942655,0.014,0.448,0.226,0.312,0.0,Light_T1
/home/lmy/iot-device-classification/dataset/light_T1/round6_jitter/light_T1_r6.pcapng,R6,204,2040.605309724808,0.178,0.232,0.094,0.496,0.0,Light_T1
/home/lmy/iot-device-classification/dataset/light_T1/round6_jitter/light_T1_r6.pcapng,R6,205,2050.202221393585,0.03,0.578,0.288,0.098,0.006,Light_T1
/home/lmy/iot-device-classification/dataset/light_T1/round6_jitter/light_T1_r6.pcapng,R6,206,2062.068784236908,0.006,0.644,0.05,0.296,0.004,Light_T1
/home/lmy/iot-device-classification/dataset/light_T1/round6_jitter/light_T1_r6.pcapng,R6,207,2070.1185805797577,0.0,0.216,0.202,0.582,0.0,Light_T1
/home/lmy/iot-device-classification/dataset/light_T1/round6_jitter/light_T1_r6.pcapng,R6,208,2080.447940349579,0.01,0.462,0.426,0.102,0.0,Light_T1
/home/lmy/iot-device-classification/dataset/light_T1/round6_jitter/light_T1_r6.pcapng,R6,209,2091.8019819259644,0.01,0.576,0.312,0.102,0.0,Light_T1
/home/lmy/iot-device-classification/dataset/light_T1/round6_jitter/light_T1_r6.pcapng,R6,210,2100.607554674149,0.002,0.57,0.31,0.118,0.0,Light_T1
/home/lmy/iot-device-classification/dataset/light_T1/round6_jitter/light_T1_r6.pcapng,R6,211,2110.460786342621,0.006,0.442,0.436,0.116,0.0,Light_T1
/home/lmy/iot-device-classification/dataset/light_T1/round6_jitter/light_T1_r6.pcapng,R6,212,2120.922825813293,0.036,0.294,0.368,0.3,0.002,Light_T1
/home/lmy/iot-device-classification/dataset/light_T1/round6_jitter/light_T1_r6.pcapng,R6,213,2130.531145095825,0.054,0.556,0.258,0.132,0.0,Light_T1
/home/lmy/iot-device-classification/dataset/light_T1/round6_jitter/light_T1_r6.pcapng,R6,214,2140.009197950363,0.0,0.42,0.432,0.148,0.0,Light_T1
/home/lmy/iot-device-classification/dataset/light_T1/round6_jitter/light_T1_r6.pcapng,R6,215,2152.159565448761,0.018,0.552,0.302,0.122,0.006,Light_T1
/home/lmy/iot-device-classification/dataset/light_T1/round6_jitter/light_T1_r6.pcapng,R6,216,2162.1695549488068,0.014,0.338,0.322,0.326,0.0,Light_T1
/home/lmy/iot-device-classification/dataset/light_T1/round6_jitter/light_T1_r6.pcapng,R6,217,2170.460384607315,0.002,0.35,0.382,0.266,0.0,Light_T1
/home/lmy/iot-device-classification/dataset/light_T1/round6_jitter/light_T1_r6.pcapng,R6,218,2180.024869441986,0.016,0.088,0.058,0.836,0.002,Light_T1
/home/lmy/iot-device-classification/dataset/light_T1/round6_jitter/light_T1_r6.pcapng,R6,219,2191.643091201782,0.014,0.53,0.178,0.274,0.004,Light_T1
/home/lmy/iot-device-classification/dataset/light_T1/round6_jitter/light_T1_r6.pcapng,R6,220,2202.209225177765,0.006,0.438,0.358,0.198,0.0,Light_T1
/home/lmy/iot-device-classification/dataset/light_T1/round6_jitter/light_T1_r6.pcapng,R6,221,2210.3622753620148,0.012,0.442,0.35,0.196,0.0,Light_T1
/home/lmy/iot-device-classification/dataset/light_T1/round6_jitter/light_T1_r6.pcapng,R6,222,2220.5317854881287,0.028,0.594,0.23,0.146,0.002,Light_T1
/home/lmy/iot-device-classification/dataset/light_T1/round6_jitter/light_T1_r6.pcapng,R6,223,2230.44996714592,0.0,0.366,0.52,0.114,0.0,Light_T1
/home/lmy/iot-device-classification/dataset/light_T1/round6_jitter/light_T1_r6.pcapng,R6,224,2241.5627160072327,0.278,0.228,0.29,0.196,0.008,Light_T1
/home/lmy/iot-device-classification/dataset/light_T1/round6_jitter/light_T1_r6.pcapng,R6,225,2251.65949344635,0.008,0.676,0.238,0.078,0.0,Light_T1
/home/lmy/iot-device-classification/dataset/light_T1/round6_jitter/light_T1_r6.pcapng,R6,226,2260.461043596268,0.034,0.446,0.318,0.202,0.0,Light_T1
/home/lmy/iot-device-classification/dataset/light_T1/round6_jitter/light_T1_r6.pcapng,R6,227,2272.279742002487,0.272,0.234,0.094,0.376,0.024,Light_T1
/home/lmy/iot-device-classification/dataset/light_T1/round6_jitter/light_T1_r6.pcapng,R6,228,2280.1381266117096,0.15,0.282,0.342,0.216,0.01,Light_T1
/home/lmy/iot-device-classification/dataset/light_T1/round6_jitter/light_T1_r6.pcapng,R6,229,2291.056808948517,0.19,0.25,0.142,0.416,0.002,Light_T1
/home/lmy/iot-device-classification/dataset/light_T1/round6_jitter/light_T1_r6.pcapng,R6,230,2300.0874347686768,0.194,0.312,0.292,0.192,0.01,Light_T1
/home/lmy/iot-device-classification/dataset/light_T1/round6_jitter/light_T1_r6.pcapng,R6,231,2310.5317962169647,0.072,0.546,0.264,0.114,0.004,Light_T1
/home/lmy/iot-device-classification/dataset/light_T1/round6_jitter/light_T1_r6.pcapng,R6,232,2320.6042160987854,0.27,0.218,0.128,0.352,0.032,Light_T1
/home/lmy/iot-device-classification/dataset/light_T1/round6_jitter/light_T1_r6.pcapng,R6,233,2332.3271975517277,0.028,0.502,0.212,0.256,0.002,Light_T1
/home/lmy/iot-device-classification/dataset/light_T1/round6_jitter/light_T1_r6.pcapng,R6,234,2342.3501982688904,0.01,0.576,0.23,0.184,0.0,Light_T1
/home/lmy/iot-device-classification/dataset/light_T1/round6_jitter/light_T1_r6.pcapng,R6,235,2350.47163939476,0.034,0.33,0.55,0.086,0.0,Light_T1
/home/lmy/iot-device-classification/dataset/light_T1/round6_jitter/light_T1_r6.pcapng,R6,236,2362.2029275894165,0.06,0.27,0.138,0.502,0.03,Light_T1
/home/lmy/iot-device-classification/dataset/light_T1/round6_jitter/light_T1_r6.pcapng,R6,237,2372.380277633667,0.03,0.674,0.146,0.15,0.0,Light_T1
/home/lmy/iot-device-classification/dataset/light_T1/round6_jitter/light_T1_r6.pcapng,R6,238,2382.38967204094,0.004,0.44,0.448,0.108,0.0,Light_T1
/home/lmy/iot-device-classification/dataset/light_T1/round6_jitter/light_T1_r6.pcapng,R6,239,2390.0295186042786,0.076,0.402,0.258,0.264,0.0,Light_T1
/home/lmy/iot-device-classification/dataset/light_T1/round6_jitter/light_T1_r6.pcapng,R6,240,2401.7237889766693,0.002,0.58,0.34,0.078,0.0,Light_T1
/home/lmy/iot-device-classification/dataset/light_T1/round6_jitter/light_T1_r6.pcapng,R6,241,2412.122505426407,0.012,0.448,0.294,0.246,0.0,Light_T1
/home/lmy/iot-device-classification/dataset/light_T1/round6_jitter/light_T1_r6.pcapng,R6,242,2422.4308738708496,0.024,0.754,0.114,0.106,0.002,Light_T1
/home/lmy/iot-device-classification/dataset/light_T1/round6_jitter/light_T1_r6.pcapng,R6,243,2432.029598712921,0.002,0.77,0.172,0.056,0.0,Light_T1
/home/lmy/iot-device-classification/dataset/light_T1/round6_jitter/light_T1_r6.pcapng,R6,244,2440.459670305252,0.002,0.376,0.508,0.114,0.0,Light_T1
/home/lmy/iot-device-classification/dataset/light_T1/round6_jitter/light_T1_r6.pcapng,R6,245,2452.460870027542,0.144,0.236,0.206,0.404,0.01,Light_T1
/home/lmy/iot-device-classification/dataset/light_T1/round6_jitter/light_T1_r6.pcapng,R6,246,2460.2070767879486,0.108,0.282,0.262,0.346,0.002,Light_T1
/home/lmy/iot-device-classification/dataset/light_T1/round6_jitter/light_T1_r6.pcapng,R6,247,2470.362666606903,0.304,0.206,0.248,0.236,0.006,Light_T1
/home/lmy/iot-device-classification/dataset/light_T1/round6_jitter/light_T1_r6.pcapng,R6,248,2482.4905638694763,0.07,0.352,0.268,0.306,0.004,Light_T1
/home/lmy/iot-device-classification/dataset/light_T1/round6_jitter/light_T1_r6.pcapng,R6,249,2490.53217959404,0.064,0.352,0.392,0.192,0.0,Light_T1
/home/lmy/iot-device-classification/dataset/light_T1/round6_jitter/light_T1_r6.pcapng,R6,250,2502.510748386383,0.0,0.59,0.256,0.154,0.0,Light_T1
/home/lmy/iot-device-classification/dataset/light_T1/round6_jitter/light_T1_r6.pcapng,R6,251,2511.168463945389,0.042,0.408,0.448,0.102,0.0,Light_T1
/home/lmy/iot-device-classification/dataset/light_T1/round6_jitter/light_T1_r6.pcapng,R6,252,2522.5309052467346,0.014,0.43,0.2,0.356,0.0,Light_T1
/home/lmy/iot-device-classification/dataset/light_T1/round6_jitter/light_T1_r6.pcapng,R6,253,2530.288831472397,0.042,0.29,0.298,0.37,0.0,Light_T1
/home/lmy/iot-device-classification/dataset/light_T1/round6_jitter/light_T1_r6.pcapng,R6,254,2540.3897054195404,0.026,0.254,0.092,0.622,0.006,Light_T1
/home/lmy/iot-device-classification/dataset/light_T1/round6_jitter/light_T1_r6.pcapng,R6,255,2552.5612242221832,0.026,0.646,0.142,0.184,0.002,Light_T1
/home/lmy/iot-device-classification/dataset/light_T1/round6_jitter/light_T1_r6.pcapng,R6,256,2562.571249485016,0.01,0.322,0.452,0.216,0.0,Light_T1
/home/lmy/iot-device-classification/dataset/light_T1/round6_jitter/light_T1_r6.pcapng,R6,257,2572.582462787628,0.002,0.484,0.414,0.1,0.0,Light_T1
/home/lmy/iot-device-classification/dataset/light_T1/round6_jitter/light_T1_r6.pcapng,R6,258,2580.1469094753265,0.008,0.27,0.646,0.076,0.0,Light_T1
/home/lmy/iot-device-classification/dataset/light_T1/round6_jitter/light_T1_r6.pcapng,R6,259,2590.447726011276,0.026,0.526,0.288,0.16,0.0,Light_T1
/home/lmy/iot-device-classification/dataset/light_T1/round6_jitter/light_T1_r6.pcapng,R6,260,2602.610893726349,0.0,0.77,0.138,0.092,0.0,Light_T1
/home/lmy/iot-device-classification/dataset/light_T1/round6_jitter/light_T1_r6.pcapng,R6,261,2612.621702194214,0.014,0.346,0.31,0.33,0.0,Light_T1
/home/lmy/iot-device-classification/dataset/light_T1/round6_jitter/light_T1_r6.pcapng,R6,262,2620.447705984116,0.026,0.436,0.464,0.074,0.0,Light_T1
/home/lmy/iot-device-classification/dataset/light_T1/round6_jitter/light_T1_r6.pcapng,R6,263,2632.6025512218475,0.012,0.49,0.282,0.216,0.0,Light_T1
/home/lmy/iot-device-classification/dataset/light_T1/round6_jitter/light_T1_r6.pcapng,R6,264,2642.65159201622,0.018,0.666,0.23,0.084,0.002,Light_T1
/home/lmy/iot-device-classification/dataset/light_T1/round6_jitter/light_T1_r6.pcapng,R6,265,2652.661702394485,0.004,0.466,0.31,0.22,0.0,Light_T1
/home/lmy/iot-device-classification/dataset/light_T1/round6_jitter/light_T1_r6.pcapng,R6,266,2662.6723856925964,0.208,0.248,0.342,0.2,0.002,Light_T1
/home/lmy/iot-device-classification/dataset/light_T1/round6_jitter/light_T1_r6.pcapng,R6,267,2670.5318903923035,0.044,0.444,0.316,0.196,0.0,Light_T1
/home/lmy/iot-device-classification/dataset/light_T1/round6_jitter/light_T1_r6.pcapng,R6,268,2682.522677898407,0.008,0.358,0.462,0.17,0.002,Light_T1
/home/lmy/iot-device-classification/dataset/light_T1/round6_jitter/light_T1_r6.pcapng,R6,269,2692.7009994983678,0.008,0.716,0.19,0.084,0.002,Light_T1
/home/lmy/iot-device-classification/dataset/light_T1/round6_jitter/light_T1_r6.pcapng,R6,270,2702.7114295959477,0.002,0.87,0.078,0.05,0.0,Light_T1
/home/lmy/iot-device-classification/dataset/light_T1/round6_jitter/light_T1_r6.pcapng,R6,271,2710.448374986649,0.018,0.43,0.39,0.16,0.002,Light_T1
/home/lmy/iot-device-classification/dataset/light_T1/round6_jitter/light_T1_r6.pcapng,R6,272,2720.243267059326,0.032,0.324,0.308,0.336,0.0,Light_T1
/home/lmy/iot-device-classification/dataset/light_T1/round6_jitter/light_T1_r6.pcapng,R6,273,2731.0885179042816,0.144,0.198,0.424,0.232,0.002,Light_T1
/home/lmy/iot-device-classification/dataset/light_T1/round6_jitter/light_T1_r6.pcapng,R6,274,2740.106722354889,0.016,0.34,0.506,0.138,0.0,Light_T1
/home/lmy/iot-device-classification/dataset/light_T1/round6_jitter/light_T1_r6.pcapng,R6,275,2752.7623472213745,0.006,0.426,0.456,0.112,0.0,Light_T1
/home/lmy/iot-device-classification/dataset/light_T1/round6_jitter/light_T1_r6.pcapng,R6,276,2760.532936811447,0.06,0.384,0.3,0.256,0.0,Light_T1
/home/lmy/iot-device-classification/dataset/light_T1/round6_jitter/light_T1_r6.pcapng,R6,277,2772.78261590004,0.002,0.574,0.356,0.068,0.0,Light_T1
/home/lmy/iot-device-classification/dataset/light_T1/round6_jitter/light_T1_r6.pcapng,R6,278,2782.7923419475555,0.024,0.13,0.106,0.74,0.0,Light_T1
/home/lmy/iot-device-classification/dataset/light_T1/round6_jitter/light_T1_r6.pcapng,R6,279,2790.310722589493,0.028,0.25,0.108,0.594,0.02,Light_T1
/home/lmy/iot-device-classification/dataset/light_T1/round6_jitter/light_T1_r6.pcapng,R6,280,2800.459692001343,0.01,0.39,0.504,0.096,0.0,Light_T1
/home/lmy/iot-device-classification/dataset/light_T1/round6_jitter/light_T1_r6.pcapng,R6,281,2811.719918012619,0.004,0.476,0.456,0.064,0.0,Light_T1
/home/lmy/iot-device-classification/dataset/light_T1/round6_jitter/light_T1_r6.pcapng,R6,282,2821.5053803920746,0.0,0.63,0.244,0.126,0.0,Light_T1
/home/lmy/iot-device-classification/dataset/light_T1/round6_jitter/light_T1_r6.pcapng,R6,283,2830.4607865810394,0.04,0.346,0.454,0.16,0.0,Light_T1
/home/lmy/iot-device-classification/dataset/light_T1/round6_jitter/light_T1_r6.pcapng,R6,284,2842.61807513237,0.158,0.142,0.408,0.286,0.006,Light_T1
/home/lmy/iot-device-classification/dataset/light_T1/round6_jitter/light_T1_r6.pcapng,R6,285,2850.526269197464,0.006,0.7,0.23,0.064,0.0,Light_T1
/home/lmy/iot-device-classification/dataset/light_T1/round6_jitter/light_T1_r6.pcapng,R6,286,2861.4030582904816,0.006,0.332,0.382,0.28,0.0,Light_T1
/home/lmy/iot-device-classification/dataset/light_T1/round6_jitter/light_T1_r6.pcapng,R6,287,2871.7913739681244,0.052,0.542,0.176,0.23,0.0,Light_T1
/home/lmy/iot-device-classification/dataset/light_T1/round6_jitter/light_T1_r6.pcapng,R6,288,2880.5682747364044,0.01,0.332,0.422,0.232,0.004,Light_T1
/home/lmy/iot-device-classification/dataset/light_T1/round6_jitter/light_T1_r6.pcapng,R6,289,2890.46056175232,0.216,0.312,0.29,0.178,0.004,Light_T1
/home/lmy/iot-device-classification/dataset/light_T1/round6_jitter/light_T1_r6.pcapng,R6,290,2902.017991542816,0.046,0.63,0.184,0.138,0.002,Light_T1
/home/lmy/iot-device-classification/dataset/light_T1/round6_jitter/light_T1_r6.pcapng,R6,291,2912.0774993896484,0.134,0.544,0.13,0.186,0.006,Light_T1
/home/lmy/iot-device-classification/dataset/light_T1/round6_jitter/light_T1_r6.pcapng,R6,292,2922.9335210323334,0.006,0.406,0.454,0.134,0.0,Light_T1
/home/lmy/iot-device-classification/dataset/light_T1/round6_jitter/light_T1_r6.pcapng,R6,293,2932.9445843696594,0.016,0.376,0.444,0.164,0.0,Light_T1
/home/lmy/iot-device-classification/dataset/light_T1/round6_jitter/light_T1_r6.pcapng,R6,294,2940.532990694046,0.004,0.76,0.158,0.078,0.0,Light_T1
/home/lmy/iot-device-classification/dataset/light_T1/round6_jitter/light_T1_r6.pcapng,R6,295,2950.446444749832,0.006,0.43,0.418,0.146,0.0,Light_T1
/home/lmy/iot-device-classification/dataset/light_T1/round6_jitter/light_T1_r6.pcapng,R6,296,2962.972623348236,0.04,0.616,0.166,0.178,0.0,Light_T1
/home/lmy/iot-device-classification/dataset/light_T1/round6_jitter/light_T1_r6.pcapng,R6,297,2972.98409986496,0.008,0.662,0.228,0.1,0.002,Light_T1
/home/lmy/iot-device-classification/dataset/light_T1/round6_jitter/light_T1_r6.pcapng,R6,298,2980.447480201721,0.014,0.32,0.47,0.196,0.0,Light_T1
/home/lmy/iot-device-classification/dataset/light_T1/round6_jitter/light_T1_r6.pcapng,R6,299,2991.570041418076,0.03,0.61,0.24,0.116,0.004,Light_T1
/home/lmy/iot-device-classification/dataset/light_T1/round6_jitter/light_T1_r6.pcapng,R6,300,3000.289328336716,0.006,0.532,0.28,0.182,0.0,Light_T1
/home/lmy/iot-device-classification/dataset/light_T1/round6_jitter/light_T1_r6.pcapng,R6,301,3010.2268064022064,0.014,0.236,0.576,0.174,0.0,Light_T1
/home/lmy/iot-device-classification/dataset/light_T1/round6_jitter/light_T1_r6.pcapng,R6,302,3021.1686866283417,0.016,0.386,0.266,0.332,0.0,Light_T1
/home/lmy/iot-device-classification/dataset/light_T1/round6_jitter/light_T1_r6.pcapng,R6,303,3030.526533603668,0.012,0.576,0.34,0.072,0.0,Light_T1
/home/lmy/iot-device-classification/dataset/light_T1/round6_jitter/light_T1_r6.pcapng,R6,304,3043.07745552063,0.002,0.396,0.43,0.172,0.0,Light_T1
/home/lmy/iot-device-classification/dataset/light_T1/round6_jitter/light_T1_r6.pcapng,R6,305,3050.0304975509644,0.03,0.364,0.4,0.206,0.0,Light_T1
/home/lmy/iot-device-classification/dataset/light_T1/round6_jitter/light_T1_r6.pcapng,R6,306,3063.073250770569,0.012,0.516,0.356,0.116,0.0,Light_T1
/home/lmy/iot-device-classification/dataset/light_T1/round6_jitter/light_T1_r6.pcapng,R6,307,3070.460724115372,0.046,0.246,0.436,0.268,0.004,Light_T1
/home/lmy/iot-device-classification/dataset/light_T1/round6_jitter/light_T1_r6.pcapng,R6,308,3081.150215148926,0.002,0.7,0.202,0.096,0.0,Light_T1
/home/lmy/iot-device-classification/dataset/light_T1/round6_jitter/light_T1_r6.pcapng,R6,309,3092.008431434632,0.008,0.364,0.2,0.428,0.0,Light_T1
/home/lmy/iot-device-classification/dataset/light_T1/round6_jitter/light_T1_r6.pcapng,R6,310,3103.1134583950043,0.002,0.4,0.194,0.404,0.0,Light_T1
/home/lmy/iot-device-classification/dataset/light_T1/round6_jitter/light_T1_r6.pcapng,R6,311,3113.1231853961945,0.038,0.404,0.336,0.222,0.0,Light_T1
/home/lmy/iot-device-classification/dataset/light_T1/round6_jitter/light_T1_r6.pcapng,R6,312,3123.134006500244,0.026,0.278,0.564,0.13,0.002,Light_T1
/home/lmy/iot-device-classification/dataset/light_T1/round6_jitter/light_T1_r6.pcapng,R6,313,3131.4679203033447,0.014,0.388,0.344,0.254,0.0,Light_T1
/home/lmy/iot-device-classification/dataset/light_T1/round6_jitter/light_T1_r6.pcapng,R6,314,3140.1257486343384,0.038,0.284,0.486,0.192,0.0,Light_T1
/home/lmy/iot-device-classification/dataset/light_T1/round6_jitter/light_T1_r6.pcapng,R6,316,3160.458023309708,0.008,0.386,0.54,0.066,0.0,Light_T1
/home/lmy/iot-device-classification/dataset/light_T1/round6_jitter/light_T1_r6.pcapng,R6,317,3172.7386898994446,0.006,0.46,0.334,0.2,0.0,Light_T1
/home/lmy/iot-device-classification/dataset/light_T1/round6_jitter/light_T1_r6.pcapng,R6,318,3180.2197666168213,0.002,0.274,0.558,0.166,0.0,Light_T1
/home/lmy/iot-device-classification/dataset/light_T1/round6_jitter/light_T1_r6.pcapng,R6,319,3190.4461460113525,0.002,0.278,0.438,0.282,0.0,Light_T1
/home/lmy/iot-device-classification/dataset/light_T1/round6_jitter/light_T1_r6.pcapng,R6,320,3201.9497652053838,0.046,0.276,0.33,0.348,0.0,Light_T1
/home/lmy/iot-device-classification/dataset/light_T1/round6_jitter/light_T1_r6.pcapng,R6,321,3213.223206281662,0.0,0.81,0.106,0.084,0.0,Light_T1
/home/lmy/iot-device-classification/dataset/light_T1/round6_jitter/light_T1_r6.pcapng,R6,322,3223.2366466522217,0.016,0.394,0.432,0.158,0.0,Light_T1
/home/lmy/iot-device-classification/dataset/light_T1/round6_jitter/light_T1_r6.pcapng,R6,323,3231.3873958587646,0.124,0.388,0.136,0.342,0.01,Light_T1
/home/lmy/iot-device-classification/dataset/light_T1/round6_jitter/light_T1_r6.pcapng,R6,324,3242.116520404816,0.0,0.81,0.156,0.034,0.0,Light_T1
/home/lmy/iot-device-classification/dataset/light_T1/round6_jitter/light_T1_r6.pcapng,R6,325,3250.3623847961426,0.008,0.414,0.342,0.236,0.0,Light_T1
/home/lmy/iot-device-classification/dataset/light_T1/round6_jitter/light_T1_r6.pcapng,R6,326,3263.272674560547,0.004,0.504,0.346,0.146,0.0,Light_T1
/home/lmy/iot-device-classification/dataset/light_T1/round6_jitter/light_T1_r6.pcapng,R6,327,3273.242734193802,0.006,0.428,0.298,0.266,0.002,Light_T1
/home/lmy/iot-device-classification/dataset/light_T1/round6_jitter/light_T1_r6.pcapng,R6,328,3283.292952775955,0.006,0.478,0.4,0.116,0.0,Light_T1
/home/lmy/iot-device-classification/dataset/light_T1/round6_jitter/light_T1_r6.pcapng,R6,329,3293.3035027980804,0.094,0.136,0.116,0.646,0.008,Light_T1
/home/lmy/iot-device-classification/dataset/light_T1/round6_jitter/light_T1_r6.pcapng,R6,330,3300.531008243561,0.014,0.626,0.294,0.066,0.0,Light_T1
/home/lmy/iot-device-classification/dataset/light_T1/round6_jitter/light_T1_r6.pcapng,R6,331,3310.4577827453613,0.01,0.514,0.366,0.11,0.0,Light_T1
/home/lmy/iot-device-classification/dataset/light_T1/round6_jitter/light_T1_r6.pcapng,R6,332,3320.188933610916,0.008,0.394,0.254,0.344,0.0,Light_T1
/home/lmy/iot-device-classification/dataset/light_T1/round6_jitter/light_T1_r6.pcapng,R6,333,3331.2458941936493,0.1,0.232,0.44,0.224,0.004,Light_T1
/home/lmy/iot-device-classification/dataset/light_T1/round6_jitter/light_T1_r6.pcapng,R6,334,3340.266094207764,0.002,0.36,0.57,0.068,0.0,Light_T1
/home/lmy/iot-device-classification/dataset/light_T1/round6_jitter/light_T1_r6.pcapng,R6,335,3353.363086938858,0.002,0.854,0.112,0.032,0.0,Light_T1
/home/lmy/iot-device-classification/dataset/light_T1/round6_jitter/light_T1_r6.pcapng,R6,336,3362.82798743248,0.076,0.306,0.334,0.276,0.008,Light_T1
/home/lmy/iot-device-classification/dataset/light_T1/round6_jitter/light_T1_r6.pcapng,R6,337,3373.3831017017365,0.042,0.178,0.186,0.594,0.0,Light_T1
/home/lmy/iot-device-classification/dataset/light_T1/round6_jitter/light_T1_r6.pcapng,R6,338,3381.401404619217,0.01,0.392,0.292,0.306,0.0,Light_T1
/home/lmy/iot-device-classification/dataset/light_T1/round6_jitter/light_T1_r6.pcapng,R6,339,3390.5308978557587,0.01,0.548,0.16,0.282,0.0,Light_T1
/home/lmy/iot-device-classification/dataset/light_T1/round6_jitter/light_T1_r6.pcapng,R6,340,3400.121520280838,0.154,0.26,0.196,0.39,0.0,Light_T1
/home/lmy/iot-device-classification/dataset/light_T1/round6_jitter/light_T1_r6.pcapng,R6,341,3410.355239391327,0.006,0.484,0.396,0.114,0.0,Light_T1
/home/lmy/iot-device-classification/dataset/light_T1/round6_jitter/light_T1_r6.pcapng,R6,342,3423.4332168102264,0.008,0.302,0.218,0.472,0.0,Light_T1
/home/lmy/iot-device-classification/dataset/light_T1/round6_jitter/light_T1_r6.pcapng,R6,343,3430.4579787254333,0.006,0.416,0.51,0.064,0.004,Light_T1
/home/lmy/iot-device-classification/dataset/light_T1/round6_jitter/light_T1_r6.pcapng,R6,344,3441.330272912979,0.004,0.322,0.262,0.412,0.0,Light_T1
/home/lmy/iot-device-classification/dataset/light_T1/round6_jitter/light_T1_r6.pcapng,R6,345,3452.369309425354,0.0,0.73,0.192,0.078,0.0,Light_T1
/home/lmy/iot-device-classification/dataset/light_T1/round6_jitter/light_T1_r6.pcapng,R6,346,3460.4422619342804,0.006,0.23,0.37,0.394,0.0,Light_T1
/home/lmy/iot-device-classification/dataset/light_T1/round6_jitter/light_T1_r6.pcapng,R6,347,3473.4827988147736,0.01,0.476,0.35,0.164,0.0,Light_T1
/home/lmy/iot-device-classification/dataset/light_T1/round6_jitter/light_T1_r6.pcapng,R6,348,3480.153078317642,0.008,0.318,0.536,0.138,0.0,Light_T1
/home/lmy/iot-device-classification/dataset/light_T1/round6_jitter/light_T1_r6.pcapng,R6,349,3493.503347635269,0.07,0.242,0.252,0.434,0.002,Light_T1
/home/lmy/iot-device-classification/dataset/light_T1/round6_jitter/light_T1_r6.pcapng,R6,350,3503.513781070709,0.002,0.464,0.462,0.072,0.0,Light_T1
/home/lmy/iot-device-classification/dataset/light_T1/round6_jitter/light_T1_r6.pcapng,R6,351,3511.307571411133,0.002,0.632,0.25,0.116,0.0,Light_T1
/home/lmy/iot-device-classification/dataset/light_T1/round6_jitter/light_T1_r6.pcapng,R6,352,3520.455633163452,0.018,0.5,0.382,0.1,0.0,Light_T1
/home/lmy/iot-device-classification/dataset/light_T1/round6_jitter/light_T1_r6.pcapng,R6,353,3533.241488456726,0.002,0.684,0.176,0.138,0.0,Light_T1
/home/lmy/iot-device-classification/dataset/light_T1/round6_jitter/light_T1_r6.pcapng,R6,354,3543.553201198578,0.002,0.718,0.234,0.046,0.0,Light_T1
/home/lmy/iot-device-classification/dataset/light_T1/round6_jitter/light_T1_r6.pcapng,R6,355,3550.4553582668304,0.0,0.23,0.412,0.358,0.0,Light_T1
/home/lmy/iot-device-classification/dataset/light_T1/round6_jitter/light_T1_r6.pcapng,R6,356,3563.572928905487,0.02,0.134,0.078,0.766,0.002,Light_T1
/home/lmy/iot-device-classification/dataset/light_T1/round6_jitter/light_T1_r6.pcapng,R6,357,3570.681350708008,0.002,0.594,0.236,0.168,0.0,Light_T1
/home/lmy/iot-device-classification/dataset/light_T1/round6_jitter/light_T1_r6.pcapng,R6,358,3581.08114027977,0.0,0.21,0.372,0.416,0.002,Light_T1
/home/lmy/iot-device-classification/dataset/light_T1/round6_jitter/light_T1_r6.pcapng,R6,359,3590.026632785797,0.002,0.346,0.504,0.148,0.0,Light_T1
/home/lmy/iot-device-classification/dataset/light_T1/round6_jitter/light_T1_r6.pcapng,R6,360,3601.8812112808228,0.006,0.536,0.286,0.172,0.0,Light_T1
/home/lmy/iot-device-classification/dataset/light_T1/round6_jitter/light_T1_r6.pcapng,R6,361,3610.201014757157,0.004,0.21,0.452,0.326,0.008,Light_T1
/home/lmy/iot-device-classification/dataset/light_T1/round6_jitter/light_T1_r6.pcapng,R6,362,3621.4549095630646,0.002,0.522,0.366,0.11,0.0,Light_T1
/home/lmy/iot-device-classification/dataset/light_T1/round6_jitter/light_T1_r6.pcapng,R6,363,3632.525155067444,0.002,0.55,0.352,0.096,0.0,Light_T1
/home/lmy/iot-device-classification/dataset/light_T1/round6_jitter/light_T1_r6.pcapng,R6,364,3641.403839588165,0.008,0.436,0.394,0.162,0.0,Light_T1
/home/lmy/iot-device-classification/dataset/light_T1/round6_jitter/light_T1_r6.pcapng,R6,365,3653.6635344028473,0.176,0.248,0.358,0.214,0.004,Light_T1
/home/lmy/iot-device-classification/dataset/light_T1/round6_jitter/light_T1_r6.pcapng,R6,366,3660.529095888138,0.01,0.65,0.282,0.058,0.0,Light_T1
/home/lmy/iot-device-classification/dataset/light_T1/round6_jitter/light_T1_r6.pcapng,R6,367,3670.443584442138,0.008,0.484,0.384,0.124,0.0,Light_T1
/home/lmy/iot-device-classification/dataset/light_T1/round6_jitter/light_T1_r6.pcapng,R6,368,3680.920939683914,0.002,0.598,0.134,0.266,0.0,Light_T1
/home/lmy/iot-device-classification/dataset/light_T1/round6_jitter/light_T1_r6.pcapng,R6,369,3692.1346504688254,0.026,0.318,0.232,0.42,0.004,Light_T1
/home/lmy/iot-device-classification/dataset/light_T1/round6_jitter/light_T1_r6.pcapng,R6,370,3700.455450534821,0.012,0.224,0.49,0.274,0.0,Light_T1
/home/lmy/iot-device-classification/dataset/light_T1/round6_jitter/light_T1_r6.pcapng,R6,371,3713.723541498184,0.002,0.538,0.3,0.16,0.0,Light_T1
/home/lmy/iot-device-classification/dataset/light_T1/round6_jitter/light_T1_r6.pcapng,R6,372,3723.733649015426,0.002,0.098,0.184,0.716,0.0,Light_T1
/home/lmy/iot-device-classification/dataset/light_T1/round6_jitter/light_T1_r6.pcapng,R6,373,3730.115439891815,0.018,0.538,0.378,0.066,0.0,Light_T1
/home/lmy/iot-device-classification/dataset/light_T1/round6_jitter/light_T1_r6.pcapng,R6,374,3743.753571271896,0.006,0.442,0.416,0.136,0.0,Light_T1
/home/lmy/iot-device-classification/dataset/light_T1/round6_jitter/light_T1_r6.pcapng,R6,375,3750.5217344760895,0.014,0.536,0.264,0.186,0.0,Light_T1
/home/lmy/iot-device-classification/dataset/light_T1/round6_jitter/light_T1_r6.pcapng,R6,376,3763.7729489803314,0.02,0.194,0.552,0.234,0.0,Light_T1
/home/lmy/iot-device-classification/dataset/light_T1/round6_jitter/light_T1_r6.pcapng,R6,377,3773.78418636322,0.016,0.332,0.492,0.158,0.002,Light_T1
/home/lmy/iot-device-classification/dataset/light_T1/round6_jitter/light_T1_r6.pcapng,R6,378,3780.156815052033,0.002,0.288,0.658,0.052,0.0,Light_T1
/home/lmy/iot-device-classification/dataset/light_T1/round6_jitter/light_T1_r6.pcapng,R6,379,3790.442428588867,0.03,0.426,0.49,0.054,0.0,Light_T1
/home/lmy/iot-device-classification/dataset/light_T1/round6_jitter/light_T1_r6.pcapng,R6,380,3803.813553094864,0.002,0.23,0.49,0.278,0.0,Light_T1
/home/lmy/iot-device-classification/dataset/light_T1/round6_jitter/light_T1_r6.pcapng,R6,381,3810.665239095688,0.004,0.5,0.35,0.146,0.0,Light_T1
/home/lmy/iot-device-classification/dataset/light_T1/round6_jitter/light_T1_r6.pcapng,R6,382,3820.279978275299,0.004,0.43,0.37,0.196,0.0,Light_T1
/home/lmy/iot-device-classification/dataset/light_T1/round6_jitter/light_T1_r6.pcapng,R6,383,3830.6810529232025,0.012,0.406,0.408,0.174,0.0,Light_T1
/home/lmy/iot-device-classification/dataset/light_T1/round6_jitter/light_T1_r6.pcapng,R6,384,3840.5722794532776,0.024,0.312,0.358,0.306,0.0,Light_T1
/home/lmy/iot-device-classification/dataset/light_T1/round6_jitter/light_T1_r6.pcapng,R6,385,3850.935511112213,0.0,0.34,0.464,0.196,0.0,Light_T1
/home/lmy/iot-device-classification/dataset/light_T1/round6_jitter/light_T1_r6.pcapng,R6,386,3861.880447864533,0.004,0.272,0.638,0.086,0.0,Light_T1
/home/lmy/iot-device-classification/dataset/light_T1/round6_jitter/light_T1_r6.pcapng,R6,387,3873.065786600113,0.016,0.366,0.492,0.126,0.0,Light_T1
/home/lmy/iot-device-classification/dataset/light_T1/round6_jitter/light_T1_r6.pcapng,R6,388,3880.4412496089935,0.008,0.354,0.432,0.206,0.0,Light_T1
/home/lmy/iot-device-classification/dataset/light_T1/round6_jitter/light_T1_r6.pcapng,R6,389,3893.081222295761,0.002,0.698,0.212,0.088,0.0,Light_T1
/home/lmy/iot-device-classification/dataset/light_T1/round6_jitter/light_T1_r6.pcapng,R6,390,3900.266498804093,0.006,0.596,0.328,0.07,0.0,Light_T1
/home/lmy/iot-device-classification/dataset/light_T1/round6_jitter/light_T1_r6.pcapng,R6,391,3910.454487323761,0.006,0.492,0.388,0.114,0.0,Light_T1
/home/lmy/iot-device-classification/dataset/light_T1/round6_jitter/light_T1_r6.pcapng,R6,392,3920.088895559311,0.01,0.436,0.252,0.302,0.0,Light_T1
/home/lmy/iot-device-classification/dataset/light_T1/round6_jitter/light_T1_r6.pcapng,R6,393,3930.0319998264313,0.012,0.344,0.298,0.346,0.0,Light_T1
/home/lmy/iot-device-classification/dataset/light_T1/round6_jitter/light_T1_r6.pcapng,R6,394,3940.375281810761,0.046,0.154,0.13,0.67,0.0,Light_T1
/home/lmy/iot-device-classification/dataset/light_xm/round6_jitter/light_xm_r6.pcapng,R6,0,0.0,0.004,0.284,0.688,0.024,0.0,Light_XM
/home/lmy/iot-device-classification/dataset/light_xm/round6_jitter/light_xm_r6.pcapng,R6,1,10.010474443435667,0.028,0.294,0.462,0.216,0.0,Light_XM
/home/lmy/iot-device-classification/dataset/light_xm/round6_jitter/light_xm_r6.pcapng,R6,2,20.021486043930054,0.0,0.192,0.698,0.11,0.0,Light_XM
/home/lmy/iot-device-classification/dataset/light_xm/round6_jitter/light_xm_r6.pcapng,R6,3,30.03001880645752,0.0,0.262,0.624,0.114,0.0,Light_XM
/home/lmy/iot-device-classification/dataset/light_xm/round6_jitter/light_xm_r6.pcapng,R6,4,40.04029750823975,0.008,0.242,0.638,0.112,0.0,Light_XM
/home/lmy/iot-device-classification/dataset/light_xm/round6_jitter/light_xm_r6.pcapng,R6,5,50.051284313201904,0.004,0.524,0.354,0.118,0.0,Light_XM
/home/lmy/iot-device-classification/dataset/light_xm/round6_jitter/light_xm_r6.pcapng,R6,6,60.0606062412262,0.02,0.408,0.404,0.168,0.0,Light_XM
/home/lmy/iot-device-classification/dataset/light_xm/round6_jitter/light_xm_r6.pcapng,R6,7,70.07333874702454,0.016,0.55,0.342,0.092,0.0,Light_XM
/home/lmy/iot-device-classification/dataset/light_xm/round6_jitter/light_xm_r6.pcapng,R6,8,80.08155798912048,0.002,0.426,0.542,0.03,0.0,Light_XM
/home/lmy/iot-device-classification/dataset/light_xm/round6_jitter/light_xm_r6.pcapng,R6,9,90.09055972099304,0.004,0.49,0.486,0.02,0.0,Light_XM
/home/lmy/iot-device-classification/dataset/light_xm/round6_jitter/light_xm_r6.pcapng,R6,10,100.101092338562,0.004,0.344,0.45,0.202,0.0,Light_XM
/home/lmy/iot-device-classification/dataset/light_xm/round6_jitter/light_xm_r6.pcapng,R6,11,110.11066913604736,0.022,0.276,0.308,0.392,0.002,Light_XM
/home/lmy/iot-device-classification/dataset/light_xm/round6_jitter/light_xm_r6.pcapng,R6,12,120.12481665611269,0.082,0.356,0.41,0.15,0.002,Light_XM
/home/lmy/iot-device-classification/dataset/light_xm/round6_jitter/light_xm_r6.pcapng,R6,13,130.13116931915283,0.002,0.55,0.33,0.118,0.0,Light_XM
/home/lmy/iot-device-classification/dataset/light_xm/round6_jitter/light_xm_r6.pcapng,R6,14,140.14078831672668,0.008,0.404,0.514,0.074,0.0,Light_XM
/home/lmy/iot-device-classification/dataset/light_xm/round6_jitter/light_xm_r6.pcapng,R6,15,150.15071201324463,0.002,0.236,0.67,0.092,0.0,Light_XM
/home/lmy/iot-device-classification/dataset/light_xm/round6_jitter/light_xm_r6.pcapng,R6,16,160.16162133216858,0.004,0.332,0.57,0.094,0.0,Light_XM
/home/lmy/iot-device-classification/dataset/light_xm/round6_jitter/light_xm_r6.pcapng,R6,17,170.1705927848816,0.016,0.25,0.354,0.38,0.0,Light_XM
/home/lmy/iot-device-classification/dataset/light_xm/round6_jitter/light_xm_r6.pcapng,R6,18,180.18085932731628,0.02,0.524,0.29,0.166,0.0,Light_XM
/home/lmy/iot-device-classification/dataset/light_xm/round6_jitter/light_xm_r6.pcapng,R6,19,190.19117522239685,0.07,0.16,0.186,0.578,0.006,Light_XM
/home/lmy/iot-device-classification/dataset/light_xm/round6_jitter/light_xm_r6.pcapng,R6,20,200.19845628738403,0.028,0.272,0.26,0.436,0.004,Light_XM
/home/lmy/iot-device-classification/dataset/light_xm/round6_jitter/light_xm_r6.pcapng,R6,21,210.2109699249268,0.16,0.162,0.4,0.274,0.004,Light_XM
/home/lmy/iot-device-classification/dataset/light_xm/round6_jitter/light_xm_r6.pcapng,R6,22,220.2210371494293,0.008,0.474,0.32,0.198,0.0,Light_XM
/home/lmy/iot-device-classification/dataset/light_xm/round6_jitter/light_xm_r6.pcapng,R6,23,230.23089122772217,0.044,0.468,0.334,0.152,0.002,Light_XM
/home/lmy/iot-device-classification/dataset/light_xm/round6_jitter/light_xm_r6.pcapng,R6,24,240.246595621109,0.11,0.262,0.45,0.178,0.0,Light_XM
/home/lmy/iot-device-classification/dataset/light_xm/round6_jitter/light_xm_r6.pcapng,R6,25,250.2511565685272,0.006,0.324,0.298,0.372,0.0,Light_XM
/home/lmy/iot-device-classification/dataset/light_xm/round6_jitter/light_xm_r6.pcapng,R6,26,260.2618429660797,0.128,0.258,0.154,0.456,0.004,Light_XM
/home/lmy/iot-device-classification/dataset/light_xm/round6_jitter/light_xm_r6.pcapng,R6,27,270.27113008499146,0.022,0.502,0.33,0.142,0.004,Light_XM
/home/lmy/iot-device-classification/dataset/light_xm/round6_jitter/light_xm_r6.pcapng,R6,28,280.2820723056793,0.18,0.254,0.296,0.27,0.0,Light_XM
/home/lmy/iot-device-classification/dataset/light_xm/round6_jitter/light_xm_r6.pcapng,R6,29,290.2917857170105,0.008,0.26,0.492,0.24,0.0,Light_XM
/home/lmy/iot-device-classification/dataset/light_xm/round6_jitter/light_xm_r6.pcapng,R6,30,300.3051292896271,0.022,0.444,0.252,0.26,0.022,Light_XM
/home/lmy/iot-device-classification/dataset/light_xm/round6_jitter/light_xm_r6.pcapng,R6,31,310.3141760826111,0.244,0.252,0.228,0.274,0.002,Light_XM
/home/lmy/iot-device-classification/dataset/light_xm/round6_jitter/light_xm_r6.pcapng,R6,32,320.32412099838257,0.092,0.192,0.152,0.564,0.0,Light_XM
/home/lmy/iot-device-classification/dataset/light_xm/round6_jitter/light_xm_r6.pcapng,R6,33,330.33216547966003,0.04,0.486,0.18,0.292,0.002,Light_XM
/home/lmy/iot-device-classification/dataset/light_xm/round6_jitter/light_xm_r6.pcapng,R6,34,340.3415484428406,0.01,0.28,0.52,0.19,0.0,Light_XM
/home/lmy/iot-device-classification/dataset/light_xm/round6_jitter/light_xm_r6.pcapng,R6,35,350.3542582988739,0.016,0.268,0.542,0.174,0.0,Light_XM
/home/lmy/iot-device-classification/dataset/light_xm/round6_jitter/light_xm_r6.pcapng,R6,36,360.365416765213,0.052,0.408,0.414,0.126,0.0,Light_XM
/home/lmy/iot-device-classification/dataset/light_xm/round6_jitter/light_xm_r6.pcapng,R6,37,370.3713812828064,0.012,0.252,0.448,0.288,0.0,Light_XM
/home/lmy/iot-device-classification/dataset/light_xm/round6_jitter/light_xm_r6.pcapng,R6,38,380.3829095363617,0.016,0.292,0.542,0.15,0.0,Light_XM
/home/lmy/iot-device-classification/dataset/light_xm/round6_jitter/light_xm_r6.pcapng,R6,39,390.3945300579071,0.008,0.528,0.344,0.12,0.0,Light_XM
/home/lmy/iot-device-classification/dataset/light_xm/round6_jitter/light_xm_r6.pcapng,R6,40,400.4028885364533,0.014,0.402,0.472,0.112,0.0,Light_XM
/home/lmy/iot-device-classification/dataset/light_xm/round6_jitter/light_xm_r6.pcapng,R6,41,410.41171288490295,0.012,0.294,0.514,0.18,0.0,Light_XM
/home/lmy/iot-device-classification/dataset/light_xm/round6_jitter/light_xm_r6.pcapng,R6,42,420.4215450286865,0.014,0.544,0.356,0.086,0.0,Light_XM
/home/lmy/iot-device-classification/dataset/light_xm/round6_jitter/light_xm_r6.pcapng,R6,43,430.4317214488983,0.072,0.318,0.186,0.42,0.004,Light_XM
/home/lmy/iot-device-classification/dataset/light_xm/round6_jitter/light_xm_r6.pcapng,R6,44,440.4421799182892,0.048,0.486,0.26,0.204,0.002,Light_XM
/home/lmy/iot-device-classification/dataset/light_xm/round6_jitter/light_xm_r6.pcapng,R6,45,450.4523274898529,0.002,0.35,0.604,0.044,0.0,Light_XM
/home/lmy/iot-device-classification/dataset/light_xm/round6_jitter/light_xm_r6.pcapng,R6,46,460.2777683734894,0.014,0.404,0.462,0.12,0.0,Light_XM
/home/lmy/iot-device-classification/dataset/light_xm/round6_jitter/light_xm_r6.pcapng,R6,47,470.4719388484955,0.004,0.504,0.384,0.108,0.0,Light_XM
/home/lmy/iot-device-classification/dataset/light_xm/round6_jitter/light_xm_r6.pcapng,R6,48,480.48231172561646,0.016,0.478,0.304,0.198,0.004,Light_XM
/home/lmy/iot-device-classification/dataset/light_xm/round6_jitter/light_xm_r6.pcapng,R6,49,490.4925186634064,0.002,0.324,0.574,0.1,0.0,Light_XM
/home/lmy/iot-device-classification/dataset/light_xm/round6_jitter/light_xm_r6.pcapng,R6,50,500.5017411708832,0.044,0.518,0.246,0.188,0.004,Light_XM
/home/lmy/iot-device-classification/dataset/light_xm/round6_jitter/light_xm_r6.pcapng,R6,51,510.5125761032105,0.018,0.202,0.122,0.656,0.002,Light_XM
/home/lmy/iot-device-classification/dataset/light_xm/round6_jitter/light_xm_r6.pcapng,R6,52,520.2975339889526,0.018,0.374,0.486,0.122,0.0,Light_XM
/home/lmy/iot-device-classification/dataset/light_xm/round6_jitter/light_xm_r6.pcapng,R6,53,530.5320706367493,0.004,0.464,0.452,0.078,0.002,Light_XM
/home/lmy/iot-device-classification/dataset/light_xm/round6_jitter/light_xm_r6.pcapng,R6,54,540.5441589355469,0.01,0.362,0.234,0.394,0.0,Light_XM
/home/lmy/iot-device-classification/dataset/light_xm/round6_jitter/light_xm_r6.pcapng,R6,55,550.2586448192596,0.014,0.468,0.376,0.14,0.002,Light_XM
/home/lmy/iot-device-classification/dataset/light_xm/round6_jitter/light_xm_r6.pcapng,R6,56,560.5627686977386,0.004,0.442,0.424,0.13,0.0,Light_XM
/home/lmy/iot-device-classification/dataset/light_xm/round6_jitter/light_xm_r6.pcapng,R6,57,570.5730152130127,0.0,0.278,0.47,0.252,0.0,Light_XM
/home/lmy/iot-device-classification/dataset/light_xm/round6_jitter/light_xm_r6.pcapng,R6,58,580.5824582576752,0.016,0.45,0.244,0.29,0.0,Light_XM
/home/lmy/iot-device-classification/dataset/light_xm/round6_jitter/light_xm_r6.pcapng,R6,59,590.5925731658936,0.002,0.246,0.68,0.072,0.0,Light_XM
/home/lmy/iot-device-classification/dataset/light_xm/round6_jitter/light_xm_r6.pcapng,R6,60,600.6027579307556,0.01,0.514,0.376,0.1,0.0,Light_XM
/home/lmy/iot-device-classification/dataset/light_xm/round6_jitter/light_xm_r6.pcapng,R6,61,610.6126711368561,0.002,0.524,0.348,0.126,0.0,Light_XM
/home/lmy/iot-device-classification/dataset/light_xm/round6_jitter/light_xm_r6.pcapng,R6,62,620.622353553772,0.004,0.276,0.6,0.12,0.0,Light_XM
/home/lmy/iot-device-classification/dataset/light_xm/round6_jitter/light_xm_r6.pcapng,R6,63,630.633095741272,0.068,0.574,0.216,0.138,0.004,Light_XM
/home/lmy/iot-device-classification/dataset/light_xm/round6_jitter/light_xm_r6.pcapng,R6,64,640.6431348323822,0.424,0.154,0.236,0.176,0.01,Light_XM
/home/lmy/iot-device-classification/dataset/light_xm/round6_jitter/light_xm_r6.pcapng,R6,65,650.5937204360962,0.01,0.496,0.396,0.098,0.0,Light_XM
/home/lmy/iot-device-classification/dataset/light_xm/round6_jitter/light_xm_r6.pcapng,R6,66,660.6628108024597,0.002,0.232,0.738,0.028,0.0,Light_XM
/home/lmy/iot-device-classification/dataset/light_xm/round6_jitter/light_xm_r6.pcapng,R6,67,670.673290014267,0.004,0.474,0.366,0.156,0.0,Light_XM
/home/lmy/iot-device-classification/dataset/light_xm/round6_jitter/light_xm_r6.pcapng,R6,68,680.6829078197479,0.002,0.606,0.17,0.222,0.0,Light_XM
/home/lmy/iot-device-classification/dataset/light_xm/round6_jitter/light_xm_r6.pcapng,R6,69,690.6935412883759,0.018,0.23,0.136,0.616,0.0,Light_XM
/home/lmy/iot-device-classification/dataset/light_xm/round6_jitter/light_xm_r6.pcapng,R6,70,700.702244758606,0.008,0.38,0.474,0.138,0.0,Light_XM
/home/lmy/iot-device-classification/dataset/light_xm/round6_jitter/light_xm_r6.pcapng,R6,71,710.7139513492584,0.0,0.304,0.588,0.108,0.0,Light_XM
/home/lmy/iot-device-classification/dataset/light_xm/round6_jitter/light_xm_r6.pcapng,R6,72,720.72327876091,0.0,0.496,0.44,0.064,0.0,Light_XM
/home/lmy/iot-device-classification/dataset/light_xm/round6_jitter/light_xm_r6.pcapng,R6,73,730.7334065437317,0.04,0.42,0.416,0.124,0.0,Light_XM
/home/lmy/iot-device-classification/dataset/light_xm/round6_jitter/light_xm_r6.pcapng,R6,74,740.0769321918488,0.11,0.376,0.18,0.328,0.006,Light_XM
/home/lmy/iot-device-classification/dataset/light_xm/round6_jitter/light_xm_r6.pcapng,R6,75,750.7546737194061,0.004,0.612,0.28,0.104,0.0,Light_XM
/home/lmy/iot-device-classification/dataset/light_xm/round6_jitter/light_xm_r6.pcapng,R6,76,760.7635707855225,0.016,0.48,0.41,0.094,0.0,Light_XM
/home/lmy/iot-device-classification/dataset/light_xm/round6_jitter/light_xm_r6.pcapng,R6,77,770.6516103744507,0.022,0.41,0.242,0.326,0.0,Light_XM
/home/lmy/iot-device-classification/dataset/light_xm/round6_jitter/light_xm_r6.pcapng,R6,78,780.115229845047,0.016,0.32,0.396,0.268,0.0,Light_XM
/home/lmy/iot-device-classification/dataset/light_xm/round6_jitter/light_xm_r6.pcapng,R6,79,790.7408344745636,0.016,0.396,0.488,0.1,0.0,Light_XM
/home/lmy/iot-device-classification/dataset/light_xm/round6_jitter/light_xm_r6.pcapng,R6,80,800.4604959487915,0.014,0.666,0.168,0.148,0.004,Light_XM
/home/lmy/iot-device-classification/dataset/light_xm/round6_jitter/light_xm_r6.pcapng,R6,81,810.2566828727722,0.002,0.306,0.54,0.152,0.0,Light_XM
/home/lmy/iot-device-classification/dataset/light_xm/round6_jitter/light_xm_r6.pcapng,R6,82,820.7367267608643,0.018,0.388,0.364,0.228,0.002,Light_XM
/home/lmy/iot-device-classification/dataset/light_xm/round6_jitter/light_xm_r6.pcapng,R6,83,830.8343217372894,0.012,0.326,0.47,0.192,0.0,Light_XM
/home/lmy/iot-device-classification/dataset/light_xm/round6_jitter/light_xm_r6.pcapng,R6,84,840.8440308570862,0.008,0.334,0.57,0.088,0.0,Light_XM
/home/lmy/iot-device-classification/dataset/light_xm/round6_jitter/light_xm_r6.pcapng,R6,85,850.8540592193604,0.01,0.45,0.306,0.234,0.0,Light_XM
/home/lmy/iot-device-classification/dataset/light_xm/round6_jitter/light_xm_r6.pcapng,R6,86,860.864358663559,0.06,0.332,0.16,0.442,0.006,Light_XM
/home/lmy/iot-device-classification/dataset/light_xm/round6_jitter/light_xm_r6.pcapng,R6,87,870.2056570053101,0.234,0.338,0.216,0.21,0.002,Light_XM
/home/lmy/iot-device-classification/dataset/light_xm/round6_jitter/light_xm_r6.pcapng,R6,88,880.5551731586456,0.012,0.33,0.578,0.08,0.0,Light_XM
/home/lmy/iot-device-classification/dataset/light_xm/round6_jitter/light_xm_r6.pcapng,R6,89,890.894040107727,0.124,0.37,0.282,0.224,0.0,Light_XM
/home/lmy/iot-device-classification/dataset/light_xm/round6_jitter/light_xm_r6.pcapng,R6,90,900.8761489391328,0.01,0.24,0.634,0.116,0.0,Light_XM
/home/lmy/iot-device-classification/dataset/light_xm/round6_jitter/light_xm_r6.pcapng,R6,91,910.9150547981262,0.11,0.328,0.432,0.13,0.0,Light_XM
/home/lmy/iot-device-classification/dataset/light_xm/round6_jitter/light_xm_r6.pcapng,R6,92,920.9240748882294,0.046,0.674,0.16,0.116,0.004,Light_XM
/home/lmy/iot-device-classification/dataset/light_xm/round6_jitter/light_xm_r6.pcapng,R6,93,930.9340336322784,0.072,0.432,0.178,0.314,0.004,Light_XM
/home/lmy/iot-device-classification/dataset/light_xm/round6_jitter/light_xm_r6.pcapng,R6,94,940.0363838672638,0.04,0.35,0.388,0.22,0.002,Light_XM
/home/lmy/iot-device-classification/dataset/light_xm/round6_jitter/light_xm_r6.pcapng,R6,95,950.9541444778442,0.034,0.412,0.258,0.296,0.0,Light_XM
/home/lmy/iot-device-classification/dataset/light_xm/round6_jitter/light_xm_r6.pcapng,R6,96,960.9644639492036,0.336,0.206,0.138,0.304,0.016,Light_XM
/home/lmy/iot-device-classification/dataset/light_xm/round6_jitter/light_xm_r6.pcapng,R6,97,970.9746627807616,0.002,0.398,0.404,0.196,0.0,Light_XM
/home/lmy/iot-device-classification/dataset/light_xm/round6_jitter/light_xm_r6.pcapng,R6,98,980.9845535755156,0.05,0.528,0.188,0.232,0.002,Light_XM
/home/lmy/iot-device-classification/dataset/light_xm/round6_jitter/light_xm_r6.pcapng,R6,99,990.9958608150482,0.022,0.274,0.476,0.226,0.002,Light_XM
/home/lmy/iot-device-classification/dataset/light_xm/round6_jitter/light_xm_r6.pcapng,R6,100,1001.0044713020324,0.034,0.548,0.338,0.08,0.0,Light_XM
/home/lmy/iot-device-classification/dataset/light_xm/round6_jitter/light_xm_r6.pcapng,R6,101,1011.0149075984956,0.008,0.754,0.094,0.138,0.006,Light_XM
/home/lmy/iot-device-classification/dataset/light_xm/round6_jitter/light_xm_r6.pcapng,R6,102,1021.0244591236116,0.066,0.518,0.246,0.168,0.002,Light_XM
/home/lmy/iot-device-classification/dataset/light_xm/round6_jitter/light_xm_r6.pcapng,R6,103,1030.0162527561188,0.014,0.372,0.186,0.428,0.0,Light_XM
/home/lmy/iot-device-classification/dataset/light_xm/round6_jitter/light_xm_r6.pcapng,R6,104,1040.2100265026093,0.006,0.532,0.312,0.15,0.0,Light_XM
/home/lmy/iot-device-classification/dataset/light_xm/round6_jitter/light_xm_r6.pcapng,R6,105,1050.310589313507,0.006,0.616,0.23,0.148,0.0,Light_XM
/home/lmy/iot-device-classification/dataset/light_xm/round6_jitter/light_xm_r6.pcapng,R6,106,1061.0644598007202,0.006,0.274,0.558,0.162,0.0,Light_XM
/home/lmy/iot-device-classification/dataset/light_xm/round6_jitter/light_xm_r6.pcapng,R6,107,1070.6686384677887,0.026,0.696,0.106,0.168,0.004,Light_XM
/home/lmy/iot-device-classification/dataset/light_xm/round6_jitter/light_xm_r6.pcapng,R6,108,1081.0849678516388,0.004,0.276,0.618,0.102,0.0,Light_XM
/home/lmy/iot-device-classification/dataset/light_xm/round6_jitter/light_xm_r6.pcapng,R6,109,1091.0946855545044,0.01,0.322,0.458,0.206,0.004,Light_XM
/home/lmy/iot-device-classification/dataset/light_xm/round6_jitter/light_xm_r6.pcapng,R6,110,1101.105446100235,0.126,0.422,0.144,0.3,0.008,Light_XM
/home/lmy/iot-device-classification/dataset/light_xm/round6_jitter/light_xm_r6.pcapng,R6,111,1110.133777141571,0.028,0.368,0.442,0.16,0.002,Light_XM
/home/lmy/iot-device-classification/dataset/light_xm/round6_jitter/light_xm_r6.pcapng,R6,112,1121.125637292862,0.04,0.194,0.166,0.598,0.002,Light_XM
/home/lmy/iot-device-classification/dataset/light_xm/round6_jitter/light_xm_r6.pcapng,R6,113,1130.997355222702,0.018,0.468,0.34,0.17,0.004,Light_XM
/home/lmy/iot-device-classification/dataset/light_xm/round6_jitter/light_xm_r6.pcapng,R6,114,1140.3573999404907,0.002,0.316,0.568,0.114,0.0,Light_XM
/home/lmy/iot-device-classification/dataset/light_xm/round6_jitter/light_xm_r6.pcapng,R6,115,1150.0748739242554,0.008,0.536,0.316,0.132,0.008,Light_XM
/home/lmy/iot-device-classification/dataset/light_xm/round6_jitter/light_xm_r6.pcapng,R6,116,1160.0333247184751,0.006,0.324,0.566,0.104,0.0,Light_XM
/home/lmy/iot-device-classification/dataset/light_xm/round6_jitter/light_xm_r6.pcapng,R6,117,1171.174519777298,0.144,0.266,0.166,0.422,0.002,Light_XM
/home/lmy/iot-device-classification/dataset/light_xm/round6_jitter/light_xm_r6.pcapng,R6,118,1180.4927535057068,0.112,0.298,0.31,0.278,0.002,Light_XM
/home/lmy/iot-device-classification/dataset/light_xm/round6_jitter/light_xm_r6.pcapng,R6,119,1190.2521846294403,0.012,0.48,0.136,0.36,0.012,Light_XM
/home/lmy/iot-device-classification/dataset/light_xm/round6_jitter/light_xm_r6.pcapng,R6,120,1200.1360256671906,0.026,0.28,0.314,0.378,0.002,Light_XM
/home/lmy/iot-device-classification/dataset/light_xm/round6_jitter/light_xm_r6.pcapng,R6,121,1210.016072511673,0.002,0.416,0.214,0.368,0.0,Light_XM
/home/lmy/iot-device-classification/dataset/light_xm/round6_jitter/light_xm_r6.pcapng,R6,122,1220.4277777671814,0.282,0.262,0.214,0.232,0.01,Light_XM
/home/lmy/iot-device-classification/dataset/light_xm/round6_jitter/light_xm_r6.pcapng,R6,123,1231.2346954345703,0.004,0.188,0.762,0.046,0.0,Light_XM
/home/lmy/iot-device-classification/dataset/light_xm/round6_jitter/light_xm_r6.pcapng,R6,124,1241.2444088459015,0.022,0.282,0.594,0.102,0.0,Light_XM
/home/lmy/iot-device-classification/dataset/light_xm/round6_jitter/light_xm_r6.pcapng,R6,125,1251.2544376850128,0.0,0.406,0.466,0.128,0.0,Light_XM
/home/lmy/iot-device-classification/dataset/light_xm/round6_jitter/light_xm_r6.pcapng,R6,126,1261.2641232013702,0.072,0.258,0.354,0.314,0.002,Light_XM
/home/lmy/iot-device-classification/dataset/light_xm/round6_jitter/light_xm_r6.pcapng,R6,127,1271.2743091583252,0.004,0.506,0.432,0.058,0.0,Light_XM
/home/lmy/iot-device-classification/dataset/light_xm/round6_jitter/light_xm_r6.pcapng,R6,128,1281.286484003067,0.004,0.322,0.564,0.11,0.0,Light_XM
/home/lmy/iot-device-classification/dataset/light_xm/round6_jitter/light_xm_r6.pcapng,R6,129,1291.1473009586334,0.004,0.396,0.408,0.192,0.0,Light_XM
/home/lmy/iot-device-classification/dataset/light_xm/round6_jitter/light_xm_r6.pcapng,R6,130,1301.305320978165,0.012,0.292,0.212,0.484,0.0,Light_XM
/home/lmy/iot-device-classification/dataset/light_xm/round6_jitter/light_xm_r6.pcapng,R6,131,1310.0951707363129,0.05,0.338,0.276,0.312,0.024,Light_XM
/home/lmy/iot-device-classification/dataset/light_xm/round6_jitter/light_xm_r6.pcapng,R6,132,1320.0199663639069,0.02,0.412,0.43,0.138,0.0,Light_XM
/home/lmy/iot-device-classification/dataset/light_xm/round6_jitter/light_xm_r6.pcapng,R6,133,1331.3343586921692,0.006,0.53,0.324,0.14,0.0,Light_XM
/home/lmy/iot-device-classification/dataset/light_xm/round6_jitter/light_xm_r6.pcapng,R6,134,1341.344106912613,0.008,0.392,0.234,0.366,0.0,Light_XM
/home/lmy/iot-device-classification/dataset/light_xm/round6_jitter/light_xm_r6.pcapng,R6,135,1351.3550448417664,0.094,0.6,0.098,0.202,0.006,Light_XM
/home/lmy/iot-device-classification/dataset/light_xm/round6_jitter/light_xm_r6.pcapng,R6,136,1361.3326108455658,0.03,0.444,0.418,0.108,0.0,Light_XM
/home/lmy/iot-device-classification/dataset/light_xm/round6_jitter/light_xm_r6.pcapng,R6,137,1371.3742320537567,0.036,0.364,0.418,0.182,0.0,Light_XM
/home/lmy/iot-device-classification/dataset/light_xm/round6_jitter/light_xm_r6.pcapng,R6,138,1380.7124950885773,0.018,0.284,0.404,0.292,0.002,Light_XM
/home/lmy/iot-device-classification/dataset/light_xm/round6_jitter/light_xm_r6.pcapng,R6,139,1390.9883887767792,0.02,0.298,0.44,0.24,0.002,Light_XM
/home/lmy/iot-device-classification/dataset/light_xm/round6_jitter/light_xm_r6.pcapng,R6,140,1401.387041568756,0.008,0.416,0.274,0.302,0.0,Light_XM
/home/lmy/iot-device-classification/dataset/light_xm/round6_jitter/light_xm_r6.pcapng,R6,141,1411.4146823883057,0.03,0.394,0.336,0.24,0.0,Light_XM
/home/lmy/iot-device-classification/dataset/light_xm/round6_jitter/light_xm_r6.pcapng,R6,142,1421.4244792461395,0.002,0.35,0.274,0.374,0.0,Light_XM
/home/lmy/iot-device-classification/dataset/light_xm/round6_jitter/light_xm_r6.pcapng,R6,143,1430.507080078125,0.004,0.5,0.374,0.122,0.0,Light_XM
/home/lmy/iot-device-classification/dataset/light_xm/round6_jitter/light_xm_r6.pcapng,R6,144,1440.9065821170807,0.028,0.368,0.216,0.38,0.008,Light_XM
/home/lmy/iot-device-classification/dataset/light_xm/round6_jitter/light_xm_r6.pcapng,R6,145,1451.4541285037994,0.034,0.46,0.426,0.08,0.0,Light_XM
/home/lmy/iot-device-classification/dataset/light_xm/round6_jitter/light_xm_r6.pcapng,R6,146,1461.464273929596,0.05,0.182,0.12,0.648,0.0,Light_XM
/home/lmy/iot-device-classification/dataset/light_xm/round6_jitter/light_xm_r6.pcapng,R6,147,1471.4741041660309,0.072,0.464,0.248,0.216,0.0,Light_XM
/home/lmy/iot-device-classification/dataset/light_xm/round6_jitter/light_xm_r6.pcapng,R6,148,1481.483922958374,0.028,0.43,0.474,0.066,0.002,Light_XM
/home/lmy/iot-device-classification/dataset/light_xm/round6_jitter/light_xm_r6.pcapng,R6,149,1491.494327545166,0.04,0.522,0.306,0.13,0.002,Light_XM
/home/lmy/iot-device-classification/dataset/light_xm/round6_jitter/light_xm_r6.pcapng,R6,150,1501.0523917675018,0.018,0.394,0.136,0.446,0.006,Light_XM
/home/lmy/iot-device-classification/dataset/light_xm/round6_jitter/light_xm_r6.pcapng,R6,151,1510.3040087223053,0.02,0.52,0.334,0.126,0.0,Light_XM
/home/lmy/iot-device-classification/dataset/light_xm/round6_jitter/light_xm_r6.pcapng,R6,152,1521.1651499271393,0.132,0.33,0.146,0.37,0.022,Light_XM
/home/lmy/iot-device-classification/dataset/light_xm/round6_jitter/light_xm_r6.pcapng,R6,153,1531.5339229106903,0.002,0.322,0.54,0.136,0.0,Light_XM
/home/lmy/iot-device-classification/dataset/light_xm/round6_jitter/light_xm_r6.pcapng,R6,154,1540.3985087871552,0.006,0.27,0.56,0.164,0.0,Light_XM
/home/lmy/iot-device-classification/dataset/light_xm/round6_jitter/light_xm_r6.pcapng,R6,155,1550.1942064762115,0.094,0.2,0.254,0.444,0.008,Light_XM
/home/lmy/iot-device-classification/dataset/light_xm/round6_jitter/light_xm_r6.pcapng,R6,156,1560.538090467453,0.016,0.344,0.37,0.264,0.006,Light_XM
/home/lmy/iot-device-classification/dataset/light_xm/round6_jitter/light_xm_r6.pcapng,R6,157,1571.5745332241058,0.002,0.416,0.394,0.188,0.0,Light_XM
/home/lmy/iot-device-classification/dataset/light_xm/round6_jitter/light_xm_r6.pcapng,R6,158,1580.2772388458252,0.01,0.388,0.466,0.136,0.0,Light_XM
/home/lmy/iot-device-classification/dataset/light_xm/round6_jitter/light_xm_r6.pcapng,R6,159,1590.7584755420685,0.008,0.236,0.71,0.046,0.0,Light_XM
/home/lmy/iot-device-classification/dataset/light_xm/round6_jitter/light_xm_r6.pcapng,R6,160,1600.130667924881,0.024,0.444,0.298,0.234,0.0,Light_XM
/home/lmy/iot-device-classification/dataset/light_xm/round6_jitter/light_xm_r6.pcapng,R6,161,1610.0349717140198,0.014,0.598,0.318,0.07,0.0,Light_XM
/home/lmy/iot-device-classification/dataset/light_xm/round6_jitter/light_xm_r6.pcapng,R6,162,1620.9525609016418,0.006,0.316,0.382,0.296,0.0,Light_XM
/home/lmy/iot-device-classification/dataset/light_xm/round6_jitter/light_xm_r6.pcapng,R6,163,1631.048481464386,0.01,0.432,0.47,0.088,0.0,Light_XM
/home/lmy/iot-device-classification/dataset/light_xm/round6_jitter/light_xm_r6.pcapng,R6,164,1640.877270936966,0.006,0.248,0.73,0.016,0.0,Light_XM
/home/lmy/iot-device-classification/dataset/light_xm/round6_jitter/light_xm_r6.pcapng,R6,165,1651.1547329425812,0.002,0.372,0.558,0.068,0.0,Light_XM
/home/lmy/iot-device-classification/dataset/light_xm/round6_jitter/light_xm_r6.pcapng,R6,166,1660.4748208522797,0.006,0.524,0.252,0.218,0.0,Light_XM
/home/lmy/iot-device-classification/dataset/light_xm/round6_jitter/light_xm_r6.pcapng,R6,167,1670.2707211971283,0.044,0.394,0.412,0.15,0.0,Light_XM
/home/lmy/iot-device-classification/dataset/light_xm/round6_jitter/light_xm_r6.pcapng,R6,168,1681.2735123634338,0.006,0.652,0.212,0.13,0.0,Light_XM
/home/lmy/iot-device-classification/dataset/light_xm/round6_jitter/light_xm_r6.pcapng,R6,169,1690.133112192154,0.008,0.452,0.288,0.252,0.0,Light_XM
/home/lmy/iot-device-classification/dataset/light_xm/round6_jitter/light_xm_r6.pcapng,R6,170,1701.528273105621,0.008,0.144,0.434,0.414,0.0,Light_XM
/home/lmy/iot-device-classification/dataset/light_xm/round6_jitter/light_xm_r6.pcapng,R6,171,1711.3058395385742,0.002,0.426,0.442,0.13,0.0,Light_XM
/home/lmy/iot-device-classification/dataset/light_xm/round6_jitter/light_xm_r6.pcapng,R6,172,1721.7055292129517,0.032,0.334,0.42,0.212,0.002,Light_XM
/home/lmy/iot-device-classification/dataset/light_xm/round6_jitter/light_xm_r6.pcapng,R6,173,1731.734169960022,0.006,0.218,0.356,0.42,0.0,Light_XM
/home/lmy/iot-device-classification/dataset/light_xm/round6_jitter/light_xm_r6.pcapng,R6,174,1741.744616508484,0.082,0.124,0.194,0.598,0.002,Light_XM
/home/lmy/iot-device-classification/dataset/light_xm/round6_jitter/light_xm_r6.pcapng,R6,175,1751.7540724277496,0.01,0.38,0.52,0.09,0.0,Light_XM
/home/lmy/iot-device-classification/dataset/light_xm/round6_jitter/light_xm_r6.pcapng,R6,176,1761.7644731998444,0.006,0.346,0.53,0.118,0.0,Light_XM
/home/lmy/iot-device-classification/dataset/light_xm/round6_jitter/light_xm_r6.pcapng,R6,177,1771.7778947353363,0.218,0.368,0.244,0.17,0.0,Light_XM
/home/lmy/iot-device-classification/dataset/light_xm/round6_jitter/light_xm_r6.pcapng,R6,178,1781.784443616867,0.004,0.368,0.526,0.102,0.0,Light_XM
/home/lmy/iot-device-classification/dataset/light_xm/round6_jitter/light_xm_r6.pcapng,R6,179,1791.3731534481049,0.006,0.32,0.544,0.13,0.0,Light_XM
/home/lmy/iot-device-classification/dataset/light_xm/round6_jitter/light_xm_r6.pcapng,R6,180,1801.8066279888155,0.022,0.24,0.55,0.188,0.0,Light_XM
/home/lmy/iot-device-classification/dataset/light_xm/round6_jitter/light_xm_r6.pcapng,R6,181,1810.2508676052091,0.046,0.296,0.53,0.12,0.008,Light_XM
/home/lmy/iot-device-classification/dataset/light_xm/round6_jitter/light_xm_r6.pcapng,R6,182,1821.82513833046,0.008,0.476,0.388,0.128,0.0,Light_XM
/home/lmy/iot-device-classification/dataset/light_xm/round6_jitter/light_xm_r6.pcapng,R6,183,1831.8351068496704,0.01,0.292,0.588,0.11,0.0,Light_XM
/home/lmy/iot-device-classification/dataset/light_xm/round6_jitter/light_xm_r6.pcapng,R6,184,1841.8446311950684,0.008,0.396,0.488,0.108,0.0,Light_XM
/home/lmy/iot-device-classification/dataset/light_xm/round6_jitter/light_xm_r6.pcapng,R6,185,1851.8545134067533,0.018,0.376,0.384,0.22,0.002,Light_XM
/home/lmy/iot-device-classification/dataset/light_xm/round6_jitter/light_xm_r6.pcapng,R6,186,1860.81037569046,0.008,0.744,0.078,0.168,0.002,Light_XM
/home/lmy/iot-device-classification/dataset/light_xm/round6_jitter/light_xm_r6.pcapng,R6,187,1870.1117327213287,0.182,0.184,0.176,0.456,0.002,Light_XM
/home/lmy/iot-device-classification/dataset/light_xm/round6_jitter/light_xm_r6.pcapng,R6,188,1881.8874304294584,0.038,0.268,0.352,0.342,0.0,Light_XM
/home/lmy/iot-device-classification/dataset/light_xm/round6_jitter/light_xm_r6.pcapng,R6,189,1891.8986356258392,0.01,0.328,0.554,0.108,0.0,Light_XM
/home/lmy/iot-device-classification/dataset/light_xm/round6_jitter/light_xm_r6.pcapng,R6,190,1901.9055984020235,0.066,0.276,0.402,0.254,0.002,Light_XM
/home/lmy/iot-device-classification/dataset/light_xm/round6_jitter/light_xm_r6.pcapng,R6,191,1910.969912528992,0.018,0.44,0.354,0.186,0.002,Light_XM
/home/lmy/iot-device-classification/dataset/light_xm/round6_jitter/light_xm_r6.pcapng,R6,192,1921.1276059150696,0.124,0.22,0.178,0.472,0.006,Light_XM
/home/lmy/iot-device-classification/dataset/light_xm/round6_jitter/light_xm_r6.pcapng,R6,193,1931.936616897583,0.012,0.386,0.468,0.134,0.0,Light_XM
/home/lmy/iot-device-classification/dataset/light_xm/round6_jitter/light_xm_r6.pcapng,R6,194,1941.945225954056,0.07,0.282,0.326,0.322,0.0,Light_XM
/home/lmy/iot-device-classification/dataset/light_xm/round6_jitter/light_xm_r6.pcapng,R6,195,1951.957572937012,0.208,0.26,0.362,0.17,0.0,Light_XM
/home/lmy/iot-device-classification/dataset/light_xm/round6_jitter/light_xm_r6.pcapng,R6,196,1961.9298911094663,0.016,0.296,0.57,0.118,0.0,Light_XM
/home/lmy/iot-device-classification/dataset/light_xm/round6_jitter/light_xm_r6.pcapng,R6,197,1971.9753663539889,0.176,0.178,0.406,0.236,0.004,Light_XM
/home/lmy/iot-device-classification/dataset/light_xm/round6_jitter/light_xm_r6.pcapng,R6,198,1980.0251381397247,0.008,0.356,0.474,0.162,0.0,Light_XM
/home/lmy/iot-device-classification/dataset/light_xm/round6_jitter/light_xm_r6.pcapng,R6,199,1991.9954369068143,0.034,0.286,0.58,0.1,0.0,Light_XM
/home/lmy/iot-device-classification/dataset/light_xm/round6_jitter/light_xm_r6.pcapng,R6,200,2002.1199760437007,0.02,0.306,0.508,0.162,0.004,Light_XM
/home/lmy/iot-device-classification/dataset/light_xm/round6_jitter/light_xm_r6.pcapng,R6,201,2012.0159635543823,0.03,0.292,0.372,0.306,0.0,Light_XM
/home/lmy/iot-device-classification/dataset/light_xm/round6_jitter/light_xm_r6.pcapng,R6,202,2020.0126180648804,0.242,0.174,0.164,0.41,0.01,Light_XM
/home/lmy/iot-device-classification/dataset/light_xm/round6_jitter/light_xm_r6.pcapng,R6,203,2030.6286406517029,0.11,0.432,0.168,0.284,0.006,Light_XM
/home/lmy/iot-device-classification/dataset/light_xm/round6_jitter/light_xm_r6.pcapng,R6,204,2041.6138365268707,0.134,0.26,0.378,0.226,0.002,Light_XM
/home/lmy/iot-device-classification/dataset/light_xm/round6_jitter/light_xm_r6.pcapng,R6,205,2050.707040309906,0.028,0.422,0.414,0.136,0.0,Light_XM
/home/lmy/iot-device-classification/dataset/light_xm/round6_jitter/light_xm_r6.pcapng,R6,206,2060.081818342209,0.14,0.332,0.184,0.342,0.002,Light_XM
/home/lmy/iot-device-classification/dataset/light_xm/round6_jitter/light_xm_r6.pcapng,R6,207,2072.0768167972565,0.064,0.482,0.244,0.21,0.0,Light_XM
/home/lmy/iot-device-classification/dataset/light_xm/round6_jitter/light_xm_r6.pcapng,R6,208,2080.48907327652,0.014,0.396,0.482,0.108,0.0,Light_XM
/home/lmy/iot-device-classification/dataset/light_xm/round6_jitter/light_xm_r6.pcapng,R6,209,2092.09543132782,0.04,0.726,0.142,0.09,0.002,Light_XM
/home/lmy/iot-device-classification/dataset/light_xm/round6_jitter/light_xm_r6.pcapng,R6,210,2100.143205881119,0.03,0.31,0.148,0.508,0.004,Light_XM
/home/lmy/iot-device-classification/dataset/light_xm/round6_jitter/light_xm_r6.pcapng,R6,211,2110.9873785972595,0.16,0.378,0.222,0.238,0.002,Light_XM
/home/lmy/iot-device-classification/dataset/light_xm/round6_jitter/light_xm_r6.pcapng,R6,212,2122.125325202942,0.008,0.392,0.366,0.232,0.002,Light_XM
/home/lmy/iot-device-classification/dataset/light_xm/round6_jitter/light_xm_r6.pcapng,R6,213,2132.137258052826,0.07,0.238,0.368,0.322,0.002,Light_XM
/home/lmy/iot-device-classification/dataset/light_xm/round6_jitter/light_xm_r6.pcapng,R6,214,2142.1454741954803,0.0,0.602,0.234,0.164,0.0,Light_XM
/home/lmy/iot-device-classification/dataset/light_xm/round6_jitter/light_xm_r6.pcapng,R6,215,2152.156965970993,0.008,0.198,0.144,0.65,0.0,Light_XM
/home/lmy/iot-device-classification/dataset/light_xm/round6_jitter/light_xm_r6.pcapng,R6,216,2160.306889295578,0.004,0.534,0.408,0.054,0.0,Light_XM
/home/lmy/iot-device-classification/dataset/light_xm/round6_jitter/light_xm_r6.pcapng,R6,217,2170.985164642334,0.018,0.366,0.388,0.228,0.0,Light_XM
/home/lmy/iot-device-classification/dataset/light_xm/round6_jitter/light_xm_r6.pcapng,R6,218,2182.185329914093,0.002,0.372,0.516,0.11,0.0,Light_XM
/home/lmy/iot-device-classification/dataset/light_xm/round6_jitter/light_xm_r6.pcapng,R6,219,2192.1958475112915,0.018,0.444,0.218,0.32,0.0,Light_XM
/home/lmy/iot-device-classification/dataset/light_xm/round6_jitter/light_xm_r6.pcapng,R6,220,2202.205701112747,0.032,0.396,0.408,0.162,0.002,Light_XM
/home/lmy/iot-device-classification/dataset/light_xm/round6_jitter/light_xm_r6.pcapng,R6,221,2210.4906356334686,0.046,0.438,0.322,0.194,0.0,Light_XM
/home/lmy/iot-device-classification/dataset/light_xm/round6_jitter/light_xm_r6.pcapng,R6,222,2220.329839706421,0.002,0.39,0.486,0.122,0.0,Light_XM
/home/lmy/iot-device-classification/dataset/light_xm/round6_jitter/light_xm_r6.pcapng,R6,223,2230.208280324936,0.01,0.438,0.318,0.234,0.0,Light_XM
/home/lmy/iot-device-classification/dataset/light_xm/round6_jitter/light_xm_r6.pcapng,R6,224,2241.7044475078583,0.008,0.196,0.644,0.15,0.002,Light_XM
/home/lmy/iot-device-classification/dataset/light_xm/round6_jitter/light_xm_r6.pcapng,R6,225,2250.0242812633514,0.026,0.438,0.3,0.236,0.0,Light_XM
/home/lmy/iot-device-classification/dataset/light_xm/round6_jitter/light_xm_r6.pcapng,R6,226,2262.2653863430023,0.02,0.324,0.524,0.13,0.002,Light_XM
/home/lmy/iot-device-classification/dataset/light_xm/round6_jitter/light_xm_r6.pcapng,R6,227,2270.8890659809117,0.026,0.312,0.432,0.23,0.0,Light_XM
/home/lmy/iot-device-classification/dataset/light_xm/round6_jitter/light_xm_r6.pcapng,R6,228,2282.285868883133,0.012,0.466,0.464,0.058,0.0,Light_XM
/home/lmy/iot-device-classification/dataset/light_xm/round6_jitter/light_xm_r6.pcapng,R6,229,2291.399740457535,0.006,0.204,0.346,0.442,0.002,Light_XM
/home/lmy/iot-device-classification/dataset/light_xm/round6_jitter/light_xm_r6.pcapng,R6,230,2302.0244653224945,0.018,0.342,0.362,0.278,0.0,Light_XM
/home/lmy/iot-device-classification/dataset/light_xm/round6_jitter/light_xm_r6.pcapng,R6,231,2312.316064119339,0.01,0.362,0.418,0.21,0.0,Light_XM
/home/lmy/iot-device-classification/dataset/light_xm/round6_jitter/light_xm_r6.pcapng,R6,232,2322.325489997864,0.002,0.432,0.43,0.136,0.0,Light_XM
/home/lmy/iot-device-classification/dataset/light_xm/round6_jitter/light_xm_r6.pcapng,R6,233,2331.0905945301056,0.002,0.454,0.458,0.086,0.0,Light_XM
/home/lmy/iot-device-classification/dataset/light_xm/round6_jitter/light_xm_r6.pcapng,R6,234,2340.32820558548,0.006,0.222,0.478,0.294,0.0,Light_XM
/home/lmy/iot-device-classification/dataset/light_xm/round6_jitter/light_xm_r6.pcapng,R6,235,2351.536312818527,0.052,0.476,0.378,0.094,0.0,Light_XM
/home/lmy/iot-device-classification/dataset/light_xm/round6_jitter/light_xm_r6.pcapng,R6,236,2361.487307548523,0.118,0.366,0.266,0.25,0.0,Light_XM
/home/lmy/iot-device-classification/dataset/light_xm/round6_jitter/light_xm_r6.pcapng,R6,237,2370.6640288829803,0.008,0.41,0.256,0.324,0.002,Light_XM
/home/lmy/iot-device-classification/dataset/light_xm/round6_jitter/light_xm_r6.pcapng,R6,238,2382.386271238327,0.186,0.294,0.236,0.284,0.0,Light_XM
/home/lmy/iot-device-classification/dataset/light_xm/round6_jitter/light_xm_r6.pcapng,R6,239,2392.396040916443,0.014,0.358,0.364,0.264,0.0,Light_XM
/home/lmy/iot-device-classification/dataset/light_xm/round6_jitter/light_xm_r6.pcapng,R6,240,2400.2500035762787,0.022,0.302,0.47,0.206,0.0,Light_XM
/home/lmy/iot-device-classification/dataset/light_xm/round6_jitter/light_xm_r6.pcapng,R6,241,2411.75675034523,0.134,0.342,0.23,0.294,0.0,Light_XM
/home/lmy/iot-device-classification/dataset/light_xm/round6_jitter/light_xm_r6.pcapng,R6,242,2420.5854680538177,0.02,0.464,0.318,0.196,0.002,Light_XM
/home/lmy/iot-device-classification/dataset/light_xm/round6_jitter/light_xm_r6.pcapng,R6,243,2430.0886392593384,0.008,0.272,0.578,0.142,0.0,Light_XM
/home/lmy/iot-device-classification/dataset/light_xm/round6_jitter/light_xm_r6.pcapng,R6,244,2441.3839678764343,0.034,0.342,0.412,0.208,0.004,Light_XM
/home/lmy/iot-device-classification/dataset/light_xm/round6_jitter/light_xm_r6.pcapng,R6,245,2452.456388235092,0.008,0.338,0.542,0.112,0.0,Light_XM
/home/lmy/iot-device-classification/dataset/light_xm/round6_jitter/light_xm_r6.pcapng,R6,246,2462.466600894928,0.056,0.188,0.126,0.626,0.004,Light_XM
/home/lmy/iot-device-classification/dataset/light_xm/round6_jitter/light_xm_r6.pcapng,R6,247,2470.504435300827,0.024,0.428,0.326,0.222,0.0,Light_XM
/home/lmy/iot-device-classification/dataset/light_xm/round6_jitter/light_xm_r6.pcapng,R6,248,2480.157136678696,0.124,0.414,0.29,0.168,0.004,Light_XM
/home/lmy/iot-device-classification/dataset/light_xm/round6_jitter/light_xm_r6.pcapng,R6,249,2490.2280247211456,0.06,0.392,0.26,0.288,0.0,Light_XM
/home/lmy/iot-device-classification/dataset/light_xm/round6_jitter/light_xm_r6.pcapng,R6,250,2500.284299135208,0.036,0.516,0.306,0.142,0.0,Light_XM
/home/lmy/iot-device-classification/dataset/light_xm/round6_jitter/light_xm_r6.pcapng,R6,251,2510.025829076767,0.014,0.524,0.182,0.28,0.0,Light_XM
/home/lmy/iot-device-classification/dataset/light_xm/round6_jitter/light_xm_r6.pcapng,R6,252,2520.3972964286804,0.01,0.576,0.292,0.122,0.0,Light_XM
/home/lmy/iot-device-classification/dataset/light_xm/round6_jitter/light_xm_r6.pcapng,R6,253,2530.478291273117,0.03,0.372,0.484,0.114,0.0,Light_XM
/home/lmy/iot-device-classification/dataset/light_xm/round6_jitter/light_xm_r6.pcapng,R6,254,2542.547280073166,0.002,0.408,0.454,0.136,0.0,Light_XM
/home/lmy/iot-device-classification/dataset/light_xm/round6_jitter/light_xm_r6.pcapng,R6,255,2551.6238071918488,0.004,0.496,0.388,0.11,0.002,Light_XM
/home/lmy/iot-device-classification/dataset/light_xm/round6_jitter/light_xm_r6.pcapng,R6,256,2561.677235126496,0.096,0.304,0.492,0.108,0.0,Light_XM
/home/lmy/iot-device-classification/dataset/light_xm/round6_jitter/light_xm_r6.pcapng,R6,257,2572.5763804912567,0.036,0.476,0.258,0.226,0.004,Light_XM
/home/lmy/iot-device-classification/dataset/light_xm/round6_jitter/light_xm_r6.pcapng,R6,258,2580.967999696732,0.024,0.312,0.432,0.23,0.002,Light_XM
/home/lmy/iot-device-classification/dataset/light_xm/round6_jitter/light_xm_r6.pcapng,R6,259,2592.597100496292,0.008,0.274,0.59,0.128,0.0,Light_XM
/home/lmy/iot-device-classification/dataset/light_xm/round6_jitter/light_xm_r6.pcapng,R6,260,2602.606549978256,0.046,0.638,0.18,0.134,0.002,Light_XM
/home/lmy/iot-device-classification/dataset/light_xm/round6_jitter/light_xm_r6.pcapng,R6,261,2610.0506291389465,0.044,0.266,0.088,0.602,0.0,Light_XM
/home/lmy/iot-device-classification/dataset/light_xm/round6_jitter/light_xm_r6.pcapng,R6,262,2620.037302732468,0.03,0.356,0.498,0.116,0.0,Light_XM
/home/lmy/iot-device-classification/dataset/light_xm/round6_jitter/light_xm_r6.pcapng,R6,263,2631.428985118866,0.154,0.28,0.306,0.26,0.0,Light_XM
/home/lmy/iot-device-classification/dataset/light_xm/round6_jitter/light_xm_r6.pcapng,R6,264,2642.64922618866,0.042,0.49,0.222,0.246,0.0,Light_XM
/home/lmy/iot-device-classification/dataset/light_xm/round6_jitter/light_xm_r6.pcapng,R6,265,2652.2968125343323,0.002,0.538,0.22,0.24,0.0,Light_XM
/home/lmy/iot-device-classification/dataset/light_xm/round6_jitter/light_xm_r6.pcapng,R6,266,2660.3669369220734,0.006,0.516,0.308,0.17,0.0,Light_XM
/home/lmy/iot-device-classification/dataset/light_xm/round6_jitter/light_xm_r6.pcapng,R6,267,2672.6773257255554,0.02,0.2,0.602,0.178,0.0,Light_XM
/home/lmy/iot-device-classification/dataset/light_xm/round6_jitter/light_xm_r6.pcapng,R6,268,2682.6874709129333,0.004,0.324,0.55,0.122,0.0,Light_XM
/home/lmy/iot-device-classification/dataset/light_xm/round6_jitter/light_xm_r6.pcapng,R6,269,2692.5574231147766,0.084,0.392,0.174,0.35,0.0,Light_XM
/home/lmy/iot-device-classification/dataset/light_xm/round6_jitter/light_xm_r6.pcapng,R6,270,2700.6466789245605,0.03,0.526,0.19,0.25,0.004,Light_XM
/home/lmy/iot-device-classification/dataset/light_xm/round6_jitter/light_xm_r6.pcapng,R6,271,2712.718064069748,0.008,0.238,0.428,0.322,0.004,Light_XM
/home/lmy/iot-device-classification/dataset/light_xm/round6_jitter/light_xm_r6.pcapng,R6,272,2720.969098091125,0.082,0.366,0.306,0.246,0.0,Light_XM
/home/lmy/iot-device-classification/dataset/light_xm/round6_jitter/light_xm_r6.pcapng,R6,273,2732.5865285396576,0.162,0.316,0.146,0.344,0.032,Light_XM
/home/lmy/iot-device-classification/dataset/light_xm/round6_jitter/light_xm_r6.pcapng,R6,274,2742.747076511383,0.07,0.4,0.224,0.304,0.002,Light_XM
/home/lmy/iot-device-classification/dataset/light_xm/round6_jitter/light_xm_r6.pcapng,R6,275,2752.757538318634,0.06,0.444,0.382,0.114,0.0,Light_XM
/home/lmy/iot-device-classification/dataset/light_xm/round6_jitter/light_xm_r6.pcapng,R6,276,2762.767012834549,0.044,0.278,0.194,0.484,0.0,Light_XM
/home/lmy/iot-device-classification/dataset/light_xm/round6_jitter/light_xm_r6.pcapng,R6,277,2772.77747797966,0.062,0.25,0.17,0.518,0.0,Light_XM
/home/lmy/iot-device-classification/dataset/light_xm/round6_jitter/light_xm_r6.pcapng,R6,278,2780.4236307144165,0.034,0.348,0.38,0.238,0.0,Light_XM
/home/lmy/iot-device-classification/dataset/light_xm/round6_jitter/light_xm_r6.pcapng,R6,279,2790.823627948761,0.008,0.454,0.438,0.1,0.0,Light_XM
/home/lmy/iot-device-classification/dataset/light_xm/round6_jitter/light_xm_r6.pcapng,R6,280,2801.347638130188,0.034,0.364,0.41,0.186,0.006,Light_XM
/home/lmy/iot-device-classification/dataset/light_xm/round6_jitter/light_xm_r6.pcapng,R6,281,2812.817789554596,0.0,0.268,0.618,0.114,0.0,Light_XM
/home/lmy/iot-device-classification/dataset/light_xm/round6_jitter/light_xm_r6.pcapng,R6,282,2822.0247049331665,0.112,0.486,0.15,0.248,0.004,Light_XM
/home/lmy/iot-device-classification/dataset/light_xm/round6_jitter/light_xm_r6.pcapng,R6,283,2832.837916135788,0.002,0.422,0.468,0.108,0.0,Light_XM
/home/lmy/iot-device-classification/dataset/light_xm/round6_jitter/light_xm_r6.pcapng,R6,284,2842.516789913177,0.234,0.342,0.204,0.22,0.0,Light_XM
/home/lmy/iot-device-classification/dataset/light_xm/round6_jitter/light_xm_r6.pcapng,R6,285,2852.8576180934906,0.048,0.362,0.28,0.31,0.0,Light_XM
/home/lmy/iot-device-classification/dataset/light_xm/round6_jitter/light_xm_r6.pcapng,R6,286,2862.870379924774,0.076,0.524,0.136,0.264,0.0,Light_XM
/home/lmy/iot-device-classification/dataset/light_xm/round6_jitter/light_xm_r6.pcapng,R6,287,2872.8808534145355,0.074,0.396,0.348,0.18,0.002,Light_XM
/home/lmy/iot-device-classification/dataset/light_xm/round6_jitter/light_xm_r6.pcapng,R6,288,2882.8876349925995,0.066,0.53,0.134,0.268,0.002,Light_XM
/home/lmy/iot-device-classification/dataset/light_xm/round6_jitter/light_xm_r6.pcapng,R6,289,2890.248653650284,0.478,0.12,0.218,0.166,0.018,Light_XM
/home/lmy/iot-device-classification/dataset/light_xm/round6_jitter/light_xm_r6.pcapng,R6,290,2900.128618478775,0.012,0.216,0.078,0.68,0.014,Light_XM
/home/lmy/iot-device-classification/dataset/light_xm/round6_jitter/light_xm_r6.pcapng,R6,291,2910.112019300461,0.006,0.454,0.452,0.084,0.004,Light_XM
/home/lmy/iot-device-classification/dataset/light_xm/round6_jitter/light_xm_r6.pcapng,R6,292,2921.008774042129,0.012,0.424,0.36,0.204,0.0,Light_XM
/home/lmy/iot-device-classification/dataset/light_xm/round6_jitter/light_xm_r6.pcapng,R6,293,2932.1166639328003,0.062,0.368,0.362,0.204,0.004,Light_XM
/home/lmy/iot-device-classification/dataset/light_xm/round6_jitter/light_xm_r6.pcapng,R6,294,2942.9479804039,0.05,0.3,0.272,0.378,0.0,Light_XM
/home/lmy/iot-device-classification/dataset/light_xm/round6_jitter/light_xm_r6.pcapng,R6,295,2952.958338499069,0.022,0.346,0.484,0.148,0.0,Light_XM
/home/lmy/iot-device-classification/dataset/light_xm/round6_jitter/light_xm_r6.pcapng,R6,296,2961.8869104385376,0.002,0.668,0.258,0.072,0.0,Light_XM
/home/lmy/iot-device-classification/dataset/light_xm/round6_jitter/light_xm_r6.pcapng,R6,297,2970.429215192795,0.02,0.536,0.328,0.114,0.002,Light_XM
/home/lmy/iot-device-classification/dataset/light_xm/round6_jitter/light_xm_r6.pcapng,R6,298,2980.3113663196564,0.02,0.258,0.384,0.338,0.0,Light_XM
/home/lmy/iot-device-classification/dataset/light_xm/round6_jitter/light_xm_r6.pcapng,R6,299,2990.4577383995056,0.016,0.254,0.41,0.32,0.0,Light_XM
/home/lmy/iot-device-classification/dataset/light_xm/round6_jitter/light_xm_r6.pcapng,R6,300,3000.90332365036,0.032,0.394,0.332,0.238,0.004,Light_XM
/home/lmy/iot-device-classification/dataset/light_xm/round6_jitter/light_xm_r6.pcapng,R6,301,3011.038861513138,0.266,0.164,0.148,0.412,0.01,Light_XM
/home/lmy/iot-device-classification/dataset/light_xm/round6_jitter/light_xm_r6.pcapng,R6,302,3021.627515554428,0.034,0.446,0.338,0.18,0.002,Light_XM
/home/lmy/iot-device-classification/dataset/light_xm/round6_jitter/light_xm_r6.pcapng,R6,303,3032.736798286438,0.06,0.322,0.406,0.208,0.004,Light_XM
/home/lmy/iot-device-classification/dataset/light_xm/round6_jitter/light_xm_r6.pcapng,R6,304,3042.503106355667,0.028,0.352,0.456,0.156,0.008,Light_XM
/home/lmy/iot-device-classification/dataset/light_xm/round6_jitter/light_xm_r6.pcapng,R6,305,3053.059425354004,0.048,0.34,0.39,0.222,0.0,Light_XM
/home/lmy/iot-device-classification/dataset/light_xm/round6_jitter/light_xm_r6.pcapng,R6,306,3063.068506002426,0.002,0.306,0.41,0.282,0.0,Light_XM
/home/lmy/iot-device-classification/dataset/light_xm/round6_jitter/light_xm_r6.pcapng,R6,307,3073.078769683838,0.01,0.38,0.524,0.084,0.002,Light_XM
/home/lmy/iot-device-classification/dataset/light_xm/round6_jitter/light_xm_r6.pcapng,R6,308,3083.088709592819,0.002,0.424,0.514,0.06,0.0,Light_XM
/home/lmy/iot-device-classification/dataset/light_xm/round6_jitter/light_xm_r6.pcapng,R6,309,3092.086897134781,0.012,0.378,0.392,0.218,0.0,Light_XM
/home/lmy/iot-device-classification/dataset/light_xm/round6_jitter/light_xm_r6.pcapng,R6,310,3100.146426677704,0.09,0.412,0.192,0.306,0.0,Light_XM
/home/lmy/iot-device-classification/dataset/light_xm/round6_jitter/light_xm_r6.pcapng,R6,311,3110.21643781662,0.002,0.528,0.27,0.198,0.002,Light_XM
/home/lmy/iot-device-classification/dataset/light_xm/round6_jitter/light_xm_r6.pcapng,R6,312,3122.276869535446,0.224,0.372,0.21,0.194,0.0,Light_XM
/home/lmy/iot-device-classification/dataset/light_xm/round6_jitter/light_xm_r6.pcapng,R6,313,3133.13921046257,0.002,0.342,0.532,0.124,0.0,Light_XM
/home/lmy/iot-device-classification/dataset/light_xm/round6_jitter/light_xm_r6.pcapng,R6,314,3143.150965452194,0.004,0.38,0.52,0.096,0.0,Light_XM
/home/lmy/iot-device-classification/dataset/light_xm/round6_jitter/light_xm_r6.pcapng,R6,315,3153.1628663539886,0.002,0.244,0.614,0.14,0.0,Light_XM
/home/lmy/iot-device-classification/dataset/light_xm/round6_jitter/light_xm_r6.pcapng,R6,316,3160.306777238846,0.094,0.286,0.518,0.102,0.0,Light_XM
/home/lmy/iot-device-classification/dataset/light_xm/round6_jitter/light_xm_r6.pcapng,R6,317,3173.184443473816,0.002,0.6,0.362,0.036,0.0,Light_XM
/home/lmy/iot-device-classification/dataset/light_xm/round6_jitter/light_xm_r6.pcapng,R6,318,3180.003682613373,0.022,0.356,0.4,0.22,0.002,Light_XM
/home/lmy/iot-device-classification/dataset/light_xm/round6_jitter/light_xm_r6.pcapng,R6,319,3193.199376344681,0.0,0.37,0.322,0.308,0.0,Light_XM
/home/lmy/iot-device-classification/dataset/light_xm/round6_jitter/light_xm_r6.pcapng,R6,320,3203.208948135376,0.022,0.204,0.252,0.522,0.0,Light_XM
/home/lmy/iot-device-classification/dataset/light_xm/round6_jitter/light_xm_r6.pcapng,R6,321,3211.940222978592,0.158,0.198,0.532,0.112,0.0,Light_XM
/home/lmy/iot-device-classification/dataset/light_xm/round6_jitter/light_xm_r6.pcapng,R6,322,3220.295390844345,0.02,0.538,0.302,0.14,0.0,Light_XM
/home/lmy/iot-device-classification/dataset/light_xm/round6_jitter/light_xm_r6.pcapng,R6,323,3230.9802343845367,0.0,0.326,0.65,0.024,0.0,Light_XM
/home/lmy/iot-device-classification/dataset/light_xm/round6_jitter/light_xm_r6.pcapng,R6,324,3240.113723516464,0.002,0.302,0.596,0.1,0.0,Light_XM
/home/lmy/iot-device-classification/dataset/light_xm/round6_jitter/light_xm_r6.pcapng,R6,325,3250.142917871475,0.042,0.314,0.466,0.178,0.0,Light_XM
/home/lmy/iot-device-classification/dataset/light_xm/round6_jitter/light_xm_r6.pcapng,R6,326,3262.2674272060394,0.004,0.466,0.464,0.066,0.0,Light_XM
/home/lmy/iot-device-classification/dataset/light_xm/round6_jitter/light_xm_r6.pcapng,R6,327,3273.279145240784,0.014,0.244,0.482,0.26,0.0,Light_XM
/home/lmy/iot-device-classification/dataset/light_xm/round6_jitter/light_xm_r6.pcapng,R6,328,3283.289330720901,0.038,0.29,0.536,0.136,0.0,Light_XM
/home/lmy/iot-device-classification/dataset/light_xm/round6_jitter/light_xm_r6.pcapng,R6,329,3290.3380591869354,0.008,0.482,0.424,0.086,0.0,Light_XM
/home/lmy/iot-device-classification/dataset/light_xm/round6_jitter/light_xm_r6.pcapng,R6,330,3301.488150119781,0.018,0.25,0.592,0.14,0.0,Light_XM
/home/lmy/iot-device-classification/dataset/light_xm/round6_jitter/light_xm_r6.pcapng,R6,331,3312.903111934662,0.02,0.426,0.382,0.172,0.0,Light_XM
/home/lmy/iot-device-classification/dataset/light_xm/round6_jitter/light_xm_r6.pcapng,R6,332,3321.224231243133,0.01,0.226,0.172,0.586,0.006,Light_XM
/home/lmy/iot-device-classification/dataset/light_xm/round6_jitter/light_xm_r6.pcapng,R6,333,3333.3396260738373,0.008,0.506,0.27,0.214,0.002,Light_XM
/home/lmy/iot-device-classification/dataset/light_xm/round6_jitter/light_xm_r6.pcapng,R6,334,3340.2992219924927,0.044,0.372,0.514,0.07,0.0,Light_XM
/home/lmy/iot-device-classification/dataset/light_xm/round6_jitter/light_xm_r6.pcapng,R6,335,3353.3593084812164,0.006,0.686,0.2,0.108,0.0,Light_XM
/home/lmy/iot-device-classification/dataset/light_xm/round6_jitter/light_xm_r6.pcapng,R6,336,3361.056117534637,0.01,0.36,0.424,0.204,0.002,Light_XM
/home/lmy/iot-device-classification/dataset/light_xm/round6_jitter/light_xm_r6.pcapng,R6,337,3370.4386308193207,0.076,0.23,0.166,0.528,0.0,Light_XM
/home/lmy/iot-device-classification/dataset/light_xm/round6_jitter/light_xm_r6.pcapng,R6,338,3381.54398560524,0.016,0.396,0.298,0.29,0.0,Light_XM
/home/lmy/iot-device-classification/dataset/light_xm/round6_jitter/light_xm_r6.pcapng,R6,339,3391.986457824707,0.046,0.452,0.292,0.21,0.0,Light_XM
/home/lmy/iot-device-classification/dataset/light_xm/round6_jitter/light_xm_r6.pcapng,R6,340,3402.058517217636,0.082,0.332,0.282,0.304,0.0,Light_XM
/home/lmy/iot-device-classification/dataset/light_xm/round6_jitter/light_xm_r6.pcapng,R6,341,3412.743862867356,0.02,0.316,0.446,0.218,0.0,Light_XM
/home/lmy/iot-device-classification/dataset/light_xm/round6_jitter/light_xm_r6.pcapng,R6,342,3423.226811170578,0.014,0.296,0.442,0.246,0.002,Light_XM
/home/lmy/iot-device-classification/dataset/light_xm/round6_jitter/light_xm_r6.pcapng,R6,343,3431.4630856513977,0.0,0.186,0.486,0.326,0.002,Light_XM
/home/lmy/iot-device-classification/dataset/light_xm/round6_jitter/light_xm_r6.pcapng,R6,344,3442.351798772812,0.0,0.268,0.632,0.1,0.0,Light_XM
/home/lmy/iot-device-classification/dataset/light_xm/round6_jitter/light_xm_r6.pcapng,R6,345,3452.263414144516,0.006,0.564,0.302,0.128,0.0,Light_XM
/home/lmy/iot-device-classification/dataset/light_xm/round6_jitter/light_xm_r6.pcapng,R6,346,3460.5838997364044,0.078,0.194,0.182,0.546,0.0,Light_XM
/home/lmy/iot-device-classification/dataset/light_xm/round6_jitter/light_xm_r6.pcapng,R6,347,3473.0642766952515,0.02,0.368,0.208,0.388,0.016,Light_XM
/home/lmy/iot-device-classification/dataset/light_xm/round6_jitter/light_xm_r6.pcapng,R6,348,3481.287087202072,0.004,0.37,0.4,0.226,0.0,Light_XM
/home/lmy/iot-device-classification/dataset/light_xm/round6_jitter/light_xm_r6.pcapng,R6,349,3490.1342935562134,0.004,0.5,0.282,0.214,0.0,Light_XM
/home/lmy/iot-device-classification/dataset/light_xm/round6_jitter/light_xm_r6.pcapng,R6,350,3503.5105476379395,0.032,0.5,0.236,0.228,0.004,Light_XM
/home/lmy/iot-device-classification/dataset/light_xm/round6_jitter/light_xm_r6.pcapng,R6,351,3511.076805114746,0.062,0.194,0.096,0.648,0.0,Light_XM
/home/lmy/iot-device-classification/dataset/light_xm/round6_jitter/light_xm_r6.pcapng,R6,352,3520.90714430809,0.044,0.302,0.344,0.3,0.01,Light_XM
/home/lmy/iot-device-classification/dataset/light_xm/round6_jitter/light_xm_r6.pcapng,R6,353,3533.5402240753174,0.004,0.488,0.43,0.078,0.0,Light_XM
/home/lmy/iot-device-classification/dataset/light_xm/round6_jitter/light_xm_r6.pcapng,R6,354,3541.7046344280243,0.288,0.19,0.324,0.186,0.012,Light_XM
/home/lmy/iot-device-classification/dataset/light_xm/round6_jitter/light_xm_r6.pcapng,R6,355,3552.196697950363,0.0,0.608,0.25,0.142,0.0,Light_XM
/home/lmy/iot-device-classification/dataset/light_xm/round6_jitter/light_xm_r6.pcapng,R6,356,3561.096236467361,0.008,0.382,0.48,0.13,0.0,Light_XM
/home/lmy/iot-device-classification/dataset/light_xm/round6_jitter/light_xm_r6.pcapng,R6,357,3573.5802149772644,0.012,0.52,0.286,0.182,0.0,Light_XM
/home/lmy/iot-device-classification/dataset/light_xm/round6_jitter/light_xm_r6.pcapng,R6,358,3583.5927424430847,0.146,0.376,0.246,0.232,0.0,Light_XM
/home/lmy/iot-device-classification/dataset/light_xm/round6_jitter/light_xm_r6.pcapng,R6,359,3593.600677251816,0.07,0.152,0.322,0.456,0.0,Light_XM
/home/lmy/iot-device-classification/dataset/light_xm/round6_jitter/light_xm_r6.pcapng,R6,360,3603.610448360443,0.002,0.092,0.118,0.788,0.0,Light_XM
/home/lmy/iot-device-classification/dataset/light_xm/round6_jitter/light_xm_r6.pcapng,R6,361,3610.345856904984,0.014,0.366,0.426,0.192,0.002,Light_XM
/home/lmy/iot-device-classification/dataset/light_xm/round6_jitter/light_xm_r6.pcapng,R6,362,3621.154500007629,0.02,0.33,0.436,0.212,0.002,Light_XM
/home/lmy/iot-device-classification/dataset/light_xm/round6_jitter/light_xm_r6.pcapng,R6,363,3631.368634462357,0.004,0.244,0.524,0.228,0.0,Light_XM
/home/lmy/iot-device-classification/dataset/light_xm/round6_jitter/light_xm_r6.pcapng,R6,364,3642.975139379501,0.002,0.412,0.482,0.104,0.0,Light_XM
/home/lmy/iot-device-classification/dataset/light_xm/round6_jitter/light_xm_r6.pcapng,R6,365,3650.0148742198944,0.006,0.314,0.578,0.102,0.0,Light_XM
/home/lmy/iot-device-classification/dataset/light_xm/round6_jitter/light_xm_r6.pcapng,R6,366,3660.366277694702,0.01,0.45,0.358,0.18,0.002,Light_XM
/home/lmy/iot-device-classification/dataset/light_xm/round6_jitter/light_xm_r6.pcapng,R6,367,3673.6804671287537,0.068,0.422,0.154,0.354,0.002,Light_XM
/home/lmy/iot-device-classification/dataset/light_xm/round6_jitter/light_xm_r6.pcapng,R6,368,3682.808511734009,0.1,0.346,0.308,0.246,0.0,Light_XM
/home/lmy/iot-device-classification/dataset/light_xm/round6_jitter/light_xm_r6.pcapng,R6,369,3693.700520515442,0.002,0.548,0.212,0.238,0.0,Light_XM
/home/lmy/iot-device-classification/dataset/light_xm/round6_jitter/light_xm_r6.pcapng,R6,370,3700.42594242096,0.01,0.354,0.474,0.162,0.0,Light_XM
/home/lmy/iot-device-classification/dataset/light_xm/round6_jitter/light_xm_r6.pcapng,R6,371,3710.615508794785,0.0,0.07,0.066,0.864,0.0,Light_XM
/home/lmy/iot-device-classification/dataset/light_xm/round6_jitter/light_xm_r6.pcapng,R6,372,3720.584324836731,0.002,0.552,0.322,0.124,0.0,Light_XM
/home/lmy/iot-device-classification/dataset/light_xm/round6_jitter/light_xm_r6.pcapng,R6,373,3730.9833464622498,0.198,0.276,0.208,0.31,0.008,Light_XM
/home/lmy/iot-device-classification/dataset/light_xm/round6_jitter/light_xm_r6.pcapng,R6,374,3743.4632194042206,0.07,0.32,0.33,0.28,0.0,Light_XM
/home/lmy/iot-device-classification/dataset/light_xm/round6_jitter/light_xm_r6.pcapng,R6,375,3753.331449985504,0.016,0.228,0.606,0.148,0.002,Light_XM
/home/lmy/iot-device-classification/dataset/light_xm/round6_jitter/light_xm_r6.pcapng,R6,376,3761.410115242005,0.008,0.392,0.462,0.138,0.0,Light_XM
/home/lmy/iot-device-classification/dataset/light_xm/round6_jitter/light_xm_r6.pcapng,R6,377,3773.7849984169006,0.008,0.422,0.484,0.086,0.0,Light_XM
/home/lmy/iot-device-classification/dataset/light_xm/round6_jitter/light_xm_r6.pcapng,R6,378,3780.156763076782,0.138,0.122,0.264,0.474,0.002,Light_XM
/home/lmy/iot-device-classification/dataset/light_xm/round6_jitter/light_xm_r6.pcapng,R6,379,3790.456593990326,0.012,0.304,0.412,0.272,0.0,Light_XM
/home/lmy/iot-device-classification/dataset/light_xm/round6_jitter/light_xm_r6.pcapng,R6,380,3803.5374751091,0.004,0.37,0.516,0.11,0.0,Light_XM
/home/lmy/iot-device-classification/dataset/light_xm/round6_jitter/light_xm_r6.pcapng,R6,381,3811.626521587372,0.002,0.368,0.42,0.21,0.0,Light_XM
/home/lmy/iot-device-classification/dataset/light_xm/round6_jitter/light_xm_r6.pcapng,R6,382,3820.3642013072968,0.032,0.31,0.414,0.244,0.0,Light_XM
/home/lmy/iot-device-classification/dataset/light_xm/round6_jitter/light_xm_r6.pcapng,R6,383,3830.406504392624,0.006,0.448,0.48,0.064,0.002,Light_XM
/home/lmy/iot-device-classification/dataset/light_xm/round6_jitter/light_xm_r6.pcapng,R6,384,3842.8273997306815,0.018,0.488,0.438,0.056,0.0,Light_XM
/home/lmy/iot-device-classification/dataset/light_xm/round6_jitter/light_xm_r6.pcapng,R6,385,3850.865571975708,0.028,0.4,0.364,0.206,0.002,Light_XM
/home/lmy/iot-device-classification/dataset/light_xm/round6_jitter/light_xm_r6.pcapng,R6,386,3862.023479938507,0.024,0.494,0.284,0.198,0.0,Light_XM
/home/lmy/iot-device-classification/dataset/light_xm/round6_jitter/light_xm_r6.pcapng,R6,387,3872.425948858261,0.018,0.464,0.288,0.228,0.002,Light_XM
/home/lmy/iot-device-classification/dataset/light_xm/round6_jitter/light_xm_r6.pcapng,R6,388,3882.8234412670135,0.05,0.348,0.474,0.128,0.0,Light_XM
/home/lmy/iot-device-classification/dataset/light_xm/round6_jitter/light_xm_r6.pcapng,R6,389,3893.907513141632,0.0,0.688,0.188,0.124,0.0,Light_XM
/home/lmy/iot-device-classification/dataset/light_xm/round6_jitter/light_xm_r6.pcapng,R6,390,3900.145460128784,0.008,0.184,0.192,0.616,0.0,Light_XM
/home/lmy/iot-device-classification/dataset/light_xm/round6_jitter/light_xm_r6.pcapng,R6,391,3911.943051338196,0.194,0.3,0.178,0.322,0.006,Light_XM
/home/lmy/iot-device-classification/dataset/light_xm/round6_jitter/light_xm_r6.pcapng,R6,392,3922.343748807907,0.04,0.49,0.19,0.278,0.002,Light_XM
/home/lmy/iot-device-classification/dataset/light_xm/round6_jitter/light_xm_r6.pcapng,R6,393,3933.9419028759,0.022,0.448,0.34,0.19,0.0,Light_XM
/home/lmy/iot-device-classification/dataset/light_xm/round6_jitter/light_xm_r6.pcapng,R6,394,3942.967858314514,0.05,0.228,0.078,0.644,0.0,Light_XM
/home/lmy/iot-device-classification/dataset/sensor/round6_jitter/sensor_r6.pcapng,R6,0,0.0,0.014,0.2,0.574,0.212,0.0,Sensor
/home/lmy/iot-device-classification/dataset/sensor/round6_jitter/sensor_r6.pcapng,R6,1,13.101231575012209,0.02,0.232,0.116,0.63,0.002,Sensor
/home/lmy/iot-device-classification/dataset/sensor/round6_jitter/sensor_r6.pcapng,R6,2,21.03766632080078,0.006,0.298,0.44,0.256,0.0,Sensor
/home/lmy/iot-device-classification/dataset/sensor/round6_jitter/sensor_r6.pcapng,R6,3,32.245187759399414,0.02,0.09,0.048,0.842,0.0,Sensor
/home/lmy/iot-device-classification/dataset/sensor/round6_jitter/sensor_r6.pcapng,R6,4,41.06011319160461,0.0,0.392,0.088,0.52,0.0,Sensor
/home/lmy/iot-device-classification/dataset/sensor/round6_jitter/sensor_r6.pcapng,R6,5,51.06859254837036,0.006,0.462,0.3,0.232,0.0,Sensor
/home/lmy/iot-device-classification/dataset/sensor/round6_jitter/sensor_r6.pcapng,R6,6,60.89968657493591,0.002,0.382,0.382,0.234,0.0,Sensor
/home/lmy/iot-device-classification/dataset/sensor/round6_jitter/sensor_r6.pcapng,R6,7,71.43787503242493,0.012,0.042,0.036,0.91,0.0,Sensor
/home/lmy/iot-device-classification/dataset/sensor/round6_jitter/sensor_r6.pcapng,R6,8,81.10134029388428,0.02,0.342,0.358,0.28,0.0,Sensor
/home/lmy/iot-device-classification/dataset/sensor/round6_jitter/sensor_r6.pcapng,R6,9,90.48105025291444,0.094,0.322,0.264,0.318,0.002,Sensor
/home/lmy/iot-device-classification/dataset/sensor/round6_jitter/sensor_r6.pcapng,R6,10,101.57928347587584,0.01,0.256,0.156,0.578,0.0,Sensor
/home/lmy/iot-device-classification/dataset/sensor/round6_jitter/sensor_r6.pcapng,R6,11,110.7392988204956,0.036,0.446,0.204,0.314,0.0,Sensor
/home/lmy/iot-device-classification/dataset/sensor/round6_jitter/sensor_r6.pcapng,R6,12,124.72729349136353,0.018,0.24,0.104,0.638,0.0,Sensor
/home/lmy/iot-device-classification/dataset/sensor/round6_jitter/sensor_r6.pcapng,R6,13,132.57932472229004,0.044,0.276,0.264,0.416,0.0,Sensor
/home/lmy/iot-device-classification/dataset/sensor/round6_jitter/sensor_r6.pcapng,R6,14,141.14338898658752,0.014,0.494,0.354,0.138,0.0,Sensor
/home/lmy/iot-device-classification/dataset/sensor/round6_jitter/sensor_r6.pcapng,R6,15,154.93259191513062,0.048,0.228,0.078,0.646,0.0,Sensor
/home/lmy/iot-device-classification/dataset/sensor/round6_jitter/sensor_r6.pcapng,R6,16,160.95831871032715,0.0,0.148,0.134,0.718,0.0,Sensor
/home/lmy/iot-device-classification/dataset/sensor/round6_jitter/sensor_r6.pcapng,R6,17,171.15330147743225,0.01,0.27,0.334,0.386,0.0,Sensor
/home/lmy/iot-device-classification/dataset/sensor/round6_jitter/sensor_r6.pcapng,R6,18,182.0765995979309,0.062,0.266,0.402,0.27,0.0,Sensor
/home/lmy/iot-device-classification/dataset/sensor/round6_jitter/sensor_r6.pcapng,R6,19,194.9727795124054,0.0,0.052,0.098,0.85,0.0,Sensor
/home/lmy/iot-device-classification/dataset/sensor/round6_jitter/sensor_r6.pcapng,R6,20,201.1737365722656,0.05,0.468,0.386,0.096,0.0,Sensor
/home/lmy/iot-device-classification/dataset/sensor/round6_jitter/sensor_r6.pcapng,R6,21,214.9923233985901,0.154,0.132,0.234,0.478,0.002,Sensor
/home/lmy/iot-device-classification/dataset/sensor/round6_jitter/sensor_r6.pcapng,R6,22,224.55926990509036,0.106,0.08,0.13,0.684,0.0,Sensor
/home/lmy/iot-device-classification/dataset/sensor/round6_jitter/sensor_r6.pcapng,R6,23,231.20314836502075,0.05,0.316,0.254,0.38,0.0,Sensor
/home/lmy/iot-device-classification/dataset/sensor/round6_jitter/sensor_r6.pcapng,R6,24,244.8995850086212,0.19,0.294,0.1,0.372,0.044,Sensor
/home/lmy/iot-device-classification/dataset/sensor/round6_jitter/sensor_r6.pcapng,R6,25,251.58107900619507,0.004,0.316,0.464,0.216,0.0,Sensor
/home/lmy/iot-device-classification/dataset/sensor/round6_jitter/sensor_r6.pcapng,R6,26,260.0329818725586,0.008,0.26,0.31,0.422,0.0,Sensor
/home/lmy/iot-device-classification/dataset/sensor/round6_jitter/sensor_r6.pcapng,R6,27,271.97034907341003,0.01,0.278,0.116,0.596,0.0,Sensor
/home/lmy/iot-device-classification/dataset/sensor/round6_jitter/sensor_r6.pcapng,R6,28,284.102215051651,0.008,0.308,0.136,0.548,0.0,Sensor
/home/lmy/iot-device-classification/dataset/sensor/round6_jitter/sensor_r6.pcapng,R6,29,291.2671310901642,0.038,0.118,0.178,0.66,0.006,Sensor
/home/lmy/iot-device-classification/dataset/sensor/round6_jitter/sensor_r6.pcapng,R6,30,305.08302307128906,0.01,0.114,0.066,0.808,0.002,Sensor
/home/lmy/iot-device-classification/dataset/sensor/round6_jitter/sensor_r6.pcapng,R6,31,315.0971670150757,0.006,0.066,0.104,0.824,0.0,Sensor
/home/lmy/iot-device-classification/dataset/sensor/round6_jitter/sensor_r6.pcapng,R6,32,321.1441066265106,0.002,0.184,0.282,0.532,0.0,Sensor
/home/lmy/iot-device-classification/dataset/sensor/round6_jitter/sensor_r6.pcapng,R6,33,331.0998070240021,0.134,0.256,0.182,0.422,0.006,Sensor
/home/lmy/iot-device-classification/dataset/sensor/round6_jitter/sensor_r6.pcapng,R6,34,341.6563742160797,0.0,0.286,0.346,0.368,0.0,Sensor
/home/lmy/iot-device-classification/dataset/sensor/round6_jitter/sensor_r6.pcapng,R6,35,350.9986398220062,0.006,0.388,0.356,0.25,0.0,Sensor
/home/lmy/iot-device-classification/dataset/sensor/round6_jitter/sensor_r6.pcapng,R6,36,363.45960879325867,0.014,0.426,0.242,0.318,0.0,Sensor
/home/lmy/iot-device-classification/dataset/sensor/round6_jitter/sensor_r6.pcapng,R6,37,374.1029949188232,0.03,0.184,0.1,0.684,0.002,Sensor
/home/lmy/iot-device-classification/dataset/sensor/round6_jitter/sensor_r6.pcapng,R6,38,381.2749762535095,0.124,0.224,0.142,0.502,0.008,Sensor
/home/lmy/iot-device-classification/dataset/sensor/round6_jitter/sensor_r6.pcapng,R6,39,392.4792578220368,0.056,0.134,0.11,0.7,0.0,Sensor
/home/lmy/iot-device-classification/dataset/sensor/round6_jitter/sensor_r6.pcapng,R6,40,401.3983583450317,0.032,0.218,0.164,0.586,0.0,Sensor
/home/lmy/iot-device-classification/dataset/sensor/round6_jitter/sensor_r6.pcapng,R6,41,411.2949299812317,0.004,0.236,0.298,0.462,0.0,Sensor
/home/lmy/iot-device-classification/dataset/sensor/round6_jitter/sensor_r6.pcapng,R6,42,420.47871232032776,0.002,0.204,0.11,0.684,0.0,Sensor
/home/lmy/iot-device-classification/dataset/sensor/round6_jitter/sensor_r6.pcapng,R6,43,432.09955048561096,0.118,0.492,0.092,0.292,0.006,Sensor
/home/lmy/iot-device-classification/dataset/sensor/round6_jitter/sensor_r6.pcapng,R6,44,441.30392146110535,0.012,0.298,0.39,0.3,0.0,Sensor
/home/lmy/iot-device-classification/dataset/sensor/round6_jitter/sensor_r6.pcapng,R6,45,452.8975510597229,0.288,0.138,0.144,0.428,0.002,Sensor
/home/lmy/iot-device-classification/dataset/sensor/round6_jitter/sensor_r6.pcapng,R6,46,460.716903924942,0.062,0.278,0.228,0.432,0.0,Sensor
/home/lmy/iot-device-classification/dataset/sensor/round6_jitter/sensor_r6.pcapng,R6,47,471.3350887298584,0.008,0.19,0.41,0.392,0.0,Sensor
/home/lmy/iot-device-classification/dataset/sensor/round6_jitter/sensor_r6.pcapng,R6,48,482.0208406448364,0.116,0.436,0.136,0.308,0.004,Sensor
/home/lmy/iot-device-classification/dataset/sensor/round6_jitter/sensor_r6.pcapng,R6,49,490.8784642219544,0.002,0.166,0.136,0.696,0.0,Sensor
/home/lmy/iot-device-classification/dataset/sensor/round6_jitter/sensor_r6.pcapng,R6,50,501.3647196292877,0.014,0.24,0.304,0.442,0.0,Sensor
/home/lmy/iot-device-classification/dataset/sensor/round6_jitter/sensor_r6.pcapng,R6,51,511.2128789424896,0.014,0.044,0.038,0.904,0.0,Sensor
/home/lmy/iot-device-classification/dataset/sensor/round6_jitter/sensor_r6.pcapng,R6,52,523.6291854381561,0.01,0.224,0.17,0.596,0.0,Sensor
/home/lmy/iot-device-classification/dataset/sensor/round6_jitter/sensor_r6.pcapng,R6,53,531.3975367546082,0.048,0.136,0.21,0.606,0.0,Sensor
/home/lmy/iot-device-classification/dataset/sensor/round6_jitter/sensor_r6.pcapng,R6,54,545.3239228725433,0.008,0.124,0.096,0.772,0.0,Sensor
/home/lmy/iot-device-classification/dataset/sensor/round6_jitter/sensor_r6.pcapng,R6,55,551.135448217392,0.012,0.284,0.39,0.314,0.0,Sensor
/home/lmy/iot-device-classification/dataset/sensor/round6_jitter/sensor_r6.pcapng,R6,56,561.4239835739136,0.004,0.39,0.466,0.14,0.0,Sensor
/home/lmy/iot-device-classification/dataset/sensor/round6_jitter/sensor_r6.pcapng,R6,57,574.4777135848999,0.004,0.166,0.12,0.71,0.0,Sensor
/home/lmy/iot-device-classification/dataset/sensor/round6_jitter/sensor_r6.pcapng,R6,58,583.9399847984314,0.148,0.44,0.094,0.294,0.024,Sensor
/home/lmy/iot-device-classification/dataset/sensor/round6_jitter/sensor_r6.pcapng,R6,59,591.4548804759979,0.012,0.338,0.312,0.338,0.0,Sensor
/home/lmy/iot-device-classification/dataset/sensor/round6_jitter/sensor_r6.pcapng,R6,60,602.5777759552002,0.0,0.08,0.078,0.842,0.0,Sensor
/home/lmy/iot-device-classification/dataset/sensor/round6_jitter/sensor_r6.pcapng,R6,61,615.1397206783295,0.006,0.34,0.148,0.502,0.004,Sensor
/home/lmy/iot-device-classification/dataset/sensor/round6_jitter/sensor_r6.pcapng,R6,62,621.4674923419952,0.046,0.194,0.298,0.456,0.006,Sensor
/home/lmy/iot-device-classification/dataset/sensor/round6_jitter/sensor_r6.pcapng,R6,63,633.8588833808899,0.14,0.214,0.156,0.476,0.014,Sensor
/home/lmy/iot-device-classification/dataset/sensor/round6_jitter/sensor_r6.pcapng,R6,64,640.7777726650238,0.028,0.152,0.134,0.686,0.0,Sensor
/home/lmy/iot-device-classification/dataset/sensor/round6_jitter/sensor_r6.pcapng,R6,65,651.4643821716309,0.01,0.224,0.278,0.488,0.0,Sensor
/home/lmy/iot-device-classification/dataset/sensor/round6_jitter/sensor_r6.pcapng,R6,66,661.8772773742676,0.006,0.124,0.06,0.81,0.0,Sensor
/home/lmy/iot-device-classification/dataset/sensor/round6_jitter/sensor_r6.pcapng,R6,67,674.029709815979,0.008,0.138,0.096,0.758,0.0,Sensor
/home/lmy/iot-device-classification/dataset/sensor/round6_jitter/sensor_r6.pcapng,R6,68,681.4805779457092,0.144,0.248,0.268,0.324,0.016,Sensor
/home/lmy/iot-device-classification/dataset/sensor/round6_jitter/sensor_r6.pcapng,R6,69,691.1982896327972,0.01,0.338,0.258,0.394,0.0,Sensor
/home/lmy/iot-device-classification/dataset/sensor/round6_jitter/sensor_r6.pcapng,R6,70,701.8876659870148,0.156,0.074,0.196,0.57,0.004,Sensor
/home/lmy/iot-device-classification/dataset/sensor/round6_jitter/sensor_r6.pcapng,R6,71,710.9160227775574,0.024,0.396,0.36,0.22,0.0,Sensor
/home/lmy/iot-device-classification/dataset/sensor/round6_jitter/sensor_r6.pcapng,R6,72,725.3786427974701,0.032,0.226,0.162,0.574,0.006,Sensor
/home/lmy/iot-device-classification/dataset/sensor/round6_jitter/sensor_r6.pcapng,R6,73,731.1771957874298,0.048,0.308,0.304,0.34,0.0,Sensor
/home/lmy/iot-device-classification/dataset/sensor/round6_jitter/sensor_r6.pcapng,R6,74,741.4962258338928,0.004,0.258,0.134,0.604,0.0,Sensor
/home/lmy/iot-device-classification/dataset/sensor/round6_jitter/sensor_r6.pcapng,R6,75,752.418288230896,0.152,0.212,0.144,0.488,0.004,Sensor
/home/lmy/iot-device-classification/dataset/sensor/round6_jitter/sensor_r6.pcapng,R6,76,765.547301530838,0.062,0.1,0.088,0.748,0.002,Sensor
/home/lmy/iot-device-classification/dataset/sensor/round6_jitter/sensor_r6.pcapng,R6,77,771.5244472026825,0.052,0.354,0.424,0.17,0.0,Sensor
/home/lmy/iot-device-classification/dataset/sensor/round6_jitter/sensor_r6.pcapng,R6,78,782.6244006156921,0.004,0.52,0.328,0.148,0.0,Sensor
/home/lmy/iot-device-classification/dataset/sensor/round6_jitter/sensor_r6.pcapng,R6,79,791.9381847381592,0.01,0.276,0.07,0.644,0.0,Sensor
/home/lmy/iot-device-classification/dataset/sensor/round6_jitter/sensor_r6.pcapng,R6,80,801.5548505783081,0.252,0.218,0.22,0.308,0.002,Sensor
/home/lmy/iot-device-classification/dataset/sensor/round6_jitter/sensor_r6.pcapng,R6,81,814.9574377536774,0.152,0.152,0.244,0.448,0.004,Sensor
/home/lmy/iot-device-classification/dataset/sensor/round6_jitter/sensor_r6.pcapng,R6,82,822.8994631767273,0.226,0.084,0.104,0.582,0.004,Sensor
/home/lmy/iot-device-classification/dataset/sensor/round6_jitter/sensor_r6.pcapng,R6,83,831.5777924060822,0.058,0.198,0.186,0.556,0.002,Sensor
/home/lmy/iot-device-classification/dataset/sensor/round6_jitter/sensor_r6.pcapng,R6,84,841.8678410053253,0.102,0.494,0.114,0.288,0.002,Sensor
/home/lmy/iot-device-classification/dataset/sensor/round6_jitter/sensor_r6.pcapng,R6,85,852.2581195831299,0.142,0.362,0.118,0.358,0.02,Sensor
/home/lmy/iot-device-classification/dataset/sensor/round6_jitter/sensor_r6.pcapng,R6,86,861.6077127456665,0.04,0.408,0.338,0.214,0.0,Sensor
/home/lmy/iot-device-classification/dataset/sensor/round6_jitter/sensor_r6.pcapng,R6,87,875.6580994129181,0.066,0.104,0.086,0.742,0.002,Sensor
/home/lmy/iot-device-classification/dataset/sensor/round6_jitter/sensor_r6.pcapng,R6,88,885.5418994426727,0.14,0.156,0.076,0.584,0.044,Sensor
/home/lmy/iot-device-classification/dataset/sensor/round6_jitter/sensor_r6.pcapng,R6,89,891.4397559165955,0.008,0.418,0.25,0.324,0.0,Sensor
/home/lmy/iot-device-classification/dataset/sensor/round6_jitter/sensor_r6.pcapng,R6,90,905.6853606700896,0.014,0.186,0.14,0.658,0.002,Sensor
/home/lmy/iot-device-classification/dataset/sensor/round6_jitter/sensor_r6.pcapng,R6,91,914.100091457367,0.004,0.196,0.128,0.672,0.0,Sensor
/home/lmy/iot-device-classification/dataset/sensor/round6_jitter/sensor_r6.pcapng,R6,92,921.6930603981018,0.02,0.45,0.392,0.138,0.0,Sensor
/home/lmy/iot-device-classification/dataset/sensor/round6_jitter/sensor_r6.pcapng,R6,93,931.0206265449524,0.126,0.34,0.14,0.386,0.008,Sensor
/home/lmy/iot-device-classification/dataset/sensor/round6_jitter/sensor_r6.pcapng,R6,94,945.7270061969756,0.06,0.09,0.092,0.756,0.002,Sensor
/home/lmy/iot-device-classification/dataset/sensor/round6_jitter/sensor_r6.pcapng,R6,95,951.6973443031312,0.022,0.344,0.316,0.318,0.0,Sensor
/home/lmy/iot-device-classification/dataset/sensor/round6_jitter/sensor_r6.pcapng,R6,96,962.7234029769896,0.026,0.116,0.112,0.744,0.002,Sensor
/home/lmy/iot-device-classification/dataset/sensor/round6_jitter/sensor_r6.pcapng,R6,97,972.8986611366272,0.122,0.552,0.066,0.254,0.006,Sensor
/home/lmy/iot-device-classification/dataset/sensor/round6_jitter/sensor_r6.pcapng,R6,98,981.7327270507812,0.124,0.244,0.264,0.368,0.0,Sensor
/home/lmy/iot-device-classification/dataset/sensor/round6_jitter/sensor_r6.pcapng,R6,99,992.9578146934508,0.11,0.182,0.172,0.534,0.002,Sensor
/home/lmy/iot-device-classification/dataset/sensor/round6_jitter/sensor_r6.pcapng,R6,100,1000.703663110733,0.008,0.232,0.27,0.488,0.002,Sensor
/home/lmy/iot-device-classification/dataset/sensor/round6_jitter/sensor_r6.pcapng,R6,101,1011.7570509910583,0.082,0.264,0.204,0.45,0.0,Sensor
/home/lmy/iot-device-classification/dataset/sensor/round6_jitter/sensor_r6.pcapng,R6,102,1021.7150974273682,0.034,0.308,0.178,0.48,0.0,Sensor
/home/lmy/iot-device-classification/dataset/sensor/round6_jitter/sensor_r6.pcapng,R6,103,1032.0849051475525,0.004,0.044,0.044,0.908,0.0,Sensor
/home/lmy/iot-device-classification/dataset/sensor/round6_jitter/sensor_r6.pcapng,R6,104,1040.122906446457,0.132,0.38,0.272,0.216,0.0,Sensor
/home/lmy/iot-device-classification/dataset/sensor/round6_jitter/sensor_r6.pcapng,R6,105,1053.1230118274689,0.002,0.066,0.134,0.798,0.0,Sensor
/home/lmy/iot-device-classification/dataset/sensor/round6_jitter/sensor_r6.pcapng,R6,106,1062.5851354599,0.014,0.19,0.152,0.642,0.002,Sensor
/home/lmy/iot-device-classification/dataset/sensor/round6_jitter/sensor_r6.pcapng,R6,107,1071.5871698856354,0.06,0.334,0.202,0.404,0.0,Sensor
/home/lmy/iot-device-classification/dataset/sensor/round6_jitter/sensor_r6.pcapng,R6,108,1083.1380097866058,0.012,0.3,0.15,0.538,0.0,Sensor
/home/lmy/iot-device-classification/dataset/sensor/round6_jitter/sensor_r6.pcapng,R6,109,1093.6854934692385,0.03,0.128,0.11,0.732,0.0,Sensor
/home/lmy/iot-device-classification/dataset/sensor/round6_jitter/sensor_r6.pcapng,R6,110,1101.803901195526,0.012,0.25,0.286,0.452,0.0,Sensor
/home/lmy/iot-device-classification/dataset/sensor/round6_jitter/sensor_r6.pcapng,R6,111,1112.257075548172,0.008,0.234,0.064,0.694,0.0,Sensor
/home/lmy/iot-device-classification/dataset/sensor/round6_jitter/sensor_r6.pcapng,R6,112,1125.904257774353,0.008,0.09,0.09,0.812,0.0,Sensor
/home/lmy/iot-device-classification/dataset/sensor/round6_jitter/sensor_r6.pcapng,R6,113,1131.8349883556366,0.044,0.322,0.392,0.24,0.002,Sensor
/home/lmy/iot-device-classification/dataset/sensor/round6_jitter/sensor_r6.pcapng,R6,114,1140.0998888015747,0.026,0.332,0.166,0.476,0.0,Sensor
/home/lmy/iot-device-classification/dataset/sensor/round6_jitter/sensor_r6.pcapng,R6,115,1151.7570385932922,0.002,0.192,0.432,0.374,0.0,Sensor
/home/lmy/iot-device-classification/dataset/sensor/round6_jitter/sensor_r6.pcapng,R6,116,1161.864643573761,0.016,0.288,0.234,0.462,0.0,Sensor
/home/lmy/iot-device-classification/dataset/sensor/round6_jitter/sensor_r6.pcapng,R6,117,1170.0122709274292,0.012,0.194,0.096,0.698,0.0,Sensor
/home/lmy/iot-device-classification/dataset/sensor/round6_jitter/sensor_r6.pcapng,R6,118,1180.094087600708,0.028,0.17,0.196,0.606,0.0,Sensor
/home/lmy/iot-device-classification/dataset/sensor/round6_jitter/sensor_r6.pcapng,R6,119,1191.8952033519745,0.002,0.21,0.268,0.52,0.0,Sensor
/home/lmy/iot-device-classification/dataset/sensor/round6_jitter/sensor_r6.pcapng,R6,120,1205.8581862449646,0.114,0.534,0.056,0.244,0.052,Sensor
/home/lmy/iot-device-classification/dataset/sensor/round6_jitter/sensor_r6.pcapng,R6,121,1210.2235958576202,0.01,0.138,0.126,0.726,0.0,Sensor
/home/lmy/iot-device-classification/dataset/sensor/round6_jitter/sensor_r6.pcapng,R6,122,1221.9237020015717,0.022,0.266,0.38,0.332,0.0,Sensor
/home/lmy/iot-device-classification/dataset/sensor/round6_jitter/sensor_r6.pcapng,R6,123,1230.222068786621,0.006,0.276,0.36,0.358,0.0,Sensor
/home/lmy/iot-device-classification/dataset/sensor/round6_jitter/sensor_r6.pcapng,R6,124,1245.376625776291,0.012,0.15,0.052,0.786,0.0,Sensor
/home/lmy/iot-device-classification/dataset/sensor/round6_jitter/sensor_r6.pcapng,R6,125,1251.9542474746704,0.01,0.394,0.226,0.37,0.0,Sensor
/home/lmy/iot-device-classification/dataset/sensor/round6_jitter/sensor_r6.pcapng,R6,126,1266.0484364032743,0.054,0.154,0.102,0.688,0.002,Sensor
/home/lmy/iot-device-classification/dataset/sensor/round6_jitter/sensor_r6.pcapng,R6,127,1272.3883938789368,0.008,0.192,0.13,0.67,0.0,Sensor
/home/lmy/iot-device-classification/dataset/sensor/round6_jitter/sensor_r6.pcapng,R6,128,1281.9880661964417,0.012,0.194,0.26,0.534,0.0,Sensor
/home/lmy/iot-device-classification/dataset/sensor/round6_jitter/sensor_r6.pcapng,R6,129,1293.6860353946686,0.014,0.29,0.246,0.45,0.0,Sensor
/home/lmy/iot-device-classification/dataset/sensor/round6_jitter/sensor_r6.pcapng,R6,130,1301.9833116531372,0.006,0.214,0.11,0.668,0.002,Sensor
/home/lmy/iot-device-classification/dataset/sensor/round6_jitter/sensor_r6.pcapng,R6,131,1311.002712249756,0.02,0.158,0.288,0.534,0.0,Sensor
/home/lmy/iot-device-classification/dataset/sensor/round6_jitter/sensor_r6.pcapng,R6,133,1332.7375819683075,0.026,0.268,0.204,0.502,0.0,Sensor
/home/lmy/iot-device-classification/dataset/sensor/round6_jitter/sensor_r6.pcapng,R6,134,1341.0217549800873,0.004,0.304,0.206,0.486,0.0,Sensor
/home/lmy/iot-device-classification/dataset/sensor/round6_jitter/sensor_r6.pcapng,R6,135,1352.9215178489685,0.008,0.278,0.198,0.516,0.0,Sensor
/home/lmy/iot-device-classification/dataset/sensor/round6_jitter/sensor_r6.pcapng,R6,136,1361.184720993042,0.216,0.07,0.138,0.572,0.004,Sensor
/home/lmy/iot-device-classification/dataset/sensor/round6_jitter/sensor_r6.pcapng,R6,137,1372.0741469860077,0.092,0.292,0.192,0.424,0.0,Sensor
/home/lmy/iot-device-classification/dataset/sensor/round6_jitter/sensor_r6.pcapng,R6,138,1384.7383348941803,0.016,0.252,0.118,0.612,0.002,Sensor
/home/lmy/iot-device-classification/dataset/sensor/round6_jitter/sensor_r6.pcapng,R6,139,1393.057207584381,0.0,0.144,0.088,0.768,0.0,Sensor
/home/lmy/iot-device-classification/dataset/sensor/round6_jitter/sensor_r6.pcapng,R6,140,1402.109628200531,0.044,0.37,0.452,0.134,0.0,Sensor
/home/lmy/iot-device-classification/dataset/sensor/round6_jitter/sensor_r6.pcapng,R6,141,1411.5214035511017,0.01,0.274,0.174,0.542,0.0,Sensor
/home/lmy/iot-device-classification/dataset/sensor/round6_jitter/sensor_r6.pcapng,R6,142,1425.4835183620453,0.004,0.238,0.122,0.636,0.0,Sensor
/home/lmy/iot-device-classification/dataset/sensor/round6_jitter/sensor_r6.pcapng,R6,143,1432.1350774765017,0.13,0.274,0.13,0.464,0.002,Sensor
/home/lmy/iot-device-classification/dataset/sensor/round6_jitter/sensor_r6.pcapng,R6,144,1446.2251958847046,0.054,0.188,0.164,0.592,0.002,Sensor
/home/lmy/iot-device-classification/dataset/sensor/round6_jitter/sensor_r6.pcapng,R6,145,1451.7206308841703,0.004,0.27,0.486,0.24,0.0,Sensor
/home/lmy/iot-device-classification/dataset/sensor/round6_jitter/sensor_r6.pcapng,R6,146,1460.3979938030243,0.006,0.276,0.298,0.42,0.0,Sensor
/home/lmy/iot-device-classification/dataset/sensor/round6_jitter/sensor_r6.pcapng,R6,147,1474.175618648529,0.136,0.532,0.064,0.26,0.008,Sensor
/home/lmy/iot-device-classification/dataset/sensor/round6_jitter/sensor_r6.pcapng,R6,148,1484.5586359500885,0.004,0.246,0.366,0.384,0.0,Sensor
/home/lmy/iot-device-classification/dataset/sensor/round6_jitter/sensor_r6.pcapng,R6,149,1492.1973614692688,0.0,0.178,0.226,0.596,0.0,Sensor
/home/lmy/iot-device-classification/dataset/sensor/round6_jitter/sensor_r6.pcapng,R6,150,1501.8216195106506,0.0,0.414,0.148,0.436,0.002,Sensor
/home/lmy/iot-device-classification/dataset/sensor/round6_jitter/sensor_r6.pcapng,R6,151,1513.6968295574188,0.104,0.404,0.068,0.422,0.002,Sensor
/home/lmy/iot-device-classification/dataset/sensor/round6_jitter/sensor_r6.pcapng,R6,152,1522.2294375896454,0.01,0.226,0.442,0.322,0.0,Sensor
/home/lmy/iot-device-classification/dataset/sensor/round6_jitter/sensor_r6.pcapng,R6,153,1536.3148782253263,0.022,0.176,0.178,0.624,0.0,Sensor
/home/lmy/iot-device-classification/dataset/sensor/round6_jitter/sensor_r6.pcapng,R6,154,1542.2359821796415,0.014,0.158,0.132,0.696,0.0,Sensor
/home/lmy/iot-device-classification/dataset/sensor/round6_jitter/sensor_r6.pcapng,R6,155,1552.253952741623,0.16,0.23,0.224,0.382,0.004,Sensor
/home/lmy/iot-device-classification/dataset/sensor/round6_jitter/sensor_r6.pcapng,R6,156,1563.6270415782928,0.056,0.436,0.092,0.414,0.002,Sensor
/home/lmy/iot-device-classification/dataset/sensor/round6_jitter/sensor_r6.pcapng,R6,157,1574.0161714553833,0.0,0.15,0.05,0.8,0.0,Sensor
/home/lmy/iot-device-classification/dataset/sensor/round6_jitter/sensor_r6.pcapng,R6,158,1582.2849342823029,0.054,0.37,0.442,0.132,0.002,Sensor
/home/lmy/iot-device-classification/dataset/sensor/round6_jitter/sensor_r6.pcapng,R6,159,1592.5850389003754,0.0,0.11,0.08,0.81,0.0,Sensor
/home/lmy/iot-device-classification/dataset/sensor/round6_jitter/sensor_r6.pcapng,R6,160,1605.2263123989103,0.018,0.168,0.086,0.726,0.002,Sensor
/home/lmy/iot-device-classification/dataset/sensor/round6_jitter/sensor_r6.pcapng,R6,161,1611.8017358779907,0.042,0.248,0.272,0.438,0.0,Sensor
/home/lmy/iot-device-classification/dataset/sensor/round6_jitter/sensor_r6.pcapng,R6,162,1623.93572807312,0.378,0.158,0.22,0.238,0.006,Sensor
/home/lmy/iot-device-classification/dataset/sensor/round6_jitter/sensor_r6.pcapng,R6,163,1631.724918603897,0.048,0.234,0.34,0.376,0.002,Sensor
/home/lmy/iot-device-classification/dataset/sensor/round6_jitter/sensor_r6.pcapng,R6,164,1642.3515610694883,0.056,0.402,0.342,0.2,0.0,Sensor
/home/lmy/iot-device-classification/dataset/sensor/round6_jitter/sensor_r6.pcapng,R6,165,1652.7836666107178,0.0,0.114,0.076,0.81,0.0,Sensor
/home/lmy/iot-device-classification/dataset/sensor/round6_jitter/sensor_r6.pcapng,R6,166,1662.8713550567627,0.008,0.2,0.148,0.644,0.0,Sensor
/home/lmy/iot-device-classification/dataset/sensor/round6_jitter/sensor_r6.pcapng,R6,167,1672.3728353977203,0.012,0.37,0.332,0.286,0.0,Sensor
/home/lmy/iot-device-classification/dataset/sensor/round6_jitter/sensor_r6.pcapng,R6,168,1686.335990190506,0.028,0.244,0.104,0.616,0.008,Sensor
/home/lmy/iot-device-classification/dataset/sensor/round6_jitter/sensor_r6.pcapng,R6,169,1694.6556453704834,0.05,0.692,0.184,0.074,0.0,Sensor
/home/lmy/iot-device-classification/dataset/sensor/round6_jitter/sensor_r6.pcapng,R6,170,1701.0828342437744,0.02,0.346,0.324,0.31,0.0,Sensor
/home/lmy/iot-device-classification/dataset/sensor/round6_jitter/sensor_r6.pcapng,R6,171,1713.3755955696106,0.046,0.154,0.192,0.608,0.0,Sensor
/home/lmy/iot-device-classification/dataset/sensor/round6_jitter/sensor_r6.pcapng,R6,172,1724.0999155044556,0.082,0.308,0.258,0.352,0.0,Sensor
/home/lmy/iot-device-classification/dataset/sensor/round6_jitter/sensor_r6.pcapng,R6,173,1732.4553537368774,0.018,0.278,0.178,0.526,0.0,Sensor
/home/lmy/iot-device-classification/dataset/sensor/round6_jitter/sensor_r6.pcapng,R6,174,1744.575636386871,0.088,0.476,0.142,0.288,0.006,Sensor
/home/lmy/iot-device-classification/dataset/sensor/round6_jitter/sensor_r6.pcapng,R6,175,1753.7160997390747,0.022,0.302,0.496,0.178,0.002,Sensor
/home/lmy/iot-device-classification/dataset/sensor/round6_jitter/sensor_r6.pcapng,R6,176,1762.4303283691406,0.078,0.336,0.304,0.282,0.0,Sensor
/home/lmy/iot-device-classification/dataset/sensor/round6_jitter/sensor_r6.pcapng,R6,177,1775.7770054340365,0.026,0.122,0.202,0.642,0.008,Sensor
/home/lmy/iot-device-classification/dataset/sensor/round6_jitter/sensor_r6.pcapng,R6,178,1780.5918054580688,0.0,0.082,0.07,0.848,0.0,Sensor
/home/lmy/iot-device-classification/dataset/sensor/round6_jitter/sensor_r6.pcapng,R6,179,1790.3839921951294,0.01,0.436,0.246,0.308,0.0,Sensor
/home/lmy/iot-device-classification/dataset/sensor/round6_jitter/sensor_r6.pcapng,R6,180,1806.588723897934,0.024,0.178,0.118,0.68,0.0,Sensor
/home/lmy/iot-device-classification/dataset/sensor/round6_jitter/sensor_r6.pcapng,R6,181,1813.8365306854248,0.026,0.144,0.156,0.674,0.0,Sensor
/home/lmy/iot-device-classification/dataset/sensor/round6_jitter/sensor_r6.pcapng,R6,182,1822.4741151332853,0.098,0.29,0.14,0.472,0.0,Sensor
/home/lmy/iot-device-classification/dataset/sensor/round6_jitter/sensor_r6.pcapng,R6,183,1833.991492509842,0.002,0.078,0.074,0.846,0.0,Sensor
/home/lmy/iot-device-classification/dataset/sensor/round6_jitter/sensor_r6.pcapng,R6,184,1844.0992631912231,0.014,0.092,0.054,0.84,0.0,Sensor
/home/lmy/iot-device-classification/dataset/sensor/round6_jitter/sensor_r6.pcapng,R6,185,1852.5591955184937,0.012,0.38,0.496,0.112,0.0,Sensor
/home/lmy/iot-device-classification/dataset/sensor/round6_jitter/sensor_r6.pcapng,R6,186,1862.1561574935915,0.002,0.17,0.112,0.716,0.0,Sensor
/home/lmy/iot-device-classification/dataset/sensor/round6_jitter/sensor_r6.pcapng,R6,187,1873.5391964912412,0.0,0.134,0.078,0.788,0.0,Sensor
/home/lmy/iot-device-classification/dataset/sensor/round6_jitter/sensor_r6.pcapng,R6,188,1882.5832595825195,0.074,0.258,0.42,0.242,0.006,Sensor
/home/lmy/iot-device-classification/dataset/sensor/round6_jitter/sensor_r6.pcapng,R6,189,1890.120095014572,0.032,0.434,0.272,0.262,0.0,Sensor
/home/lmy/iot-device-classification/dataset/sensor/round6_jitter/sensor_r6.pcapng,R6,190,1901.336373806,0.012,0.246,0.188,0.554,0.0,Sensor
/home/lmy/iot-device-classification/dataset/sensor/round6_jitter/sensor_r6.pcapng,R6,191,1911.1315054893491,0.018,0.21,0.216,0.556,0.0,Sensor
/home/lmy/iot-device-classification/dataset/sensor/round6_jitter/sensor_r6.pcapng,R6,192,1923.5823330879207,0.022,0.09,0.092,0.796,0.0,Sensor
/home/lmy/iot-device-classification/dataset/sensor/round6_jitter/sensor_r6.pcapng,R6,193,1933.856679201126,0.01,0.254,0.178,0.558,0.0,Sensor
/home/lmy/iot-device-classification/dataset/sensor/round6_jitter/sensor_r6.pcapng,R6,194,1940.5565564632416,0.02,0.286,0.49,0.204,0.0,Sensor
/home/lmy/iot-device-classification/dataset/sensor/round6_jitter/sensor_r6.pcapng,R6,195,1956.7697186470032,0.048,0.154,0.164,0.63,0.004,Sensor
/home/lmy/iot-device-classification/dataset/sensor/round6_jitter/sensor_r6.pcapng,R6,196,1961.620436668396,0.002,0.214,0.23,0.554,0.0,Sensor
/home/lmy/iot-device-classification/dataset/sensor/round6_jitter/sensor_r6.pcapng,R6,197,1972.6716022491453,0.01,0.256,0.198,0.536,0.0,Sensor
/home/lmy/iot-device-classification/dataset/sensor/round6_jitter/sensor_r6.pcapng,R6,198,1985.8559210300448,0.016,0.21,0.392,0.38,0.002,Sensor
/home/lmy/iot-device-classification/dataset/sensor/round6_jitter/sensor_r6.pcapng,R6,199,1993.196551561356,0.04,0.076,0.172,0.71,0.002,Sensor
/home/lmy/iot-device-classification/dataset/sensor/round6_jitter/sensor_r6.pcapng,R6,200,2002.699702739716,0.012,0.216,0.338,0.434,0.0,Sensor
/home/lmy/iot-device-classification/dataset/sensor/round6_jitter/sensor_r6.pcapng,R6,201,2012.840649843216,0.032,0.274,0.268,0.426,0.0,Sensor
/home/lmy/iot-device-classification/dataset/sensor/round6_jitter/sensor_r6.pcapng,R6,202,2026.8084697723389,0.102,0.176,0.114,0.608,0.0,Sensor
/home/lmy/iot-device-classification/dataset/sensor/round6_jitter/sensor_r6.pcapng,R6,203,2032.7337658405304,0.052,0.344,0.31,0.294,0.0,Sensor
/home/lmy/iot-device-classification/dataset/sensor/round6_jitter/sensor_r6.pcapng,R6,204,2041.1816906929016,0.092,0.082,0.176,0.646,0.004,Sensor
/home/lmy/iot-device-classification/dataset/sensor/round6_jitter/sensor_r6.pcapng,R6,205,2055.281462669373,0.12,0.102,0.126,0.65,0.002,Sensor
/home/lmy/iot-device-classification/dataset/sensor/round6_jitter/sensor_r6.pcapng,R6,206,2062.4826633930206,0.01,0.25,0.43,0.31,0.0,Sensor
/home/lmy/iot-device-classification/dataset/sensor/round6_jitter/sensor_r6.pcapng,R6,207,2076.482488393784,0.062,0.158,0.168,0.606,0.006,Sensor
/home/lmy/iot-device-classification/dataset/sensor/round6_jitter/sensor_r6.pcapng,R6,208,2084.100105047226,0.216,0.098,0.124,0.56,0.002,Sensor
/home/lmy/iot-device-classification/dataset/sensor/round6_jitter/sensor_r6.pcapng,R6,209,2092.787308692932,0.148,0.298,0.186,0.368,0.0,Sensor
/home/lmy/iot-device-classification/dataset/sensor/round6_jitter/sensor_r6.pcapng,R6,210,2106.507800102234,0.166,0.178,0.114,0.54,0.002,Sensor
/home/lmy/iot-device-classification/dataset/sensor/round6_jitter/sensor_r6.pcapng,R6,211,2116.8969011306763,0.01,0.18,0.078,0.73,0.002,Sensor
/home/lmy/iot-device-classification/dataset/sensor/round6_jitter/sensor_r6.pcapng,R6,212,2121.720445871353,0.026,0.346,0.512,0.116,0.0,Sensor
/home/lmy/iot-device-classification/dataset/sensor/round6_jitter/sensor_r6.pcapng,R6,213,2136.9181191921234,0.064,0.106,0.09,0.738,0.002,Sensor
/home/lmy/iot-device-classification/dataset/sensor/round6_jitter/sensor_r6.pcapng,R6,214,2141.8213143348694,0.0,0.118,0.092,0.79,0.0,Sensor
/home/lmy/iot-device-classification/dataset/sensor/round6_jitter/sensor_r6.pcapng,R6,215,2151.304046392441,0.014,0.268,0.256,0.462,0.0,Sensor
/home/lmy/iot-device-classification/dataset/sensor/round6_jitter/sensor_r6.pcapng,R6,216,2160.27153468132,0.014,0.294,0.192,0.5,0.0,Sensor
/home/lmy/iot-device-classification/dataset/sensor/round6_jitter/sensor_r6.pcapng,R6,217,2174.100108385086,0.016,0.47,0.172,0.342,0.0,Sensor
/home/lmy/iot-device-classification/dataset/sensor/round6_jitter/sensor_r6.pcapng,R6,218,2182.839534521103,0.004,0.15,0.194,0.652,0.0,Sensor
/home/lmy/iot-device-classification/dataset/sensor/round6_jitter/sensor_r6.pcapng,R6,219,2191.3562564849854,0.068,0.092,0.206,0.634,0.0,Sensor
/home/lmy/iot-device-classification/dataset/sensor/round6_jitter/sensor_r6.pcapng,R6,220,2200.191806793213,0.012,0.066,0.05,0.872,0.0,Sensor
/home/lmy/iot-device-classification/dataset/sensor/round6_jitter/sensor_r6.pcapng,R6,221,2212.8683116436005,0.036,0.206,0.208,0.55,0.0,Sensor
/home/lmy/iot-device-classification/dataset/sensor/round6_jitter/sensor_r6.pcapng,R6,222,2225.0561652183533,0.008,0.44,0.154,0.398,0.0,Sensor
/home/lmy/iot-device-classification/dataset/sensor/round6_jitter/sensor_r6.pcapng,R6,223,2232.716936588288,0.008,0.408,0.28,0.304,0.0,Sensor
/home/lmy/iot-device-classification/dataset/sensor/round6_jitter/sensor_r6.pcapng,R6,224,2240.538470268249,0.272,0.13,0.238,0.35,0.01,Sensor
/home/lmy/iot-device-classification/dataset/sensor/round6_jitter/sensor_r6.pcapng,R6,225,2251.425244808197,0.014,0.318,0.232,0.436,0.0,Sensor
/home/lmy/iot-device-classification/dataset/sensor/round6_jitter/sensor_r6.pcapng,R6,226,2263.00040102005,0.008,0.16,0.176,0.656,0.0,Sensor
/home/lmy/iot-device-classification/dataset/sensor/round6_jitter/sensor_r6.pcapng,R6,227,2270.636968612671,0.074,0.208,0.142,0.574,0.002,Sensor
/home/lmy/iot-device-classification/dataset/sensor/round6_jitter/sensor_r6.pcapng,R6,228,2283.781233549118,0.0,0.132,0.108,0.76,0.0,Sensor
/home/lmy/iot-device-classification/dataset/sensor/round6_jitter/sensor_r6.pcapng,R6,229,2292.981935501098,0.0,0.05,0.058,0.892,0.0,Sensor
/home/lmy/iot-device-classification/dataset/sensor/round6_jitter/sensor_r6.pcapng,R6,230,2302.965126514435,0.084,0.362,0.354,0.2,0.0,Sensor
/home/lmy/iot-device-classification/dataset/sensor/round6_jitter/sensor_r6.pcapng,R6,231,2311.879776239395,0.012,0.114,0.094,0.778,0.002,Sensor
/home/lmy/iot-device-classification/dataset/sensor/round6_jitter/sensor_r6.pcapng,R6,232,2320.98435497284,0.044,0.152,0.09,0.712,0.002,Sensor
/home/lmy/iot-device-classification/dataset/sensor/round6_jitter/sensor_r6.pcapng,R6,233,2332.989374399185,0.052,0.156,0.176,0.616,0.0,Sensor
/home/lmy/iot-device-classification/dataset/sensor/round6_jitter/sensor_r6.pcapng,R6,234,2342.119308233261,0.006,0.27,0.118,0.606,0.0,Sensor
/home/lmy/iot-device-classification/dataset/sensor/round6_jitter/sensor_r6.pcapng,R6,235,2353.659551858902,0.01,0.25,0.578,0.162,0.0,Sensor
/home/lmy/iot-device-classification/dataset/sensor/round6_jitter/sensor_r6.pcapng,R6,236,2362.825976371765,0.002,0.176,0.442,0.38,0.0,Sensor
/home/lmy/iot-device-classification/dataset/sensor/round6_jitter/sensor_r6.pcapng,R6,237,2374.419525384903,0.03,0.092,0.104,0.774,0.0,Sensor
/home/lmy/iot-device-classification/dataset/sensor/round6_jitter/sensor_r6.pcapng,R6,238,2384.419075012207,0.008,0.074,0.08,0.838,0.0,Sensor
/home/lmy/iot-device-classification/dataset/sensor/round6_jitter/sensor_r6.pcapng,R6,239,2393.048846006393,0.028,0.27,0.41,0.29,0.002,Sensor
/home/lmy/iot-device-classification/dataset/sensor/round6_jitter/sensor_r6.pcapng,R6,240,2402.6092898845677,0.0,0.07,0.066,0.864,0.0,Sensor
/home/lmy/iot-device-classification/dataset/sensor/round6_jitter/sensor_r6.pcapng,R6,241,2414.3458013534546,0.0,0.14,0.13,0.73,0.0,Sensor
/home/lmy/iot-device-classification/dataset/sensor/round6_jitter/sensor_r6.pcapng,R6,242,2423.0791602134705,0.238,0.16,0.164,0.42,0.018,Sensor
/home/lmy/iot-device-classification/dataset/sensor/round6_jitter/sensor_r6.pcapng,R6,243,2433.7579107284546,0.042,0.144,0.114,0.7,0.0,Sensor
/home/lmy/iot-device-classification/dataset/sensor/round6_jitter/sensor_r6.pcapng,R6,244,2442.6808223724365,0.026,0.15,0.128,0.696,0.0,Sensor
/home/lmy/iot-device-classification/dataset/sensor/round6_jitter/sensor_r6.pcapng,R6,245,2453.1091759204865,0.052,0.164,0.188,0.596,0.0,Sensor
/home/lmy/iot-device-classification/dataset/sensor/round6_jitter/sensor_r6.pcapng,R6,246,2464.2579123973846,0.01,0.188,0.094,0.708,0.0,Sensor
/home/lmy/iot-device-classification/dataset/sensor/round6_jitter/sensor_r6.pcapng,R6,247,2474.6567425727844,0.01,0.106,0.124,0.756,0.004,Sensor
/home/lmy/iot-device-classification/dataset/sensor/round6_jitter/sensor_r6.pcapng,R6,248,2480.260799884796,0.042,0.388,0.45,0.12,0.0,Sensor
/home/lmy/iot-device-classification/dataset/sensor/round6_jitter/sensor_r6.pcapng,R6,249,2493.818772792816,0.004,0.292,0.254,0.45,0.0,Sensor
/home/lmy/iot-device-classification/dataset/sensor/round6_jitter/sensor_r6.pcapng,R6,250,2502.2508931159973,0.004,0.262,0.166,0.568,0.0,Sensor
/home/lmy/iot-device-classification/dataset/sensor/round6_jitter/sensor_r6.pcapng,R6,251,2511.2800335884094,0.006,0.43,0.34,0.224,0.0,Sensor
/home/lmy/iot-device-classification/dataset/sensor/round6_jitter/sensor_r6.pcapng,R6,252,2523.7187066078186,0.004,0.22,0.252,0.524,0.0,Sensor
/home/lmy/iot-device-classification/dataset/sensor/round6_jitter/sensor_r6.pcapng,R6,253,2534.1002264022827,0.226,0.118,0.218,0.424,0.014,Sensor
/home/lmy/iot-device-classification/dataset/sensor/round6_jitter/sensor_r6.pcapng,R6,254,2540.317286014557,0.142,0.26,0.168,0.428,0.002,Sensor
/home/lmy/iot-device-classification/dataset/sensor/round6_jitter/sensor_r6.pcapng,R6,255,2555.776905536652,0.09,0.532,0.096,0.276,0.006,Sensor
/home/lmy/iot-device-classification/dataset/sensor/round6_jitter/sensor_r6.pcapng,R6,256,2566.176562309265,0.012,0.346,0.114,0.524,0.004,Sensor
/home/lmy/iot-device-classification/dataset/sensor/round6_jitter/sensor_r6.pcapng,R6,257,2573.234663248062,0.032,0.364,0.414,0.19,0.0,Sensor
/home/lmy/iot-device-classification/dataset/sensor/round6_jitter/sensor_r6.pcapng,R6,258,2585.436061143875,0.09,0.124,0.168,0.616,0.002,Sensor
/home/lmy/iot-device-classification/dataset/sensor/round6_jitter/sensor_r6.pcapng,R6,259,2590.476612329483,0.076,0.122,0.232,0.568,0.002,Sensor
/home/lmy/iot-device-classification/dataset/sensor/round6_jitter/sensor_r6.pcapng,R6,260,2602.782879114151,0.002,0.374,0.32,0.304,0.0,Sensor
/home/lmy/iot-device-classification/dataset/sensor/round6_jitter/sensor_r6.pcapng,R6,261,2612.8893070220947,0.02,0.282,0.164,0.534,0.0,Sensor
/home/lmy/iot-device-classification/dataset/sensor/round6_jitter/sensor_r6.pcapng,R6,262,2621.818428993225,0.016,0.164,0.116,0.704,0.0,Sensor
/home/lmy/iot-device-classification/dataset/sensor/round6_jitter/sensor_r6.pcapng,R6,263,2630.981130361557,0.008,0.148,0.212,0.632,0.0,Sensor
/home/lmy/iot-device-classification/dataset/sensor/round6_jitter/sensor_r6.pcapng,R6,264,2641.9188239574432,0.002,0.344,0.136,0.518,0.0,Sensor
/home/lmy/iot-device-classification/dataset/sensor/round6_jitter/sensor_r6.pcapng,R6,265,2652.100750684738,0.018,0.216,0.18,0.584,0.002,Sensor
/home/lmy/iot-device-classification/dataset/sensor/round6_jitter/sensor_r6.pcapng,R6,266,2660.081351041794,0.016,0.264,0.494,0.226,0.0,Sensor
/home/lmy/iot-device-classification/dataset/sensor/round6_jitter/sensor_r6.pcapng,R6,267,2672.118000268936,0.002,0.294,0.18,0.524,0.0,Sensor
/home/lmy/iot-device-classification/dataset/sensor/round6_jitter/sensor_r6.pcapng,R6,268,2682.2187809944157,0.006,0.22,0.168,0.606,0.0,Sensor
/home/lmy/iot-device-classification/dataset/sensor/round6_jitter/sensor_r6.pcapng,R6,269,2691.2826216220856,0.01,0.306,0.164,0.52,0.0,Sensor
/home/lmy/iot-device-classification/dataset/sensor/round6_jitter/sensor_r6.pcapng,R6,270,2704.5578532218933,0.188,0.102,0.142,0.56,0.008,Sensor
/home/lmy/iot-device-classification/dataset/sensor/round6_jitter/sensor_r6.pcapng,R6,271,2712.481185913086,0.018,0.198,0.186,0.598,0.0,Sensor
/home/lmy/iot-device-classification/dataset/sensor/round6_jitter/sensor_r6.pcapng,R6,272,2723.378007173538,0.022,0.176,0.398,0.404,0.0,Sensor
/home/lmy/iot-device-classification/dataset/sensor/round6_jitter/sensor_r6.pcapng,R6,273,2734.6581399440765,0.0,0.122,0.06,0.818,0.0,Sensor
/home/lmy/iot-device-classification/dataset/sensor/round6_jitter/sensor_r6.pcapng,R6,274,2745.0564682483678,0.144,0.086,0.056,0.676,0.038,Sensor
/home/lmy/iot-device-classification/dataset/sensor/round6_jitter/sensor_r6.pcapng,R6,275,2752.9569022655487,0.116,0.292,0.316,0.272,0.004,Sensor
/home/lmy/iot-device-classification/dataset/sensor/round6_jitter/sensor_r6.pcapng,R6,276,2765.857979297638,0.134,0.516,0.066,0.276,0.008,Sensor
/home/lmy/iot-device-classification/dataset/sensor/round6_jitter/sensor_r6.pcapng,R6,277,2774.177215576172,0.094,0.106,0.05,0.676,0.074,Sensor
/home/lmy/iot-device-classification/dataset/sensor/round6_jitter/sensor_r6.pcapng,R6,278,2781.78964471817,0.048,0.202,0.186,0.564,0.0,Sensor
/home/lmy/iot-device-classification/dataset/sensor/round6_jitter/sensor_r6.pcapng,R6,279,2790.080619096756,0.012,0.392,0.13,0.462,0.004,Sensor
/home/lmy/iot-device-classification/dataset/sensor/round6_jitter/sensor_r6.pcapng,R6,280,2800.7602055072784,0.03,0.2,0.208,0.562,0.0,Sensor
/home/lmy/iot-device-classification/dataset/sensor/round6_jitter/sensor_r6.pcapng,R6,281,2813.4672055244446,0.002,0.108,0.226,0.664,0.0,Sensor
/home/lmy/iot-device-classification/dataset/sensor/round6_jitter/sensor_r6.pcapng,R6,282,2824.096025466919,0.096,0.174,0.108,0.612,0.01,Sensor
/home/lmy/iot-device-classification/dataset/sensor/round6_jitter/sensor_r6.pcapng,R6,283,2833.2200338840485,0.008,0.324,0.314,0.352,0.002,Sensor
/home/lmy/iot-device-classification/dataset/sensor/round6_jitter/sensor_r6.pcapng,R6,284,2843.497640609741,0.252,0.132,0.242,0.36,0.014,Sensor
/home/lmy/iot-device-classification/dataset/sensor/round6_jitter/sensor_r6.pcapng,R6,285,2850.376551389694,0.07,0.154,0.102,0.672,0.002,Sensor
/home/lmy/iot-device-classification/dataset/sensor/round6_jitter/sensor_r6.pcapng,R6,286,2862.328135490417,0.01,0.27,0.192,0.528,0.0,Sensor
/home/lmy/iot-device-classification/dataset/sensor/round6_jitter/sensor_r6.pcapng,R6,287,2872.469989061356,0.036,0.216,0.204,0.544,0.0,Sensor
/home/lmy/iot-device-classification/dataset/sensor/round6_jitter/sensor_r6.pcapng,R6,288,2881.5077135562897,0.022,0.214,0.144,0.616,0.004,Sensor
/home/lmy/iot-device-classification/dataset/sensor/round6_jitter/sensor_r6.pcapng,R6,289,2892.427971601486,0.002,0.242,0.174,0.58,0.002,Sensor
/home/lmy/iot-device-classification/dataset/sensor/round6_jitter/sensor_r6.pcapng,R6,290,2903.556463956833,0.214,0.212,0.218,0.352,0.004,Sensor
/home/lmy/iot-device-classification/dataset/sensor/round6_jitter/sensor_r6.pcapng,R6,291,2911.757483959198,0.058,0.204,0.12,0.616,0.002,Sensor
/home/lmy/iot-device-classification/dataset/sensor/round6_jitter/sensor_r6.pcapng,R6,292,2926.016751050949,0.104,0.102,0.066,0.7,0.028,Sensor
/home/lmy/iot-device-classification/dataset/sensor/round6_jitter/sensor_r6.pcapng,R6,293,2933.58802819252,0.144,0.364,0.3,0.182,0.01,Sensor
/home/lmy/iot-device-classification/dataset/sensor/round6_jitter/sensor_r6.pcapng,R6,294,2946.8162245750427,0.014,0.206,0.058,0.722,0.0,Sensor
/home/lmy/iot-device-classification/dataset/sensor/round6_jitter/sensor_r6.pcapng,R6,295,2953.667563199997,0.0,0.42,0.464,0.116,0.0,Sensor
/home/lmy/iot-device-classification/dataset/sensor/round6_jitter/sensor_r6.pcapng,R6,296,2962.4271564483643,0.002,0.234,0.302,0.462,0.0,Sensor
/home/lmy/iot-device-classification/dataset/sensor/round6_jitter/sensor_r6.pcapng,R6,297,2977.7613232135773,0.038,0.118,0.126,0.718,0.0,Sensor
/home/lmy/iot-device-classification/dataset/sensor/round6_jitter/sensor_r6.pcapng,R6,298,2984.0999431610107,0.016,0.096,0.334,0.554,0.0,Sensor
/home/lmy/iot-device-classification/dataset/sensor/round6_jitter/sensor_r6.pcapng,R6,299,2991.1912865638733,0.074,0.29,0.13,0.506,0.0,Sensor
/home/lmy/iot-device-classification/dataset/sensor/round6_jitter/sensor_r6.pcapng,R6,300,3005.0556931495667,0.154,0.31,0.108,0.426,0.002,Sensor
/home/lmy/iot-device-classification/dataset/sensor/round6_jitter/sensor_r6.pcapng,R6,301,3010.635997533798,0.048,0.154,0.106,0.692,0.0,Sensor
/home/lmy/iot-device-classification/dataset/sensor/round6_jitter/sensor_r6.pcapng,R6,302,3023.6698203086853,0.002,0.146,0.27,0.582,0.0,Sensor
/home/lmy/iot-device-classification/dataset/sensor/round6_jitter/sensor_r6.pcapng,R6,303,3031.014707326889,0.082,0.246,0.164,0.508,0.0,Sensor
/home/lmy/iot-device-classification/dataset/sensor/round6_jitter/sensor_r6.pcapng,R6,304,3040.563106775284,0.134,0.238,0.188,0.428,0.012,Sensor
/home/lmy/iot-device-classification/dataset/sensor/round6_jitter/sensor_r6.pcapng,R6,305,3053.7019624710083,0.076,0.142,0.15,0.632,0.0,Sensor
/home/lmy/iot-device-classification/dataset/sensor/round6_jitter/sensor_r6.pcapng,R6,306,3062.689794778824,0.068,0.136,0.142,0.65,0.004,Sensor
/home/lmy/iot-device-classification/dataset/sensor/round6_jitter/sensor_r6.pcapng,R6,307,3071.469362020493,0.032,0.288,0.29,0.39,0.0,Sensor
/home/lmy/iot-device-classification/dataset/sensor/round6_jitter/sensor_r6.pcapng,R6,308,3083.591498374939,0.12,0.224,0.178,0.47,0.008,Sensor
/home/lmy/iot-device-classification/dataset/sensor/round6_jitter/sensor_r6.pcapng,R6,309,3093.693711042404,0.018,0.358,0.318,0.306,0.0,Sensor
/home/lmy/iot-device-classification/dataset/sensor/round6_jitter/sensor_r6.pcapng,R6,310,3102.4478685855865,0.008,0.304,0.098,0.59,0.0,Sensor
/home/lmy/iot-device-classification/dataset/sensor/round6_jitter/sensor_r6.pcapng,R6,311,3111.467913866043,0.186,0.218,0.282,0.31,0.004,Sensor
/home/lmy/iot-device-classification/dataset/sensor/round6_jitter/sensor_r6.pcapng,R6,312,3125.705363035202,0.034,0.158,0.046,0.754,0.008,Sensor
/home/lmy/iot-device-classification/dataset/sensor/round6_jitter/sensor_r6.pcapng,R6,313,3133.916684627533,0.006,0.218,0.182,0.594,0.0,Sensor
/home/lmy/iot-device-classification/dataset/sensor/round6_jitter/sensor_r6.pcapng,R6,314,3143.7410683631897,0.02,0.112,0.164,0.702,0.002,Sensor
/home/lmy/iot-device-classification/dataset/sensor/round6_jitter/sensor_r6.pcapng,R6,315,3150.792204618454,0.04,0.254,0.124,0.58,0.002,Sensor
/home/lmy/iot-device-classification/dataset/sensor/round6_jitter/sensor_r6.pcapng,R6,316,3164.0989739894867,0.182,0.068,0.094,0.642,0.014,Sensor
/home/lmy/iot-device-classification/dataset/sensor/round6_jitter/sensor_r6.pcapng,R6,317,3171.997833490372,0.082,0.228,0.154,0.536,0.0,Sensor
/home/lmy/iot-device-classification/dataset/sensor/round6_jitter/sensor_r6.pcapng,R6,318,3180.6272547245026,0.006,0.068,0.058,0.866,0.002,Sensor
/home/lmy/iot-device-classification/dataset/sensor/round6_jitter/sensor_r6.pcapng,R6,319,3190.388164520264,0.006,0.116,0.134,0.742,0.002,Sensor
/home/lmy/iot-device-classification/dataset/sensor/round6_jitter/sensor_r6.pcapng,R6,320,3201.388548374176,0.174,0.158,0.214,0.446,0.008,Sensor
/home/lmy/iot-device-classification/dataset/sensor/round6_jitter/sensor_r6.pcapng,R6,321,3213.3434693813324,0.108,0.14,0.204,0.546,0.002,Sensor
/home/lmy/iot-device-classification/dataset/sensor/round6_jitter/sensor_r6.pcapng,R6,323,3233.7841062545776,0.13,0.188,0.178,0.502,0.002,Sensor
/home/lmy/iot-device-classification/dataset/sensor/round6_jitter/sensor_r6.pcapng,R6,324,3240.568259716034,0.05,0.222,0.152,0.574,0.002,Sensor
/home/lmy/iot-device-classification/dataset/sensor/round6_jitter/sensor_r6.pcapng,R6,325,3251.5685946941376,0.268,0.274,0.204,0.248,0.006,Sensor
/home/lmy/iot-device-classification/dataset/sensor/round6_jitter/sensor_r6.pcapng,R6,326,3262.469162940979,0.118,0.232,0.188,0.46,0.002,Sensor
/home/lmy/iot-device-classification/dataset/sensor/round6_jitter/sensor_r6.pcapng,R6,327,3272.7686150074005,0.088,0.136,0.254,0.52,0.002,Sensor
/home/lmy/iot-device-classification/dataset/sensor/round6_jitter/sensor_r6.pcapng,R6,328,3285.856001853943,0.15,0.162,0.112,0.56,0.016,Sensor
/home/lmy/iot-device-classification/dataset/sensor/round6_jitter/sensor_r6.pcapng,R6,329,3293.84125828743,0.024,0.244,0.24,0.492,0.0,Sensor
/home/lmy/iot-device-classification/dataset/sensor/round6_jitter/sensor_r6.pcapng,R6,330,3306.655344724655,0.002,0.186,0.114,0.698,0.0,Sensor
/home/lmy/iot-device-classification/dataset/sensor/round6_jitter/sensor_r6.pcapng,R6,331,3312.9565999507904,0.052,0.196,0.164,0.588,0.0,Sensor
/home/lmy/iot-device-classification/dataset/sensor/round6_jitter/sensor_r6.pcapng,R6,332,3323.871477842331,0.144,0.116,0.182,0.552,0.006,Sensor
/home/lmy/iot-device-classification/dataset/sensor/round6_jitter/sensor_r6.pcapng,R6,333,3335.7752075195312,0.024,0.212,0.178,0.586,0.0,Sensor
/home/lmy/iot-device-classification/dataset/sensor/round6_jitter/sensor_r6.pcapng,R6,334,3344.099545955658,0.024,0.18,0.16,0.636,0.0,Sensor
/home/lmy/iot-device-classification/dataset/sensor/round6_jitter/sensor_r6.pcapng,R6,335,3353.901914358139,0.006,0.246,0.274,0.474,0.0,Sensor
/home/lmy/iot-device-classification/dataset/sensor/round6_jitter/sensor_r6.pcapng,R6,337,3372.5035815238957,0.004,0.062,0.048,0.886,0.0,Sensor
/home/lmy/iot-device-classification/dataset/sensor/round6_jitter/sensor_r6.pcapng,R6,338,3383.932092189789,0.016,0.25,0.518,0.216,0.0,Sensor
/home/lmy/iot-device-classification/dataset/sensor/round6_jitter/sensor_r6.pcapng,R6,339,3396.096028327942,0.136,0.538,0.064,0.254,0.008,Sensor
/home/lmy/iot-device-classification/dataset/sensor/round6_jitter/sensor_r6.pcapng,R6,340,3406.495579004288,0.006,0.182,0.052,0.76,0.0,Sensor
/home/lmy/iot-device-classification/dataset/sensor/round6_jitter/sensor_r6.pcapng,R6,341,3410.8107600212097,0.108,0.296,0.13,0.466,0.0,Sensor
/home/lmy/iot-device-classification/dataset/sensor/round6_jitter/sensor_r6.pcapng,R6,342,3420.6885271072388,0.024,0.454,0.266,0.254,0.002,Sensor
/home/lmy/iot-device-classification/dataset/sensor/round6_jitter/sensor_r6.pcapng,R6,343,3431.770619392395,0.014,0.424,0.22,0.342,0.0,Sensor
/home/lmy/iot-device-classification/dataset/sensor/round6_jitter/sensor_r6.pcapng,R6,344,3443.992684364319,0.008,0.424,0.366,0.202,0.0,Sensor
/home/lmy/iot-device-classification/dataset/sensor/round6_jitter/sensor_r6.pcapng,R6,345,3456.415245771408,0.182,0.254,0.162,0.4,0.002,Sensor
/home/lmy/iot-device-classification/dataset/sensor/round6_jitter/sensor_r6.pcapng,R6,346,3460.2602002620697,0.016,0.33,0.366,0.288,0.0,Sensor
/home/lmy/iot-device-classification/dataset/sensor/round6_jitter/sensor_r6.pcapng,R6,347,3474.024656772613,0.036,0.226,0.294,0.44,0.004,Sensor
/home/lmy/iot-device-classification/dataset/sensor/round6_jitter/sensor_r6.pcapng,R6,348,3485.5354816913605,0.162,0.374,0.102,0.358,0.004,Sensor
/home/lmy/iot-device-classification/dataset/sensor/round6_jitter/sensor_r6.pcapng,R6,349,3490.12525510788,0.006,0.446,0.106,0.442,0.0,Sensor
/home/lmy/iot-device-classification/dataset/sensor/round6_jitter/sensor_r6.pcapng,R6,350,3501.087475299835,0.0,0.162,0.224,0.614,0.0,Sensor
/home/lmy/iot-device-classification/dataset/sensor/round6_jitter/sensor_r6.pcapng,R6,351,3511.190973997116,0.008,0.276,0.122,0.592,0.002,Sensor
/home/lmy/iot-device-classification/dataset/sensor/round6_jitter/sensor_r6.pcapng,R6,352,3520.168764591217,0.032,0.212,0.12,0.63,0.006,Sensor
/home/lmy/iot-device-classification/dataset/sensor/round6_jitter/sensor_r6.pcapng,R6,353,3534.0863015651703,0.03,0.134,0.244,0.59,0.002,Sensor
/home/lmy/iot-device-classification/dataset/sensor/round6_jitter/sensor_r6.pcapng,R6,354,3545.855062246322,0.128,0.272,0.082,0.516,0.002,Sensor
/home/lmy/iot-device-classification/dataset/sensor/round6_jitter/sensor_r6.pcapng,R6,355,3553.7310366630554,0.092,0.156,0.184,0.566,0.002,Sensor
/home/lmy/iot-device-classification/dataset/sensor/round6_jitter/sensor_r6.pcapng,R6,356,3562.3958263397217,0.016,0.202,0.436,0.346,0.0,Sensor
/home/lmy/iot-device-classification/dataset/sensor/round6_jitter/sensor_r6.pcapng,R6,357,3575.4672327041626,0.014,0.188,0.298,0.498,0.002,Sensor
/home/lmy/iot-device-classification/dataset/sensor/round6_jitter/sensor_r6.pcapng,R6,358,3584.6884603500366,0.064,0.188,0.096,0.65,0.002,Sensor
/home/lmy/iot-device-classification/dataset/sensor/round6_jitter/sensor_r6.pcapng,R6,359,3592.506015777588,0.002,0.202,0.212,0.584,0.0,Sensor
/home/lmy/iot-device-classification/dataset/sensor/round6_jitter/sensor_r6.pcapng,R6,360,3600.567894935608,0.042,0.408,0.35,0.192,0.008,Sensor
/home/lmy/iot-device-classification/dataset/sensor/round6_jitter/sensor_r6.pcapng,R6,361,3613.9175894260406,0.27,0.082,0.1,0.54,0.008,Sensor
/home/lmy/iot-device-classification/dataset/sensor/round6_jitter/sensor_r6.pcapng,R6,362,3622.68732380867,0.0,0.21,0.214,0.576,0.0,Sensor
/home/lmy/iot-device-classification/dataset/sensor/round6_jitter/sensor_r6.pcapng,R6,363,3635.295603990555,0.034,0.138,0.062,0.762,0.004,Sensor
/home/lmy/iot-device-classification/dataset/sensor/round6_jitter/sensor_r6.pcapng,R6,364,3645.6955444812775,0.086,0.542,0.096,0.272,0.004,Sensor
/home/lmy/iot-device-classification/dataset/sensor/round6_jitter/sensor_r6.pcapng,R6,365,3654.049133062362,0.132,0.346,0.282,0.234,0.006,Sensor
/home/lmy/iot-device-classification/dataset/sensor/round6_jitter/sensor_r6.pcapng,R6,366,3664.236556768418,0.058,0.096,0.112,0.734,0.0,Sensor
/home/lmy/iot-device-classification/dataset/sensor/round6_jitter/sensor_r6.pcapng,R6,367,3671.087828397751,0.004,0.168,0.178,0.65,0.0,Sensor
/home/lmy/iot-device-classification/dataset/sensor/round6_jitter/sensor_r6.pcapng,R6,368,3682.288715839386,0.14,0.258,0.3,0.298,0.004,Sensor
/home/lmy/iot-device-classification/dataset/sensor/round6_jitter/sensor_r6.pcapng,R6,369,3690.295140981674,0.024,0.4,0.218,0.354,0.004,Sensor
/home/lmy/iot-device-classification/dataset/sensor/round6_jitter/sensor_r6.pcapng,R6,370,3702.547293901444,0.02,0.324,0.27,0.386,0.0,Sensor
/home/lmy/iot-device-classification/dataset/sensor/round6_jitter/sensor_r6.pcapng,R6,371,3711.565497398377,0.012,0.3,0.302,0.386,0.0,Sensor
/home/lmy/iot-device-classification/dataset/sensor/round6_jitter/sensor_r6.pcapng,R6,372,3725.3887498378754,0.0,0.066,0.058,0.876,0.0,Sensor
/home/lmy/iot-device-classification/dataset/sensor/round6_jitter/sensor_r6.pcapng,R6,373,3735.1357955932617,0.012,0.24,0.24,0.508,0.0,Sensor
/home/lmy/iot-device-classification/dataset/sensor/round6_jitter/sensor_r6.pcapng,R6,374,3744.036367416382,0.002,0.248,0.206,0.544,0.0,Sensor
/home/lmy/iot-device-classification/dataset/sensor/round6_jitter/sensor_r6.pcapng,R6,375,3753.627115488053,0.042,0.184,0.102,0.672,0.0,Sensor
/home/lmy/iot-device-classification/dataset/sensor/round6_jitter/sensor_r6.pcapng,R6,376,3766.337850809097,0.03,0.25,0.118,0.598,0.004,Sensor
/home/lmy/iot-device-classification/dataset/sensor/round6_jitter/sensor_r6.pcapng,R6,377,3774.3202710151672,0.08,0.144,0.162,0.614,0.0,Sensor
/home/lmy/iot-device-classification/dataset/sensor/round6_jitter/sensor_r6.pcapng,R6,378,3780.525772571564,0.014,0.336,0.136,0.51,0.004,Sensor
/home/lmy/iot-device-classification/dataset/sensor/round6_jitter/sensor_r6.pcapng,R6,379,3793.888293504715,0.058,0.316,0.33,0.292,0.004,Sensor
/home/lmy/iot-device-classification/dataset/sensor/round6_jitter/sensor_r6.pcapng,R6,380,3804.049030303955,0.078,0.272,0.168,0.482,0.0,Sensor
/home/lmy/iot-device-classification/dataset/sensor/round6_jitter/sensor_r6.pcapng,R6,381,3815.925666332245,0.004,0.244,0.178,0.574,0.0,Sensor
/home/lmy/iot-device-classification/dataset/sensor/round6_jitter/sensor_r6.pcapng,R6,382,3826.65691113472,0.166,0.098,0.146,0.59,0.0,Sensor
/home/lmy/iot-device-classification/dataset/sensor/round6_jitter/sensor_r6.pcapng,R6,383,3834.049768447876,0.212,0.184,0.172,0.43,0.002,Sensor
/home/lmy/iot-device-classification/dataset/sensor/round6_jitter/sensor_r6.pcapng,R6,384,3844.194793224335,0.042,0.236,0.102,0.618,0.002,Sensor
/home/lmy/iot-device-classification/dataset/sensor/round6_jitter/sensor_r6.pcapng,R6,385,3853.7330451011658,0.004,0.338,0.25,0.408,0.0,Sensor
/home/lmy/iot-device-classification/dataset/sensor/round6_jitter/sensor_r6.pcapng,R6,386,3862.426411390305,0.016,0.31,0.31,0.364,0.0,Sensor
/home/lmy/iot-device-classification/dataset/sensor/round6_jitter/sensor_r6.pcapng,R6,387,3876.576205968857,0.14,0.178,0.168,0.496,0.018,Sensor
/home/lmy/iot-device-classification/dataset/sensor/round6_jitter/sensor_r6.pcapng,R6,388,3880.468416929245,0.028,0.172,0.116,0.684,0.0,Sensor
/home/lmy/iot-device-classification/dataset/sensor/round6_jitter/sensor_r6.pcapng,R6,389,3894.317826986313,0.004,0.35,0.348,0.298,0.0,Sensor
/home/lmy/iot-device-classification/dataset/sensor/round6_jitter/sensor_r6.pcapng,R6,390,3901.625663995743,0.006,0.198,0.156,0.638,0.002,Sensor
/home/lmy/iot-device-classification/dataset/sensor/round6_jitter/sensor_r6.pcapng,R6,391,3915.507077217102,0.0,0.102,0.132,0.766,0.0,Sensor
/home/lmy/iot-device-classification/dataset/sensor/round6_jitter/sensor_r6.pcapng,R6,392,3923.5694358348846,0.006,0.428,0.332,0.234,0.0,Sensor
/home/lmy/iot-device-classification/dataset/sensor/round6_jitter/sensor_r6.pcapng,R6,393,3936.567914962769,0.014,0.122,0.054,0.81,0.0,Sensor
/home/lmy/iot-device-classification/dataset/sensor/round6_jitter/sensor_r6.pcapng,R6,394,3941.5978350639343,0.01,0.216,0.1,0.67,0.004,Sensor
/home/lmy/iot-device-classification/dataset/sensor/round6_jitter/sensor_r6.pcapng,R6,395,3954.498487472534,0.0,0.102,0.26,0.638,0.0,Sensor
/home/lmy/iot-device-classification/dataset/sensor/round6_jitter/sensor_r6.pcapng,R6,396,3961.388404369354,0.234,0.228,0.154,0.374,0.01,Sensor
/home/lmy/iot-device-classification/dataset/sensor/round6_jitter/sensor_r6.pcapng,R6,397,3971.889078617096,0.232,0.172,0.132,0.46,0.004,Sensor
/home/lmy/iot-device-classification/dataset/sensor/round6_jitter/sensor_r6.pcapng,R6,398,3981.9877626895914,0.074,0.284,0.158,0.484,0.0,Sensor
/home/lmy/iot-device-classification/dataset/sensor/round6_jitter/sensor_r6.pcapng,R6,399,3990.047201156616,0.054,0.204,0.136,0.606,0.0,Sensor
/home/lmy/iot-device-classification/dataset/sensor/round6_jitter/sensor_r6.pcapng,R6,400,4005.538838386536,0.04,0.182,0.08,0.696,0.002,Sensor
/home/lmy/iot-device-classification/dataset/sensor/round6_jitter/sensor_r6.pcapng,R6,401,4014.050461530685,0.024,0.364,0.314,0.296,0.002,Sensor
/home/lmy/iot-device-classification/dataset/sensor/round6_jitter/sensor_r6.pcapng,R6,402,4026.338386774063,0.104,0.612,0.052,0.232,0.0,Sensor
/home/lmy/iot-device-classification/dataset/sensor/round6_jitter/sensor_r6.pcapng,R6,403,4033.2903628349295,0.014,0.112,0.096,0.776,0.002,Sensor
/home/lmy/iot-device-classification/dataset/sensor/round6_jitter/sensor_r6.pcapng,R6,404,4044.039253473282,0.136,0.37,0.216,0.274,0.004,Sensor
/home/lmy/iot-device-classification/dataset/sensor/round6_jitter/sensor_r6.pcapng,R6,405,4055.457323074341,0.144,0.202,0.18,0.46,0.014,Sensor
/home/lmy/iot-device-classification/dataset/sensor/round6_jitter/sensor_r6.pcapng,R6,406,4063.4077653884888,0.056,0.306,0.414,0.222,0.002,Sensor
/home/lmy/iot-device-classification/dataset/sensor/round6_jitter/sensor_r6.pcapng,R6,407,4070.19654917717,0.006,0.458,0.27,0.266,0.0,Sensor
/home/lmy/iot-device-classification/dataset/socket/round6_jitter/socket_r6.pcapng,R6,0,0.0,0.002,0.002,0.002,0.006,0.988,Socket
/home/lmy/iot-device-classification/dataset/socket/round6_jitter/socket_r6.pcapng,R6,1,14.111911535263062,0.008,0.006,0.0,0.006,0.98,Socket
/home/lmy/iot-device-classification/dataset/socket/round6_jitter/socket_r6.pcapng,R6,2,20.632315635681152,0.002,0.006,0.006,0.012,0.974,Socket
/home/lmy/iot-device-classification/dataset/socket/round6_jitter/socket_r6.pcapng,R6,3,33.69841194152832,0.012,0.014,0.012,0.012,0.95,Socket
/home/lmy/iot-device-classification/dataset/socket/round6_jitter/socket_r6.pcapng,R6,4,40.19692873954773,0.004,0.006,0.004,0.018,0.968,Socket
/home/lmy/iot-device-classification/dataset/socket/round6_jitter/socket_r6.pcapng,R6,5,54.32929348945618,0.004,0.01,0.002,0.018,0.966,Socket
/home/lmy/iot-device-classification/dataset/socket/round6_jitter/socket_r6.pcapng,R6,6,60.87683939933777,0.014,0.028,0.014,0.024,0.92,Socket
/home/lmy/iot-device-classification/dataset/socket/round6_jitter/socket_r6.pcapng,R6,7,71.39578056335449,0.0,0.002,0.002,0.008,0.988,Socket
/home/lmy/iot-device-classification/dataset/socket/round6_jitter/socket_r6.pcapng,R6,8,81.38290667533875,0.006,0.006,0.008,0.01,0.97,Socket
/home/lmy/iot-device-classification/dataset/socket/round6_jitter/socket_r6.pcapng,R6,9,90.72914624214172,0.004,0.002,0.01,0.014,0.97,Socket
/home/lmy/iot-device-classification/dataset/socket/round6_jitter/socket_r6.pcapng,R6,10,103.71025466918944,0.0,0.0,0.0,0.002,0.998,Socket
/home/lmy/iot-device-classification/dataset/socket/round6_jitter/socket_r6.pcapng,R6,11,110.06215119361876,0.01,0.006,0.002,0.018,0.964,Socket
/home/lmy/iot-device-classification/dataset/socket/round6_jitter/socket_r6.pcapng,R6,12,120.87293982505798,0.014,0.006,0.01,0.02,0.95,Socket
/home/lmy/iot-device-classification/dataset/socket/round6_jitter/socket_r6.pcapng,R6,13,133.93269515037537,0.01,0.006,0.008,0.018,0.958,Socket
/home/lmy/iot-device-classification/dataset/socket/round6_jitter/socket_r6.pcapng,R6,14,143.52718663215637,0.006,0.006,0.004,0.016,0.968,Socket
/home/lmy/iot-device-classification/dataset/socket/round6_jitter/socket_r6.pcapng,R6,15,152.25696921348572,0.006,0.004,0.004,0.008,0.978,Socket
/home/lmy/iot-device-classification/dataset/socket/round6_jitter/socket_r6.pcapng,R6,16,160.08534979820251,0.004,0.002,0.002,0.004,0.988,Socket
/home/lmy/iot-device-classification/dataset/socket/round6_jitter/socket_r6.pcapng,R6,17,170.05172634124756,0.002,0.002,0.004,0.01,0.982,Socket
/home/lmy/iot-device-classification/dataset/socket/round6_jitter/socket_r6.pcapng,R6,18,181.61870050430295,0.012,0.002,0.004,0.032,0.95,Socket
/home/lmy/iot-device-classification/dataset/socket/round6_jitter/socket_r6.pcapng,R6,19,194.6253237724304,0.01,0.014,0.004,0.022,0.95,Socket
/home/lmy/iot-device-classification/dataset/socket/round6_jitter/socket_r6.pcapng,R6,20,201.1837921142578,0.0,0.0,0.004,0.01,0.986,Socket
/home/lmy/iot-device-classification/dataset/socket/round6_jitter/socket_r6.pcapng,R6,21,211.2016909122467,0.008,0.002,0.008,0.018,0.964,Socket
/home/lmy/iot-device-classification/dataset/socket/round6_jitter/socket_r6.pcapng,R6,22,225.18457794189453,0.014,0.012,0.018,0.01,0.946,Socket
/home/lmy/iot-device-classification/dataset/socket/round6_jitter/socket_r6.pcapng,R6,23,231.64569282531735,0.004,0.01,0.004,0.024,0.958,Socket
/home/lmy/iot-device-classification/dataset/socket/round6_jitter/socket_r6.pcapng,R6,24,241.50187253952024,0.012,0.008,0.008,0.032,0.94,Socket
/home/lmy/iot-device-classification/dataset/socket/round6_jitter/socket_r6.pcapng,R6,25,253.38446187973025,0.03,0.024,0.008,0.058,0.88,Socket
/home/lmy/iot-device-classification/dataset/socket/round6_jitter/socket_r6.pcapng,R6,26,260.0584318637848,0.008,0.008,0.008,0.034,0.942,Socket
/home/lmy/iot-device-classification/dataset/socket/round6_jitter/socket_r6.pcapng,R6,27,270.8199701309204,0.008,0.006,0.008,0.032,0.946,Socket
/home/lmy/iot-device-classification/dataset/socket/round6_jitter/socket_r6.pcapng,R6,28,281.7199809551239,0.006,0.012,0.006,0.024,0.952,Socket
/home/lmy/iot-device-classification/dataset/socket/round6_jitter/socket_r6.pcapng,R6,29,292.5159909725189,0.008,0.008,0.006,0.026,0.952,Socket
/home/lmy/iot-device-classification/dataset/socket/round6_jitter/socket_r6.pcapng,R6,30,302.294949054718,0.014,0.01,0.01,0.03,0.936,Socket
/home/lmy/iot-device-classification/dataset/socket/round6_jitter/socket_r6.pcapng,R6,31,311.003009557724,0.004,0.012,0.008,0.022,0.954,Socket
/home/lmy/iot-device-classification/dataset/socket/round6_jitter/socket_r6.pcapng,R6,32,322.8238854408264,0.004,0.0,0.004,0.018,0.974,Socket
/home/lmy/iot-device-classification/dataset/socket/round6_jitter/socket_r6.pcapng,R6,33,330.8356423377991,0.01,0.014,0.01,0.024,0.942,Socket
/home/lmy/iot-device-classification/dataset/socket/round6_jitter/socket_r6.pcapng,R6,34,340.3884677886963,0.004,0.006,0.006,0.024,0.96,Socket
/home/lmy/iot-device-classification/dataset/socket/round6_jitter/socket_r6.pcapng,R6,35,354.52736139297485,0.004,0.01,0.012,0.024,0.95,Socket
/home/lmy/iot-device-classification/dataset/socket/round6_jitter/socket_r6.pcapng,R6,36,361.01750111579895,0.016,0.002,0.008,0.036,0.938,Socket
/home/lmy/iot-device-classification/dataset/socket/round6_jitter/socket_r6.pcapng,R6,37,372.2032036781311,0.002,0.01,0.016,0.022,0.95,Socket
/home/lmy/iot-device-classification/dataset/socket/round6_jitter/socket_r6.pcapng,R6,38,381.1403415203095,0.01,0.002,0.012,0.042,0.934,Socket
/home/lmy/iot-device-classification/dataset/socket/round6_jitter/socket_r6.pcapng,R6,39,394.3104557991028,0.016,0.018,0.016,0.032,0.918,Socket
/home/lmy/iot-device-classification/dataset/socket/round6_jitter/socket_r6.pcapng,R6,40,401.2208898067474,0.006,0.004,0.006,0.036,0.948,Socket
/home/lmy/iot-device-classification/dataset/socket/round6_jitter/socket_r6.pcapng,R6,41,412.2090289592743,0.004,0.004,0.008,0.024,0.96,Socket
/home/lmy/iot-device-classification/dataset/socket/round6_jitter/socket_r6.pcapng,R6,42,420.1543669700623,0.016,0.002,0.008,0.032,0.942,Socket
/home/lmy/iot-device-classification/dataset/socket/round6_jitter/socket_r6.pcapng,R6,43,430.4220464229584,0.002,0.002,0.004,0.018,0.974,Socket
/home/lmy/iot-device-classification/dataset/socket/round6_jitter/socket_r6.pcapng,R6,44,443.4851224422455,0.006,0.006,0.004,0.028,0.956,Socket
/home/lmy/iot-device-classification/dataset/socket/round6_jitter/socket_r6.pcapng,R6,45,450.23518657684326,0.004,0.002,0.008,0.018,0.968,Socket
/home/lmy/iot-device-classification/dataset/socket/round6_jitter/socket_r6.pcapng,R6,46,460.0209286212921,0.002,0.002,0.002,0.022,0.972,Socket
/home/lmy/iot-device-classification/dataset/socket/round6_jitter/socket_r6.pcapng,R6,47,475.197021484375,0.008,0.004,0.004,0.016,0.968,Socket
/home/lmy/iot-device-classification/dataset/socket/round6_jitter/socket_r6.pcapng,R6,48,484.96233916282654,0.026,0.018,0.012,0.03,0.914,Socket
/home/lmy/iot-device-classification/dataset/socket/round6_jitter/socket_r6.pcapng,R6,49,490.4150683879852,0.002,0.002,0.002,0.018,0.976,Socket
/home/lmy/iot-device-classification/dataset/socket/round6_jitter/socket_r6.pcapng,R6,50,501.1225974559784,0.006,0.008,0.004,0.012,0.97,Socket
/home/lmy/iot-device-classification/dataset/socket/round6_jitter/socket_r6.pcapng,R6,51,511.0992863178253,0.008,0.006,0.016,0.026,0.944,Socket
/home/lmy/iot-device-classification/dataset/socket/round6_jitter/socket_r6.pcapng,R6,52,524.1380071640015,0.012,0.004,0.006,0.012,0.966,Socket
/home/lmy/iot-device-classification/dataset/socket/round6_jitter/socket_r6.pcapng,R6,53,531.4755654335022,0.002,0.006,0.006,0.022,0.964,Socket
/home/lmy/iot-device-classification/dataset/socket/round6_jitter/socket_r6.pcapng,R6,54,540.4689013957977,0.016,0.002,0.006,0.03,0.946,Socket
/home/lmy/iot-device-classification/dataset/socket/round6_jitter/socket_r6.pcapng,R6,55,550.0979685783386,0.004,0.004,0.006,0.016,0.97,Socket
/home/lmy/iot-device-classification/dataset/socket/round6_jitter/socket_r6.pcapng,R6,56,561.9330894947052,0.004,0.004,0.006,0.018,0.968,Socket
/home/lmy/iot-device-classification/dataset/socket/round6_jitter/socket_r6.pcapng,R6,57,570.0020871162415,0.066,0.014,0.02,0.032,0.868,Socket
/home/lmy/iot-device-classification/dataset/socket/round6_jitter/socket_r6.pcapng,R6,58,584.0633947849274,0.03,0.008,0.008,0.024,0.93,Socket
/home/lmy/iot-device-classification/dataset/socket/round6_jitter/socket_r6.pcapng,R6,59,591.4689991474152,0.01,0.006,0.008,0.018,0.958,Socket
/home/lmy/iot-device-classification/dataset/socket/round6_jitter/socket_r6.pcapng,R6,60,601.429034948349,0.018,0.006,0.01,0.024,0.942,Socket
/home/lmy/iot-device-classification/dataset/socket/round6_jitter/socket_r6.pcapng,R6,61,614.4938094615936,0.016,0.002,0.012,0.024,0.946,Socket
/home/lmy/iot-device-classification/dataset/socket/round6_jitter/socket_r6.pcapng,R6,62,621.0244014263153,0.006,0.004,0.002,0.02,0.968,Socket
/home/lmy/iot-device-classification/dataset/socket/round6_jitter/socket_r6.pcapng,R6,63,636.628175497055,0.062,0.016,0.036,0.072,0.814,Socket
/home/lmy/iot-device-classification/dataset/socket/round6_jitter/socket_r6.pcapng,R6,64,643.6033179759979,0.046,0.02,0.022,0.028,0.884,Socket
/home/lmy/iot-device-classification/dataset/socket/round6_jitter/socket_r6.pcapng,R6,65,652.5295765399933,0.0,0.006,0.002,0.02,0.972,Socket
/home/lmy/iot-device-classification/dataset/socket/round6_jitter/socket_r6.pcapng,R6,66,661.1989636421204,0.008,0.004,0.012,0.018,0.958,Socket
/home/lmy/iot-device-classification/dataset/socket/round6_jitter/socket_r6.pcapng,R6,67,670.1309585571289,0.002,0.004,0.004,0.016,0.974,Socket
/home/lmy/iot-device-classification/dataset/socket/round6_jitter/socket_r6.pcapng,R6,68,685.912130355835,0.014,0.012,0.006,0.014,0.954,Socket
/home/lmy/iot-device-classification/dataset/socket/round6_jitter/socket_r6.pcapng,R6,69,690.9580771923065,0.008,0.004,0.012,0.022,0.954,Socket
/home/lmy/iot-device-classification/dataset/socket/round6_jitter/socket_r6.pcapng,R6,70,700.3352341651917,0.002,0.008,0.012,0.016,0.962,Socket
/home/lmy/iot-device-classification/dataset/socket/round6_jitter/socket_r6.pcapng,R6,71,710.1063599586487,0.002,0.002,0.002,0.018,0.976,Socket
/home/lmy/iot-device-classification/dataset/socket/round6_jitter/socket_r6.pcapng,R6,72,720.0373344421387,0.02,0.006,0.018,0.018,0.938,Socket
/home/lmy/iot-device-classification/dataset/socket/round6_jitter/socket_r6.pcapng,R6,73,732.9970796108246,0.014,0.008,0.008,0.012,0.958,Socket
/home/lmy/iot-device-classification/dataset/socket/round6_jitter/socket_r6.pcapng,R6,74,740.7056813240051,0.008,0.006,0.008,0.018,0.96,Socket
/home/lmy/iot-device-classification/dataset/socket/round6_jitter/socket_r6.pcapng,R6,75,751.3612914085388,0.006,0.004,0.012,0.01,0.968,Socket
/home/lmy/iot-device-classification/dataset/socket/round6_jitter/socket_r6.pcapng,R6,76,760.0449876785278,0.024,0.004,0.008,0.01,0.954,Socket
/home/lmy/iot-device-classification/dataset/socket/round6_jitter/socket_r6.pcapng,R6,77,770.4981594085693,0.002,0.002,0.004,0.02,0.972,Socket
/home/lmy/iot-device-classification/dataset/socket/round6_jitter/socket_r6.pcapng,R6,78,783.5615975856781,0.018,0.008,0.014,0.03,0.93,Socket
/home/lmy/iot-device-classification/dataset/socket/round6_jitter/socket_r6.pcapng,R6,79,790.6982047557831,0.004,0.006,0.008,0.024,0.958,Socket
/home/lmy/iot-device-classification/dataset/socket/round6_jitter/socket_r6.pcapng,R6,80,802.6611795425415,0.008,0.008,0.008,0.018,0.958,Socket
/home/lmy/iot-device-classification/dataset/socket/round6_jitter/socket_r6.pcapng,R6,81,810.1219482421875,0.006,0.006,0.016,0.036,0.936,Socket
/home/lmy/iot-device-classification/dataset/socket/round6_jitter/socket_r6.pcapng,R6,82,821.8318114280701,0.006,0.01,0.01,0.02,0.954,Socket
/home/lmy/iot-device-classification/dataset/socket/round6_jitter/socket_r6.pcapng,R6,83,832.847109079361,0.008,0.006,0.012,0.028,0.946,Socket
/home/lmy/iot-device-classification/dataset/socket/round6_jitter/socket_r6.pcapng,R6,84,842.4060587882996,0.04,0.014,0.01,0.058,0.878,Socket
/home/lmy/iot-device-classification/dataset/socket/round6_jitter/socket_r6.pcapng,R6,85,850.5484383106232,0.004,0.006,0.008,0.02,0.962,Socket
/home/lmy/iot-device-classification/dataset/socket/round6_jitter/socket_r6.pcapng,R6,86,860.327898979187,0.006,0.006,0.006,0.022,0.96,Socket
/home/lmy/iot-device-classification/dataset/socket/round6_jitter/socket_r6.pcapng,R6,87,872.2992527484894,0.016,0.018,0.036,0.032,0.898,Socket
/home/lmy/iot-device-classification/dataset/socket/round6_jitter/socket_r6.pcapng,R6,88,883.1879999637604,0.006,0.008,0.006,0.022,0.958,Socket
/home/lmy/iot-device-classification/dataset/socket/round6_jitter/socket_r6.pcapng,R6,89,892.9891378879547,0.006,0.006,0.008,0.02,0.96,Socket
/home/lmy/iot-device-classification/dataset/socket/round6_jitter/socket_r6.pcapng,R6,90,900.6766002178192,0.006,0.0,0.006,0.026,0.962,Socket
/home/lmy/iot-device-classification/dataset/socket/round6_jitter/socket_r6.pcapng,R6,91,910.4562799930573,0.004,0.006,0.004,0.018,0.968,Socket
/home/lmy/iot-device-classification/dataset/socket/round6_jitter/socket_r6.pcapng,R6,92,921.284725666046,0.01,0.006,0.006,0.02,0.958,Socket
/home/lmy/iot-device-classification/dataset/socket/round6_jitter/socket_r6.pcapng,R6,93,931.4181039333344,0.016,0.008,0.01,0.028,0.938,Socket
/home/lmy/iot-device-classification/dataset/socket/round6_jitter/socket_r6.pcapng,R6,94,941.48402428627,0.004,0.006,0.004,0.02,0.966,Socket
/home/lmy/iot-device-classification/dataset/socket/round6_jitter/socket_r6.pcapng,R6,95,953.6281559467316,0.004,0.008,0.006,0.028,0.954,Socket
/home/lmy/iot-device-classification/dataset/socket/round6_jitter/socket_r6.pcapng,R6,96,960.344731092453,0.01,0.008,0.01,0.032,0.94,Socket
/home/lmy/iot-device-classification/dataset/socket/round6_jitter/socket_r6.pcapng,R6,97,970.2647325992584,0.012,0.008,0.008,0.032,0.94,Socket
/home/lmy/iot-device-classification/dataset/socket/round6_jitter/socket_r6.pcapng,R6,98,984.0866115093232,0.006,0.004,0.008,0.026,0.956,Socket
/home/lmy/iot-device-classification/dataset/socket/round6_jitter/socket_r6.pcapng,R6,99,990.0045108795166,0.01,0.014,0.024,0.054,0.898,Socket
/home/lmy/iot-device-classification/dataset/socket/round6_jitter/socket_r6.pcapng,R6,100,1000.681442975998,0.004,0.002,0.008,0.028,0.958,Socket
/home/lmy/iot-device-classification/dataset/socket/round6_jitter/socket_r6.pcapng,R6,101,1010.141991853714,0.004,0.01,0.008,0.02,0.958,Socket
/home/lmy/iot-device-classification/dataset/socket/round6_jitter/socket_r6.pcapng,R6,102,1020.9206492900848,0.01,0.008,0.008,0.028,0.946,Socket
/home/lmy/iot-device-classification/dataset/socket/round6_jitter/socket_r6.pcapng,R6,103,1032.9644877910614,0.002,0.008,0.004,0.026,0.96,Socket
/home/lmy/iot-device-classification/dataset/socket/round6_jitter/socket_r6.pcapng,R6,104,1040.0005745887756,0.004,0.002,0.004,0.016,0.974,Socket
/home/lmy/iot-device-classification/dataset/socket/round6_jitter/socket_r6.pcapng,R6,105,1050.6740555763245,0.024,0.004,0.01,0.032,0.93,Socket
/home/lmy/iot-device-classification/dataset/socket/round6_jitter/socket_r6.pcapng,R6,106,1060.094212770462,0.006,0.006,0.004,0.018,0.966,Socket
/home/lmy/iot-device-classification/dataset/socket/round6_jitter/socket_r6.pcapng,R6,107,1072.4899010658264,0.006,0.014,0.016,0.02,0.944,Socket
/home/lmy/iot-device-classification/dataset/socket/round6_jitter/socket_r6.pcapng,R6,108,1082.301300764084,0.02,0.004,0.01,0.022,0.944,Socket
/home/lmy/iot-device-classification/dataset/socket/round6_jitter/socket_r6.pcapng,R6,109,1093.1799867153168,0.006,0.014,0.012,0.018,0.95,Socket
/home/lmy/iot-device-classification/dataset/socket/round6_jitter/socket_r6.pcapng,R6,110,1101.868765592575,0.006,0.012,0.006,0.026,0.95,Socket
/home/lmy/iot-device-classification/dataset/socket/round6_jitter/socket_r6.pcapng,R6,111,1110.5837633609772,0.024,0.012,0.01,0.034,0.92,Socket
/home/lmy/iot-device-classification/dataset/socket/round6_jitter/socket_r6.pcapng,R6,112,1120.5460939407349,0.004,0.01,0.004,0.026,0.956,Socket
/home/lmy/iot-device-classification/dataset/socket/round6_jitter/socket_r6.pcapng,R6,113,1134.5335774421692,0.008,0.006,0.008,0.022,0.956,Socket
/home/lmy/iot-device-classification/dataset/socket/round6_jitter/socket_r6.pcapng,R6,114,1141.0083484649658,0.018,0.014,0.012,0.048,0.908,Socket
/home/lmy/iot-device-classification/dataset/socket/round6_jitter/socket_r6.pcapng,R6,115,1150.8991618156433,0.002,0.004,0.006,0.018,0.97,Socket
/home/lmy/iot-device-classification/dataset/socket/round6_jitter/socket_r6.pcapng,R6,116,1163.8055715560913,0.014,0.004,0.01,0.02,0.952,Socket
/home/lmy/iot-device-classification/dataset/socket/round6_jitter/socket_r6.pcapng,R6,117,1172.5364067554474,0.012,0.01,0.012,0.034,0.932,Socket
/home/lmy/iot-device-classification/dataset/socket/round6_jitter/socket_r6.pcapng,R6,118,1184.5075013637545,0.008,0.004,0.008,0.026,0.954,Socket
/home/lmy/iot-device-classification/dataset/socket/round6_jitter/socket_r6.pcapng,R6,119,1193.1870403289795,0.014,0.002,0.002,0.036,0.946,Socket
/home/lmy/iot-device-classification/dataset/socket/round6_jitter/socket_r6.pcapng,R6,120,1200.1053595542908,0.004,0.004,0.006,0.02,0.966,Socket
/home/lmy/iot-device-classification/dataset/socket/round6_jitter/socket_r6.pcapng,R6,121,1210.9701309204102,0.01,0.004,0.0,0.018,0.968,Socket
/home/lmy/iot-device-classification/dataset/socket/round6_jitter/socket_r6.pcapng,R6,122,1224.0340597629547,0.01,0.004,0.006,0.028,0.952,Socket
/home/lmy/iot-device-classification/dataset/socket/round6_jitter/socket_r6.pcapng,R6,123,1231.2563512325287,0.02,0.012,0.012,0.036,0.92,Socket
/home/lmy/iot-device-classification/dataset/socket/round6_jitter/socket_r6.pcapng,R6,124,1240.0746145248413,0.002,0.004,0.002,0.024,0.968,Socket
/home/lmy/iot-device-classification/dataset/socket/round6_jitter/socket_r6.pcapng,R6,125,1256.2644066810608,0.022,0.012,0.014,0.026,0.926,Socket
/home/lmy/iot-device-classification/dataset/socket/round6_jitter/socket_r6.pcapng,R6,126,1262.8753671646118,0.01,0.006,0.01,0.03,0.944,Socket
/home/lmy/iot-device-classification/dataset/socket/round6_jitter/socket_r6.pcapng,R6,127,1272.6540784835815,0.0,0.0,0.004,0.012,0.984,Socket
/home/lmy/iot-device-classification/dataset/socket/round6_jitter/socket_r6.pcapng,R6,128,1280.2637350559237,0.002,0.0,0.006,0.034,0.958,Socket
/home/lmy/iot-device-classification/dataset/socket/round6_jitter/socket_r6.pcapng,R6,129,1291.03262257576,0.012,0.008,0.008,0.04,0.932,Socket
/home/lmy/iot-device-classification/dataset/socket/round6_jitter/socket_r6.pcapng,R6,130,1300.9331543445587,0.006,0.01,0.006,0.028,0.95,Socket
/home/lmy/iot-device-classification/dataset/socket/round6_jitter/socket_r6.pcapng,R6,131,1313.9644215106964,0.03,0.018,0.01,0.054,0.888,Socket
/home/lmy/iot-device-classification/dataset/socket/round6_jitter/socket_r6.pcapng,R6,132,1321.176955461502,0.018,0.004,0.016,0.024,0.938,Socket
/home/lmy/iot-device-classification/dataset/socket/round6_jitter/socket_r6.pcapng,R6,133,1332.708039045334,0.006,0.016,0.004,0.01,0.964,Socket
/home/lmy/iot-device-classification/dataset/socket/round6_jitter/socket_r6.pcapng,R6,134,1340.0521278381348,0.004,0.014,0.006,0.02,0.956,Socket
/home/lmy/iot-device-classification/dataset/socket/round6_jitter/socket_r6.pcapng,R6,135,1350.0987281799316,0.008,0.0,0.008,0.034,0.95,Socket
/home/lmy/iot-device-classification/dataset/socket/round6_jitter/socket_r6.pcapng,R6,136,1360.1942601203918,0.008,0.014,0.008,0.026,0.944,Socket
/home/lmy/iot-device-classification/dataset/socket/round6_jitter/socket_r6.pcapng,R6,137,1373.8326966762545,0.006,0.004,0.004,0.02,0.966,Socket
/home/lmy/iot-device-classification/dataset/socket/round6_jitter/socket_r6.pcapng,R6,138,1380.3318798542025,0.004,0.0,0.01,0.034,0.952,Socket
/home/lmy/iot-device-classification/dataset/socket/round6_jitter/socket_r6.pcapng,R6,139,1392.0902869701383,0.004,0.002,0.004,0.014,0.976,Socket
/home/lmy/iot-device-classification/dataset/socket/round6_jitter/socket_r6.pcapng,R6,140,1405.0487995147705,0.05,0.008,0.014,0.038,0.89,Socket
/home/lmy/iot-device-classification/dataset/socket/round6_jitter/socket_r6.pcapng,R6,141,1412.0137209892273,0.012,0.01,0.016,0.04,0.922,Socket
/home/lmy/iot-device-classification/dataset/socket/round6_jitter/socket_r6.pcapng,R6,142,1420.6808185577393,0.006,0.02,0.006,0.02,0.948,Socket
/home/lmy/iot-device-classification/dataset/socket/round6_jitter/socket_r6.pcapng,R6,143,1430.2550115585327,0.004,0.004,0.004,0.018,0.97,Socket
/home/lmy/iot-device-classification/dataset/socket/round6_jitter/socket_r6.pcapng,R6,144,1441.3706319332125,0.006,0.006,0.016,0.034,0.938,Socket
/home/lmy/iot-device-classification/dataset/socket/round6_jitter/socket_r6.pcapng,R6,145,1453.3263499736786,0.01,0.012,0.01,0.018,0.95,Socket
/home/lmy/iot-device-classification/dataset/socket/round6_jitter/socket_r6.pcapng,R6,146,1462.0151023864746,0.006,0.01,0.008,0.016,0.96,Socket
/home/lmy/iot-device-classification/dataset/socket/round6_jitter/socket_r6.pcapng,R6,147,1474.0118114948273,0.018,0.01,0.018,0.042,0.912,Socket
/home/lmy/iot-device-classification/dataset/socket/round6_jitter/socket_r6.pcapng,R6,148,1484.8720149993896,0.022,0.014,0.002,0.028,0.934,Socket
/home/lmy/iot-device-classification/dataset/socket/round6_jitter/socket_r6.pcapng,R6,149,1490.0621423721311,0.0,0.006,0.008,0.022,0.964,Socket
/home/lmy/iot-device-classification/dataset/socket/round6_jitter/socket_r6.pcapng,R6,150,1500.087628364563,0.008,0.006,0.008,0.024,0.954,Socket
/home/lmy/iot-device-classification/dataset/socket/round6_jitter/socket_r6.pcapng,R6,151,1514.2216629981997,0.002,0.012,0.024,0.036,0.926,Socket
/home/lmy/iot-device-classification/dataset/socket/round6_jitter/socket_r6.pcapng,R6,152,1520.8375792503357,0.008,0.012,0.02,0.026,0.934,Socket
/home/lmy/iot-device-classification/dataset/socket/round6_jitter/socket_r6.pcapng,R6,153,1530.9056313037872,0.006,0.002,0.008,0.038,0.946,Socket
/home/lmy/iot-device-classification/dataset/socket/round6_jitter/socket_r6.pcapng,R6,154,1540.898692369461,0.004,0.01,0.01,0.026,0.95,Socket
/home/lmy/iot-device-classification/dataset/socket/round6_jitter/socket_r6.pcapng,R6,155,1552.0195047855375,0.004,0.012,0.014,0.024,0.946,Socket
/home/lmy/iot-device-classification/dataset/socket/round6_jitter/socket_r6.pcapng,R6,156,1564.0633790493011,0.034,0.02,0.012,0.056,0.878,Socket
/home/lmy/iot-device-classification/dataset/socket/round6_jitter/socket_r6.pcapng,R6,157,1570.8855962753296,0.004,0.014,0.008,0.024,0.95,Socket
/home/lmy/iot-device-classification/dataset/socket/round6_jitter/socket_r6.pcapng,R6,158,1585.0807809829712,0.004,0.012,0.016,0.026,0.942,Socket
/home/lmy/iot-device-classification/dataset/socket/round6_jitter/socket_r6.pcapng,R6,159,1592.6069777011871,0.014,0.004,0.016,0.046,0.92,Socket
/home/lmy/iot-device-classification/dataset/socket/round6_jitter/socket_r6.pcapng,R6,160,1603.452133893967,0.008,0.016,0.016,0.024,0.936,Socket
/home/lmy/iot-device-classification/dataset/socket/round6_jitter/socket_r6.pcapng,R6,161,1611.058166027069,0.002,0.018,0.01,0.036,0.934,Socket
/home/lmy/iot-device-classification/dataset/socket/round6_jitter/socket_r6.pcapng,R6,162,1624.2782952785492,0.028,0.01,0.016,0.04,0.906,Socket
/home/lmy/iot-device-classification/dataset/socket/round6_jitter/socket_r6.pcapng,R6,163,1630.6414732933044,0.006,0.008,0.01,0.024,0.952,Socket
/home/lmy/iot-device-classification/dataset/socket/round6_jitter/socket_r6.pcapng,R6,164,1642.593646287918,0.006,0.012,0.014,0.024,0.944,Socket
/home/lmy/iot-device-classification/dataset/socket/round6_jitter/socket_r6.pcapng,R6,165,1652.3743319511414,0.012,0.01,0.012,0.026,0.94,Socket
/home/lmy/iot-device-classification/dataset/socket/round6_jitter/socket_r6.pcapng,R6,166,1660.0625557899475,0.004,0.014,0.016,0.026,0.94,Socket
/home/lmy/iot-device-classification/dataset/socket/round6_jitter/socket_r6.pcapng,R6,167,1670.5691738128662,0.006,0.014,0.006,0.032,0.942,Socket
/home/lmy/iot-device-classification/dataset/socket/round6_jitter/socket_r6.pcapng,R6,168,1680.6464462280271,0.008,0.004,0.016,0.028,0.944,Socket
/home/lmy/iot-device-classification/dataset/socket/round6_jitter/socket_r6.pcapng,R6,169,1690.140878200531,0.006,0.016,0.016,0.034,0.928,Socket
/home/lmy/iot-device-classification/dataset/socket/round6_jitter/socket_r6.pcapng,R6,170,1700.824047088623,0.004,0.012,0.01,0.022,0.952,Socket
/home/lmy/iot-device-classification/dataset/socket/round6_jitter/socket_r6.pcapng,R6,171,1712.8649406433103,0.012,0.006,0.014,0.03,0.938,Socket
/home/lmy/iot-device-classification/dataset/socket/round6_jitter/socket_r6.pcapng,R6,172,1720.0004494190216,0.048,0.02,0.02,0.042,0.87,Socket
/home/lmy/iot-device-classification/dataset/socket/round6_jitter/socket_r6.pcapng,R6,173,1734.0508658885956,0.006,0.018,0.01,0.022,0.944,Socket
/home/lmy/iot-device-classification/dataset/socket/round6_jitter/socket_r6.pcapng,R6,174,1743.837342262268,0.016,0.004,0.016,0.04,0.924,Socket
/home/lmy/iot-device-classification/dataset/socket/round6_jitter/socket_r6.pcapng,R6,175,1750.3156027793884,0.008,0.01,0.006,0.032,0.944,Socket
/home/lmy/iot-device-classification/dataset/socket/round6_jitter/socket_r6.pcapng,R6,176,1761.132061004639,0.004,0.006,0.01,0.024,0.956,Socket
/home/lmy/iot-device-classification/dataset/socket/round6_jitter/socket_r6.pcapng,R6,177,1771.1995542049408,0.012,0.004,0.008,0.028,0.948,Socket
/home/lmy/iot-device-classification/dataset/socket/round6_jitter/socket_r6.pcapng,R6,178,1781.2927260398865,0.004,0.012,0.008,0.02,0.956,Socket
/home/lmy/iot-device-classification/dataset/socket/round6_jitter/socket_r6.pcapng,R6,179,1793.334371805191,0.006,0.01,0.01,0.016,0.958,Socket
/home/lmy/iot-device-classification/dataset/socket/round6_jitter/socket_r6.pcapng,R6,180,1800.3529951572418,0.006,0.006,0.006,0.03,0.952,Socket
/home/lmy/iot-device-classification/dataset/socket/round6_jitter/socket_r6.pcapng,R6,181,1810.424214363098,0.012,0.01,0.006,0.034,0.938,Socket
/home/lmy/iot-device-classification/dataset/socket/round6_jitter/socket_r6.pcapng,R6,182,1820.0301477909088,0.006,0.01,0.012,0.024,0.948,Socket
/home/lmy/iot-device-classification/dataset/socket/round6_jitter/socket_r6.pcapng,R6,183,1830.797649383545,0.006,0.01,0.012,0.044,0.928,Socket
/home/lmy/iot-device-classification/dataset/socket/round6_jitter/socket_r6.pcapng,R6,184,1840.6785809993744,0.006,0.012,0.012,0.022,0.948,Socket
/home/lmy/iot-device-classification/dataset/socket/round6_jitter/socket_r6.pcapng,R6,185,1852.6205599308012,0.004,0.01,0.012,0.022,0.952,Socket
/home/lmy/iot-device-classification/dataset/socket/round6_jitter/socket_r6.pcapng,R6,186,1863.9458446502688,0.02,0.006,0.016,0.046,0.912,Socket
/home/lmy/iot-device-classification/dataset/socket/round6_jitter/socket_r6.pcapng,R6,187,1871.0486378669736,0.004,0.018,0.01,0.024,0.944,Socket
/home/lmy/iot-device-classification/dataset/socket/round6_jitter/socket_r6.pcapng,R6,188,1880.035488128662,0.008,0.01,0.022,0.022,0.938,Socket
/home/lmy/iot-device-classification/dataset/socket/round6_jitter/socket_r6.pcapng,R6,189,1890.6891467571256,0.02,0.014,0.018,0.042,0.906,Socket
/home/lmy/iot-device-classification/dataset/socket/round6_jitter/socket_r6.pcapng,R6,190,1903.6112458705904,0.004,0.022,0.024,0.018,0.932,Socket
/home/lmy/iot-device-classification/dataset/socket/round6_jitter/socket_r6.pcapng,R6,191,1914.607357501984,0.004,0.016,0.014,0.038,0.928,Socket
/home/lmy/iot-device-classification/dataset/socket/round6_jitter/socket_r6.pcapng,R6,192,1921.5538489818573,0.016,0.012,0.016,0.032,0.924,Socket
/home/lmy/iot-device-classification/dataset/socket/round6_jitter/socket_r6.pcapng,R6,193,1930.0837519168851,0.004,0.008,0.01,0.034,0.944,Socket
/home/lmy/iot-device-classification/dataset/socket/round6_jitter/socket_r6.pcapng,R6,194,1944.2034301757808,0.004,0.008,0.024,0.032,0.932,Socket
/home/lmy/iot-device-classification/dataset/socket/round6_jitter/socket_r6.pcapng,R6,195,1951.5492103099823,0.01,0.006,0.016,0.024,0.944,Socket
/home/lmy/iot-device-classification/dataset/socket/round6_jitter/socket_r6.pcapng,R6,196,1960.482640504837,0.002,0.012,0.01,0.032,0.944,Socket
/home/lmy/iot-device-classification/dataset/socket/round6_jitter/socket_r6.pcapng,R6,197,1973.405203819275,0.006,0.01,0.008,0.024,0.952,Socket
/home/lmy/iot-device-classification/dataset/socket/round6_jitter/socket_r6.pcapng,R6,198,1980.1518197059631,0.01,0.008,0.022,0.036,0.924,Socket
/home/lmy/iot-device-classification/dataset/socket/round6_jitter/socket_r6.pcapng,R6,199,1991.5178039073944,0.002,0.008,0.014,0.042,0.934,Socket
/home/lmy/iot-device-classification/dataset/socket/round6_jitter/socket_r6.pcapng,R6,200,2001.6308283805847,0.008,0.016,0.008,0.028,0.94,Socket
/home/lmy/iot-device-classification/dataset/socket/round6_jitter/socket_r6.pcapng,R6,201,2010.292673110962,0.01,0.008,0.014,0.038,0.93,Socket
/home/lmy/iot-device-classification/dataset/socket/round6_jitter/socket_r6.pcapng,R6,202,2023.3800778388977,0.004,0.01,0.012,0.03,0.944,Socket
/home/lmy/iot-device-classification/dataset/socket/round6_jitter/socket_r6.pcapng,R6,203,2030.201187372208,0.002,0.004,0.016,0.03,0.948,Socket
/home/lmy/iot-device-classification/dataset/socket/round6_jitter/socket_r6.pcapng,R6,204,2040.0263578891756,0.008,0.006,0.01,0.022,0.954,Socket
/home/lmy/iot-device-classification/dataset/socket/round6_jitter/socket_r6.pcapng,R6,205,2050.043451070785,0.004,0.012,0.01,0.032,0.942,Socket
/home/lmy/iot-device-classification/dataset/socket/round6_jitter/socket_r6.pcapng,R6,206,2062.430856704712,0.004,0.012,0.016,0.028,0.94,Socket
/home/lmy/iot-device-classification/dataset/socket/round6_jitter/socket_r6.pcapng,R6,207,2070.211721181869,0.004,0.006,0.012,0.03,0.948,Socket
/home/lmy/iot-device-classification/dataset/socket/round6_jitter/socket_r6.pcapng,R6,208,2081.0819890499115,0.01,0.012,0.018,0.026,0.934,Socket
/home/lmy/iot-device-classification/dataset/socket/round6_jitter/socket_r6.pcapng,R6,209,2093.19806265831,0.012,0.008,0.016,0.038,0.926,Socket
/home/lmy/iot-device-classification/dataset/socket/round6_jitter/socket_r6.pcapng,R6,210,2102.842325925827,0.014,0.006,0.008,0.044,0.928,Socket
/home/lmy/iot-device-classification/dataset/socket/round6_jitter/socket_r6.pcapng,R6,211,2111.572523832321,0.006,0.008,0.004,0.018,0.964,Socket
/home/lmy/iot-device-classification/dataset/socket/round6_jitter/socket_r6.pcapng,R6,212,2124.374743938446,0.006,0.018,0.01,0.014,0.952,Socket
/home/lmy/iot-device-classification/dataset/socket/round6_jitter/socket_r6.pcapng,R6,213,2131.1346933841705,0.002,0.002,0.012,0.028,0.956,Socket
/home/lmy/iot-device-classification/dataset/socket/round6_jitter/socket_r6.pcapng,R6,214,2142.003893852234,0.012,0.012,0.004,0.028,0.944,Socket
/home/lmy/iot-device-classification/dataset/socket/round6_jitter/socket_r6.pcapng,R6,215,2154.731863975525,0.008,0.018,0.008,0.028,0.938,Socket
/home/lmy/iot-device-classification/dataset/socket/round6_jitter/socket_r6.pcapng,R6,216,2164.8548362255096,0.04,0.01,0.014,0.028,0.908,Socket
/home/lmy/iot-device-classification/dataset/socket/round6_jitter/socket_r6.pcapng,R6,217,2170.030133962631,0.0,0.012,0.012,0.032,0.944,Socket
/home/lmy/iot-device-classification/dataset/socket/round6_jitter/socket_r6.pcapng,R6,218,2182.705240964889,0.01,0.016,0.006,0.02,0.948,Socket
/home/lmy/iot-device-classification/dataset/socket/round6_jitter/socket_r6.pcapng,R6,219,2190.153971195221,0.006,0.006,0.01,0.032,0.946,Socket
/home/lmy/iot-device-classification/dataset/socket/round6_jitter/socket_r6.pcapng,R6,220,2200.776261568069,0.006,0.008,0.008,0.026,0.952,Socket
/home/lmy/iot-device-classification/dataset/socket/round6_jitter/socket_r6.pcapng,R6,221,2211.5288710594177,0.004,0.002,0.004,0.014,0.976,Socket
/home/lmy/iot-device-classification/dataset/socket/round6_jitter/socket_r6.pcapng,R6,222,2223.9787187576294,0.02,0.004,0.008,0.016,0.952,Socket
/home/lmy/iot-device-classification/dataset/socket/round6_jitter/socket_r6.pcapng,R6,223,2231.2551786899567,0.004,0.006,0.006,0.018,0.966,Socket
/home/lmy/iot-device-classification/dataset/socket/round6_jitter/socket_r6.pcapng,R6,224,2242.1427931785583,0.008,0.006,0.004,0.022,0.96,Socket
/home/lmy/iot-device-classification/dataset/socket/round6_jitter/socket_r6.pcapng,R6,225,2253.1053795814514,0.016,0.006,0.008,0.03,0.94,Socket
/home/lmy/iot-device-classification/dataset/socket/round6_jitter/socket_r6.pcapng,R6,226,2260.6095554828644,0.02,0.012,0.006,0.034,0.928,Socket
/home/lmy/iot-device-classification/dataset/socket/round6_jitter/socket_r6.pcapng,R6,227,2270.194107055664,0.004,0.006,0.002,0.022,0.966,Socket
/home/lmy/iot-device-classification/dataset/socket/round6_jitter/socket_r6.pcapng,R6,228,2282.236307382584,0.01,0.004,0.006,0.024,0.956,Socket
/home/lmy/iot-device-classification/dataset/socket/round6_jitter/socket_r6.pcapng,R6,229,2291.275337934494,0.002,0.006,0.002,0.022,0.968,Socket
/home/lmy/iot-device-classification/dataset/socket/round6_jitter/socket_r6.pcapng,R6,230,2301.3713121414185,0.004,0.008,0.006,0.01,0.972,Socket
/home/lmy/iot-device-classification/dataset/socket/round6_jitter/socket_r6.pcapng,R6,231,2310.514281988144,0.008,0.006,0.004,0.008,0.974,Socket
/home/lmy/iot-device-classification/dataset/socket/round6_jitter/socket_r6.pcapng,R6,232,2320.50652384758,0.002,0.002,0.002,0.018,0.976,Socket
/home/lmy/iot-device-classification/dataset/socket/round6_jitter/socket_r6.pcapng,R6,233,2330.2473118305206,0.014,0.0,0.006,0.022,0.958,Socket
/home/lmy/iot-device-classification/dataset/socket/round6_jitter/socket_r6.pcapng,R6,234,2342.61257481575,0.006,0.002,0.008,0.012,0.972,Socket
/home/lmy/iot-device-classification/dataset/socket/round6_jitter/socket_r6.pcapng,R6,235,2350.1497225761414,0.004,0.0,0.004,0.018,0.974,Socket
/home/lmy/iot-device-classification/dataset/socket/round6_jitter/socket_r6.pcapng,R6,236,2360.621818780899,0.04,0.018,0.018,0.036,0.888,Socket
/home/lmy/iot-device-classification/dataset/socket/round6_jitter/socket_r6.pcapng,R6,237,2372.868229150772,0.012,0.004,0.006,0.008,0.97,Socket
/home/lmy/iot-device-classification/dataset/socket/round6_jitter/socket_r6.pcapng,R6,238,2381.9375751018524,0.0,0.002,0.004,0.014,0.98,Socket
/home/lmy/iot-device-classification/dataset/socket/round6_jitter/socket_r6.pcapng,R6,239,2394.901705503464,0.012,0.012,0.012,0.024,0.94,Socket
/home/lmy/iot-device-classification/dataset/socket/round6_jitter/socket_r6.pcapng,R6,240,2401.86956357956,0.014,0.008,0.008,0.034,0.936,Socket
/home/lmy/iot-device-classification/dataset/socket/round6_jitter/socket_r6.pcapng,R6,241,2413.8306019306183,0.006,0.006,0.004,0.024,0.96,Socket
/home/lmy/iot-device-classification/dataset/socket/round6_jitter/socket_r6.pcapng,R6,242,2422.501927375793,0.004,0.01,0.014,0.02,0.952,Socket
/home/lmy/iot-device-classification/dataset/socket/round6_jitter/socket_r6.pcapng,R6,243,2431.1703610420227,0.02,0.004,0.014,0.028,0.934,Socket
/home/lmy/iot-device-classification/dataset/socket/round6_jitter/socket_r6.pcapng,R6,244,2442.0726590156555,0.004,0.006,0.006,0.02,0.964,Socket
/home/lmy/iot-device-classification/dataset/socket/round6_jitter/socket_r6.pcapng,R6,245,2455.081264257431,0.026,0.016,0.004,0.032,0.922,Socket
/home/lmy/iot-device-classification/dataset/socket/round6_jitter/socket_r6.pcapng,R6,246,2461.281366586685,0.006,0.004,0.008,0.03,0.952,Socket
/home/lmy/iot-device-classification/dataset/socket/round6_jitter/socket_r6.pcapng,R6,247,2475.368329524994,0.012,0.0,0.01,0.018,0.96,Socket
/home/lmy/iot-device-classification/dataset/socket/round6_jitter/socket_r6.pcapng,R6,248,2480.4154205322266,0.002,0.01,0.014,0.014,0.96,Socket
/home/lmy/iot-device-classification/dataset/socket/round6_jitter/socket_r6.pcapng,R6,249,2493.6832637786865,0.032,0.012,0.026,0.072,0.858,Socket
/home/lmy/iot-device-classification/dataset/socket/round6_jitter/socket_r6.pcapng,R6,250,2501.4984850883484,0.002,0.0,0.0,0.0,0.998,Socket
/home/lmy/iot-device-classification/dataset/socket/round6_jitter/socket_r6.pcapng,R6,251,2511.673397541046,0.004,0.01,0.008,0.024,0.954,Socket
/home/lmy/iot-device-classification/dataset/socket/round6_jitter/socket_r6.pcapng,R6,252,2520.4407370090485,0.014,0.002,0.01,0.014,0.96,Socket
/home/lmy/iot-device-classification/dataset/socket/round6_jitter/socket_r6.pcapng,R6,253,2530.012689113617,0.002,0.002,0.004,0.012,0.98,Socket
/home/lmy/iot-device-classification/dataset/socket/round6_jitter/socket_r6.pcapng,R6,254,2540.0354878902435,0.0,0.002,0.002,0.008,0.988,Socket
/home/lmy/iot-device-classification/dataset/socket/round6_jitter/socket_r6.pcapng,R6,255,2552.0156989097595,0.002,0.012,0.018,0.026,0.942,Socket
/home/lmy/iot-device-classification/dataset/socket/round6_jitter/socket_r6.pcapng,R6,256,2560.737420320511,0.008,0.004,0.002,0.016,0.97,Socket
/home/lmy/iot-device-classification/dataset/socket/round6_jitter/socket_r6.pcapng,R6,257,2571.999304294586,0.006,0.008,0.01,0.036,0.94,Socket
/home/lmy/iot-device-classification/dataset/socket/round6_jitter/socket_r6.pcapng,R6,258,2580.019119501114,0.006,0.008,0.008,0.028,0.95,Socket
/home/lmy/iot-device-classification/dataset/socket/round6_jitter/socket_r6.pcapng,R6,259,2591.953994512558,0.004,0.016,0.008,0.016,0.956,Socket
/home/lmy/iot-device-classification/dataset/socket/round6_jitter/socket_r6.pcapng,R6,260,2600.903935432434,0.01,0.006,0.006,0.022,0.956,Socket
/home/lmy/iot-device-classification/dataset/socket/round6_jitter/socket_r6.pcapng,R6,261,2615.034990310669,0.018,0.012,0.014,0.068,0.888,Socket
/home/lmy/iot-device-classification/dataset/socket/round6_jitter/socket_r6.pcapng,R6,262,2623.6467027664185,0.002,0.016,0.026,0.026,0.93,Socket
/home/lmy/iot-device-classification/dataset/socket/round6_jitter/socket_r6.pcapng,R6,263,2630.253290176392,0.004,0.008,0.006,0.02,0.962,Socket
/home/lmy/iot-device-classification/dataset/socket/round6_jitter/socket_r6.pcapng,R6,264,2642.984469652176,0.012,0.006,0.008,0.02,0.954,Socket
/home/lmy/iot-device-classification/dataset/socket/round6_jitter/socket_r6.pcapng,R6,265,2652.024703979492,0.024,0.018,0.008,0.022,0.928,Socket
/home/lmy/iot-device-classification/dataset/socket/round6_jitter/socket_r6.pcapng,R6,266,2663.978270292282,0.008,0.01,0.01,0.024,0.948,Socket
/home/lmy/iot-device-classification/dataset/socket/round6_jitter/socket_r6.pcapng,R6,267,2673.867854118347,0.016,0.014,0.018,0.046,0.906,Socket
/home/lmy/iot-device-classification/dataset/socket/round6_jitter/socket_r6.pcapng,R6,268,2680.0795023441315,0.008,0.008,0.006,0.032,0.946,Socket
/home/lmy/iot-device-classification/dataset/socket/round6_jitter/socket_r6.pcapng,R6,269,2690.195016622544,0.0,0.002,0.004,0.026,0.968,Socket
/home/lmy/iot-device-classification/dataset/socket/round6_jitter/socket_r6.pcapng,R6,270,2701.047030687332,0.014,0.002,0.006,0.024,0.954,Socket
/home/lmy/iot-device-classification/dataset/socket/round6_jitter/socket_r6.pcapng,R6,271,2711.820224761963,0.006,0.002,0.006,0.034,0.952,Socket
/home/lmy/iot-device-classification/dataset/socket/round6_jitter/socket_r6.pcapng,R6,272,2720.149296760559,0.006,0.01,0.008,0.026,0.95,Socket
/home/lmy/iot-device-classification/dataset/socket/round6_jitter/socket_r6.pcapng,R6,273,2732.316071033478,0.006,0.002,0.006,0.034,0.952,Socket
/home/lmy/iot-device-classification/dataset/socket/round6_jitter/socket_r6.pcapng,R6,274,2741.050407409668,0.004,0.006,0.004,0.02,0.966,Socket
/home/lmy/iot-device-classification/dataset/socket/round6_jitter/socket_r6.pcapng,R6,275,2752.988216161728,0.01,0.006,0.012,0.014,0.958,Socket
/home/lmy/iot-device-classification/dataset/socket/round6_jitter/socket_r6.pcapng,R6,276,2760.0286695957184,0.008,0.014,0.016,0.03,0.932,Socket
/home/lmy/iot-device-classification/dataset/socket/round6_jitter/socket_r6.pcapng,R6,277,2770.486014127732,0.004,0.006,0.004,0.03,0.956,Socket
/home/lmy/iot-device-classification/dataset/socket/round6_jitter/socket_r6.pcapng,R6,278,2780.416580915451,0.006,0.004,0.006,0.022,0.962,Socket
/home/lmy/iot-device-classification/dataset/socket/round6_jitter/socket_r6.pcapng,R6,279,2790.207859992981,0.006,0.008,0.012,0.032,0.942,Socket
/home/lmy/iot-device-classification/dataset/socket/round6_jitter/socket_r6.pcapng,R6,280,2803.3056423664093,0.006,0.006,0.01,0.026,0.952,Socket
/home/lmy/iot-device-classification/dataset/socket/round6_jitter/socket_r6.pcapng,R6,281,2813.3977506160736,0.006,0.004,0.008,0.022,0.96,Socket
/home/lmy/iot-device-classification/dataset/socket/round6_jitter/socket_r6.pcapng,R6,282,2820.3902077674866,0.006,0.0,0.012,0.032,0.95,Socket
/home/lmy/iot-device-classification/dataset/socket/round6_jitter/socket_r6.pcapng,R6,283,2831.621425151825,0.004,0.014,0.01,0.022,0.95,Socket
/home/lmy/iot-device-classification/dataset/socket/round6_jitter/socket_r6.pcapng,R6,284,2840.3277611732483,0.004,0.008,0.006,0.022,0.96,Socket
/home/lmy/iot-device-classification/dataset/socket/round6_jitter/socket_r6.pcapng,R6,285,2851.168807029724,0.006,0.004,0.016,0.032,0.942,Socket
/home/lmy/iot-device-classification/dataset/socket/round6_jitter/socket_r6.pcapng,R6,286,2860.861354351044,0.006,0.008,0.004,0.026,0.956,Socket
/home/lmy/iot-device-classification/dataset/socket/round6_jitter/socket_r6.pcapng,R6,287,2872.9281272888184,0.004,0.016,0.006,0.022,0.952,Socket
/home/lmy/iot-device-classification/dataset/socket/round6_jitter/socket_r6.pcapng,R6,288,2882.699449777603,0.012,0.008,0.012,0.036,0.932,Socket
/home/lmy/iot-device-classification/dataset/socket/round6_jitter/socket_r6.pcapng,R6,289,2891.4398107528687,0.042,0.016,0.006,0.052,0.884,Socket
/home/lmy/iot-device-classification/dataset/socket/round6_jitter/socket_r6.pcapng,R6,290,2900.0996837615967,0.008,0.012,0.02,0.032,0.928,Socket
/home/lmy/iot-device-classification/dataset/socket/round6_jitter/socket_r6.pcapng,R6,291,2910.74605512619,0.008,0.006,0.01,0.03,0.946,Socket
/home/lmy/iot-device-classification/dataset/socket/round6_jitter/socket_r6.pcapng,R6,292,2922.9825010299683,0.004,0.006,0.008,0.018,0.964,Socket
/home/lmy/iot-device-classification/dataset/socket/round6_jitter/socket_r6.pcapng,R6,293,2930.5975391864777,0.004,0.014,0.018,0.036,0.928,Socket
/home/lmy/iot-device-classification/dataset/socket/round6_jitter/socket_r6.pcapng,R6,294,2943.154305458069,0.01,0.002,0.016,0.05,0.922,Socket
/home/lmy/iot-device-classification/dataset/socket/round6_jitter/socket_r6.pcapng,R6,295,2950.119986772537,0.006,0.012,0.008,0.032,0.942,Socket
/home/lmy/iot-device-classification/dataset/socket/round6_jitter/socket_r6.pcapng,R6,296,2964.250827789306,0.012,0.008,0.004,0.054,0.922,Socket
/home/lmy/iot-device-classification/dataset/socket/round6_jitter/socket_r6.pcapng,R6,297,2971.3602056503296,0.006,0.004,0.008,0.034,0.948,Socket
/home/lmy/iot-device-classification/dataset/socket/round6_jitter/socket_r6.pcapng,R6,298,2981.4262063503265,0.004,0.006,0.008,0.022,0.96,Socket
/home/lmy/iot-device-classification/dataset/socket/round6_jitter/socket_r6.pcapng,R6,299,2993.4642848968506,0.006,0.008,0.004,0.028,0.954,Socket
/home/lmy/iot-device-classification/dataset/socket/round6_jitter/socket_r6.pcapng,R6,300,3000.2130103111267,0.008,0.006,0.02,0.038,0.928,Socket
/home/lmy/iot-device-classification/dataset/socket/round6_jitter/socket_r6.pcapng,R6,301,3011.13063788414,0.004,0.008,0.004,0.022,0.962,Socket
/home/lmy/iot-device-classification/dataset/socket/round6_jitter/socket_r6.pcapng,R6,302,3022.59267616272,0.006,0.006,0.008,0.028,0.952,Socket
/home/lmy/iot-device-classification/dataset/socket/round6_jitter/socket_r6.pcapng,R6,303,3031.6330404281616,0.008,0.008,0.008,0.022,0.954,Socket
/home/lmy/iot-device-classification/dataset/socket/round6_jitter/socket_r6.pcapng,R6,304,3040.9074704647064,0.006,0.006,0.01,0.022,0.956,Socket
/home/lmy/iot-device-classification/dataset/socket/round6_jitter/socket_r6.pcapng,R6,305,3051.3302597999573,0.004,0.01,0.008,0.022,0.956,Socket
/home/lmy/iot-device-classification/dataset/socket/round6_jitter/socket_r6.pcapng,R6,306,3061.067989587784,0.006,0.004,0.008,0.03,0.952,Socket
/home/lmy/iot-device-classification/dataset/socket/round6_jitter/socket_r6.pcapng,R6,307,3070.045073032379,0.0,0.012,0.01,0.022,0.956,Socket
/home/lmy/iot-device-classification/dataset/socket/round6_jitter/socket_r6.pcapng,R6,308,3080.000191450119,0.006,0.014,0.01,0.02,0.95,Socket
/home/lmy/iot-device-classification/dataset/socket/round6_jitter/socket_r6.pcapng,R6,309,3090.196008205414,0.004,0.004,0.008,0.038,0.946,Socket
/home/lmy/iot-device-classification/dataset/socket/round6_jitter/socket_r6.pcapng,R6,310,3102.1351103782654,0.006,0.008,0.006,0.028,0.952,Socket
/home/lmy/iot-device-classification/dataset/socket/round6_jitter/socket_r6.pcapng,R6,311,3112.331611394882,0.006,0.006,0.012,0.028,0.948,Socket
/home/lmy/iot-device-classification/dataset/socket/round6_jitter/socket_r6.pcapng,R6,312,3121.274085998535,0.026,0.006,0.022,0.046,0.9,Socket
/home/lmy/iot-device-classification/dataset/socket/round6_jitter/socket_r6.pcapng,R6,313,3130.341603755951,0.004,0.012,0.01,0.02,0.954,Socket
/home/lmy/iot-device-classification/dataset/socket/round6_jitter/socket_r6.pcapng,R6,314,3140.6416466236115,0.016,0.014,0.01,0.046,0.914,Socket
/home/lmy/iot-device-classification/dataset/socket/round6_jitter/socket_r6.pcapng,R6,315,3151.423875808716,0.006,0.002,0.012,0.028,0.952,Socket
/home/lmy/iot-device-classification/dataset/socket/round6_jitter/socket_r6.pcapng,R6,316,3160.988565683365,0.004,0.014,0.01,0.024,0.948,Socket
/home/lmy/iot-device-classification/dataset/socket/round6_jitter/socket_r6.pcapng,R6,317,3172.2013506889343,0.006,0.008,0.014,0.028,0.944,Socket
/home/lmy/iot-device-classification/dataset/socket/round6_jitter/socket_r6.pcapng,R6,318,3183.0611979961395,0.022,0.02,0.038,0.066,0.854,Socket
/home/lmy/iot-device-classification/dataset/socket/round6_jitter/socket_r6.pcapng,R6,319,3190.0068287849426,0.004,0.008,0.006,0.032,0.95,Socket
/home/lmy/iot-device-classification/dataset/socket/round6_jitter/socket_r6.pcapng,R6,320,3200.1624870300293,0.0,0.01,0.018,0.018,0.954,Socket
/home/lmy/iot-device-classification/dataset/socket/round6_jitter/socket_r6.pcapng,R6,321,3210.0717527866364,0.008,0.008,0.016,0.022,0.946,Socket
/home/lmy/iot-device-classification/dataset/socket/round6_jitter/socket_r6.pcapng,R6,322,3222.200309753418,0.016,0.006,0.01,0.036,0.932,Socket
/home/lmy/iot-device-classification/dataset/socket/round6_jitter/socket_r6.pcapng,R6,323,3230.050258159637,0.004,0.01,0.006,0.022,0.958,Socket
/home/lmy/iot-device-classification/dataset/socket/round6_jitter/socket_r6.pcapng,R6,324,3240.699616193772,0.014,0.004,0.012,0.038,0.932,Socket
/home/lmy/iot-device-classification/dataset/socket/round6_jitter/socket_r6.pcapng,R6,325,3252.0469315052032,0.002,0.01,0.012,0.032,0.944,Socket
/home/lmy/iot-device-classification/dataset/socket/round6_jitter/socket_r6.pcapng,R6,326,3264.084447860718,0.006,0.018,0.034,0.024,0.918,Socket
/home/lmy/iot-device-classification/dataset/socket/round6_jitter/socket_r6.pcapng,R6,327,3271.129100561142,0.008,0.016,0.018,0.022,0.936,Socket
/home/lmy/iot-device-classification/dataset/socket/round6_jitter/socket_r6.pcapng,R6,328,3283.099036216736,0.024,0.01,0.006,0.058,0.902,Socket
/home/lmy/iot-device-classification/dataset/socket/round6_jitter/socket_r6.pcapng,R6,329,3290.348598241806,0.004,0.01,0.008,0.022,0.956,Socket
/home/lmy/iot-device-classification/dataset/socket/round6_jitter/socket_r6.pcapng,R6,330,3304.869758605957,0.026,0.012,0.02,0.09,0.852,Socket
/home/lmy/iot-device-classification/dataset/socket/round6_jitter/socket_r6.pcapng,R6,331,3311.46012544632,0.004,0.006,0.008,0.026,0.956,Socket
/home/lmy/iot-device-classification/dataset/socket/round6_jitter/socket_r6.pcapng,R6,332,3320.366556406021,0.004,0.006,0.01,0.034,0.946,Socket
/home/lmy/iot-device-classification/dataset/socket/round6_jitter/socket_r6.pcapng,R6,333,3334.48432469368,0.012,0.006,0.012,0.034,0.936,Socket
/home/lmy/iot-device-classification/dataset/socket/round6_jitter/socket_r6.pcapng,R6,334,3340.841201543808,0.002,0.018,0.018,0.012,0.95,Socket
/home/lmy/iot-device-classification/dataset/socket/round6_jitter/socket_r6.pcapng,R6,335,3350.631399869919,0.004,0.01,0.008,0.026,0.952,Socket
/home/lmy/iot-device-classification/dataset/socket/round6_jitter/socket_r6.pcapng,R6,336,3362.573426961899,0.014,0.006,0.014,0.032,0.934,Socket
/home/lmy/iot-device-classification/dataset/socket/round6_jitter/socket_r6.pcapng,R6,337,3370.188946247101,0.002,0.006,0.01,0.034,0.948,Socket
/home/lmy/iot-device-classification/dataset/socket/round6_jitter/socket_r6.pcapng,R6,338,3383.200464963913,0.004,0.016,0.006,0.022,0.952,Socket
/home/lmy/iot-device-classification/dataset/socket/round6_jitter/socket_r6.pcapng,R6,339,3392.993989944458,0.022,0.024,0.01,0.054,0.89,Socket
/home/lmy/iot-device-classification/dataset/socket/round6_jitter/socket_r6.pcapng,R6,340,3400.591156244278,0.004,0.01,0.008,0.026,0.952,Socket
/home/lmy/iot-device-classification/dataset/socket/round6_jitter/socket_r6.pcapng,R6,341,3412.973635911941,0.004,0.01,0.01,0.032,0.944,Socket
/home/lmy/iot-device-classification/dataset/socket/round6_jitter/socket_r6.pcapng,R6,342,3420.193534612656,0.004,0.0,0.018,0.042,0.936,Socket
/home/lmy/iot-device-classification/dataset/socket/round6_jitter/socket_r6.pcapng,R6,343,3430.7767555713654,0.004,0.012,0.012,0.026,0.946,Socket
/home/lmy/iot-device-classification/dataset/socket/round6_jitter/socket_r6.pcapng,R6,344,3440.8306410312653,0.004,0.008,0.006,0.02,0.962,Socket
/home/lmy/iot-device-classification/dataset/socket/round6_jitter/socket_r6.pcapng,R6,345,3456.1902918815613,0.032,0.01,0.018,0.048,0.892,Socket
/home/lmy/iot-device-classification/dataset/socket/round6_jitter/socket_r6.pcapng,R6,346,3460.2814025878906,0.006,0.008,0.016,0.026,0.944,Socket
/home/lmy/iot-device-classification/dataset/socket/round6_jitter/socket_r6.pcapng,R6,347,3473.4909479618077,0.006,0.012,0.006,0.022,0.954,Socket
/home/lmy/iot-device-classification/dataset/socket/round6_jitter/socket_r6.pcapng,R6,348,3482.293174266815,0.01,0.018,0.018,0.022,0.932,Socket
/home/lmy/iot-device-classification/dataset/socket/round6_jitter/socket_r6.pcapng,R6,349,3494.24488902092,0.01,0.012,0.018,0.036,0.924,Socket
/home/lmy/iot-device-classification/dataset/socket/round6_jitter/socket_r6.pcapng,R6,350,3502.949610710144,0.028,0.016,0.014,0.056,0.886,Socket
/home/lmy/iot-device-classification/dataset/socket/round6_jitter/socket_r6.pcapng,R6,351,3510.4235730171204,0.008,0.004,0.008,0.028,0.952,Socket
/home/lmy/iot-device-classification/dataset/socket/round6_jitter/socket_r6.pcapng,R6,352,3523.589907169342,0.006,0.012,0.012,0.028,0.942,Socket
/home/lmy/iot-device-classification/dataset/socket/round6_jitter/socket_r6.pcapng,R6,353,3530.080113887787,0.004,0.014,0.004,0.022,0.956,Socket
/home/lmy/iot-device-classification/dataset/socket/round6_jitter/socket_r6.pcapng,R6,354,3540.070274591446,0.006,0.004,0.016,0.034,0.94,Socket
/home/lmy/iot-device-classification/dataset/socket/round6_jitter/socket_r6.pcapng,R6,355,3553.742007493973,0.014,0.0,0.004,0.032,0.95,Socket
/home/lmy/iot-device-classification/dataset/socket/round6_jitter/socket_r6.pcapng,R6,356,3560.5609498023987,0.048,0.016,0.026,0.04,0.87,Socket
/home/lmy/iot-device-classification/dataset/socket/round6_jitter/socket_r6.pcapng,R6,357,3574.7007281780243,0.012,0.012,0.014,0.04,0.922,Socket
/home/lmy/iot-device-classification/dataset/socket/round6_jitter/socket_r6.pcapng,R6,358,3581.8482115268707,0.006,0.012,0.004,0.022,0.956,Socket
/home/lmy/iot-device-classification/dataset/socket/round6_jitter/socket_r6.pcapng,R6,359,3590.989180326462,0.006,0.012,0.01,0.034,0.938,Socket
/home/lmy/iot-device-classification/dataset/socket/round6_jitter/socket_r6.pcapng,R6,360,3603.951704978943,0.006,0.006,0.01,0.032,0.946,Socket
/home/lmy/iot-device-classification/dataset/socket/round6_jitter/socket_r6.pcapng,R6,361,3610.664705038071,0.006,0.01,0.008,0.024,0.952,Socket
/home/lmy/iot-device-classification/dataset/socket/round6_jitter/socket_r6.pcapng,R6,362,3622.16638469696,0.006,0.006,0.012,0.026,0.95,Socket
/home/lmy/iot-device-classification/dataset/socket/round6_jitter/socket_r6.pcapng,R6,363,3630.218469381333,0.01,0.018,0.03,0.014,0.928,Socket
/home/lmy/iot-device-classification/dataset/socket/round6_jitter/socket_r6.pcapng,R6,364,3640.090710163117,0.006,0.008,0.01,0.018,0.958,Socket
/home/lmy/iot-device-classification/dataset/socket/round6_jitter/socket_r6.pcapng,R6,365,3650.373628139496,0.008,0.008,0.012,0.024,0.948,Socket
/home/lmy/iot-device-classification/dataset/socket/round6_jitter/socket_r6.pcapng,R6,366,3661.821641921997,0.01,0.01,0.014,0.038,0.928,Socket
/home/lmy/iot-device-classification/dataset/socket/round6_jitter/socket_r6.pcapng,R6,367,3670.5518782138815,0.006,0.014,0.008,0.028,0.944,Socket
/home/lmy/iot-device-classification/dataset/socket/round6_jitter/socket_r6.pcapng,R6,368,3683.56081032753,0.006,0.012,0.006,0.032,0.944,Socket
/home/lmy/iot-device-classification/dataset/socket/round6_jitter/socket_r6.pcapng,R6,369,3690.101362705231,0.008,0.004,0.012,0.02,0.956,Socket
/home/lmy/iot-device-classification/dataset/socket/round6_jitter/socket_r6.pcapng,R6,370,3703.140491008759,0.006,0.012,0.01,0.024,0.948,Socket
/home/lmy/iot-device-classification/dataset/socket/round6_jitter/socket_r6.pcapng,R6,371,3712.9214692115775,0.004,0.008,0.008,0.026,0.954,Socket
/home/lmy/iot-device-classification/dataset/socket/round6_jitter/socket_r6.pcapng,R6,372,3722.105692625046,0.014,0.004,0.014,0.026,0.942,Socket
/home/lmy/iot-device-classification/dataset/socket/round6_jitter/socket_r6.pcapng,R6,373,3731.866020679474,0.004,0.014,0.014,0.018,0.95,Socket
/home/lmy/iot-device-classification/dataset/socket/round6_jitter/socket_r6.pcapng,R6,374,3740.0151147842407,0.008,0.002,0.008,0.038,0.944,Socket
/home/lmy/iot-device-classification/dataset/socket/round6_jitter/socket_r6.pcapng,R6,375,3750.963224172592,0.008,0.01,0.016,0.046,0.92,Socket
/home/lmy/iot-device-classification/dataset/socket/round6_jitter/socket_r6.pcapng,R6,376,3760.7517187595367,0.006,0.008,0.008,0.018,0.96,Socket
/home/lmy/iot-device-classification/dataset/socket/round6_jitter/socket_r6.pcapng,R6,377,3770.0356497764583,0.004,0.006,0.008,0.022,0.96,Socket
/home/lmy/iot-device-classification/dataset/socket/round6_jitter/socket_r6.pcapng,R6,378,3780.030894756317,0.008,0.002,0.01,0.026,0.954,Socket
/home/lmy/iot-device-classification/dataset/socket/round6_jitter/socket_r6.pcapng,R6,379,3790.035832166672,0.006,0.014,0.01,0.02,0.95,Socket
/home/lmy/iot-device-classification/dataset/socket/round6_jitter/socket_r6.pcapng,R6,380,3800.021486759186,0.004,0.014,0.01,0.02,0.952,Socket
/home/lmy/iot-device-classification/dataset/socket/round6_jitter/socket_r6.pcapng,R6,381,3810.0409591197968,0.008,0.018,0.012,0.046,0.916,Socket
/home/lmy/iot-device-classification/dataset/socket/round6_jitter/socket_r6.pcapng,R6,382,3820.158444166184,0.004,0.008,0.006,0.024,0.958,Socket
/home/lmy/iot-device-classification/dataset/socket/round6_jitter/socket_r6.pcapng,R6,383,3830.0389482975006,0.01,0.01,0.01,0.03,0.94,Socket
/home/lmy/iot-device-classification/dataset/socket/round6_jitter/socket_r6.pcapng,R6,384,3840.026143312454,0.008,0.008,0.014,0.016,0.954,Socket
/home/lmy/iot-device-classification/dataset/socket/round6_jitter/socket_r6.pcapng,R6,385,3850.167872190476,0.01,0.004,0.008,0.034,0.944,Socket
/home/lmy/iot-device-classification/dataset/socket/round6_jitter/socket_r6.pcapng,R6,386,3860.160861968994,0.004,0.01,0.014,0.03,0.942,Socket
/home/lmy/iot-device-classification/dataset/socket/round6_jitter/socket_r6.pcapng,R6,387,3870.1516292095184,0.006,0.004,0.01,0.014,0.966,Socket
/home/lmy/iot-device-classification/dataset/socket/round6_jitter/socket_r6.pcapng,R6,388,3880.0411009788513,0.004,0.004,0.008,0.022,0.962,Socket
/home/lmy/iot-device-classification/dataset/socket/round6_jitter/socket_r6.pcapng,R6,389,3890.028934955597,0.01,0.016,0.006,0.03,0.938,Socket
/home/lmy/iot-device-classification/dataset/socket/round6_jitter/socket_r6.pcapng,R6,390,3900.021855592728,0.014,0.006,0.016,0.03,0.934,Socket
/home/lmy/iot-device-classification/dataset/socket/round6_jitter/socket_r6.pcapng,R6,391,3910.0346875190735,0.004,0.006,0.01,0.026,0.954,Socket
/home/lmy/iot-device-classification/dataset/socket/round6_jitter/socket_r6.pcapng,R6,392,3920.081949949265,0.0,0.006,0.008,0.028,0.958,Socket
/home/lmy/iot-device-classification/dataset/socket/round6_jitter/socket_r6.pcapng,R6,393,3930.175993442536,0.01,0.01,0.022,0.026,0.932,Socket
/home/lmy/iot-device-classification/dataset/socket/round6_jitter/socket_r6.pcapng,R6,394,3940.1371982097626,0.068,0.026,0.028,0.052,0.826,Socket
/home/lmy/iot-device-classification/dataset/camera/round7_jitter/camera_r7.pcapng,R7,0,0.0,0.648,0.112,0.126,0.104,0.01,Camera
/home/lmy/iot-device-classification/dataset/camera/round7_jitter/camera_r7.pcapng,R7,1,11.009008407592772,0.326,0.192,0.086,0.394,0.002,Camera
/home/lmy/iot-device-classification/dataset/camera/round7_jitter/camera_r7.pcapng,R7,2,20.11826753616333,0.642,0.076,0.198,0.084,0.0,Camera
/home/lmy/iot-device-classification/dataset/camera/round7_jitter/camera_r7.pcapng,R7,3,30.09420919418335,0.492,0.09,0.08,0.332,0.006,Camera
/home/lmy/iot-device-classification/dataset/camera/round7_jitter/camera_r7.pcapng,R7,4,40.26572918891907,0.586,0.114,0.086,0.21,0.004,Camera
/home/lmy/iot-device-classification/dataset/camera/round7_jitter/camera_r7.pcapng,R7,5,50.98955798149109,0.662,0.086,0.132,0.11,0.01,Camera
/home/lmy/iot-device-classification/dataset/camera/round7_jitter/camera_r7.pcapng,R7,6,60.57143139839173,0.572,0.1,0.164,0.152,0.012,Camera
/home/lmy/iot-device-classification/dataset/camera/round7_jitter/camera_r7.pcapng,R7,7,71.069908618927,0.542,0.154,0.076,0.224,0.004,Camera
/home/lmy/iot-device-classification/dataset/camera/round7_jitter/camera_r7.pcapng,R7,8,81.08007788658142,0.56,0.168,0.138,0.132,0.002,Camera
/home/lmy/iot-device-classification/dataset/camera/round7_jitter/camera_r7.pcapng,R7,9,91.08966708183289,0.11,0.36,0.172,0.354,0.004,Camera
/home/lmy/iot-device-classification/dataset/camera/round7_jitter/camera_r7.pcapng,R7,10,100.19098043441772,0.61,0.106,0.064,0.216,0.004,Camera
/home/lmy/iot-device-classification/dataset/camera/round7_jitter/camera_r7.pcapng,R7,11,111.10914850234984,0.672,0.09,0.144,0.09,0.004,Camera
/home/lmy/iot-device-classification/dataset/camera/round7_jitter/camera_r7.pcapng,R7,12,121.11923742294312,0.54,0.104,0.148,0.206,0.002,Camera
/home/lmy/iot-device-classification/dataset/camera/round7_jitter/camera_r7.pcapng,R7,13,131.12932181358337,0.274,0.326,0.25,0.144,0.006,Camera
/home/lmy/iot-device-classification/dataset/camera/round7_jitter/camera_r7.pcapng,R7,14,141.13917589187622,0.664,0.09,0.172,0.07,0.004,Camera
/home/lmy/iot-device-classification/dataset/camera/round7_jitter/camera_r7.pcapng,R7,15,150.47247743606567,0.54,0.156,0.19,0.114,0.0,Camera
/home/lmy/iot-device-classification/dataset/camera/round7_jitter/camera_r7.pcapng,R7,16,161.1579966545105,0.378,0.212,0.078,0.326,0.006,Camera
/home/lmy/iot-device-classification/dataset/camera/round7_jitter/camera_r7.pcapng,R7,17,170.58871269226074,0.638,0.076,0.148,0.134,0.004,Camera
/home/lmy/iot-device-classification/dataset/camera/round7_jitter/camera_r7.pcapng,R7,18,181.0928111076355,0.458,0.228,0.146,0.166,0.002,Camera
/home/lmy/iot-device-classification/dataset/camera/round7_jitter/camera_r7.pcapng,R7,19,190.069669008255,0.502,0.214,0.058,0.214,0.012,Camera
/home/lmy/iot-device-classification/dataset/camera/round7_jitter/camera_r7.pcapng,R7,20,201.198082447052,0.666,0.068,0.158,0.106,0.002,Camera
/home/lmy/iot-device-classification/dataset/camera/round7_jitter/camera_r7.pcapng,R7,21,211.20864915847775,0.67,0.082,0.132,0.114,0.002,Camera
/home/lmy/iot-device-classification/dataset/camera/round7_jitter/camera_r7.pcapng,R7,22,221.2175896167755,0.584,0.098,0.106,0.21,0.002,Camera
/home/lmy/iot-device-classification/dataset/camera/round7_jitter/camera_r7.pcapng,R7,23,231.22785544395447,0.626,0.08,0.094,0.2,0.0,Camera
/home/lmy/iot-device-classification/dataset/camera/round7_jitter/camera_r7.pcapng,R7,24,241.2377073764801,0.654,0.096,0.152,0.096,0.002,Camera
/home/lmy/iot-device-classification/dataset/camera/round7_jitter/camera_r7.pcapng,R7,25,251.24731612205505,0.57,0.178,0.086,0.166,0.0,Camera
/home/lmy/iot-device-classification/dataset/camera/round7_jitter/camera_r7.pcapng,R7,26,261.067622423172,0.648,0.072,0.152,0.11,0.018,Camera
/home/lmy/iot-device-classification/dataset/camera/round7_jitter/camera_r7.pcapng,R7,27,271.27020382881165,0.404,0.13,0.16,0.302,0.004,Camera
/home/lmy/iot-device-classification/dataset/camera/round7_jitter/camera_r7.pcapng,R7,28,281.2774746417999,0.568,0.164,0.098,0.166,0.004,Camera
/home/lmy/iot-device-classification/dataset/camera/round7_jitter/camera_r7.pcapng,R7,29,291.28866720199585,0.554,0.124,0.166,0.156,0.0,Camera
/home/lmy/iot-device-classification/dataset/camera/round7_jitter/camera_r7.pcapng,R7,30,301.2970533370972,0.67,0.082,0.106,0.142,0.0,Camera
/home/lmy/iot-device-classification/dataset/camera/round7_jitter/camera_r7.pcapng,R7,31,311.3194162845612,0.562,0.16,0.114,0.16,0.004,Camera
/home/lmy/iot-device-classification/dataset/camera/round7_jitter/camera_r7.pcapng,R7,32,321.31654381752014,0.634,0.112,0.174,0.074,0.006,Camera
/home/lmy/iot-device-classification/dataset/camera/round7_jitter/camera_r7.pcapng,R7,33,330.0077295303345,0.654,0.1,0.09,0.148,0.008,Camera
/home/lmy/iot-device-classification/dataset/camera/round7_jitter/camera_r7.pcapng,R7,34,341.3374683856964,0.362,0.196,0.11,0.33,0.002,Camera
/home/lmy/iot-device-classification/dataset/camera/round7_jitter/camera_r7.pcapng,R7,35,350.50458455085754,0.668,0.078,0.128,0.116,0.01,Camera
/home/lmy/iot-device-classification/dataset/camera/round7_jitter/camera_r7.pcapng,R7,36,360.0150558948517,0.624,0.13,0.144,0.1,0.002,Camera
/home/lmy/iot-device-classification/dataset/camera/round7_jitter/camera_r7.pcapng,R7,37,371.304972410202,0.586,0.172,0.072,0.164,0.006,Camera
/home/lmy/iot-device-classification/dataset/camera/round7_jitter/camera_r7.pcapng,R7,38,381.3780975341797,0.614,0.09,0.196,0.1,0.0,Camera
/home/lmy/iot-device-classification/dataset/camera/round7_jitter/camera_r7.pcapng,R7,39,391.3878924846649,0.354,0.246,0.168,0.22,0.012,Camera
/home/lmy/iot-device-classification/dataset/camera/round7_jitter/camera_r7.pcapng,R7,40,401.3983016014099,0.614,0.094,0.11,0.178,0.004,Camera
/home/lmy/iot-device-classification/dataset/camera/round7_jitter/camera_r7.pcapng,R7,41,411.4078018665314,0.594,0.074,0.104,0.216,0.012,Camera
/home/lmy/iot-device-classification/dataset/camera/round7_jitter/camera_r7.pcapng,R7,42,420.32824754714966,0.656,0.11,0.108,0.124,0.002,Camera
/home/lmy/iot-device-classification/dataset/camera/round7_jitter/camera_r7.pcapng,R7,43,431.4278917312622,0.228,0.184,0.068,0.518,0.002,Camera
/home/lmy/iot-device-classification/dataset/camera/round7_jitter/camera_r7.pcapng,R7,44,440.67398381233215,0.648,0.086,0.18,0.084,0.002,Camera
/home/lmy/iot-device-classification/dataset/camera/round7_jitter/camera_r7.pcapng,R7,45,451.4486420154572,0.088,0.074,0.1,0.738,0.0,Camera
/home/lmy/iot-device-classification/dataset/camera/round7_jitter/camera_r7.pcapng,R7,46,460.7461619377136,0.522,0.16,0.104,0.208,0.006,Camera
/home/lmy/iot-device-classification/dataset/camera/round7_jitter/camera_r7.pcapng,R7,47,471.1458659172058,0.634,0.076,0.122,0.138,0.03,Camera
/home/lmy/iot-device-classification/dataset/camera/round7_jitter/camera_r7.pcapng,R7,48,480.7394440174103,0.618,0.09,0.18,0.11,0.002,Camera
/home/lmy/iot-device-classification/dataset/camera/round7_jitter/camera_r7.pcapng,R7,49,491.1588850021362,0.584,0.17,0.096,0.148,0.002,Camera
/home/lmy/iot-device-classification/dataset/camera/round7_jitter/camera_r7.pcapng,R7,50,501.50024366378784,0.626,0.1,0.184,0.086,0.004,Camera
/home/lmy/iot-device-classification/dataset/camera/round7_jitter/camera_r7.pcapng,R7,51,511.5089838504791,0.664,0.106,0.114,0.11,0.006,Camera
/home/lmy/iot-device-classification/dataset/camera/round7_jitter/camera_r7.pcapng,R7,52,521.5216517448425,0.284,0.156,0.036,0.524,0.0,Camera
/home/lmy/iot-device-classification/dataset/camera/round7_jitter/camera_r7.pcapng,R7,53,531.2755811214447,0.65,0.094,0.134,0.12,0.002,Camera
/home/lmy/iot-device-classification/dataset/camera/round7_jitter/camera_r7.pcapng,R7,54,541.1998496055603,0.63,0.11,0.17,0.088,0.002,Camera
/home/lmy/iot-device-classification/dataset/camera/round7_jitter/camera_r7.pcapng,R7,55,551.549480676651,0.546,0.176,0.06,0.216,0.002,Camera
/home/lmy/iot-device-classification/dataset/camera/round7_jitter/camera_r7.pcapng,R7,56,561.5635812282562,0.656,0.094,0.164,0.086,0.0,Camera
/home/lmy/iot-device-classification/dataset/camera/round7_jitter/camera_r7.pcapng,R7,57,571.5708816051483,0.574,0.12,0.13,0.172,0.004,Camera
/home/lmy/iot-device-classification/dataset/camera/round7_jitter/camera_r7.pcapng,R7,58,581.5811784267426,0.442,0.168,0.104,0.286,0.0,Camera
/home/lmy/iot-device-classification/dataset/camera/round7_jitter/camera_r7.pcapng,R7,59,590.6410768032074,0.642,0.126,0.122,0.1,0.01,Camera
/home/lmy/iot-device-classification/dataset/camera/round7_jitter/camera_r7.pcapng,R7,60,601.5503950119019,0.636,0.096,0.158,0.11,0.0,Camera
/home/lmy/iot-device-classification/dataset/camera/round7_jitter/camera_r7.pcapng,R7,61,611.609521150589,0.516,0.178,0.074,0.23,0.002,Camera
/home/lmy/iot-device-classification/dataset/camera/round7_jitter/camera_r7.pcapng,R7,62,621.6202189922333,0.488,0.1,0.142,0.266,0.004,Camera
/home/lmy/iot-device-classification/dataset/camera/round7_jitter/camera_r7.pcapng,R7,63,630.920211315155,0.662,0.13,0.104,0.102,0.002,Camera
/home/lmy/iot-device-classification/dataset/camera/round7_jitter/camera_r7.pcapng,R7,64,641.6409139633179,0.246,0.18,0.066,0.508,0.0,Camera
/home/lmy/iot-device-classification/dataset/camera/round7_jitter/camera_r7.pcapng,R7,65,651.6493554115295,0.624,0.096,0.17,0.106,0.004,Camera
/home/lmy/iot-device-classification/dataset/camera/round7_jitter/camera_r7.pcapng,R7,66,660.0094051361084,0.65,0.092,0.146,0.112,0.0,Camera
/home/lmy/iot-device-classification/dataset/camera/round7_jitter/camera_r7.pcapng,R7,67,671.6695892810822,0.274,0.206,0.252,0.266,0.002,Camera
/home/lmy/iot-device-classification/dataset/camera/round7_jitter/camera_r7.pcapng,R7,68,681.739262342453,0.638,0.126,0.146,0.09,0.0,Camera
/home/lmy/iot-device-classification/dataset/camera/round7_jitter/camera_r7.pcapng,R7,69,690.0141086578369,0.412,0.192,0.114,0.268,0.014,Camera
/home/lmy/iot-device-classification/dataset/camera/round7_jitter/camera_r7.pcapng,R7,70,700.8441698551178,0.502,0.214,0.098,0.184,0.002,Camera
/home/lmy/iot-device-classification/dataset/camera/round7_jitter/camera_r7.pcapng,R7,71,710.3463034629822,0.632,0.106,0.11,0.132,0.02,Camera
/home/lmy/iot-device-classification/dataset/camera/round7_jitter/camera_r7.pcapng,R7,72,720.3784055709839,0.638,0.12,0.146,0.094,0.002,Camera
/home/lmy/iot-device-classification/dataset/camera/round7_jitter/camera_r7.pcapng,R7,73,730.1078441143036,0.516,0.19,0.062,0.228,0.004,Camera
/home/lmy/iot-device-classification/dataset/camera/round7_jitter/camera_r7.pcapng,R7,74,741.5471136569977,0.602,0.12,0.188,0.088,0.002,Camera
/home/lmy/iot-device-classification/dataset/camera/round7_jitter/camera_r7.pcapng,R7,75,750.2881100177765,0.602,0.11,0.078,0.206,0.004,Camera
/home/lmy/iot-device-classification/dataset/camera/round7_jitter/camera_r7.pcapng,R7,76,760.6734886169434,0.598,0.126,0.132,0.136,0.008,Camera
/home/lmy/iot-device-classification/dataset/camera/round7_jitter/camera_r7.pcapng,R7,77,771.7703428268433,0.446,0.142,0.166,0.244,0.002,Camera
/home/lmy/iot-device-classification/dataset/camera/round7_jitter/camera_r7.pcapng,R7,78,780.7882759571075,0.614,0.052,0.088,0.234,0.012,Camera
/home/lmy/iot-device-classification/dataset/camera/round7_jitter/camera_r7.pcapng,R7,79,790.8388602733612,0.39,0.254,0.076,0.274,0.006,Camera
/home/lmy/iot-device-classification/dataset/camera/round7_jitter/camera_r7.pcapng,R7,80,801.8002903461456,0.594,0.094,0.136,0.17,0.006,Camera
/home/lmy/iot-device-classification/dataset/camera/round7_jitter/camera_r7.pcapng,R7,81,810.2499146461487,0.622,0.084,0.178,0.114,0.002,Camera
/home/lmy/iot-device-classification/dataset/camera/round7_jitter/camera_r7.pcapng,R7,82,820.5861902236938,0.478,0.146,0.112,0.256,0.008,Camera
/home/lmy/iot-device-classification/dataset/camera/round7_jitter/camera_r7.pcapng,R7,83,831.8324494361877,0.654,0.096,0.122,0.124,0.004,Camera
/home/lmy/iot-device-classification/dataset/camera/round7_jitter/camera_r7.pcapng,R7,84,840.2105715274811,0.658,0.084,0.158,0.098,0.002,Camera
/home/lmy/iot-device-classification/dataset/camera/round7_jitter/camera_r7.pcapng,R7,85,850.0007123947144,0.282,0.234,0.264,0.216,0.004,Camera
/home/lmy/iot-device-classification/dataset/camera/round7_jitter/camera_r7.pcapng,R7,86,860.1646475791931,0.61,0.106,0.184,0.1,0.0,Camera
/home/lmy/iot-device-classification/dataset/camera/round7_jitter/camera_r7.pcapng,R7,87,870.6313512325287,0.518,0.092,0.108,0.276,0.006,Camera
/home/lmy/iot-device-classification/dataset/camera/round7_jitter/camera_r7.pcapng,R7,88,881.4346342086792,0.53,0.17,0.102,0.194,0.004,Camera
/home/lmy/iot-device-classification/dataset/camera/round7_jitter/camera_r7.pcapng,R7,89,891.8908348083496,0.688,0.074,0.13,0.108,0.0,Camera
/home/lmy/iot-device-classification/dataset/camera/round7_jitter/camera_r7.pcapng,R7,90,900.329353094101,0.636,0.096,0.15,0.114,0.004,Camera
/home/lmy/iot-device-classification/dataset/camera/round7_jitter/camera_r7.pcapng,R7,91,911.9114110469818,0.606,0.128,0.07,0.188,0.008,Camera
/home/lmy/iot-device-classification/dataset/camera/round7_jitter/camera_r7.pcapng,R7,92,921.922173500061,0.632,0.142,0.146,0.076,0.004,Camera
/home/lmy/iot-device-classification/dataset/camera/round7_jitter/camera_r7.pcapng,R7,93,931.0697455406188,0.63,0.12,0.124,0.12,0.006,Camera
/home/lmy/iot-device-classification/dataset/camera/round7_jitter/camera_r7.pcapng,R7,94,941.9432706832886,0.29,0.32,0.124,0.264,0.002,Camera
/home/lmy/iot-device-classification/dataset/camera/round7_jitter/camera_r7.pcapng,R7,95,951.953411579132,0.442,0.14,0.106,0.31,0.002,Camera
/home/lmy/iot-device-classification/dataset/camera/round7_jitter/camera_r7.pcapng,R7,96,960.511913061142,0.588,0.088,0.16,0.16,0.004,Camera
/home/lmy/iot-device-classification/dataset/camera/round7_jitter/camera_r7.pcapng,R7,97,971.9740598201752,0.496,0.18,0.06,0.264,0.0,Camera
/home/lmy/iot-device-classification/dataset/camera/round7_jitter/camera_r7.pcapng,R7,98,981.9836440086364,0.64,0.09,0.14,0.128,0.002,Camera
/home/lmy/iot-device-classification/dataset/camera/round7_jitter/camera_r7.pcapng,R7,99,990.7350912094116,0.41,0.292,0.196,0.102,0.0,Camera
/home/lmy/iot-device-classification/dataset/camera/round7_jitter/camera_r7.pcapng,R7,100,1001.5500226020812,0.472,0.174,0.102,0.244,0.008,Camera
/home/lmy/iot-device-classification/dataset/camera/round7_jitter/camera_r7.pcapng,R7,101,1012.017396211624,0.67,0.072,0.132,0.126,0.0,Camera
/home/lmy/iot-device-classification/dataset/camera/round7_jitter/camera_r7.pcapng,R7,102,1020.2559595108032,0.666,0.09,0.154,0.088,0.002,Camera
/home/lmy/iot-device-classification/dataset/camera/round7_jitter/camera_r7.pcapng,R7,103,1031.3339943885803,0.132,0.224,0.216,0.428,0.0,Camera
/home/lmy/iot-device-classification/dataset/camera/round7_jitter/camera_r7.pcapng,R7,104,1042.0467219352722,0.632,0.092,0.144,0.13,0.002,Camera
/home/lmy/iot-device-classification/dataset/camera/round7_jitter/camera_r7.pcapng,R7,105,1050.3388748168943,0.65,0.082,0.126,0.14,0.002,Camera
/home/lmy/iot-device-classification/dataset/camera/round7_jitter/camera_r7.pcapng,R7,106,1062.0670053958893,0.286,0.26,0.056,0.398,0.0,Camera
/home/lmy/iot-device-classification/dataset/camera/round7_jitter/camera_r7.pcapng,R7,107,1072.076501607895,0.654,0.074,0.154,0.116,0.002,Camera
/home/lmy/iot-device-classification/dataset/camera/round7_jitter/camera_r7.pcapng,R7,108,1081.5744071006775,0.55,0.2,0.164,0.084,0.002,Camera
/home/lmy/iot-device-classification/dataset/camera/round7_jitter/camera_r7.pcapng,R7,109,1092.097101211548,0.63,0.112,0.042,0.214,0.002,Camera
/home/lmy/iot-device-classification/dataset/camera/round7_jitter/camera_r7.pcapng,R7,110,1102.1077854633331,0.602,0.084,0.188,0.122,0.004,Camera
/home/lmy/iot-device-classification/dataset/camera/round7_jitter/camera_r7.pcapng,R7,111,1110.5761620998385,0.566,0.242,0.124,0.066,0.002,Camera
/home/lmy/iot-device-classification/dataset/camera/round7_jitter/camera_r7.pcapng,R7,112,1122.1286532878876,0.496,0.134,0.094,0.274,0.002,Camera
/home/lmy/iot-device-classification/dataset/camera/round7_jitter/camera_r7.pcapng,R7,113,1132.1388144493103,0.15,0.082,0.068,0.648,0.052,Camera
/home/lmy/iot-device-classification/dataset/camera/round7_jitter/camera_r7.pcapng,R7,114,1140.006595134735,0.706,0.086,0.124,0.08,0.004,Camera
/home/lmy/iot-device-classification/dataset/camera/round7_jitter/camera_r7.pcapng,R7,115,1151.1237795352936,0.496,0.152,0.072,0.264,0.016,Camera
/home/lmy/iot-device-classification/dataset/camera/round7_jitter/camera_r7.pcapng,R7,116,1160.1725389957428,0.662,0.068,0.124,0.146,0.0,Camera
/home/lmy/iot-device-classification/dataset/camera/round7_jitter/camera_r7.pcapng,R7,117,1170.2139246463776,0.658,0.128,0.14,0.074,0.0,Camera
/home/lmy/iot-device-classification/dataset/camera/round7_jitter/camera_r7.pcapng,R7,118,1182.1894323825836,0.126,0.12,0.078,0.676,0.0,Camera
/home/lmy/iot-device-classification/dataset/camera/round7_jitter/camera_r7.pcapng,R7,119,1190.4082338809967,0.668,0.086,0.084,0.158,0.004,Camera
/home/lmy/iot-device-classification/dataset/camera/round7_jitter/camera_r7.pcapng,R7,120,1202.2083194255829,0.624,0.102,0.17,0.098,0.006,Camera
/home/lmy/iot-device-classification/dataset/camera/round7_jitter/camera_r7.pcapng,R7,121,1212.2187876701355,0.07,0.414,0.168,0.346,0.002,Camera
/home/lmy/iot-device-classification/dataset/camera/round7_jitter/camera_r7.pcapng,R7,122,1222.229023218155,0.668,0.078,0.132,0.122,0.0,Camera
/home/lmy/iot-device-classification/dataset/camera/round7_jitter/camera_r7.pcapng,R7,123,1231.2361681461334,0.638,0.086,0.164,0.11,0.002,Camera
/home/lmy/iot-device-classification/dataset/camera/round7_jitter/camera_r7.pcapng,R7,124,1240.7349474430084,0.476,0.218,0.07,0.228,0.008,Camera
/home/lmy/iot-device-classification/dataset/camera/round7_jitter/camera_r7.pcapng,R7,125,1252.2594435214996,0.684,0.08,0.142,0.094,0.0,Camera
/home/lmy/iot-device-classification/dataset/camera/round7_jitter/camera_r7.pcapng,R7,126,1262.2695944309237,0.532,0.18,0.144,0.144,0.0,Camera
/home/lmy/iot-device-classification/dataset/camera/round7_jitter/camera_r7.pcapng,R7,127,1270.9151895046234,0.564,0.174,0.038,0.218,0.006,Camera
/home/lmy/iot-device-classification/dataset/camera/round7_jitter/camera_r7.pcapng,R7,128,1280.2746934890747,0.61,0.12,0.082,0.176,0.012,Camera
/home/lmy/iot-device-classification/dataset/camera/round7_jitter/camera_r7.pcapng,R7,129,1290.0583899021149,0.674,0.098,0.138,0.09,0.0,Camera
/home/lmy/iot-device-classification/dataset/camera/round7_jitter/camera_r7.pcapng,R7,130,1301.0746500492096,0.208,0.286,0.284,0.212,0.01,Camera
/home/lmy/iot-device-classification/dataset/camera/round7_jitter/camera_r7.pcapng,R7,131,1310.016773223877,0.744,0.09,0.054,0.108,0.004,Camera
/home/lmy/iot-device-classification/dataset/camera/round7_jitter/camera_r7.pcapng,R7,132,1322.3303055763245,0.638,0.088,0.134,0.136,0.004,Camera
/home/lmy/iot-device-classification/dataset/camera/round7_jitter/camera_r7.pcapng,R7,133,1332.3400938510897,0.628,0.116,0.048,0.206,0.002,Camera
/home/lmy/iot-device-classification/dataset/camera/round7_jitter/camera_r7.pcapng,R7,134,1340.0439014434814,0.622,0.146,0.096,0.134,0.002,Camera
/home/lmy/iot-device-classification/dataset/camera/round7_jitter/camera_r7.pcapng,R7,135,1351.9068155288696,0.488,0.24,0.198,0.072,0.002,Camera
/home/lmy/iot-device-classification/dataset/camera/round7_jitter/camera_r7.pcapng,R7,136,1362.1805248260498,0.396,0.188,0.092,0.316,0.008,Camera
/home/lmy/iot-device-classification/dataset/camera/round7_jitter/camera_r7.pcapng,R7,137,1370.0637843608856,0.626,0.162,0.098,0.112,0.002,Camera
/home/lmy/iot-device-classification/dataset/camera/round7_jitter/camera_r7.pcapng,R7,138,1382.3908607959747,0.744,0.074,0.102,0.08,0.0,Camera
/home/lmy/iot-device-classification/dataset/camera/round7_jitter/camera_r7.pcapng,R7,139,1392.4013409614563,0.614,0.152,0.086,0.144,0.004,Camera
/home/lmy/iot-device-classification/dataset/camera/round7_jitter/camera_r7.pcapng,R7,140,1400.0917220115662,0.654,0.118,0.07,0.156,0.002,Camera
/home/lmy/iot-device-classification/dataset/camera/round7_jitter/camera_r7.pcapng,R7,141,1412.216546535492,0.7,0.094,0.122,0.084,0.0,Camera
/home/lmy/iot-device-classification/dataset/camera/round7_jitter/camera_r7.pcapng,R7,142,1422.4314386844635,0.35,0.204,0.034,0.41,0.002,Camera
/home/lmy/iot-device-classification/dataset/camera/round7_jitter/camera_r7.pcapng,R7,143,1430.1881229877472,0.69,0.094,0.096,0.112,0.008,Camera
/home/lmy/iot-device-classification/dataset/camera/round7_jitter/camera_r7.pcapng,R7,144,1442.4518640041351,0.686,0.102,0.084,0.128,0.0,Camera
/home/lmy/iot-device-classification/dataset/camera/round7_jitter/camera_r7.pcapng,R7,145,1452.461928606033,0.556,0.13,0.062,0.25,0.002,Camera
/home/lmy/iot-device-classification/dataset/camera/round7_jitter/camera_r7.pcapng,R7,146,1460.1555235385897,0.66,0.134,0.074,0.122,0.01,Camera
/home/lmy/iot-device-classification/dataset/camera/round7_jitter/camera_r7.pcapng,R7,147,1471.300285100937,0.71,0.096,0.096,0.098,0.0,Camera
/home/lmy/iot-device-classification/dataset/camera/round7_jitter/camera_r7.pcapng,R7,148,1482.4920103549955,0.268,0.264,0.244,0.224,0.0,Camera
/home/lmy/iot-device-classification/dataset/camera/round7_jitter/camera_r7.pcapng,R7,149,1490.1846380233765,0.536,0.124,0.09,0.246,0.004,Camera
/home/lmy/iot-device-classification/dataset/camera/round7_jitter/camera_r7.pcapng,R7,150,1502.5133094787598,0.652,0.074,0.142,0.132,0.0,Camera
/home/lmy/iot-device-classification/dataset/camera/round7_jitter/camera_r7.pcapng,R7,151,1510.1902599334717,0.654,0.13,0.086,0.126,0.004,Camera
/home/lmy/iot-device-classification/dataset/camera/round7_jitter/camera_r7.pcapng,R7,152,1520.2147331237793,0.706,0.122,0.066,0.1,0.006,Camera
/home/lmy/iot-device-classification/dataset/camera/round7_jitter/camera_r7.pcapng,R7,153,1532.5424268245697,0.542,0.11,0.104,0.242,0.002,Camera
/home/lmy/iot-device-classification/dataset/camera/round7_jitter/camera_r7.pcapng,R7,154,1540.9005222320557,0.41,0.218,0.022,0.346,0.004,Camera
/home/lmy/iot-device-classification/dataset/camera/round7_jitter/camera_r7.pcapng,R7,155,1550.2224135398865,0.63,0.112,0.106,0.144,0.008,Camera
/home/lmy/iot-device-classification/dataset/camera/round7_jitter/camera_r7.pcapng,R7,156,1562.1778228282928,0.72,0.076,0.118,0.082,0.004,Camera
/home/lmy/iot-device-classification/dataset/camera/round7_jitter/camera_r7.pcapng,R7,157,1572.5826163291931,0.55,0.2,0.102,0.142,0.006,Camera
/home/lmy/iot-device-classification/dataset/camera/round7_jitter/camera_r7.pcapng,R7,158,1580.2423202991486,0.57,0.14,0.052,0.234,0.004,Camera
/home/lmy/iot-device-classification/dataset/camera/round7_jitter/camera_r7.pcapng,R7,159,1591.053421497345,0.706,0.106,0.112,0.076,0.0,Camera
/home/lmy/iot-device-classification/dataset/camera/round7_jitter/camera_r7.pcapng,R7,160,1602.612744808197,0.626,0.086,0.142,0.146,0.0,Camera
/home/lmy/iot-device-classification/dataset/camera/round7_jitter/camera_r7.pcapng,R7,161,1610.0388793945312,0.628,0.114,0.054,0.2,0.004,Camera
/home/lmy/iot-device-classification/dataset/camera/round7_jitter/camera_r7.pcapng,R7,162,1622.6328852176666,0.652,0.048,0.086,0.212,0.002,Camera
/home/lmy/iot-device-classification/dataset/camera/round7_jitter/camera_r7.pcapng,R7,163,1631.2807710170746,0.702,0.08,0.086,0.132,0.0,Camera
/home/lmy/iot-device-classification/dataset/camera/round7_jitter/camera_r7.pcapng,R7,164,1640.0304119586945,0.586,0.162,0.042,0.202,0.008,Camera
/home/lmy/iot-device-classification/dataset/camera/round7_jitter/camera_r7.pcapng,R7,165,1650.048193216324,0.672,0.098,0.152,0.076,0.002,Camera
/home/lmy/iot-device-classification/dataset/camera/round7_jitter/camera_r7.pcapng,R7,166,1660.4568498134613,0.672,0.07,0.12,0.138,0.0,Camera
/home/lmy/iot-device-classification/dataset/camera/round7_jitter/camera_r7.pcapng,R7,167,1670.033472776413,0.61,0.122,0.05,0.214,0.004,Camera
/home/lmy/iot-device-classification/dataset/camera/round7_jitter/camera_r7.pcapng,R7,168,1682.6931474208832,0.744,0.058,0.088,0.11,0.0,Camera
/home/lmy/iot-device-classification/dataset/camera/round7_jitter/camera_r7.pcapng,R7,169,1692.7034759521484,0.504,0.194,0.09,0.212,0.0,Camera
/home/lmy/iot-device-classification/dataset/camera/round7_jitter/camera_r7.pcapng,R7,170,1700.0539500713348,0.558,0.12,0.038,0.282,0.002,Camera
/home/lmy/iot-device-classification/dataset/camera/round7_jitter/camera_r7.pcapng,R7,171,1711.7946050167084,0.474,0.274,0.168,0.084,0.0,Camera
/home/lmy/iot-device-classification/dataset/camera/round7_jitter/camera_r7.pcapng,R7,172,1722.733787059784,0.664,0.084,0.138,0.112,0.002,Camera
/home/lmy/iot-device-classification/dataset/camera/round7_jitter/camera_r7.pcapng,R7,173,1730.0751836299896,0.274,0.15,0.046,0.528,0.002,Camera
/home/lmy/iot-device-classification/dataset/camera/round7_jitter/camera_r7.pcapng,R7,174,1740.5481808185575,0.666,0.094,0.148,0.09,0.002,Camera
/home/lmy/iot-device-classification/dataset/camera/round7_jitter/camera_r7.pcapng,R7,175,1752.7643117904663,0.66,0.092,0.15,0.098,0.0,Camera
/home/lmy/iot-device-classification/dataset/camera/round7_jitter/camera_r7.pcapng,R7,176,1760.0956563949585,0.608,0.118,0.084,0.186,0.004,Camera
/home/lmy/iot-device-classification/dataset/camera/round7_jitter/camera_r7.pcapng,R7,177,1771.082735300064,0.662,0.102,0.156,0.074,0.006,Camera
/home/lmy/iot-device-classification/dataset/camera/round7_jitter/camera_r7.pcapng,R7,178,1780.0221254825592,0.688,0.088,0.118,0.106,0.0,Camera
/home/lmy/iot-device-classification/dataset/camera/round7_jitter/camera_r7.pcapng,R7,179,1790.0357086658478,0.522,0.172,0.046,0.26,0.0,Camera
/home/lmy/iot-device-classification/dataset/camera/round7_jitter/camera_r7.pcapng,R7,180,1800.051710605621,0.666,0.078,0.132,0.118,0.006,Camera
/home/lmy/iot-device-classification/dataset/camera/round7_jitter/camera_r7.pcapng,R7,181,1810.027145147324,0.66,0.096,0.122,0.122,0.0,Camera
/home/lmy/iot-device-classification/dataset/camera/round7_jitter/camera_r7.pcapng,R7,182,1820.1131269931795,0.44,0.218,0.058,0.284,0.0,Camera
/home/lmy/iot-device-classification/dataset/camera/round7_jitter/camera_r7.pcapng,R7,183,1830.168332576752,0.598,0.158,0.11,0.132,0.002,Camera
/home/lmy/iot-device-classification/dataset/camera/round7_jitter/camera_r7.pcapng,R7,184,1842.8551495075224,0.536,0.052,0.058,0.354,0.0,Camera
/home/lmy/iot-device-classification/dataset/camera/round7_jitter/camera_r7.pcapng,R7,185,1850.1368086338043,0.536,0.15,0.102,0.2,0.012,Camera
/home/lmy/iot-device-classification/dataset/camera/round7_jitter/camera_r7.pcapng,R7,186,1860.5967874526975,0.68,0.092,0.1,0.11,0.018,Camera
/home/lmy/iot-device-classification/dataset/camera/round7_jitter/camera_r7.pcapng,R7,187,1870.3986282348635,0.716,0.076,0.088,0.12,0.0,Camera
/home/lmy/iot-device-classification/dataset/camera/round7_jitter/camera_r7.pcapng,R7,188,1880.1383171081543,0.598,0.134,0.078,0.176,0.014,Camera
/home/lmy/iot-device-classification/dataset/camera/round7_jitter/camera_r7.pcapng,R7,189,1892.904205083847,0.504,0.218,0.182,0.096,0.0,Camera
/home/lmy/iot-device-classification/dataset/camera/round7_jitter/camera_r7.pcapng,R7,190,1902.9140827655792,0.678,0.088,0.116,0.118,0.0,Camera
/home/lmy/iot-device-classification/dataset/camera/round7_jitter/camera_r7.pcapng,R7,191,1910.1446907520292,0.52,0.174,0.156,0.148,0.002,Camera
/home/lmy/iot-device-classification/dataset/camera/round7_jitter/camera_r7.pcapng,R7,192,1922.934277057648,0.662,0.08,0.162,0.094,0.002,Camera
/home/lmy/iot-device-classification/dataset/camera/round7_jitter/camera_r7.pcapng,R7,193,1930.8189764022827,0.688,0.076,0.128,0.108,0.0,Camera
/home/lmy/iot-device-classification/dataset/camera/round7_jitter/camera_r7.pcapng,R7,194,1940.0150353908537,0.624,0.136,0.086,0.148,0.006,Camera
/home/lmy/iot-device-classification/dataset/camera/round7_jitter/camera_r7.pcapng,R7,195,1950.0429830551147,0.546,0.134,0.142,0.172,0.006,Camera
/home/lmy/iot-device-classification/dataset/camera/round7_jitter/camera_r7.pcapng,R7,196,1962.834707975388,0.662,0.096,0.116,0.126,0.0,Camera
/home/lmy/iot-device-classification/dataset/camera/round7_jitter/camera_r7.pcapng,R7,197,1970.2052001953125,0.614,0.122,0.084,0.168,0.012,Camera
/home/lmy/iot-device-classification/dataset/camera/round7_jitter/camera_r7.pcapng,R7,198,1982.994198322296,0.688,0.076,0.148,0.086,0.002,Camera
/home/lmy/iot-device-classification/dataset/camera/round7_jitter/camera_r7.pcapng,R7,199,1991.2091484069824,0.688,0.108,0.102,0.1,0.002,Camera
/home/lmy/iot-device-classification/dataset/camera/round7_jitter/camera_r7.pcapng,R7,200,2000.2349171638489,0.558,0.092,0.09,0.258,0.002,Camera
/home/lmy/iot-device-classification/dataset/camera/round7_jitter/camera_r7.pcapng,R7,201,2012.436044216156,0.738,0.06,0.088,0.102,0.012,Camera
/home/lmy/iot-device-classification/dataset/camera/round7_jitter/camera_r7.pcapng,R7,202,2023.035284280777,0.704,0.068,0.12,0.106,0.002,Camera
/home/lmy/iot-device-classification/dataset/camera/round7_jitter/camera_r7.pcapng,R7,203,2030.2653260231016,0.538,0.164,0.072,0.226,0.0,Camera
/home/lmy/iot-device-classification/dataset/camera/round7_jitter/camera_r7.pcapng,R7,204,2043.0550963878632,0.682,0.074,0.136,0.102,0.006,Camera
/home/lmy/iot-device-classification/dataset/camera/round7_jitter/camera_r7.pcapng,R7,205,2051.609967470169,0.678,0.08,0.14,0.102,0.0,Camera
/home/lmy/iot-device-classification/dataset/camera/round7_jitter/camera_r7.pcapng,R7,206,2060.2968015670776,0.662,0.128,0.06,0.134,0.016,Camera
/home/lmy/iot-device-classification/dataset/camera/round7_jitter/camera_r7.pcapng,R7,207,2073.08464884758,0.708,0.092,0.12,0.08,0.0,Camera
/home/lmy/iot-device-classification/dataset/camera/round7_jitter/camera_r7.pcapng,R7,208,2083.097278356552,0.698,0.088,0.082,0.132,0.0,Camera
/home/lmy/iot-device-classification/dataset/camera/round7_jitter/camera_r7.pcapng,R7,209,2090.3264141082764,0.596,0.122,0.034,0.236,0.012,Camera
/home/lmy/iot-device-classification/dataset/camera/round7_jitter/camera_r7.pcapng,R7,210,2103.115840196609,0.706,0.092,0.096,0.106,0.0,Camera
/home/lmy/iot-device-classification/dataset/camera/round7_jitter/camera_r7.pcapng,R7,211,2110.178197622299,0.47,0.29,0.172,0.068,0.0,Camera
/home/lmy/iot-device-classification/dataset/camera/round7_jitter/camera_r7.pcapng,R7,212,2120.3575370311737,0.148,0.136,0.086,0.63,0.0,Camera
/home/lmy/iot-device-classification/dataset/camera/round7_jitter/camera_r7.pcapng,R7,213,2130.9993200302124,0.71,0.068,0.122,0.088,0.012,Camera
/home/lmy/iot-device-classification/dataset/camera/round7_jitter/camera_r7.pcapng,R7,214,2143.1553127765656,0.672,0.092,0.09,0.146,0.0,Camera
/home/lmy/iot-device-classification/dataset/camera/round7_jitter/camera_r7.pcapng,R7,215,2150.386116027832,0.608,0.128,0.076,0.174,0.014,Camera
/home/lmy/iot-device-classification/dataset/camera/round7_jitter/camera_r7.pcapng,R7,216,2163.2876675128937,0.604,0.066,0.082,0.248,0.0,Camera
/home/lmy/iot-device-classification/dataset/camera/round7_jitter/camera_r7.pcapng,R7,217,2170.5988190174103,0.662,0.114,0.11,0.112,0.002,Camera
/home/lmy/iot-device-classification/dataset/camera/round7_jitter/camera_r7.pcapng,R7,218,2180.416788339615,0.502,0.132,0.112,0.24,0.014,Camera
/home/lmy/iot-device-classification/dataset/camera/round7_jitter/camera_r7.pcapng,R7,219,2193.2055962085724,0.694,0.074,0.146,0.084,0.002,Camera
/home/lmy/iot-device-classification/dataset/camera/round7_jitter/camera_r7.pcapng,R7,220,2200.1182079315186,0.646,0.06,0.096,0.196,0.002,Camera
/home/lmy/iot-device-classification/dataset/camera/round7_jitter/camera_r7.pcapng,R7,221,2210.439901828766,0.31,0.24,0.072,0.378,0.0,Camera
/home/lmy/iot-device-classification/dataset/camera/round7_jitter/camera_r7.pcapng,R7,222,2220.588351726532,0.678,0.07,0.122,0.13,0.0,Camera
/home/lmy/iot-device-classification/dataset/camera/round7_jitter/camera_r7.pcapng,R7,223,2230.003150701523,0.652,0.114,0.108,0.124,0.002,Camera
/home/lmy/iot-device-classification/dataset/camera/round7_jitter/camera_r7.pcapng,R7,224,2240.466422319412,0.456,0.118,0.076,0.336,0.014,Camera
/home/lmy/iot-device-classification/dataset/camera/round7_jitter/camera_r7.pcapng,R7,225,2253.1671059131622,0.654,0.084,0.17,0.09,0.002,Camera
/home/lmy/iot-device-classification/dataset/camera/round7_jitter/camera_r7.pcapng,R7,226,2260.488941431045,0.716,0.084,0.106,0.094,0.0,Camera
/home/lmy/iot-device-classification/dataset/camera/round7_jitter/camera_r7.pcapng,R7,227,2270.484833240509,0.584,0.112,0.07,0.228,0.006,Camera
/home/lmy/iot-device-classification/dataset/camera/round7_jitter/camera_r7.pcapng,R7,228,2282.8370003700256,0.682,0.094,0.11,0.108,0.006,Camera
/home/lmy/iot-device-classification/dataset/camera/round7_jitter/camera_r7.pcapng,R7,229,2290.110954761505,0.482,0.238,0.168,0.108,0.004,Camera
/home/lmy/iot-device-classification/dataset/camera/round7_jitter/camera_r7.pcapng,R7,230,2300.4860043525696,0.552,0.18,0.138,0.13,0.0,Camera
/home/lmy/iot-device-classification/dataset/camera/round7_jitter/camera_r7.pcapng,R7,231,2310.129106760025,0.636,0.048,0.146,0.166,0.004,Camera
/home/lmy/iot-device-classification/dataset/camera/round7_jitter/camera_r7.pcapng,R7,232,2320.578161001205,0.676,0.088,0.132,0.104,0.0,Camera
/home/lmy/iot-device-classification/dataset/camera/round7_jitter/camera_r7.pcapng,R7,233,2330.496689558029,0.594,0.116,0.068,0.212,0.01,Camera
/home/lmy/iot-device-classification/dataset/camera/round7_jitter/camera_r7.pcapng,R7,234,2341.759024620056,0.66,0.1,0.144,0.094,0.002,Camera
/home/lmy/iot-device-classification/dataset/camera/round7_jitter/camera_r7.pcapng,R7,235,2350.5294239521027,0.64,0.09,0.156,0.112,0.002,Camera
/home/lmy/iot-device-classification/dataset/camera/round7_jitter/camera_r7.pcapng,R7,236,2360.5188035964966,0.486,0.148,0.128,0.228,0.01,Camera
/home/lmy/iot-device-classification/dataset/camera/round7_jitter/camera_r7.pcapng,R7,237,2372.3063626289368,0.708,0.064,0.092,0.134,0.002,Camera
/home/lmy/iot-device-classification/dataset/camera/round7_jitter/camera_r7.pcapng,R7,238,2381.359937191009,0.674,0.098,0.134,0.092,0.002,Camera
/home/lmy/iot-device-classification/dataset/camera/round7_jitter/camera_r7.pcapng,R7,239,2390.538462638855,0.612,0.144,0.088,0.152,0.004,Camera
/home/lmy/iot-device-classification/dataset/camera/round7_jitter/camera_r7.pcapng,R7,240,2403.417417049408,0.364,0.238,0.164,0.222,0.012,Camera
/home/lmy/iot-device-classification/dataset/camera/round7_jitter/camera_r7.pcapng,R7,241,2410.2342755794525,0.668,0.086,0.14,0.102,0.004,Camera
/home/lmy/iot-device-classification/dataset/camera/round7_jitter/camera_r7.pcapng,R7,242,2420.5521359443665,0.588,0.136,0.08,0.192,0.004,Camera
/home/lmy/iot-device-classification/dataset/camera/round7_jitter/camera_r7.pcapng,R7,243,2433.3704164028168,0.66,0.088,0.15,0.1,0.002,Camera
/home/lmy/iot-device-classification/dataset/camera/round7_jitter/camera_r7.pcapng,R7,244,2441.749472618103,0.628,0.072,0.166,0.132,0.002,Camera
/home/lmy/iot-device-classification/dataset/camera/round7_jitter/camera_r7.pcapng,R7,245,2450.5773503780365,0.482,0.122,0.098,0.292,0.006,Camera
/home/lmy/iot-device-classification/dataset/camera/round7_jitter/camera_r7.pcapng,R7,246,2461.717447757721,0.71,0.07,0.12,0.094,0.006,Camera
/home/lmy/iot-device-classification/dataset/camera/round7_jitter/camera_r7.pcapng,R7,247,2471.3713188171387,0.682,0.09,0.146,0.08,0.002,Camera
/home/lmy/iot-device-classification/dataset/camera/round7_jitter/camera_r7.pcapng,R7,248,2480.607114315033,0.626,0.116,0.102,0.152,0.004,Camera
/home/lmy/iot-device-classification/dataset/camera/round7_jitter/camera_r7.pcapng,R7,249,2493.508585214615,0.434,0.096,0.094,0.376,0.0,Camera
/home/lmy/iot-device-classification/dataset/camera/round7_jitter/camera_r7.pcapng,R7,250,2500.818733930588,0.622,0.08,0.17,0.126,0.002,Camera
/home/lmy/iot-device-classification/dataset/camera/round7_jitter/camera_r7.pcapng,R7,251,2510.638095140457,0.594,0.122,0.132,0.148,0.004,Camera
/home/lmy/iot-device-classification/dataset/camera/round7_jitter/camera_r7.pcapng,R7,252,2521.276185274124,0.56,0.124,0.104,0.208,0.004,Camera
/home/lmy/iot-device-classification/dataset/camera/round7_jitter/camera_r7.pcapng,R7,253,2530.900999069214,0.64,0.062,0.09,0.204,0.004,Camera
/home/lmy/iot-device-classification/dataset/camera/round7_jitter/camera_r7.pcapng,R7,254,2540.5324895381927,0.576,0.14,0.098,0.182,0.004,Camera
/home/lmy/iot-device-classification/dataset/camera/round7_jitter/camera_r7.pcapng,R7,255,2552.579553127289,0.416,0.16,0.172,0.246,0.006,Camera
/home/lmy/iot-device-classification/dataset/camera/round7_jitter/camera_r7.pcapng,R7,256,2560.087301492691,0.656,0.092,0.144,0.108,0.0,Camera
/home/lmy/iot-device-classification/dataset/camera/round7_jitter/camera_r7.pcapng,R7,257,2570.699880361557,0.52,0.166,0.106,0.198,0.01,Camera
/home/lmy/iot-device-classification/dataset/camera/round7_jitter/camera_r7.pcapng,R7,258,2583.5976684093475,0.66,0.098,0.132,0.108,0.002,Camera
/home/lmy/iot-device-classification/dataset/camera/round7_jitter/camera_r7.pcapng,R7,259,2592.229302406311,0.612,0.072,0.126,0.188,0.002,Camera
/home/lmy/iot-device-classification/dataset/camera/round7_jitter/camera_r7.pcapng,R7,260,2600.7216930389404,0.314,0.172,0.06,0.454,0.0,Camera
/home/lmy/iot-device-classification/dataset/camera/round7_jitter/camera_r7.pcapng,R7,261,2611.3807787895203,0.45,0.142,0.232,0.176,0.0,Camera
/home/lmy/iot-device-classification/dataset/camera/round7_jitter/camera_r7.pcapng,R7,262,2620.050743103028,0.67,0.084,0.15,0.096,0.0,Camera
/home/lmy/iot-device-classification/dataset/camera/round7_jitter/camera_r7.pcapng,R7,263,2630.745385408401,0.49,0.146,0.148,0.21,0.006,Camera
/home/lmy/iot-device-classification/dataset/camera/round7_jitter/camera_r7.pcapng,R7,264,2642.787503004074,0.658,0.068,0.15,0.112,0.012,Camera
/home/lmy/iot-device-classification/dataset/camera/round7_jitter/camera_r7.pcapng,R7,265,2651.5412409305573,0.584,0.132,0.174,0.108,0.002,Camera
/home/lmy/iot-device-classification/dataset/camera/round7_jitter/camera_r7.pcapng,R7,266,2660.748805046081,0.418,0.178,0.064,0.34,0.0,Camera
/home/lmy/iot-device-classification/dataset/camera/round7_jitter/camera_r7.pcapng,R7,267,2670.7783319950104,0.684,0.072,0.154,0.088,0.002,Camera
/home/lmy/iot-device-classification/dataset/camera/round7_jitter/camera_r7.pcapng,R7,268,2680.3891308307648,0.65,0.106,0.166,0.076,0.002,Camera
/home/lmy/iot-device-classification/dataset/camera/round7_jitter/camera_r7.pcapng,R7,269,2690.779177427292,0.606,0.14,0.082,0.168,0.004,Camera
/home/lmy/iot-device-classification/dataset/camera/round7_jitter/camera_r7.pcapng,R7,270,2703.719130754471,0.406,0.282,0.2,0.11,0.002,Camera
/home/lmy/iot-device-classification/dataset/camera/round7_jitter/camera_r7.pcapng,R7,271,2713.0762870311737,0.598,0.064,0.134,0.2,0.004,Camera
/home/lmy/iot-device-classification/dataset/camera/round7_jitter/camera_r7.pcapng,R7,272,2720.8097608089447,0.564,0.148,0.108,0.178,0.002,Camera
/home/lmy/iot-device-classification/dataset/camera/round7_jitter/camera_r7.pcapng,R7,273,2731.169639110565,0.616,0.092,0.146,0.144,0.002,Camera
/home/lmy/iot-device-classification/dataset/camera/round7_jitter/camera_r7.pcapng,R7,274,2740.438057422638,0.672,0.084,0.124,0.102,0.018,Camera
/home/lmy/iot-device-classification/dataset/camera/round7_jitter/camera_r7.pcapng,R7,275,2750.8185107707977,0.558,0.156,0.044,0.238,0.004,Camera
/home/lmy/iot-device-classification/dataset/camera/round7_jitter/camera_r7.pcapng,R7,276,2760.0354306697845,0.704,0.08,0.108,0.108,0.0,Camera
/home/lmy/iot-device-classification/dataset/camera/round7_jitter/camera_r7.pcapng,R7,277,2773.450955867768,0.666,0.074,0.13,0.128,0.002,Camera
/home/lmy/iot-device-classification/dataset/camera/round7_jitter/camera_r7.pcapng,R7,278,2780.829705476761,0.578,0.128,0.116,0.174,0.004,Camera
/home/lmy/iot-device-classification/dataset/camera/round7_jitter/camera_r7.pcapng,R7,279,2792.501083612442,0.106,0.128,0.102,0.658,0.006,Camera
/home/lmy/iot-device-classification/dataset/camera/round7_jitter/camera_r7.pcapng,R7,280,2800.7609832286835,0.674,0.07,0.168,0.08,0.008,Camera
/home/lmy/iot-device-classification/dataset/camera/round7_jitter/camera_r7.pcapng,R7,281,2810.840525150299,0.428,0.102,0.136,0.324,0.01,Camera
/home/lmy/iot-device-classification/dataset/camera/round7_jitter/camera_r7.pcapng,R7,282,2821.557708263397,0.684,0.07,0.12,0.124,0.002,Camera
/home/lmy/iot-device-classification/dataset/camera/round7_jitter/camera_r7.pcapng,R7,283,2830.821518659592,0.644,0.082,0.15,0.122,0.002,Camera
/home/lmy/iot-device-classification/dataset/camera/round7_jitter/camera_r7.pcapng,R7,284,2840.419770002365,0.396,0.184,0.078,0.342,0.0,Camera
/home/lmy/iot-device-classification/dataset/camera/round7_jitter/camera_r7.pcapng,R7,285,2850.678621530533,0.67,0.09,0.11,0.126,0.004,Camera
/home/lmy/iot-device-classification/dataset/camera/round7_jitter/camera_r7.pcapng,R7,286,2861.081378221512,0.702,0.066,0.132,0.09,0.01,Camera
/home/lmy/iot-device-classification/dataset/camera/round7_jitter/camera_r7.pcapng,R7,287,2870.8897547721863,0.614,0.13,0.09,0.164,0.002,Camera
/home/lmy/iot-device-classification/dataset/camera/round7_jitter/camera_r7.pcapng,R7,288,2883.902220726013,0.554,0.21,0.146,0.086,0.004,Camera
/home/lmy/iot-device-classification/dataset/camera/round7_jitter/camera_r7.pcapng,R7,289,2893.909256219864,0.632,0.05,0.122,0.194,0.002,Camera
/home/lmy/iot-device-classification/dataset/camera/round7_jitter/camera_r7.pcapng,R7,290,2900.991822242737,0.65,0.124,0.114,0.104,0.008,Camera
/home/lmy/iot-device-classification/dataset/camera/round7_jitter/camera_r7.pcapng,R7,291,2910.023576259613,0.162,0.384,0.236,0.214,0.004,Camera
/home/lmy/iot-device-classification/dataset/camera/round7_jitter/camera_r7.pcapng,R7,292,2920.060144901276,0.652,0.07,0.184,0.092,0.002,Camera
/home/lmy/iot-device-classification/dataset/camera/round7_jitter/camera_r7.pcapng,R7,293,2930.3709614276886,0.372,0.154,0.106,0.366,0.002,Camera
/home/lmy/iot-device-classification/dataset/camera/round7_jitter/camera_r7.pcapng,R7,294,2942.1984078884125,0.664,0.082,0.134,0.112,0.008,Camera
/home/lmy/iot-device-classification/dataset/camera/round7_jitter/camera_r7.pcapng,R7,295,2953.970233440399,0.694,0.07,0.136,0.096,0.004,Camera
/home/lmy/iot-device-classification/dataset/camera/round7_jitter/camera_r7.pcapng,R7,296,2960.979607105255,0.508,0.134,0.12,0.234,0.004,Camera
/home/lmy/iot-device-classification/dataset/camera/round7_jitter/camera_r7.pcapng,R7,297,2973.9898178577423,0.392,0.23,0.246,0.132,0.0,Camera
/home/lmy/iot-device-classification/dataset/camera/round7_jitter/camera_r7.pcapng,R7,298,2983.7106494903564,0.652,0.102,0.152,0.09,0.004,Camera
/home/lmy/iot-device-classification/dataset/camera/round7_jitter/camera_r7.pcapng,R7,299,2990.990183830261,0.58,0.112,0.07,0.236,0.002,Camera
/home/lmy/iot-device-classification/dataset/camera/round7_jitter/camera_r7.pcapng,R7,300,3002.5188093185425,0.566,0.086,0.098,0.204,0.046,Camera
/home/lmy/iot-device-classification/dataset/camera/round7_jitter/camera_r7.pcapng,R7,301,3012.917944431305,0.49,0.172,0.16,0.168,0.01,Camera
/home/lmy/iot-device-classification/dataset/camera/round7_jitter/camera_r7.pcapng,R7,302,3020.5630242824554,0.632,0.132,0.114,0.116,0.006,Camera
/home/lmy/iot-device-classification/dataset/camera/round7_jitter/camera_r7.pcapng,R7,303,3031.599765062332,0.68,0.064,0.16,0.094,0.002,Camera
/home/lmy/iot-device-classification/dataset/camera/round7_jitter/camera_r7.pcapng,R7,304,3044.0614755153656,0.646,0.088,0.178,0.084,0.004,Camera
/home/lmy/iot-device-classification/dataset/camera/round7_jitter/camera_r7.pcapng,R7,305,3050.0200338363647,0.398,0.208,0.05,0.344,0.0,Camera
/home/lmy/iot-device-classification/dataset/camera/round7_jitter/camera_r7.pcapng,R7,306,3061.1792118549347,0.594,0.116,0.162,0.124,0.004,Camera
/home/lmy/iot-device-classification/dataset/camera/round7_jitter/camera_r7.pcapng,R7,307,3070.212501764297,0.662,0.078,0.164,0.094,0.002,Camera
/home/lmy/iot-device-classification/dataset/camera/round7_jitter/camera_r7.pcapng,R7,308,3081.0220699310303,0.084,0.128,0.132,0.656,0.0,Camera
/home/lmy/iot-device-classification/dataset/camera/round7_jitter/camera_r7.pcapng,R7,309,3091.957861661911,0.696,0.078,0.104,0.118,0.004,Camera
/home/lmy/iot-device-classification/dataset/camera/round7_jitter/camera_r7.pcapng,R7,310,3102.3600585460663,0.494,0.184,0.186,0.124,0.012,Camera
/home/lmy/iot-device-classification/dataset/camera/round7_jitter/camera_r7.pcapng,R7,311,3111.0308678150177,0.518,0.146,0.114,0.222,0.0,Camera
/home/lmy/iot-device-classification/dataset/camera/round7_jitter/camera_r7.pcapng,R7,312,3124.141716003418,0.686,0.092,0.118,0.104,0.0,Camera
/home/lmy/iot-device-classification/dataset/camera/round7_jitter/camera_r7.pcapng,R7,313,3131.30117559433,0.62,0.136,0.114,0.126,0.004,Camera
/home/lmy/iot-device-classification/dataset/camera/round7_jitter/camera_r7.pcapng,R7,314,3140.7605016231537,0.608,0.106,0.104,0.178,0.004,Camera
/home/lmy/iot-device-classification/dataset/camera/round7_jitter/camera_r7.pcapng,R7,315,3151.765741109848,0.278,0.316,0.266,0.14,0.0,Camera
/home/lmy/iot-device-classification/dataset/camera/round7_jitter/camera_r7.pcapng,R7,316,3160.603126764297,0.694,0.064,0.14,0.094,0.008,Camera
/home/lmy/iot-device-classification/dataset/camera/round7_jitter/camera_r7.pcapng,R7,317,3171.0866882801056,0.516,0.164,0.106,0.214,0.0,Camera
/home/lmy/iot-device-classification/dataset/camera/round7_jitter/camera_r7.pcapng,R7,318,3181.408042907715,0.572,0.08,0.146,0.196,0.006,Camera
/home/lmy/iot-device-classification/dataset/camera/round7_jitter/camera_r7.pcapng,R7,319,3193.8789134025574,0.476,0.16,0.164,0.182,0.018,Camera
/home/lmy/iot-device-classification/dataset/camera/round7_jitter/camera_r7.pcapng,R7,320,3201.112580060959,0.518,0.09,0.09,0.3,0.002,Camera
/home/lmy/iot-device-classification/dataset/camera/round7_jitter/camera_r7.pcapng,R7,321,3214.232761621475,0.354,0.074,0.07,0.496,0.006,Camera
/home/lmy/iot-device-classification/dataset/camera/round7_jitter/camera_r7.pcapng,R7,322,3220.080748319626,0.666,0.09,0.174,0.07,0.0,Camera
/home/lmy/iot-device-classification/dataset/camera/round7_jitter/camera_r7.pcapng,R7,323,3231.14129781723,0.562,0.126,0.094,0.21,0.008,Camera
/home/lmy/iot-device-classification/dataset/camera/round7_jitter/camera_r7.pcapng,R7,324,3244.261379957199,0.424,0.178,0.26,0.134,0.004,Camera
/home/lmy/iot-device-classification/dataset/camera/round7_jitter/camera_r7.pcapng,R7,325,3254.296637535095,0.638,0.09,0.146,0.122,0.004,Camera
/home/lmy/iot-device-classification/dataset/camera/round7_jitter/camera_r7.pcapng,R7,326,3260.1614561080933,0.628,0.1,0.108,0.154,0.01,Camera
/home/lmy/iot-device-classification/dataset/camera/round7_jitter/camera_r7.pcapng,R7,327,3274.2911534309387,0.586,0.116,0.132,0.162,0.004,Camera
/home/lmy/iot-device-classification/dataset/camera/round7_jitter/camera_r7.pcapng,R7,328,3284.2802567481995,0.688,0.056,0.136,0.12,0.0,Camera
/home/lmy/iot-device-classification/dataset/camera/round7_jitter/camera_r7.pcapng,R7,329,3291.2022063732147,0.526,0.138,0.084,0.25,0.002,Camera
/home/lmy/iot-device-classification/dataset/camera/round7_jitter/camera_r7.pcapng,R7,330,3303.5408701896667,0.458,0.094,0.092,0.352,0.004,Camera
/home/lmy/iot-device-classification/dataset/camera/round7_jitter/camera_r7.pcapng,R7,331,3310.5973365306854,0.7,0.07,0.146,0.084,0.0,Camera
/home/lmy/iot-device-classification/dataset/camera/round7_jitter/camera_r7.pcapng,R7,332,3320.6296277046204,0.592,0.142,0.09,0.17,0.006,Camera
/home/lmy/iot-device-classification/dataset/camera/round7_jitter/camera_r7.pcapng,R7,333,3334.2916407585144,0.446,0.262,0.18,0.11,0.002,Camera
/home/lmy/iot-device-classification/dataset/camera/round7_jitter/camera_r7.pcapng,R7,334,3341.8609488010406,0.662,0.08,0.158,0.096,0.004,Camera
/home/lmy/iot-device-classification/dataset/camera/round7_jitter/camera_r7.pcapng,R7,335,3350.017672777176,0.138,0.148,0.114,0.6,0.0,Camera
/home/lmy/iot-device-classification/dataset/camera/round7_jitter/camera_r7.pcapng,R7,336,3361.8942415714264,0.67,0.084,0.156,0.086,0.004,Camera
/home/lmy/iot-device-classification/dataset/camera/round7_jitter/camera_r7.pcapng,R7,337,3374.3914155960083,0.652,0.092,0.152,0.102,0.002,Camera
/home/lmy/iot-device-classification/dataset/camera/round7_jitter/camera_r7.pcapng,R7,338,3381.080311059952,0.58,0.134,0.134,0.146,0.006,Camera
/home/lmy/iot-device-classification/dataset/camera/round7_jitter/camera_r7.pcapng,R7,339,3394.2892405986786,0.648,0.114,0.134,0.1,0.004,Camera
/home/lmy/iot-device-classification/dataset/camera/round7_jitter/camera_r7.pcapng,R7,340,3404.421439409256,0.612,0.074,0.098,0.214,0.002,Camera
/home/lmy/iot-device-classification/dataset/camera/round7_jitter/camera_r7.pcapng,R7,341,3410.133317947388,0.6,0.142,0.144,0.108,0.006,Camera
/home/lmy/iot-device-classification/dataset/camera/round7_jitter/camera_r7.pcapng,R7,342,3423.1995277404785,0.358,0.316,0.21,0.116,0.0,Camera
/home/lmy/iot-device-classification/dataset/camera/round7_jitter/camera_r7.pcapng,R7,343,3431.000081539154,0.724,0.062,0.118,0.088,0.008,Camera
/home/lmy/iot-device-classification/dataset/camera/round7_jitter/camera_r7.pcapng,R7,344,3440.066980838776,0.472,0.094,0.13,0.304,0.0,Camera
/home/lmy/iot-device-classification/dataset/camera/round7_jitter/camera_r7.pcapng,R7,345,3451.7992458343506,0.666,0.086,0.138,0.1,0.01,Camera
/home/lmy/iot-device-classification/dataset/camera/round7_jitter/camera_r7.pcapng,R7,346,3462.1979546546936,0.666,0.1,0.12,0.1,0.014,Camera
/home/lmy/iot-device-classification/dataset/camera/round7_jitter/camera_r7.pcapng,R7,347,3471.382242202759,0.424,0.134,0.184,0.256,0.002,Camera
/home/lmy/iot-device-classification/dataset/camera/round7_jitter/camera_r7.pcapng,R7,348,3482.998106718064,0.686,0.062,0.122,0.124,0.006,Camera
/home/lmy/iot-device-classification/dataset/camera/round7_jitter/camera_r7.pcapng,R7,349,3493.399886369705,0.658,0.084,0.15,0.1,0.008,Camera
/home/lmy/iot-device-classification/dataset/camera/round7_jitter/camera_r7.pcapng,R7,350,3501.4124302864075,0.582,0.128,0.118,0.166,0.006,Camera
/home/lmy/iot-device-classification/dataset/camera/round7_jitter/camera_r7.pcapng,R7,351,3513.747893810272,0.324,0.206,0.184,0.28,0.006,Camera
/home/lmy/iot-device-classification/dataset/camera/round7_jitter/camera_r7.pcapng,R7,352,3522.5194902420044,0.686,0.072,0.128,0.104,0.01,Camera
/home/lmy/iot-device-classification/dataset/camera/round7_jitter/camera_r7.pcapng,R7,353,3531.453936815262,0.528,0.092,0.164,0.214,0.002,Camera
/home/lmy/iot-device-classification/dataset/camera/round7_jitter/camera_r7.pcapng,R7,354,3544.5633506774902,0.63,0.108,0.148,0.11,0.004,Camera
/home/lmy/iot-device-classification/dataset/camera/round7_jitter/camera_r7.pcapng,R7,355,3554.260845899582,0.47,0.204,0.172,0.148,0.006,Camera
/home/lmy/iot-device-classification/dataset/camera/round7_jitter/camera_r7.pcapng,R7,356,3560.259614467621,0.448,0.108,0.12,0.324,0.0,Camera
/home/lmy/iot-device-classification/dataset/camera/round7_jitter/camera_r7.pcapng,R7,357,3572.091678380966,0.54,0.122,0.154,0.182,0.002,Camera
/home/lmy/iot-device-classification/dataset/camera/round7_jitter/camera_r7.pcapng,R7,358,3582.166381835937,0.69,0.076,0.13,0.104,0.0,Camera
/home/lmy/iot-device-classification/dataset/camera/round7_jitter/camera_r7.pcapng,R7,359,3591.505964756012,0.62,0.108,0.15,0.118,0.004,Camera
/home/lmy/iot-device-classification/dataset/camera/round7_jitter/camera_r7.pcapng,R7,360,3600.261863470077,0.442,0.268,0.178,0.112,0.0,Camera
/home/lmy/iot-device-classification/dataset/camera/round7_jitter/camera_r7.pcapng,R7,361,3614.102528333664,0.496,0.096,0.102,0.29,0.016,Camera
/home/lmy/iot-device-classification/dataset/camera/round7_jitter/camera_r7.pcapng,R7,362,3620.3359982967377,0.61,0.132,0.108,0.142,0.008,Camera
/home/lmy/iot-device-classification/dataset/camera/round7_jitter/camera_r7.pcapng,R7,363,3633.461199998856,0.462,0.08,0.086,0.368,0.004,Camera
/home/lmy/iot-device-classification/dataset/camera/round7_jitter/camera_r7.pcapng,R7,364,3641.078367948532,0.636,0.09,0.102,0.144,0.028,Camera
/home/lmy/iot-device-classification/dataset/camera/round7_jitter/camera_r7.pcapng,R7,365,3650.171758651733,0.534,0.112,0.148,0.202,0.004,Camera
/home/lmy/iot-device-classification/dataset/camera/round7_jitter/camera_r7.pcapng,R7,366,3660.899781942368,0.598,0.102,0.174,0.118,0.008,Camera
/home/lmy/iot-device-classification/dataset/camera/round7_jitter/camera_r7.pcapng,R7,367,3672.280349969864,0.662,0.074,0.132,0.124,0.008,Camera
/home/lmy/iot-device-classification/dataset/camera/round7_jitter/camera_r7.pcapng,R7,368,3680.0680963993073,0.648,0.098,0.136,0.112,0.006,Camera
/home/lmy/iot-device-classification/dataset/camera/round7_jitter/camera_r7.pcapng,R7,369,3694.2939558029175,0.13,0.374,0.172,0.314,0.01,Camera
/home/lmy/iot-device-classification/dataset/camera/round7_jitter/camera_r7.pcapng,R7,370,3700.4399104118343,0.606,0.102,0.166,0.122,0.004,Camera
/home/lmy/iot-device-classification/dataset/camera/round7_jitter/camera_r7.pcapng,R7,371,3710.580026626587,0.602,0.15,0.11,0.132,0.006,Camera
/home/lmy/iot-device-classification/dataset/camera/round7_jitter/camera_r7.pcapng,R7,372,3720.561345100403,0.678,0.066,0.166,0.088,0.002,Camera
/home/lmy/iot-device-classification/dataset/camera/round7_jitter/camera_r7.pcapng,R7,373,3733.061326026917,0.172,0.278,0.152,0.398,0.0,Camera
/home/lmy/iot-device-classification/dataset/camera/round7_jitter/camera_r7.pcapng,R7,374,3740.100247859955,0.568,0.092,0.178,0.156,0.006,Camera
/home/lmy/iot-device-classification/dataset/camera/round7_jitter/camera_r7.pcapng,R7,375,3750.126773834229,0.61,0.104,0.184,0.1,0.002,Camera
/home/lmy/iot-device-classification/dataset/camera/round7_jitter/camera_r7.pcapng,R7,376,3761.7184658050537,0.7,0.072,0.118,0.102,0.008,Camera
/home/lmy/iot-device-classification/dataset/camera/round7_jitter/camera_r7.pcapng,R7,377,3770.9899384975433,0.576,0.134,0.166,0.12,0.004,Camera
/home/lmy/iot-device-classification/dataset/camera/round7_jitter/camera_r7.pcapng,R7,378,3784.2928035259247,0.382,0.212,0.158,0.248,0.0,Camera
/home/lmy/iot-device-classification/dataset/camera/round7_jitter/camera_r7.pcapng,R7,379,3792.918571472168,0.686,0.068,0.11,0.132,0.004,Camera
/home/lmy/iot-device-classification/dataset/camera/round7_jitter/camera_r7.pcapng,R7,380,3800.589638710022,0.608,0.086,0.136,0.16,0.01,Camera
/home/lmy/iot-device-classification/dataset/camera/round7_jitter/camera_r7.pcapng,R7,381,3813.5328254699702,0.628,0.074,0.164,0.132,0.002,Camera
/home/lmy/iot-device-classification/dataset/camera/round7_jitter/camera_r7.pcapng,R7,382,3822.0385534763336,0.638,0.112,0.134,0.106,0.01,Camera
/home/lmy/iot-device-classification/dataset/camera/round7_jitter/camera_r7.pcapng,R7,383,3831.459969997406,0.48,0.16,0.176,0.184,0.0,Camera
/home/lmy/iot-device-classification/dataset/camera/round7_jitter/camera_r7.pcapng,R7,384,3841.666084289551,0.612,0.106,0.148,0.128,0.006,Camera
/home/lmy/iot-device-classification/dataset/camera/round7_jitter/camera_r7.pcapng,R7,385,3853.2378380298615,0.686,0.07,0.128,0.112,0.004,Camera
/home/lmy/iot-device-classification/dataset/camera/round7_jitter/camera_r7.pcapng,R7,386,3860.740969896317,0.658,0.116,0.11,0.112,0.004,Camera
/home/lmy/iot-device-classification/dataset/camera/round7_jitter/camera_r7.pcapng,R7,387,3874.305795431137,0.65,0.092,0.146,0.108,0.004,Camera
/home/lmy/iot-device-classification/dataset/camera/round7_jitter/camera_r7.pcapng,R7,388,3882.90115237236,0.672,0.086,0.136,0.104,0.002,Camera
/home/lmy/iot-device-classification/dataset/camera/round7_jitter/camera_r7.pcapng,R7,389,3891.6839187145233,0.59,0.078,0.096,0.23,0.006,Camera
/home/lmy/iot-device-classification/dataset/camera/round7_jitter/camera_r7.pcapng,R7,390,3904.924103498459,0.658,0.088,0.088,0.166,0.0,Camera
/home/lmy/iot-device-classification/dataset/camera/round7_jitter/camera_r7.pcapng,R7,391,3913.062382459641,0.51,0.084,0.084,0.318,0.004,Camera
/home/lmy/iot-device-classification/dataset/camera/round7_jitter/camera_r7.pcapng,R7,392,3921.433728218079,0.578,0.076,0.062,0.274,0.01,Camera
/home/lmy/iot-device-classification/dataset/camera/round7_jitter/camera_r7.pcapng,R7,393,3932.278712272644,0.706,0.068,0.096,0.126,0.004,Camera
/home/lmy/iot-device-classification/dataset/camera/round7_jitter/camera_r7.pcapng,R7,394,3940.1809430122375,0.666,0.076,0.138,0.118,0.002,Camera
/home/lmy/iot-device-classification/dataset/camera/round7_jitter/camera_r7.pcapng,R7,395,3951.715292930603,0.67,0.114,0.094,0.116,0.006,Camera
/home/lmy/iot-device-classification/dataset/camera/round7_jitter/camera_r7.pcapng,R7,396,3962.101347923279,0.468,0.088,0.094,0.342,0.008,Camera
/home/lmy/iot-device-classification/dataset/camera/round7_jitter/camera_r7.pcapng,R7,397,3970.333317041397,0.66,0.106,0.13,0.1,0.004,Camera
/home/lmy/iot-device-classification/dataset/light_T1/round7_jitter/light_T1_r7.pcapng,R7,0,0.0,0.018,0.6,0.286,0.094,0.002,Light_T1
/home/lmy/iot-device-classification/dataset/light_T1/round7_jitter/light_T1_r7.pcapng,R7,1,10.037932872772217,0.068,0.382,0.278,0.27,0.002,Light_T1
/home/lmy/iot-device-classification/dataset/light_T1/round7_jitter/light_T1_r7.pcapng,R7,2,20.04800081253052,0.03,0.112,0.186,0.67,0.002,Light_T1
/home/lmy/iot-device-classification/dataset/light_T1/round7_jitter/light_T1_r7.pcapng,R7,3,30.063565969467163,0.002,0.626,0.148,0.222,0.002,Light_T1
/home/lmy/iot-device-classification/dataset/light_T1/round7_jitter/light_T1_r7.pcapng,R7,4,40.06728911399841,0.02,0.504,0.192,0.284,0.0,Light_T1
/home/lmy/iot-device-classification/dataset/light_T1/round7_jitter/light_T1_r7.pcapng,R7,5,50.07764315605164,0.0,0.772,0.16,0.068,0.0,Light_T1
/home/lmy/iot-device-classification/dataset/light_T1/round7_jitter/light_T1_r7.pcapng,R7,6,60.08731937408447,0.028,0.424,0.252,0.296,0.0,Light_T1
/home/lmy/iot-device-classification/dataset/light_T1/round7_jitter/light_T1_r7.pcapng,R7,7,70.09794211387634,0.004,0.51,0.328,0.158,0.0,Light_T1
/home/lmy/iot-device-classification/dataset/light_T1/round7_jitter/light_T1_r7.pcapng,R7,8,80.1071310043335,0.02,0.712,0.136,0.128,0.004,Light_T1
/home/lmy/iot-device-classification/dataset/light_T1/round7_jitter/light_T1_r7.pcapng,R7,9,90.11689686775208,0.286,0.344,0.148,0.218,0.004,Light_T1
/home/lmy/iot-device-classification/dataset/light_T1/round7_jitter/light_T1_r7.pcapng,R7,10,100.12655091285706,0.07,0.504,0.172,0.254,0.0,Light_T1
/home/lmy/iot-device-classification/dataset/light_T1/round7_jitter/light_T1_r7.pcapng,R7,11,110.13692212104796,0.002,0.742,0.162,0.094,0.0,Light_T1
/home/lmy/iot-device-classification/dataset/light_T1/round7_jitter/light_T1_r7.pcapng,R7,12,120.14663791656494,0.024,0.278,0.564,0.132,0.002,Light_T1
/home/lmy/iot-device-classification/dataset/light_T1/round7_jitter/light_T1_r7.pcapng,R7,13,130.15641498565674,0.03,0.42,0.312,0.238,0.0,Light_T1
/home/lmy/iot-device-classification/dataset/light_T1/round7_jitter/light_T1_r7.pcapng,R7,14,140.05563259124756,0.004,0.6,0.156,0.24,0.0,Light_T1
/home/lmy/iot-device-classification/dataset/light_T1/round7_jitter/light_T1_r7.pcapng,R7,15,150.17712831497192,0.026,0.57,0.224,0.18,0.0,Light_T1
/home/lmy/iot-device-classification/dataset/light_T1/round7_jitter/light_T1_r7.pcapng,R7,16,160.18593072891235,0.004,0.494,0.27,0.23,0.002,Light_T1
/home/lmy/iot-device-classification/dataset/light_T1/round7_jitter/light_T1_r7.pcapng,R7,17,170.19575214385986,0.002,0.828,0.13,0.04,0.0,Light_T1
/home/lmy/iot-device-classification/dataset/light_T1/round7_jitter/light_T1_r7.pcapng,R7,18,180.2058882713318,0.0,0.756,0.18,0.064,0.0,Light_T1
/home/lmy/iot-device-classification/dataset/light_T1/round7_jitter/light_T1_r7.pcapng,R7,19,190.21613597869876,0.006,0.688,0.19,0.114,0.002,Light_T1
/home/lmy/iot-device-classification/dataset/light_T1/round7_jitter/light_T1_r7.pcapng,R7,20,200.22555923461917,0.0,0.318,0.616,0.066,0.0,Light_T1
/home/lmy/iot-device-classification/dataset/light_T1/round7_jitter/light_T1_r7.pcapng,R7,21,210.23527669906616,0.018,0.212,0.114,0.656,0.0,Light_T1
/home/lmy/iot-device-classification/dataset/light_T1/round7_jitter/light_T1_r7.pcapng,R7,22,220.24529242515564,0.006,0.452,0.434,0.108,0.0,Light_T1
/home/lmy/iot-device-classification/dataset/light_T1/round7_jitter/light_T1_r7.pcapng,R7,23,230.05547976493835,0.01,0.562,0.204,0.224,0.0,Light_T1
/home/lmy/iot-device-classification/dataset/light_T1/round7_jitter/light_T1_r7.pcapng,R7,24,240.1714367866516,0.012,0.424,0.354,0.21,0.0,Light_T1
/home/lmy/iot-device-classification/dataset/light_T1/round7_jitter/light_T1_r7.pcapng,R7,25,250.27530336380005,0.008,0.514,0.24,0.238,0.0,Light_T1
/home/lmy/iot-device-classification/dataset/light_T1/round7_jitter/light_T1_r7.pcapng,R7,26,260.0489616394043,0.012,0.442,0.412,0.134,0.0,Light_T1
/home/lmy/iot-device-classification/dataset/light_T1/round7_jitter/light_T1_r7.pcapng,R7,27,270.2945628166199,0.002,0.702,0.186,0.11,0.0,Light_T1
/home/lmy/iot-device-classification/dataset/light_T1/round7_jitter/light_T1_r7.pcapng,R7,28,280.3049385547638,0.032,0.378,0.18,0.408,0.002,Light_T1
/home/lmy/iot-device-classification/dataset/light_T1/round7_jitter/light_T1_r7.pcapng,R7,29,290.0768404006958,0.086,0.428,0.4,0.084,0.002,Light_T1
/home/lmy/iot-device-classification/dataset/light_T1/round7_jitter/light_T1_r7.pcapng,R7,30,300.051721572876,0.008,0.59,0.28,0.122,0.0,Light_T1
/home/lmy/iot-device-classification/dataset/light_T1/round7_jitter/light_T1_r7.pcapng,R7,31,310.3345739841461,0.012,0.524,0.296,0.168,0.0,Light_T1
/home/lmy/iot-device-classification/dataset/light_T1/round7_jitter/light_T1_r7.pcapng,R7,32,320.1069979667664,0.014,0.442,0.318,0.226,0.0,Light_T1
/home/lmy/iot-device-classification/dataset/light_T1/round7_jitter/light_T1_r7.pcapng,R7,33,330.35433769226074,0.138,0.33,0.292,0.24,0.0,Light_T1
/home/lmy/iot-device-classification/dataset/light_T1/round7_jitter/light_T1_r7.pcapng,R7,34,340.3640809059143,0.012,0.646,0.212,0.126,0.004,Light_T1
/home/lmy/iot-device-classification/dataset/light_T1/round7_jitter/light_T1_r7.pcapng,R7,35,350.1359212398529,0.026,0.384,0.316,0.27,0.004,Light_T1
/home/lmy/iot-device-classification/dataset/light_T1/round7_jitter/light_T1_r7.pcapng,R7,36,360.3840072154999,0.006,0.404,0.122,0.456,0.012,Light_T1
/home/lmy/iot-device-classification/dataset/light_T1/round7_jitter/light_T1_r7.pcapng,R7,37,370.3935234546661,0.014,0.446,0.234,0.306,0.0,Light_T1
/home/lmy/iot-device-classification/dataset/light_T1/round7_jitter/light_T1_r7.pcapng,R7,38,380.1665108203888,0.022,0.326,0.494,0.156,0.002,Light_T1
/home/lmy/iot-device-classification/dataset/light_T1/round7_jitter/light_T1_r7.pcapng,R7,39,390.4137887954712,0.01,0.426,0.388,0.176,0.0,Light_T1
/home/lmy/iot-device-classification/dataset/light_T1/round7_jitter/light_T1_r7.pcapng,R7,40,400.4256613254547,0.01,0.534,0.356,0.1,0.0,Light_T1
/home/lmy/iot-device-classification/dataset/light_T1/round7_jitter/light_T1_r7.pcapng,R7,41,410.20144724845886,0.004,0.296,0.548,0.152,0.0,Light_T1
/home/lmy/iot-device-classification/dataset/light_T1/round7_jitter/light_T1_r7.pcapng,R7,42,420.2179889678955,0.016,0.444,0.256,0.284,0.0,Light_T1
/home/lmy/iot-device-classification/dataset/light_T1/round7_jitter/light_T1_r7.pcapng,R7,43,430.4550867080689,0.034,0.424,0.284,0.256,0.002,Light_T1
/home/lmy/iot-device-classification/dataset/light_T1/round7_jitter/light_T1_r7.pcapng,R7,44,440.2248787879944,0.008,0.45,0.376,0.166,0.0,Light_T1
/home/lmy/iot-device-classification/dataset/light_T1/round7_jitter/light_T1_r7.pcapng,R7,45,450.4994564056397,0.002,0.154,0.216,0.628,0.0,Light_T1
/home/lmy/iot-device-classification/dataset/light_T1/round7_jitter/light_T1_r7.pcapng,R7,46,460.48314476013184,0.072,0.512,0.172,0.238,0.006,Light_T1
/home/lmy/iot-device-classification/dataset/light_T1/round7_jitter/light_T1_r7.pcapng,R7,47,470.00690269470215,0.008,0.538,0.356,0.098,0.0,Light_T1
/home/lmy/iot-device-classification/dataset/light_T1/round7_jitter/light_T1_r7.pcapng,R7,48,480.5026588439941,0.024,0.482,0.106,0.386,0.002,Light_T1
/home/lmy/iot-device-classification/dataset/light_T1/round7_jitter/light_T1_r7.pcapng,R7,49,490.5138256549835,0.006,0.398,0.208,0.388,0.0,Light_T1
/home/lmy/iot-device-classification/dataset/light_T1/round7_jitter/light_T1_r7.pcapng,R7,50,500.0332877635956,0.026,0.484,0.208,0.268,0.014,Light_T1
/home/lmy/iot-device-classification/dataset/light_T1/round7_jitter/light_T1_r7.pcapng,R7,51,510.5382380485535,0.012,0.278,0.086,0.624,0.0,Light_T1
/home/lmy/iot-device-classification/dataset/light_T1/round7_jitter/light_T1_r7.pcapng,R7,52,520.4843895435333,0.004,0.772,0.112,0.112,0.0,Light_T1
/home/lmy/iot-device-classification/dataset/light_T1/round7_jitter/light_T1_r7.pcapng,R7,53,530.0646176338196,0.02,0.482,0.176,0.322,0.0,Light_T1
/home/lmy/iot-device-classification/dataset/light_T1/round7_jitter/light_T1_r7.pcapng,R7,54,540.1856939792633,0.0,0.546,0.254,0.2,0.0,Light_T1
/home/lmy/iot-device-classification/dataset/light_T1/round7_jitter/light_T1_r7.pcapng,R7,55,550.5736410617828,0.012,0.408,0.37,0.21,0.0,Light_T1
/home/lmy/iot-device-classification/dataset/light_T1/round7_jitter/light_T1_r7.pcapng,R7,56,560.0932314395905,0.008,0.49,0.418,0.084,0.0,Light_T1
/home/lmy/iot-device-classification/dataset/light_T1/round7_jitter/light_T1_r7.pcapng,R7,57,570.5927035808563,0.01,0.416,0.198,0.376,0.0,Light_T1
/home/lmy/iot-device-classification/dataset/light_T1/round7_jitter/light_T1_r7.pcapng,R7,58,580.0999732017517,0.006,0.414,0.334,0.244,0.002,Light_T1
/home/lmy/iot-device-classification/dataset/light_T1/round7_jitter/light_T1_r7.pcapng,R7,59,590.0478937625885,0.008,0.372,0.296,0.322,0.002,Light_T1
/home/lmy/iot-device-classification/dataset/light_T1/round7_jitter/light_T1_r7.pcapng,R7,60,600.6227865219116,0.046,0.128,0.132,0.688,0.006,Light_T1
/home/lmy/iot-device-classification/dataset/light_T1/round7_jitter/light_T1_r7.pcapng,R7,61,610.6326720714569,0.022,0.278,0.37,0.33,0.0,Light_T1
/home/lmy/iot-device-classification/dataset/light_T1/round7_jitter/light_T1_r7.pcapng,R7,62,620.1501660346985,0.012,0.302,0.338,0.348,0.0,Light_T1
/home/lmy/iot-device-classification/dataset/light_T1/round7_jitter/light_T1_r7.pcapng,R7,63,630.2967171669006,0.014,0.534,0.192,0.256,0.004,Light_T1
/home/lmy/iot-device-classification/dataset/light_T1/round7_jitter/light_T1_r7.pcapng,R7,64,640.6621403694153,0.006,0.528,0.252,0.214,0.0,Light_T1
/home/lmy/iot-device-classification/dataset/light_T1/round7_jitter/light_T1_r7.pcapng,R7,65,650.1801087856293,0.0,0.48,0.32,0.2,0.0,Light_T1
/home/lmy/iot-device-classification/dataset/light_T1/round7_jitter/light_T1_r7.pcapng,R7,66,660.6827273368835,0.004,0.744,0.186,0.066,0.0,Light_T1
/home/lmy/iot-device-classification/dataset/light_T1/round7_jitter/light_T1_r7.pcapng,R7,67,670.6919605731964,0.0,0.342,0.584,0.074,0.0,Light_T1
/home/lmy/iot-device-classification/dataset/light_T1/round7_jitter/light_T1_r7.pcapng,R7,68,680.207145690918,0.012,0.466,0.326,0.196,0.0,Light_T1
/home/lmy/iot-device-classification/dataset/light_T1/round7_jitter/light_T1_r7.pcapng,R7,69,690.7126245498657,0.01,0.55,0.286,0.154,0.0,Light_T1
/home/lmy/iot-device-classification/dataset/light_T1/round7_jitter/light_T1_r7.pcapng,R7,70,700.72283411026,0.004,0.77,0.142,0.084,0.0,Light_T1
/home/lmy/iot-device-classification/dataset/light_T1/round7_jitter/light_T1_r7.pcapng,R7,71,710.2343957424164,0.01,0.364,0.216,0.406,0.004,Light_T1
/home/lmy/iot-device-classification/dataset/light_T1/round7_jitter/light_T1_r7.pcapng,R7,72,720.0522513389587,0.046,0.404,0.234,0.316,0.0,Light_T1
/home/lmy/iot-device-classification/dataset/light_T1/round7_jitter/light_T1_r7.pcapng,R7,73,730.7529220581055,0.032,0.45,0.338,0.176,0.004,Light_T1
/home/lmy/iot-device-classification/dataset/light_T1/round7_jitter/light_T1_r7.pcapng,R7,74,740.3317921161652,0.02,0.384,0.438,0.158,0.0,Light_T1
/home/lmy/iot-device-classification/dataset/light_T1/round7_jitter/light_T1_r7.pcapng,R7,75,750.771378993988,0.0,0.298,0.594,0.108,0.0,Light_T1
/home/lmy/iot-device-classification/dataset/light_T1/round7_jitter/light_T1_r7.pcapng,R7,76,760.7827155590057,0.004,0.748,0.146,0.102,0.0,Light_T1
/home/lmy/iot-device-classification/dataset/light_T1/round7_jitter/light_T1_r7.pcapng,R7,77,770.2977859973907,0.002,0.538,0.214,0.246,0.0,Light_T1
/home/lmy/iot-device-classification/dataset/light_T1/round7_jitter/light_T1_r7.pcapng,R7,78,780.802606344223,0.038,0.236,0.178,0.546,0.002,Light_T1
/home/lmy/iot-device-classification/dataset/light_T1/round7_jitter/light_T1_r7.pcapng,R7,79,790.8126156330109,0.002,0.728,0.194,0.076,0.0,Light_T1
/home/lmy/iot-device-classification/dataset/light_T1/round7_jitter/light_T1_r7.pcapng,R7,80,800.3265085220337,0.206,0.312,0.254,0.22,0.008,Light_T1
/home/lmy/iot-device-classification/dataset/light_T1/round7_jitter/light_T1_r7.pcapng,R7,81,810.8322281837463,0.0,0.502,0.37,0.128,0.0,Light_T1
/home/lmy/iot-device-classification/dataset/light_T1/round7_jitter/light_T1_r7.pcapng,R7,82,820.8418576717377,0.038,0.454,0.32,0.188,0.0,Light_T1
/home/lmy/iot-device-classification/dataset/light_T1/round7_jitter/light_T1_r7.pcapng,R7,83,830.3549430370331,0.022,0.344,0.558,0.076,0.0,Light_T1
/home/lmy/iot-device-classification/dataset/light_T1/round7_jitter/light_T1_r7.pcapng,R7,84,840.862199306488,0.018,0.548,0.24,0.194,0.0,Light_T1
/home/lmy/iot-device-classification/dataset/light_T1/round7_jitter/light_T1_r7.pcapng,R7,85,850.9965329170227,0.212,0.304,0.146,0.312,0.026,Light_T1
/home/lmy/iot-device-classification/dataset/light_T1/round7_jitter/light_T1_r7.pcapng,R7,86,860.3834731578827,0.238,0.252,0.31,0.198,0.002,Light_T1
/home/lmy/iot-device-classification/dataset/light_T1/round7_jitter/light_T1_r7.pcapng,R7,87,870.891560792923,0.074,0.452,0.312,0.16,0.002,Light_T1
/home/lmy/iot-device-classification/dataset/light_T1/round7_jitter/light_T1_r7.pcapng,R7,88,880.9019753932953,0.006,0.64,0.274,0.08,0.0,Light_T1
/home/lmy/iot-device-classification/dataset/light_T1/round7_jitter/light_T1_r7.pcapng,R7,89,890.4155569076538,0.164,0.252,0.184,0.394,0.006,Light_T1
/home/lmy/iot-device-classification/dataset/light_T1/round7_jitter/light_T1_r7.pcapng,R7,90,900.1460356712341,0.008,0.414,0.156,0.422,0.0,Light_T1
/home/lmy/iot-device-classification/dataset/light_T1/round7_jitter/light_T1_r7.pcapng,R7,91,910.9320061206818,0.008,0.484,0.398,0.11,0.0,Light_T1
/home/lmy/iot-device-classification/dataset/light_T1/round7_jitter/light_T1_r7.pcapng,R7,92,920.44535279274,0.076,0.388,0.366,0.164,0.006,Light_T1
/home/lmy/iot-device-classification/dataset/light_T1/round7_jitter/light_T1_r7.pcapng,R7,93,930.9525468349456,0.024,0.49,0.324,0.162,0.0,Light_T1
/home/lmy/iot-device-classification/dataset/light_T1/round7_jitter/light_T1_r7.pcapng,R7,94,940.9624571800232,0.006,0.4,0.392,0.202,0.0,Light_T1
/home/lmy/iot-device-classification/dataset/light_T1/round7_jitter/light_T1_r7.pcapng,R7,95,950.4533109664916,0.008,0.556,0.214,0.22,0.002,Light_T1
/home/lmy/iot-device-classification/dataset/light_T1/round7_jitter/light_T1_r7.pcapng,R7,96,960.4484717845916,0.004,0.524,0.344,0.128,0.0,Light_T1
/home/lmy/iot-device-classification/dataset/light_T1/round7_jitter/light_T1_r7.pcapng,R7,97,970.991350889206,0.0,0.324,0.526,0.15,0.0,Light_T1
/home/lmy/iot-device-classification/dataset/light_T1/round7_jitter/light_T1_r7.pcapng,R7,98,980.4620735645294,0.008,0.306,0.526,0.16,0.0,Light_T1
/home/lmy/iot-device-classification/dataset/light_T1/round7_jitter/light_T1_r7.pcapng,R7,99,990.1346423625946,0.1,0.542,0.138,0.206,0.014,Light_T1
/home/lmy/iot-device-classification/dataset/light_T1/round7_jitter/light_T1_r7.pcapng,R7,100,1000.1039853096008,0.004,0.482,0.382,0.132,0.0,Light_T1
/home/lmy/iot-device-classification/dataset/light_T1/round7_jitter/light_T1_r7.pcapng,R7,101,1010.4834389686584,0.016,0.338,0.254,0.392,0.0,Light_T1
/home/lmy/iot-device-classification/dataset/light_T1/round7_jitter/light_T1_r7.pcapng,R7,102,1021.0451154708862,0.004,0.852,0.116,0.028,0.0,Light_T1
/home/lmy/iot-device-classification/dataset/light_T1/round7_jitter/light_T1_r7.pcapng,R7,103,1031.0521433353424,0.01,0.414,0.146,0.43,0.0,Light_T1
/home/lmy/iot-device-classification/dataset/light_T1/round7_jitter/light_T1_r7.pcapng,R7,104,1040.1335709095,0.022,0.548,0.214,0.212,0.004,Light_T1
/home/lmy/iot-device-classification/dataset/light_T1/round7_jitter/light_T1_r7.pcapng,R7,105,1051.072004556656,0.016,0.514,0.366,0.104,0.0,Light_T1
/home/lmy/iot-device-classification/dataset/light_T1/round7_jitter/light_T1_r7.pcapng,R7,106,1061.0818014144895,0.0,0.284,0.594,0.122,0.0,Light_T1
/home/lmy/iot-device-classification/dataset/light_T1/round7_jitter/light_T1_r7.pcapng,R7,107,1070.5313069820404,0.01,0.528,0.206,0.256,0.0,Light_T1
/home/lmy/iot-device-classification/dataset/light_T1/round7_jitter/light_T1_r7.pcapng,R7,108,1081.1010556221008,0.024,0.512,0.384,0.08,0.0,Light_T1
/home/lmy/iot-device-classification/dataset/light_T1/round7_jitter/light_T1_r7.pcapng,R7,109,1091.1111159324646,0.008,0.412,0.466,0.114,0.0,Light_T1
/home/lmy/iot-device-classification/dataset/light_T1/round7_jitter/light_T1_r7.pcapng,R7,110,1100.5421550273895,0.012,0.39,0.402,0.196,0.0,Light_T1
/home/lmy/iot-device-classification/dataset/light_T1/round7_jitter/light_T1_r7.pcapng,R7,111,1110.3625268936155,0.002,0.542,0.382,0.074,0.0,Light_T1
/home/lmy/iot-device-classification/dataset/light_T1/round7_jitter/light_T1_r7.pcapng,R7,112,1121.1415712833405,0.0,0.74,0.174,0.086,0.0,Light_T1
/home/lmy/iot-device-classification/dataset/light_T1/round7_jitter/light_T1_r7.pcapng,R7,113,1130.552903175354,0.14,0.224,0.144,0.486,0.006,Light_T1
/home/lmy/iot-device-classification/dataset/light_T1/round7_jitter/light_T1_r7.pcapng,R7,114,1140.2332000732422,0.028,0.45,0.482,0.04,0.0,Light_T1
/home/lmy/iot-device-classification/dataset/light_T1/round7_jitter/light_T1_r7.pcapng,R7,115,1151.171682357788,0.024,0.278,0.564,0.13,0.004,Light_T1
/home/lmy/iot-device-classification/dataset/light_T1/round7_jitter/light_T1_r7.pcapng,R7,116,1160.5810778141022,0.008,0.48,0.342,0.17,0.0,Light_T1
/home/lmy/iot-device-classification/dataset/light_T1/round7_jitter/light_T1_r7.pcapng,R7,117,1171.1927196979525,0.018,0.562,0.246,0.174,0.0,Light_T1
/home/lmy/iot-device-classification/dataset/light_T1/round7_jitter/light_T1_r7.pcapng,R7,118,1180.1839439868927,0.014,0.462,0.336,0.188,0.0,Light_T1
/home/lmy/iot-device-classification/dataset/light_T1/round7_jitter/light_T1_r7.pcapng,R7,119,1190.6105785369873,0.008,0.252,0.582,0.158,0.0,Light_T1
/home/lmy/iot-device-classification/dataset/light_T1/round7_jitter/light_T1_r7.pcapng,R7,120,1201.2344241142273,0.0,0.732,0.142,0.126,0.0,Light_T1
/home/lmy/iot-device-classification/dataset/light_T1/round7_jitter/light_T1_r7.pcapng,R7,121,1211.23255610466,0.002,0.848,0.1,0.05,0.0,Light_T1
/home/lmy/iot-device-classification/dataset/light_T1/round7_jitter/light_T1_r7.pcapng,R7,122,1220.6412916183472,0.012,0.408,0.446,0.134,0.0,Light_T1
/home/lmy/iot-device-classification/dataset/light_T1/round7_jitter/light_T1_r7.pcapng,R7,123,1231.2546496391296,0.016,0.494,0.304,0.186,0.0,Light_T1
/home/lmy/iot-device-classification/dataset/light_T1/round7_jitter/light_T1_r7.pcapng,R7,124,1241.2109916210177,0.006,0.554,0.172,0.268,0.0,Light_T1
/home/lmy/iot-device-classification/dataset/light_T1/round7_jitter/light_T1_r7.pcapng,R7,125,1250.134003162384,0.02,0.376,0.416,0.188,0.0,Light_T1
/home/lmy/iot-device-classification/dataset/light_T1/round7_jitter/light_T1_r7.pcapng,R7,126,1260.5338444709778,0.008,0.632,0.212,0.148,0.0,Light_T1
/home/lmy/iot-device-classification/dataset/light_T1/round7_jitter/light_T1_r7.pcapng,R7,127,1271.292032957077,0.014,0.32,0.508,0.158,0.0,Light_T1
/home/lmy/iot-device-classification/dataset/light_T1/round7_jitter/light_T1_r7.pcapng,R7,128,1280.7025561332705,0.002,0.542,0.282,0.174,0.0,Light_T1
/home/lmy/iot-device-classification/dataset/light_T1/round7_jitter/light_T1_r7.pcapng,R7,129,1291.3150460720062,0.5,0.236,0.142,0.114,0.008,Light_T1
/home/lmy/iot-device-classification/dataset/light_T1/round7_jitter/light_T1_r7.pcapng,R7,130,1300.7929785251615,0.026,0.602,0.236,0.136,0.0,Light_T1
/home/lmy/iot-device-classification/dataset/light_T1/round7_jitter/light_T1_r7.pcapng,R7,131,1310.4630391597748,0.018,0.51,0.334,0.138,0.0,Light_T1
/home/lmy/iot-device-classification/dataset/light_T1/round7_jitter/light_T1_r7.pcapng,R7,132,1321.3410675525663,0.01,0.372,0.406,0.212,0.0,Light_T1
/home/lmy/iot-device-classification/dataset/light_T1/round7_jitter/light_T1_r7.pcapng,R7,133,1331.351615190506,0.008,0.436,0.056,0.494,0.006,Light_T1
/home/lmy/iot-device-classification/dataset/light_T1/round7_jitter/light_T1_r7.pcapng,R7,134,1340.051219701767,0.002,0.552,0.366,0.08,0.0,Light_T1
/home/lmy/iot-device-classification/dataset/light_T1/round7_jitter/light_T1_r7.pcapng,R7,135,1350.897925376892,0.06,0.234,0.128,0.574,0.004,Light_T1
/home/lmy/iot-device-classification/dataset/light_T1/round7_jitter/light_T1_r7.pcapng,R7,136,1360.3736779689789,0.014,0.556,0.194,0.234,0.002,Light_T1
/home/lmy/iot-device-classification/dataset/light_T1/round7_jitter/light_T1_r7.pcapng,R7,137,1370.1304304599762,0.01,0.424,0.484,0.082,0.0,Light_T1
/home/lmy/iot-device-classification/dataset/light_T1/round7_jitter/light_T1_r7.pcapng,R7,138,1381.4047260284424,0.006,0.686,0.208,0.1,0.0,Light_T1
/home/lmy/iot-device-classification/dataset/light_T1/round7_jitter/light_T1_r7.pcapng,R7,139,1391.4109315872192,0.002,0.83,0.126,0.042,0.0,Light_T1
/home/lmy/iot-device-classification/dataset/light_T1/round7_jitter/light_T1_r7.pcapng,R7,140,1400.8392832279203,0.164,0.302,0.196,0.338,0.0,Light_T1
/home/lmy/iot-device-classification/dataset/light_T1/round7_jitter/light_T1_r7.pcapng,R7,141,1411.4318280220032,0.016,0.594,0.29,0.1,0.0,Light_T1
/home/lmy/iot-device-classification/dataset/light_T1/round7_jitter/light_T1_r7.pcapng,R7,142,1421.441150188446,0.018,0.436,0.32,0.226,0.0,Light_T1
/home/lmy/iot-device-classification/dataset/light_T1/round7_jitter/light_T1_r7.pcapng,R7,143,1430.851717710495,0.022,0.378,0.484,0.116,0.0,Light_T1
/home/lmy/iot-device-classification/dataset/light_T1/round7_jitter/light_T1_r7.pcapng,R7,144,1441.2511003017426,0.012,0.578,0.292,0.118,0.0,Light_T1
/home/lmy/iot-device-classification/dataset/light_T1/round7_jitter/light_T1_r7.pcapng,R7,145,1451.4715051651,0.016,0.334,0.202,0.448,0.0,Light_T1
/home/lmy/iot-device-classification/dataset/light_T1/round7_jitter/light_T1_r7.pcapng,R7,146,1460.0417125225067,0.046,0.354,0.528,0.072,0.0,Light_T1
/home/lmy/iot-device-classification/dataset/light_T1/round7_jitter/light_T1_r7.pcapng,R7,147,1471.3110740184784,0.004,0.592,0.236,0.164,0.004,Light_T1
/home/lmy/iot-device-classification/dataset/light_T1/round7_jitter/light_T1_r7.pcapng,R7,148,1480.1420805454254,0.008,0.358,0.156,0.478,0.0,Light_T1
/home/lmy/iot-device-classification/dataset/light_T1/round7_jitter/light_T1_r7.pcapng,R7,149,1490.9111003875732,0.006,0.47,0.35,0.174,0.0,Light_T1
/home/lmy/iot-device-classification/dataset/light_T1/round7_jitter/light_T1_r7.pcapng,R7,150,1501.5219314098358,0.016,0.336,0.478,0.168,0.002,Light_T1
/home/lmy/iot-device-classification/dataset/light_T1/round7_jitter/light_T1_r7.pcapng,R7,151,1511.531478881836,0.024,0.504,0.326,0.146,0.0,Light_T1
/home/lmy/iot-device-classification/dataset/light_T1/round7_jitter/light_T1_r7.pcapng,R7,152,1520.9417757987976,0.016,0.282,0.148,0.55,0.004,Light_T1
/home/lmy/iot-device-classification/dataset/light_T1/round7_jitter/light_T1_r7.pcapng,R7,153,1531.16836977005,0.024,0.378,0.4,0.198,0.0,Light_T1
/home/lmy/iot-device-classification/dataset/light_T1/round7_jitter/light_T1_r7.pcapng,R7,154,1541.3321132659912,0.036,0.48,0.234,0.25,0.0,Light_T1
/home/lmy/iot-device-classification/dataset/light_T1/round7_jitter/light_T1_r7.pcapng,R7,155,1550.318960189819,0.034,0.416,0.326,0.224,0.0,Light_T1
/home/lmy/iot-device-classification/dataset/light_T1/round7_jitter/light_T1_r7.pcapng,R7,156,1560.6500267982483,0.016,0.502,0.084,0.394,0.004,Light_T1
/home/lmy/iot-device-classification/dataset/light_T1/round7_jitter/light_T1_r7.pcapng,R7,157,1571.499595165253,0.006,0.31,0.562,0.122,0.0,Light_T1
/home/lmy/iot-device-classification/dataset/light_T1/round7_jitter/light_T1_r7.pcapng,R7,158,1581.0016059875488,0.004,0.432,0.356,0.208,0.0,Light_T1
/home/lmy/iot-device-classification/dataset/light_T1/round7_jitter/light_T1_r7.pcapng,R7,159,1591.614247560501,0.012,0.434,0.284,0.27,0.0,Light_T1
/home/lmy/iot-device-classification/dataset/light_T1/round7_jitter/light_T1_r7.pcapng,R7,160,1601.6219720840454,0.004,0.632,0.242,0.122,0.0,Light_T1
/home/lmy/iot-device-classification/dataset/light_T1/round7_jitter/light_T1_r7.pcapng,R7,161,1610.8349633216858,0.014,0.604,0.186,0.194,0.002,Light_T1
/home/lmy/iot-device-classification/dataset/light_T1/round7_jitter/light_T1_r7.pcapng,R7,162,1621.6419749259949,0.004,0.572,0.292,0.132,0.0,Light_T1
/home/lmy/iot-device-classification/dataset/light_T1/round7_jitter/light_T1_r7.pcapng,R7,163,1630.7749063968658,0.026,0.486,0.298,0.19,0.0,Light_T1
/home/lmy/iot-device-classification/dataset/light_T1/round7_jitter/light_T1_r7.pcapng,R7,164,1641.0617065429688,0.01,0.554,0.198,0.238,0.0,Light_T1
/home/lmy/iot-device-classification/dataset/light_T1/round7_jitter/light_T1_r7.pcapng,R7,165,1651.6713485717771,0.018,0.332,0.542,0.108,0.0,Light_T1
/home/lmy/iot-device-classification/dataset/light_T1/round7_jitter/light_T1_r7.pcapng,R7,166,1661.6816773414612,0.004,0.55,0.296,0.148,0.002,Light_T1
/home/lmy/iot-device-classification/dataset/light_T1/round7_jitter/light_T1_r7.pcapng,R7,167,1671.0932893753052,0.012,0.552,0.268,0.166,0.002,Light_T1
/home/lmy/iot-device-classification/dataset/light_T1/round7_jitter/light_T1_r7.pcapng,R7,168,1681.7018756866455,0.008,0.506,0.298,0.188,0.0,Light_T1
/home/lmy/iot-device-classification/dataset/light_T1/round7_jitter/light_T1_r7.pcapng,R7,169,1691.7108001708984,0.034,0.474,0.106,0.384,0.002,Light_T1
/home/lmy/iot-device-classification/dataset/light_T1/round7_jitter/light_T1_r7.pcapng,R7,170,1701.1210041046145,0.0,0.196,0.438,0.366,0.0,Light_T1
/home/lmy/iot-device-classification/dataset/light_T1/round7_jitter/light_T1_r7.pcapng,R7,171,1711.7342820167542,0.442,0.248,0.184,0.114,0.012,Light_T1
/home/lmy/iot-device-classification/dataset/light_T1/round7_jitter/light_T1_r7.pcapng,R7,172,1721.7409083843231,0.01,0.578,0.324,0.088,0.0,Light_T1
/home/lmy/iot-device-classification/dataset/light_T1/round7_jitter/light_T1_r7.pcapng,R7,173,1731.150988817215,0.012,0.432,0.402,0.154,0.0,Light_T1
/home/lmy/iot-device-classification/dataset/light_T1/round7_jitter/light_T1_r7.pcapng,R7,174,1741.762929201126,0.002,0.458,0.176,0.364,0.0,Light_T1
/home/lmy/iot-device-classification/dataset/light_T1/round7_jitter/light_T1_r7.pcapng,R7,175,1750.3130776882172,0.002,0.196,0.094,0.708,0.0,Light_T1
/home/lmy/iot-device-classification/dataset/light_T1/round7_jitter/light_T1_r7.pcapng,R7,176,1761.1805219650269,0.006,0.302,0.468,0.224,0.0,Light_T1
/home/lmy/iot-device-classification/dataset/light_T1/round7_jitter/light_T1_r7.pcapng,R7,177,1770.1328392028809,0.006,0.334,0.236,0.424,0.0,Light_T1
/home/lmy/iot-device-classification/dataset/light_T1/round7_jitter/light_T1_r7.pcapng,R7,178,1780.9213781356812,0.036,0.512,0.204,0.248,0.0,Light_T1
/home/lmy/iot-device-classification/dataset/light_T1/round7_jitter/light_T1_r7.pcapng,R7,179,1791.209894180298,0.022,0.414,0.172,0.39,0.002,Light_T1
/home/lmy/iot-device-classification/dataset/light_T1/round7_jitter/light_T1_r7.pcapng,R7,180,1800.139376163483,0.012,0.182,0.146,0.634,0.026,Light_T1
/home/lmy/iot-device-classification/dataset/light_T1/round7_jitter/light_T1_r7.pcapng,R7,181,1811.8319959640503,0.008,0.56,0.31,0.122,0.0,Light_T1
/home/lmy/iot-device-classification/dataset/light_T1/round7_jitter/light_T1_r7.pcapng,R7,182,1821.1165328025816,0.014,0.548,0.374,0.064,0.0,Light_T1
/home/lmy/iot-device-classification/dataset/light_T1/round7_jitter/light_T1_r7.pcapng,R7,183,1831.8525660037997,0.036,0.174,0.114,0.654,0.022,Light_T1
/home/lmy/iot-device-classification/dataset/light_T1/round7_jitter/light_T1_r7.pcapng,R7,184,1840.2886881828308,0.0,0.708,0.17,0.118,0.004,Light_T1
/home/lmy/iot-device-classification/dataset/light_T1/round7_jitter/light_T1_r7.pcapng,R7,185,1850.3753983974457,0.01,0.426,0.42,0.144,0.0,Light_T1
/home/lmy/iot-device-classification/dataset/light_T1/round7_jitter/light_T1_r7.pcapng,R7,186,1861.651465892792,0.274,0.284,0.182,0.24,0.02,Light_T1
/home/lmy/iot-device-classification/dataset/light_T1/round7_jitter/light_T1_r7.pcapng,R7,187,1871.891285419464,0.002,0.298,0.544,0.156,0.0,Light_T1
/home/lmy/iot-device-classification/dataset/light_T1/round7_jitter/light_T1_r7.pcapng,R7,188,1881.3008217811584,0.006,0.556,0.326,0.112,0.0,Light_T1
/home/lmy/iot-device-classification/dataset/light_T1/round7_jitter/light_T1_r7.pcapng,R7,189,1891.9133973121643,0.054,0.404,0.24,0.302,0.0,Light_T1
/home/lmy/iot-device-classification/dataset/light_T1/round7_jitter/light_T1_r7.pcapng,R7,190,1901.9215631484983,0.012,0.552,0.314,0.122,0.0,Light_T1
/home/lmy/iot-device-classification/dataset/light_T1/round7_jitter/light_T1_r7.pcapng,R7,191,1911.331839799881,0.024,0.444,0.35,0.182,0.0,Light_T1
/home/lmy/iot-device-classification/dataset/light_T1/round7_jitter/light_T1_r7.pcapng,R7,192,1921.941453456879,0.0,0.712,0.25,0.038,0.0,Light_T1
/home/lmy/iot-device-classification/dataset/light_T1/round7_jitter/light_T1_r7.pcapng,R7,193,1930.292994737625,0.002,0.674,0.202,0.122,0.0,Light_T1
/home/lmy/iot-device-classification/dataset/light_T1/round7_jitter/light_T1_r7.pcapng,R7,194,1941.3594815731049,0.01,0.504,0.29,0.196,0.0,Light_T1
/home/lmy/iot-device-classification/dataset/light_T1/round7_jitter/light_T1_r7.pcapng,R7,195,1951.0799548625944,0.014,0.496,0.284,0.206,0.0,Light_T1
/home/lmy/iot-device-classification/dataset/light_T1/round7_jitter/light_T1_r7.pcapng,R7,196,1960.910320043564,0.014,0.338,0.37,0.278,0.0,Light_T1
/home/lmy/iot-device-classification/dataset/light_T1/round7_jitter/light_T1_r7.pcapng,R7,197,1971.389075994492,0.014,0.552,0.226,0.208,0.0,Light_T1
/home/lmy/iot-device-classification/dataset/light_T1/round7_jitter/light_T1_r7.pcapng,R7,198,1982.00177693367,0.076,0.13,0.11,0.68,0.004,Light_T1
/home/lmy/iot-device-classification/dataset/light_T1/round7_jitter/light_T1_r7.pcapng,R7,199,1990.327522993088,0.008,0.552,0.27,0.166,0.004,Light_T1
/home/lmy/iot-device-classification/dataset/light_T1/round7_jitter/light_T1_r7.pcapng,R7,200,2001.4189949035645,0.034,0.236,0.48,0.25,0.0,Light_T1
/home/lmy/iot-device-classification/dataset/light_T1/round7_jitter/light_T1_r7.pcapng,R7,201,2011.414700269699,0.012,0.362,0.278,0.348,0.0,Light_T1
/home/lmy/iot-device-classification/dataset/light_T1/round7_jitter/light_T1_r7.pcapng,R7,202,2021.811549663544,0.006,0.462,0.334,0.198,0.0,Light_T1
/home/lmy/iot-device-classification/dataset/light_T1/round7_jitter/light_T1_r7.pcapng,R7,203,2031.4546880722048,0.022,0.61,0.294,0.074,0.0,Light_T1
/home/lmy/iot-device-classification/dataset/light_T1/round7_jitter/light_T1_r7.pcapng,R7,204,2041.407897233963,0.176,0.352,0.264,0.206,0.002,Light_T1
/home/lmy/iot-device-classification/dataset/light_T1/round7_jitter/light_T1_r7.pcapng,R7,205,2050.7905299663544,0.014,0.64,0.126,0.214,0.006,Light_T1
/home/lmy/iot-device-classification/dataset/light_T1/round7_jitter/light_T1_r7.pcapng,R7,206,2060.408437728882,0.032,0.448,0.21,0.31,0.0,Light_T1
/home/lmy/iot-device-classification/dataset/light_T1/round7_jitter/light_T1_r7.pcapng,R7,207,2070.8087301254272,0.0,0.684,0.288,0.028,0.0,Light_T1
/home/lmy/iot-device-classification/dataset/light_T1/round7_jitter/light_T1_r7.pcapng,R7,208,2081.8973314762115,0.012,0.486,0.204,0.296,0.002,Light_T1
/home/lmy/iot-device-classification/dataset/light_T1/round7_jitter/light_T1_r7.pcapng,R7,209,2091.0450987815857,0.044,0.286,0.436,0.232,0.002,Light_T1
/home/lmy/iot-device-classification/dataset/light_T1/round7_jitter/light_T1_r7.pcapng,R7,210,2102.123174905777,0.004,0.682,0.252,0.062,0.0,Light_T1
/home/lmy/iot-device-classification/dataset/light_T1/round7_jitter/light_T1_r7.pcapng,R7,211,2111.318715810776,0.006,0.654,0.238,0.102,0.0,Light_T1
/home/lmy/iot-device-classification/dataset/light_T1/round7_jitter/light_T1_r7.pcapng,R7,212,2121.1656625270844,0.01,0.268,0.47,0.252,0.0,Light_T1
/home/lmy/iot-device-classification/dataset/light_T1/round7_jitter/light_T1_r7.pcapng,R7,213,2132.052539587021,0.026,0.412,0.276,0.284,0.002,Light_T1
/home/lmy/iot-device-classification/dataset/light_T1/round7_jitter/light_T1_r7.pcapng,R7,214,2142.164718389511,0.016,0.538,0.28,0.166,0.0,Light_T1
/home/lmy/iot-device-classification/dataset/light_T1/round7_jitter/light_T1_r7.pcapng,R7,215,2151.515965700149,0.002,0.606,0.25,0.142,0.0,Light_T1
/home/lmy/iot-device-classification/dataset/light_T1/round7_jitter/light_T1_r7.pcapng,R7,216,2162.185357570648,0.002,0.658,0.142,0.198,0.0,Light_T1
/home/lmy/iot-device-classification/dataset/light_T1/round7_jitter/light_T1_r7.pcapng,R7,217,2170.039938926697,0.008,0.286,0.364,0.34,0.002,Light_T1
/home/lmy/iot-device-classification/dataset/light_T1/round7_jitter/light_T1_r7.pcapng,R7,218,2181.53782582283,0.05,0.274,0.382,0.294,0.0,Light_T1
/home/lmy/iot-device-classification/dataset/light_T1/round7_jitter/light_T1_r7.pcapng,R7,219,2192.2152338027954,0.006,0.724,0.222,0.048,0.0,Light_T1
/home/lmy/iot-device-classification/dataset/light_T1/round7_jitter/light_T1_r7.pcapng,R7,220,2202.22540807724,0.006,0.772,0.178,0.044,0.0,Light_T1
/home/lmy/iot-device-classification/dataset/light_T1/round7_jitter/light_T1_r7.pcapng,R7,221,2211.5478155612946,0.0,0.486,0.352,0.162,0.0,Light_T1
/home/lmy/iot-device-classification/dataset/light_T1/round7_jitter/light_T1_r7.pcapng,R7,222,2222.245011329651,0.01,0.592,0.194,0.204,0.0,Light_T1
/home/lmy/iot-device-classification/dataset/light_T1/round7_jitter/light_T1_r7.pcapng,R7,223,2232.256227016449,0.002,0.088,0.168,0.742,0.0,Light_T1
/home/lmy/iot-device-classification/dataset/light_T1/round7_jitter/light_T1_r7.pcapng,R7,224,2240.2155487537384,0.022,0.424,0.356,0.198,0.0,Light_T1
/home/lmy/iot-device-classification/dataset/light_T1/round7_jitter/light_T1_r7.pcapng,R7,225,2252.276609182358,0.006,0.466,0.406,0.122,0.0,Light_T1
/home/lmy/iot-device-classification/dataset/light_T1/round7_jitter/light_T1_r7.pcapng,R7,226,2262.290052652359,0.002,0.646,0.25,0.102,0.0,Light_T1
/home/lmy/iot-device-classification/dataset/light_T1/round7_jitter/light_T1_r7.pcapng,R7,227,2271.58651471138,0.082,0.44,0.19,0.288,0.0,Light_T1
/home/lmy/iot-device-classification/dataset/light_T1/round7_jitter/light_T1_r7.pcapng,R7,228,2281.18994307518,0.006,0.59,0.336,0.068,0.0,Light_T1
/home/lmy/iot-device-classification/dataset/light_T1/round7_jitter/light_T1_r7.pcapng,R7,229,2292.327207326889,0.002,0.526,0.23,0.242,0.0,Light_T1
/home/lmy/iot-device-classification/dataset/light_T1/round7_jitter/light_T1_r7.pcapng,R7,230,2301.618135929108,0.006,0.702,0.154,0.138,0.0,Light_T1
/home/lmy/iot-device-classification/dataset/light_T1/round7_jitter/light_T1_r7.pcapng,R7,231,2312.338059902191,0.284,0.284,0.24,0.19,0.002,Light_T1
/home/lmy/iot-device-classification/dataset/light_T1/round7_jitter/light_T1_r7.pcapng,R7,232,2322.3476860523224,0.004,0.376,0.354,0.266,0.0,Light_T1
/home/lmy/iot-device-classification/dataset/light_T1/round7_jitter/light_T1_r7.pcapng,R7,233,2331.6504747867584,0.078,0.296,0.16,0.466,0.0,Light_T1
/home/lmy/iot-device-classification/dataset/light_T1/round7_jitter/light_T1_r7.pcapng,R7,234,2340.202649116516,0.278,0.252,0.142,0.314,0.014,Light_T1
/home/lmy/iot-device-classification/dataset/light_T1/round7_jitter/light_T1_r7.pcapng,R7,235,2350.433868408203,0.014,0.482,0.36,0.144,0.0,Light_T1
/home/lmy/iot-device-classification/dataset/light_T1/round7_jitter/light_T1_r7.pcapng,R7,236,2361.682160615921,0.008,0.184,0.492,0.316,0.0,Light_T1
/home/lmy/iot-device-classification/dataset/light_T1/round7_jitter/light_T1_r7.pcapng,R7,237,2372.4000000953674,0.006,0.35,0.298,0.346,0.0,Light_T1
/home/lmy/iot-device-classification/dataset/light_T1/round7_jitter/light_T1_r7.pcapng,R7,238,2380.404685974121,0.03,0.306,0.098,0.56,0.006,Light_T1
/home/lmy/iot-device-classification/dataset/light_T1/round7_jitter/light_T1_r7.pcapng,R7,239,2391.709128856659,0.032,0.5,0.366,0.102,0.0,Light_T1
/home/lmy/iot-device-classification/dataset/light_T1/round7_jitter/light_T1_r7.pcapng,R7,240,2401.883453130722,0.018,0.438,0.292,0.248,0.004,Light_T1
/home/lmy/iot-device-classification/dataset/light_T1/round7_jitter/light_T1_r7.pcapng,R7,241,2412.570580482483,0.006,0.606,0.214,0.172,0.002,Light_T1
/home/lmy/iot-device-classification/dataset/light_T1/round7_jitter/light_T1_r7.pcapng,R7,242,2421.746192455292,0.014,0.47,0.288,0.226,0.002,Light_T1
/home/lmy/iot-device-classification/dataset/light_T1/round7_jitter/light_T1_r7.pcapng,R7,243,2432.4592461586,0.0,0.898,0.068,0.034,0.0,Light_T1
/home/lmy/iot-device-classification/dataset/light_T1/round7_jitter/light_T1_r7.pcapng,R7,244,2442.470390319824,0.0,0.464,0.338,0.198,0.0,Light_T1
/home/lmy/iot-device-classification/dataset/light_T1/round7_jitter/light_T1_r7.pcapng,R7,245,2451.770430088043,0.02,0.324,0.546,0.11,0.0,Light_T1
/home/lmy/iot-device-classification/dataset/light_T1/round7_jitter/light_T1_r7.pcapng,R7,246,2462.4906816482544,0.092,0.39,0.138,0.366,0.014,Light_T1
/home/lmy/iot-device-classification/dataset/light_T1/round7_jitter/light_T1_r7.pcapng,R7,247,2470.354235649109,0.016,0.398,0.354,0.232,0.0,Light_T1
/home/lmy/iot-device-classification/dataset/light_T1/round7_jitter/light_T1_r7.pcapng,R7,248,2481.8009679317474,0.012,0.37,0.218,0.4,0.0,Light_T1
/home/lmy/iot-device-classification/dataset/light_T1/round7_jitter/light_T1_r7.pcapng,R7,249,2492.014252185821,0.15,0.334,0.282,0.234,0.0,Light_T1
/home/lmy/iot-device-classification/dataset/light_T1/round7_jitter/light_T1_r7.pcapng,R7,250,2502.530893564224,0.002,0.566,0.314,0.118,0.0,Light_T1
/home/lmy/iot-device-classification/dataset/light_T1/round7_jitter/light_T1_r7.pcapng,R7,251,2510.608151197433,0.006,0.35,0.494,0.15,0.0,Light_T1
/home/lmy/iot-device-classification/dataset/light_T1/round7_jitter/light_T1_r7.pcapng,R7,252,2522.550871372223,0.002,0.816,0.108,0.074,0.0,Light_T1
/home/lmy/iot-device-classification/dataset/light_T1/round7_jitter/light_T1_r7.pcapng,R7,253,2532.5616648197174,0.006,0.486,0.422,0.086,0.0,Light_T1
/home/lmy/iot-device-classification/dataset/light_T1/round7_jitter/light_T1_r7.pcapng,R7,254,2541.861287355423,0.292,0.282,0.184,0.242,0.0,Light_T1
/home/lmy/iot-device-classification/dataset/light_T1/round7_jitter/light_T1_r7.pcapng,R7,255,2552.5889739990234,0.002,0.346,0.62,0.032,0.0,Light_T1
/home/lmy/iot-device-classification/dataset/light_T1/round7_jitter/light_T1_r7.pcapng,R7,256,2562.5917630195618,0.006,0.562,0.136,0.292,0.004,Light_T1
/home/lmy/iot-device-classification/dataset/light_T1/round7_jitter/light_T1_r7.pcapng,R7,257,2570.960899353028,0.008,0.438,0.348,0.206,0.0,Light_T1
/home/lmy/iot-device-classification/dataset/light_T1/round7_jitter/light_T1_r7.pcapng,R7,258,2581.3400225639343,0.01,0.532,0.202,0.252,0.004,Light_T1
/home/lmy/iot-device-classification/dataset/light_T1/round7_jitter/light_T1_r7.pcapng,R7,259,2592.6219687461853,0.136,0.518,0.178,0.164,0.004,Light_T1
/home/lmy/iot-device-classification/dataset/light_T1/round7_jitter/light_T1_r7.pcapng,R7,260,2601.9227480888367,0.002,0.472,0.338,0.188,0.0,Light_T1
/home/lmy/iot-device-classification/dataset/light_T1/round7_jitter/light_T1_r7.pcapng,R7,261,2612.642518520355,0.006,0.16,0.104,0.73,0.0,Light_T1
/home/lmy/iot-device-classification/dataset/light_T1/round7_jitter/light_T1_r7.pcapng,R7,262,2621.305330991745,0.006,0.578,0.246,0.17,0.0,Light_T1
/home/lmy/iot-device-classification/dataset/light_T1/round7_jitter/light_T1_r7.pcapng,R7,263,2631.9537048339844,0.012,0.228,0.556,0.202,0.002,Light_T1
/home/lmy/iot-device-classification/dataset/light_T1/round7_jitter/light_T1_r7.pcapng,R7,264,2641.6256155967712,0.196,0.226,0.356,0.214,0.008,Light_T1
/home/lmy/iot-device-classification/dataset/light_T1/round7_jitter/light_T1_r7.pcapng,R7,265,2652.0597994327545,0.006,0.66,0.202,0.132,0.0,Light_T1
/home/lmy/iot-device-classification/dataset/light_T1/round7_jitter/light_T1_r7.pcapng,R7,266,2661.9705352783203,0.034,0.428,0.352,0.18,0.006,Light_T1
/home/lmy/iot-device-classification/dataset/light_T1/round7_jitter/light_T1_r7.pcapng,R7,267,2670.609644174576,0.008,0.572,0.34,0.08,0.0,Light_T1
/home/lmy/iot-device-classification/dataset/light_T1/round7_jitter/light_T1_r7.pcapng,R7,268,2682.712612390518,0.0,0.684,0.222,0.092,0.002,Light_T1
/home/lmy/iot-device-classification/dataset/light_T1/round7_jitter/light_T1_r7.pcapng,R7,269,2692.0054943561554,0.008,0.312,0.134,0.54,0.006,Light_T1
/home/lmy/iot-device-classification/dataset/light_T1/round7_jitter/light_T1_r7.pcapng,R7,270,2701.9063789844517,0.002,0.648,0.278,0.07,0.002,Light_T1
/home/lmy/iot-device-classification/dataset/light_T1/round7_jitter/light_T1_r7.pcapng,R7,271,2711.818016052246,0.006,0.444,0.254,0.296,0.0,Light_T1
/home/lmy/iot-device-classification/dataset/light_T1/round7_jitter/light_T1_r7.pcapng,R7,272,2721.9064857959747,0.014,0.26,0.428,0.298,0.0,Light_T1
/home/lmy/iot-device-classification/dataset/light_T1/round7_jitter/light_T1_r7.pcapng,R7,273,2731.112493753433,0.014,0.384,0.342,0.26,0.0,Light_T1
/home/lmy/iot-device-classification/dataset/light_T1/round7_jitter/light_T1_r7.pcapng,R7,274,2741.010013103485,0.008,0.426,0.42,0.146,0.0,Light_T1
/home/lmy/iot-device-classification/dataset/light_T1/round7_jitter/light_T1_r7.pcapng,R7,275,2750.000774860382,0.002,0.604,0.27,0.124,0.0,Light_T1
/home/lmy/iot-device-classification/dataset/light_T1/round7_jitter/light_T1_r7.pcapng,R7,276,2762.7940526008606,0.018,0.234,0.264,0.48,0.004,Light_T1
/home/lmy/iot-device-classification/dataset/light_T1/round7_jitter/light_T1_r7.pcapng,R7,277,2770.217101335525,0.0,0.302,0.53,0.168,0.0,Light_T1
/home/lmy/iot-device-classification/dataset/light_T1/round7_jitter/light_T1_r7.pcapng,R7,278,2781.429712533951,0.02,0.452,0.216,0.312,0.0,Light_T1
/home/lmy/iot-device-classification/dataset/light_T1/round7_jitter/light_T1_r7.pcapng,R7,279,2790.906337738037,0.002,0.316,0.582,0.1,0.0,Light_T1
/home/lmy/iot-device-classification/dataset/light_T1/round7_jitter/light_T1_r7.pcapng,R7,280,2802.834617614746,0.012,0.464,0.162,0.362,0.0,Light_T1
/home/lmy/iot-device-classification/dataset/light_T1/round7_jitter/light_T1_r7.pcapng,R7,281,2810.006782054901,0.014,0.51,0.404,0.072,0.0,Light_T1
/home/lmy/iot-device-classification/dataset/light_T1/round7_jitter/light_T1_r7.pcapng,R7,282,2822.8543343544006,0.002,0.324,0.186,0.488,0.0,Light_T1
/home/lmy/iot-device-classification/dataset/light_T1/round7_jitter/light_T1_r7.pcapng,R7,283,2830.610071182251,0.002,0.75,0.12,0.128,0.0,Light_T1
/home/lmy/iot-device-classification/dataset/light_T1/round7_jitter/light_T1_r7.pcapng,R7,284,2841.219186782837,0.008,0.576,0.214,0.202,0.0,Light_T1
/home/lmy/iot-device-classification/dataset/light_T1/round7_jitter/light_T1_r7.pcapng,R7,285,2852.884829759598,0.028,0.468,0.388,0.116,0.0,Light_T1
/home/lmy/iot-device-classification/dataset/light_T1/round7_jitter/light_T1_r7.pcapng,R7,286,2862.894641160965,0.006,0.492,0.362,0.14,0.0,Light_T1
/home/lmy/iot-device-classification/dataset/light_T1/round7_jitter/light_T1_r7.pcapng,R7,287,2872.084818840027,0.008,0.632,0.24,0.12,0.0,Light_T1
/home/lmy/iot-device-classification/dataset/light_T1/round7_jitter/light_T1_r7.pcapng,R7,288,2882.9161920547485,0.16,0.17,0.154,0.512,0.004,Light_T1
/home/lmy/iot-device-classification/dataset/light_T1/round7_jitter/light_T1_r7.pcapng,R7,289,2891.897722005844,0.024,0.464,0.388,0.124,0.0,Light_T1
/home/lmy/iot-device-classification/dataset/light_T1/round7_jitter/light_T1_r7.pcapng,R7,290,2902.115476131439,0.012,0.274,0.48,0.234,0.0,Light_T1
/home/lmy/iot-device-classification/dataset/light_T1/round7_jitter/light_T1_r7.pcapng,R7,291,2912.0623297691345,0.002,0.47,0.428,0.1,0.0,Light_T1
/home/lmy/iot-device-classification/dataset/light_T1/round7_jitter/light_T1_r7.pcapng,R7,292,2922.462781190872,0.002,0.76,0.15,0.088,0.0,Light_T1
/home/lmy/iot-device-classification/dataset/light_T1/round7_jitter/light_T1_r7.pcapng,R7,293,2932.152722120285,0.018,0.408,0.222,0.352,0.0,Light_T1
/home/lmy/iot-device-classification/dataset/light_T1/round7_jitter/light_T1_r7.pcapng,R7,294,2940.219515562057,0.012,0.508,0.308,0.172,0.0,Light_T1
/home/lmy/iot-device-classification/dataset/light_T1/round7_jitter/light_T1_r7.pcapng,R7,295,2952.9859783649445,0.0,0.656,0.232,0.112,0.0,Light_T1
/home/lmy/iot-device-classification/dataset/light_T1/round7_jitter/light_T1_r7.pcapng,R7,296,2961.982995033264,0.004,0.486,0.356,0.154,0.0,Light_T1
/home/lmy/iot-device-classification/dataset/light_T1/round7_jitter/light_T1_r7.pcapng,R7,297,2973.00563621521,0.024,0.146,0.122,0.706,0.002,Light_T1
/home/lmy/iot-device-classification/dataset/light_T1/round7_jitter/light_T1_r7.pcapng,R7,298,2980.4572455883026,0.01,0.524,0.288,0.178,0.0,Light_T1
/home/lmy/iot-device-classification/dataset/light_T1/round7_jitter/light_T1_r7.pcapng,R7,299,2992.206439256668,0.03,0.304,0.44,0.226,0.0,Light_T1
/home/lmy/iot-device-classification/dataset/light_T1/round7_jitter/light_T1_r7.pcapng,R7,300,3001.5022809505463,0.004,0.54,0.326,0.13,0.0,Light_T1
/home/lmy/iot-device-classification/dataset/light_T1/round7_jitter/light_T1_r7.pcapng,R7,301,3011.902312517166,0.012,0.416,0.37,0.2,0.002,Light_T1
/home/lmy/iot-device-classification/dataset/light_T1/round7_jitter/light_T1_r7.pcapng,R7,302,3022.2369871139526,0.006,0.45,0.136,0.408,0.0,Light_T1
/home/lmy/iot-device-classification/dataset/light_T1/round7_jitter/light_T1_r7.pcapng,R7,303,3030.406560659409,0.024,0.496,0.358,0.12,0.002,Light_T1
/home/lmy/iot-device-classification/dataset/light_T1/round7_jitter/light_T1_r7.pcapng,R7,304,3043.077863931656,0.0,0.7,0.24,0.06,0.0,Light_T1
/home/lmy/iot-device-classification/dataset/light_T1/round7_jitter/light_T1_r7.pcapng,R7,305,3052.267305135727,0.088,0.228,0.132,0.55,0.002,Light_T1
/home/lmy/iot-device-classification/dataset/light_T1/round7_jitter/light_T1_r7.pcapng,R7,306,3061.988599061966,0.102,0.482,0.2,0.216,0.0,Light_T1
/home/lmy/iot-device-classification/dataset/light_T1/round7_jitter/light_T1_r7.pcapng,R7,307,3070.1438109874725,0.008,0.334,0.524,0.128,0.006,Light_T1
/home/lmy/iot-device-classification/dataset/light_T1/round7_jitter/light_T1_r7.pcapng,R7,308,3082.29789018631,0.014,0.49,0.36,0.136,0.0,Light_T1
/home/lmy/iot-device-classification/dataset/light_T1/round7_jitter/light_T1_r7.pcapng,R7,309,3093.1264073848724,0.01,0.42,0.338,0.232,0.0,Light_T1
/home/lmy/iot-device-classification/dataset/light_T1/round7_jitter/light_T1_r7.pcapng,R7,310,3103.1375172138214,0.018,0.448,0.346,0.184,0.004,Light_T1
/home/lmy/iot-device-classification/dataset/light_T1/round7_jitter/light_T1_r7.pcapng,R7,311,3112.3352620601654,0.0,0.394,0.388,0.218,0.0,Light_T1
/home/lmy/iot-device-classification/dataset/light_T1/round7_jitter/light_T1_r7.pcapng,R7,312,3122.453399181366,0.048,0.396,0.206,0.35,0.0,Light_T1
/home/lmy/iot-device-classification/dataset/light_T1/round7_jitter/light_T1_r7.pcapng,R7,313,3130.438165187836,0.028,0.472,0.348,0.152,0.0,Light_T1
/home/lmy/iot-device-classification/dataset/light_T1/round7_jitter/light_T1_r7.pcapng,R7,314,3140.8640863895416,0.006,0.384,0.424,0.184,0.002,Light_T1
/home/lmy/iot-device-classification/dataset/light_T1/round7_jitter/light_T1_r7.pcapng,R7,315,3151.264271736145,0.006,0.308,0.628,0.058,0.0,Light_T1
/home/lmy/iot-device-classification/dataset/light_T1/round7_jitter/light_T1_r7.pcapng,R7,316,3161.673598766327,0.012,0.418,0.332,0.238,0.0,Light_T1
/home/lmy/iot-device-classification/dataset/light_T1/round7_jitter/light_T1_r7.pcapng,R7,317,3172.39218378067,0.026,0.404,0.424,0.144,0.002,Light_T1
/home/lmy/iot-device-classification/dataset/light_T1/round7_jitter/light_T1_r7.pcapng,R7,318,3181.026341199875,0.014,0.458,0.344,0.184,0.0,Light_T1
/home/lmy/iot-device-classification/dataset/light_T1/round7_jitter/light_T1_r7.pcapng,R7,319,3192.8633685112,0.022,0.618,0.192,0.162,0.006,Light_T1
/home/lmy/iot-device-classification/dataset/light_T1/round7_jitter/light_T1_r7.pcapng,R7,320,3202.423271179199,0.0,0.406,0.296,0.298,0.0,Light_T1
/home/lmy/iot-device-classification/dataset/light_T1/round7_jitter/light_T1_r7.pcapng,R7,321,3213.012936115265,0.028,0.554,0.292,0.126,0.0,Light_T1
/home/lmy/iot-device-classification/dataset/light_T1/round7_jitter/light_T1_r7.pcapng,R7,322,3223.25765824318,0.02,0.286,0.148,0.546,0.0,Light_T1
/home/lmy/iot-device-classification/dataset/light_T1/round7_jitter/light_T1_r7.pcapng,R7,323,3230.202794075012,0.01,0.584,0.34,0.066,0.0,Light_T1
/home/lmy/iot-device-classification/dataset/light_T1/round7_jitter/light_T1_r7.pcapng,R7,324,3241.737018585205,0.002,0.442,0.272,0.284,0.0,Light_T1
/home/lmy/iot-device-classification/dataset/light_T1/round7_jitter/light_T1_r7.pcapng,R7,325,3253.2885966300964,0.01,0.644,0.186,0.16,0.0,Light_T1
/home/lmy/iot-device-classification/dataset/light_T1/round7_jitter/light_T1_r7.pcapng,R7,326,3260.2567439079285,0.03,0.38,0.446,0.142,0.002,Light_T1
/home/lmy/iot-device-classification/dataset/light_T1/round7_jitter/light_T1_r7.pcapng,R7,327,3271.3266983032227,0.046,0.302,0.584,0.068,0.0,Light_T1
/home/lmy/iot-device-classification/dataset/light_T1/round7_jitter/light_T1_r7.pcapng,R7,328,3283.3186321258545,0.0,0.63,0.182,0.188,0.0,Light_T1
/home/lmy/iot-device-classification/dataset/light_T1/round7_jitter/light_T1_r7.pcapng,R7,329,3290.203528404236,0.01,0.492,0.384,0.114,0.0,Light_T1
/home/lmy/iot-device-classification/dataset/light_T1/round7_jitter/light_T1_r7.pcapng,R7,330,3303.338825941086,0.008,0.51,0.186,0.296,0.0,Light_T1
/home/lmy/iot-device-classification/dataset/light_T1/round7_jitter/light_T1_r7.pcapng,R7,331,3313.099189758301,0.002,0.364,0.572,0.062,0.0,Light_T1
/home/lmy/iot-device-classification/dataset/light_T1/round7_jitter/light_T1_r7.pcapng,R7,332,3322.539790391922,0.006,0.474,0.236,0.284,0.0,Light_T1
/home/lmy/iot-device-classification/dataset/light_T1/round7_jitter/light_T1_r7.pcapng,R7,333,3333.3680589199066,0.004,0.138,0.118,0.74,0.0,Light_T1
/home/lmy/iot-device-classification/dataset/light_T1/round7_jitter/light_T1_r7.pcapng,R7,334,3341.9291400909424,0.002,0.518,0.334,0.146,0.0,Light_T1
/home/lmy/iot-device-classification/dataset/light_T1/round7_jitter/light_T1_r7.pcapng,R7,335,3350.06854057312,0.022,0.314,0.544,0.12,0.0,Light_T1
/home/lmy/iot-device-classification/dataset/light_T1/round7_jitter/light_T1_r7.pcapng,R7,336,3360.090609550476,0.0,0.704,0.248,0.048,0.0,Light_T1
/home/lmy/iot-device-classification/dataset/light_T1/round7_jitter/light_T1_r7.pcapng,R7,337,3371.139667272568,0.0,0.314,0.586,0.1,0.0,Light_T1
/home/lmy/iot-device-classification/dataset/light_T1/round7_jitter/light_T1_r7.pcapng,R7,338,3380.065118074417,0.0,0.312,0.35,0.338,0.0,Light_T1
/home/lmy/iot-device-classification/dataset/light_T1/round7_jitter/light_T1_r7.pcapng,R7,339,3390.4642112255096,0.012,0.542,0.248,0.198,0.0,Light_T1
/home/lmy/iot-device-classification/dataset/light_T1/round7_jitter/light_T1_r7.pcapng,R7,340,3401.3388924598694,0.01,0.682,0.196,0.112,0.0,Light_T1
/home/lmy/iot-device-classification/dataset/light_T1/round7_jitter/light_T1_r7.pcapng,R7,341,3411.2640209198,0.008,0.38,0.436,0.176,0.0,Light_T1
/home/lmy/iot-device-classification/dataset/light_T1/round7_jitter/light_T1_r7.pcapng,R7,342,3420.5344281196594,0.002,0.678,0.254,0.066,0.0,Light_T1
/home/lmy/iot-device-classification/dataset/light_T1/round7_jitter/light_T1_r7.pcapng,R7,343,3432.064275741577,0.008,0.482,0.304,0.206,0.0,Light_T1
/home/lmy/iot-device-classification/dataset/light_T1/round7_jitter/light_T1_r7.pcapng,R7,344,3442.661157608032,0.032,0.254,0.426,0.288,0.0,Light_T1
/home/lmy/iot-device-classification/dataset/light_T1/round7_jitter/light_T1_r7.pcapng,R7,345,3452.8649673461914,0.006,0.484,0.314,0.196,0.0,Light_T1
/home/lmy/iot-device-classification/dataset/light_T1/round7_jitter/light_T1_r7.pcapng,R7,346,3463.4997520446777,0.004,0.618,0.142,0.236,0.0,Light_T1
/home/lmy/iot-device-classification/dataset/light_T1/round7_jitter/light_T1_r7.pcapng,R7,347,3470.0628700256348,0.052,0.326,0.23,0.39,0.002,Light_T1
/home/lmy/iot-device-classification/dataset/light_T1/round7_jitter/light_T1_r7.pcapng,R7,348,3480.940294981003,0.074,0.482,0.298,0.146,0.0,Light_T1
/home/lmy/iot-device-classification/dataset/light_T1/round7_jitter/light_T1_r7.pcapng,R7,349,3492.9878854751587,0.0,0.78,0.174,0.046,0.0,Light_T1
/home/lmy/iot-device-classification/dataset/light_T1/round7_jitter/light_T1_r7.pcapng,R7,350,3500.704662799835,0.006,0.532,0.33,0.132,0.0,Light_T1
/home/lmy/iot-device-classification/dataset/light_T1/round7_jitter/light_T1_r7.pcapng,R7,351,3511.1697561740875,0.012,0.692,0.232,0.064,0.0,Light_T1
/home/lmy/iot-device-classification/dataset/light_T1/round7_jitter/light_T1_r7.pcapng,R7,352,3523.564852952957,0.002,0.492,0.316,0.19,0.0,Light_T1
/home/lmy/iot-device-classification/dataset/light_T1/round7_jitter/light_T1_r7.pcapng,R7,353,3532.747908115387,0.214,0.24,0.164,0.382,0.0,Light_T1
/home/lmy/iot-device-classification/dataset/light_T1/round7_jitter/light_T1_r7.pcapng,R7,354,3540.099851369858,0.004,0.122,0.132,0.742,0.0,Light_T1
/home/lmy/iot-device-classification/dataset/light_T1/round7_jitter/light_T1_r7.pcapng,R7,355,3550.624530315399,0.002,0.668,0.252,0.078,0.0,Light_T1
/home/lmy/iot-device-classification/dataset/light_T1/round7_jitter/light_T1_r7.pcapng,R7,356,3562.778313398361,0.014,0.346,0.432,0.208,0.0,Light_T1
/home/lmy/iot-device-classification/dataset/light_T1/round7_jitter/light_T1_r7.pcapng,R7,357,3573.505152463913,0.01,0.492,0.194,0.304,0.0,Light_T1
/home/lmy/iot-device-classification/dataset/light_T1/round7_jitter/light_T1_r7.pcapng,R7,358,3583.6195356845856,0.004,0.08,0.124,0.792,0.0,Light_T1
/home/lmy/iot-device-classification/dataset/light_T1/round7_jitter/light_T1_r7.pcapng,R7,359,3590.144530773163,0.006,0.444,0.386,0.164,0.0,Light_T1
/home/lmy/iot-device-classification/dataset/light_T1/round7_jitter/light_T1_r7.pcapng,R7,360,3603.640193223953,0.006,0.742,0.21,0.042,0.0,Light_T1
/home/lmy/iot-device-classification/dataset/light_T1/round7_jitter/light_T1_r7.pcapng,R7,361,3613.024835348129,0.01,0.484,0.28,0.226,0.0,Light_T1
/home/lmy/iot-device-classification/dataset/light_T1/round7_jitter/light_T1_r7.pcapng,R7,362,3622.839778423309,0.038,0.47,0.388,0.102,0.002,Light_T1
/home/lmy/iot-device-classification/dataset/light_T1/round7_jitter/light_T1_r7.pcapng,R7,364,3640.065420627594,0.006,0.472,0.384,0.138,0.0,Light_T1
/home/lmy/iot-device-classification/dataset/light_T1/round7_jitter/light_T1_r7.pcapng,R7,365,3652.8691713809967,0.002,0.3,0.52,0.178,0.0,Light_T1
/home/lmy/iot-device-classification/dataset/light_T1/round7_jitter/light_T1_r7.pcapng,R7,366,3662.9443657398224,0.008,0.51,0.22,0.262,0.0,Light_T1
/home/lmy/iot-device-classification/dataset/light_T1/round7_jitter/light_T1_r7.pcapng,R7,367,3673.044420957565,0.002,0.416,0.456,0.126,0.0,Light_T1
/home/lmy/iot-device-classification/dataset/light_T1/round7_jitter/light_T1_r7.pcapng,R7,368,3682.897210597992,0.052,0.298,0.41,0.24,0.0,Light_T1
/home/lmy/iot-device-classification/dataset/light_T1/round7_jitter/light_T1_r7.pcapng,R7,369,3691.415246963501,0.01,0.468,0.438,0.084,0.0,Light_T1
/home/lmy/iot-device-classification/dataset/light_T1/round7_jitter/light_T1_r7.pcapng,R7,370,3703.741213798523,0.006,0.132,0.176,0.686,0.0,Light_T1
/home/lmy/iot-device-classification/dataset/light_T1/round7_jitter/light_T1_r7.pcapng,R7,371,3711.370851993561,0.004,0.304,0.258,0.434,0.0,Light_T1
/home/lmy/iot-device-classification/dataset/light_T1/round7_jitter/light_T1_r7.pcapng,R7,372,3721.184399604797,0.006,0.59,0.188,0.216,0.0,Light_T1
/home/lmy/iot-device-classification/dataset/light_T1/round7_jitter/light_T1_r7.pcapng,R7,373,3731.5851504802704,0.002,0.38,0.536,0.082,0.0,Light_T1
/home/lmy/iot-device-classification/dataset/light_T1/round7_jitter/light_T1_r7.pcapng,R7,374,3742.959617376328,0.018,0.32,0.434,0.228,0.0,Light_T1
/home/lmy/iot-device-classification/dataset/light_T1/round7_jitter/light_T1_r7.pcapng,R7,375,3752.395429372788,0.012,0.4,0.394,0.19,0.004,Light_T1
/home/lmy/iot-device-classification/dataset/light_T1/round7_jitter/light_T1_r7.pcapng,R7,376,3763.801520586014,0.0,0.71,0.172,0.118,0.0,Light_T1
/home/lmy/iot-device-classification/dataset/light_T1/round7_jitter/light_T1_r7.pcapng,R7,377,3772.9863069057465,0.066,0.23,0.182,0.522,0.0,Light_T1
/home/lmy/iot-device-classification/dataset/light_T1/round7_jitter/light_T1_r7.pcapng,R7,378,3781.506972789765,0.0,0.612,0.316,0.072,0.0,Light_T1
/home/lmy/iot-device-classification/dataset/light_T1/round7_jitter/light_T1_r7.pcapng,R7,379,3791.0068411827087,0.01,0.392,0.444,0.154,0.0,Light_T1
/home/lmy/iot-device-classification/dataset/light_T1/round7_jitter/light_T1_r7.pcapng,R7,380,3802.871140956879,0.014,0.32,0.374,0.29,0.002,Light_T1
/home/lmy/iot-device-classification/dataset/light_T1/round7_jitter/light_T1_r7.pcapng,R7,381,3812.705004453659,0.01,0.576,0.25,0.164,0.0,Light_T1
/home/lmy/iot-device-classification/dataset/light_T1/round7_jitter/light_T1_r7.pcapng,R7,382,3823.8614389896393,0.006,0.4,0.328,0.266,0.0,Light_T1
/home/lmy/iot-device-classification/dataset/light_T1/round7_jitter/light_T1_r7.pcapng,R7,383,3830.054748773575,0.032,0.292,0.562,0.114,0.0,Light_T1
/home/lmy/iot-device-classification/dataset/light_T1/round7_jitter/light_T1_r7.pcapng,R7,384,3841.8252272605896,0.032,0.366,0.232,0.362,0.008,Light_T1
/home/lmy/iot-device-classification/dataset/light_T1/round7_jitter/light_T1_r7.pcapng,R7,385,3853.891993522644,0.004,0.706,0.198,0.092,0.0,Light_T1
/home/lmy/iot-device-classification/dataset/light_T1/round7_jitter/light_T1_r7.pcapng,R7,386,3862.624990940094,0.048,0.396,0.332,0.202,0.022,Light_T1
/home/lmy/iot-device-classification/dataset/light_T1/round7_jitter/light_T1_r7.pcapng,R7,387,3873.91134762764,0.006,0.662,0.244,0.088,0.0,Light_T1
/home/lmy/iot-device-classification/dataset/light_T1/round7_jitter/light_T1_r7.pcapng,R7,388,3880.455504417419,0.006,0.586,0.314,0.094,0.0,Light_T1
/home/lmy/iot-device-classification/dataset/light_T1/round7_jitter/light_T1_r7.pcapng,R7,389,3893.109542131424,0.072,0.396,0.42,0.112,0.0,Light_T1
/home/lmy/iot-device-classification/dataset/light_T1/round7_jitter/light_T1_r7.pcapng,R7,391,3910.4649896621695,0.01,0.586,0.168,0.236,0.0,Light_T1
/home/lmy/iot-device-classification/dataset/light_T1/round7_jitter/light_T1_r7.pcapng,R7,392,3920.866108179093,0.03,0.342,0.444,0.184,0.0,Light_T1
/home/lmy/iot-device-classification/dataset/light_T1/round7_jitter/light_T1_r7.pcapng,R7,393,3931.3860895633698,0.024,0.43,0.286,0.258,0.002,Light_T1
/home/lmy/iot-device-classification/dataset/light_T1/round7_jitter/light_T1_r7.pcapng,R7,394,3940.841245889664,0.01,0.67,0.3,0.02,0.0,Light_T1
/home/lmy/iot-device-classification/dataset/light_T1/round7_jitter/light_T1_r7.pcapng,R7,395,3950.147482872009,0.014,0.26,0.308,0.416,0.002,Light_T1
/home/lmy/iot-device-classification/dataset/light_T1/round7_jitter/light_T1_r7.pcapng,R7,396,3960.3862268924713,0.0,0.59,0.25,0.158,0.002,Light_T1
/home/lmy/iot-device-classification/dataset/light_T1/round7_jitter/light_T1_r7.pcapng,R7,397,3970.784943580627,0.006,0.326,0.426,0.242,0.0,Light_T1
/home/lmy/iot-device-classification/dataset/light_xm/round7_jitter/light_xm_r7.pcapng,R7,0,0.0,0.002,0.188,0.628,0.182,0.0,Light_XM
/home/lmy/iot-device-classification/dataset/light_xm/round7_jitter/light_xm_r7.pcapng,R7,1,10.042297124862673,0.01,0.42,0.448,0.122,0.0,Light_XM
/home/lmy/iot-device-classification/dataset/light_xm/round7_jitter/light_xm_r7.pcapng,R7,2,20.09182929992676,0.0,0.358,0.46,0.182,0.0,Light_XM
/home/lmy/iot-device-classification/dataset/light_xm/round7_jitter/light_xm_r7.pcapng,R7,3,31.577131509780884,0.01,0.448,0.314,0.228,0.0,Light_XM
/home/lmy/iot-device-classification/dataset/light_xm/round7_jitter/light_xm_r7.pcapng,R7,4,43.25295758247376,0.012,0.3,0.592,0.096,0.0,Light_XM
/home/lmy/iot-device-classification/dataset/light_xm/round7_jitter/light_xm_r7.pcapng,R7,5,52.43865990638733,0.002,0.332,0.466,0.2,0.0,Light_XM
/home/lmy/iot-device-classification/dataset/light_xm/round7_jitter/light_xm_r7.pcapng,R7,6,64.9299852848053,0.048,0.328,0.434,0.188,0.002,Light_XM
/home/lmy/iot-device-classification/dataset/light_xm/round7_jitter/light_xm_r7.pcapng,R7,7,74.94629764556885,0.194,0.272,0.344,0.18,0.01,Light_XM
/home/lmy/iot-device-classification/dataset/light_xm/round7_jitter/light_xm_r7.pcapng,R7,8,81.48753881454468,0.11,0.206,0.496,0.188,0.0,Light_XM
/home/lmy/iot-device-classification/dataset/light_xm/round7_jitter/light_xm_r7.pcapng,R7,9,90.20500230789185,0.232,0.188,0.376,0.196,0.008,Light_XM
/home/lmy/iot-device-classification/dataset/light_xm/round7_jitter/light_xm_r7.pcapng,R7,10,100.67150163650513,0.302,0.292,0.218,0.186,0.002,Light_XM
/home/lmy/iot-device-classification/dataset/light_xm/round7_jitter/light_xm_r7.pcapng,R7,11,110.38594627380373,0.042,0.178,0.634,0.146,0.0,Light_XM
/home/lmy/iot-device-classification/dataset/light_xm/round7_jitter/light_xm_r7.pcapng,R7,12,123.59085392951964,0.022,0.358,0.466,0.154,0.0,Light_XM
/home/lmy/iot-device-classification/dataset/light_xm/round7_jitter/light_xm_r7.pcapng,R7,13,135.00528168678284,0.01,0.19,0.364,0.436,0.0,Light_XM
/home/lmy/iot-device-classification/dataset/light_xm/round7_jitter/light_xm_r7.pcapng,R7,14,142.8530957698822,0.01,0.47,0.446,0.074,0.0,Light_XM
/home/lmy/iot-device-classification/dataset/light_xm/round7_jitter/light_xm_r7.pcapng,R7,15,150.5251543521881,0.03,0.328,0.38,0.262,0.0,Light_XM
/home/lmy/iot-device-classification/dataset/light_xm/round7_jitter/light_xm_r7.pcapng,R7,16,160.3491930961609,0.006,0.38,0.346,0.268,0.0,Light_XM
/home/lmy/iot-device-classification/dataset/light_xm/round7_jitter/light_xm_r7.pcapng,R7,17,172.08290004730225,0.012,0.528,0.33,0.13,0.0,Light_XM
/home/lmy/iot-device-classification/dataset/light_xm/round7_jitter/light_xm_r7.pcapng,R7,18,183.42739629745483,0.004,0.264,0.66,0.072,0.0,Light_XM
/home/lmy/iot-device-classification/dataset/light_xm/round7_jitter/light_xm_r7.pcapng,R7,19,191.74843072891235,0.004,0.352,0.296,0.348,0.0,Light_XM
/home/lmy/iot-device-classification/dataset/light_xm/round7_jitter/light_xm_r7.pcapng,R7,20,200.46811199188232,0.006,0.224,0.72,0.05,0.0,Light_XM
/home/lmy/iot-device-classification/dataset/light_xm/round7_jitter/light_xm_r7.pcapng,R7,21,210.59130024909973,0.036,0.25,0.618,0.096,0.0,Light_XM
/home/lmy/iot-device-classification/dataset/light_xm/round7_jitter/light_xm_r7.pcapng,R7,22,225.0981152057648,0.006,0.172,0.248,0.574,0.0,Light_XM
/home/lmy/iot-device-classification/dataset/light_xm/round7_jitter/light_xm_r7.pcapng,R7,23,230.069628238678,0.006,0.352,0.586,0.056,0.0,Light_XM
/home/lmy/iot-device-classification/dataset/light_xm/round7_jitter/light_xm_r7.pcapng,R7,24,240.5612108707428,0.0,0.41,0.512,0.078,0.0,Light_XM
/home/lmy/iot-device-classification/dataset/light_xm/round7_jitter/light_xm_r7.pcapng,R7,25,250.38892650604248,0.012,0.572,0.212,0.204,0.0,Light_XM
/home/lmy/iot-device-classification/dataset/light_xm/round7_jitter/light_xm_r7.pcapng,R7,26,262.5926940441132,0.008,0.302,0.652,0.038,0.0,Light_XM
/home/lmy/iot-device-classification/dataset/light_xm/round7_jitter/light_xm_r7.pcapng,R7,27,271.9505615234375,0.018,0.386,0.438,0.156,0.002,Light_XM
/home/lmy/iot-device-classification/dataset/light_xm/round7_jitter/light_xm_r7.pcapng,R7,28,285.1581268310547,0.026,0.304,0.48,0.188,0.002,Light_XM
/home/lmy/iot-device-classification/dataset/light_xm/round7_jitter/light_xm_r7.pcapng,R7,29,295.17804193496704,0.01,0.062,0.1,0.828,0.0,Light_XM
/home/lmy/iot-device-classification/dataset/light_xm/round7_jitter/light_xm_r7.pcapng,R7,30,300.82302832603455,0.024,0.31,0.516,0.15,0.0,Light_XM
/home/lmy/iot-device-classification/dataset/light_xm/round7_jitter/light_xm_r7.pcapng,R7,31,315.19280672073364,0.008,0.248,0.392,0.352,0.0,Light_XM
/home/lmy/iot-device-classification/dataset/light_xm/round7_jitter/light_xm_r7.pcapng,R7,32,324.86748147010803,0.0,0.246,0.662,0.092,0.0,Light_XM
/home/lmy/iot-device-classification/dataset/light_xm/round7_jitter/light_xm_r7.pcapng,R7,33,335.21928191185,0.0,0.2,0.76,0.04,0.0,Light_XM
/home/lmy/iot-device-classification/dataset/light_xm/round7_jitter/light_xm_r7.pcapng,R7,34,342.13462591171265,0.018,0.292,0.468,0.222,0.0,Light_XM
/home/lmy/iot-device-classification/dataset/light_xm/round7_jitter/light_xm_r7.pcapng,R7,35,353.6085700988769,0.01,0.108,0.24,0.642,0.0,Light_XM
/home/lmy/iot-device-classification/dataset/light_xm/round7_jitter/light_xm_r7.pcapng,R7,36,360.21322560310364,0.004,0.326,0.55,0.12,0.0,Light_XM
/home/lmy/iot-device-classification/dataset/light_xm/round7_jitter/light_xm_r7.pcapng,R7,37,370.2966961860657,0.004,0.276,0.4,0.32,0.0,Light_XM
/home/lmy/iot-device-classification/dataset/light_xm/round7_jitter/light_xm_r7.pcapng,R7,38,383.1076157093048,0.004,0.382,0.356,0.258,0.0,Light_XM
/home/lmy/iot-device-classification/dataset/light_xm/round7_jitter/light_xm_r7.pcapng,R7,39,393.4237232208252,0.014,0.462,0.248,0.276,0.0,Light_XM
/home/lmy/iot-device-classification/dataset/light_xm/round7_jitter/light_xm_r7.pcapng,R7,40,405.2518975734711,0.002,0.23,0.51,0.258,0.0,Light_XM
/home/lmy/iot-device-classification/dataset/light_xm/round7_jitter/light_xm_r7.pcapng,R7,41,410.4901571273804,0.006,0.24,0.47,0.284,0.0,Light_XM
/home/lmy/iot-device-classification/dataset/light_xm/round7_jitter/light_xm_r7.pcapng,R7,42,421.61762285232544,0.0,0.156,0.792,0.052,0.0,Light_XM
/home/lmy/iot-device-classification/dataset/light_xm/round7_jitter/light_xm_r7.pcapng,R7,43,433.0287380218506,0.014,0.41,0.408,0.166,0.002,Light_XM
/home/lmy/iot-device-classification/dataset/light_xm/round7_jitter/light_xm_r7.pcapng,R7,44,443.6086781024933,0.024,0.39,0.314,0.272,0.0,Light_XM
/home/lmy/iot-device-classification/dataset/light_xm/round7_jitter/light_xm_r7.pcapng,R7,45,450.1012256145477,0.008,0.404,0.524,0.064,0.0,Light_XM
/home/lmy/iot-device-classification/dataset/light_xm/round7_jitter/light_xm_r7.pcapng,R7,46,465.3085751533508,0.05,0.19,0.156,0.604,0.0,Light_XM
/home/lmy/iot-device-classification/dataset/light_xm/round7_jitter/light_xm_r7.pcapng,R7,47,470.86254143714905,0.0,0.534,0.342,0.124,0.0,Light_XM
/home/lmy/iot-device-classification/dataset/light_xm/round7_jitter/light_xm_r7.pcapng,R7,48,482.946307182312,0.016,0.35,0.364,0.27,0.0,Light_XM
/home/lmy/iot-device-classification/dataset/light_xm/round7_jitter/light_xm_r7.pcapng,R7,49,490.3882868289948,0.008,0.3,0.562,0.13,0.0,Light_XM
/home/lmy/iot-device-classification/dataset/light_xm/round7_jitter/light_xm_r7.pcapng,R7,50,501.01048851013184,0.012,0.178,0.604,0.204,0.002,Light_XM
/home/lmy/iot-device-classification/dataset/light_xm/round7_jitter/light_xm_r7.pcapng,R7,51,513.5751559734344,0.008,0.132,0.164,0.696,0.0,Light_XM
/home/lmy/iot-device-classification/dataset/light_xm/round7_jitter/light_xm_r7.pcapng,R7,52,522.461799621582,0.002,0.362,0.43,0.206,0.0,Light_XM
/home/lmy/iot-device-classification/dataset/light_xm/round7_jitter/light_xm_r7.pcapng,R7,53,533.6006619930267,0.014,0.236,0.568,0.182,0.0,Light_XM
/home/lmy/iot-device-classification/dataset/light_xm/round7_jitter/light_xm_r7.pcapng,R7,54,545.3401780128479,0.144,0.45,0.148,0.256,0.002,Light_XM
/home/lmy/iot-device-classification/dataset/light_xm/round7_jitter/light_xm_r7.pcapng,R7,55,552.3666818141937,0.064,0.268,0.132,0.536,0.0,Light_XM
/home/lmy/iot-device-classification/dataset/light_xm/round7_jitter/light_xm_r7.pcapng,R7,56,565.4413802623749,0.002,0.26,0.416,0.322,0.0,Light_XM
/home/lmy/iot-device-classification/dataset/light_xm/round7_jitter/light_xm_r7.pcapng,R7,57,570.3419468402863,0.024,0.19,0.662,0.12,0.004,Light_XM
/home/lmy/iot-device-classification/dataset/light_xm/round7_jitter/light_xm_r7.pcapng,R7,58,584.6145977973938,0.024,0.248,0.48,0.248,0.0,Light_XM
/home/lmy/iot-device-classification/dataset/light_xm/round7_jitter/light_xm_r7.pcapng,R7,59,593.1881268024445,0.066,0.24,0.568,0.122,0.004,Light_XM
/home/lmy/iot-device-classification/dataset/light_xm/round7_jitter/light_xm_r7.pcapng,R7,60,600.6853110790253,0.002,0.316,0.522,0.16,0.0,Light_XM
/home/lmy/iot-device-classification/dataset/light_xm/round7_jitter/light_xm_r7.pcapng,R7,61,613.9776291847229,0.042,0.188,0.3,0.45,0.02,Light_XM
/home/lmy/iot-device-classification/dataset/light_xm/round7_jitter/light_xm_r7.pcapng,R7,62,623.5998420715332,0.018,0.19,0.7,0.092,0.0,Light_XM
/home/lmy/iot-device-classification/dataset/light_xm/round7_jitter/light_xm_r7.pcapng,R7,63,633.5816373825073,0.004,0.31,0.57,0.116,0.0,Light_XM
/home/lmy/iot-device-classification/dataset/light_xm/round7_jitter/light_xm_r7.pcapng,R7,64,643.0957365036011,0.094,0.334,0.354,0.202,0.016,Light_XM
/home/lmy/iot-device-classification/dataset/light_xm/round7_jitter/light_xm_r7.pcapng,R7,65,650.0565667152405,0.016,0.4,0.456,0.128,0.0,Light_XM
/home/lmy/iot-device-classification/dataset/light_xm/round7_jitter/light_xm_r7.pcapng,R7,66,662.4273157119751,0.01,0.198,0.706,0.086,0.0,Light_XM
/home/lmy/iot-device-classification/dataset/light_xm/round7_jitter/light_xm_r7.pcapng,R7,67,674.1225988864899,0.02,0.294,0.174,0.512,0.0,Light_XM
/home/lmy/iot-device-classification/dataset/light_xm/round7_jitter/light_xm_r7.pcapng,R7,68,680.2974004745483,0.0,0.478,0.372,0.15,0.0,Light_XM
/home/lmy/iot-device-classification/dataset/light_xm/round7_jitter/light_xm_r7.pcapng,R7,69,692.3314855098724,0.01,0.44,0.324,0.226,0.0,Light_XM
/home/lmy/iot-device-classification/dataset/light_xm/round7_jitter/light_xm_r7.pcapng,R7,70,700.4111292362213,0.018,0.366,0.546,0.07,0.0,Light_XM
/home/lmy/iot-device-classification/dataset/light_xm/round7_jitter/light_xm_r7.pcapng,R7,71,713.5948135852814,0.008,0.102,0.272,0.618,0.0,Light_XM
/home/lmy/iot-device-classification/dataset/light_xm/round7_jitter/light_xm_r7.pcapng,R7,72,720.9065887928009,0.006,0.356,0.552,0.086,0.0,Light_XM
/home/lmy/iot-device-classification/dataset/light_xm/round7_jitter/light_xm_r7.pcapng,R7,73,732.5444355010986,0.036,0.336,0.37,0.258,0.0,Light_XM
/home/lmy/iot-device-classification/dataset/light_xm/round7_jitter/light_xm_r7.pcapng,R7,74,741.7321622371674,0.01,0.386,0.336,0.268,0.0,Light_XM
/home/lmy/iot-device-classification/dataset/light_xm/round7_jitter/light_xm_r7.pcapng,R7,75,751.0016899108887,0.006,0.266,0.588,0.14,0.0,Light_XM
/home/lmy/iot-device-classification/dataset/light_xm/round7_jitter/light_xm_r7.pcapng,R7,76,765.5273895263672,0.008,0.298,0.546,0.148,0.0,Light_XM
/home/lmy/iot-device-classification/dataset/light_xm/round7_jitter/light_xm_r7.pcapng,R7,77,775.6464140415192,0.008,0.208,0.176,0.608,0.0,Light_XM
/home/lmy/iot-device-classification/dataset/light_xm/round7_jitter/light_xm_r7.pcapng,R7,78,780.0149712562561,0.062,0.23,0.584,0.12,0.004,Light_XM
/home/lmy/iot-device-classification/dataset/light_xm/round7_jitter/light_xm_r7.pcapng,R7,79,791.3257727622986,0.024,0.316,0.548,0.112,0.0,Light_XM
/home/lmy/iot-device-classification/dataset/light_xm/round7_jitter/light_xm_r7.pcapng,R7,80,801.235860824585,0.014,0.18,0.11,0.696,0.0,Light_XM
/home/lmy/iot-device-classification/dataset/light_xm/round7_jitter/light_xm_r7.pcapng,R7,81,811.0899076461792,0.014,0.244,0.55,0.192,0.0,Light_XM
/home/lmy/iot-device-classification/dataset/light_xm/round7_jitter/light_xm_r7.pcapng,R7,82,820.1815931797028,0.012,0.468,0.416,0.104,0.0,Light_XM
/home/lmy/iot-device-classification/dataset/light_xm/round7_jitter/light_xm_r7.pcapng,R7,83,831.4307639598846,0.002,0.322,0.606,0.07,0.0,Light_XM
/home/lmy/iot-device-classification/dataset/light_xm/round7_jitter/light_xm_r7.pcapng,R7,84,840.1376087665558,0.004,0.112,0.114,0.77,0.0,Light_XM
/home/lmy/iot-device-classification/dataset/light_xm/round7_jitter/light_xm_r7.pcapng,R7,85,850.3707599639893,0.022,0.468,0.376,0.134,0.0,Light_XM
/home/lmy/iot-device-classification/dataset/light_xm/round7_jitter/light_xm_r7.pcapng,R7,86,861.4657447338104,0.006,0.2,0.664,0.128,0.002,Light_XM
/home/lmy/iot-device-classification/dataset/light_xm/round7_jitter/light_xm_r7.pcapng,R7,87,871.3748528957367,0.024,0.294,0.574,0.108,0.0,Light_XM
/home/lmy/iot-device-classification/dataset/light_xm/round7_jitter/light_xm_r7.pcapng,R7,88,880.1039781570435,0.0,0.596,0.334,0.07,0.0,Light_XM
/home/lmy/iot-device-classification/dataset/light_xm/round7_jitter/light_xm_r7.pcapng,R7,89,895.7662191390991,0.004,0.206,0.716,0.074,0.0,Light_XM
/home/lmy/iot-device-classification/dataset/light_xm/round7_jitter/light_xm_r7.pcapng,R7,90,905.7765593528748,0.004,0.338,0.19,0.464,0.004,Light_XM
/home/lmy/iot-device-classification/dataset/light_xm/round7_jitter/light_xm_r7.pcapng,R7,91,910.244235277176,0.006,0.352,0.436,0.206,0.0,Light_XM
/home/lmy/iot-device-classification/dataset/light_xm/round7_jitter/light_xm_r7.pcapng,R7,92,923.8787741661072,0.002,0.22,0.694,0.084,0.0,Light_XM
/home/lmy/iot-device-classification/dataset/light_xm/round7_jitter/light_xm_r7.pcapng,R7,93,933.5639224052428,0.01,0.238,0.648,0.104,0.0,Light_XM
/home/lmy/iot-device-classification/dataset/light_xm/round7_jitter/light_xm_r7.pcapng,R7,94,945.7066037654876,0.024,0.274,0.438,0.264,0.0,Light_XM
/home/lmy/iot-device-classification/dataset/light_xm/round7_jitter/light_xm_r7.pcapng,R7,95,950.3742175102234,0.002,0.236,0.258,0.502,0.002,Light_XM
/home/lmy/iot-device-classification/dataset/light_xm/round7_jitter/light_xm_r7.pcapng,R7,96,960.0491662025452,0.03,0.278,0.532,0.16,0.0,Light_XM
/home/lmy/iot-device-classification/dataset/light_xm/round7_jitter/light_xm_r7.pcapng,R7,97,972.2702441215516,0.008,0.42,0.446,0.126,0.0,Light_XM
/home/lmy/iot-device-classification/dataset/light_xm/round7_jitter/light_xm_r7.pcapng,R7,98,985.8566946983336,0.002,0.49,0.454,0.054,0.0,Light_XM
/home/lmy/iot-device-classification/dataset/light_xm/round7_jitter/light_xm_r7.pcapng,R7,99,993.5631303787231,0.03,0.304,0.574,0.092,0.0,Light_XM
/home/lmy/iot-device-classification/dataset/light_xm/round7_jitter/light_xm_r7.pcapng,R7,100,1000.3591027259828,0.012,0.37,0.534,0.084,0.0,Light_XM
/home/lmy/iot-device-classification/dataset/light_xm/round7_jitter/light_xm_r7.pcapng,R7,101,1010.7939991950988,0.012,0.448,0.394,0.146,0.0,Light_XM
/home/lmy/iot-device-classification/dataset/light_xm/round7_jitter/light_xm_r7.pcapng,R7,102,1020.0230164527892,0.018,0.406,0.464,0.112,0.0,Light_XM
/home/lmy/iot-device-classification/dataset/light_xm/round7_jitter/light_xm_r7.pcapng,R7,103,1030.4832015037537,0.004,0.316,0.194,0.486,0.0,Light_XM
/home/lmy/iot-device-classification/dataset/light_xm/round7_jitter/light_xm_r7.pcapng,R7,104,1041.5685710906982,0.0,0.168,0.812,0.02,0.0,Light_XM
/home/lmy/iot-device-classification/dataset/light_xm/round7_jitter/light_xm_r7.pcapng,R7,105,1051.6396136283877,0.002,0.198,0.762,0.038,0.0,Light_XM
/home/lmy/iot-device-classification/dataset/light_xm/round7_jitter/light_xm_r7.pcapng,R7,106,1061.7284371852877,0.006,0.456,0.37,0.168,0.0,Light_XM
/home/lmy/iot-device-classification/dataset/light_xm/round7_jitter/light_xm_r7.pcapng,R7,107,1073.5927457809448,0.024,0.294,0.444,0.238,0.0,Light_XM
/home/lmy/iot-device-classification/dataset/light_xm/round7_jitter/light_xm_r7.pcapng,R7,108,1084.0525920391085,0.014,0.498,0.302,0.184,0.002,Light_XM
/home/lmy/iot-device-classification/dataset/light_xm/round7_jitter/light_xm_r7.pcapng,R7,109,1091.8233494758606,0.004,0.418,0.398,0.18,0.0,Light_XM
/home/lmy/iot-device-classification/dataset/light_xm/round7_jitter/light_xm_r7.pcapng,R7,110,1100.2064175605774,0.024,0.276,0.178,0.522,0.0,Light_XM
/home/lmy/iot-device-classification/dataset/light_xm/round7_jitter/light_xm_r7.pcapng,R7,111,1110.9583203792572,0.002,0.684,0.234,0.08,0.0,Light_XM
/home/lmy/iot-device-classification/dataset/light_xm/round7_jitter/light_xm_r7.pcapng,R7,112,1120.03839468956,0.038,0.46,0.362,0.14,0.0,Light_XM
/home/lmy/iot-device-classification/dataset/light_xm/round7_jitter/light_xm_r7.pcapng,R7,113,1136.006670475006,0.0,0.044,0.082,0.874,0.0,Light_XM
/home/lmy/iot-device-classification/dataset/light_xm/round7_jitter/light_xm_r7.pcapng,R7,114,1141.2197859287262,0.006,0.196,0.758,0.04,0.0,Light_XM
/home/lmy/iot-device-classification/dataset/light_xm/round7_jitter/light_xm_r7.pcapng,R7,115,1152.28897190094,0.016,0.24,0.432,0.312,0.0,Light_XM
/home/lmy/iot-device-classification/dataset/light_xm/round7_jitter/light_xm_r7.pcapng,R7,116,1163.3596096038818,0.034,0.418,0.404,0.144,0.0,Light_XM
/home/lmy/iot-device-classification/dataset/light_xm/round7_jitter/light_xm_r7.pcapng,R7,117,1171.451291322708,0.006,0.19,0.768,0.036,0.0,Light_XM
/home/lmy/iot-device-classification/dataset/light_xm/round7_jitter/light_xm_r7.pcapng,R7,118,1181.4886949062347,0.014,0.284,0.556,0.146,0.0,Light_XM
/home/lmy/iot-device-classification/dataset/light_xm/round7_jitter/light_xm_r7.pcapng,R7,119,1193.60218000412,0.008,0.418,0.53,0.044,0.0,Light_XM
/home/lmy/iot-device-classification/dataset/light_xm/round7_jitter/light_xm_r7.pcapng,R7,120,1202.6289780139923,0.006,0.324,0.52,0.148,0.002,Light_XM
/home/lmy/iot-device-classification/dataset/light_xm/round7_jitter/light_xm_r7.pcapng,R7,121,1210.699779510498,0.01,0.454,0.324,0.212,0.0,Light_XM
/home/lmy/iot-device-classification/dataset/light_xm/round7_jitter/light_xm_r7.pcapng,R7,122,1220.7687411308289,0.006,0.136,0.822,0.036,0.0,Light_XM
/home/lmy/iot-device-classification/dataset/light_xm/round7_jitter/light_xm_r7.pcapng,R7,123,1233.5636167526245,0.026,0.212,0.664,0.098,0.0,Light_XM
/home/lmy/iot-device-classification/dataset/light_xm/round7_jitter/light_xm_r7.pcapng,R7,124,1245.8823759555817,0.012,0.25,0.466,0.27,0.002,Light_XM
/home/lmy/iot-device-classification/dataset/light_xm/round7_jitter/light_xm_r7.pcapng,R7,125,1250.0093796253204,0.008,0.324,0.41,0.258,0.0,Light_XM
/home/lmy/iot-device-classification/dataset/light_xm/round7_jitter/light_xm_r7.pcapng,R7,126,1264.1197991371157,0.03,0.098,0.17,0.702,0.0,Light_XM
/home/lmy/iot-device-classification/dataset/light_xm/round7_jitter/light_xm_r7.pcapng,R7,127,1270.272162914276,0.014,0.436,0.382,0.168,0.0,Light_XM
/home/lmy/iot-device-classification/dataset/light_xm/round7_jitter/light_xm_r7.pcapng,R7,128,1280.1024162769318,0.006,0.282,0.296,0.416,0.0,Light_XM
/home/lmy/iot-device-classification/dataset/light_xm/round7_jitter/light_xm_r7.pcapng,R7,129,1291.328403711319,0.024,0.512,0.384,0.08,0.0,Light_XM
/home/lmy/iot-device-classification/dataset/light_xm/round7_jitter/light_xm_r7.pcapng,R7,130,1301.4185009002686,0.002,0.3,0.558,0.14,0.0,Light_XM
/home/lmy/iot-device-classification/dataset/light_xm/round7_jitter/light_xm_r7.pcapng,R7,131,1310.48903131485,0.014,0.408,0.514,0.064,0.0,Light_XM
/home/lmy/iot-device-classification/dataset/light_xm/round7_jitter/light_xm_r7.pcapng,R7,132,1322.04252243042,0.0,0.12,0.398,0.482,0.0,Light_XM
/home/lmy/iot-device-classification/dataset/light_xm/round7_jitter/light_xm_r7.pcapng,R7,133,1332.6091125011444,0.016,0.432,0.41,0.142,0.0,Light_XM
/home/lmy/iot-device-classification/dataset/light_xm/round7_jitter/light_xm_r7.pcapng,R7,134,1341.1458892822266,0.01,0.122,0.746,0.122,0.0,Light_XM
/home/lmy/iot-device-classification/dataset/light_xm/round7_jitter/light_xm_r7.pcapng,R7,135,1350.7810440063477,0.02,0.444,0.438,0.098,0.0,Light_XM
/home/lmy/iot-device-classification/dataset/light_xm/round7_jitter/light_xm_r7.pcapng,R7,136,1362.7733335494995,0.008,0.28,0.334,0.378,0.0,Light_XM
/home/lmy/iot-device-classification/dataset/light_xm/round7_jitter/light_xm_r7.pcapng,R7,137,1371.1393716335297,0.008,0.374,0.51,0.108,0.0,Light_XM
/home/lmy/iot-device-classification/dataset/light_xm/round7_jitter/light_xm_r7.pcapng,R7,138,1382.9220893383026,0.012,0.446,0.452,0.09,0.0,Light_XM
/home/lmy/iot-device-classification/dataset/light_xm/round7_jitter/light_xm_r7.pcapng,R7,139,1391.3425540924072,0.02,0.316,0.248,0.416,0.0,Light_XM
/home/lmy/iot-device-classification/dataset/light_xm/round7_jitter/light_xm_r7.pcapng,R7,140,1401.048982381821,0.0,0.138,0.72,0.142,0.0,Light_XM
/home/lmy/iot-device-classification/dataset/light_xm/round7_jitter/light_xm_r7.pcapng,R7,141,1410.128938913345,0.002,0.348,0.534,0.116,0.0,Light_XM
/home/lmy/iot-device-classification/dataset/light_xm/round7_jitter/light_xm_r7.pcapng,R7,142,1420.208375930786,0.012,0.368,0.436,0.184,0.0,Light_XM
/home/lmy/iot-device-classification/dataset/light_xm/round7_jitter/light_xm_r7.pcapng,R7,143,1433.5934944152832,0.006,0.296,0.606,0.092,0.0,Light_XM
/home/lmy/iot-device-classification/dataset/light_xm/round7_jitter/light_xm_r7.pcapng,R7,144,1443.8928775787354,0.002,0.46,0.346,0.19,0.002,Light_XM
/home/lmy/iot-device-classification/dataset/light_xm/round7_jitter/light_xm_r7.pcapng,R7,145,1451.401231050491,0.01,0.6,0.264,0.126,0.0,Light_XM
/home/lmy/iot-device-classification/dataset/light_xm/round7_jitter/light_xm_r7.pcapng,R7,146,1460.0628776550293,0.088,0.198,0.278,0.434,0.002,Light_XM
/home/lmy/iot-device-classification/dataset/light_xm/round7_jitter/light_xm_r7.pcapng,R7,147,1471.9833884239197,0.154,0.344,0.3,0.202,0.0,Light_XM
/home/lmy/iot-device-classification/dataset/light_xm/round7_jitter/light_xm_r7.pcapng,R7,148,1485.4948880672457,0.016,0.302,0.458,0.224,0.0,Light_XM
/home/lmy/iot-device-classification/dataset/light_xm/round7_jitter/light_xm_r7.pcapng,R7,149,1491.6396687030792,0.002,0.234,0.754,0.01,0.0,Light_XM
/home/lmy/iot-device-classification/dataset/light_xm/round7_jitter/light_xm_r7.pcapng,R7,150,1504.2126293182373,0.012,0.262,0.662,0.064,0.0,Light_XM
/home/lmy/iot-device-classification/dataset/light_xm/round7_jitter/light_xm_r7.pcapng,R7,151,1513.04158949852,0.014,0.284,0.466,0.236,0.0,Light_XM
/home/lmy/iot-device-classification/dataset/light_xm/round7_jitter/light_xm_r7.pcapng,R7,152,1523.5928819179535,0.012,0.452,0.384,0.152,0.0,Light_XM
/home/lmy/iot-device-classification/dataset/light_xm/round7_jitter/light_xm_r7.pcapng,R7,153,1532.9288215637207,0.008,0.278,0.566,0.148,0.0,Light_XM
/home/lmy/iot-device-classification/dataset/light_xm/round7_jitter/light_xm_r7.pcapng,R7,154,1543.732706785202,0.006,0.334,0.428,0.232,0.0,Light_XM
/home/lmy/iot-device-classification/dataset/light_xm/round7_jitter/light_xm_r7.pcapng,R7,155,1556.344543218613,0.148,0.214,0.114,0.458,0.066,Light_XM
/home/lmy/iot-device-classification/dataset/light_xm/round7_jitter/light_xm_r7.pcapng,R7,156,1561.188406944275,0.016,0.308,0.548,0.126,0.002,Light_XM
/home/lmy/iot-device-classification/dataset/light_xm/round7_jitter/light_xm_r7.pcapng,R7,157,1571.0530121326449,0.006,0.292,0.142,0.558,0.002,Light_XM
/home/lmy/iot-device-classification/dataset/light_xm/round7_jitter/light_xm_r7.pcapng,R7,158,1583.1694583892822,0.01,0.402,0.452,0.136,0.0,Light_XM
/home/lmy/iot-device-classification/dataset/light_xm/round7_jitter/light_xm_r7.pcapng,R7,159,1593.5630071163175,0.006,0.192,0.722,0.08,0.0,Light_XM
/home/lmy/iot-device-classification/dataset/light_xm/round7_jitter/light_xm_r7.pcapng,R7,160,1600.2800867557526,0.006,0.622,0.258,0.114,0.0,Light_XM
/home/lmy/iot-device-classification/dataset/light_xm/round7_jitter/light_xm_r7.pcapng,R7,161,1610.943098306656,0.018,0.466,0.312,0.204,0.0,Light_XM
/home/lmy/iot-device-classification/dataset/light_xm/round7_jitter/light_xm_r7.pcapng,R7,162,1620.4338850975037,0.006,0.368,0.494,0.132,0.0,Light_XM
/home/lmy/iot-device-classification/dataset/light_xm/round7_jitter/light_xm_r7.pcapng,R7,163,1632.51953125,0.004,0.496,0.32,0.18,0.0,Light_XM
/home/lmy/iot-device-classification/dataset/light_xm/round7_jitter/light_xm_r7.pcapng,R7,164,1645.6527152061462,0.006,0.392,0.082,0.518,0.002,Light_XM
/home/lmy/iot-device-classification/dataset/light_xm/round7_jitter/light_xm_r7.pcapng,R7,165,1650.041686296463,0.014,0.184,0.432,0.368,0.002,Light_XM
/home/lmy/iot-device-classification/dataset/light_xm/round7_jitter/light_xm_r7.pcapng,R7,166,1660.7087054252625,0.01,0.41,0.436,0.144,0.0,Light_XM
/home/lmy/iot-device-classification/dataset/light_xm/round7_jitter/light_xm_r7.pcapng,R7,167,1670.354951620102,0.008,0.262,0.362,0.368,0.0,Light_XM
/home/lmy/iot-device-classification/dataset/light_xm/round7_jitter/light_xm_r7.pcapng,R7,168,1683.093889951706,0.072,0.628,0.096,0.204,0.0,Light_XM
/home/lmy/iot-device-classification/dataset/light_xm/round7_jitter/light_xm_r7.pcapng,R7,169,1691.8212831020355,0.02,0.358,0.392,0.23,0.0,Light_XM
/home/lmy/iot-device-classification/dataset/light_xm/round7_jitter/light_xm_r7.pcapng,R7,170,1702.96839594841,0.002,0.328,0.486,0.184,0.0,Light_XM
/home/lmy/iot-device-classification/dataset/light_xm/round7_jitter/light_xm_r7.pcapng,R7,171,1710.3579807281494,0.014,0.318,0.418,0.25,0.0,Light_XM
/home/lmy/iot-device-classification/dataset/light_xm/round7_jitter/light_xm_r7.pcapng,R7,172,1721.159142255783,0.06,0.436,0.226,0.276,0.002,Light_XM
/home/lmy/iot-device-classification/dataset/light_xm/round7_jitter/light_xm_r7.pcapng,R7,173,1730.141224384308,0.0,0.142,0.372,0.486,0.0,Light_XM
/home/lmy/iot-device-classification/dataset/light_xm/round7_jitter/light_xm_r7.pcapng,R7,174,1740.2813391685486,0.016,0.468,0.346,0.17,0.0,Light_XM
/home/lmy/iot-device-classification/dataset/light_xm/round7_jitter/light_xm_r7.pcapng,R7,175,1750.2989320755005,0.008,0.486,0.358,0.148,0.0,Light_XM
/home/lmy/iot-device-classification/dataset/light_xm/round7_jitter/light_xm_r7.pcapng,R7,176,1760.342375278473,0.0,0.14,0.372,0.488,0.0,Light_XM
/home/lmy/iot-device-classification/dataset/light_xm/round7_jitter/light_xm_r7.pcapng,R7,177,1772.3410875797272,0.002,0.146,0.8,0.052,0.0,Light_XM
/home/lmy/iot-device-classification/dataset/light_xm/round7_jitter/light_xm_r7.pcapng,R7,178,1780.529576778412,0.036,0.54,0.296,0.128,0.0,Light_XM
/home/lmy/iot-device-classification/dataset/light_xm/round7_jitter/light_xm_r7.pcapng,R7,179,1791.6587524414062,0.028,0.454,0.396,0.122,0.0,Light_XM
/home/lmy/iot-device-classification/dataset/light_xm/round7_jitter/light_xm_r7.pcapng,R7,180,1803.7395596504207,0.012,0.256,0.536,0.19,0.006,Light_XM
/home/lmy/iot-device-classification/dataset/light_xm/round7_jitter/light_xm_r7.pcapng,R7,181,1816.2132909297943,0.034,0.306,0.38,0.27,0.01,Light_XM
/home/lmy/iot-device-classification/dataset/light_xm/round7_jitter/light_xm_r7.pcapng,R7,182,1824.5336363315585,0.0,0.304,0.622,0.074,0.0,Light_XM
/home/lmy/iot-device-classification/dataset/light_xm/round7_jitter/light_xm_r7.pcapng,R7,183,1832.682523727417,0.016,0.35,0.528,0.106,0.0,Light_XM
/home/lmy/iot-device-classification/dataset/light_xm/round7_jitter/light_xm_r7.pcapng,R7,184,1843.253168106079,0.03,0.33,0.406,0.232,0.002,Light_XM
/home/lmy/iot-device-classification/dataset/light_xm/round7_jitter/light_xm_r7.pcapng,R7,185,1850.3520188331604,0.006,0.398,0.404,0.192,0.0,Light_XM
/home/lmy/iot-device-classification/dataset/light_xm/round7_jitter/light_xm_r7.pcapng,R7,186,1861.301681280136,0.002,0.338,0.612,0.048,0.0,Light_XM
/home/lmy/iot-device-classification/dataset/light_xm/round7_jitter/light_xm_r7.pcapng,R7,187,1874.4534583091736,0.014,0.332,0.344,0.31,0.0,Light_XM
/home/lmy/iot-device-classification/dataset/light_xm/round7_jitter/light_xm_r7.pcapng,R7,188,1883.594200372696,0.008,0.372,0.546,0.074,0.0,Light_XM
/home/lmy/iot-device-classification/dataset/light_xm/round7_jitter/light_xm_r7.pcapng,R7,189,1890.193105220795,0.002,0.158,0.44,0.4,0.0,Light_XM
/home/lmy/iot-device-classification/dataset/light_xm/round7_jitter/light_xm_r7.pcapng,R7,190,1903.408964395523,0.014,0.302,0.43,0.254,0.0,Light_XM
/home/lmy/iot-device-classification/dataset/light_xm/round7_jitter/light_xm_r7.pcapng,R7,191,1914.1195805072784,0.0,0.24,0.662,0.098,0.0,Light_XM
/home/lmy/iot-device-classification/dataset/light_xm/round7_jitter/light_xm_r7.pcapng,R7,192,1923.5723435878756,0.004,0.394,0.466,0.136,0.0,Light_XM
/home/lmy/iot-device-classification/dataset/light_xm/round7_jitter/light_xm_r7.pcapng,R7,193,1932.601036310196,0.01,0.418,0.456,0.116,0.0,Light_XM
/home/lmy/iot-device-classification/dataset/light_xm/round7_jitter/light_xm_r7.pcapng,R7,194,1945.1733803749084,0.022,0.564,0.2,0.214,0.0,Light_XM
/home/lmy/iot-device-classification/dataset/light_xm/round7_jitter/light_xm_r7.pcapng,R7,195,1950.203512907028,0.016,0.206,0.658,0.12,0.0,Light_XM
/home/lmy/iot-device-classification/dataset/light_xm/round7_jitter/light_xm_r7.pcapng,R7,196,1960.84175992012,0.002,0.528,0.344,0.126,0.0,Light_XM
/home/lmy/iot-device-classification/dataset/light_xm/round7_jitter/light_xm_r7.pcapng,R7,197,1971.0624225139616,0.004,0.468,0.452,0.076,0.0,Light_XM
/home/lmy/iot-device-classification/dataset/light_xm/round7_jitter/light_xm_r7.pcapng,R7,198,1980.5131871700287,0.004,0.242,0.718,0.036,0.0,Light_XM
/home/lmy/iot-device-classification/dataset/light_xm/round7_jitter/light_xm_r7.pcapng,R7,199,1991.8312833309171,0.008,0.326,0.332,0.334,0.0,Light_XM
/home/lmy/iot-device-classification/dataset/light_xm/round7_jitter/light_xm_r7.pcapng,R7,200,2002.1288087368007,0.0,0.184,0.694,0.122,0.0,Light_XM
/home/lmy/iot-device-classification/dataset/light_xm/round7_jitter/light_xm_r7.pcapng,R7,201,2012.1289551258087,0.016,0.434,0.458,0.092,0.0,Light_XM
/home/lmy/iot-device-classification/dataset/light_xm/round7_jitter/light_xm_r7.pcapng,R7,202,2022.209891319275,0.006,0.304,0.502,0.188,0.0,Light_XM
/home/lmy/iot-device-classification/dataset/light_xm/round7_jitter/light_xm_r7.pcapng,R7,203,2034.6132884025571,0.002,0.256,0.668,0.074,0.0,Light_XM
/home/lmy/iot-device-classification/dataset/light_xm/round7_jitter/light_xm_r7.pcapng,R7,204,2040.361088514328,0.0,0.236,0.728,0.036,0.0,Light_XM
/home/lmy/iot-device-classification/dataset/light_xm/round7_jitter/light_xm_r7.pcapng,R7,205,2053.333266735077,0.016,0.434,0.402,0.144,0.004,Light_XM
/home/lmy/iot-device-classification/dataset/light_xm/round7_jitter/light_xm_r7.pcapng,R7,206,2063.5692687034607,0.01,0.414,0.41,0.166,0.0,Light_XM
/home/lmy/iot-device-classification/dataset/light_xm/round7_jitter/light_xm_r7.pcapng,R7,207,2071.9517493247986,0.006,0.292,0.626,0.076,0.0,Light_XM
/home/lmy/iot-device-classification/dataset/light_xm/round7_jitter/light_xm_r7.pcapng,R7,208,2084.5430188179016,0.016,0.414,0.452,0.118,0.0,Light_XM
/home/lmy/iot-device-classification/dataset/light_xm/round7_jitter/light_xm_r7.pcapng,R7,209,2095.8094823360443,0.004,0.352,0.548,0.096,0.0,Light_XM
/home/lmy/iot-device-classification/dataset/light_xm/round7_jitter/light_xm_r7.pcapng,R7,210,2103.350998401642,0.136,0.464,0.266,0.132,0.002,Light_XM
/home/lmy/iot-device-classification/dataset/light_xm/round7_jitter/light_xm_r7.pcapng,R7,211,2115.7589395046234,0.036,0.336,0.38,0.244,0.004,Light_XM
/home/lmy/iot-device-classification/dataset/light_xm/round7_jitter/light_xm_r7.pcapng,R7,212,2124.0529446601868,0.002,0.474,0.458,0.066,0.0,Light_XM
/home/lmy/iot-device-classification/dataset/light_xm/round7_jitter/light_xm_r7.pcapng,R7,213,2134.0662591457367,0.012,0.374,0.252,0.362,0.0,Light_XM
/home/lmy/iot-device-classification/dataset/light_xm/round7_jitter/light_xm_r7.pcapng,R7,214,2141.4815018177032,0.018,0.522,0.396,0.064,0.0,Light_XM
/home/lmy/iot-device-classification/dataset/light_xm/round7_jitter/light_xm_r7.pcapng,R7,215,2153.5984132289886,0.012,0.288,0.622,0.078,0.0,Light_XM
/home/lmy/iot-device-classification/dataset/light_xm/round7_jitter/light_xm_r7.pcapng,R7,216,2162.2901413440704,0.004,0.24,0.654,0.102,0.0,Light_XM
/home/lmy/iot-device-classification/dataset/light_xm/round7_jitter/light_xm_r7.pcapng,R7,217,2170.380039215088,0.01,0.496,0.244,0.25,0.0,Light_XM
/home/lmy/iot-device-classification/dataset/light_xm/round7_jitter/light_xm_r7.pcapng,R7,218,2181.4101145267487,0.0,0.202,0.72,0.078,0.0,Light_XM
/home/lmy/iot-device-classification/dataset/light_xm/round7_jitter/light_xm_r7.pcapng,R7,219,2191.489990711212,0.01,0.43,0.488,0.072,0.0,Light_XM
/home/lmy/iot-device-classification/dataset/light_xm/round7_jitter/light_xm_r7.pcapng,R7,220,2201.570640563965,0.006,0.492,0.332,0.17,0.0,Light_XM
/home/lmy/iot-device-classification/dataset/light_xm/round7_jitter/light_xm_r7.pcapng,R7,221,2211.2726531028748,0.01,0.26,0.412,0.318,0.0,Light_XM
/home/lmy/iot-device-classification/dataset/light_xm/round7_jitter/light_xm_r7.pcapng,R7,222,2220.689675331116,0.0,0.144,0.792,0.064,0.0,Light_XM
/home/lmy/iot-device-classification/dataset/light_xm/round7_jitter/light_xm_r7.pcapng,R7,223,2230.770434141159,0.152,0.372,0.366,0.108,0.002,Light_XM
/home/lmy/iot-device-classification/dataset/light_xm/round7_jitter/light_xm_r7.pcapng,R7,224,2243.5983123779297,0.034,0.1,0.718,0.148,0.0,Light_XM
/home/lmy/iot-device-classification/dataset/light_xm/round7_jitter/light_xm_r7.pcapng,R7,225,2257.161903858185,0.006,0.514,0.41,0.07,0.0,Light_XM
/home/lmy/iot-device-classification/dataset/light_xm/round7_jitter/light_xm_r7.pcapng,R7,226,2260.4747066497803,0.002,0.568,0.286,0.144,0.0,Light_XM
/home/lmy/iot-device-classification/dataset/light_xm/round7_jitter/light_xm_r7.pcapng,R7,227,2270.301010131836,0.002,0.224,0.548,0.226,0.0,Light_XM
/home/lmy/iot-device-classification/dataset/light_xm/round7_jitter/light_xm_r7.pcapng,R7,228,2280.9905440807343,0.012,0.25,0.684,0.054,0.0,Light_XM
/home/lmy/iot-device-classification/dataset/light_xm/round7_jitter/light_xm_r7.pcapng,R7,229,2291.161273956299,0.004,0.356,0.236,0.404,0.0,Light_XM
/home/lmy/iot-device-classification/dataset/light_xm/round7_jitter/light_xm_r7.pcapng,R7,230,2300.3698654174805,0.012,0.238,0.708,0.042,0.0,Light_XM
/home/lmy/iot-device-classification/dataset/light_xm/round7_jitter/light_xm_r7.pcapng,R7,231,2313.562837600708,0.05,0.244,0.396,0.31,0.0,Light_XM
/home/lmy/iot-device-classification/dataset/light_xm/round7_jitter/light_xm_r7.pcapng,R7,232,2320.2280333042145,0.008,0.31,0.552,0.13,0.0,Light_XM
/home/lmy/iot-device-classification/dataset/light_xm/round7_jitter/light_xm_r7.pcapng,R7,233,2332.5480558872223,0.0,0.564,0.362,0.074,0.0,Light_XM
/home/lmy/iot-device-classification/dataset/light_xm/round7_jitter/light_xm_r7.pcapng,R7,234,2342.6160097122192,0.002,0.15,0.742,0.106,0.0,Light_XM
/home/lmy/iot-device-classification/dataset/light_xm/round7_jitter/light_xm_r7.pcapng,R7,235,2353.810405731201,0.01,0.274,0.536,0.18,0.0,Light_XM
/home/lmy/iot-device-classification/dataset/light_xm/round7_jitter/light_xm_r7.pcapng,R7,236,2364.861817836761,0.002,0.462,0.476,0.06,0.0,Light_XM
/home/lmy/iot-device-classification/dataset/light_xm/round7_jitter/light_xm_r7.pcapng,R7,237,2371.941505908966,0.02,0.46,0.406,0.112,0.002,Light_XM
/home/lmy/iot-device-classification/dataset/light_xm/round7_jitter/light_xm_r7.pcapng,R7,238,2386.259801626205,0.102,0.232,0.146,0.514,0.006,Light_XM
/home/lmy/iot-device-classification/dataset/light_xm/round7_jitter/light_xm_r7.pcapng,R7,239,2390.093371868133,0.002,0.34,0.508,0.15,0.0,Light_XM
/home/lmy/iot-device-classification/dataset/light_xm/round7_jitter/light_xm_r7.pcapng,R7,240,2401.020689725876,0.012,0.518,0.372,0.098,0.0,Light_XM
/home/lmy/iot-device-classification/dataset/light_xm/round7_jitter/light_xm_r7.pcapng,R7,241,2413.9404113292694,0.008,0.272,0.592,0.128,0.0,Light_XM
/home/lmy/iot-device-classification/dataset/light_xm/round7_jitter/light_xm_r7.pcapng,R7,242,2421.170889854431,0.01,0.238,0.68,0.072,0.0,Light_XM
/home/lmy/iot-device-classification/dataset/light_xm/round7_jitter/light_xm_r7.pcapng,R7,243,2433.562793970108,0.014,0.398,0.448,0.14,0.0,Light_XM
/home/lmy/iot-device-classification/dataset/light_xm/round7_jitter/light_xm_r7.pcapng,R7,244,2440.2825038433075,0.014,0.542,0.34,0.104,0.0,Light_XM
/home/lmy/iot-device-classification/dataset/light_xm/round7_jitter/light_xm_r7.pcapng,R7,245,2450.5732023715973,0.002,0.368,0.498,0.132,0.0,Light_XM
/home/lmy/iot-device-classification/dataset/light_xm/round7_jitter/light_xm_r7.pcapng,R7,246,2463.57657122612,0.162,0.206,0.32,0.304,0.008,Light_XM
/home/lmy/iot-device-classification/dataset/light_xm/round7_jitter/light_xm_r7.pcapng,R7,247,2475.5755348205566,0.006,0.436,0.452,0.106,0.0,Light_XM
/home/lmy/iot-device-classification/dataset/light_xm/round7_jitter/light_xm_r7.pcapng,R7,248,2483.562212705612,0.012,0.266,0.568,0.154,0.0,Light_XM
/home/lmy/iot-device-classification/dataset/light_xm/round7_jitter/light_xm_r7.pcapng,R7,249,2496.375587463379,0.0,0.672,0.192,0.136,0.0,Light_XM
/home/lmy/iot-device-classification/dataset/light_xm/round7_jitter/light_xm_r7.pcapng,R7,250,2500.34100151062,0.008,0.498,0.24,0.254,0.0,Light_XM
/home/lmy/iot-device-classification/dataset/light_xm/round7_jitter/light_xm_r7.pcapng,R7,251,2510.201635122299,0.01,0.22,0.692,0.078,0.0,Light_XM
/home/lmy/iot-device-classification/dataset/light_xm/round7_jitter/light_xm_r7.pcapng,R7,252,2520.0117197036743,0.002,0.248,0.58,0.17,0.0,Light_XM
/home/lmy/iot-device-classification/dataset/light_xm/round7_jitter/light_xm_r7.pcapng,R7,253,2530.931340932846,0.004,0.52,0.304,0.172,0.0,Light_XM
/home/lmy/iot-device-classification/dataset/light_xm/round7_jitter/light_xm_r7.pcapng,R7,254,2540.231107234955,0.0,0.24,0.708,0.052,0.0,Light_XM
/home/lmy/iot-device-classification/dataset/light_xm/round7_jitter/light_xm_r7.pcapng,R7,255,2551.572830915451,0.01,0.384,0.38,0.226,0.0,Light_XM
/home/lmy/iot-device-classification/dataset/light_xm/round7_jitter/light_xm_r7.pcapng,R7,256,2565.0150487422943,0.018,0.292,0.48,0.206,0.004,Light_XM
/home/lmy/iot-device-classification/dataset/light_xm/round7_jitter/light_xm_r7.pcapng,R7,257,2575.4146780967712,0.002,0.38,0.512,0.106,0.0,Light_XM
/home/lmy/iot-device-classification/dataset/light_xm/round7_jitter/light_xm_r7.pcapng,R7,258,2580.441318750381,0.004,0.282,0.666,0.048,0.0,Light_XM
/home/lmy/iot-device-classification/dataset/light_xm/round7_jitter/light_xm_r7.pcapng,R7,259,2590.4534261226654,0.002,0.572,0.302,0.124,0.0,Light_XM
/home/lmy/iot-device-classification/dataset/light_xm/round7_jitter/light_xm_r7.pcapng,R7,260,2603.596045732498,0.076,0.21,0.156,0.554,0.004,Light_XM
/home/lmy/iot-device-classification/dataset/light_xm/round7_jitter/light_xm_r7.pcapng,R7,261,2610.451020002365,0.0,0.282,0.662,0.056,0.0,Light_XM
/home/lmy/iot-device-classification/dataset/light_xm/round7_jitter/light_xm_r7.pcapng,R7,262,2621.5414571762085,0.006,0.33,0.534,0.13,0.0,Light_XM
/home/lmy/iot-device-classification/dataset/light_xm/round7_jitter/light_xm_r7.pcapng,R7,263,2633.551512479782,0.0,0.352,0.556,0.092,0.0,Light_XM
/home/lmy/iot-device-classification/dataset/light_xm/round7_jitter/light_xm_r7.pcapng,R7,264,2642.737452030182,0.004,0.332,0.522,0.142,0.0,Light_XM
/home/lmy/iot-device-classification/dataset/light_xm/round7_jitter/light_xm_r7.pcapng,R7,265,2654.45578789711,0.012,0.342,0.46,0.184,0.002,Light_XM
/home/lmy/iot-device-classification/dataset/light_xm/round7_jitter/light_xm_r7.pcapng,R7,266,2661.8031787872314,0.002,0.636,0.218,0.142,0.002,Light_XM
/home/lmy/iot-device-classification/dataset/light_xm/round7_jitter/light_xm_r7.pcapng,R7,267,2671.1747488975525,0.034,0.286,0.282,0.398,0.0,Light_XM
/home/lmy/iot-device-classification/dataset/light_xm/round7_jitter/light_xm_r7.pcapng,R7,268,2680.9430022239685,0.01,0.39,0.532,0.068,0.0,Light_XM
/home/lmy/iot-device-classification/dataset/light_xm/round7_jitter/light_xm_r7.pcapng,R7,269,2692.009129524231,0.004,0.56,0.316,0.118,0.002,Light_XM
/home/lmy/iot-device-classification/dataset/light_xm/round7_jitter/light_xm_r7.pcapng,R7,270,2701.0998039245605,0.0,0.176,0.748,0.076,0.0,Light_XM
/home/lmy/iot-device-classification/dataset/light_xm/round7_jitter/light_xm_r7.pcapng,R7,271,2711.091678380966,0.02,0.38,0.236,0.364,0.0,Light_XM
/home/lmy/iot-device-classification/dataset/light_xm/round7_jitter/light_xm_r7.pcapng,R7,272,2721.151560544968,0.002,0.428,0.478,0.092,0.0,Light_XM
/home/lmy/iot-device-classification/dataset/light_xm/round7_jitter/light_xm_r7.pcapng,R7,273,2730.355355501175,0.026,0.336,0.546,0.092,0.0,Light_XM
/home/lmy/iot-device-classification/dataset/light_xm/round7_jitter/light_xm_r7.pcapng,R7,274,2741.330987930298,0.006,0.338,0.508,0.148,0.0,Light_XM
/home/lmy/iot-device-classification/dataset/light_xm/round7_jitter/light_xm_r7.pcapng,R7,275,2750.16319489479,0.002,0.308,0.624,0.066,0.0,Light_XM
/home/lmy/iot-device-classification/dataset/light_xm/round7_jitter/light_xm_r7.pcapng,R7,276,2766.531286239624,0.0,0.238,0.62,0.142,0.0,Light_XM
/home/lmy/iot-device-classification/dataset/light_xm/round7_jitter/light_xm_r7.pcapng,R7,277,2771.5639882087708,0.01,0.592,0.252,0.146,0.0,Light_XM
/home/lmy/iot-device-classification/dataset/light_xm/round7_jitter/light_xm_r7.pcapng,R7,278,2781.5089704990387,0.004,0.066,0.082,0.848,0.0,Light_XM
/home/lmy/iot-device-classification/dataset/light_xm/round7_jitter/light_xm_r7.pcapng,R7,279,2790.701418399811,0.026,0.24,0.602,0.132,0.0,Light_XM
/home/lmy/iot-device-classification/dataset/light_xm/round7_jitter/light_xm_r7.pcapng,R7,280,2802.9354813098907,0.002,0.3,0.554,0.144,0.0,Light_XM
/home/lmy/iot-device-classification/dataset/light_xm/round7_jitter/light_xm_r7.pcapng,R7,281,2811.4114797115326,0.01,0.284,0.286,0.42,0.0,Light_XM
/home/lmy/iot-device-classification/dataset/light_xm/round7_jitter/light_xm_r7.pcapng,R7,282,2823.574895143509,0.008,0.448,0.406,0.138,0.0,Light_XM
/home/lmy/iot-device-classification/dataset/light_xm/round7_jitter/light_xm_r7.pcapng,R7,283,2831.551496744156,0.014,0.526,0.302,0.158,0.0,Light_XM
/home/lmy/iot-device-classification/dataset/light_xm/round7_jitter/light_xm_r7.pcapng,R7,284,2845.8151936531067,0.098,0.386,0.146,0.364,0.006,Light_XM
/home/lmy/iot-device-classification/dataset/light_xm/round7_jitter/light_xm_r7.pcapng,R7,285,2850.1215059757237,0.006,0.224,0.552,0.218,0.0,Light_XM
/home/lmy/iot-device-classification/dataset/light_xm/round7_jitter/light_xm_r7.pcapng,R7,286,2861.0644342899323,0.0,0.654,0.286,0.06,0.0,Light_XM
/home/lmy/iot-device-classification/dataset/light_xm/round7_jitter/light_xm_r7.pcapng,R7,287,2870.1414515972137,0.018,0.502,0.234,0.246,0.0,Light_XM
/home/lmy/iot-device-classification/dataset/light_xm/round7_jitter/light_xm_r7.pcapng,R7,288,2881.483600616455,0.006,0.238,0.692,0.064,0.0,Light_XM
/home/lmy/iot-device-classification/dataset/light_xm/round7_jitter/light_xm_r7.pcapng,R7,289,2891.904294729233,0.0,0.278,0.598,0.124,0.0,Light_XM
/home/lmy/iot-device-classification/dataset/light_xm/round7_jitter/light_xm_r7.pcapng,R7,290,2903.3317863941197,0.066,0.51,0.204,0.218,0.002,Light_XM
/home/lmy/iot-device-classification/dataset/light_xm/round7_jitter/light_xm_r7.pcapng,R7,291,2913.561202764511,0.086,0.412,0.308,0.194,0.0,Light_XM
/home/lmy/iot-device-classification/dataset/light_xm/round7_jitter/light_xm_r7.pcapng,R7,292,2920.3332188129425,0.008,0.52,0.318,0.154,0.0,Light_XM
/home/lmy/iot-device-classification/dataset/light_xm/round7_jitter/light_xm_r7.pcapng,R7,293,2930.131021261215,0.03,0.374,0.246,0.346,0.004,Light_XM
/home/lmy/iot-device-classification/dataset/light_xm/round7_jitter/light_xm_r7.pcapng,R7,294,2941.7241249084477,0.004,0.584,0.264,0.148,0.0,Light_XM
/home/lmy/iot-device-classification/dataset/light_xm/round7_jitter/light_xm_r7.pcapng,R7,295,2950.022183179856,0.042,0.542,0.236,0.18,0.0,Light_XM
/home/lmy/iot-device-classification/dataset/light_xm/round7_jitter/light_xm_r7.pcapng,R7,296,2961.7017364501958,0.006,0.618,0.286,0.09,0.0,Light_XM
/home/lmy/iot-device-classification/dataset/light_xm/round7_jitter/light_xm_r7.pcapng,R7,297,2971.9327046871185,0.002,0.286,0.626,0.086,0.0,Light_XM
/home/lmy/iot-device-classification/dataset/light_xm/round7_jitter/light_xm_r7.pcapng,R7,298,2985.1760845184326,0.014,0.286,0.422,0.278,0.0,Light_XM
/home/lmy/iot-device-classification/dataset/light_xm/round7_jitter/light_xm_r7.pcapng,R7,299,2990.9819564819336,0.0,0.198,0.696,0.106,0.0,Light_XM
/home/lmy/iot-device-classification/dataset/light_xm/round7_jitter/light_xm_r7.pcapng,R7,300,3003.5655450820923,0.094,0.332,0.3,0.274,0.0,Light_XM
/home/lmy/iot-device-classification/dataset/light_xm/round7_jitter/light_xm_r7.pcapng,R7,301,3010.043843984604,0.002,0.59,0.304,0.104,0.0,Light_XM
/home/lmy/iot-device-classification/dataset/light_xm/round7_jitter/light_xm_r7.pcapng,R7,302,3024.696585893631,0.004,0.504,0.442,0.05,0.0,Light_XM
/home/lmy/iot-device-classification/dataset/light_xm/round7_jitter/light_xm_r7.pcapng,R7,303,3033.5734543800354,0.004,0.392,0.46,0.144,0.0,Light_XM
/home/lmy/iot-device-classification/dataset/light_xm/round7_jitter/light_xm_r7.pcapng,R7,304,3044.29272723198,0.008,0.344,0.548,0.1,0.0,Light_XM
/home/lmy/iot-device-classification/dataset/light_xm/round7_jitter/light_xm_r7.pcapng,R7,305,3050.701932430268,0.052,0.33,0.328,0.29,0.0,Light_XM
/home/lmy/iot-device-classification/dataset/light_xm/round7_jitter/light_xm_r7.pcapng,R7,306,3064.451833486557,0.002,0.312,0.558,0.128,0.0,Light_XM
/home/lmy/iot-device-classification/dataset/light_xm/round7_jitter/light_xm_r7.pcapng,R7,307,3076.6955547332764,0.018,0.38,0.4,0.2,0.002,Light_XM
/home/lmy/iot-device-classification/dataset/light_xm/round7_jitter/light_xm_r7.pcapng,R7,308,3086.8117418289185,0.014,0.268,0.254,0.464,0.0,Light_XM
/home/lmy/iot-device-classification/dataset/light_xm/round7_jitter/light_xm_r7.pcapng,R7,309,3090.0223503112798,0.018,0.436,0.488,0.058,0.0,Light_XM
/home/lmy/iot-device-classification/dataset/light_xm/round7_jitter/light_xm_r7.pcapng,R7,310,3100.464331388473,0.01,0.506,0.372,0.112,0.0,Light_XM
/home/lmy/iot-device-classification/dataset/light_xm/round7_jitter/light_xm_r7.pcapng,R7,311,3110.342677593231,0.004,0.07,0.108,0.818,0.0,Light_XM
/home/lmy/iot-device-classification/dataset/light_xm/round7_jitter/light_xm_r7.pcapng,R7,312,3121.821567773819,0.002,0.262,0.66,0.076,0.0,Light_XM
/home/lmy/iot-device-classification/dataset/light_xm/round7_jitter/light_xm_r7.pcapng,R7,313,3134.852615594864,0.008,0.372,0.5,0.12,0.0,Light_XM
/home/lmy/iot-device-classification/dataset/light_xm/round7_jitter/light_xm_r7.pcapng,R7,314,3143.597070217133,0.016,0.25,0.596,0.138,0.0,Light_XM
/home/lmy/iot-device-classification/dataset/light_xm/round7_jitter/light_xm_r7.pcapng,R7,315,3151.9817180633545,0.002,0.356,0.57,0.072,0.0,Light_XM
/home/lmy/iot-device-classification/dataset/light_xm/round7_jitter/light_xm_r7.pcapng,R7,316,3163.102036714554,0.024,0.338,0.426,0.212,0.0,Light_XM
/home/lmy/iot-device-classification/dataset/light_xm/round7_jitter/light_xm_r7.pcapng,R7,317,3170.5239477157597,0.006,0.156,0.802,0.036,0.0,Light_XM
/home/lmy/iot-device-classification/dataset/light_xm/round7_jitter/light_xm_r7.pcapng,R7,318,3183.56169629097,0.018,0.322,0.56,0.096,0.004,Light_XM
/home/lmy/iot-device-classification/dataset/light_xm/round7_jitter/light_xm_r7.pcapng,R7,319,3191.9131655693054,0.006,0.286,0.6,0.108,0.0,Light_XM
/home/lmy/iot-device-classification/dataset/light_xm/round7_jitter/light_xm_r7.pcapng,R7,320,3204.3717811107635,0.0,0.402,0.488,0.11,0.0,Light_XM
/home/lmy/iot-device-classification/dataset/light_xm/round7_jitter/light_xm_r7.pcapng,R7,321,3215.391700744629,0.0,0.214,0.742,0.044,0.0,Light_XM
/home/lmy/iot-device-classification/dataset/light_xm/round7_jitter/light_xm_r7.pcapng,R7,322,3226.456667661667,0.16,0.16,0.222,0.452,0.006,Light_XM
/home/lmy/iot-device-classification/dataset/light_xm/round7_jitter/light_xm_r7.pcapng,R7,323,3230.450402736664,0.0,0.138,0.828,0.034,0.0,Light_XM
/home/lmy/iot-device-classification/dataset/light_xm/round7_jitter/light_xm_r7.pcapng,R7,324,3241.567147731781,0.002,0.418,0.538,0.042,0.0,Light_XM
/home/lmy/iot-device-classification/dataset/light_xm/round7_jitter/light_xm_r7.pcapng,R7,325,3257.656490802765,0.018,0.18,0.216,0.584,0.002,Light_XM
/home/lmy/iot-device-classification/dataset/light_xm/round7_jitter/light_xm_r7.pcapng,R7,326,3260.12562251091,0.01,0.334,0.462,0.194,0.0,Light_XM
/home/lmy/iot-device-classification/dataset/light_xm/round7_jitter/light_xm_r7.pcapng,R7,327,3270.751746892929,0.018,0.45,0.292,0.236,0.004,Light_XM
/home/lmy/iot-device-classification/dataset/light_xm/round7_jitter/light_xm_r7.pcapng,R7,328,3282.851819753647,0.006,0.464,0.368,0.162,0.0,Light_XM
/home/lmy/iot-device-classification/dataset/light_xm/round7_jitter/light_xm_r7.pcapng,R7,329,3294.9425926208496,0.012,0.344,0.472,0.172,0.0,Light_XM
/home/lmy/iot-device-classification/dataset/light_xm/round7_jitter/light_xm_r7.pcapng,R7,330,3304.0981965065,0.008,0.446,0.434,0.112,0.0,Light_XM
/home/lmy/iot-device-classification/dataset/light_xm/round7_jitter/light_xm_r7.pcapng,R7,331,3315.105337619781,0.03,0.336,0.518,0.116,0.0,Light_XM
/home/lmy/iot-device-classification/dataset/light_xm/round7_jitter/light_xm_r7.pcapng,R7,332,3323.596942186356,0.008,0.642,0.28,0.07,0.0,Light_XM
/home/lmy/iot-device-classification/dataset/light_xm/round7_jitter/light_xm_r7.pcapng,R7,333,3334.204042911529,0.002,0.228,0.724,0.046,0.0,Light_XM
/home/lmy/iot-device-classification/dataset/light_xm/round7_jitter/light_xm_r7.pcapng,R7,334,3347.0959203243256,0.158,0.324,0.214,0.304,0.0,Light_XM
/home/lmy/iot-device-classification/dataset/light_xm/round7_jitter/light_xm_r7.pcapng,R7,335,3351.3112258911133,0.002,0.26,0.668,0.07,0.0,Light_XM
/home/lmy/iot-device-classification/dataset/light_xm/round7_jitter/light_xm_r7.pcapng,R7,336,3360.0906500816345,0.016,0.208,0.684,0.092,0.0,Light_XM
/home/lmy/iot-device-classification/dataset/light_xm/round7_jitter/light_xm_r7.pcapng,R7,337,3376.218465089798,0.012,0.336,0.384,0.268,0.0,Light_XM
/home/lmy/iot-device-classification/dataset/light_xm/round7_jitter/light_xm_r7.pcapng,R7,338,3381.5639724731445,0.008,0.168,0.72,0.104,0.0,Light_XM
/home/lmy/iot-device-classification/dataset/light_xm/round7_jitter/light_xm_r7.pcapng,R7,339,3393.561374425888,0.008,0.236,0.706,0.05,0.0,Light_XM
/home/lmy/iot-device-classification/dataset/light_xm/round7_jitter/light_xm_r7.pcapng,R7,340,3405.336352348328,0.022,0.326,0.368,0.282,0.002,Light_XM
/home/lmy/iot-device-classification/dataset/light_xm/round7_jitter/light_xm_r7.pcapng,R7,341,3411.631434440613,0.006,0.474,0.332,0.188,0.0,Light_XM
/home/lmy/iot-device-classification/dataset/light_xm/round7_jitter/light_xm_r7.pcapng,R7,342,3420.5217752456665,0.002,0.094,0.058,0.846,0.0,Light_XM
/home/lmy/iot-device-classification/dataset/light_xm/round7_jitter/light_xm_r7.pcapng,R7,343,3430.0520117282867,0.022,0.56,0.272,0.146,0.0,Light_XM
/home/lmy/iot-device-classification/dataset/light_xm/round7_jitter/light_xm_r7.pcapng,R7,344,3444.1426515579224,0.0,0.326,0.65,0.024,0.0,Light_XM
/home/lmy/iot-device-classification/dataset/light_xm/round7_jitter/light_xm_r7.pcapng,R7,345,3453.5740089416504,0.016,0.416,0.476,0.092,0.0,Light_XM
/home/lmy/iot-device-classification/dataset/light_xm/round7_jitter/light_xm_r7.pcapng,R7,346,3464.1329262256622,0.0,0.214,0.65,0.136,0.0,Light_XM
/home/lmy/iot-device-classification/dataset/light_xm/round7_jitter/light_xm_r7.pcapng,R7,347,3473.2528944015503,0.0,0.3,0.576,0.124,0.0,Light_XM
/home/lmy/iot-device-classification/dataset/light_xm/round7_jitter/light_xm_r7.pcapng,R7,348,3481.3327140808105,0.002,0.358,0.54,0.1,0.0,Light_XM
/home/lmy/iot-device-classification/dataset/light_xm/round7_jitter/light_xm_r7.pcapng,R7,349,3491.924481868744,0.018,0.506,0.38,0.096,0.0,Light_XM
/home/lmy/iot-device-classification/dataset/light_xm/round7_jitter/light_xm_r7.pcapng,R7,350,3503.601214885712,0.012,0.382,0.45,0.156,0.0,Light_XM
/home/lmy/iot-device-classification/dataset/light_xm/round7_jitter/light_xm_r7.pcapng,R7,351,3513.5734663009644,0.048,0.298,0.398,0.256,0.0,Light_XM
/home/lmy/iot-device-classification/dataset/light_xm/round7_jitter/light_xm_r7.pcapng,R7,352,3521.1761384010315,0.016,0.528,0.3,0.156,0.0,Light_XM
/home/lmy/iot-device-classification/dataset/light_xm/round7_jitter/light_xm_r7.pcapng,R7,353,3536.376351118088,0.018,0.244,0.188,0.548,0.002,Light_XM
/home/lmy/iot-device-classification/dataset/light_xm/round7_jitter/light_xm_r7.pcapng,R7,354,3540.1052927970886,0.012,0.376,0.424,0.188,0.0,Light_XM
/home/lmy/iot-device-classification/dataset/light_xm/round7_jitter/light_xm_r7.pcapng,R7,355,3551.702547311783,0.012,0.406,0.504,0.078,0.0,Light_XM
/home/lmy/iot-device-classification/dataset/light_xm/round7_jitter/light_xm_r7.pcapng,R7,356,3560.4702684879303,0.006,0.21,0.568,0.216,0.0,Light_XM
/home/lmy/iot-device-classification/dataset/light_xm/round7_jitter/light_xm_r7.pcapng,R7,357,3572.000980615616,0.01,0.242,0.602,0.144,0.002,Light_XM
/home/lmy/iot-device-classification/dataset/light_xm/round7_jitter/light_xm_r7.pcapng,R7,358,3585.972540616989,0.008,0.312,0.562,0.116,0.002,Light_XM
/home/lmy/iot-device-classification/dataset/light_xm/round7_jitter/light_xm_r7.pcapng,R7,359,3591.0048813819885,0.008,0.568,0.246,0.178,0.0,Light_XM
/home/lmy/iot-device-classification/dataset/light_xm/round7_jitter/light_xm_r7.pcapng,R7,360,3600.0102870464325,0.006,0.704,0.254,0.036,0.0,Light_XM
/home/lmy/iot-device-classification/dataset/light_xm/round7_jitter/light_xm_r7.pcapng,R7,361,3610.501780033112,0.014,0.42,0.22,0.344,0.002,Light_XM
/home/lmy/iot-device-classification/dataset/light_xm/round7_jitter/light_xm_r7.pcapng,R7,362,3620.172435283661,0.022,0.352,0.392,0.234,0.0,Light_XM
/home/lmy/iot-device-classification/dataset/light_xm/round7_jitter/light_xm_r7.pcapng,R7,363,3632.222194433212,0.004,0.45,0.41,0.134,0.002,Light_XM
/home/lmy/iot-device-classification/dataset/light_xm/round7_jitter/light_xm_r7.pcapng,R7,364,3642.3063979148874,0.01,0.302,0.492,0.196,0.0,Light_XM
/home/lmy/iot-device-classification/dataset/light_xm/round7_jitter/light_xm_r7.pcapng,R7,365,3650.791303396225,0.006,0.424,0.374,0.196,0.0,Light_XM
/home/lmy/iot-device-classification/dataset/light_xm/round7_jitter/light_xm_r7.pcapng,R7,366,3661.4047527313232,0.006,0.656,0.268,0.07,0.0,Light_XM
/home/lmy/iot-device-classification/dataset/light_xm/round7_jitter/light_xm_r7.pcapng,R7,367,3672.521239995957,0.018,0.452,0.238,0.292,0.0,Light_XM
/home/lmy/iot-device-classification/dataset/light_xm/round7_jitter/light_xm_r7.pcapng,R7,368,3681.501968860626,0.01,0.286,0.484,0.22,0.0,Light_XM
/home/lmy/iot-device-classification/dataset/light_xm/round7_jitter/light_xm_r7.pcapng,R7,369,3690.1925823688503,0.004,0.17,0.782,0.044,0.0,Light_XM
/home/lmy/iot-device-classification/dataset/light_xm/round7_jitter/light_xm_r7.pcapng,R7,370,3703.652059316635,0.004,0.358,0.374,0.264,0.0,Light_XM
/home/lmy/iot-device-classification/dataset/light_xm/round7_jitter/light_xm_r7.pcapng,R7,371,3711.768187999725,0.0,0.336,0.55,0.114,0.0,Light_XM
/home/lmy/iot-device-classification/dataset/light_xm/round7_jitter/light_xm_r7.pcapng,R7,372,3723.5668981075287,0.012,0.334,0.456,0.196,0.002,Light_XM
/home/lmy/iot-device-classification/dataset/light_xm/round7_jitter/light_xm_r7.pcapng,R7,373,3734.85170006752,0.004,0.256,0.558,0.182,0.0,Light_XM
/home/lmy/iot-device-classification/dataset/light_xm/round7_jitter/light_xm_r7.pcapng,R7,374,3746.45658826828,0.034,0.416,0.35,0.198,0.002,Light_XM
/home/lmy/iot-device-classification/dataset/light_xm/round7_jitter/light_xm_r7.pcapng,R7,375,3753.561542749405,0.016,0.422,0.346,0.216,0.0,Light_XM
/home/lmy/iot-device-classification/dataset/light_xm/round7_jitter/light_xm_r7.pcapng,R7,376,3761.309798002243,0.01,0.334,0.32,0.334,0.002,Light_XM
/home/lmy/iot-device-classification/dataset/light_xm/round7_jitter/light_xm_r7.pcapng,R7,377,3770.1414313316345,0.012,0.42,0.428,0.14,0.0,Light_XM
/home/lmy/iot-device-classification/dataset/light_xm/round7_jitter/light_xm_r7.pcapng,R7,378,3785.978195667267,0.056,0.224,0.08,0.628,0.012,Light_XM
/home/lmy/iot-device-classification/dataset/light_xm/round7_jitter/light_xm_r7.pcapng,R7,379,3790.222139596939,0.006,0.504,0.392,0.098,0.0,Light_XM
/home/lmy/iot-device-classification/dataset/light_xm/round7_jitter/light_xm_r7.pcapng,R7,380,3800.292293548584,0.0,0.416,0.554,0.03,0.0,Light_XM
/home/lmy/iot-device-classification/dataset/light_xm/round7_jitter/light_xm_r7.pcapng,R7,381,3813.344484806061,0.02,0.388,0.406,0.186,0.0,Light_XM
/home/lmy/iot-device-classification/dataset/light_xm/round7_jitter/light_xm_r7.pcapng,R7,382,3823.41299033165,0.002,0.376,0.398,0.224,0.0,Light_XM
/home/lmy/iot-device-classification/dataset/light_xm/round7_jitter/light_xm_r7.pcapng,R7,383,3830.204282283783,0.004,0.256,0.682,0.058,0.0,Light_XM
/home/lmy/iot-device-classification/dataset/light_xm/round7_jitter/light_xm_r7.pcapng,R7,384,3842.658911943436,0.014,0.338,0.532,0.114,0.002,Light_XM
/home/lmy/iot-device-classification/dataset/light_xm/round7_jitter/light_xm_r7.pcapng,R7,385,3854.709052801132,0.028,0.376,0.368,0.228,0.0,Light_XM
/home/lmy/iot-device-classification/dataset/light_xm/round7_jitter/light_xm_r7.pcapng,R7,386,3863.596972465515,0.004,0.57,0.308,0.118,0.0,Light_XM
/home/lmy/iot-device-classification/dataset/light_xm/round7_jitter/light_xm_r7.pcapng,R7,387,3870.515325307846,0.006,0.242,0.658,0.094,0.0,Light_XM
/home/lmy/iot-device-classification/dataset/light_xm/round7_jitter/light_xm_r7.pcapng,R7,388,3885.8472940921774,0.124,0.252,0.146,0.476,0.002,Light_XM
/home/lmy/iot-device-classification/dataset/light_xm/round7_jitter/light_xm_r7.pcapng,R7,389,3890.916788339615,0.012,0.532,0.172,0.284,0.0,Light_XM
/home/lmy/iot-device-classification/dataset/light_xm/round7_jitter/light_xm_r7.pcapng,R7,390,3902.9505603313446,0.014,0.352,0.468,0.166,0.0,Light_XM
/home/lmy/iot-device-classification/dataset/light_xm/round7_jitter/light_xm_r7.pcapng,R7,391,3914.042176246643,0.006,0.284,0.586,0.124,0.0,Light_XM
/home/lmy/iot-device-classification/dataset/light_xm/round7_jitter/light_xm_r7.pcapng,R7,392,3921.244720458984,0.002,0.726,0.18,0.092,0.0,Light_XM
/home/lmy/iot-device-classification/dataset/light_xm/round7_jitter/light_xm_r7.pcapng,R7,393,3931.0003514289856,0.008,0.218,0.068,0.704,0.002,Light_XM
/home/lmy/iot-device-classification/dataset/sensor/round7_jitter/sensor_r7.pcapng,R7,0,0.0,0.178,0.102,0.128,0.58,0.012,Sensor
/home/lmy/iot-device-classification/dataset/sensor/round7_jitter/sensor_r7.pcapng,R7,1,10.01150631904602,0.004,0.172,0.19,0.634,0.0,Sensor
/home/lmy/iot-device-classification/dataset/sensor/round7_jitter/sensor_r7.pcapng,R7,2,20.020873546600345,0.002,0.19,0.094,0.714,0.0,Sensor
/home/lmy/iot-device-classification/dataset/sensor/round7_jitter/sensor_r7.pcapng,R7,3,30.03076195716858,0.0,0.078,0.06,0.862,0.0,Sensor
/home/lmy/iot-device-classification/dataset/sensor/round7_jitter/sensor_r7.pcapng,R7,4,40.04822134971619,0.016,0.242,0.364,0.378,0.0,Sensor
/home/lmy/iot-device-classification/dataset/sensor/round7_jitter/sensor_r7.pcapng,R7,5,50.050044298172,0.014,0.194,0.554,0.236,0.002,Sensor
/home/lmy/iot-device-classification/dataset/sensor/round7_jitter/sensor_r7.pcapng,R7,6,60.061086654663086,0.006,0.286,0.094,0.614,0.0,Sensor
/home/lmy/iot-device-classification/dataset/sensor/round7_jitter/sensor_r7.pcapng,R7,7,70.1141369342804,0.026,0.324,0.172,0.46,0.018,Sensor
/home/lmy/iot-device-classification/dataset/sensor/round7_jitter/sensor_r7.pcapng,R7,8,80.08313941955566,0.006,0.334,0.178,0.478,0.004,Sensor
/home/lmy/iot-device-classification/dataset/sensor/round7_jitter/sensor_r7.pcapng,R7,9,90.10663962364195,0.006,0.126,0.058,0.81,0.0,Sensor
/home/lmy/iot-device-classification/dataset/sensor/round7_jitter/sensor_r7.pcapng,R7,10,100.09950757026672,0.008,0.348,0.16,0.484,0.0,Sensor
/home/lmy/iot-device-classification/dataset/sensor/round7_jitter/sensor_r7.pcapng,R7,11,110.1074242591858,0.008,0.194,0.12,0.678,0.0,Sensor
/home/lmy/iot-device-classification/dataset/sensor/round7_jitter/sensor_r7.pcapng,R7,12,120.12209677696228,0.02,0.358,0.23,0.39,0.002,Sensor
/home/lmy/iot-device-classification/dataset/sensor/round7_jitter/sensor_r7.pcapng,R7,13,130.12971258163452,0.016,0.344,0.18,0.46,0.0,Sensor
/home/lmy/iot-device-classification/dataset/sensor/round7_jitter/sensor_r7.pcapng,R7,14,140.14079022407532,0.0,0.066,0.064,0.87,0.0,Sensor
/home/lmy/iot-device-classification/dataset/sensor/round7_jitter/sensor_r7.pcapng,R7,15,150.14970064163208,0.012,0.254,0.318,0.416,0.0,Sensor
/home/lmy/iot-device-classification/dataset/sensor/round7_jitter/sensor_r7.pcapng,R7,16,160.15115594863892,0.004,0.322,0.376,0.298,0.0,Sensor
/home/lmy/iot-device-classification/dataset/sensor/round7_jitter/sensor_r7.pcapng,R7,17,170.17201375961304,0.004,0.124,0.106,0.766,0.0,Sensor
/home/lmy/iot-device-classification/dataset/sensor/round7_jitter/sensor_r7.pcapng,R7,18,180.1807305812836,0.026,0.276,0.26,0.438,0.0,Sensor
/home/lmy/iot-device-classification/dataset/sensor/round7_jitter/sensor_r7.pcapng,R7,19,190.18964195251465,0.006,0.21,0.252,0.532,0.0,Sensor
/home/lmy/iot-device-classification/dataset/sensor/round7_jitter/sensor_r7.pcapng,R7,20,200.1175775527954,0.01,0.306,0.24,0.444,0.0,Sensor
/home/lmy/iot-device-classification/dataset/sensor/round7_jitter/sensor_r7.pcapng,R7,21,210.2095832824707,0.008,0.14,0.102,0.75,0.0,Sensor
/home/lmy/iot-device-classification/dataset/sensor/round7_jitter/sensor_r7.pcapng,R7,22,220.22055792808533,0.006,0.138,0.256,0.6,0.0,Sensor
/home/lmy/iot-device-classification/dataset/sensor/round7_jitter/sensor_r7.pcapng,R7,23,230.2294809818268,0.036,0.076,0.166,0.722,0.0,Sensor
/home/lmy/iot-device-classification/dataset/sensor/round7_jitter/sensor_r7.pcapng,R7,24,240.2461533546448,0.014,0.18,0.09,0.716,0.0,Sensor
/home/lmy/iot-device-classification/dataset/sensor/round7_jitter/sensor_r7.pcapng,R7,25,250.14292860031128,0.02,0.44,0.204,0.336,0.0,Sensor
/home/lmy/iot-device-classification/dataset/sensor/round7_jitter/sensor_r7.pcapng,R7,26,260.25908374786377,0.008,0.302,0.17,0.498,0.022,Sensor
/home/lmy/iot-device-classification/dataset/sensor/round7_jitter/sensor_r7.pcapng,R7,27,270.26903343200684,0.01,0.124,0.114,0.752,0.0,Sensor
/home/lmy/iot-device-classification/dataset/sensor/round7_jitter/sensor_r7.pcapng,R7,28,280.27984976768494,0.0,0.352,0.252,0.396,0.0,Sensor
/home/lmy/iot-device-classification/dataset/sensor/round7_jitter/sensor_r7.pcapng,R7,29,290.10450196266174,0.024,0.306,0.086,0.582,0.002,Sensor
/home/lmy/iot-device-classification/dataset/sensor/round7_jitter/sensor_r7.pcapng,R7,30,300.2988693714142,0.006,0.542,0.188,0.264,0.0,Sensor
/home/lmy/iot-device-classification/dataset/sensor/round7_jitter/sensor_r7.pcapng,R7,31,310.30916810035706,0.042,0.192,0.136,0.628,0.002,Sensor
/home/lmy/iot-device-classification/dataset/sensor/round7_jitter/sensor_r7.pcapng,R7,32,320.3288941383362,0.0,0.174,0.068,0.758,0.0,Sensor
/home/lmy/iot-device-classification/dataset/sensor/round7_jitter/sensor_r7.pcapng,R7,33,330.3294405937195,0.006,0.22,0.062,0.712,0.0,Sensor
/home/lmy/iot-device-classification/dataset/sensor/round7_jitter/sensor_r7.pcapng,R7,34,340.0402903556824,0.014,0.36,0.412,0.214,0.0,Sensor
/home/lmy/iot-device-classification/dataset/sensor/round7_jitter/sensor_r7.pcapng,R7,35,350.34859800338745,0.002,0.232,0.074,0.692,0.0,Sensor
/home/lmy/iot-device-classification/dataset/sensor/round7_jitter/sensor_r7.pcapng,R7,36,360.3584117889404,0.0,0.064,0.066,0.87,0.0,Sensor
/home/lmy/iot-device-classification/dataset/sensor/round7_jitter/sensor_r7.pcapng,R7,37,370.36800026893616,0.038,0.304,0.174,0.482,0.002,Sensor
/home/lmy/iot-device-classification/dataset/sensor/round7_jitter/sensor_r7.pcapng,R7,38,380.10418343544006,0.014,0.316,0.088,0.582,0.0,Sensor
/home/lmy/iot-device-classification/dataset/sensor/round7_jitter/sensor_r7.pcapng,R7,39,390.38832807540894,0.0,0.03,0.08,0.89,0.0,Sensor
/home/lmy/iot-device-classification/dataset/sensor/round7_jitter/sensor_r7.pcapng,R7,40,400.27909302711487,0.032,0.38,0.356,0.232,0.0,Sensor
/home/lmy/iot-device-classification/dataset/sensor/round7_jitter/sensor_r7.pcapng,R7,41,410.4082853794098,0.008,0.198,0.056,0.736,0.002,Sensor
/home/lmy/iot-device-classification/dataset/sensor/round7_jitter/sensor_r7.pcapng,R7,42,420.4175498485565,0.008,0.224,0.118,0.65,0.0,Sensor
/home/lmy/iot-device-classification/dataset/sensor/round7_jitter/sensor_r7.pcapng,R7,43,430.14173412323,0.024,0.374,0.234,0.368,0.0,Sensor
/home/lmy/iot-device-classification/dataset/sensor/round7_jitter/sensor_r7.pcapng,R7,44,440.43807911872864,0.012,0.512,0.236,0.236,0.004,Sensor
/home/lmy/iot-device-classification/dataset/sensor/round7_jitter/sensor_r7.pcapng,R7,45,450.4480674266815,0.006,0.34,0.4,0.254,0.0,Sensor
/home/lmy/iot-device-classification/dataset/sensor/round7_jitter/sensor_r7.pcapng,R7,46,460.4578955173493,0.012,0.33,0.204,0.454,0.0,Sensor
/home/lmy/iot-device-classification/dataset/sensor/round7_jitter/sensor_r7.pcapng,R7,47,470.10260701179504,0.02,0.428,0.122,0.43,0.0,Sensor
/home/lmy/iot-device-classification/dataset/sensor/round7_jitter/sensor_r7.pcapng,R7,48,480.4793078899384,0.0,0.134,0.096,0.77,0.0,Sensor
/home/lmy/iot-device-classification/dataset/sensor/round7_jitter/sensor_r7.pcapng,R7,49,490.48734951019287,0.004,0.142,0.196,0.658,0.0,Sensor
/home/lmy/iot-device-classification/dataset/sensor/round7_jitter/sensor_r7.pcapng,R7,50,500.4982874393463,0.004,0.116,0.068,0.812,0.0,Sensor
/home/lmy/iot-device-classification/dataset/sensor/round7_jitter/sensor_r7.pcapng,R7,51,510.5080306529999,0.008,0.216,0.088,0.688,0.0,Sensor
/home/lmy/iot-device-classification/dataset/sensor/round7_jitter/sensor_r7.pcapng,R7,52,520.1505167484283,0.014,0.284,0.382,0.32,0.0,Sensor
/home/lmy/iot-device-classification/dataset/sensor/round7_jitter/sensor_r7.pcapng,R7,53,530.5289635658264,0.018,0.196,0.218,0.566,0.002,Sensor
/home/lmy/iot-device-classification/dataset/sensor/round7_jitter/sensor_r7.pcapng,R7,54,540.5376598834991,0.002,0.436,0.09,0.472,0.0,Sensor
/home/lmy/iot-device-classification/dataset/sensor/round7_jitter/sensor_r7.pcapng,R7,55,550.5477602481842,0.012,0.434,0.246,0.308,0.0,Sensor
/home/lmy/iot-device-classification/dataset/sensor/round7_jitter/sensor_r7.pcapng,R7,56,560.1000225543976,0.004,0.226,0.108,0.662,0.0,Sensor
/home/lmy/iot-device-classification/dataset/sensor/round7_jitter/sensor_r7.pcapng,R7,57,570.5680968761444,0.016,0.166,0.14,0.678,0.0,Sensor
/home/lmy/iot-device-classification/dataset/sensor/round7_jitter/sensor_r7.pcapng,R7,58,580.5774064064026,0.008,0.41,0.306,0.276,0.0,Sensor
/home/lmy/iot-device-classification/dataset/sensor/round7_jitter/sensor_r7.pcapng,R7,59,590.5872430801392,0.008,0.364,0.118,0.506,0.004,Sensor
/home/lmy/iot-device-classification/dataset/sensor/round7_jitter/sensor_r7.pcapng,R7,60,600.5977523326874,0.008,0.322,0.132,0.538,0.0,Sensor
/home/lmy/iot-device-classification/dataset/sensor/round7_jitter/sensor_r7.pcapng,R7,61,610.1393411159515,0.038,0.308,0.254,0.4,0.0,Sensor
/home/lmy/iot-device-classification/dataset/sensor/round7_jitter/sensor_r7.pcapng,R7,62,620.6179056167603,0.002,0.332,0.108,0.558,0.0,Sensor
/home/lmy/iot-device-classification/dataset/sensor/round7_jitter/sensor_r7.pcapng,R7,63,630.6274807453156,0.008,0.144,0.088,0.76,0.0,Sensor
/home/lmy/iot-device-classification/dataset/sensor/round7_jitter/sensor_r7.pcapng,R7,64,640.6382689476013,0.054,0.142,0.182,0.622,0.0,Sensor
/home/lmy/iot-device-classification/dataset/sensor/round7_jitter/sensor_r7.pcapng,R7,65,650.1024866104126,0.01,0.27,0.184,0.536,0.0,Sensor
/home/lmy/iot-device-classification/dataset/sensor/round7_jitter/sensor_r7.pcapng,R7,66,660.6587414741516,0.178,0.176,0.162,0.48,0.004,Sensor
/home/lmy/iot-device-classification/dataset/sensor/round7_jitter/sensor_r7.pcapng,R7,67,670.6669235229492,0.012,0.534,0.216,0.238,0.0,Sensor
/home/lmy/iot-device-classification/dataset/sensor/round7_jitter/sensor_r7.pcapng,R7,68,680.6786463260651,0.06,0.21,0.082,0.638,0.01,Sensor
/home/lmy/iot-device-classification/dataset/sensor/round7_jitter/sensor_r7.pcapng,R7,69,690.6904673576355,0.006,0.252,0.142,0.6,0.0,Sensor
/home/lmy/iot-device-classification/dataset/sensor/round7_jitter/sensor_r7.pcapng,R7,70,700.1391880512238,0.008,0.212,0.54,0.24,0.0,Sensor
/home/lmy/iot-device-classification/dataset/sensor/round7_jitter/sensor_r7.pcapng,R7,71,710.4500231742859,0.006,0.176,0.048,0.77,0.0,Sensor
/home/lmy/iot-device-classification/dataset/sensor/round7_jitter/sensor_r7.pcapng,R7,72,720.7168843746185,0.0,0.038,0.086,0.876,0.0,Sensor
/home/lmy/iot-device-classification/dataset/sensor/round7_jitter/sensor_r7.pcapng,R7,73,730.7326765060425,0.014,0.39,0.288,0.308,0.0,Sensor
/home/lmy/iot-device-classification/dataset/sensor/round7_jitter/sensor_r7.pcapng,R7,74,740.0994279384613,0.01,0.306,0.462,0.222,0.0,Sensor
/home/lmy/iot-device-classification/dataset/sensor/round7_jitter/sensor_r7.pcapng,R7,75,750.7470030784607,0.002,0.166,0.274,0.558,0.0,Sensor
/home/lmy/iot-device-classification/dataset/sensor/round7_jitter/sensor_r7.pcapng,R7,76,760.3699522018433,0.012,0.402,0.246,0.34,0.0,Sensor
/home/lmy/iot-device-classification/dataset/sensor/round7_jitter/sensor_r7.pcapng,R7,77,770.773209810257,0.118,0.104,0.108,0.648,0.022,Sensor
/home/lmy/iot-device-classification/dataset/sensor/round7_jitter/sensor_r7.pcapng,R7,78,780.5788953304291,0.008,0.374,0.152,0.466,0.0,Sensor
/home/lmy/iot-device-classification/dataset/sensor/round7_jitter/sensor_r7.pcapng,R7,79,790.1464500427246,0.024,0.534,0.314,0.128,0.0,Sensor
/home/lmy/iot-device-classification/dataset/sensor/round7_jitter/sensor_r7.pcapng,R7,80,800.7972059249878,0.0,0.044,0.048,0.908,0.0,Sensor
/home/lmy/iot-device-classification/dataset/sensor/round7_jitter/sensor_r7.pcapng,R7,81,810.8099753856659,0.018,0.174,0.104,0.704,0.0,Sensor
/home/lmy/iot-device-classification/dataset/sensor/round7_jitter/sensor_r7.pcapng,R7,82,820.1380321979523,0.018,0.282,0.44,0.26,0.0,Sensor
/home/lmy/iot-device-classification/dataset/sensor/round7_jitter/sensor_r7.pcapng,R7,83,830.0984926223755,0.036,0.374,0.24,0.346,0.004,Sensor
/home/lmy/iot-device-classification/dataset/sensor/round7_jitter/sensor_r7.pcapng,R7,84,840.8360743522644,0.024,0.276,0.564,0.134,0.002,Sensor
/home/lmy/iot-device-classification/dataset/sensor/round7_jitter/sensor_r7.pcapng,R7,85,850.8464829921722,0.008,0.318,0.334,0.34,0.0,Sensor
/home/lmy/iot-device-classification/dataset/sensor/round7_jitter/sensor_r7.pcapng,R7,86,860.0873742103577,0.026,0.238,0.124,0.608,0.004,Sensor
/home/lmy/iot-device-classification/dataset/sensor/round7_jitter/sensor_r7.pcapng,R7,87,870.866366147995,0.008,0.248,0.148,0.596,0.0,Sensor
/home/lmy/iot-device-classification/dataset/sensor/round7_jitter/sensor_r7.pcapng,R7,88,880.1464126110077,0.016,0.238,0.254,0.492,0.0,Sensor
/home/lmy/iot-device-classification/dataset/sensor/round7_jitter/sensor_r7.pcapng,R7,89,890.8889026641846,0.0,0.06,0.066,0.874,0.0,Sensor
/home/lmy/iot-device-classification/dataset/sensor/round7_jitter/sensor_r7.pcapng,R7,90,900.8965179920197,0.012,0.202,0.182,0.604,0.0,Sensor
/home/lmy/iot-device-classification/dataset/sensor/round7_jitter/sensor_r7.pcapng,R7,91,910.9062349796296,0.008,0.268,0.438,0.286,0.0,Sensor
/home/lmy/iot-device-classification/dataset/sensor/round7_jitter/sensor_r7.pcapng,R7,92,920.0976905822754,0.062,0.226,0.09,0.62,0.002,Sensor
/home/lmy/iot-device-classification/dataset/sensor/round7_jitter/sensor_r7.pcapng,R7,93,930.9260737895966,0.012,0.182,0.112,0.694,0.0,Sensor
/home/lmy/iot-device-classification/dataset/sensor/round7_jitter/sensor_r7.pcapng,R7,94,940.9377846717834,0.016,0.306,0.226,0.452,0.0,Sensor
/home/lmy/iot-device-classification/dataset/sensor/round7_jitter/sensor_r7.pcapng,R7,95,950.9464344978333,0.0,0.042,0.06,0.898,0.0,Sensor
/home/lmy/iot-device-classification/dataset/sensor/round7_jitter/sensor_r7.pcapng,R7,96,960.9560813903807,0.01,0.274,0.38,0.334,0.002,Sensor
/home/lmy/iot-device-classification/dataset/sensor/round7_jitter/sensor_r7.pcapng,R7,97,970.1455845832824,0.02,0.462,0.248,0.27,0.0,Sensor
/home/lmy/iot-device-classification/dataset/sensor/round7_jitter/sensor_r7.pcapng,R7,98,980.9761693477632,0.0,0.044,0.05,0.906,0.0,Sensor
/home/lmy/iot-device-classification/dataset/sensor/round7_jitter/sensor_r7.pcapng,R7,99,990.98601937294,0.0,0.068,0.044,0.888,0.0,Sensor
/home/lmy/iot-device-classification/dataset/sensor/round7_jitter/sensor_r7.pcapng,R7,100,1001.001528263092,0.002,0.218,0.222,0.558,0.0,Sensor
/home/lmy/iot-device-classification/dataset/sensor/round7_jitter/sensor_r7.pcapng,R7,101,1010.0974762439728,0.022,0.272,0.112,0.594,0.0,Sensor
/home/lmy/iot-device-classification/dataset/sensor/round7_jitter/sensor_r7.pcapng,R7,102,1021.0159814357758,0.002,0.172,0.072,0.754,0.0,Sensor
/home/lmy/iot-device-classification/dataset/sensor/round7_jitter/sensor_r7.pcapng,R7,103,1031.0273327827454,0.002,0.134,0.142,0.722,0.0,Sensor
/home/lmy/iot-device-classification/dataset/sensor/round7_jitter/sensor_r7.pcapng,R7,104,1040.728594303131,0.01,0.228,0.308,0.452,0.002,Sensor
/home/lmy/iot-device-classification/dataset/sensor/round7_jitter/sensor_r7.pcapng,R7,105,1051.0459072589874,0.03,0.288,0.184,0.496,0.002,Sensor
/home/lmy/iot-device-classification/dataset/sensor/round7_jitter/sensor_r7.pcapng,R7,106,1060.1355757713318,0.074,0.354,0.256,0.314,0.002,Sensor
/home/lmy/iot-device-classification/dataset/sensor/round7_jitter/sensor_r7.pcapng,R7,107,1071.0670733451843,0.002,0.064,0.078,0.856,0.0,Sensor
/home/lmy/iot-device-classification/dataset/sensor/round7_jitter/sensor_r7.pcapng,R7,108,1080.7013731002808,0.0,0.244,0.076,0.68,0.0,Sensor
/home/lmy/iot-device-classification/dataset/sensor/round7_jitter/sensor_r7.pcapng,R7,109,1091.0851283073423,0.012,0.19,0.206,0.592,0.0,Sensor
/home/lmy/iot-device-classification/dataset/sensor/round7_jitter/sensor_r7.pcapng,R7,110,1100.0957415103912,0.018,0.378,0.148,0.456,0.0,Sensor
/home/lmy/iot-device-classification/dataset/sensor/round7_jitter/sensor_r7.pcapng,R7,111,1111.1062424182892,0.002,0.3,0.078,0.62,0.0,Sensor
/home/lmy/iot-device-classification/dataset/sensor/round7_jitter/sensor_r7.pcapng,R7,112,1121.1187167167664,0.016,0.292,0.286,0.406,0.0,Sensor
/home/lmy/iot-device-classification/dataset/sensor/round7_jitter/sensor_r7.pcapng,R7,113,1131.125873088837,0.0,0.056,0.058,0.886,0.0,Sensor
/home/lmy/iot-device-classification/dataset/sensor/round7_jitter/sensor_r7.pcapng,R7,114,1140.854994058609,0.024,0.292,0.304,0.38,0.0,Sensor
/home/lmy/iot-device-classification/dataset/sensor/round7_jitter/sensor_r7.pcapng,R7,115,1150.1341135501862,0.004,0.238,0.37,0.388,0.0,Sensor
/home/lmy/iot-device-classification/dataset/sensor/round7_jitter/sensor_r7.pcapng,R7,116,1161.1563293933868,0.002,0.138,0.06,0.8,0.0,Sensor
/home/lmy/iot-device-classification/dataset/sensor/round7_jitter/sensor_r7.pcapng,R7,117,1171.1655797958374,0.01,0.302,0.144,0.544,0.0,Sensor
/home/lmy/iot-device-classification/dataset/sensor/round7_jitter/sensor_r7.pcapng,R7,118,1180.144160747528,0.012,0.486,0.204,0.298,0.0,Sensor
/home/lmy/iot-device-classification/dataset/sensor/round7_jitter/sensor_r7.pcapng,R7,119,1190.1102783679962,0.014,0.262,0.166,0.558,0.0,Sensor
/home/lmy/iot-device-classification/dataset/sensor/round7_jitter/sensor_r7.pcapng,R7,120,1201.1954729557035,0.002,0.202,0.126,0.67,0.0,Sensor
/home/lmy/iot-device-classification/dataset/sensor/round7_jitter/sensor_r7.pcapng,R7,121,1211.2052025794983,0.008,0.196,0.154,0.642,0.0,Sensor
/home/lmy/iot-device-classification/dataset/sensor/round7_jitter/sensor_r7.pcapng,R7,122,1221.2153582572937,0.0,0.088,0.046,0.866,0.0,Sensor
/home/lmy/iot-device-classification/dataset/sensor/round7_jitter/sensor_r7.pcapng,R7,123,1230.4461810588837,0.116,0.294,0.244,0.336,0.01,Sensor
/home/lmy/iot-device-classification/dataset/sensor/round7_jitter/sensor_r7.pcapng,R7,124,1240.1482515335083,0.004,0.348,0.244,0.404,0.0,Sensor
/home/lmy/iot-device-classification/dataset/sensor/round7_jitter/sensor_r7.pcapng,R7,125,1251.2452445030212,0.0,0.08,0.082,0.838,0.0,Sensor
/home/lmy/iot-device-classification/dataset/sensor/round7_jitter/sensor_r7.pcapng,R7,126,1261.2554528713226,0.0,0.036,0.056,0.908,0.0,Sensor
/home/lmy/iot-device-classification/dataset/sensor/round7_jitter/sensor_r7.pcapng,R7,127,1271.2652962207794,0.008,0.426,0.28,0.286,0.0,Sensor
/home/lmy/iot-device-classification/dataset/sensor/round7_jitter/sensor_r7.pcapng,R7,128,1280.0948090553284,0.01,0.268,0.092,0.63,0.0,Sensor
/home/lmy/iot-device-classification/dataset/sensor/round7_jitter/sensor_r7.pcapng,R7,129,1291.284877061844,0.008,0.186,0.07,0.736,0.0,Sensor
/home/lmy/iot-device-classification/dataset/sensor/round7_jitter/sensor_r7.pcapng,R7,130,1301.295181274414,0.012,0.388,0.176,0.424,0.0,Sensor
/home/lmy/iot-device-classification/dataset/sensor/round7_jitter/sensor_r7.pcapng,R7,131,1311.3048329353333,0.032,0.486,0.11,0.37,0.002,Sensor
/home/lmy/iot-device-classification/dataset/sensor/round7_jitter/sensor_r7.pcapng,R7,132,1321.3152768611908,0.006,0.478,0.218,0.298,0.0,Sensor
/home/lmy/iot-device-classification/dataset/sensor/round7_jitter/sensor_r7.pcapng,R7,133,1330.1489281654358,0.026,0.202,0.29,0.482,0.0,Sensor
/home/lmy/iot-device-classification/dataset/sensor/round7_jitter/sensor_r7.pcapng,R7,134,1341.3346309661863,0.02,0.388,0.338,0.254,0.0,Sensor
/home/lmy/iot-device-classification/dataset/sensor/round7_jitter/sensor_r7.pcapng,R7,135,1351.3449025154114,0.004,0.31,0.396,0.29,0.0,Sensor
/home/lmy/iot-device-classification/dataset/sensor/round7_jitter/sensor_r7.pcapng,R7,136,1360.7713387012482,0.012,0.372,0.31,0.306,0.0,Sensor
/home/lmy/iot-device-classification/dataset/sensor/round7_jitter/sensor_r7.pcapng,R7,137,1370.0930206775663,0.026,0.242,0.126,0.606,0.0,Sensor
/home/lmy/iot-device-classification/dataset/sensor/round7_jitter/sensor_r7.pcapng,R7,138,1380.0827751159668,0.03,0.41,0.218,0.342,0.0,Sensor
/home/lmy/iot-device-classification/dataset/sensor/round7_jitter/sensor_r7.pcapng,R7,139,1391.3839099407196,0.016,0.366,0.248,0.37,0.0,Sensor
/home/lmy/iot-device-classification/dataset/sensor/round7_jitter/sensor_r7.pcapng,R7,140,1401.2823333740234,0.012,0.22,0.054,0.71,0.004,Sensor
/home/lmy/iot-device-classification/dataset/sensor/round7_jitter/sensor_r7.pcapng,R7,141,1411.403992652893,0.006,0.244,0.186,0.564,0.0,Sensor
/home/lmy/iot-device-classification/dataset/sensor/round7_jitter/sensor_r7.pcapng,R7,142,1420.1318101882937,0.028,0.204,0.37,0.398,0.0,Sensor
/home/lmy/iot-device-classification/dataset/sensor/round7_jitter/sensor_r7.pcapng,R7,143,1431.4359638690948,0.0,0.058,0.058,0.884,0.0,Sensor
/home/lmy/iot-device-classification/dataset/sensor/round7_jitter/sensor_r7.pcapng,R7,144,1441.434386968613,0.002,0.23,0.214,0.552,0.002,Sensor
/home/lmy/iot-device-classification/dataset/sensor/round7_jitter/sensor_r7.pcapng,R7,145,1450.92533993721,0.008,0.376,0.27,0.346,0.0,Sensor
/home/lmy/iot-device-classification/dataset/sensor/round7_jitter/sensor_r7.pcapng,R7,146,1460.094182014465,0.032,0.348,0.148,0.472,0.0,Sensor
/home/lmy/iot-device-classification/dataset/sensor/round7_jitter/sensor_r7.pcapng,R7,147,1471.4660742282867,0.002,0.288,0.098,0.602,0.01,Sensor
/home/lmy/iot-device-classification/dataset/sensor/round7_jitter/sensor_r7.pcapng,R7,148,1481.474401473999,0.026,0.214,0.258,0.502,0.0,Sensor
/home/lmy/iot-device-classification/dataset/sensor/round7_jitter/sensor_r7.pcapng,R7,149,1491.4843485355375,0.006,0.16,0.116,0.718,0.0,Sensor
/home/lmy/iot-device-classification/dataset/sensor/round7_jitter/sensor_r7.pcapng,R7,150,1501.4947662353516,0.004,0.296,0.208,0.492,0.0,Sensor
/home/lmy/iot-device-classification/dataset/sensor/round7_jitter/sensor_r7.pcapng,R7,151,1510.1413819789886,0.026,0.22,0.378,0.376,0.0,Sensor
/home/lmy/iot-device-classification/dataset/sensor/round7_jitter/sensor_r7.pcapng,R7,152,1521.5224430561066,0.002,0.372,0.31,0.316,0.0,Sensor
/home/lmy/iot-device-classification/dataset/sensor/round7_jitter/sensor_r7.pcapng,R7,153,1531.5233566761017,0.004,0.19,0.072,0.734,0.0,Sensor
/home/lmy/iot-device-classification/dataset/sensor/round7_jitter/sensor_r7.pcapng,R7,154,1540.130624294281,0.014,0.224,0.438,0.324,0.0,Sensor
/home/lmy/iot-device-classification/dataset/sensor/round7_jitter/sensor_r7.pcapng,R7,155,1550.0922858715055,0.014,0.39,0.22,0.376,0.0,Sensor
/home/lmy/iot-device-classification/dataset/sensor/round7_jitter/sensor_r7.pcapng,R7,156,1561.5559675693512,0.002,0.072,0.084,0.842,0.0,Sensor
/home/lmy/iot-device-classification/dataset/sensor/round7_jitter/sensor_r7.pcapng,R7,157,1571.2340750694275,0.016,0.362,0.222,0.4,0.0,Sensor
/home/lmy/iot-device-classification/dataset/sensor/round7_jitter/sensor_r7.pcapng,R7,158,1581.574730873108,0.006,0.262,0.272,0.46,0.0,Sensor
/home/lmy/iot-device-classification/dataset/sensor/round7_jitter/sensor_r7.pcapng,R7,159,1590.6740906238556,0.024,0.32,0.132,0.524,0.0,Sensor
/home/lmy/iot-device-classification/dataset/sensor/round7_jitter/sensor_r7.pcapng,R7,160,1600.1364107131958,0.01,0.492,0.412,0.084,0.002,Sensor
/home/lmy/iot-device-classification/dataset/sensor/round7_jitter/sensor_r7.pcapng,R7,161,1611.6077735424042,0.026,0.324,0.106,0.54,0.004,Sensor
/home/lmy/iot-device-classification/dataset/sensor/round7_jitter/sensor_r7.pcapng,R7,162,1621.6150591373444,0.0,0.044,0.054,0.902,0.0,Sensor
/home/lmy/iot-device-classification/dataset/sensor/round7_jitter/sensor_r7.pcapng,R7,163,1631.6243543624878,0.006,0.316,0.304,0.374,0.0,Sensor
/home/lmy/iot-device-classification/dataset/sensor/round7_jitter/sensor_r7.pcapng,R7,164,1640.103597164154,0.082,0.222,0.204,0.49,0.002,Sensor
/home/lmy/iot-device-classification/dataset/sensor/round7_jitter/sensor_r7.pcapng,R7,165,1651.648384809494,0.014,0.27,0.254,0.462,0.0,Sensor
/home/lmy/iot-device-classification/dataset/sensor/round7_jitter/sensor_r7.pcapng,R7,166,1661.6543698310852,0.082,0.086,0.134,0.698,0.0,Sensor
/home/lmy/iot-device-classification/dataset/sensor/round7_jitter/sensor_r7.pcapng,R7,167,1671.0650146007538,0.002,0.322,0.096,0.58,0.0,Sensor
/home/lmy/iot-device-classification/dataset/sensor/round7_jitter/sensor_r7.pcapng,R7,168,1680.0603477954865,0.014,0.244,0.184,0.558,0.0,Sensor
/home/lmy/iot-device-classification/dataset/sensor/round7_jitter/sensor_r7.pcapng,R7,169,1690.129117488861,0.014,0.398,0.22,0.364,0.004,Sensor
/home/lmy/iot-device-classification/dataset/sensor/round7_jitter/sensor_r7.pcapng,R7,170,1700.020429134369,0.0,0.226,0.236,0.538,0.0,Sensor
/home/lmy/iot-device-classification/dataset/sensor/round7_jitter/sensor_r7.pcapng,R7,171,1710.923228740692,0.002,0.494,0.092,0.412,0.0,Sensor
/home/lmy/iot-device-classification/dataset/sensor/round7_jitter/sensor_r7.pcapng,R7,172,1721.7139711380005,0.002,0.176,0.226,0.596,0.0,Sensor
/home/lmy/iot-device-classification/dataset/sensor/round7_jitter/sensor_r7.pcapng,R7,173,1730.102112531662,0.014,0.206,0.166,0.614,0.0,Sensor
/home/lmy/iot-device-classification/dataset/sensor/round7_jitter/sensor_r7.pcapng,R7,174,1740.0426242351532,0.012,0.414,0.092,0.478,0.004,Sensor
/home/lmy/iot-device-classification/dataset/sensor/round7_jitter/sensor_r7.pcapng,R7,175,1750.820386171341,0.01,0.388,0.43,0.172,0.0,Sensor
/home/lmy/iot-device-classification/dataset/sensor/round7_jitter/sensor_r7.pcapng,R7,176,1761.7530238628387,0.0,0.038,0.056,0.906,0.0,Sensor
/home/lmy/iot-device-classification/dataset/sensor/round7_jitter/sensor_r7.pcapng,R7,177,1771.7633373737335,0.004,0.19,0.08,0.726,0.0,Sensor
/home/lmy/iot-device-classification/dataset/sensor/round7_jitter/sensor_r7.pcapng,R7,178,1780.1399912834167,0.008,0.308,0.53,0.154,0.0,Sensor
/home/lmy/iot-device-classification/dataset/sensor/round7_jitter/sensor_r7.pcapng,R7,179,1791.0682139396667,0.002,0.506,0.098,0.394,0.0,Sensor
/home/lmy/iot-device-classification/dataset/sensor/round7_jitter/sensor_r7.pcapng,R7,180,1801.7925539016724,0.004,0.442,0.05,0.504,0.0,Sensor
/home/lmy/iot-device-classification/dataset/sensor/round7_jitter/sensor_r7.pcapng,R7,181,1810.7370345592497,0.016,0.402,0.324,0.258,0.0,Sensor
/home/lmy/iot-device-classification/dataset/sensor/round7_jitter/sensor_r7.pcapng,R7,182,1820.088829755783,0.004,0.35,0.228,0.418,0.0,Sensor
/home/lmy/iot-device-classification/dataset/sensor/round7_jitter/sensor_r7.pcapng,R7,183,1830.0198798179624,0.104,0.356,0.208,0.326,0.006,Sensor
/home/lmy/iot-device-classification/dataset/sensor/round7_jitter/sensor_r7.pcapng,R7,184,1841.8331570625303,0.012,0.226,0.284,0.478,0.0,Sensor
/home/lmy/iot-device-classification/dataset/sensor/round7_jitter/sensor_r7.pcapng,R7,185,1850.1688811779024,0.002,0.114,0.076,0.808,0.0,Sensor
/home/lmy/iot-device-classification/dataset/sensor/round7_jitter/sensor_r7.pcapng,R7,186,1861.467823266983,0.004,0.238,0.126,0.632,0.0,Sensor
/home/lmy/iot-device-classification/dataset/sensor/round7_jitter/sensor_r7.pcapng,R7,187,1870.1271574497223,0.01,0.204,0.368,0.418,0.0,Sensor
/home/lmy/iot-device-classification/dataset/sensor/round7_jitter/sensor_r7.pcapng,R7,188,1881.4814517498016,0.012,0.196,0.14,0.65,0.002,Sensor
/home/lmy/iot-device-classification/dataset/sensor/round7_jitter/sensor_r7.pcapng,R7,189,1891.8839945793152,0.01,0.294,0.17,0.526,0.0,Sensor
/home/lmy/iot-device-classification/dataset/sensor/round7_jitter/sensor_r7.pcapng,R7,190,1901.8933458328247,0.012,0.376,0.226,0.386,0.0,Sensor
/home/lmy/iot-device-classification/dataset/sensor/round7_jitter/sensor_r7.pcapng,R7,191,1910.087752342224,0.034,0.166,0.164,0.604,0.032,Sensor
/home/lmy/iot-device-classification/dataset/sensor/round7_jitter/sensor_r7.pcapng,R7,192,1920.5668587684631,0.006,0.23,0.266,0.498,0.0,Sensor
/home/lmy/iot-device-classification/dataset/sensor/round7_jitter/sensor_r7.pcapng,R7,193,1931.922912120819,0.002,0.09,0.17,0.738,0.0,Sensor
/home/lmy/iot-device-classification/dataset/sensor/round7_jitter/sensor_r7.pcapng,R7,194,1941.801438331604,0.034,0.176,0.076,0.698,0.016,Sensor
/home/lmy/iot-device-classification/dataset/sensor/round7_jitter/sensor_r7.pcapng,R7,195,1951.9429240226743,0.028,0.406,0.416,0.15,0.0,Sensor
/home/lmy/iot-device-classification/dataset/sensor/round7_jitter/sensor_r7.pcapng,R7,196,1960.138783931732,0.072,0.414,0.25,0.26,0.004,Sensor
/home/lmy/iot-device-classification/dataset/sensor/round7_jitter/sensor_r7.pcapng,R7,197,1971.7668142318728,0.002,0.578,0.164,0.256,0.0,Sensor
/home/lmy/iot-device-classification/dataset/sensor/round7_jitter/sensor_r7.pcapng,R7,198,1981.9740941524503,0.03,0.194,0.184,0.59,0.002,Sensor
/home/lmy/iot-device-classification/dataset/sensor/round7_jitter/sensor_r7.pcapng,R7,199,1990.006371498108,0.016,0.366,0.364,0.254,0.0,Sensor
/home/lmy/iot-device-classification/dataset/sensor/round7_jitter/sensor_r7.pcapng,R7,200,2000.0868096351624,0.016,0.206,0.134,0.644,0.0,Sensor
/home/lmy/iot-device-classification/dataset/sensor/round7_jitter/sensor_r7.pcapng,R7,201,2012.0034658908844,0.006,0.32,0.282,0.392,0.0,Sensor
/home/lmy/iot-device-classification/dataset/sensor/round7_jitter/sensor_r7.pcapng,R7,202,2020.1381821632383,0.032,0.342,0.432,0.194,0.0,Sensor
/home/lmy/iot-device-classification/dataset/sensor/round7_jitter/sensor_r7.pcapng,R7,203,2032.0224423408508,0.002,0.342,0.146,0.51,0.0,Sensor
/home/lmy/iot-device-classification/dataset/sensor/round7_jitter/sensor_r7.pcapng,R7,204,2040.1660058498385,0.014,0.288,0.182,0.516,0.0,Sensor
/home/lmy/iot-device-classification/dataset/sensor/round7_jitter/sensor_r7.pcapng,R7,205,2050.126514196396,0.012,0.28,0.466,0.24,0.002,Sensor
/home/lmy/iot-device-classification/dataset/sensor/round7_jitter/sensor_r7.pcapng,R7,206,2060.165924310684,0.008,0.458,0.248,0.286,0.0,Sensor
/home/lmy/iot-device-classification/dataset/sensor/round7_jitter/sensor_r7.pcapng,R7,207,2072.066149711609,0.03,0.098,0.084,0.786,0.002,Sensor
/home/lmy/iot-device-classification/dataset/sensor/round7_jitter/sensor_r7.pcapng,R7,208,2082.073559045792,0.186,0.244,0.136,0.428,0.006,Sensor
/home/lmy/iot-device-classification/dataset/sensor/round7_jitter/sensor_r7.pcapng,R7,209,2090.086772918701,0.036,0.306,0.19,0.468,0.0,Sensor
/home/lmy/iot-device-classification/dataset/sensor/round7_jitter/sensor_r7.pcapng,R7,210,2102.0971007347107,0.05,0.182,0.118,0.648,0.002,Sensor
/home/lmy/iot-device-classification/dataset/sensor/round7_jitter/sensor_r7.pcapng,R7,211,2111.665205001831,0.014,0.188,0.232,0.566,0.0,Sensor
/home/lmy/iot-device-classification/dataset/sensor/round7_jitter/sensor_r7.pcapng,R7,212,2122.113651037216,0.002,0.102,0.082,0.814,0.0,Sensor
/home/lmy/iot-device-classification/dataset/sensor/round7_jitter/sensor_r7.pcapng,R7,213,2132.126209974289,0.01,0.304,0.114,0.572,0.0,Sensor
/home/lmy/iot-device-classification/dataset/sensor/round7_jitter/sensor_r7.pcapng,R7,214,2140.124691009521,0.016,0.35,0.414,0.22,0.0,Sensor
/home/lmy/iot-device-classification/dataset/sensor/round7_jitter/sensor_r7.pcapng,R7,215,2151.881781101227,0.01,0.214,0.102,0.666,0.008,Sensor
/home/lmy/iot-device-classification/dataset/sensor/round7_jitter/sensor_r7.pcapng,R7,216,2162.152669906616,0.02,0.238,0.148,0.574,0.02,Sensor
/home/lmy/iot-device-classification/dataset/sensor/round7_jitter/sensor_r7.pcapng,R7,217,2170.964270591736,0.014,0.364,0.274,0.348,0.0,Sensor
/home/lmy/iot-device-classification/dataset/sensor/round7_jitter/sensor_r7.pcapng,R7,218,2180.086198568344,0.01,0.282,0.158,0.55,0.0,Sensor
/home/lmy/iot-device-classification/dataset/sensor/round7_jitter/sensor_r7.pcapng,R7,219,2192.181971549988,0.002,0.078,0.068,0.852,0.0,Sensor
/home/lmy/iot-device-classification/dataset/sensor/round7_jitter/sensor_r7.pcapng,R7,220,2202.191931962967,0.0,0.084,0.316,0.6,0.0,Sensor
/home/lmy/iot-device-classification/dataset/sensor/round7_jitter/sensor_r7.pcapng,R7,221,2212.203633785248,0.004,0.042,0.088,0.866,0.0,Sensor
/home/lmy/iot-device-classification/dataset/sensor/round7_jitter/sensor_r7.pcapng,R7,222,2222.2116758823395,0.008,0.24,0.18,0.572,0.0,Sensor
/home/lmy/iot-device-classification/dataset/sensor/round7_jitter/sensor_r7.pcapng,R7,223,2230.1368935108185,0.016,0.438,0.16,0.386,0.0,Sensor
/home/lmy/iot-device-classification/dataset/sensor/round7_jitter/sensor_r7.pcapng,R7,224,2240.464268684387,0.004,0.328,0.312,0.356,0.0,Sensor
/home/lmy/iot-device-classification/dataset/sensor/round7_jitter/sensor_r7.pcapng,R7,225,2252.2415657043457,0.004,0.174,0.294,0.528,0.0,Sensor
/home/lmy/iot-device-classification/dataset/sensor/round7_jitter/sensor_r7.pcapng,R7,226,2262.253199338913,0.002,0.22,0.158,0.62,0.0,Sensor
/home/lmy/iot-device-classification/dataset/sensor/round7_jitter/sensor_r7.pcapng,R7,227,2270.0851950645447,0.014,0.284,0.186,0.516,0.0,Sensor
/home/lmy/iot-device-classification/dataset/sensor/round7_jitter/sensor_r7.pcapng,R7,228,2281.7635655403137,0.012,0.346,0.132,0.504,0.006,Sensor
/home/lmy/iot-device-classification/dataset/sensor/round7_jitter/sensor_r7.pcapng,R7,229,2290.0169863700867,0.096,0.252,0.122,0.53,0.0,Sensor
/home/lmy/iot-device-classification/dataset/sensor/round7_jitter/sensor_r7.pcapng,R7,230,2300.86328625679,0.002,0.226,0.24,0.532,0.0,Sensor
/home/lmy/iot-device-classification/dataset/sensor/round7_jitter/sensor_r7.pcapng,R7,231,2312.3018450737,0.018,0.16,0.128,0.692,0.002,Sensor
/home/lmy/iot-device-classification/dataset/sensor/round7_jitter/sensor_r7.pcapng,R7,232,2320.1150419712067,0.024,0.33,0.244,0.402,0.0,Sensor
/home/lmy/iot-device-classification/dataset/sensor/round7_jitter/sensor_r7.pcapng,R7,233,2331.265290260315,0.0,0.52,0.186,0.294,0.0,Sensor
/home/lmy/iot-device-classification/dataset/sensor/round7_jitter/sensor_r7.pcapng,R7,234,2342.215154647827,0.0,0.098,0.07,0.832,0.0,Sensor
/home/lmy/iot-device-classification/dataset/sensor/round7_jitter/sensor_r7.pcapng,R7,235,2350.8241539001465,0.012,0.332,0.368,0.288,0.0,Sensor
/home/lmy/iot-device-classification/dataset/sensor/round7_jitter/sensor_r7.pcapng,R7,236,2360.0971410274506,0.032,0.148,0.142,0.678,0.0,Sensor
/home/lmy/iot-device-classification/dataset/sensor/round7_jitter/sensor_r7.pcapng,R7,237,2372.3587687015533,0.02,0.26,0.232,0.48,0.008,Sensor
/home/lmy/iot-device-classification/dataset/sensor/round7_jitter/sensor_r7.pcapng,R7,238,2382.3716855049133,0.008,0.228,0.374,0.39,0.0,Sensor
/home/lmy/iot-device-classification/dataset/sensor/round7_jitter/sensor_r7.pcapng,R7,239,2392.3815729618077,0.0,0.088,0.088,0.824,0.0,Sensor
/home/lmy/iot-device-classification/dataset/sensor/round7_jitter/sensor_r7.pcapng,R7,240,2402.3914427757263,0.008,0.234,0.192,0.566,0.0,Sensor
/home/lmy/iot-device-classification/dataset/sensor/round7_jitter/sensor_r7.pcapng,R7,241,2410.1356041431427,0.066,0.334,0.368,0.232,0.0,Sensor
/home/lmy/iot-device-classification/dataset/sensor/round7_jitter/sensor_r7.pcapng,R7,242,2422.41583776474,0.066,0.106,0.09,0.736,0.002,Sensor
/home/lmy/iot-device-classification/dataset/sensor/round7_jitter/sensor_r7.pcapng,R7,243,2430.5975601673126,0.118,0.348,0.122,0.39,0.022,Sensor
/home/lmy/iot-device-classification/dataset/sensor/round7_jitter/sensor_r7.pcapng,R7,244,2442.4310977458954,0.002,0.328,0.134,0.536,0.0,Sensor
/home/lmy/iot-device-classification/dataset/sensor/round7_jitter/sensor_r7.pcapng,R7,245,2450.08425116539,0.014,0.22,0.144,0.622,0.0,Sensor
/home/lmy/iot-device-classification/dataset/sensor/round7_jitter/sensor_r7.pcapng,R7,246,2462.451426744461,0.0,0.052,0.052,0.896,0.0,Sensor
/home/lmy/iot-device-classification/dataset/sensor/round7_jitter/sensor_r7.pcapng,R7,247,2471.8837518692017,0.002,0.21,0.318,0.47,0.0,Sensor
/home/lmy/iot-device-classification/dataset/sensor/round7_jitter/sensor_r7.pcapng,R7,248,2482.4710080623627,0.0,0.114,0.088,0.798,0.0,Sensor
/home/lmy/iot-device-classification/dataset/sensor/round7_jitter/sensor_r7.pcapng,R7,249,2492.486950159073,0.046,0.204,0.112,0.636,0.002,Sensor
/home/lmy/iot-device-classification/dataset/sensor/round7_jitter/sensor_r7.pcapng,R7,250,2500.1220903396606,0.01,0.384,0.5,0.106,0.0,Sensor
/home/lmy/iot-device-classification/dataset/sensor/round7_jitter/sensor_r7.pcapng,R7,251,2512.501137971878,0.006,0.048,0.11,0.836,0.0,Sensor
/home/lmy/iot-device-classification/dataset/sensor/round7_jitter/sensor_r7.pcapng,R7,252,2520.038937568665,0.156,0.252,0.08,0.51,0.002,Sensor
/home/lmy/iot-device-classification/dataset/sensor/round7_jitter/sensor_r7.pcapng,R7,253,2530.438588619232,0.096,0.182,0.13,0.582,0.01,Sensor
/home/lmy/iot-device-classification/dataset/sensor/round7_jitter/sensor_r7.pcapng,R7,254,2540.095355510712,0.066,0.148,0.178,0.608,0.0,Sensor
/home/lmy/iot-device-classification/dataset/sensor/round7_jitter/sensor_r7.pcapng,R7,255,2552.542927980423,0.01,0.242,0.304,0.444,0.0,Sensor
/home/lmy/iot-device-classification/dataset/sensor/round7_jitter/sensor_r7.pcapng,R7,256,2562.558024644852,0.022,0.262,0.584,0.132,0.0,Sensor
/home/lmy/iot-device-classification/dataset/sensor/round7_jitter/sensor_r7.pcapng,R7,257,2571.8558757305145,0.016,0.284,0.208,0.492,0.0,Sensor
/home/lmy/iot-device-classification/dataset/sensor/round7_jitter/sensor_r7.pcapng,R7,258,2582.5707819461823,0.008,0.314,0.256,0.422,0.0,Sensor
/home/lmy/iot-device-classification/dataset/sensor/round7_jitter/sensor_r7.pcapng,R7,259,2590.1339979171757,0.028,0.294,0.43,0.248,0.0,Sensor
/home/lmy/iot-device-classification/dataset/sensor/round7_jitter/sensor_r7.pcapng,R7,260,2602.596646547317,0.016,0.198,0.162,0.616,0.008,Sensor
/home/lmy/iot-device-classification/dataset/sensor/round7_jitter/sensor_r7.pcapng,R7,261,2610.011230945587,0.014,0.21,0.148,0.628,0.0,Sensor
/home/lmy/iot-device-classification/dataset/sensor/round7_jitter/sensor_r7.pcapng,R7,262,2622.6105697155,0.016,0.272,0.354,0.358,0.0,Sensor
/home/lmy/iot-device-classification/dataset/sensor/round7_jitter/sensor_r7.pcapng,R7,263,2630.0806016922,0.022,0.15,0.156,0.672,0.0,Sensor
/home/lmy/iot-device-classification/dataset/sensor/round7_jitter/sensor_r7.pcapng,R7,264,2642.630982160568,0.002,0.164,0.128,0.706,0.0,Sensor
/home/lmy/iot-device-classification/dataset/sensor/round7_jitter/sensor_r7.pcapng,R7,265,2652.641815423965,0.11,0.182,0.186,0.516,0.006,Sensor
/home/lmy/iot-device-classification/dataset/sensor/round7_jitter/sensor_r7.pcapng,R7,266,2662.1720163822174,0.006,0.36,0.11,0.522,0.002,Sensor
/home/lmy/iot-device-classification/dataset/sensor/round7_jitter/sensor_r7.pcapng,R7,267,2670.5500223636627,0.008,0.14,0.18,0.672,0.0,Sensor
/home/lmy/iot-device-classification/dataset/sensor/round7_jitter/sensor_r7.pcapng,R7,268,2680.134073972702,0.01,0.264,0.306,0.42,0.0,Sensor
/home/lmy/iot-device-classification/dataset/sensor/round7_jitter/sensor_r7.pcapng,R7,269,2690.6080214977264,0.006,0.24,0.114,0.64,0.0,Sensor
/home/lmy/iot-device-classification/dataset/sensor/round7_jitter/sensor_r7.pcapng,R7,270,2702.6913483142853,0.006,0.162,0.186,0.646,0.0,Sensor
/home/lmy/iot-device-classification/dataset/sensor/round7_jitter/sensor_r7.pcapng,R7,271,2712.4432394504547,0.134,0.244,0.158,0.462,0.002,Sensor
/home/lmy/iot-device-classification/dataset/sensor/round7_jitter/sensor_r7.pcapng,R7,272,2720.0816462039948,0.016,0.102,0.15,0.732,0.0,Sensor
/home/lmy/iot-device-classification/dataset/sensor/round7_jitter/sensor_r7.pcapng,R7,273,2730.5505154132843,0.016,0.294,0.196,0.494,0.0,Sensor
/home/lmy/iot-device-classification/dataset/sensor/round7_jitter/sensor_r7.pcapng,R7,274,2740.1335110664368,0.014,0.412,0.42,0.152,0.002,Sensor
/home/lmy/iot-device-classification/dataset/sensor/round7_jitter/sensor_r7.pcapng,R7,275,2752.739520311356,0.0,0.378,0.088,0.534,0.0,Sensor
/home/lmy/iot-device-classification/dataset/sensor/round7_jitter/sensor_r7.pcapng,R7,276,2762.750248193741,0.006,0.226,0.28,0.486,0.002,Sensor
/home/lmy/iot-device-classification/dataset/sensor/round7_jitter/sensor_r7.pcapng,R7,277,2770.1361286640167,0.008,0.22,0.238,0.534,0.0,Sensor
/home/lmy/iot-device-classification/dataset/sensor/round7_jitter/sensor_r7.pcapng,R7,278,2780.0375175476074,0.042,0.154,0.244,0.55,0.01,Sensor
/home/lmy/iot-device-classification/dataset/sensor/round7_jitter/sensor_r7.pcapng,R7,279,2790.435819864273,0.014,0.11,0.072,0.796,0.008,Sensor
/home/lmy/iot-device-classification/dataset/sensor/round7_jitter/sensor_r7.pcapng,R7,280,2800.9809832572937,0.012,0.27,0.522,0.196,0.0,Sensor
/home/lmy/iot-device-classification/dataset/sensor/round7_jitter/sensor_r7.pcapng,R7,281,2810.0920350551605,0.06,0.116,0.124,0.698,0.002,Sensor
/home/lmy/iot-device-classification/dataset/sensor/round7_jitter/sensor_r7.pcapng,R7,282,2820.1151597499847,0.0,0.114,0.07,0.816,0.0,Sensor
/home/lmy/iot-device-classification/dataset/sensor/round7_jitter/sensor_r7.pcapng,R7,283,2832.8208134174347,0.004,0.314,0.256,0.426,0.0,Sensor
/home/lmy/iot-device-classification/dataset/sensor/round7_jitter/sensor_r7.pcapng,R7,284,2840.8277871608734,0.006,0.182,0.466,0.346,0.0,Sensor
/home/lmy/iot-device-classification/dataset/sensor/round7_jitter/sensor_r7.pcapng,R7,285,2852.840427875519,0.006,0.296,0.168,0.53,0.0,Sensor
/home/lmy/iot-device-classification/dataset/sensor/round7_jitter/sensor_r7.pcapng,R7,286,2860.119122982025,0.006,0.16,0.232,0.602,0.0,Sensor
/home/lmy/iot-device-classification/dataset/sensor/round7_jitter/sensor_r7.pcapng,R7,287,2871.2596485614777,0.006,0.172,0.29,0.532,0.0,Sensor
/home/lmy/iot-device-classification/dataset/sensor/round7_jitter/sensor_r7.pcapng,R7,288,2880.4606490135197,0.04,0.076,0.094,0.79,0.0,Sensor
/home/lmy/iot-device-classification/dataset/sensor/round7_jitter/sensor_r7.pcapng,R7,289,2890.279682159424,0.004,0.39,0.416,0.19,0.0,Sensor
/home/lmy/iot-device-classification/dataset/sensor/round7_jitter/sensor_r7.pcapng,R7,290,2900.083057165146,0.018,0.372,0.15,0.46,0.0,Sensor
/home/lmy/iot-device-classification/dataset/sensor/round7_jitter/sensor_r7.pcapng,R7,291,2912.905473947525,0.01,0.116,0.056,0.818,0.0,Sensor
/home/lmy/iot-device-classification/dataset/sensor/round7_jitter/sensor_r7.pcapng,R7,292,2923.007340192795,0.012,0.3,0.354,0.334,0.0,Sensor
/home/lmy/iot-device-classification/dataset/sensor/round7_jitter/sensor_r7.pcapng,R7,293,2932.930109024048,0.0,0.066,0.134,0.8,0.0,Sensor
/home/lmy/iot-device-classification/dataset/sensor/round7_jitter/sensor_r7.pcapng,R7,294,2940.202679872513,0.014,0.288,0.41,0.282,0.006,Sensor
/home/lmy/iot-device-classification/dataset/sensor/round7_jitter/sensor_r7.pcapng,R7,295,2951.054490804672,0.028,0.184,0.386,0.402,0.0,Sensor
/home/lmy/iot-device-classification/dataset/sensor/round7_jitter/sensor_r7.pcapng,R7,296,2961.004620552063,0.002,0.16,0.12,0.716,0.002,Sensor
/home/lmy/iot-device-classification/dataset/sensor/round7_jitter/sensor_r7.pcapng,R7,297,2971.405692577362,0.006,0.164,0.246,0.584,0.0,Sensor
/home/lmy/iot-device-classification/dataset/sensor/round7_jitter/sensor_r7.pcapng,R7,298,2980.144015073776,0.016,0.242,0.32,0.422,0.0,Sensor
/home/lmy/iot-device-classification/dataset/sensor/round7_jitter/sensor_r7.pcapng,R7,299,2990.1032679080963,0.012,0.144,0.15,0.694,0.0,Sensor
/home/lmy/iot-device-classification/dataset/sensor/round7_jitter/sensor_r7.pcapng,R7,300,3002.609325170517,0.054,0.2,0.08,0.654,0.012,Sensor
/home/lmy/iot-device-classification/dataset/sensor/round7_jitter/sensor_r7.pcapng,R7,301,3013.014033079148,0.006,0.33,0.308,0.354,0.002,Sensor
/home/lmy/iot-device-classification/dataset/sensor/round7_jitter/sensor_r7.pcapng,R7,302,3023.026094675064,0.168,0.112,0.104,0.608,0.008,Sensor
/home/lmy/iot-device-classification/dataset/sensor/round7_jitter/sensor_r7.pcapng,R7,303,3031.273381948471,0.006,0.208,0.176,0.61,0.0,Sensor
/home/lmy/iot-device-classification/dataset/sensor/round7_jitter/sensor_r7.pcapng,R7,304,3040.150187969208,0.04,0.186,0.384,0.39,0.0,Sensor
/home/lmy/iot-device-classification/dataset/sensor/round7_jitter/sensor_r7.pcapng,R7,305,3053.056826591492,0.076,0.128,0.104,0.692,0.0,Sensor
/home/lmy/iot-device-classification/dataset/sensor/round7_jitter/sensor_r7.pcapng,R7,306,3062.932056903839,0.23,0.126,0.11,0.508,0.026,Sensor
/home/lmy/iot-device-classification/dataset/sensor/round7_jitter/sensor_r7.pcapng,R7,307,3071.961562156677,0.05,0.226,0.168,0.554,0.002,Sensor
/home/lmy/iot-device-classification/dataset/sensor/round7_jitter/sensor_r7.pcapng,R7,308,3080.1092784404755,0.064,0.21,0.134,0.588,0.004,Sensor
/home/lmy/iot-device-classification/dataset/sensor/round7_jitter/sensor_r7.pcapng,R7,309,3093.1003634929657,0.012,0.122,0.06,0.806,0.0,Sensor
/home/lmy/iot-device-classification/dataset/sensor/round7_jitter/sensor_r7.pcapng,R7,310,3102.9208137989044,0.002,0.226,0.246,0.526,0.0,Sensor
/home/lmy/iot-device-classification/dataset/sensor/round7_jitter/sensor_r7.pcapng,R7,311,3112.8554377555847,0.114,0.388,0.166,0.328,0.004,Sensor
/home/lmy/iot-device-classification/dataset/sensor/round7_jitter/sensor_r7.pcapng,R7,312,3123.132077932358,0.076,0.154,0.134,0.632,0.004,Sensor
/home/lmy/iot-device-classification/dataset/sensor/round7_jitter/sensor_r7.pcapng,R7,313,3130.1556293964386,0.002,0.224,0.214,0.56,0.0,Sensor
/home/lmy/iot-device-classification/dataset/sensor/round7_jitter/sensor_r7.pcapng,R7,314,3143.153875350952,0.004,0.312,0.106,0.578,0.0,Sensor
/home/lmy/iot-device-classification/dataset/sensor/round7_jitter/sensor_r7.pcapng,R7,315,3152.378014564514,0.008,0.25,0.396,0.346,0.0,Sensor
/home/lmy/iot-device-classification/dataset/sensor/round7_jitter/sensor_r7.pcapng,R7,316,3163.17478466034,0.002,0.07,0.208,0.72,0.0,Sensor
/home/lmy/iot-device-classification/dataset/sensor/round7_jitter/sensor_r7.pcapng,R7,317,3170.115406513214,0.112,0.322,0.298,0.264,0.004,Sensor
/home/lmy/iot-device-classification/dataset/sensor/round7_jitter/sensor_r7.pcapng,R7,318,3181.499657392502,0.058,0.372,0.326,0.24,0.004,Sensor
/home/lmy/iot-device-classification/dataset/sensor/round7_jitter/sensor_r7.pcapng,R7,319,3190.34375667572,0.024,0.24,0.354,0.382,0.0,Sensor
/home/lmy/iot-device-classification/dataset/sensor/round7_jitter/sensor_r7.pcapng,R7,320,3203.2170391082764,0.022,0.076,0.1,0.8,0.002,Sensor
/home/lmy/iot-device-classification/dataset/sensor/round7_jitter/sensor_r7.pcapng,R7,321,3210.6224846839905,0.074,0.3,0.244,0.334,0.048,Sensor
/home/lmy/iot-device-classification/dataset/sensor/round7_jitter/sensor_r7.pcapng,R7,322,3220.158088207245,0.016,0.358,0.422,0.204,0.0,Sensor
/home/lmy/iot-device-classification/dataset/sensor/round7_jitter/sensor_r7.pcapng,R7,323,3233.248283147812,0.036,0.194,0.13,0.638,0.002,Sensor
/home/lmy/iot-device-classification/dataset/sensor/round7_jitter/sensor_r7.pcapng,R7,324,3243.259291410446,0.034,0.154,0.094,0.716,0.002,Sensor
/home/lmy/iot-device-classification/dataset/sensor/round7_jitter/sensor_r7.pcapng,R7,325,3253.2701025009155,0.008,0.082,0.172,0.738,0.0,Sensor
/home/lmy/iot-device-classification/dataset/sensor/round7_jitter/sensor_r7.pcapng,R7,326,3260.119136571884,0.106,0.154,0.166,0.57,0.004,Sensor
/home/lmy/iot-device-classification/dataset/sensor/round7_jitter/sensor_r7.pcapng,R7,327,3271.5028030872345,0.15,0.202,0.298,0.35,0.0,Sensor
/home/lmy/iot-device-classification/dataset/sensor/round7_jitter/sensor_r7.pcapng,R7,328,3281.3448333740234,0.184,0.178,0.15,0.472,0.016,Sensor
/home/lmy/iot-device-classification/dataset/sensor/round7_jitter/sensor_r7.pcapng,R7,329,3293.312098741532,0.094,0.246,0.09,0.57,0.0,Sensor
/home/lmy/iot-device-classification/dataset/sensor/round7_jitter/sensor_r7.pcapng,R7,330,3300.039617538452,0.046,0.22,0.158,0.576,0.0,Sensor
/home/lmy/iot-device-classification/dataset/sensor/round7_jitter/sensor_r7.pcapng,R7,331,3310.158323764801,0.18,0.168,0.15,0.5,0.002,Sensor
/home/lmy/iot-device-classification/dataset/sensor/round7_jitter/sensor_r7.pcapng,R7,332,3320.8675162792206,0.108,0.096,0.054,0.696,0.046,Sensor
/home/lmy/iot-device-classification/dataset/sensor/round7_jitter/sensor_r7.pcapng,R7,333,3331.2673449516296,0.044,0.286,0.326,0.344,0.0,Sensor
/home/lmy/iot-device-classification/dataset/sensor/round7_jitter/sensor_r7.pcapng,R7,334,3340.253628730774,0.0,0.234,0.474,0.292,0.0,Sensor
/home/lmy/iot-device-classification/dataset/sensor/round7_jitter/sensor_r7.pcapng,R7,335,3350.1231186389923,0.266,0.122,0.116,0.48,0.016,Sensor
/home/lmy/iot-device-classification/dataset/sensor/round7_jitter/sensor_r7.pcapng,R7,336,3360.3881113529205,0.14,0.382,0.066,0.41,0.002,Sensor
/home/lmy/iot-device-classification/dataset/sensor/round7_jitter/sensor_r7.pcapng,R7,337,3370.78904247284,0.122,0.284,0.248,0.342,0.004,Sensor
/home/lmy/iot-device-classification/dataset/sensor/round7_jitter/sensor_r7.pcapng,R7,338,3381.188970565796,0.102,0.114,0.17,0.608,0.006,Sensor
/home/lmy/iot-device-classification/dataset/sensor/round7_jitter/sensor_r7.pcapng,R7,339,3391.462291955948,0.008,0.184,0.106,0.702,0.0,Sensor
/home/lmy/iot-device-classification/dataset/sensor/round7_jitter/sensor_r7.pcapng,R7,340,3400.167203426361,0.04,0.256,0.302,0.4,0.002,Sensor
/home/lmy/iot-device-classification/dataset/sensor/round7_jitter/sensor_r7.pcapng,R7,341,3411.492705345154,0.002,0.17,0.132,0.696,0.0,Sensor
/home/lmy/iot-device-classification/dataset/sensor/round7_jitter/sensor_r7.pcapng,R7,342,3420.7111711502075,0.106,0.582,0.07,0.236,0.006,Sensor
/home/lmy/iot-device-classification/dataset/sensor/round7_jitter/sensor_r7.pcapng,R7,343,3431.11168551445,0.012,0.228,0.274,0.486,0.0,Sensor
/home/lmy/iot-device-classification/dataset/sensor/round7_jitter/sensor_r7.pcapng,R7,344,3440.128246307373,0.024,0.162,0.172,0.642,0.0,Sensor
/home/lmy/iot-device-classification/dataset/sensor/round7_jitter/sensor_r7.pcapng,R7,345,3451.913172483444,0.012,0.268,0.258,0.462,0.0,Sensor
/home/lmy/iot-device-classification/dataset/sensor/round7_jitter/sensor_r7.pcapng,R7,346,3460.1693267822266,0.028,0.364,0.288,0.32,0.0,Sensor
/home/lmy/iot-device-classification/dataset/sensor/round7_jitter/sensor_r7.pcapng,R7,347,3473.500964641571,0.0,0.144,0.098,0.758,0.0,Sensor
/home/lmy/iot-device-classification/dataset/sensor/round7_jitter/sensor_r7.pcapng,R7,348,3483.5110857486725,0.012,0.186,0.14,0.662,0.0,Sensor
/home/lmy/iot-device-classification/dataset/sensor/round7_jitter/sensor_r7.pcapng,R7,349,3493.520969390869,0.012,0.234,0.286,0.468,0.0,Sensor
/home/lmy/iot-device-classification/dataset/sensor/round7_jitter/sensor_r7.pcapng,R7,350,3503.531856775284,0.0,0.058,0.11,0.832,0.0,Sensor
/home/lmy/iot-device-classification/dataset/sensor/round7_jitter/sensor_r7.pcapng,R7,351,3510.1567027568817,0.02,0.142,0.112,0.724,0.002,Sensor
/home/lmy/iot-device-classification/dataset/sensor/round7_jitter/sensor_r7.pcapng,R7,352,3520.554322719574,0.046,0.378,0.246,0.328,0.002,Sensor
/home/lmy/iot-device-classification/dataset/sensor/round7_jitter/sensor_r7.pcapng,R7,353,3530.1177382469177,0.008,0.246,0.122,0.624,0.0,Sensor
/home/lmy/iot-device-classification/dataset/sensor/round7_jitter/sensor_r7.pcapng,R7,354,3543.435093641281,0.006,0.22,0.152,0.622,0.0,Sensor
/home/lmy/iot-device-classification/dataset/sensor/round7_jitter/sensor_r7.pcapng,R7,355,3551.2173449993134,0.254,0.23,0.246,0.264,0.006,Sensor
/home/lmy/iot-device-classification/dataset/sensor/round7_jitter/sensor_r7.pcapng,R7,356,3560.0760374069214,0.08,0.154,0.07,0.67,0.026,Sensor
/home/lmy/iot-device-classification/dataset/sensor/round7_jitter/sensor_r7.pcapng,R7,357,3570.475654363632,0.006,0.148,0.224,0.62,0.002,Sensor
/home/lmy/iot-device-classification/dataset/sensor/round7_jitter/sensor_r7.pcapng,R7,358,3580.1730337142944,0.098,0.298,0.286,0.316,0.002,Sensor
/home/lmy/iot-device-classification/dataset/sensor/round7_jitter/sensor_r7.pcapng,R7,359,3590.549624919892,0.134,0.15,0.146,0.57,0.0,Sensor
/home/lmy/iot-device-classification/dataset/sensor/round7_jitter/sensor_r7.pcapng,R7,360,3601.676637172699,0.008,0.172,0.136,0.682,0.002,Sensor
/home/lmy/iot-device-classification/dataset/sensor/round7_jitter/sensor_r7.pcapng,R7,361,3611.978591918945,0.012,0.274,0.394,0.32,0.0,Sensor
/home/lmy/iot-device-classification/dataset/sensor/round7_jitter/sensor_r7.pcapng,R7,362,3620.132485866546,0.014,0.434,0.268,0.284,0.0,Sensor
/home/lmy/iot-device-classification/dataset/sensor/round7_jitter/sensor_r7.pcapng,R7,363,3632.878182888031,0.104,0.44,0.144,0.308,0.004,Sensor
/home/lmy/iot-device-classification/dataset/sensor/round7_jitter/sensor_r7.pcapng,R7,364,3643.2783296108246,0.126,0.198,0.186,0.486,0.004,Sensor
/home/lmy/iot-device-classification/dataset/sensor/round7_jitter/sensor_r7.pcapng,R7,365,3650.951297521591,0.086,0.1,0.168,0.644,0.002,Sensor
/home/lmy/iot-device-classification/dataset/sensor/round7_jitter/sensor_r7.pcapng,R7,366,3661.151781797409,0.058,0.196,0.16,0.582,0.004,Sensor
/home/lmy/iot-device-classification/dataset/sensor/round7_jitter/sensor_r7.pcapng,R7,367,3670.17576789856,0.012,0.312,0.39,0.286,0.0,Sensor
/home/lmy/iot-device-classification/dataset/sensor/round7_jitter/sensor_r7.pcapng,R7,368,3680.719017744064,0.106,0.41,0.14,0.342,0.002,Sensor
/home/lmy/iot-device-classification/dataset/sensor/round7_jitter/sensor_r7.pcapng,R7,369,3693.727308988571,0.038,0.124,0.168,0.666,0.004,Sensor
/home/lmy/iot-device-classification/dataset/sensor/round7_jitter/sensor_r7.pcapng,R7,370,3700.352776765824,0.016,0.33,0.296,0.358,0.0,Sensor
/home/lmy/iot-device-classification/dataset/sensor/round7_jitter/sensor_r7.pcapng,R7,371,3710.122353553772,0.022,0.218,0.138,0.622,0.0,Sensor
/home/lmy/iot-device-classification/dataset/sensor/round7_jitter/sensor_r7.pcapng,R7,372,3723.7589592933655,0.004,0.042,0.046,0.908,0.0,Sensor
/home/lmy/iot-device-classification/dataset/sensor/round7_jitter/sensor_r7.pcapng,R7,373,3733.768208265305,0.062,0.176,0.164,0.598,0.0,Sensor
/home/lmy/iot-device-classification/dataset/sensor/round7_jitter/sensor_r7.pcapng,R7,374,3740.6030192375183,0.012,0.364,0.17,0.454,0.0,Sensor
/home/lmy/iot-device-classification/dataset/sensor/round7_jitter/sensor_r7.pcapng,R7,375,3753.555546283722,0.118,0.172,0.212,0.496,0.002,Sensor
/home/lmy/iot-device-classification/dataset/sensor/round7_jitter/sensor_r7.pcapng,R7,376,3760.180025577545,0.016,0.294,0.3,0.39,0.0,Sensor
/home/lmy/iot-device-classification/dataset/sensor/round7_jitter/sensor_r7.pcapng,R7,377,3773.810189962387,0.064,0.086,0.086,0.764,0.0,Sensor
/home/lmy/iot-device-classification/dataset/sensor/round7_jitter/sensor_r7.pcapng,R7,378,3780.562053442001,0.044,0.358,0.36,0.232,0.006,Sensor
/home/lmy/iot-device-classification/dataset/sensor/round7_jitter/sensor_r7.pcapng,R7,379,3790.4945962429047,0.046,0.27,0.366,0.318,0.0,Sensor
/home/lmy/iot-device-classification/dataset/sensor/round7_jitter/sensor_r7.pcapng,R7,380,3800.136612653732,0.102,0.162,0.156,0.58,0.0,Sensor
/home/lmy/iot-device-classification/dataset/sensor/round7_jitter/sensor_r7.pcapng,R7,381,3811.965487480164,0.086,0.132,0.174,0.6,0.008,Sensor
/home/lmy/iot-device-classification/dataset/sensor/round7_jitter/sensor_r7.pcapng,R7,382,3822.16396856308,0.034,0.33,0.382,0.252,0.002,Sensor
/home/lmy/iot-device-classification/dataset/sensor/round7_jitter/sensor_r7.pcapng,R7,383,3831.0286219120026,0.054,0.112,0.128,0.706,0.0,Sensor
/home/lmy/iot-device-classification/dataset/sensor/round7_jitter/sensor_r7.pcapng,R7,384,3840.088383197784,0.006,0.082,0.09,0.822,0.0,Sensor
/home/lmy/iot-device-classification/dataset/sensor/round7_jitter/sensor_r7.pcapng,R7,385,3851.0245022773743,0.054,0.31,0.306,0.33,0.0,Sensor
/home/lmy/iot-device-classification/dataset/sensor/round7_jitter/sensor_r7.pcapng,R7,386,3863.902297973633,0.026,0.072,0.094,0.806,0.002,Sensor
/home/lmy/iot-device-classification/dataset/sensor/round7_jitter/sensor_r7.pcapng,R7,387,3870.168669700623,0.012,0.044,0.04,0.904,0.0,Sensor
/home/lmy/iot-device-classification/dataset/sensor/round7_jitter/sensor_r7.pcapng,R7,388,3880.4043288230896,0.172,0.266,0.156,0.382,0.024,Sensor
/home/lmy/iot-device-classification/dataset/sensor/round7_jitter/sensor_r7.pcapng,R7,389,3890.1381511688232,0.022,0.284,0.202,0.492,0.0,Sensor
/home/lmy/iot-device-classification/dataset/sensor/round7_jitter/sensor_r7.pcapng,R7,390,3903.9453997612,0.102,0.126,0.202,0.568,0.002,Sensor
/home/lmy/iot-device-classification/dataset/sensor/round7_jitter/sensor_r7.pcapng,R7,391,3912.4670226573935,0.08,0.288,0.148,0.482,0.002,Sensor
/home/lmy/iot-device-classification/dataset/sensor/round7_jitter/sensor_r7.pcapng,R7,392,3923.4667875766754,0.044,0.228,0.108,0.618,0.002,Sensor
/home/lmy/iot-device-classification/dataset/sensor/round7_jitter/sensor_r7.pcapng,R7,393,3933.973921775818,0.072,0.146,0.178,0.602,0.002,Sensor
/home/lmy/iot-device-classification/dataset/sensor/round7_jitter/sensor_r7.pcapng,R7,394,3942.805040359497,0.014,0.178,0.2,0.608,0.0,Sensor
/home/lmy/iot-device-classification/dataset/sensor/round7_jitter/sensor_r7.pcapng,R7,395,3953.994357347488,0.02,0.076,0.048,0.856,0.0,Sensor
/home/lmy/iot-device-classification/dataset/sensor/round7_jitter/sensor_r7.pcapng,R7,396,3963.606112241745,0.006,0.28,0.09,0.622,0.002,Sensor
/home/lmy/iot-device-classification/dataset/sensor/round7_jitter/sensor_r7.pcapng,R7,397,3971.9652848243713,0.012,0.368,0.276,0.344,0.0,Sensor
/home/lmy/iot-device-classification/dataset/sensor/round7_jitter/sensor_r7.pcapng,R7,398,3980.139273881912,0.056,0.152,0.12,0.67,0.002,Sensor
/home/lmy/iot-device-classification/dataset/socket/round7_jitter/socket_r7.pcapng,R7,0,0.0,0.012,0.0,0.006,0.008,0.974,Socket
/home/lmy/iot-device-classification/dataset/socket/round7_jitter/socket_r7.pcapng,R7,1,13.284010410308838,0.036,0.008,0.006,0.018,0.932,Socket
/home/lmy/iot-device-classification/dataset/socket/round7_jitter/socket_r7.pcapng,R7,2,20.160518646240234,0.004,0.004,0.004,0.02,0.968,Socket
/home/lmy/iot-device-classification/dataset/socket/round7_jitter/socket_r7.pcapng,R7,3,30.02814292907715,0.006,0.01,0.008,0.018,0.958,Socket
/home/lmy/iot-device-classification/dataset/socket/round7_jitter/socket_r7.pcapng,R7,4,40.55658006668091,0.004,0.006,0.004,0.022,0.964,Socket
/home/lmy/iot-device-classification/dataset/socket/round7_jitter/socket_r7.pcapng,R7,5,52.83029961585999,0.006,0.006,0.01,0.024,0.954,Socket
/home/lmy/iot-device-classification/dataset/socket/round7_jitter/socket_r7.pcapng,R7,6,60.09580159187317,0.002,0.012,0.018,0.014,0.954,Socket
/home/lmy/iot-device-classification/dataset/socket/round7_jitter/socket_r7.pcapng,R7,7,71.36890172958374,0.006,0.008,0.006,0.018,0.962,Socket
/home/lmy/iot-device-classification/dataset/socket/round7_jitter/socket_r7.pcapng,R7,8,80.04956579208374,0.004,0.002,0.002,0.01,0.982,Socket
/home/lmy/iot-device-classification/dataset/socket/round7_jitter/socket_r7.pcapng,R7,9,90.14843773841858,0.012,0.006,0.006,0.016,0.96,Socket
/home/lmy/iot-device-classification/dataset/socket/round7_jitter/socket_r7.pcapng,R7,10,100.76203083992004,0.004,0.004,0.004,0.024,0.964,Socket
/home/lmy/iot-device-classification/dataset/socket/round7_jitter/socket_r7.pcapng,R7,11,110.53844714164734,0.004,0.008,0.006,0.02,0.962,Socket
/home/lmy/iot-device-classification/dataset/socket/round7_jitter/socket_r7.pcapng,R7,12,120.30906939506532,0.008,0.0,0.008,0.028,0.956,Socket
/home/lmy/iot-device-classification/dataset/socket/round7_jitter/socket_r7.pcapng,R7,13,132.40870547294617,0.014,0.018,0.006,0.026,0.936,Socket
/home/lmy/iot-device-classification/dataset/socket/round7_jitter/socket_r7.pcapng,R7,14,140.0473928451538,0.004,0.008,0.006,0.02,0.962,Socket
/home/lmy/iot-device-classification/dataset/socket/round7_jitter/socket_r7.pcapng,R7,15,150.21586179733276,0.014,0.004,0.008,0.028,0.946,Socket
/home/lmy/iot-device-classification/dataset/socket/round7_jitter/socket_r7.pcapng,R7,16,160.65921759605408,0.004,0.002,0.006,0.026,0.962,Socket
/home/lmy/iot-device-classification/dataset/socket/round7_jitter/socket_r7.pcapng,R7,17,173.5843870639801,0.008,0.006,0.002,0.02,0.964,Socket
/home/lmy/iot-device-classification/dataset/socket/round7_jitter/socket_r7.pcapng,R7,18,180.26704287528992,0.01,0.0,0.002,0.014,0.974,Socket
/home/lmy/iot-device-classification/dataset/socket/round7_jitter/socket_r7.pcapng,R7,19,192.21035242080688,0.008,0.004,0.008,0.02,0.96,Socket
/home/lmy/iot-device-classification/dataset/socket/round7_jitter/socket_r7.pcapng,R7,20,201.99455904960632,0.006,0.01,0.01,0.024,0.95,Socket
/home/lmy/iot-device-classification/dataset/socket/round7_jitter/socket_r7.pcapng,R7,21,210.21238374710083,0.014,0.004,0.006,0.032,0.944,Socket
/home/lmy/iot-device-classification/dataset/socket/round7_jitter/socket_r7.pcapng,R7,22,220.0023217201233,0.002,0.01,0.004,0.016,0.968,Socket
/home/lmy/iot-device-classification/dataset/socket/round7_jitter/socket_r7.pcapng,R7,23,233.06533789634705,0.016,0.012,0.014,0.016,0.942,Socket
/home/lmy/iot-device-classification/dataset/socket/round7_jitter/socket_r7.pcapng,R7,24,240.0598316192627,0.008,0.002,0.006,0.034,0.95,Socket
/home/lmy/iot-device-classification/dataset/socket/round7_jitter/socket_r7.pcapng,R7,25,253.0870816707611,0.004,0.01,0.006,0.02,0.96,Socket
/home/lmy/iot-device-classification/dataset/socket/round7_jitter/socket_r7.pcapng,R7,26,260.7062819004059,0.008,0.004,0.008,0.02,0.96,Socket
/home/lmy/iot-device-classification/dataset/socket/round7_jitter/socket_r7.pcapng,R7,27,270.31072902679443,0.014,0.002,0.008,0.026,0.95,Socket
/home/lmy/iot-device-classification/dataset/socket/round7_jitter/socket_r7.pcapng,R7,28,280.0003206729889,0.008,0.01,0.008,0.014,0.96,Socket
/home/lmy/iot-device-classification/dataset/socket/round7_jitter/socket_r7.pcapng,R7,29,293.6763362884521,0.024,0.016,0.006,0.018,0.936,Socket
/home/lmy/iot-device-classification/dataset/socket/round7_jitter/socket_r7.pcapng,R7,30,300.3691473007202,0.01,0.002,0.008,0.016,0.964,Socket
/home/lmy/iot-device-classification/dataset/socket/round7_jitter/socket_r7.pcapng,R7,31,311.97808861732483,0.006,0.004,0.008,0.024,0.958,Socket
/home/lmy/iot-device-classification/dataset/socket/round7_jitter/socket_r7.pcapng,R7,32,320.6372022628784,0.004,0.004,0.004,0.018,0.97,Socket
/home/lmy/iot-device-classification/dataset/socket/round7_jitter/socket_r7.pcapng,R7,33,330.4110929965973,0.01,0.0,0.012,0.022,0.956,Socket
/home/lmy/iot-device-classification/dataset/socket/round7_jitter/socket_r7.pcapng,R7,34,342.4171235561371,0.002,0.01,0.01,0.018,0.96,Socket
/home/lmy/iot-device-classification/dataset/socket/round7_jitter/socket_r7.pcapng,R7,35,353.885767698288,0.01,0.0,0.008,0.016,0.966,Socket
/home/lmy/iot-device-classification/dataset/socket/round7_jitter/socket_r7.pcapng,R7,36,360.0475800037384,0.018,0.002,0.008,0.016,0.956,Socket
/home/lmy/iot-device-classification/dataset/socket/round7_jitter/socket_r7.pcapng,R7,37,373.72812485694885,0.026,0.008,0.012,0.028,0.926,Socket
/home/lmy/iot-device-classification/dataset/socket/round7_jitter/socket_r7.pcapng,R7,38,380.4887640476227,0.002,0.002,0.004,0.012,0.98,Socket
/home/lmy/iot-device-classification/dataset/socket/round7_jitter/socket_r7.pcapng,R7,39,390.0764033794403,0.006,0.0,0.01,0.014,0.97,Socket
/home/lmy/iot-device-classification/dataset/socket/round7_jitter/socket_r7.pcapng,R7,40,400.11828804016113,0.002,0.006,0.002,0.022,0.968,Socket
/home/lmy/iot-device-classification/dataset/socket/round7_jitter/socket_r7.pcapng,R7,41,413.7427484989166,0.032,0.006,0.008,0.046,0.908,Socket
/home/lmy/iot-device-classification/dataset/socket/round7_jitter/socket_r7.pcapng,R7,42,420.4322428703308,0.012,0.0,0.008,0.02,0.96,Socket
/home/lmy/iot-device-classification/dataset/socket/round7_jitter/socket_r7.pcapng,R7,43,433.8288862705231,0.01,0.006,0.008,0.03,0.946,Socket
/home/lmy/iot-device-classification/dataset/socket/round7_jitter/socket_r7.pcapng,R7,44,441.45176219940186,0.008,0.004,0.006,0.022,0.96,Socket
/home/lmy/iot-device-classification/dataset/socket/round7_jitter/socket_r7.pcapng,R7,45,450.4780278205872,0.034,0.014,0.002,0.016,0.934,Socket
/home/lmy/iot-device-classification/dataset/socket/round7_jitter/socket_r7.pcapng,R7,46,460.5752778053284,0.008,0.01,0.006,0.016,0.96,Socket
/home/lmy/iot-device-classification/dataset/socket/round7_jitter/socket_r7.pcapng,R7,47,472.4279186725617,0.002,0.002,0.004,0.014,0.978,Socket
/home/lmy/iot-device-classification/dataset/socket/round7_jitter/socket_r7.pcapng,R7,48,480.4249401092529,0.016,0.0,0.0,0.014,0.97,Socket
/home/lmy/iot-device-classification/dataset/socket/round7_jitter/socket_r7.pcapng,R7,49,490.62082147598267,0.002,0.002,0.004,0.012,0.98,Socket
/home/lmy/iot-device-classification/dataset/socket/round7_jitter/socket_r7.pcapng,R7,50,500.34866976737976,0.004,0.006,0.008,0.026,0.956,Socket
/home/lmy/iot-device-classification/dataset/socket/round7_jitter/socket_r7.pcapng,R7,51,510.58496260643005,0.012,0.0,0.002,0.016,0.97,Socket
/home/lmy/iot-device-classification/dataset/socket/round7_jitter/socket_r7.pcapng,R7,52,522.7628893852234,0.004,0.01,0.004,0.02,0.962,Socket
/home/lmy/iot-device-classification/dataset/socket/round7_jitter/socket_r7.pcapng,R7,53,530.0235641002655,0.0,0.0,0.004,0.012,0.984,Socket
/home/lmy/iot-device-classification/dataset/socket/round7_jitter/socket_r7.pcapng,R7,54,540.6282842159271,0.008,0.0,0.01,0.028,0.954,Socket
/home/lmy/iot-device-classification/dataset/socket/round7_jitter/socket_r7.pcapng,R7,55,551.5188744068146,0.002,0.004,0.004,0.018,0.972,Socket
/home/lmy/iot-device-classification/dataset/socket/round7_jitter/socket_r7.pcapng,R7,56,563.8879191875458,0.006,0.006,0.002,0.016,0.97,Socket
/home/lmy/iot-device-classification/dataset/socket/round7_jitter/socket_r7.pcapng,R7,57,570.0182688236237,0.016,0.0,0.008,0.038,0.938,Socket
/home/lmy/iot-device-classification/dataset/socket/round7_jitter/socket_r7.pcapng,R7,58,581.9984583854675,0.004,0.01,0.008,0.014,0.964,Socket
/home/lmy/iot-device-classification/dataset/socket/round7_jitter/socket_r7.pcapng,R7,59,590.5259881019592,0.004,0.008,0.004,0.016,0.968,Socket
/home/lmy/iot-device-classification/dataset/socket/round7_jitter/socket_r7.pcapng,R7,60,600.6245274543762,0.008,0.014,0.018,0.02,0.94,Socket
/home/lmy/iot-device-classification/dataset/socket/round7_jitter/socket_r7.pcapng,R7,61,612.2548925876617,0.002,0.012,0.006,0.022,0.958,Socket
/home/lmy/iot-device-classification/dataset/socket/round7_jitter/socket_r7.pcapng,R7,62,623.2409102916718,0.006,0.002,0.004,0.028,0.96,Socket
/home/lmy/iot-device-classification/dataset/socket/round7_jitter/socket_r7.pcapng,R7,63,630.0554504394531,0.014,0.006,0.008,0.02,0.952,Socket
/home/lmy/iot-device-classification/dataset/socket/round7_jitter/socket_r7.pcapng,R7,64,642.0067977905273,0.004,0.004,0.006,0.016,0.97,Socket
/home/lmy/iot-device-classification/dataset/socket/round7_jitter/socket_r7.pcapng,R7,65,653.394394159317,0.014,0.012,0.012,0.014,0.948,Socket
/home/lmy/iot-device-classification/dataset/socket/round7_jitter/socket_r7.pcapng,R7,66,660.6946713924408,0.004,0.0,0.004,0.012,0.98,Socket
/home/lmy/iot-device-classification/dataset/socket/round7_jitter/socket_r7.pcapng,R7,67,673.9929416179657,0.004,0.008,0.002,0.018,0.968,Socket
/home/lmy/iot-device-classification/dataset/socket/round7_jitter/socket_r7.pcapng,R7,68,681.2563014030457,0.002,0.002,0.004,0.018,0.974,Socket
/home/lmy/iot-device-classification/dataset/socket/round7_jitter/socket_r7.pcapng,R7,69,690.8454053401947,0.028,0.014,0.004,0.056,0.898,Socket
/home/lmy/iot-device-classification/dataset/socket/round7_jitter/socket_r7.pcapng,R7,70,700.8140861988068,0.012,0.01,0.004,0.022,0.952,Socket
/home/lmy/iot-device-classification/dataset/socket/round7_jitter/socket_r7.pcapng,R7,71,714.1147255897522,0.006,0.006,0.02,0.02,0.948,Socket
/home/lmy/iot-device-classification/dataset/socket/round7_jitter/socket_r7.pcapng,R7,72,720.8032848834991,0.01,0.006,0.01,0.024,0.95,Socket
/home/lmy/iot-device-classification/dataset/socket/round7_jitter/socket_r7.pcapng,R7,73,731.8130819797516,0.01,0.01,0.008,0.026,0.946,Socket
/home/lmy/iot-device-classification/dataset/socket/round7_jitter/socket_r7.pcapng,R7,74,740.8521254062653,0.004,0.006,0.016,0.026,0.948,Socket
/home/lmy/iot-device-classification/dataset/socket/round7_jitter/socket_r7.pcapng,R7,75,750.007915019989,0.01,0.0,0.006,0.018,0.966,Socket
/home/lmy/iot-device-classification/dataset/socket/round7_jitter/socket_r7.pcapng,R7,76,762.9882788658142,0.006,0.016,0.008,0.02,0.95,Socket
/home/lmy/iot-device-classification/dataset/socket/round7_jitter/socket_r7.pcapng,R7,77,771.1082229614258,0.0,0.01,0.002,0.014,0.974,Socket
/home/lmy/iot-device-classification/dataset/socket/round7_jitter/socket_r7.pcapng,R7,78,780.7935788631439,0.006,0.004,0.01,0.02,0.96,Socket
/home/lmy/iot-device-classification/dataset/socket/round7_jitter/socket_r7.pcapng,R7,79,791.1022851467133,0.01,0.006,0.01,0.02,0.954,Socket
/home/lmy/iot-device-classification/dataset/socket/round7_jitter/socket_r7.pcapng,R7,80,801.2596712112427,0.004,0.012,0.006,0.018,0.96,Socket
/home/lmy/iot-device-classification/dataset/socket/round7_jitter/socket_r7.pcapng,R7,81,810.8510193824768,0.004,0.008,0.006,0.03,0.952,Socket
/home/lmy/iot-device-classification/dataset/socket/round7_jitter/socket_r7.pcapng,R7,82,823.3944675922394,0.014,0.018,0.012,0.02,0.936,Socket
/home/lmy/iot-device-classification/dataset/socket/round7_jitter/socket_r7.pcapng,R7,83,830.3991742134094,0.004,0.002,0.006,0.02,0.968,Socket
/home/lmy/iot-device-classification/dataset/socket/round7_jitter/socket_r7.pcapng,R7,84,840.9058277606964,0.006,0.004,0.008,0.024,0.958,Socket
/home/lmy/iot-device-classification/dataset/socket/round7_jitter/socket_r7.pcapng,R7,85,851.0312085151672,0.008,0.004,0.008,0.024,0.956,Socket
/home/lmy/iot-device-classification/dataset/socket/round7_jitter/socket_r7.pcapng,R7,86,864.2558174133301,0.016,0.01,0.004,0.012,0.958,Socket
/home/lmy/iot-device-classification/dataset/socket/round7_jitter/socket_r7.pcapng,R7,87,870.1110756397247,0.01,0.008,0.01,0.024,0.948,Socket
/home/lmy/iot-device-classification/dataset/socket/round7_jitter/socket_r7.pcapng,R7,88,881.7232933044434,0.008,0.008,0.014,0.018,0.952,Socket
/home/lmy/iot-device-classification/dataset/socket/round7_jitter/socket_r7.pcapng,R7,89,890.1805045604706,0.006,0.004,0.01,0.024,0.956,Socket
/home/lmy/iot-device-classification/dataset/socket/round7_jitter/socket_r7.pcapng,R7,90,900.0180900096893,0.006,0.002,0.008,0.022,0.962,Socket
/home/lmy/iot-device-classification/dataset/socket/round7_jitter/socket_r7.pcapng,R7,91,910.01478600502,0.006,0.002,0.01,0.034,0.948,Socket
/home/lmy/iot-device-classification/dataset/socket/round7_jitter/socket_r7.pcapng,R7,92,920.7522525787354,0.006,0.008,0.006,0.022,0.958,Socket
/home/lmy/iot-device-classification/dataset/socket/round7_jitter/socket_r7.pcapng,R7,93,931.0135707855223,0.004,0.002,0.006,0.026,0.962,Socket
/home/lmy/iot-device-classification/dataset/socket/round7_jitter/socket_r7.pcapng,R7,94,941.1076741218568,0.006,0.006,0.006,0.018,0.964,Socket
/home/lmy/iot-device-classification/dataset/socket/round7_jitter/socket_r7.pcapng,R7,95,951.1913313865662,0.004,0.014,0.006,0.02,0.956,Socket
/home/lmy/iot-device-classification/dataset/socket/round7_jitter/socket_r7.pcapng,R7,96,960.959226846695,0.008,0.012,0.01,0.034,0.936,Socket
/home/lmy/iot-device-classification/dataset/socket/round7_jitter/socket_r7.pcapng,R7,97,970.2359504699708,0.002,0.004,0.006,0.02,0.968,Socket
/home/lmy/iot-device-classification/dataset/socket/round7_jitter/socket_r7.pcapng,R7,98,980.680003643036,0.006,0.006,0.01,0.032,0.946,Socket
/home/lmy/iot-device-classification/dataset/socket/round7_jitter/socket_r7.pcapng,R7,99,990.0949501991272,0.008,0.002,0.008,0.012,0.97,Socket
/home/lmy/iot-device-classification/dataset/socket/round7_jitter/socket_r7.pcapng,R7,100,1000.0985202789308,0.014,0.016,0.022,0.04,0.908,Socket
/home/lmy/iot-device-classification/dataset/socket/round7_jitter/socket_r7.pcapng,R7,101,1012.5321655273438,0.004,0.01,0.01,0.018,0.958,Socket
/home/lmy/iot-device-classification/dataset/socket/round7_jitter/socket_r7.pcapng,R7,102,1021.0592017173768,0.018,0.006,0.01,0.042,0.924,Socket
/home/lmy/iot-device-classification/dataset/socket/round7_jitter/socket_r7.pcapng,R7,103,1030.6920881271362,0.004,0.002,0.006,0.026,0.962,Socket
/home/lmy/iot-device-classification/dataset/socket/round7_jitter/socket_r7.pcapng,R7,104,1041.5903453826904,0.008,0.008,0.008,0.026,0.95,Socket
/home/lmy/iot-device-classification/dataset/socket/round7_jitter/socket_r7.pcapng,R7,105,1050.2599029541016,0.01,0.014,0.01,0.022,0.944,Socket
/home/lmy/iot-device-classification/dataset/socket/round7_jitter/socket_r7.pcapng,R7,106,1062.535221338272,0.004,0.014,0.006,0.016,0.96,Socket
/home/lmy/iot-device-classification/dataset/socket/round7_jitter/socket_r7.pcapng,R7,107,1070.0600893497467,0.014,0.01,0.004,0.056,0.916,Socket
/home/lmy/iot-device-classification/dataset/socket/round7_jitter/socket_r7.pcapng,R7,108,1080.8533189296722,0.018,0.004,0.01,0.018,0.95,Socket
/home/lmy/iot-device-classification/dataset/socket/round7_jitter/socket_r7.pcapng,R7,109,1090.5095884799955,0.004,0.016,0.006,0.016,0.958,Socket
/home/lmy/iot-device-classification/dataset/socket/round7_jitter/socket_r7.pcapng,R7,110,1101.4502716064453,0.004,0.008,0.008,0.02,0.96,Socket
/home/lmy/iot-device-classification/dataset/socket/round7_jitter/socket_r7.pcapng,R7,111,1111.107841014862,0.01,0.006,0.008,0.02,0.956,Socket
/home/lmy/iot-device-classification/dataset/socket/round7_jitter/socket_r7.pcapng,R7,112,1122.111215353012,0.004,0.01,0.008,0.038,0.94,Socket
/home/lmy/iot-device-classification/dataset/socket/round7_jitter/socket_r7.pcapng,R7,113,1134.2359445095062,0.012,0.02,0.02,0.034,0.914,Socket
/home/lmy/iot-device-classification/dataset/socket/round7_jitter/socket_r7.pcapng,R7,114,1140.7205572128296,0.01,0.004,0.006,0.028,0.952,Socket
/home/lmy/iot-device-classification/dataset/socket/round7_jitter/socket_r7.pcapng,R7,115,1151.5814836025238,0.004,0.008,0.008,0.014,0.966,Socket
/home/lmy/iot-device-classification/dataset/socket/round7_jitter/socket_r7.pcapng,R7,116,1161.3617300987244,0.01,0.016,0.008,0.02,0.946,Socket
/home/lmy/iot-device-classification/dataset/socket/round7_jitter/socket_r7.pcapng,R7,117,1171.1787552833557,0.008,0.01,0.014,0.032,0.936,Socket
/home/lmy/iot-device-classification/dataset/socket/round7_jitter/socket_r7.pcapng,R7,118,1180.0420017242432,0.006,0.008,0.004,0.018,0.964,Socket
/home/lmy/iot-device-classification/dataset/socket/round7_jitter/socket_r7.pcapng,R7,119,1191.6736557483673,0.006,0.012,0.006,0.022,0.954,Socket
/home/lmy/iot-device-classification/dataset/socket/round7_jitter/socket_r7.pcapng,R7,120,1200.55162024498,0.026,0.0,0.004,0.042,0.928,Socket
/home/lmy/iot-device-classification/dataset/socket/round7_jitter/socket_r7.pcapng,R7,121,1211.627896785736,0.004,0.012,0.004,0.018,0.962,Socket
/home/lmy/iot-device-classification/dataset/socket/round7_jitter/socket_r7.pcapng,R7,122,1223.0582287311554,0.004,0.004,0.006,0.026,0.96,Socket
/home/lmy/iot-device-classification/dataset/socket/round7_jitter/socket_r7.pcapng,R7,123,1231.023431301117,0.014,0.0,0.004,0.016,0.966,Socket
/home/lmy/iot-device-classification/dataset/socket/round7_jitter/socket_r7.pcapng,R7,124,1244.036800146103,0.038,0.022,0.018,0.034,0.888,Socket
/home/lmy/iot-device-classification/dataset/socket/round7_jitter/socket_r7.pcapng,R7,125,1250.820859670639,0.012,0.01,0.012,0.026,0.94,Socket
/home/lmy/iot-device-classification/dataset/socket/round7_jitter/socket_r7.pcapng,R7,126,1261.325716495514,0.01,0.002,0.01,0.032,0.946,Socket
/home/lmy/iot-device-classification/dataset/socket/round7_jitter/socket_r7.pcapng,R7,127,1271.254490852356,0.002,0.004,0.004,0.02,0.97,Socket
/home/lmy/iot-device-classification/dataset/socket/round7_jitter/socket_r7.pcapng,R7,128,1283.213327407837,0.006,0.012,0.006,0.022,0.954,Socket
/home/lmy/iot-device-classification/dataset/socket/round7_jitter/socket_r7.pcapng,R7,129,1291.2772431373596,0.012,0.004,0.012,0.024,0.948,Socket
/home/lmy/iot-device-classification/dataset/socket/round7_jitter/socket_r7.pcapng,R7,130,1301.741667985916,0.006,0.008,0.01,0.028,0.948,Socket
/home/lmy/iot-device-classification/dataset/socket/round7_jitter/socket_r7.pcapng,R7,131,1310.4516081809998,0.004,0.01,0.006,0.02,0.96,Socket
/home/lmy/iot-device-classification/dataset/socket/round7_jitter/socket_r7.pcapng,R7,132,1321.0159409046173,0.014,0.01,0.014,0.042,0.92,Socket
/home/lmy/iot-device-classification/dataset/socket/round7_jitter/socket_r7.pcapng,R7,133,1330.2647700309751,0.006,0.008,0.01,0.016,0.96,Socket
/home/lmy/iot-device-classification/dataset/socket/round7_jitter/socket_r7.pcapng,R7,134,1343.5716588497162,0.012,0.016,0.012,0.026,0.934,Socket
/home/lmy/iot-device-classification/dataset/socket/round7_jitter/socket_r7.pcapng,R7,135,1350.8137063980105,0.008,0.006,0.008,0.018,0.96,Socket
/home/lmy/iot-device-classification/dataset/socket/round7_jitter/socket_r7.pcapng,R7,136,1360.5927867889404,0.004,0.012,0.004,0.022,0.958,Socket
/home/lmy/iot-device-classification/dataset/socket/round7_jitter/socket_r7.pcapng,R7,137,1372.467164516449,0.006,0.012,0.006,0.02,0.956,Socket
/home/lmy/iot-device-classification/dataset/socket/round7_jitter/socket_r7.pcapng,R7,138,1381.320202589035,0.004,0.002,0.008,0.034,0.952,Socket
/home/lmy/iot-device-classification/dataset/socket/round7_jitter/socket_r7.pcapng,R7,139,1391.0120649337769,0.01,0.006,0.006,0.024,0.954,Socket
/home/lmy/iot-device-classification/dataset/socket/round7_jitter/socket_r7.pcapng,R7,140,1402.7090167999268,0.004,0.008,0.008,0.03,0.95,Socket
/home/lmy/iot-device-classification/dataset/socket/round7_jitter/socket_r7.pcapng,R7,141,1410.726334810257,0.014,0.004,0.014,0.03,0.938,Socket
/home/lmy/iot-device-classification/dataset/socket/round7_jitter/socket_r7.pcapng,R7,142,1423.9270749092102,0.012,0.02,0.01,0.024,0.934,Socket
/home/lmy/iot-device-classification/dataset/socket/round7_jitter/socket_r7.pcapng,R7,143,1430.1840240955353,0.006,0.01,0.004,0.018,0.962,Socket
/home/lmy/iot-device-classification/dataset/socket/round7_jitter/socket_r7.pcapng,R7,144,1440.045315742493,0.022,0.016,0.014,0.04,0.908,Socket
/home/lmy/iot-device-classification/dataset/socket/round7_jitter/socket_r7.pcapng,R7,145,1451.6893928050995,0.014,0.008,0.008,0.04,0.93,Socket
/home/lmy/iot-device-classification/dataset/socket/round7_jitter/socket_r7.pcapng,R7,146,1463.6283648014069,0.01,0.006,0.004,0.014,0.966,Socket
/home/lmy/iot-device-classification/dataset/socket/round7_jitter/socket_r7.pcapng,R7,147,1470.063240289688,0.008,0.0,0.006,0.012,0.974,Socket
/home/lmy/iot-device-classification/dataset/socket/round7_jitter/socket_r7.pcapng,R7,148,1481.3059284687042,0.008,0.004,0.012,0.026,0.95,Socket
/home/lmy/iot-device-classification/dataset/socket/round7_jitter/socket_r7.pcapng,R7,149,1494.3888874053955,0.006,0.01,0.016,0.03,0.938,Socket
/home/lmy/iot-device-classification/dataset/socket/round7_jitter/socket_r7.pcapng,R7,150,1500.2629747390747,0.014,0.008,0.008,0.022,0.948,Socket
/home/lmy/iot-device-classification/dataset/socket/round7_jitter/socket_r7.pcapng,R7,151,1511.691365480423,0.01,0.006,0.006,0.02,0.958,Socket
/home/lmy/iot-device-classification/dataset/socket/round7_jitter/socket_r7.pcapng,R7,152,1520.6284840106964,0.006,0.012,0.01,0.024,0.948,Socket
/home/lmy/iot-device-classification/dataset/socket/round7_jitter/socket_r7.pcapng,R7,153,1531.4396772384644,0.028,0.006,0.008,0.032,0.926,Socket
/home/lmy/iot-device-classification/dataset/socket/round7_jitter/socket_r7.pcapng,R7,154,1540.1941721439362,0.004,0.002,0.01,0.034,0.95,Socket
/home/lmy/iot-device-classification/dataset/socket/round7_jitter/socket_r7.pcapng,R7,155,1553.2866072654724,0.006,0.01,0.012,0.018,0.954,Socket
/home/lmy/iot-device-classification/dataset/socket/round7_jitter/socket_r7.pcapng,R7,156,1561.486915588379,0.008,0.006,0.008,0.022,0.956,Socket
/home/lmy/iot-device-classification/dataset/socket/round7_jitter/socket_r7.pcapng,R7,157,1571.7644472122192,0.006,0.004,0.004,0.018,0.968,Socket
/home/lmy/iot-device-classification/dataset/socket/round7_jitter/socket_r7.pcapng,R7,158,1584.8347492218018,0.008,0.018,0.01,0.02,0.944,Socket
/home/lmy/iot-device-classification/dataset/socket/round7_jitter/socket_r7.pcapng,R7,159,1590.2071800231934,0.006,0.006,0.004,0.02,0.964,Socket
/home/lmy/iot-device-classification/dataset/socket/round7_jitter/socket_r7.pcapng,R7,160,1600.113275766373,0.004,0.01,0.004,0.02,0.962,Socket
/home/lmy/iot-device-classification/dataset/socket/round7_jitter/socket_r7.pcapng,R7,161,1613.1657214164734,0.006,0.012,0.008,0.018,0.956,Socket
/home/lmy/iot-device-classification/dataset/socket/round7_jitter/socket_r7.pcapng,R7,162,1621.589748620987,0.014,0.004,0.012,0.034,0.936,Socket
/home/lmy/iot-device-classification/dataset/socket/round7_jitter/socket_r7.pcapng,R7,163,1630.1537294387815,0.004,0.012,0.006,0.018,0.96,Socket
/home/lmy/iot-device-classification/dataset/socket/round7_jitter/socket_r7.pcapng,R7,164,1642.4661796092987,0.006,0.01,0.008,0.016,0.96,Socket
/home/lmy/iot-device-classification/dataset/socket/round7_jitter/socket_r7.pcapng,R7,165,1650.259604215622,0.026,0.004,0.006,0.028,0.936,Socket
/home/lmy/iot-device-classification/dataset/socket/round7_jitter/socket_r7.pcapng,R7,166,1661.7689380645752,0.01,0.012,0.01,0.038,0.93,Socket
/home/lmy/iot-device-classification/dataset/socket/round7_jitter/socket_r7.pcapng,R7,167,1673.8464663028717,0.004,0.006,0.004,0.028,0.958,Socket
/home/lmy/iot-device-classification/dataset/socket/round7_jitter/socket_r7.pcapng,R7,168,1681.6897909641266,0.02,0.006,0.01,0.034,0.93,Socket
/home/lmy/iot-device-classification/dataset/socket/round7_jitter/socket_r7.pcapng,R7,169,1690.5075006484983,0.004,0.004,0.006,0.028,0.958,Socket
/home/lmy/iot-device-classification/dataset/socket/round7_jitter/socket_r7.pcapng,R7,170,1705.0228419303894,0.024,0.008,0.016,0.028,0.924,Socket
/home/lmy/iot-device-classification/dataset/socket/round7_jitter/socket_r7.pcapng,R7,171,1711.6038932800293,0.01,0.006,0.008,0.026,0.95,Socket
/home/lmy/iot-device-classification/dataset/socket/round7_jitter/socket_r7.pcapng,R7,172,1722.047812461853,0.002,0.004,0.008,0.02,0.966,Socket
/home/lmy/iot-device-classification/dataset/socket/round7_jitter/socket_r7.pcapng,R7,173,1732.956529378891,0.016,0.012,0.01,0.03,0.932,Socket
/home/lmy/iot-device-classification/dataset/socket/round7_jitter/socket_r7.pcapng,R7,174,1740.6299216747284,0.014,0.0,0.004,0.028,0.954,Socket
/home/lmy/iot-device-classification/dataset/socket/round7_jitter/socket_r7.pcapng,R7,175,1752.670783996582,0.004,0.01,0.004,0.018,0.964,Socket
/home/lmy/iot-device-classification/dataset/socket/round7_jitter/socket_r7.pcapng,R7,176,1760.7990109920502,0.002,0.008,0.008,0.02,0.962,Socket
/home/lmy/iot-device-classification/dataset/socket/round7_jitter/socket_r7.pcapng,R7,177,1770.8928170204165,0.008,0.008,0.008,0.02,0.956,Socket
/home/lmy/iot-device-classification/dataset/socket/round7_jitter/socket_r7.pcapng,R7,178,1780.8791642189026,0.004,0.004,0.006,0.016,0.97,Socket
/home/lmy/iot-device-classification/dataset/socket/round7_jitter/socket_r7.pcapng,R7,179,1793.0196650028229,0.006,0.004,0.004,0.024,0.962,Socket
/home/lmy/iot-device-classification/dataset/socket/round7_jitter/socket_r7.pcapng,R7,180,1801.7540934085848,0.014,0.004,0.01,0.042,0.93,Socket
/home/lmy/iot-device-classification/dataset/socket/round7_jitter/socket_r7.pcapng,R7,181,1810.078896522522,0.006,0.004,0.012,0.036,0.942,Socket
/home/lmy/iot-device-classification/dataset/socket/round7_jitter/socket_r7.pcapng,R7,182,1822.236137151718,0.006,0.01,0.006,0.018,0.96,Socket
/home/lmy/iot-device-classification/dataset/socket/round7_jitter/socket_r7.pcapng,R7,183,1830.0407056808472,0.016,0.006,0.012,0.032,0.934,Socket
/home/lmy/iot-device-classification/dataset/socket/round7_jitter/socket_r7.pcapng,R7,184,1842.206439256668,0.004,0.01,0.006,0.016,0.964,Socket
/home/lmy/iot-device-classification/dataset/socket/round7_jitter/socket_r7.pcapng,R7,185,1853.3967661857605,0.008,0.006,0.01,0.024,0.952,Socket
/home/lmy/iot-device-classification/dataset/socket/round7_jitter/socket_r7.pcapng,R7,186,1860.327352285385,0.008,0.0,0.006,0.03,0.956,Socket
/home/lmy/iot-device-classification/dataset/socket/round7_jitter/socket_r7.pcapng,R7,187,1873.3660380840304,0.026,0.022,0.008,0.026,0.918,Socket
/home/lmy/iot-device-classification/dataset/socket/round7_jitter/socket_r7.pcapng,R7,188,1881.006243944168,0.002,0.008,0.008,0.016,0.966,Socket
/home/lmy/iot-device-classification/dataset/socket/round7_jitter/socket_r7.pcapng,R7,189,1891.801950216293,0.004,0.01,0.006,0.028,0.952,Socket
/home/lmy/iot-device-classification/dataset/socket/round7_jitter/socket_r7.pcapng,R7,190,1900.616384744644,0.014,0.002,0.002,0.022,0.96,Socket
/home/lmy/iot-device-classification/dataset/socket/round7_jitter/socket_r7.pcapng,R7,191,1912.27316570282,0.006,0.008,0.006,0.014,0.966,Socket
/home/lmy/iot-device-classification/dataset/socket/round7_jitter/socket_r7.pcapng,R7,192,1921.851806879044,0.022,0.008,0.004,0.042,0.924,Socket
/home/lmy/iot-device-classification/dataset/socket/round7_jitter/socket_r7.pcapng,R7,193,1930.0477352142332,0.004,0.01,0.008,0.016,0.962,Socket
/home/lmy/iot-device-classification/dataset/socket/round7_jitter/socket_r7.pcapng,R7,194,1940.0141096115112,0.004,0.002,0.004,0.012,0.978,Socket
/home/lmy/iot-device-classification/dataset/socket/round7_jitter/socket_r7.pcapng,R7,195,1951.8723759651184,0.006,0.002,0.006,0.03,0.956,Socket
/home/lmy/iot-device-classification/dataset/socket/round7_jitter/socket_r7.pcapng,R7,196,1962.9921522140503,0.004,0.01,0.008,0.012,0.966,Socket
/home/lmy/iot-device-classification/dataset/socket/round7_jitter/socket_r7.pcapng,R7,197,1972.9839553833008,0.012,0.014,0.016,0.022,0.936,Socket
/home/lmy/iot-device-classification/dataset/socket/round7_jitter/socket_r7.pcapng,R7,198,1980.099492549896,0.012,0.006,0.006,0.028,0.948,Socket
/home/lmy/iot-device-classification/dataset/socket/round7_jitter/socket_r7.pcapng,R7,199,1991.0828189849851,0.004,0.008,0.004,0.018,0.966,Socket
/home/lmy/iot-device-classification/dataset/socket/round7_jitter/socket_r7.pcapng,R7,200,2002.2197349071505,0.012,0.012,0.006,0.026,0.944,Socket
/home/lmy/iot-device-classification/dataset/socket/round7_jitter/socket_r7.pcapng,R7,201,2011.1546602249143,0.01,0.002,0.006,0.02,0.962,Socket
/home/lmy/iot-device-classification/dataset/socket/round7_jitter/socket_r7.pcapng,R7,202,2025.5508925914764,0.022,0.01,0.01,0.014,0.944,Socket
/home/lmy/iot-device-classification/dataset/socket/round7_jitter/socket_r7.pcapng,R7,203,2032.380264043808,0.004,0.006,0.006,0.016,0.968,Socket
/home/lmy/iot-device-classification/dataset/socket/round7_jitter/socket_r7.pcapng,R7,204,2041.9210743904116,0.018,0.004,0.006,0.024,0.948,Socket
/home/lmy/iot-device-classification/dataset/socket/round7_jitter/socket_r7.pcapng,R7,205,2051.403186798096,0.006,0.006,0.006,0.018,0.964,Socket
/home/lmy/iot-device-classification/dataset/socket/round7_jitter/socket_r7.pcapng,R7,206,2064.1723206043243,0.01,0.004,0.002,0.016,0.968,Socket
/home/lmy/iot-device-classification/dataset/socket/round7_jitter/socket_r7.pcapng,R7,207,2070.4704325199127,0.016,0.002,0.01,0.012,0.96,Socket
/home/lmy/iot-device-classification/dataset/socket/round7_jitter/socket_r7.pcapng,R7,208,2082.57891869545,0.006,0.008,0.002,0.01,0.974,Socket
/home/lmy/iot-device-classification/dataset/socket/round7_jitter/socket_r7.pcapng,R7,209,2092.2526140213013,0.006,0.008,0.006,0.022,0.958,Socket
/home/lmy/iot-device-classification/dataset/socket/round7_jitter/socket_r7.pcapng,R7,210,2102.029034137726,0.01,0.004,0.008,0.02,0.958,Socket
/home/lmy/iot-device-classification/dataset/socket/round7_jitter/socket_r7.pcapng,R7,211,2110.047376394272,0.012,0.004,0.008,0.018,0.958,Socket
/home/lmy/iot-device-classification/dataset/socket/round7_jitter/socket_r7.pcapng,R7,212,2124.9617042541504,0.006,0.01,0.004,0.024,0.956,Socket
/home/lmy/iot-device-classification/dataset/socket/round7_jitter/socket_r7.pcapng,R7,213,2130.4190604686737,0.026,0.006,0.006,0.034,0.928,Socket
/home/lmy/iot-device-classification/dataset/socket/round7_jitter/socket_r7.pcapng,R7,214,2141.83118724823,0.008,0.01,0.01,0.022,0.95,Socket
/home/lmy/iot-device-classification/dataset/socket/round7_jitter/socket_r7.pcapng,R7,215,2152.954300880432,0.004,0.006,0.006,0.02,0.964,Socket
/home/lmy/iot-device-classification/dataset/socket/round7_jitter/socket_r7.pcapng,R7,216,2162.0207126140594,0.014,0.006,0.01,0.022,0.948,Socket
/home/lmy/iot-device-classification/dataset/socket/round7_jitter/socket_r7.pcapng,R7,217,2174.0669708251958,0.004,0.012,0.006,0.016,0.962,Socket
/home/lmy/iot-device-classification/dataset/socket/round7_jitter/socket_r7.pcapng,R7,218,2180.6031205654144,0.006,0.008,0.012,0.032,0.942,Socket
/home/lmy/iot-device-classification/dataset/socket/round7_jitter/socket_r7.pcapng,R7,219,2190.8154242038727,0.008,0.012,0.002,0.024,0.954,Socket
/home/lmy/iot-device-classification/dataset/socket/round7_jitter/socket_r7.pcapng,R7,220,2201.233826875686,0.002,0.002,0.004,0.006,0.986,Socket
/home/lmy/iot-device-classification/dataset/socket/round7_jitter/socket_r7.pcapng,R7,221,2214.305286884308,0.004,0.006,0.004,0.01,0.976,Socket
/home/lmy/iot-device-classification/dataset/socket/round7_jitter/socket_r7.pcapng,R7,222,2222.0910923480988,0.022,0.0,0.0,0.01,0.968,Socket
/home/lmy/iot-device-classification/dataset/socket/round7_jitter/socket_r7.pcapng,R7,223,2231.7760717868805,0.004,0.012,0.006,0.016,0.962,Socket
/home/lmy/iot-device-classification/dataset/socket/round7_jitter/socket_r7.pcapng,R7,224,2244.4316070079803,0.032,0.01,0.006,0.012,0.94,Socket
/home/lmy/iot-device-classification/dataset/socket/round7_jitter/socket_r7.pcapng,R7,225,2251.282469272613,0.01,0.004,0.006,0.018,0.962,Socket
/home/lmy/iot-device-classification/dataset/socket/round7_jitter/socket_r7.pcapng,R7,226,2260.0483088493347,0.014,0.002,0.002,0.008,0.974,Socket
/home/lmy/iot-device-classification/dataset/socket/round7_jitter/socket_r7.pcapng,R7,227,2271.9647393226624,0.004,0.004,0.006,0.016,0.97,Socket
/home/lmy/iot-device-classification/dataset/socket/round7_jitter/socket_r7.pcapng,R7,228,2280.649154424668,0.012,0.008,0.01,0.038,0.932,Socket
/home/lmy/iot-device-classification/dataset/socket/round7_jitter/socket_r7.pcapng,R7,229,2292.013203382492,0.012,0.012,0.01,0.026,0.94,Socket
/home/lmy/iot-device-classification/dataset/socket/round7_jitter/socket_r7.pcapng,R7,230,2300.713515281677,0.002,0.004,0.004,0.02,0.97,Socket
/home/lmy/iot-device-classification/dataset/socket/round7_jitter/socket_r7.pcapng,R7,231,2310.059655666352,0.012,0.0,0.0,0.004,0.984,Socket
/home/lmy/iot-device-classification/dataset/socket/round7_jitter/socket_r7.pcapng,R7,232,2322.541030883789,0.004,0.0,0.004,0.022,0.97,Socket
/home/lmy/iot-device-classification/dataset/socket/round7_jitter/socket_r7.pcapng,R7,233,2333.017546415329,0.022,0.002,0.004,0.018,0.954,Socket
/home/lmy/iot-device-classification/dataset/socket/round7_jitter/socket_r7.pcapng,R7,234,2340.0401289463043,0.004,0.0,0.004,0.014,0.978,Socket
/home/lmy/iot-device-classification/dataset/socket/round7_jitter/socket_r7.pcapng,R7,235,2352.1820764541626,0.004,0.004,0.006,0.008,0.978,Socket
/home/lmy/iot-device-classification/dataset/socket/round7_jitter/socket_r7.pcapng,R7,236,2361.1219685077667,0.004,0.004,0.004,0.016,0.972,Socket
/home/lmy/iot-device-classification/dataset/socket/round7_jitter/socket_r7.pcapng,R7,237,2372.247547388077,0.006,0.004,0.004,0.014,0.972,Socket
/home/lmy/iot-device-classification/dataset/socket/round7_jitter/socket_r7.pcapng,R7,238,2381.919710874557,0.006,0.008,0.002,0.018,0.966,Socket
/home/lmy/iot-device-classification/dataset/socket/round7_jitter/socket_r7.pcapng,R7,239,2392.8478507995605,0.006,0.008,0.008,0.03,0.948,Socket
/home/lmy/iot-device-classification/dataset/socket/round7_jitter/socket_r7.pcapng,R7,240,2400.451853275299,0.014,0.0,0.002,0.006,0.978,Socket
/home/lmy/iot-device-classification/dataset/socket/round7_jitter/socket_r7.pcapng,R7,241,2413.4879643917084,0.006,0.002,0.012,0.03,0.95,Socket
/home/lmy/iot-device-classification/dataset/socket/round7_jitter/socket_r7.pcapng,R7,242,2424.436616420746,0.022,0.002,0.008,0.02,0.948,Socket
/home/lmy/iot-device-classification/dataset/socket/round7_jitter/socket_r7.pcapng,R7,243,2430.571100950241,0.01,0.002,0.014,0.016,0.958,Socket
/home/lmy/iot-device-classification/dataset/socket/round7_jitter/socket_r7.pcapng,R7,244,2442.5083980560303,0.014,0.01,0.004,0.022,0.95,Socket
/home/lmy/iot-device-classification/dataset/socket/round7_jitter/socket_r7.pcapng,R7,245,2451.6840782165527,0.006,0.002,0.006,0.024,0.962,Socket
/home/lmy/iot-device-classification/dataset/socket/round7_jitter/socket_r7.pcapng,R7,246,2462.2640936374664,0.046,0.024,0.004,0.032,0.894,Socket
/home/lmy/iot-device-classification/dataset/socket/round7_jitter/socket_r7.pcapng,R7,247,2473.78886461258,0.03,0.01,0.006,0.036,0.918,Socket
/home/lmy/iot-device-classification/dataset/socket/round7_jitter/socket_r7.pcapng,R7,248,2481.010453224182,0.004,0.0,0.012,0.036,0.948,Socket
/home/lmy/iot-device-classification/dataset/socket/round7_jitter/socket_r7.pcapng,R7,249,2490.938020467758,0.008,0.012,0.014,0.012,0.954,Socket
/home/lmy/iot-device-classification/dataset/socket/round7_jitter/socket_r7.pcapng,R7,250,2501.8922247886658,0.004,0.004,0.006,0.022,0.964,Socket
/home/lmy/iot-device-classification/dataset/socket/round7_jitter/socket_r7.pcapng,R7,251,2510.9356429576874,0.002,0.002,0.002,0.01,0.984,Socket
/home/lmy/iot-device-classification/dataset/socket/round7_jitter/socket_r7.pcapng,R7,252,2522.368312597275,0.014,0.002,0.004,0.02,0.96,Socket
/home/lmy/iot-device-classification/dataset/socket/round7_jitter/socket_r7.pcapng,R7,253,2531.1391067504883,0.002,0.006,0.006,0.018,0.968,Socket
/home/lmy/iot-device-classification/dataset/socket/round7_jitter/socket_r7.pcapng,R7,254,2544.231275320053,0.028,0.004,0.004,0.014,0.95,Socket
/home/lmy/iot-device-classification/dataset/socket/round7_jitter/socket_r7.pcapng,R7,255,2551.1851773262024,0.01,0.002,0.008,0.012,0.968,Socket
/home/lmy/iot-device-classification/dataset/socket/round7_jitter/socket_r7.pcapng,R7,256,2560.020409822464,0.006,0.004,0.004,0.022,0.964,Socket
/home/lmy/iot-device-classification/dataset/socket/round7_jitter/socket_r7.pcapng,R7,257,2571.3860404491425,0.008,0.004,0.002,0.018,0.968,Socket
/home/lmy/iot-device-classification/dataset/socket/round7_jitter/socket_r7.pcapng,R7,258,2581.2019510269165,0.01,0.0,0.004,0.018,0.968,Socket
/home/lmy/iot-device-classification/dataset/socket/round7_jitter/socket_r7.pcapng,R7,259,2590.082585811615,0.006,0.0,0.008,0.02,0.966,Socket
/home/lmy/iot-device-classification/dataset/socket/round7_jitter/socket_r7.pcapng,R7,260,2603.4458396434784,0.004,0.0,0.004,0.018,0.974,Socket
/home/lmy/iot-device-classification/dataset/socket/round7_jitter/socket_r7.pcapng,R7,261,2610.666484117508,0.032,0.01,0.008,0.026,0.924,Socket
/home/lmy/iot-device-classification/dataset/socket/round7_jitter/socket_r7.pcapng,R7,262,2621.552920818329,0.0,0.0,0.004,0.008,0.988,Socket
/home/lmy/iot-device-classification/dataset/socket/round7_jitter/socket_r7.pcapng,R7,263,2630.036587715149,0.0,0.008,0.008,0.018,0.966,Socket
/home/lmy/iot-device-classification/dataset/socket/round7_jitter/socket_r7.pcapng,R7,264,2640.6884829998016,0.002,0.002,0.002,0.006,0.988,Socket
/home/lmy/iot-device-classification/dataset/socket/round7_jitter/socket_r7.pcapng,R7,265,2653.783318996429,0.006,0.004,0.006,0.02,0.964,Socket
/home/lmy/iot-device-classification/dataset/socket/round7_jitter/socket_r7.pcapng,R7,266,2660.682715892792,0.002,0.0,0.004,0.006,0.988,Socket
/home/lmy/iot-device-classification/dataset/socket/round7_jitter/socket_r7.pcapng,R7,267,2670.571419239044,0.012,0.002,0.002,0.012,0.972,Socket
/home/lmy/iot-device-classification/dataset/socket/round7_jitter/socket_r7.pcapng,R7,268,2682.553022623062,0.008,0.002,0.004,0.01,0.976,Socket
/home/lmy/iot-device-classification/dataset/socket/round7_jitter/socket_r7.pcapng,R7,269,2693.4126777648926,0.014,0.01,0.006,0.022,0.948,Socket
/home/lmy/iot-device-classification/dataset/socket/round7_jitter/socket_r7.pcapng,R7,270,2701.021677017212,0.01,0.002,0.002,0.02,0.966,Socket
/home/lmy/iot-device-classification/dataset/socket/round7_jitter/socket_r7.pcapng,R7,271,2710.1666264534,0.008,0.004,0.016,0.014,0.958,Socket
/home/lmy/iot-device-classification/dataset/socket/round7_jitter/socket_r7.pcapng,R7,272,2720.0321962833405,0.012,0.004,0.008,0.028,0.948,Socket
/home/lmy/iot-device-classification/dataset/socket/round7_jitter/socket_r7.pcapng,R7,273,2731.1491837501526,0.004,0.0,0.0,0.01,0.986,Socket
/home/lmy/iot-device-classification/dataset/socket/round7_jitter/socket_r7.pcapng,R7,274,2740.329580783844,0.002,0.004,0.004,0.008,0.982,Socket
/home/lmy/iot-device-classification/dataset/socket/round7_jitter/socket_r7.pcapng,R7,275,2751.308354139328,0.002,0.004,0.002,0.014,0.978,Socket
/home/lmy/iot-device-classification/dataset/socket/round7_jitter/socket_r7.pcapng,R7,276,2762.6315772533417,0.016,0.002,0.002,0.02,0.96,Socket
/home/lmy/iot-device-classification/dataset/socket/round7_jitter/socket_r7.pcapng,R7,277,2771.8355758190155,0.004,0.006,0.006,0.016,0.968,Socket
/home/lmy/iot-device-classification/dataset/socket/round7_jitter/socket_r7.pcapng,R7,278,2782.518562793732,0.006,0.002,0.008,0.028,0.956,Socket
/home/lmy/iot-device-classification/dataset/socket/round7_jitter/socket_r7.pcapng,R7,279,2790.3033480644226,0.008,0.006,0.012,0.02,0.954,Socket
/home/lmy/iot-device-classification/dataset/socket/round7_jitter/socket_r7.pcapng,R7,280,2801.244903802872,0.0,0.004,0.004,0.014,0.978,Socket
/home/lmy/iot-device-classification/dataset/socket/round7_jitter/socket_r7.pcapng,R7,281,2814.294346809387,0.006,0.01,0.004,0.024,0.956,Socket
/home/lmy/iot-device-classification/dataset/socket/round7_jitter/socket_r7.pcapng,R7,282,2820.809970140457,0.01,0.0,0.0,0.008,0.982,Socket
/home/lmy/iot-device-classification/dataset/socket/round7_jitter/socket_r7.pcapng,R7,283,2830.3381354808807,0.002,0.002,0.004,0.008,0.984,Socket
/home/lmy/iot-device-classification/dataset/socket/round7_jitter/socket_r7.pcapng,R7,284,2842.643158435821,0.006,0.004,0.006,0.02,0.964,Socket
/home/lmy/iot-device-classification/dataset/socket/round7_jitter/socket_r7.pcapng,R7,285,2850.2600293159485,0.012,0.002,0.006,0.016,0.964,Socket
/home/lmy/iot-device-classification/dataset/socket/round7_jitter/socket_r7.pcapng,R7,286,2860.0441584587097,0.006,0.0,0.004,0.008,0.982,Socket
/home/lmy/iot-device-classification/dataset/socket/round7_jitter/socket_r7.pcapng,R7,287,2871.7167620658875,0.002,0.004,0.006,0.012,0.976,Socket
/home/lmy/iot-device-classification/dataset/socket/round7_jitter/socket_r7.pcapng,R7,288,2882.7325406074524,0.028,0.002,0.002,0.016,0.952,Socket
/home/lmy/iot-device-classification/dataset/socket/round7_jitter/socket_r7.pcapng,R7,289,2890.5165803432465,0.002,0.006,0.004,0.018,0.97,Socket
/home/lmy/iot-device-classification/dataset/socket/round7_jitter/socket_r7.pcapng,R7,290,2900.123165369034,0.006,0.006,0.006,0.016,0.966,Socket
/home/lmy/iot-device-classification/dataset/socket/round7_jitter/socket_r7.pcapng,R7,291,2910.074242591858,0.006,0.01,0.008,0.012,0.964,Socket
/home/lmy/iot-device-classification/dataset/socket/round7_jitter/socket_r7.pcapng,R7,292,2921.7175669670105,0.006,0.008,0.002,0.018,0.966,Socket
/home/lmy/iot-device-classification/dataset/socket/round7_jitter/socket_r7.pcapng,R7,293,2930.706301212311,0.008,0.0,0.002,0.026,0.964,Socket
/home/lmy/iot-device-classification/dataset/socket/round7_jitter/socket_r7.pcapng,R7,294,2940.5064249038696,0.01,0.004,0.008,0.014,0.964,Socket
/home/lmy/iot-device-classification/dataset/socket/round7_jitter/socket_r7.pcapng,R7,295,2950.298408269882,0.01,0.0,0.004,0.018,0.968,Socket
/home/lmy/iot-device-classification/dataset/socket/round7_jitter/socket_r7.pcapng,R7,296,2962.478224992752,0.008,0.004,0.008,0.024,0.956,Socket
/home/lmy/iot-device-classification/dataset/socket/round7_jitter/socket_r7.pcapng,R7,297,2970.5987582206726,0.004,0.004,0.002,0.004,0.986,Socket
/home/lmy/iot-device-classification/dataset/socket/round7_jitter/socket_r7.pcapng,R7,298,2980.592135667801,0.006,0.008,0.002,0.02,0.964,Socket
/home/lmy/iot-device-classification/dataset/socket/round7_jitter/socket_r7.pcapng,R7,299,2991.81205701828,0.002,0.0,0.004,0.016,0.978,Socket
/home/lmy/iot-device-classification/dataset/socket/round7_jitter/socket_r7.pcapng,R7,300,3002.7041721343994,0.024,0.014,0.006,0.022,0.934,Socket
/home/lmy/iot-device-classification/dataset/socket/round7_jitter/socket_r7.pcapng,R7,301,3010.226236343384,0.008,0.002,0.006,0.014,0.97,Socket
/home/lmy/iot-device-classification/dataset/socket/round7_jitter/socket_r7.pcapng,R7,302,3023.0908510684967,0.002,0.006,0.004,0.02,0.968,Socket
/home/lmy/iot-device-classification/dataset/socket/round7_jitter/socket_r7.pcapng,R7,303,3032.7500603199005,0.018,0.006,0.012,0.024,0.94,Socket
/home/lmy/iot-device-classification/dataset/socket/round7_jitter/socket_r7.pcapng,R7,304,3040.7172780036926,0.008,0.024,0.03,0.05,0.888,Socket
/home/lmy/iot-device-classification/dataset/socket/round7_jitter/socket_r7.pcapng,R7,305,3050.511643409729,0.002,0.002,0.004,0.018,0.974,Socket
/home/lmy/iot-device-classification/dataset/socket/round7_jitter/socket_r7.pcapng,R7,306,3062.81133556366,0.024,0.01,0.004,0.018,0.944,Socket
/home/lmy/iot-device-classification/dataset/socket/round7_jitter/socket_r7.pcapng,R7,307,3071.127609729767,0.004,0.004,0.004,0.012,0.976,Socket
/home/lmy/iot-device-classification/dataset/socket/round7_jitter/socket_r7.pcapng,R7,308,3084.237448453903,0.018,0.002,0.004,0.022,0.954,Socket
/home/lmy/iot-device-classification/dataset/socket/round7_jitter/socket_r7.pcapng,R7,309,3091.3105533123016,0.006,0.0,0.002,0.02,0.972,Socket
/home/lmy/iot-device-classification/dataset/socket/round7_jitter/socket_r7.pcapng,R7,310,3105.2948548793797,0.02,0.006,0.004,0.01,0.96,Socket
/home/lmy/iot-device-classification/dataset/socket/round7_jitter/socket_r7.pcapng,R7,311,3112.4780876636505,0.008,0.006,0.004,0.008,0.974,Socket
/home/lmy/iot-device-classification/dataset/socket/round7_jitter/socket_r7.pcapng,R7,312,3122.7992730140686,0.008,0.002,0.006,0.026,0.958,Socket
/home/lmy/iot-device-classification/dataset/socket/round7_jitter/socket_r7.pcapng,R7,313,3130.9479365348816,0.028,0.0,0.0,0.006,0.966,Socket
/home/lmy/iot-device-classification/dataset/socket/round7_jitter/socket_r7.pcapng,R7,314,3141.5208048820496,0.008,0.002,0.012,0.032,0.946,Socket
/home/lmy/iot-device-classification/dataset/socket/round7_jitter/socket_r7.pcapng,R7,315,3150.5810260772705,0.012,0.0,0.008,0.016,0.964,Socket
/home/lmy/iot-device-classification/dataset/socket/round7_jitter/socket_r7.pcapng,R7,316,3162.560515642166,0.014,0.008,0.0,0.02,0.958,Socket
/home/lmy/iot-device-classification/dataset/socket/round7_jitter/socket_r7.pcapng,R7,317,3170.2693490982056,0.006,0.004,0.012,0.038,0.94,Socket
/home/lmy/iot-device-classification/dataset/socket/round7_jitter/socket_r7.pcapng,R7,318,3180.918244600296,0.01,0.006,0.006,0.016,0.962,Socket
/home/lmy/iot-device-classification/dataset/socket/round7_jitter/socket_r7.pcapng,R7,319,3192.75447010994,0.006,0.002,0.006,0.03,0.956,Socket
/home/lmy/iot-device-classification/dataset/socket/round7_jitter/socket_r7.pcapng,R7,320,3206.535153388977,0.02,0.004,0.012,0.024,0.94,Socket
/home/lmy/iot-device-classification/dataset/socket/round7_jitter/socket_r7.pcapng,R7,321,3213.352467775345,0.008,0.008,0.004,0.024,0.956,Socket
/home/lmy/iot-device-classification/dataset/socket/round7_jitter/socket_r7.pcapng,R7,322,3224.708929300308,0.01,0.018,0.032,0.024,0.916,Socket
/home/lmy/iot-device-classification/dataset/socket/round7_jitter/socket_r7.pcapng,R7,323,3230.007579088211,0.0,0.0,0.004,0.006,0.99,Socket
/home/lmy/iot-device-classification/dataset/socket/round7_jitter/socket_r7.pcapng,R7,324,3240.1007840633392,0.008,0.0,0.008,0.022,0.962,Socket
/home/lmy/iot-device-classification/dataset/socket/round7_jitter/socket_r7.pcapng,R7,325,3251.112860441208,0.0,0.004,0.004,0.014,0.978,Socket
/home/lmy/iot-device-classification/dataset/socket/round7_jitter/socket_r7.pcapng,R7,326,3265.201575756073,0.012,0.0,0.006,0.014,0.968,Socket
/home/lmy/iot-device-classification/dataset/socket/round7_jitter/socket_r7.pcapng,R7,327,3270.867155790329,0.012,0.006,0.002,0.008,0.972,Socket
/home/lmy/iot-device-classification/dataset/socket/round7_jitter/socket_r7.pcapng,R7,328,3281.310869216919,0.006,0.002,0.006,0.03,0.956,Socket
/home/lmy/iot-device-classification/dataset/socket/round7_jitter/socket_r7.pcapng,R7,329,3291.1008117198944,0.002,0.008,0.002,0.014,0.974,Socket
/home/lmy/iot-device-classification/dataset/socket/round7_jitter/socket_r7.pcapng,R7,330,3302.964433193207,0.006,0.004,0.012,0.016,0.962,Socket
/home/lmy/iot-device-classification/dataset/socket/round7_jitter/socket_r7.pcapng,R7,331,3310.065604925156,0.006,0.008,0.004,0.018,0.964,Socket
/home/lmy/iot-device-classification/dataset/socket/round7_jitter/socket_r7.pcapng,R7,332,3320.50114941597,0.008,0.004,0.004,0.016,0.968,Socket
/home/lmy/iot-device-classification/dataset/socket/round7_jitter/socket_r7.pcapng,R7,333,3330.000492811203,0.004,0.002,0.004,0.006,0.984,Socket
/home/lmy/iot-device-classification/dataset/socket/round7_jitter/socket_r7.pcapng,R7,334,3340.0401496887207,0.006,0.008,0.008,0.026,0.952,Socket
/home/lmy/iot-device-classification/dataset/socket/round7_jitter/socket_r7.pcapng,R7,335,3352.471880674362,0.006,0.002,0.0,0.01,0.982,Socket
/home/lmy/iot-device-classification/dataset/socket/round7_jitter/socket_r7.pcapng,R7,336,3361.0108077526093,0.012,0.002,0.008,0.022,0.956,Socket
/home/lmy/iot-device-classification/dataset/socket/round7_jitter/socket_r7.pcapng,R7,337,3370.1070580482483,0.004,0.0,0.002,0.016,0.978,Socket
/home/lmy/iot-device-classification/dataset/socket/round7_jitter/socket_r7.pcapng,R7,338,3382.914865732193,0.004,0.006,0.004,0.01,0.976,Socket
/home/lmy/iot-device-classification/dataset/socket/round7_jitter/socket_r7.pcapng,R7,339,3391.2433433532715,0.01,0.006,0.004,0.02,0.96,Socket
/home/lmy/iot-device-classification/dataset/socket/round7_jitter/socket_r7.pcapng,R7,340,3402.321480512619,0.004,0.012,0.01,0.02,0.954,Socket
/home/lmy/iot-device-classification/dataset/socket/round7_jitter/socket_r7.pcapng,R7,341,3410.981472492218,0.004,0.008,0.006,0.02,0.962,Socket
/home/lmy/iot-device-classification/dataset/socket/round7_jitter/socket_r7.pcapng,R7,342,3420.6895649433136,0.006,0.0,0.002,0.01,0.982,Socket
/home/lmy/iot-device-classification/dataset/socket/round7_jitter/socket_r7.pcapng,R7,343,3434.150338411331,0.008,0.004,0.01,0.024,0.954,Socket
/home/lmy/iot-device-classification/dataset/socket/round7_jitter/socket_r7.pcapng,R7,344,3440.412162065506,0.004,0.004,0.002,0.024,0.966,Socket
/home/lmy/iot-device-classification/dataset/socket/round7_jitter/socket_r7.pcapng,R7,345,3450.223470211029,0.012,0.0,0.0,0.008,0.98,Socket
/home/lmy/iot-device-classification/dataset/socket/round7_jitter/socket_r7.pcapng,R7,346,3463.251746892929,0.006,0.006,0.004,0.016,0.968,Socket
/home/lmy/iot-device-classification/dataset/socket/round7_jitter/socket_r7.pcapng,R7,347,3470.872660636902,0.006,0.008,0.006,0.024,0.956,Socket
/home/lmy/iot-device-classification/dataset/socket/round7_jitter/socket_r7.pcapng,R7,348,3483.136247396469,0.008,0.01,0.012,0.04,0.93,Socket
/home/lmy/iot-device-classification/dataset/socket/round7_jitter/socket_r7.pcapng,R7,349,3491.4880537986755,0.002,0.006,0.006,0.014,0.972,Socket
/home/lmy/iot-device-classification/dataset/socket/round7_jitter/socket_r7.pcapng,R7,350,3502.606733560562,0.01,0.004,0.008,0.02,0.958,Socket
/home/lmy/iot-device-classification/dataset/socket/round7_jitter/socket_r7.pcapng,R7,351,3513.186050415039,0.01,0.002,0.006,0.032,0.95,Socket
/home/lmy/iot-device-classification/dataset/socket/round7_jitter/socket_r7.pcapng,R7,352,3521.0822908878326,0.002,0.006,0.004,0.018,0.97,Socket
/home/lmy/iot-device-classification/dataset/socket/round7_jitter/socket_r7.pcapng,R7,353,3531.984581708908,0.006,0.01,0.004,0.02,0.96,Socket
/home/lmy/iot-device-classification/dataset/socket/round7_jitter/socket_r7.pcapng,R7,354,3540.66441321373,0.0,0.004,0.002,0.01,0.984,Socket
/home/lmy/iot-device-classification/dataset/socket/round7_jitter/socket_r7.pcapng,R7,355,3554.8039412498474,0.024,0.01,0.008,0.034,0.924,Socket
/home/lmy/iot-device-classification/dataset/socket/round7_jitter/socket_r7.pcapng,R7,356,3561.860139131546,0.002,0.002,0.0,0.02,0.976,Socket
/home/lmy/iot-device-classification/dataset/socket/round7_jitter/socket_r7.pcapng,R7,357,3571.954396009445,0.004,0.0,0.006,0.024,0.966,Socket
/home/lmy/iot-device-classification/dataset/socket/round7_jitter/socket_r7.pcapng,R7,358,3580.122948884964,0.002,0.006,0.004,0.016,0.972,Socket
/home/lmy/iot-device-classification/dataset/socket/round7_jitter/socket_r7.pcapng,R7,359,3596.036445379257,0.01,0.016,0.006,0.016,0.952,Socket
/home/lmy/iot-device-classification/dataset/socket/round7_jitter/socket_r7.pcapng,R7,360,3602.6747336387634,0.02,0.004,0.008,0.032,0.936,Socket
/home/lmy/iot-device-classification/dataset/socket/round7_jitter/socket_r7.pcapng,R7,361,3610.3079965114594,0.06,0.022,0.018,0.062,0.838,Socket
/home/lmy/iot-device-classification/dataset/socket/round7_jitter/socket_r7.pcapng,R7,362,3620.104645013809,0.002,0.008,0.02,0.024,0.946,Socket
/home/lmy/iot-device-classification/dataset/socket/round7_jitter/socket_r7.pcapng,R7,363,3630.0654764175415,0.004,0.002,0.006,0.016,0.972,Socket
/home/lmy/iot-device-classification/dataset/socket/round7_jitter/socket_r7.pcapng,R7,364,3642.321952819824,0.006,0.004,0.008,0.032,0.95,Socket
/home/lmy/iot-device-classification/dataset/socket/round7_jitter/socket_r7.pcapng,R7,365,3654.3659031391135,0.006,0.01,0.006,0.022,0.956,Socket
/home/lmy/iot-device-classification/dataset/socket/round7_jitter/socket_r7.pcapng,R7,366,3661.524018764496,0.016,0.004,0.002,0.02,0.958,Socket
/home/lmy/iot-device-classification/dataset/socket/round7_jitter/socket_r7.pcapng,R7,367,3671.3138909339914,0.006,0.008,0.004,0.022,0.96,Socket
/home/lmy/iot-device-classification/dataset/socket/round7_jitter/socket_r7.pcapng,R7,368,3682.259405374527,0.006,0.002,0.008,0.026,0.958,Socket
/home/lmy/iot-device-classification/dataset/socket/round7_jitter/socket_r7.pcapng,R7,369,3692.065646409989,0.006,0.002,0.006,0.024,0.962,Socket
/home/lmy/iot-device-classification/dataset/socket/round7_jitter/socket_r7.pcapng,R7,370,3704.047289609909,0.03,0.006,0.006,0.028,0.93,Socket
/home/lmy/iot-device-classification/dataset/socket/round7_jitter/socket_r7.pcapng,R7,371,3711.801020145416,0.006,0.0,0.012,0.034,0.948,Socket
/home/lmy/iot-device-classification/dataset/socket/round7_jitter/socket_r7.pcapng,R7,372,3723.5376324653625,0.044,0.01,0.006,0.036,0.904,Socket
/home/lmy/iot-device-classification/dataset/socket/round7_jitter/socket_r7.pcapng,R7,373,3731.293338060379,0.0,0.004,0.002,0.018,0.976,Socket
/home/lmy/iot-device-classification/dataset/socket/round7_jitter/socket_r7.pcapng,R7,374,3741.045999050141,0.004,0.012,0.006,0.016,0.962,Socket
/home/lmy/iot-device-classification/dataset/socket/round7_jitter/socket_r7.pcapng,R7,375,3750.077611684799,0.002,0.01,0.008,0.016,0.964,Socket
/home/lmy/iot-device-classification/dataset/socket/round7_jitter/socket_r7.pcapng,R7,376,3762.4871661663055,0.002,0.006,0.014,0.03,0.948,Socket
/home/lmy/iot-device-classification/dataset/socket/round7_jitter/socket_r7.pcapng,R7,377,3770.436052799225,0.004,0.004,0.002,0.02,0.97,Socket
/home/lmy/iot-device-classification/dataset/socket/round7_jitter/socket_r7.pcapng,R7,378,3781.3356416225433,0.008,0.012,0.004,0.028,0.948,Socket
/home/lmy/iot-device-classification/dataset/socket/round7_jitter/socket_r7.pcapng,R7,379,3790.016022205353,0.002,0.004,0.002,0.018,0.974,Socket
/home/lmy/iot-device-classification/dataset/socket/round7_jitter/socket_r7.pcapng,R7,380,3800.906055688858,0.004,0.014,0.006,0.02,0.956,Socket
/home/lmy/iot-device-classification/dataset/socket/round7_jitter/socket_r7.pcapng,R7,381,3810.376800298691,0.002,0.002,0.002,0.018,0.976,Socket
/home/lmy/iot-device-classification/dataset/socket/round7_jitter/socket_r7.pcapng,R7,382,3823.442265510559,0.008,0.01,0.008,0.026,0.948,Socket
/home/lmy/iot-device-classification/dataset/socket/round7_jitter/socket_r7.pcapng,R7,383,3830.3087174892426,0.004,0.006,0.002,0.018,0.97,Socket
/home/lmy/iot-device-classification/dataset/socket/round7_jitter/socket_r7.pcapng,R7,384,3843.498911380768,0.016,0.008,0.002,0.01,0.964,Socket
/home/lmy/iot-device-classification/dataset/socket/round7_jitter/socket_r7.pcapng,R7,385,3852.15686416626,0.006,0.004,0.004,0.022,0.964,Socket
/home/lmy/iot-device-classification/dataset/socket/round7_jitter/socket_r7.pcapng,R7,386,3861.937953948975,0.012,0.0,0.004,0.006,0.978,Socket
/home/lmy/iot-device-classification/dataset/socket/round7_jitter/socket_r7.pcapng,R7,387,3870.243843078613,0.016,0.004,0.008,0.016,0.956,Socket
/home/lmy/iot-device-classification/dataset/socket/round7_jitter/socket_r7.pcapng,R7,388,3883.105995416641,0.012,0.008,0.006,0.026,0.948,Socket
/home/lmy/iot-device-classification/dataset/socket/round7_jitter/socket_r7.pcapng,R7,389,3892.447648525238,0.002,0.012,0.01,0.012,0.964,Socket
/home/lmy/iot-device-classification/dataset/socket/round7_jitter/socket_r7.pcapng,R7,390,3903.287395477295,0.036,0.018,0.002,0.066,0.878,Socket
/home/lmy/iot-device-classification/dataset/socket/round7_jitter/socket_r7.pcapng,R7,391,3910.181442975998,0.006,0.004,0.008,0.016,0.966,Socket
/home/lmy/iot-device-classification/dataset/socket/round7_jitter/socket_r7.pcapng,R7,392,3924.8144912719727,0.018,0.004,0.006,0.022,0.95,Socket
/home/lmy/iot-device-classification/dataset/socket/round7_jitter/socket_r7.pcapng,R7,393,3931.577160596848,0.008,0.004,0.01,0.014,0.964,Socket
/home/lmy/iot-device-classification/dataset/socket/round7_jitter/socket_r7.pcapng,R7,394,3940.231239318848,0.006,0.008,0.012,0.032,0.942,Socket
/home/lmy/iot-device-classification/dataset/socket/round7_jitter/socket_r7.pcapng,R7,395,3951.200567960739,0.004,0.002,0.004,0.022,0.968,Socket
/home/lmy/iot-device-classification/dataset/socket/round7_jitter/socket_r7.pcapng,R7,396,3963.293049812317,0.012,0.01,0.01,0.018,0.95,Socket
/home/lmy/iot-device-classification/dataset/socket/round7_jitter/socket_r7.pcapng,R7,397,3976.815950155258,0.026,0.01,0.014,0.04,0.91,Socket
/home/lmy/iot-device-classification/dataset/socket/round7_jitter/socket_r7.pcapng,R7,398,3982.322343826294,0.012,0.012,0.008,0.028,0.94,Socket
/home/lmy/iot-device-classification/dataset/socket/round7_jitter/socket_r7.pcapng,R7,399,3990.95381975174,0.014,0.006,0.006,0.022,0.952,Socket
/home/lmy/iot-device-classification/dataset/socket/round7_jitter/socket_r7.pcapng,R7,400,4000.4341220855713,0.004,0.006,0.004,0.024,0.962,Socket
/home/lmy/iot-device-classification/dataset/socket/round7_jitter/socket_r7.pcapng,R7,401,4010.499786376953,0.004,0.002,0.004,0.026,0.964,Socket
/home/lmy/iot-device-classification/dataset/socket/round7_jitter/socket_r7.pcapng,R7,402,4020.978120803833,0.014,0.004,0.002,0.01,0.97,Socket
/home/lmy/iot-device-classification/dataset/socket/round7_jitter/socket_r7.pcapng,R7,403,4031.622037410736,0.002,0.006,0.01,0.02,0.962,Socket
/home/lmy/iot-device-classification/dataset/socket/round7_jitter/socket_r7.pcapng,R7,404,4041.6763422489166,0.004,0.006,0.008,0.022,0.96,Socket
/home/lmy/iot-device-classification/dataset/socket/round7_jitter/socket_r7.pcapng,R7,405,4050.748890399933,0.006,0.0,0.012,0.028,0.954,Socket
