source_file,round,window_id,window_start,proba_Camera,proba_Light_T1,proba_Light_XM,proba_Sensor,proba_Socket,true_label
/home/lmy/iot-device-classification/dataset/camera/round4_normal/camera_r4.pcapng,R4,0,0.0,0.9996215737864649,1.2666113200927893e-05,9.677164983971532e-06,0.0003435244862678006,1.255844908238256e-05,Camera
/home/lmy/iot-device-classification/dataset/camera/round4_normal/camera_r4.pcapng,R4,1,10.05105996131897,0.9997099249635912,8.943767780643144e-06,5.496442524587977e-06,0.0002661690173410609,9.465808762357844e-06,Camera
/home/lmy/iot-device-classification/dataset/camera/round4_normal/camera_r4.pcapng,R4,2,20.1322500705719,0.9997886847358847,5.397439937630551e-06,3.1084252844165327e-06,0.0001958084625358051,7.000936357407935e-06,Camera
/home/lmy/iot-device-classification/dataset/camera/round4_normal/camera_r4.pcapng,R4,3,30.206401348114014,0.9996850898291201,1.0047030449694221e-05,7.293270655506008e-06,0.0002867723492212819,1.0797520553662889e-05,Camera
/home/lmy/iot-device-classification/dataset/camera/round4_normal/camera_r4.pcapng,R4,4,40.2637939453125,0.9997794841971808,5.897980760747065e-06,3.4703321486061315e-06,0.00020374566128332237,7.401828626637377e-06,Camera
/home/lmy/iot-device-classification/dataset/camera/round4_normal/camera_r4.pcapng,R4,5,50.36415386199951,0.9991168732424571,3.892125715342682e-05,3.6921397029954216e-05,0.0007816587350680548,2.5625368291467374e-05,Camera
/home/lmy/iot-device-classification/dataset/camera/round4_normal/camera_r4.pcapng,R4,6,60.44436478614807,0.9996581719352083,1.1254759125758664e-05,7.895096381301721e-06,0.0003113331950384617,1.13450142463437e-05,Camera
/home/lmy/iot-device-classification/dataset/camera/round4_normal/camera_r4.pcapng,R4,7,70.53503251075745,0.9997777985436511,5.597272676650194e-06,3.300187869157473e-06,0.00020607357608581653,7.230419717377935e-06,Camera
/home/lmy/iot-device-classification/dataset/camera/round4_normal/camera_r4.pcapng,R4,8,80.36957883834839,0.9997567354671452,6.848303993498088e-06,4.422710855354499e-06,0.00022365094474665064,8.342573259277768e-06,Camera
/home/lmy/iot-device-classification/dataset/camera/round4_normal/camera_r4.pcapng,R4,9,90.6362316608429,0.999548426814504,1.4940598639451122e-05,1.1129061708546032e-05,0.0004117933969636863,1.3710128184334484e-05,Camera
/home/lmy/iot-device-classification/dataset/camera/round4_normal/camera_r4.pcapng,R4,10,100.69785571098328,0.9996441360838788,1.1238322541686525e-05,7.660793072815006e-06,0.00032562258872951937,1.1342211777118968e-05,Camera
/home/lmy/iot-device-classification/dataset/camera/round4_normal/camera_r4.pcapng,R4,11,110.7871868610382,0.9997541502674987,6.939075882372038e-06,4.1106112670837525e-06,0.00022662203088926592,8.178014462634978e-06,Camera
/home/lmy/iot-device-classification/dataset/camera/round4_normal/camera_r4.pcapng,R4,12,120.86366295814514,0.9996156906383297,1.109025624893138e-05,8.520805586419266e-06,0.0003528675510038071,1.1830748831354457e-05,Camera
/home/lmy/iot-device-classification/dataset/camera/round4_normal/camera_r4.pcapng,R4,13,130.29250121116638,0.9997133193943223,8.499081435612344e-06,5.293933347240481e-06,0.0002635382039876947,9.349386906995838e-06,Camera
/home/lmy/iot-device-classification/dataset/camera/round4_normal/camera_r4.pcapng,R4,14,140.9555606842041,0.9997771843987124,5.677912171207651e-06,3.446522044997747e-06,0.00020632296583598033,7.368201235327149e-06,Camera
/home/lmy/iot-device-classification/dataset/camera/round4_normal/camera_r4.pcapng,R4,15,151.00046038627625,0.9957054843276234,0.0004074069589926189,0.0006181089315272564,0.0031569913800663725,0.00011200840179050653,Camera
/home/lmy/iot-device-classification/dataset/camera/round4_normal/camera_r4.pcapng,R4,16,160.5225944519043,0.9996319384913753,1.2330645280707891e-05,8.266966920187384e-06,0.0003356496632895392,1.1814233134375394e-05,Camera
/home/lmy/iot-device-classification/dataset/camera/round4_normal/camera_r4.pcapng,R4,17,171.14076948165894,0.9997949210774286,5.238859306901329e-06,3.014635946473699e-06,0.00018994775208563941,6.877675232478334e-06,Camera
/home/lmy/iot-device-classification/dataset/camera/round4_normal/camera_r4.pcapng,R4,18,181.2028772830963,0.9996902324498692,9.533348370965435e-06,6.674528133482417e-06,0.0002831994025201296,1.0360271106257538e-05,Camera
/home/lmy/iot-device-classification/dataset/camera/round4_normal/camera_r4.pcapng,R4,19,191.28461074829104,0.9997344560276624,7.802797642293642e-06,4.844161299655668e-06,0.00024400883416193564,8.888179233644628e-06,Camera
/home/lmy/iot-device-classification/dataset/camera/round4_normal/camera_r4.pcapng,R4,20,201.3544638156891,0.9988046301500213,7.435745480800199e-05,7.997339446462585e-05,0.0010028856572046716,3.815334350131909e-05,Camera
/home/lmy/iot-device-classification/dataset/camera/round4_normal/camera_r4.pcapng,R4,21,211.40358805656436,0.9997593929993759,6.101249246485943e-06,3.7382489708139635e-06,0.000223049640874671,7.717861532279047e-06,Camera
/home/lmy/iot-device-classification/dataset/camera/round4_normal/camera_r4.pcapng,R4,22,221.53100275993347,0.9996312808966749,1.3101404546496478e-05,1.1072186974582908e-05,0.00033118984654853214,1.3355665255463139e-05,Camera
/home/lmy/iot-device-classification/dataset/camera/round4_normal/camera_r4.pcapng,R4,23,231.5542848110199,0.9997793539260833,5.716666359031954e-06,3.420127777092808e-06,0.00020411145683025162,7.397822950338791e-06,Camera
/home/lmy/iot-device-classification/dataset/camera/round4_normal/camera_r4.pcapng,R4,24,241.6179747581482,0.9919141789825859,0.0007992247073912213,0.001373758956019582,0.005740763213915053,0.0001720741400882359,Camera
/home/lmy/iot-device-classification/dataset/camera/round4_normal/camera_r4.pcapng,R4,25,251.74630784988403,0.9996240034491389,1.3761654904877642e-05,9.19997290479689e-06,0.0003405685201550517,1.2466402896174492e-05,Camera
/home/lmy/iot-device-classification/dataset/camera/round4_normal/camera_r4.pcapng,R4,26,261.7367215156555,0.9995674265506531,1.2605976284360785e-05,1.1460383652595467e-05,0.00039466666546913087,1.384042394086725e-05,Camera
/home/lmy/iot-device-classification/dataset/camera/round4_normal/camera_r4.pcapng,R4,27,271.82214546203613,0.9996830668430373,1.0139186205920157e-05,6.360479447243447e-06,0.00029020295894448386,1.0230532364943716e-05,Camera
/home/lmy/iot-device-classification/dataset/camera/round4_normal/camera_r4.pcapng,R4,28,281.8771119117737,0.9995602910868683,1.3650189149251988e-05,1.0101669129336761e-05,0.0004029041039053215,1.3052950947722635e-05,Camera
/home/lmy/iot-device-classification/dataset/camera/round4_normal/camera_r4.pcapng,R4,29,291.93804001808167,0.9972301153466107,0.00018017846291187557,0.0002388745142959389,0.00228100639781782,6.982527836358894e-05,Camera
/home/lmy/iot-device-classification/dataset/camera/round4_normal/camera_r4.pcapng,R4,30,301.0903558731079,0.9996756181558686,1.0104188493987405e-05,7.168614850052105e-06,0.0002963477732647742,1.0761267522626172e-05,Camera
/home/lmy/iot-device-classification/dataset/camera/round4_normal/camera_r4.pcapng,R4,31,312.0601005554199,0.9997760899276004,5.729759313468149e-06,3.3891763190206285e-06,0.00020740789470166174,7.383242065427129e-06,Camera
/home/lmy/iot-device-classification/dataset/camera/round4_normal/camera_r4.pcapng,R4,32,321.665463924408,0.9997798070748685,5.660789458130952e-06,3.322197686851076e-06,0.0002039056097641217,7.304328222440057e-06,Camera
/home/lmy/iot-device-classification/dataset/camera/round4_normal/camera_r4.pcapng,R4,33,332.1666524410248,0.9879162753348982,0.0007874005232942849,0.0006941537885302787,0.010429094334361946,0.00017307601891537638,Camera
/home/lmy/iot-device-classification/dataset/camera/round4_normal/camera_r4.pcapng,R4,34,341.03269267082214,0.9997551526998296,6.907676109590857e-06,4.239977114565014e-06,0.00022548786025726193,8.211786689007158e-06,Camera
/home/lmy/iot-device-classification/dataset/camera/round4_normal/camera_r4.pcapng,R4,35,352.31498098373413,0.9997744172807868,5.7523505904581405e-06,3.4336220460226215e-06,0.00020902299352213683,7.373753054982122e-06,Camera
/home/lmy/iot-device-classification/dataset/camera/round4_normal/camera_r4.pcapng,R4,36,362.36438035964966,0.999579326987472,1.3947071648181988e-05,1.1723237234838905e-05,0.00038118134408303514,1.3821359562103707e-05,Camera
/home/lmy/iot-device-classification/dataset/camera/round4_normal/camera_r4.pcapng,R4,37,372.434054851532,0.999760461367916,6.799977231696797e-06,4.001382390529536e-06,0.00022074343014625222,7.993842315623942e-06,Camera
/home/lmy/iot-device-classification/dataset/camera/round4_normal/camera_r4.pcapng,R4,38,382.23567485809326,0.9996639116858735,1.0273019885593607e-05,7.517949583819403e-06,0.0003072731159180591,1.1024228738949317e-05,Camera
/home/lmy/iot-device-classification/dataset/camera/round4_normal/camera_r4.pcapng,R4,39,392.5711944103241,0.9997047387929348,9.281573462736175e-06,6.472532558896849e-06,0.0002693476463597409,1.015945468353912e-05,Camera
/home/lmy/iot-device-classification/dataset/camera/round4_normal/camera_r4.pcapng,R4,40,402.6334104537964,0.9996892244023885,1.0290695997620593e-05,6.397359688019624e-06,0.0002838430457643003,1.0244496161508006e-05,Camera
/home/lmy/iot-device-classification/dataset/camera/round4_normal/camera_r4.pcapng,R4,41,412.6800956726074,0.9971841004372941,0.00019407143404684554,0.0002509014530123722,0.0022990964595056185,7.183021614075404e-05,Camera
/home/lmy/iot-device-classification/dataset/camera/round4_normal/camera_r4.pcapng,R4,42,421.9614703655243,0.9997090292014025,9.26188753600447e-06,5.9413861892583046e-06,0.00026597079304060874,9.796731831597243e-06,Camera
/home/lmy/iot-device-classification/dataset/camera/round4_normal/camera_r4.pcapng,R4,43,431.89617681503296,0.9995457157052542,1.8012929430633195e-05,1.657127916001122e-05,0.0004031231368216224,1.657694933351298e-05,Camera
/home/lmy/iot-device-classification/dataset/camera/round4_normal/camera_r4.pcapng,R4,44,442.2963411808014,0.9996459478878669,8.668234035039045e-06,6.700110630976436e-06,0.0003280762184254836,1.060754904163344e-05,Camera
/home/lmy/iot-device-classification/dataset/camera/round4_normal/camera_r4.pcapng,R4,45,453.0678894519806,0.9996469144671707,1.0389434822861355e-05,7.601621273292386e-06,0.00032395262197571574,1.1141854757578142e-05,Camera
/home/lmy/iot-device-classification/dataset/camera/round4_normal/camera_r4.pcapng,R4,46,463.0429193973541,0.9996180562227541,1.4195544374494528e-05,9.702578077040046e-06,0.0003452601951030843,1.2785459691276776e-05,Camera
/home/lmy/iot-device-classification/dataset/camera/round4_normal/camera_r4.pcapng,R4,47,473.05008840560913,0.9993877341277732,2.0149582257395266e-05,1.875394897914154e-05,0.000554363515506591,1.8998825483877278e-05,Camera
/home/lmy/iot-device-classification/dataset/camera/round4_normal/camera_r4.pcapng,R4,48,483.0598754882813,0.9996394386050966,1.1636581886142538e-05,8.577106540626352e-06,0.0003285242487536408,1.182345772270795e-05,Camera
/home/lmy/iot-device-classification/dataset/camera/round4_normal/camera_r4.pcapng,R4,49,492.2132215499878,0.9996660858590296,1.094689363161395e-05,7.152581836419484e-06,0.0003049625826162363,1.0852082886092572e-05,Camera
/home/lmy/iot-device-classification/dataset/camera/round4_normal/camera_r4.pcapng,R4,50,503.0796935558319,0.9994750261649683,1.3079066001042245e-05,1.2181472310631727e-05,0.0004852973915509174,1.4415905168971176e-05,Camera
/home/lmy/iot-device-classification/dataset/camera/round4_normal/camera_r4.pcapng,R4,51,510.3158664703369,0.9971057153601813,0.00021143996938791999,0.00036952757355606384,0.0022298907205708348,8.342637630404379e-05,Camera
/home/lmy/iot-device-classification/dataset/camera/round4_normal/camera_r4.pcapng,R4,52,523.100161075592,0.9997329889769124,7.759485667449806e-06,4.7683309763255405e-06,0.0002457171988407168,8.766007602903798e-06,Camera
/home/lmy/iot-device-classification/dataset/camera/round4_normal/camera_r4.pcapng,R4,53,531.1468229293823,0.9997476194733559,7.119536331252747e-06,4.372993558394206e-06,0.00023252708881022985,8.36090794437746e-06,Camera
/home/lmy/iot-device-classification/dataset/camera/round4_normal/camera_r4.pcapng,R4,54,543.1202988624573,0.9994961126734364,1.7732685552509393e-05,1.5607025697354975e-05,0.00045444862583256306,1.6098989481244306e-05,Camera
/home/lmy/iot-device-classification/dataset/camera/round4_normal/camera_r4.pcapng,R4,55,552.5335166454315,0.9995783506352395,1.5138902111992396e-05,1.0627537589625814e-05,0.0003824086850147805,1.3474240044057524e-05,Camera
/home/lmy/iot-device-classification/dataset/camera/round4_normal/camera_r4.pcapng,R4,56,563.1404345035553,0.4376386317566703,0.17195722461768478,0.033021680563765345,0.3561152100076305,0.0012672530542490697,Camera
/home/lmy/iot-device-classification/dataset/camera/round4_normal/camera_r4.pcapng,R4,57,570.8216423988342,0.999654646360519,1.1325494151491438e-05,8.517426855216041e-06,0.0003137977882632024,1.171293021098024e-05,Camera
/home/lmy/iot-device-classification/dataset/camera/round4_normal/camera_r4.pcapng,R4,58,581.6536519527435,0.9997234367074197,7.80411205353035e-06,4.801447651650223e-06,0.0002551289688159439,8.828764059082827e-06,Camera
/home/lmy/iot-device-classification/dataset/camera/round4_normal/camera_r4.pcapng,R4,59,593.170708656311,0.9997647821511385,6.256705106698134e-06,3.77894547328637e-06,0.00021743441460855234,7.747783672997972e-06,Camera
/home/lmy/iot-device-classification/dataset/camera/round4_normal/camera_r4.pcapng,R4,60,603.1822304725647,0.8815977704640305,0.022583550656811016,0.01577116083313566,0.078958965652207,0.0010885523938158454,Camera
/home/lmy/iot-device-classification/dataset/camera/round4_normal/camera_r4.pcapng,R4,61,610.0285220146179,0.9997101635498595,8.368954169638346e-06,5.371711071538248e-06,0.0002667643590094379,9.331425889811503e-06,Camera
/home/lmy/iot-device-classification/dataset/camera/round4_normal/camera_r4.pcapng,R4,62,623.2021934986115,0.9995205856414604,1.6576561091275057e-05,1.2925101570190757e-05,0.00043480585657594415,1.5106839302049348e-05,Camera
/home/lmy/iot-device-classification/dataset/camera/round4_normal/camera_r4.pcapng,R4,63,631.2601065635681,0.9991353414476553,3.543578871252005e-05,4.4426168448416434e-05,0.0007572088959656237,2.7587699217979322e-05,Camera
/home/lmy/iot-device-classification/dataset/camera/round4_normal/camera_r4.pcapng,R4,64,640.0589265823364,0.9994261077716413,1.95374933832846e-05,1.697300460988734e-05,0.0005199617060212797,1.7420024344133225e-05,Camera
/home/lmy/iot-device-classification/dataset/camera/round4_normal/camera_r4.pcapng,R4,65,653.2328991889954,0.9974486498088473,0.00020403498751670214,0.00024245836806910883,0.002035873252087169,6.898358347985391e-05,Camera
/home/lmy/iot-device-classification/dataset/camera/round4_normal/camera_r4.pcapng,R4,66,663.2431035041809,0.9997423761537853,6.714701867725066e-06,4.40219040398959e-06,0.00023813932618138063,8.367627761367098e-06,Camera
/home/lmy/iot-device-classification/dataset/camera/round4_normal/camera_r4.pcapng,R4,67,670.0878028869629,0.9996500780481888,9.903370228874113e-06,7.083635663592504e-06,0.00032198545841252333,1.094948750627082e-05,Camera
/home/lmy/iot-device-classification/dataset/camera/round4_normal/camera_r4.pcapng,R4,68,680.362829208374,0.9997666873991344,6.357660487245209e-06,3.858787039161399e-06,0.00021522024008599735,7.875913253177419e-06,Camera
/home/lmy/iot-device-classification/dataset/camera/round4_normal/camera_r4.pcapng,R4,69,691.6802260875702,0.9462225111361384,0.007843704133814914,0.022398421743853297,0.022758925799959844,0.0007764371862335594,Camera
/home/lmy/iot-device-classification/dataset/camera/round4_normal/camera_r4.pcapng,R4,70,700.119811296463,0.9997058269974136,9.242214197913865e-06,6.512439609353948e-06,0.00026812873301133156,1.0289615767748571e-05,Camera
/home/lmy/iot-device-classification/dataset/camera/round4_normal/camera_r4.pcapng,R4,71,712.6964919567108,0.9996475845183912,1.1516845913166553e-05,7.662243950119537e-06,0.0003218889629835272,1.1347428762150184e-05,Camera
/home/lmy/iot-device-classification/dataset/camera/round4_normal/camera_r4.pcapng,R4,72,720.220205783844,0.9996672561931469,9.999102907914222e-06,7.402648502612945e-06,0.00030441725543348293,1.092480000913444e-05,Camera
/home/lmy/iot-device-classification/dataset/camera/round4_normal/camera_r4.pcapng,R4,73,730.147144317627,0.9996056712773569,1.299752601172612e-05,1.0976310011678425e-05,0.00035695632037766213,1.3398566242162482e-05,Camera
/home/lmy/iot-device-classification/dataset/camera/round4_normal/camera_r4.pcapng,R4,74,743.3211183547974,0.9990995424811628,4.44532315445589e-05,4.201309882400475e-05,0.0007866809834021128,2.7310205066249393e-05,Camera
/home/lmy/iot-device-classification/dataset/camera/round4_normal/camera_r4.pcapng,R4,75,750.0722522735596,0.9997583181468735,6.648485877380865e-06,4.053233008756864e-06,0.00022295058356698006,8.029550673311186e-06,Camera
/home/lmy/iot-device-classification/dataset/camera/round4_normal/camera_r4.pcapng,R4,76,760.1803410053253,0.9995901016425706,1.3780027615898743e-05,1.0282024307679248e-05,0.00037274533753612433,1.3090967969761037e-05,Camera
/home/lmy/iot-device-classification/dataset/camera/round4_normal/camera_r4.pcapng,R4,77,773.0291223526001,0.9997597606986972,6.65858148220899e-06,4.060696045964999e-06,0.00022142654561591819,8.0934781587905e-06,Camera
/home/lmy/iot-device-classification/dataset/camera/round4_normal/camera_r4.pcapng,R4,78,780.9271748065948,0.9997053103775709,8.826687371881966e-06,5.870432725413197e-06,0.0002702640246040565,9.728477727873884e-06,Camera
/home/lmy/iot-device-classification/dataset/camera/round4_normal/camera_r4.pcapng,R4,79,790.2127735614777,0.99973399885848,7.376190217995153e-06,4.8741900597856784e-06,0.00024487483080626863,8.875930435908184e-06,Camera
/home/lmy/iot-device-classification/dataset/camera/round4_normal/camera_r4.pcapng,R4,80,803.4972891807556,0.9997887371604665,5.509944393023025e-06,3.217552439558417e-06,0.00019542511682490055,7.110225876320293e-06,Camera
/home/lmy/iot-device-classification/dataset/camera/round4_normal/camera_r4.pcapng,R4,81,810.5132050514221,0.9997649412951255,6.5170664059666914e-06,4.046977055421391e-06,0.00021650524177258617,7.989419640550071e-06,Camera
/home/lmy/iot-device-classification/dataset/camera/round4_normal/camera_r4.pcapng,R4,82,820.244312286377,0.9997209906001449,7.797602881748986e-06,5.2634774348979555e-06,0.0002567584052922585,9.18991424607712e-06,Camera
/home/lmy/iot-device-classification/dataset/camera/round4_normal/camera_r4.pcapng,R4,83,830.5290524959564,0.9982565299061241,0.00011397862292370436,0.0001472790684749555,0.001430153421928181,5.205898054919459e-05,Camera
/home/lmy/iot-device-classification/dataset/camera/round4_normal/camera_r4.pcapng,R4,84,840.0108952522278,0.9997289404538356,7.972611761293117e-06,4.959605112322767e-06,0.00024918880348238784,8.938525808604256e-06,Camera
/home/lmy/iot-device-classification/dataset/camera/round4_normal/camera_r4.pcapng,R4,85,850.0226204395294,0.9991892504219335,2.7478764467524392e-05,3.111811240720706e-05,0.0007289854683783928,2.3167232813322315e-05,Camera
/home/lmy/iot-device-classification/dataset/camera/round4_normal/camera_r4.pcapng,R4,86,863.4502203464508,0.999772010844998,6.041459588603397e-06,3.6112743335703424e-06,0.00021077446765659975,7.561953423178107e-06,Camera
/home/lmy/iot-device-classification/dataset/camera/round4_normal/camera_r4.pcapng,R4,87,870.0130484104156,0.9991032177881165,4.1832921560172515e-05,4.5890515393813906e-05,0.0007806846850150784,2.8374089914467585e-05,Camera
/home/lmy/iot-device-classification/dataset/camera/round4_normal/camera_r4.pcapng,R4,88,880.0576395988464,0.9997519576315043,6.5158941467402995e-06,4.016766201397971e-06,0.00022949258449200013,8.017123655620289e-06,Camera
/home/lmy/iot-device-classification/dataset/camera/round4_normal/camera_r4.pcapng,R4,89,893.4822428226471,0.9997197964689114,8.508936476338313e-06,5.528622253089249e-06,0.0002567476454887492,9.41832687053143e-06,Camera
/home/lmy/iot-device-classification/dataset/camera/round4_normal/camera_r4.pcapng,R4,90,900.5362486839294,0.9997912567356724,5.328427271606894e-06,3.120461354590195e-06,0.00019329819796801379,6.9961777335427165e-06,Camera
/home/lmy/iot-device-classification/dataset/camera/round4_normal/camera_r4.pcapng,R4,91,910.0838544368744,0.999608760770976,1.0086420452066236e-05,7.771201634315634e-06,0.00036186487983338957,1.1516727104234594e-05,Camera
/home/lmy/iot-device-classification/dataset/camera/round4_normal/camera_r4.pcapng,R4,92,921.0895688533784,0.033798812020056614,0.6494449484120942,0.0831466621476417,0.23298937820214433,0.0006201992180632989,Camera
/home/lmy/iot-device-classification/dataset/camera/round4_normal/camera_r4.pcapng,R4,93,930.0875618457794,0.9997919725369447,5.358983850456896e-06,3.091636071408017e-06,0.00019260639746716845,6.97044566614795e-06,Camera
/home/lmy/iot-device-classification/dataset/camera/round4_normal/camera_r4.pcapng,R4,94,940.122076034546,0.9995771220803877,1.5813752455203898e-05,1.2371763551210662e-05,0.0003804290997528232,1.4263303852873723e-05,Camera
/home/lmy/iot-device-classification/dataset/camera/round4_normal/camera_r4.pcapng,R4,95,953.5441515445708,0.9997504506924922,7.209478100364166e-06,4.609506167627083e-06,0.00022919117558270244,8.539147657153581e-06,Camera
/home/lmy/iot-device-classification/dataset/camera/round4_normal/camera_r4.pcapng,R4,96,960.9672179222108,0.9997670963613088,6.29843019596388e-06,3.749676395563591e-06,0.000215077246648059,7.778285451678683e-06,Camera
/home/lmy/iot-device-classification/dataset/camera/round4_normal/camera_r4.pcapng,R4,97,970.146977186203,0.9997337374119781,6.709299422325263e-06,4.3629195690102266e-06,0.0002468239221351724,8.366446895620838e-06,Camera
/home/lmy/iot-device-classification/dataset/camera/round4_normal/camera_r4.pcapng,R4,98,982.4835512638092,0.9996361123603572,1.1618409188446084e-05,8.993390778550898e-06,0.0003312128425459255,1.2062997129836639e-05,Camera
/home/lmy/iot-device-classification/dataset/camera/round4_normal/camera_r4.pcapng,R4,99,990.528864622116,0.999770065349692,5.7601307442655294e-06,3.4841327895768054e-06,0.00021325723541203715,7.433151362243662e-06,Camera
/home/lmy/iot-device-classification/dataset/camera/round4_normal/camera_r4.pcapng,R4,100,1000.2486219406128,0.9995694756616256,1.1436525280739038e-05,8.983894478919293e-06,0.00039774451520624817,1.235940340870435e-05,Camera
/home/lmy/iot-device-classification/dataset/camera/round4_normal/camera_r4.pcapng,R4,101,1011.6527564525604,0.995063881066451,0.00052865387254588,0.0006657825106820569,0.003621713913080328,0.00011996863724046389,Camera
/home/lmy/iot-device-classification/dataset/camera/round4_normal/camera_r4.pcapng,R4,102,1021.4600281715392,0.9997758711508684,5.757644497863864e-06,3.4385701781390765e-06,0.00020750253361785683,7.4301008377855585e-06,Camera
/home/lmy/iot-device-classification/dataset/camera/round4_normal/camera_r4.pcapng,R4,103,1030.2085394859314,0.9996611444202427,1.1080943020878078e-05,8.110796368412753e-06,0.00030822174689282023,1.1442093475079024e-05,Camera
/home/lmy/iot-device-classification/dataset/camera/round4_normal/camera_r4.pcapng,R4,104,1043.637584924698,0.9997742563938002,5.900490430149891e-06,3.605801810122381e-06,0.00020870113524480854,7.536178714736236e-06,Camera
/home/lmy/iot-device-classification/dataset/camera/round4_normal/camera_r4.pcapng,R4,105,1051.04097366333,0.9995702301331117,1.6755685128381564e-05,1.27936842049617e-05,0.0003855651991545039,1.465529840024943e-05,Camera
/home/lmy/iot-device-classification/dataset/camera/round4_normal/camera_r4.pcapng,R4,106,1060.2405714988708,0.9993269567391897,2.081772562528944e-05,2.0281313118006957e-05,0.0006131819261314278,1.8762295935398556e-05,Camera
/home/lmy/iot-device-classification/dataset/camera/round4_normal/camera_r4.pcapng,R4,107,1073.667901277542,0.9994101970038263,2.5721064471859122e-05,2.2470484245568137e-05,0.0005221283946259383,1.948305283024272e-05,Camera
/home/lmy/iot-device-classification/dataset/camera/round4_normal/camera_r4.pcapng,R4,108,1081.953530550003,0.9996947536127762,9.477807967447764e-06,6.046093449882504e-06,0.00027978807796551523,9.93440784069148e-06,Camera
/home/lmy/iot-device-classification/dataset/camera/round4_normal/camera_r4.pcapng,R4,109,1090.2658832073212,0.9996548594405352,1.179889586490767e-05,7.546568546945519e-06,0.00031460803796158697,1.1187057091358254e-05,Camera
/home/lmy/iot-device-classification/dataset/camera/round4_normal/camera_r4.pcapng,R4,110,1101.576936006546,0.9996284239121597,1.30222778151305e-05,8.397325697155026e-06,0.0003382975024225206,1.1858981905497251e-05,Camera
/home/lmy/iot-device-classification/dataset/camera/round4_normal/camera_r4.pcapng,R4,111,1111.5129733085632,0.999803715881815,4.869921132367476e-06,2.7546422102077673e-06,0.00018209484959962865,6.564705242887989e-06,Camera
/home/lmy/iot-device-classification/dataset/camera/round4_normal/camera_r4.pcapng,R4,112,1120.2984194755554,0.9995533448356727,1.3978486386256192e-05,1.1396449529308438e-05,0.0004075255107150817,1.375471769688657e-05,Camera
/home/lmy/iot-device-classification/dataset/camera/round4_normal/camera_r4.pcapng,R4,113,1133.7365074157717,0.9996800481813778,9.136588245316832e-06,6.174273713419231e-06,0.0002945999090767799,1.004104758681082e-05,Camera
/home/lmy/iot-device-classification/dataset/camera/round4_normal/camera_r4.pcapng,R4,114,1142.3851244449615,0.9983885260765925,0.00011436015600246618,0.00021567294339508515,0.0012216721786062613,5.97686454036684e-05,Camera
/home/lmy/iot-device-classification/dataset/camera/round4_normal/camera_r4.pcapng,R4,115,1150.0589127540588,0.9996772247078191,1.0923433513332723e-05,7.915183013851166e-06,0.0002926750217021796,1.1261653951459849e-05,Camera
/home/lmy/iot-device-classification/dataset/camera/round4_normal/camera_r4.pcapng,R4,116,1163.7625696659088,0.9996342500859471,8.283385908236695e-06,6.238994379919489e-06,0.0003410765145125812,1.0151019252349735e-05,Camera
/home/lmy/iot-device-classification/dataset/camera/round4_normal/camera_r4.pcapng,R4,117,1171.965274810791,0.9996955078869049,8.026972819038845e-06,5.683612416730874e-06,0.0002811423731714359,9.639154687767177e-06,Camera
/home/lmy/iot-device-classification/dataset/camera/round4_normal/camera_r4.pcapng,R4,118,1180.3615243434906,0.9996127387733692,1.2202915665146095e-05,9.511166420781038e-06,0.00035308079008590184,1.2466354459058805e-05,Camera
/home/lmy/iot-device-classification/dataset/camera/round4_normal/camera_r4.pcapng,R4,119,1193.338124036789,0.9807296227684801,0.002772188953525176,0.003890657392269243,0.012286936617076577,0.00032059426864882877,Camera
/home/lmy/iot-device-classification/dataset/camera/round4_normal/camera_r4.pcapng,R4,120,1202.786024093628,0.9997542766528204,6.869521700418461e-06,4.280139774678325e-06,0.0002263307630775851,8.242922626914926e-06,Camera
/home/lmy/iot-device-classification/dataset/camera/round4_normal/camera_r4.pcapng,R4,121,1210.3926422595978,0.9992901635588123,2.5725992353645e-05,2.679090851046453e-05,0.000635820978444294,2.1498561879206607e-05,Camera
/home/lmy/iot-device-classification/dataset/camera/round4_normal/camera_r4.pcapng,R4,122,1221.2372732162476,0.9997059826517645,8.73874339206682e-06,5.702801332277679e-06,0.00026997075518912696,9.605048321801425e-06,Camera
/home/lmy/iot-device-classification/dataset/camera/round4_normal/camera_r4.pcapng,R4,123,1232.377825975418,0.9986484244234374,5.245683134857893e-05,6.934834775113838e-05,0.0011941571736152914,3.561322384751706e-05,Camera
/home/lmy/iot-device-classification/dataset/camera/round4_normal/camera_r4.pcapng,R4,124,1240.4265050888062,0.9996122526171071,1.3309529290619238e-05,1.0070637478252587e-05,0.0003515260518806575,1.2841164243294357e-05,Camera
/home/lmy/iot-device-classification/dataset/camera/round4_normal/camera_r4.pcapng,R4,125,1253.855299949646,0.9995774602282005,1.2590681318406906e-05,9.205490445502751e-06,0.0003882978915686505,1.2445708466701697e-05,Camera
/home/lmy/iot-device-classification/dataset/camera/round4_normal/camera_r4.pcapng,R4,126,1263.2096540927887,0.9997686357546762,5.551266894117516e-06,3.379611694011528e-06,0.0002151070470866839,7.3263196488923574e-06,Camera
/home/lmy/iot-device-classification/dataset/camera/round4_normal/camera_r4.pcapng,R4,127,1270.4513485431671,0.9996507463967648,1.0487980440026518e-05,7.902501127225496e-06,0.0003195462410369127,1.1316880631003986e-05,Camera
/home/lmy/iot-device-classification/dataset/camera/round4_normal/camera_r4.pcapng,R4,128,1282.880823135376,0.9286992164488798,0.012504661661756062,0.025773886589265004,0.032190144828870074,0.000832090471229229,Camera
/home/lmy/iot-device-classification/dataset/camera/round4_normal/camera_r4.pcapng,R4,129,1292.8108417987823,0.9998009015488626,4.981567903938419e-06,2.82494813376984e-06,0.00018463878166369044,6.6531534359546526e-06,Camera
/home/lmy/iot-device-classification/dataset/camera/round4_normal/camera_r4.pcapng,R4,130,1300.483830690384,0.9991134163583781,4.370678143899755e-05,4.7368109718543615e-05,0.0007669239057205722,2.8584844743671436e-05,Camera
/home/lmy/iot-device-classification/dataset/camera/round4_normal/camera_r4.pcapng,R4,131,1310.5553240776062,0.9994967054441487,1.5358437344922932e-05,1.3488078074368907e-05,0.0004594322867283833,1.5015753703637287e-05,Camera
/home/lmy/iot-device-classification/dataset/camera/round4_normal/camera_r4.pcapng,R4,132,1323.330408334732,0.9993475250201901,2.829453205687115e-05,2.3882915379520426e-05,0.0005799649122725391,2.0332620100967697e-05,Camera
/home/lmy/iot-device-classification/dataset/camera/round4_normal/camera_r4.pcapng,R4,133,1330.5203800201416,0.9996633807509072,1.0541573852969927e-05,7.896819248869937e-06,0.00030691111438719133,1.1269741603680165e-05,Camera
/home/lmy/iot-device-classification/dataset/camera/round4_normal/camera_r4.pcapng,R4,134,1343.948711156845,0.9997159493765136,8.31498240685215e-06,5.21735266726438e-06,0.0002613205514046199,9.197737007649424e-06,Camera
/home/lmy/iot-device-classification/dataset/camera/round4_normal/camera_r4.pcapng,R4,135,1353.2326092720032,0.9998036948523621,4.870485215088214e-06,2.7548841376405047e-06,0.00018211459214263434,6.56518614260593e-06,Camera
/home/lmy/iot-device-classification/dataset/camera/round4_normal/camera_r4.pcapng,R4,136,1360.5493466854095,0.9996486218047758,1.15179929287108e-05,8.017697762404716e-06,0.0003203771458778132,1.1465358655166619e-05,Camera
/home/lmy/iot-device-classification/dataset/camera/round4_normal/camera_r4.pcapng,R4,137,1373.3433430194857,0.47631999355058324,0.17863940510554033,0.07044117603883353,0.2733794845865548,0.0012199407184881844,Camera
/home/lmy/iot-device-classification/dataset/camera/round4_normal/camera_r4.pcapng,R4,138,1383.9921798706057,0.9997695626775457,6.3450427216499035e-06,3.7981415292632162e-06,0.00021253923029124688,7.754907912119833e-06,Camera
/home/lmy/iot-device-classification/dataset/camera/round4_normal/camera_r4.pcapng,R4,139,1390.5767850875854,0.9991944399698237,2.942410167679322e-05,3.1912545485172605e-05,0.0007207555906253548,2.3467792388995423e-05,Camera
/home/lmy/iot-device-classification/dataset/camera/round4_normal/camera_r4.pcapng,R4,140,1400.123629570007,0.9997625411833414,6.674760282440685e-06,4.054295524368512e-06,0.000218711584163657,8.018176687964015e-06,Camera
/home/lmy/iot-device-classification/dataset/camera/round4_normal/camera_r4.pcapng,R4,141,1413.3447804450989,0.9995862451599428,1.4259572753155832e-05,1.0531580947388265e-05,0.0003756282504606113,1.3335435896168461e-05,Camera
/home/lmy/iot-device-classification/dataset/camera/round4_normal/camera_r4.pcapng,R4,142,1420.0203835964203,0.9994743281022309,1.88866119661848e-05,1.6592579236741304e-05,0.0004735399749422801,1.6652731623776217e-05,Camera
/home/lmy/iot-device-classification/dataset/camera/round4_normal/camera_r4.pcapng,R4,143,1430.0106506347656,0.9980170247608633,0.00010392074359743767,0.00013480889796897662,0.0016936951718793758,5.055042569092995e-05,Camera
/home/lmy/iot-device-classification/dataset/camera/round4_normal/camera_r4.pcapng,R4,144,1440.0185334682465,0.9996676258038687,1.0193291954309253e-05,6.965416686947879e-06,0.0003045450041086206,1.067048338149861e-05,Camera
/home/lmy/iot-device-classification/dataset/camera/round4_normal/camera_r4.pcapng,R4,145,1450.0853247642517,0.9997416282461135,7.423781990951575e-06,4.86817088531043e-06,0.00023729826365384842,8.781537356563583e-06,Camera
/home/lmy/iot-device-classification/dataset/camera/round4_normal/camera_r4.pcapng,R4,146,1460.6259491443634,0.9997285457452365,7.85161512109513e-06,4.863208519417063e-06,0.00024988017364191477,8.859257481095536e-06,Camera
/home/lmy/iot-device-classification/dataset/camera/round4_normal/camera_r4.pcapng,R4,147,1470.2669196128843,0.9998119238369834,4.549606257999044e-06,2.5540025548262944e-06,0.00017466631233218377,6.306241871477276e-06,Camera
/home/lmy/iot-device-classification/dataset/camera/round4_normal/camera_r4.pcapng,R4,148,1480.3206090927124,0.9997129638106921,8.87494770791345e-06,6.156291142557383e-06,0.00026211046302563196,9.894487431853603e-06,Camera
/home/lmy/iot-device-classification/dataset/camera/round4_normal/camera_r4.pcapng,R4,149,1490.296545267105,0.9997708564408845,5.915868008138813e-06,3.573803151151046e-06,0.00021213114577258558,7.522742183751706e-06,Camera
/home/lmy/iot-device-classification/dataset/camera/round4_normal/camera_r4.pcapng,R4,150,1500.3574359416962,0.9997048108696108,9.093217501118443e-06,5.687805280358728e-06,0.00027078130828389943,9.626799323825283e-06,Camera
/home/lmy/iot-device-classification/dataset/camera/round4_normal/camera_r4.pcapng,R4,151,1510.4373915195465,0.9984491693791899,5.644933782155975e-05,9.455352823418911e-05,0.001358644847265393,4.1182907488745086e-05,Camera
/home/lmy/iot-device-classification/dataset/camera/round4_normal/camera_r4.pcapng,R4,152,1520.587728023529,0.9997355446827159,7.125149021567784e-06,4.720196269626802e-06,0.00024394358241957494,8.666389573322511e-06,Camera
/home/lmy/iot-device-classification/dataset/camera/round4_normal/camera_r4.pcapng,R4,153,1530.60817193985,0.9997906742899425,5.164899434994045e-06,2.998993528015654e-06,0.00019429121410412267,6.8706029903562095e-06,Camera
/home/lmy/iot-device-classification/dataset/camera/round4_normal/camera_r4.pcapng,R4,154,1540.014128446579,0.9987171632988087,4.7510041369791996e-05,6.665669493246901e-05,0.0011342799534939533,3.4390011395180495e-05,Camera
/home/lmy/iot-device-classification/dataset/camera/round4_normal/camera_r4.pcapng,R4,155,1550.06117105484,0.9892941517908749,0.0014276469805611415,0.0018206517280299052,0.007248106160235266,0.0002094433402989848,Camera
/home/lmy/iot-device-classification/dataset/camera/round4_normal/camera_r4.pcapng,R4,156,1560.1223368644714,0.9998032255804751,4.818669800101696e-06,2.7402768842825175e-06,0.00018266807679551348,6.547396044990172e-06,Camera
/home/lmy/iot-device-classification/dataset/camera/round4_normal/camera_r4.pcapng,R4,157,1570.1729216575625,0.9995533427591301,1.3686256065187216e-05,1.2103052570825139e-05,0.0004067985309702384,1.4069401263495188e-05,Camera
/home/lmy/iot-device-classification/dataset/camera/round4_normal/camera_r4.pcapng,R4,158,1580.2434828281405,0.9997840033964767,5.598892015357951e-06,3.410039122953713e-06,0.00019968224399492153,7.3054283901888945e-06,Camera
/home/lmy/iot-device-classification/dataset/camera/round4_normal/camera_r4.pcapng,R4,159,1590.4266176223755,0.9987040664948402,7.450788447356795e-05,0.00011409319421674088,0.0010625892729772119,4.474315349227375e-05,Camera
/home/lmy/iot-device-classification/dataset/camera/round4_normal/camera_r4.pcapng,R4,160,1600.375571012497,0.9996489316242069,1.0721103157974651e-05,8.31902983569906e-06,0.0003202740751442764,1.175416765487441e-05,Camera
/home/lmy/iot-device-classification/dataset/camera/round4_normal/camera_r4.pcapng,R4,161,1610.4438989162445,0.99978106349512,5.5836274568721854e-06,3.3303193805785067e-06,0.0002027783247205194,7.244233322002757e-06,Camera
/home/lmy/iot-device-classification/dataset/camera/round4_normal/camera_r4.pcapng,R4,162,1620.524580001831,0.9997886487782848,5.39844609421356e-06,3.108826302646981e-06,0.00019584220571522852,7.001743603163152e-06,Camera
/home/lmy/iot-device-classification/dataset/camera/round4_normal/camera_r4.pcapng,R4,163,1630.574607849121,0.9997231407841916,8.575362979848146e-06,5.7447443696377164e-06,0.00025297983906737175,9.559269391436402e-06,Camera
/home/lmy/iot-device-classification/dataset/camera/round4_normal/camera_r4.pcapng,R4,164,1640.6453688144684,0.991845645393478,0.0009033605066941736,0.0008988428572270605,0.006195886600457622,0.00015626464214319388,Camera
/home/lmy/iot-device-classification/dataset/camera/round4_normal/camera_r4.pcapng,R4,165,1650.7239542007446,0.9998032430354445,4.8181853303295354e-06,2.7400763520877183e-06,0.00018265169983327912,6.547003039513072e-06,Camera
/home/lmy/iot-device-classification/dataset/camera/round4_normal/camera_r4.pcapng,R4,166,1660.7660632133484,0.9996500560764374,1.1720609861942459e-05,8.787465785570273e-06,0.0003175252772916162,1.191057062329542e-05,Camera
/home/lmy/iot-device-classification/dataset/camera/round4_normal/camera_r4.pcapng,R4,167,1670.8276331424713,0.9997936876257164,5.154379168126388e-06,3.026946227036118e-06,0.00019124585610140064,6.885192786825074e-06,Camera
/home/lmy/iot-device-classification/dataset/camera/round4_normal/camera_r4.pcapng,R4,168,1680.886457681656,0.996031674201562,0.0003598691196825224,0.0004978582724656975,0.003008777847360316,0.00010182055892947838,Camera
/home/lmy/iot-device-classification/dataset/camera/round4_normal/camera_r4.pcapng,R4,169,1690.887186050415,0.9996878530990466,8.767691147581315e-06,6.256915116144275e-06,0.00028700634657839415,1.0115948111435132e-05,Camera
/home/lmy/iot-device-classification/dataset/camera/round4_normal/camera_r4.pcapng,R4,170,1700.738399028778,0.9996931328105837,9.284025559507095e-06,5.985659848660074e-06,0.0002817118065898342,9.88569741817951e-06,Camera
/home/lmy/iot-device-classification/dataset/camera/round4_normal/camera_r4.pcapng,R4,171,1711.082552433014,0.9996395566248382,9.239141056972922e-06,6.99907687260281e-06,0.00033350107143698,1.0704085795182485e-05,Camera
/home/lmy/iot-device-classification/dataset/camera/round4_normal/camera_r4.pcapng,R4,172,1720.9163467884064,0.9997217295441703,7.9719700553071e-06,5.4121051849407525e-06,0.0002555288058559657,9.357574733623927e-06,Camera
/home/lmy/iot-device-classification/dataset/camera/round4_normal/camera_r4.pcapng,R4,173,1731.258343219757,0.9951280776397776,0.0005005986142854682,0.0006062079928790384,0.0036501703070270547,0.00011494544603072961,Camera
/home/lmy/iot-device-classification/dataset/camera/round4_normal/camera_r4.pcapng,R4,174,1741.268765926361,0.999788471765279,5.423900583560587e-06,3.153868007802779e-06,0.00019590492019781947,7.04554593189734e-06,Camera
/home/lmy/iot-device-classification/dataset/camera/round4_normal/camera_r4.pcapng,R4,175,1750.948284626007,0.9997440386109568,7.4044019512675665e-06,5.032886973903389e-06,0.00023463286261996697,8.891237497977819e-06,Camera
/home/lmy/iot-device-classification/dataset/camera/round4_normal/camera_r4.pcapng,R4,176,1761.0563507080078,0.9997320835151765,7.686317546424127e-06,4.747285054977884e-06,0.0002467340229700742,8.748859251931625e-06,Camera
/home/lmy/iot-device-classification/dataset/camera/round4_normal/camera_r4.pcapng,R4,177,1771.4584250450134,0.9997682658877405,6.240287297661905e-06,3.8124199770510588e-06,0.00021391982714244324,7.761577842420544e-06,Camera
/home/lmy/iot-device-classification/dataset/camera/round4_normal/camera_r4.pcapng,R4,178,1781.018567085266,0.9997600195214426,6.8387614969985804e-06,4.466095228335005e-06,0.00022031128372611966,8.364338105952645e-06,Camera
/home/lmy/iot-device-classification/dataset/camera/round4_normal/camera_r4.pcapng,R4,179,1791.630748987198,0.9997877432092709,5.392855452431234e-06,3.1831979000397117e-06,0.0001966092020704056,7.0715353062024976e-06,Camera
/home/lmy/iot-device-classification/dataset/camera/round4_normal/camera_r4.pcapng,R4,180,1801.7114555835724,0.9997324831202804,7.832901733190232e-06,4.907318067787518e-06,0.00024590019175458477,8.876468164008436e-06,Camera
/home/lmy/iot-device-classification/dataset/camera/round4_normal/camera_r4.pcapng,R4,181,1811.0077130794523,0.9997088997318128,8.533748367910757e-06,5.693463200023602e-06,0.0002673011971238378,9.571859495555548e-06,Camera
/home/lmy/iot-device-classification/dataset/camera/round4_normal/camera_r4.pcapng,R4,182,1821.8556818962095,0.992606878584983,0.0007542927596892735,0.0008328487133745361,0.005660713574360603,0.00014526636759258204,Camera
/home/lmy/iot-device-classification/dataset/camera/round4_normal/camera_r4.pcapng,R4,183,1831.778832435608,0.9997502481691176,6.568309624804503e-06,4.0969612979629295e-06,0.0002309397392080934,8.146820751658595e-06,Camera
/home/lmy/iot-device-classification/dataset/camera/round4_normal/camera_r4.pcapng,R4,184,1840.4338264465327,0.9997610886781522,6.4327939016052655e-06,3.932267374855248e-06,0.00022064275214284172,7.903508428768759e-06,Camera
/home/lmy/iot-device-classification/dataset/camera/round4_normal/camera_r4.pcapng,R4,185,1852.0124135017395,0.9997691808140007,6.120532310596482e-06,3.5976682253070305e-06,0.0002135333427693573,7.567642693989025e-06,Camera
/home/lmy/iot-device-classification/dataset/camera/round4_normal/camera_r4.pcapng,R4,186,1860.942312002182,0.9996812822872543,1.035537121889738e-05,6.7502340860940464e-06,0.0002911093992936613,1.0502708147159939e-05,Camera
/home/lmy/iot-device-classification/dataset/camera/round4_normal/camera_r4.pcapng,R4,187,1871.073964357376,0.9992570806768262,2.8362572107851155e-05,2.8614995154386336e-05,0.0006637607129610884,2.218104295035968e-05,Camera
/home/lmy/iot-device-classification/dataset/camera/round4_normal/camera_r4.pcapng,R4,188,1882.183632850647,0.9996812292862637,9.56888484627305e-06,7.204217883013456e-06,0.0002912785279008328,1.0719083106490052e-05,Camera
/home/lmy/iot-device-classification/dataset/camera/round4_normal/camera_r4.pcapng,R4,189,1892.1086654663088,0.9997185531199946,7.399199375341587e-06,5.090715263527286e-06,0.0002598691984240757,9.08776694259756e-06,Camera
/home/lmy/iot-device-classification/dataset/camera/round4_normal/camera_r4.pcapng,R4,190,1900.0018236637115,0.9997714792082777,6.206484282957138e-06,3.7961117579268558e-06,0.000210781761573711,7.736434107572131e-06,Camera
/home/lmy/iot-device-classification/dataset/camera/round4_normal/camera_r4.pcapng,R4,191,1910.622321844101,0.9995381456713847,1.553969947845784e-05,1.2379253271990375e-05,0.0004195516563371019,1.4383719527894309e-05,Camera
/home/lmy/iot-device-classification/dataset/camera/round4_normal/camera_r4.pcapng,R4,192,1920.9464619159696,0.9996994757664798,9.060326027965599e-06,6.25412436014628e-06,0.0002751899729449595,1.0019810187128856e-05,Camera
/home/lmy/iot-device-classification/dataset/camera/round4_normal/camera_r4.pcapng,R4,193,1931.13227558136,0.9995852656019433,1.3360809004602075e-05,1.1044066656715884e-05,0.00037689676692918996,1.3432755466170822e-05,Camera
/home/lmy/iot-device-classification/dataset/camera/round4_normal/camera_r4.pcapng,R4,194,1942.0236287117004,0.9996988013872817,9.087257833954854e-06,5.701499928189245e-06,0.0002767513557726113,9.658499183687826e-06,Camera
/home/lmy/iot-device-classification/dataset/camera/round4_normal/camera_r4.pcapng,R4,195,1952.64719748497,0.9982691915058036,5.9321112359992794e-05,8.050948035242588e-05,0.0015520791500463467,3.8898751437632434e-05,Camera
/home/lmy/iot-device-classification/dataset/camera/round4_normal/camera_r4.pcapng,R4,196,1961.164702653885,0.999756925644523,6.958989719165213e-06,4.512479741929118e-06,0.00022318191273431215,8.420973281417634e-06,Camera
/home/lmy/iot-device-classification/dataset/camera/round4_normal/camera_r4.pcapng,R4,197,1972.1851382255556,0.9997477901511368,6.942821288348609e-06,4.165410029178169e-06,0.00023291990897072478,8.18170857496394e-06,Camera
/home/lmy/iot-device-classification/dataset/camera/round4_normal/camera_r4.pcapng,R4,198,1981.5430240631104,0.9997481231420919,7.051684200737985e-06,4.248434773956304e-06,0.00023232069320289428,8.256045730343246e-06,Camera
/home/lmy/iot-device-classification/dataset/camera/round4_normal/camera_r4.pcapng,R4,199,1991.193958759308,0.9995699986540133,1.536076509072439e-05,1.2951349389015375e-05,0.00038716507487512587,1.4524156631799997e-05,Camera
/home/lmy/iot-device-classification/dataset/camera/round4_normal/camera_r4.pcapng,R4,200,2002.968757867813,0.9997913614002686,5.195562564220236e-06,2.9717755583177315e-06,0.0001936251988522533,6.846062756756225e-06,Camera
/home/lmy/iot-device-classification/dataset/camera/round4_normal/camera_r4.pcapng,R4,201,2012.7438747882843,0.9997863161549416,5.4939628958574184e-06,3.2218220398722002e-06,0.00019779261510461798,7.175445018225391e-06,Camera
/home/lmy/iot-device-classification/dataset/camera/round4_normal/camera_r4.pcapng,R4,202,2021.2271151542664,0.9998002415504934,5.05673842409983e-06,2.9513175010775017e-06,0.0001849678796059789,6.7825139755047514e-06,Camera
/home/lmy/iot-device-classification/dataset/camera/round4_normal/camera_r4.pcapng,R4,203,2031.466304063797,0.9996403008434693,1.0797290210600841e-05,7.413437152877119e-06,0.0003304045314082968,1.1083897758980876e-05,Camera
/home/lmy/iot-device-classification/dataset/camera/round4_normal/camera_r4.pcapng,R4,204,2041.865963935852,0.999739724945673,7.369692619603445e-06,4.574389238146448e-06,0.0002397671662559862,8.563806213546488e-06,Camera
/home/lmy/iot-device-classification/dataset/camera/round4_normal/camera_r4.pcapng,R4,205,2051.256545305252,0.9996423221950412,1.259934951230361e-05,1.0174031320157996e-05,0.0003221715510644689,1.2732873061707662e-05,Camera
/home/lmy/iot-device-classification/dataset/camera/round4_normal/camera_r4.pcapng,R4,206,2062.665901660919,0.9997107147375472,8.577472294173452e-06,5.44422525706718e-06,0.000265863423923345,9.400140978156263e-06,Camera
/home/lmy/iot-device-classification/dataset/camera/round4_normal/camera_r4.pcapng,R4,207,2073.3507158756256,0.9997884775090853,5.538486808571309e-06,3.265468832229052e-06,0.00019556191016657668,7.156625107315554e-06,Camera
/home/lmy/iot-device-classification/dataset/camera/round4_normal/camera_r4.pcapng,R4,208,2080.118246793747,0.9992229811003612,2.6227091377574176e-05,3.1817567717618e-05,0.0006958381439495504,2.31360965942655e-05,Camera
/home/lmy/iot-device-classification/dataset/camera/round4_normal/camera_r4.pcapng,R4,209,2091.7858526706696,0.9996281909666896,1.028791323586556e-05,7.335586720341433e-06,0.00034314338514753454,1.1042148206597338e-05,Camera
/home/lmy/iot-device-classification/dataset/camera/round4_normal/camera_r4.pcapng,R4,210,2100.1330919265747,0.9997936376728362,5.155655233603956e-06,3.0275087378331823e-06,0.0001912928485667992,6.886314625754216e-06,Camera
/home/lmy/iot-device-classification/dataset/camera/round4_normal/camera_r4.pcapng,R4,211,2111.299431562424,0.9997052820205063,9.008634148105202e-06,6.076279263164894e-06,0.0002697526179353898,9.880448146835185e-06,Camera
/home/lmy/iot-device-classification/dataset/camera/round4_normal/camera_r4.pcapng,R4,212,2122.9894664287567,0.9997430369966366,6.923774071213114e-06,4.1678397696889e-06,0.00023767231201608633,8.199077506544313e-06,Camera
/home/lmy/iot-device-classification/dataset/camera/round4_normal/camera_r4.pcapng,R4,213,2131.432522058487,0.9990642954666211,4.6964159345004395e-05,4.663130571494276e-05,0.0008133996498618473,2.8709418457256357e-05,Camera
/home/lmy/iot-device-classification/dataset/camera/round4_normal/camera_r4.pcapng,R4,214,2140.56006026268,0.999754031596259,7.192990443254164e-06,4.652102613707439e-06,0.00022556686176182917,8.556448922049412e-06,Camera
/home/lmy/iot-device-classification/dataset/camera/round4_normal/camera_r4.pcapng,R4,215,2152.1080849170685,0.9996943327078114,9.692395264508467e-06,6.266534612948436e-06,0.0002796093552191396,1.0099007092184004e-05,Camera
/home/lmy/iot-device-classification/dataset/camera/round4_normal/camera_r4.pcapng,R4,216,2163.010954856873,0.9997749012701547,5.815844213640145e-06,3.4528181781146826e-06,0.00020843510791839805,7.394959535255905e-06,Camera
/home/lmy/iot-device-classification/dataset/camera/round4_normal/camera_r4.pcapng,R4,217,2170.2015006542206,0.9997249089857614,7.962586446969705e-06,5.330375593365227e-06,0.00025257876854500194,9.219283653330305e-06,Camera
/home/lmy/iot-device-classification/dataset/camera/round4_normal/camera_r4.pcapng,R4,218,2183.047125577926,0.9995353976575788,1.7145728585595565e-05,1.3696988498215732e-05,0.000418532249277828,1.522737605939174e-05,Camera
/home/lmy/iot-device-classification/dataset/camera/round4_normal/camera_r4.pcapng,R4,219,2191.4723284244537,0.9997973484751377,5.066635040081213e-06,2.9239582118569814e-06,0.00018789324645241152,6.767685158029146e-06,Camera
/home/lmy/iot-device-classification/dataset/camera/round4_normal/camera_r4.pcapng,R4,220,2200.962524652481,0.9997857537519915,5.753015381650158e-06,3.4149524596098522e-06,0.0001977600556746387,7.3182244925166215e-06,Camera
/home/lmy/iot-device-classification/dataset/camera/round4_normal/camera_r4.pcapng,R4,221,2213.372812747956,0.9860532158107742,0.0008500741469417031,0.0013226919110807835,0.011570292625915067,0.00020372550528825368,Camera
/home/lmy/iot-device-classification/dataset/camera/round4_normal/camera_r4.pcapng,R4,222,2222.83327627182,0.9997478089476486,6.815313582275766e-06,4.1333213042619094e-06,0.00023303305514920167,8.209362315689062e-06,Camera
/home/lmy/iot-device-classification/dataset/camera/round4_normal/camera_r4.pcapng,R4,223,2230.5331044197083,0.9997760740699135,5.676007809450424e-06,3.5305466337790077e-06,0.00020727437281343965,7.4450028296250915e-06,Camera
/home/lmy/iot-device-classification/dataset/camera/round4_normal/camera_r4.pcapng,R4,224,2241.553969144821,0.9996823608339309,1.0550681260717046e-05,6.733255428428693e-06,0.0002898471178023217,1.0508111577516142e-05,Camera
/home/lmy/iot-device-classification/dataset/camera/round4_normal/camera_r4.pcapng,R4,225,2250.0171060562134,0.9997451115021728,7.289862062893326e-06,4.3798351761751585e-06,0.00023482941388474582,8.38938670318446e-06,Camera
/home/lmy/iot-device-classification/dataset/camera/round4_normal/camera_r4.pcapng,R4,226,2260.02427482605,0.9997043767473183,8.674724535399933e-06,6.041058697129948e-06,0.0002710009185602096,9.906550888861217e-06,Camera
/home/lmy/iot-device-classification/dataset/camera/round4_normal/camera_r4.pcapng,R4,227,2273.3752958774567,0.9993679773923431,2.6613115540337467e-05,2.149704120278653e-05,0.0005645733631851138,1.9339087728918875e-05,Camera
/home/lmy/iot-device-classification/dataset/camera/round4_normal/camera_r4.pcapng,R4,228,2283.155061483383,0.9997179404868477,8.43039547824303e-06,5.262148858125414e-06,0.00025906248407165744,9.304484744339137e-06,Camera
/home/lmy/iot-device-classification/dataset/camera/round4_normal/camera_r4.pcapng,R4,229,2290.906012058258,0.999748462687808,7.015071680853771e-06,4.602905871505943e-06,0.00023139563068863274,8.52370395113797e-06,Camera
/home/lmy/iot-device-classification/dataset/camera/round4_normal/camera_r4.pcapng,R4,230,2303.953141450882,0.9997483363089883,7.2622332121159735e-06,4.367327764631292e-06,0.00023166442540806885,8.369704626837385e-06,Camera
/home/lmy/iot-device-classification/dataset/camera/round4_normal/camera_r4.pcapng,R4,231,2312.274491548538,0.9390524671211123,0.011639833458379843,0.01258401580626511,0.03601307246798336,0.0007106111462593166,Camera
/home/lmy/iot-device-classification/dataset/camera/round4_normal/camera_r4.pcapng,R4,232,2320.4271018505096,0.9997952014621743,5.321035919587525e-06,3.075073359163299e-06,0.00018946216110810559,6.940267438871411e-06,Camera
/home/lmy/iot-device-classification/dataset/camera/round4_normal/camera_r4.pcapng,R4,233,2334.880681037903,0.9997855707210844,5.523819955557396e-06,3.189006715612689e-06,0.0001986192702030296,7.097182041307793e-06,Camera
/home/lmy/iot-device-classification/dataset/camera/round4_normal/camera_r4.pcapng,R4,234,2340.660323858261,0.9997726185128591,5.955828891750134e-06,3.4582536104239e-06,0.00021054629181062738,7.4211128279574115e-06,Camera
/home/lmy/iot-device-classification/dataset/camera/round4_normal/camera_r4.pcapng,R4,235,2351.2688562870026,0.9997495330339076,7.169344378419501e-06,4.6529621999134776e-06,0.00023007270993637485,8.57194957749212e-06,Camera
/home/lmy/iot-device-classification/dataset/camera/round4_normal/camera_r4.pcapng,R4,236,2363.378496646881,0.994489555293082,0.0004828329672436197,0.0006965406407227032,0.00420654466858379,0.00012452643036786132,Camera
/home/lmy/iot-device-classification/dataset/camera/round4_normal/camera_r4.pcapng,R4,237,2372.591267108917,0.9997026583055428,8.994496623378215e-06,5.7964345853659924e-06,0.0002728497699225543,9.700993325991634e-06,Camera
/home/lmy/iot-device-classification/dataset/camera/round4_normal/camera_r4.pcapng,R4,238,2380.169554710388,0.9997955673237873,5.270453189264502e-06,2.987499894979945e-06,0.00018932102428591098,6.8536988425498175e-06,Camera
/home/lmy/iot-device-classification/dataset/camera/round4_normal/camera_r4.pcapng,R4,239,2393.37699842453,0.9997399481282758,7.309422827508441e-06,4.449001398845396e-06,0.0002398302046067238,8.46324289115569e-06,Camera
/home/lmy/iot-device-classification/dataset/camera/round4_normal/camera_r4.pcapng,R4,240,2403.344393968582,0.9936423243197551,0.000662945033221924,0.0009174365719233493,0.004636262257394878,0.00014103181770469878,Camera
/home/lmy/iot-device-classification/dataset/camera/round4_normal/camera_r4.pcapng,R4,241,2411.0389528274536,0.9997495108323017,7.3190645568566685e-06,4.816475881220127e-06,0.00022964732391652655,8.706303343579824e-06,Camera
/home/lmy/iot-device-classification/dataset/camera/round4_normal/camera_r4.pcapng,R4,242,2420.388708591461,0.9997448321032164,7.175539473910573e-06,4.2930016992763264e-06,0.00023538671693478603,8.312638675704118e-06,Camera
/home/lmy/iot-device-classification/dataset/camera/round4_normal/camera_r4.pcapng,R4,243,2432.88086605072,0.9997060223463357,8.676368749274247e-06,5.552025429352314e-06,0.00027025156637714847,9.497693108685562e-06,Camera
/home/lmy/iot-device-classification/dataset/camera/round4_normal/camera_r4.pcapng,R4,244,2441.239235162735,0.999772451662327,6.041671081953174e-06,3.7034358329157205e-06,0.00021010649328328875,7.69673747496229e-06,Camera
/home/lmy/iot-device-classification/dataset/camera/round4_normal/camera_r4.pcapng,R4,245,2453.333186388016,0.995833509759901,0.00036745393311056663,0.00044771059292186084,0.0032523546100083397,9.897110405819981e-05,Camera
/home/lmy/iot-device-classification/dataset/camera/round4_normal/camera_r4.pcapng,R4,246,2460.6930615901947,0.9997402907369423,7.4501357323564735e-06,4.599405235210427e-06,0.000239071882136792,8.587839953669677e-06,Camera
/home/lmy/iot-device-classification/dataset/camera/round4_normal/camera_r4.pcapng,R4,247,2471.544754266739,0.9997366697567577,7.846963377512771e-06,5.328550328401588e-06,0.00024098548575017555,9.169243786130646e-06,Camera
/home/lmy/iot-device-classification/dataset/camera/round4_normal/camera_r4.pcapng,R4,248,2484.5124764442444,0.9997270605553301,7.882006990342086e-06,5.052212631333785e-06,0.00025100034305378804,9.004881994647904e-06,Camera
/home/lmy/iot-device-classification/dataset/camera/round4_normal/camera_r4.pcapng,R4,249,2493.1801040172577,0.9809272580973905,0.0026167569201437954,0.004588548022921428,0.011523309342084948,0.0003441276174594461,Camera
/home/lmy/iot-device-classification/dataset/camera/round4_normal/camera_r4.pcapng,R4,250,2500.920788526535,0.9997839965422884,5.598989098588112e-06,3.4101640123013793e-06,0.00019968869971382942,7.305604886794001e-06,Camera
/home/lmy/iot-device-classification/dataset/camera/round4_normal/camera_r4.pcapng,R4,251,2513.5595660209656,0.999530099446974,1.8320001203058107e-05,1.3404372780685853e-05,0.00042299456317264344,1.5181615869569006e-05,Camera
/home/lmy/iot-device-classification/dataset/camera/round4_normal/camera_r4.pcapng,R4,252,2524.3697531223297,0.9993857514851691,2.420838836741342e-05,2.442689141429051e-05,0.0005451455135593653,2.046772148977049e-05,Camera
/home/lmy/iot-device-classification/dataset/camera/round4_normal/camera_r4.pcapng,R4,253,2531.488832473755,0.9997278802231213,7.901564211712469e-06,5.429965503124241e-06,0.0002495151685772497,9.273078586577774e-06,Camera
/home/lmy/iot-device-classification/dataset/camera/round4_normal/camera_r4.pcapng,R4,254,2540.671995639801,0.9994487189253205,2.453633134236344e-05,1.8883739299301803e-05,0.000489887790434091,1.7973213603719326e-05,Camera
/home/lmy/iot-device-classification/dataset/camera/round4_normal/camera_r4.pcapng,R4,255,2553.483501911164,0.9997105993757014,8.615111761930066e-06,5.5184615960518424e-06,0.00026581155664028835,9.455494300391593e-06,Camera
/home/lmy/iot-device-classification/dataset/camera/round4_normal/camera_r4.pcapng,R4,256,2561.718853473664,0.9997724936222915,6.235836289319265e-06,3.758738307517356e-06,0.00020980899049149416,7.702812620110484e-06,Camera
/home/lmy/iot-device-classification/dataset/camera/round4_normal/camera_r4.pcapng,R4,257,2574.279573202133,0.9997100153946816,8.666112741066892e-06,5.6071375366521636e-06,0.00026618915167846906,9.522203362184576e-06,Camera
/home/lmy/iot-device-classification/dataset/camera/round4_normal/camera_r4.pcapng,R4,258,2581.4659345149994,0.9996722411043905,1.0388550387054218e-05,6.620001972455388e-06,0.00030029666310764884,1.0453680142628261e-05,Camera
/home/lmy/iot-device-classification/dataset/camera/round4_normal/camera_r4.pcapng,R4,259,2591.6336030960083,0.9997217479877917,8.366173976053952e-06,5.607884027238135e-06,0.0002548204288008782,9.457525404206732e-06,Camera
/home/lmy/iot-device-classification/dataset/camera/round4_normal/camera_r4.pcapng,R4,260,2605.171374320984,0.9997818467848356,5.733216231156149e-06,3.4155624619086458e-06,0.00020167375974773343,7.3306767236100945e-06,Camera
/home/lmy/iot-device-classification/dataset/camera/round4_normal/camera_r4.pcapng,R4,261,2613.793424844742,0.9997402987869469,7.424469252468304e-06,4.5367876687053464e-06,0.0002392002377009864,8.53971843089727e-06,Camera
/home/lmy/iot-device-classification/dataset/camera/round4_normal/camera_r4.pcapng,R4,262,2621.662795066833,0.9997859226889808,5.726344826358951e-06,3.3663131991445813e-06,0.00019771161446990052,7.273038523746243e-06,Camera
/home/lmy/iot-device-classification/dataset/camera/round4_normal/camera_r4.pcapng,R4,263,2633.295604467392,0.9997452219272429,7.438481237619596e-06,4.5318161185926425e-06,0.0002342895177566437,8.518257644064958e-06,Camera
/home/lmy/iot-device-classification/dataset/camera/round4_normal/camera_r4.pcapng,R4,264,2644.98943567276,0.9997448475998679,7.1755693146902165e-06,4.720217509246681e-06,0.0002346183215171887,8.63829179115194e-06,Camera
/home/lmy/iot-device-classification/dataset/camera/round4_normal/camera_r4.pcapng,R4,265,2651.6771519184117,0.99970857930735,9.622795238564895e-06,6.90588631004824e-06,0.0002644447843051684,1.0447226796214464e-05,Camera
/home/lmy/iot-device-classification/dataset/camera/round4_normal/camera_r4.pcapng,R4,266,2663.720027923584,0.9997572744457693,6.4809242365148735e-06,3.954820813196757e-06,0.00022435058149460367,7.939227686299164e-06,Camera
/home/lmy/iot-device-classification/dataset/camera/round4_normal/camera_r4.pcapng,R4,267,2672.0125160217285,0.9985387787027601,9.621702236357168e-05,9.211616097823737e-05,0.0012311616235430567,4.172649035478338e-05,Camera
/home/lmy/iot-device-classification/dataset/camera/round4_normal/camera_r4.pcapng,R4,268,2681.6812314987183,0.999778678453134,5.865382938601584e-06,3.502914240913425e-06,0.0002045230787839186,7.43017090274969e-06,Camera
/home/lmy/iot-device-classification/dataset/camera/round4_normal/camera_r4.pcapng,R4,269,2694.904849290848,0.9996920228656743,9.425224198651608e-06,6.254333068030449e-06,0.0002822193063141587,1.007827074492507e-05,Camera
/home/lmy/iot-device-classification/dataset/camera/round4_normal/camera_r4.pcapng,R4,270,2705.2584886550903,0.9997877061244079,5.39382063493904e-06,3.183527860696775e-06,0.00019664418028991342,7.072346806547521e-06,Camera
/home/lmy/iot-device-classification/dataset/camera/round4_normal/camera_r4.pcapng,R4,271,2711.690440654754,0.9997531967095511,7.124499387829609e-06,4.630722931635063e-06,0.00022650852637366503,8.539541755870768e-06,Camera
/home/lmy/iot-device-classification/dataset/camera/round4_normal/camera_r4.pcapng,R4,272,2723.0477867126465,0.9595197861108069,0.007736537139538975,0.007188635535988716,0.025110385583719873,0.00044465562994541914,Camera
/home/lmy/iot-device-classification/dataset/camera/round4_normal/camera_r4.pcapng,R4,273,2735.286093950272,0.9997907419429796,5.2720898088810246e-06,3.1039883081178826e-06,0.0001939043640464903,6.977614856584434e-06,Camera
/home/lmy/iot-device-classification/dataset/camera/round4_normal/camera_r4.pcapng,R4,274,2741.6946592330933,0.9997419774424823,7.384747822994811e-06,4.797137296109499e-06,0.00023711638453069355,8.724287867956353e-06,Camera
/home/lmy/iot-device-classification/dataset/camera/round4_normal/camera_r4.pcapng,R4,275,2755.221777677536,0.9997115314277213,8.372793264013025e-06,5.7669329960542e-06,0.00026473055038860825,9.598295630158535e-06,Camera
/home/lmy/iot-device-classification/dataset/camera/round4_normal/camera_r4.pcapng,R4,276,2763.281831979752,0.993314668765756,0.0006960768960766573,0.001112130236470384,0.004722060959826707,0.00015506314187032635,Camera
/home/lmy/iot-device-classification/dataset/camera/round4_normal/camera_r4.pcapng,R4,277,2771.7056386470795,0.9997477533806192,7.569881190262309e-06,4.847431116968479e-06,0.0002310732282764399,8.756078797272249e-06,Camera
/home/lmy/iot-device-classification/dataset/camera/round4_normal/camera_r4.pcapng,R4,278,2783.1718010902405,0.9997007918129766,9.449171980178471e-06,6.542198920607076e-06,0.0002729853899314376,1.0231426191409064e-05,Camera
/home/lmy/iot-device-classification/dataset/camera/round4_normal/camera_r4.pcapng,R4,279,2795.3425335884094,0.9997939943780098,5.2346700136989305e-06,3.087348327229894e-06,0.00019073627651776704,6.947327131552392e-06,Camera
/home/lmy/iot-device-classification/dataset/camera/round4_normal/camera_r4.pcapng,R4,280,2801.7111432552338,0.9997691993818393,6.309132326079264e-06,3.931237816126087e-06,0.00021263778726161097,7.922460756767734e-06,Camera
/home/lmy/iot-device-classification/dataset/camera/round4_normal/camera_r4.pcapng,R4,281,2813.5989820957184,0.9986985058493786,7.080599380819618e-05,7.499028675031246e-05,0.0011183051197440708,3.73927503190534e-05,Camera
/home/lmy/iot-device-classification/dataset/camera/round4_normal/camera_r4.pcapng,R4,282,2825.370608329773,0.9997935043504704,5.1789804630043655e-06,3.0709851032979724e-06,0.00019131716377938715,6.928520183936825e-06,Camera
/home/lmy/iot-device-classification/dataset/camera/round4_normal/camera_r4.pcapng,R4,283,2831.740906715393,0.9997137256187885,8.966197222007682e-06,6.18734664531074e-06,0.0002612023573417673,9.918480002662123e-06,Camera
/home/lmy/iot-device-classification/dataset/camera/round4_normal/camera_r4.pcapng,R4,284,2845.3892107009888,0.9997881457924821,5.453646167269147e-06,3.2013808243414147e-06,0.000196106182310315,7.092998215964736e-06,Camera
/home/lmy/iot-device-classification/dataset/camera/round4_normal/camera_r4.pcapng,R4,285,2851.35560965538,0.5768135478997072,0.12726726510116498,0.10526259953791114,0.1890722255790716,0.0015843618821450324,Camera
/home/lmy/iot-device-classification/dataset/camera/round4_normal/camera_r4.pcapng,R4,286,2861.770715236664,0.9997531786483641,6.862836430507662e-06,4.382504645356951e-06,0.00022725024495872176,8.325765601239082e-06,Camera
/home/lmy/iot-device-classification/dataset/camera/round4_normal/camera_r4.pcapng,R4,287,2875.416677474976,0.999767411529119,6.0783691883544195e-06,3.717580409462962e-06,0.00021512178241177432,7.67073887122455e-06,Camera
/home/lmy/iot-device-classification/dataset/camera/round4_normal/camera_r4.pcapng,R4,288,2883.3564672470093,0.9997197439843709,8.166711628239244e-06,5.161006969186996e-06,0.0002577962402860885,9.13205674550117e-06,Camera
/home/lmy/iot-device-classification/dataset/camera/round4_normal/camera_r4.pcapng,R4,289,2891.795757293701,0.9995269832775813,1.6336098492303032e-05,1.4533666710711236e-05,0.00042658916315385404,1.5557794061763815e-05,Camera
/home/lmy/iot-device-classification/dataset/camera/round4_normal/camera_r4.pcapng,R4,290,2903.2726147174835,0.057673845363295104,0.42178355447303456,0.2242506339995015,0.2955196778786217,0.0007722882855471895,Camera
/home/lmy/iot-device-classification/dataset/camera/round4_normal/camera_r4.pcapng,R4,291,2913.4360535144806,0.9997573271731126,6.3456340562367395e-06,3.819198046619238e-06,0.00022469313469162915,7.81486009296217e-06,Camera
/home/lmy/iot-device-classification/dataset/camera/round4_normal/camera_r4.pcapng,R4,292,2921.825178384781,0.9997578589075805,6.852577021215421e-06,4.318520926966356e-06,0.00022271144762004973,8.258546851416095e-06,Camera
/home/lmy/iot-device-classification/dataset/camera/round4_normal/camera_r4.pcapng,R4,293,2933.034343957901,0.9997479450502759,7.083044997983816e-06,4.30913313080344e-06,0.00023235615652464307,8.306615070652347e-06,Camera
/home/lmy/iot-device-classification/dataset/camera/round4_normal/camera_r4.pcapng,R4,294,2943.259826898575,0.9953768325293136,0.00045597676175489405,0.0005889006541377101,0.003465148766543805,0.00011314128825015018,Camera
/home/lmy/iot-device-classification/dataset/camera/round4_normal/camera_r4.pcapng,R4,295,2951.868757247925,0.9996935329275163,8.89307265338829e-06,6.133077304735585e-06,0.000281491642479728,9.949280045856692e-06,Camera
/home/lmy/iot-device-classification/dataset/camera/round4_normal/camera_r4.pcapng,R4,296,2965.50278544426,0.9997785112764588,5.892532085515315e-06,3.553605931291153e-06,0.00020456643291498944,7.476152609428859e-06,Camera
/home/lmy/iot-device-classification/dataset/camera/round4_normal/camera_r4.pcapng,R4,297,2974.698159456253,0.9992141473645043,2.6617426797230762e-05,2.7913139578092315e-05,0.000709167119749169,2.215494937118362e-05,Camera
/home/lmy/iot-device-classification/dataset/camera/round4_normal/camera_r4.pcapng,R4,298,2980.1586484909058,0.9997693035601892,6.376402828069526e-06,3.853674417539962e-06,0.00021266167331084957,7.804689254290412e-06,Camera
/home/lmy/iot-device-classification/dataset/camera/round4_normal/camera_r4.pcapng,R4,299,2993.267364025116,0.9960250383243943,0.00031232282519470393,0.00039092070723595714,0.003179261198420694,9.245694475429474e-05,Camera
/home/lmy/iot-device-classification/dataset/camera/round4_normal/camera_r4.pcapng,R4,300,3005.5431804656982,0.9997973370593943,5.066989016915565e-06,2.9241261602398464e-06,0.00018790386847709268,6.767956951521282e-06,Camera
/home/lmy/iot-device-classification/dataset/camera/round4_normal/camera_r4.pcapng,R4,301,3011.910804271698,0.9997063407778797,9.246758703336985e-06,6.23014952350026e-06,0.000268186329114837,9.9959847785885e-06,Camera
/home/lmy/iot-device-classification/dataset/camera/round4_normal/camera_r4.pcapng,R4,302,3020.023289203644,0.9995201004117341,1.6307492529514438e-05,1.2596617243585715e-05,0.00043640080716654615,1.4594671326476681e-05,Camera
/home/lmy/iot-device-classification/dataset/camera/round4_normal/camera_r4.pcapng,R4,303,3030.012945175171,0.9514179193046313,0.006964521576566684,0.023420652579621965,0.01748649680454277,0.0007104097346372823,Camera
/home/lmy/iot-device-classification/dataset/camera/round4_normal/camera_r4.pcapng,R4,304,3040.0161547660828,0.9997828687986384,5.8570304104748e-06,3.4520107204692428e-06,0.00020045164855148837,7.3705116792506655e-06,Camera
/home/lmy/iot-device-classification/dataset/camera/round4_normal/camera_r4.pcapng,R4,305,3050.1249780654907,0.9997777222716462,5.859723536494499e-06,3.5869011383200404e-06,0.00020532676514722274,7.504338532143099e-06,Camera
/home/lmy/iot-device-classification/dataset/camera/round4_normal/camera_r4.pcapng,R4,306,3060.0535526275635,0.9996758426985852,8.18156568113388e-06,6.048584121784281e-06,0.00030003793567719335,9.889215934755246e-06,Camera
/home/lmy/iot-device-classification/dataset/camera/round4_normal/camera_r4.pcapng,R4,307,3070.093208789825,0.9997569333768684,6.67665054201397e-06,4.2116552402393445e-06,0.00022401514509317477,8.163172256148388e-06,Camera
/home/lmy/iot-device-classification/dataset/camera/round4_normal/camera_r4.pcapng,R4,308,3080.2127764225006,0.9970787564234064,0.00020846452332563814,0.0003592555105398596,0.002271026071340119,8.249747138812758e-05,Camera
/home/lmy/iot-device-classification/dataset/camera/round4_normal/camera_r4.pcapng,R4,309,3090.253472805023,0.9997032676363878,9.093561250564837e-06,5.829071617029658e-06,0.0002720809246016645,9.7288061430225e-06,Camera
/home/lmy/iot-device-classification/dataset/camera/round4_normal/camera_r4.pcapng,R4,310,3100.3328034877777,0.9997756015191972,6.122742762875342e-06,3.7175206570061946e-06,0.00020691197815521917,7.64623922762439e-06,Camera
/home/lmy/iot-device-classification/dataset/camera/round4_normal/camera_r4.pcapng,R4,311,3110.3467152118683,0.9996366177846218,1.087056332616587e-05,7.9962004584179e-06,0.00033307116764764603,1.1444283946151533e-05,Camera
/home/lmy/iot-device-classification/dataset/camera/round4_normal/camera_r4.pcapng,R4,312,3120.3707110881805,0.9996373031309365,1.1222367203917577e-05,7.570493738896062e-06,0.00033268469811499905,1.1219310005720378e-05,Camera
/home/lmy/iot-device-classification/dataset/camera/round4_normal/camera_r4.pcapng,R4,313,3130.4852464199066,0.9994700869387972,1.851173894472132e-05,1.7917470600249045e-05,0.00047589738309613487,1.7586468561773438e-05,Camera
/home/lmy/iot-device-classification/dataset/camera/round4_normal/camera_r4.pcapng,R4,314,3140.5806200504303,0.9993794831468937,2.4970542795511205e-05,2.2293189526242707e-05,0.0005536142093027782,1.9638911481773847e-05,Camera
/home/lmy/iot-device-classification/dataset/camera/round4_normal/camera_r4.pcapng,R4,315,3150.670695066452,0.9989788434783647,1.7807624343274628e-05,2.1670853238404278e-05,0.000961734220351871,1.9943823701620457e-05,Camera
/home/lmy/iot-device-classification/dataset/camera/round4_normal/camera_r4.pcapng,R4,316,3160.054070711136,0.9997887160667196,5.510239205968536e-06,3.2175658495090634e-06,0.00019544548275909505,7.110645465821659e-06,Camera
/home/lmy/iot-device-classification/dataset/camera/round4_normal/camera_r4.pcapng,R4,317,3170.6206159591675,0.9997531726426759,7.005806675988937e-06,4.125554081846859e-06,0.00022755886847318502,8.137128093006693e-06,Camera
/home/lmy/iot-device-classification/dataset/camera/round4_normal/camera_r4.pcapng,R4,318,3180.160079479217,0.9997306489520634,6.8121942985564075e-06,4.4062646508826845e-06,0.000249716934796119,8.41565419113577e-06,Camera
/home/lmy/iot-device-classification/dataset/camera/round4_normal/camera_r4.pcapng,R4,319,3190.192066431045,0.9997717703222168,6.328175160646362e-06,3.92620935054154e-06,0.00021012412249848546,7.85117077359869e-06,Camera
/home/lmy/iot-device-classification/dataset/camera/round4_normal/camera_r4.pcapng,R4,320,3200.250338315964,0.9997943917032978,5.184260527503996e-06,2.999226150891521e-06,0.00019056478563152856,6.860024392525268e-06,Camera
/home/lmy/iot-device-classification/dataset/camera/round4_normal/camera_r4.pcapng,R4,321,3210.308568000793,0.9951340504256575,0.0004991876563544877,0.0007240193414953438,0.0035185027828347755,0.00012423979365781856,Camera
/home/lmy/iot-device-classification/dataset/camera/round4_normal/camera_r4.pcapng,R4,322,3220.3675286769867,0.9997818643796768,5.852946031388204e-06,3.5354619234893897e-06,0.0002013016319431946,7.44558042513124e-06,Camera
/home/lmy/iot-device-classification/dataset/camera/round4_normal/camera_r4.pcapng,R4,323,3230.3149104118347,0.9997941735367415,5.209867215264824e-06,3.0431586253255818e-06,0.0001906694670179553,6.903970399870902e-06,Camera
/home/lmy/iot-device-classification/dataset/camera/round4_normal/camera_r4.pcapng,R4,324,3240.551289319992,0.999750145370623,7.245707636133353e-06,4.254685602247128e-06,0.00023008381641540112,8.270419723099266e-06,Camera
/home/lmy/iot-device-classification/dataset/camera/round4_normal/camera_r4.pcapng,R4,325,3250.5564374923706,0.9997438474465192,7.286418596772168e-06,4.485887583497516e-06,0.00023590378121438952,8.476466086216475e-06,Camera
/home/lmy/iot-device-classification/dataset/camera/round4_normal/camera_r4.pcapng,R4,326,3260.579570055008,0.9977936213063976,0.0001680632716677166,0.0001878923895865324,0.0017899327114557747,6.04903208923214e-05,Camera
/home/lmy/iot-device-classification/dataset/camera/round4_normal/camera_r4.pcapng,R4,327,3270.635833501816,0.9997886088765701,5.3997256616184306e-06,3.109462279644214e-06,0.0001958792506987694,7.002684789789028e-06,Camera
/home/lmy/iot-device-classification/dataset/camera/round4_normal/camera_r4.pcapng,R4,328,3280.6955530643463,0.9996022693355594,1.3240027787101081e-05,1.0833020185841039e-05,0.0003602995800506793,1.3358036416939197e-05,Camera
/home/lmy/iot-device-classification/dataset/camera/round4_normal/camera_r4.pcapng,R4,329,3290.784341573715,0.9991587775047315,4.6048946492717607e-05,4.199027025160226e-05,0.0007259972615889362,2.7186016935312683e-05,Camera
/home/lmy/iot-device-classification/dataset/camera/round4_normal/camera_r4.pcapng,R4,330,3300.833862543106,0.9997997158209972,4.900999497265844e-06,2.8362171333725334e-06,0.0001858868707793079,6.660091592641944e-06,Camera
/home/lmy/iot-device-classification/dataset/camera/round4_normal/camera_r4.pcapng,R4,331,3310.8741924762726,0.9997180399163791,8.90571852040666e-06,6.155536272998654e-06,0.000257021205602399,9.877623225263741e-06,Camera
/home/lmy/iot-device-classification/dataset/camera/round4_normal/camera_r4.pcapng,R4,332,3320.9394059181213,0.9997973078000072,5.067816528411962e-06,2.9244537163227894e-06,0.00018793130013272885,6.768629615473737e-06,Camera
/home/lmy/iot-device-classification/dataset/camera/round4_normal/camera_r4.pcapng,R4,333,3331.003237724304,0.9997725209092624,6.10719963490475e-06,3.6309527215770166e-06,0.00021015787818274802,7.5830601983402075e-06,Camera
/home/lmy/iot-device-classification/dataset/camera/round4_normal/camera_r4.pcapng,R4,334,3341.05166220665,0.9997821103134303,5.823740117568599e-06,3.4841491085991632e-06,0.0002011838589216397,7.397938421817671e-06,Camera
/home/lmy/iot-device-classification/dataset/camera/round4_normal/camera_r4.pcapng,R4,335,3351.1515352725983,0.9979718244362231,0.00016585939799011997,0.0001916100268813318,0.001610296017868696,6.0410121037016184e-05,Camera
/home/lmy/iot-device-classification/dataset/camera/round4_normal/camera_r4.pcapng,R4,336,3361.1959784030914,0.9997941182374228,5.103857540726034e-06,2.9400636892062956e-06,0.00019103998566332938,6.7978556839536905e-06,Camera
/home/lmy/iot-device-classification/dataset/camera/round4_normal/camera_r4.pcapng,R4,337,3371.2304062843323,0.9996758132603782,9.297009512443507e-06,6.860909792649381e-06,0.0002975225230228377,1.0506297293978185e-05,Camera
/home/lmy/iot-device-classification/dataset/camera/round4_normal/camera_r4.pcapng,R4,338,3381.310253381729,0.9997803735112852,5.666713615558712e-06,3.4785526733191605e-06,0.00020309719523235243,7.3840271935572696e-06,Camera
/home/lmy/iot-device-classification/dataset/camera/round4_normal/camera_r4.pcapng,R4,339,3391.397966384888,0.9961722825088014,0.00033889772510384785,0.0004890629435808758,0.0028991032446806335,0.00010065357783311114,Camera
/home/lmy/iot-device-classification/dataset/camera/round4_normal/camera_r4.pcapng,R4,340,3401.4191987514496,0.9997668364829695,6.014253236912449e-06,3.6980323910664386e-06,0.00021580072501564907,7.650506386843681e-06,Camera
/home/lmy/iot-device-classification/dataset/camera/round4_normal/camera_r4.pcapng,R4,341,3411.496221065521,0.9997759340880206,5.334743054740354e-06,3.183441089791254e-06,0.00020844181248869418,7.10591534612355e-06,Camera
/home/lmy/iot-device-classification/dataset/camera/round4_normal/camera_r4.pcapng,R4,342,3421.5380976200104,0.9997032838606089,8.033014509276939e-06,5.7276312744653546e-06,0.00027338455708594985,9.570936521544842e-06,Camera
/home/lmy/iot-device-classification/dataset/camera/round4_normal/camera_r4.pcapng,R4,343,3431.6013379096985,0.9997575119062516,7.032339431701076e-06,4.536402083057061e-06,0.0002224762348243622,8.443117409219166e-06,Camera
/home/lmy/iot-device-classification/dataset/camera/round4_normal/camera_r4.pcapng,R4,344,3441.6781210899358,0.9995761540267695,1.0267757633691246e-05,8.385075825343525e-06,0.0003932968960463676,1.1896243725063534e-05,Camera
/home/lmy/iot-device-classification/dataset/camera/round4_normal/camera_r4.pcapng,R4,345,3451.726101160049,0.999765343608971,6.455999755785682e-06,3.932211564820481e-06,0.00021637760367091414,7.890576037612496e-06,Camera
/home/lmy/iot-device-classification/dataset/camera/round4_normal/camera_r4.pcapng,R4,346,3461.8228118419647,0.9998032997402132,4.918320062407265e-06,2.835997586876193e-06,0.00018229677526789673,6.649166869597977e-06,Camera
/home/lmy/iot-device-classification/dataset/camera/round4_normal/camera_r4.pcapng,R4,347,3471.8480608463287,0.999772330348283,5.625625965919711e-06,3.478867260284864e-06,0.00021115737376142067,7.407784729618088e-06,Camera
/home/lmy/iot-device-classification/dataset/camera/round4_normal/camera_r4.pcapng,R4,348,3481.48467373848,0.9996503777352495,1.1963012635649609e-05,7.523610274169716e-06,0.0003189349865195771,1.1200655321065878e-05,Camera
/home/lmy/iot-device-classification/dataset/camera/round4_normal/camera_r4.pcapng,R4,349,3491.977492809296,0.9997268640536282,8.38958893388073e-06,5.604616313853973e-06,0.00024970447968376234,9.437261440487262e-06,Camera
/home/lmy/iot-device-classification/dataset/camera/round4_normal/camera_r4.pcapng,R4,350,3502.054996728897,0.9997789146042811,5.836821062903488e-06,3.4526681304909117e-06,0.0002044129332132259,7.382973312169465e-06,Camera
/home/lmy/iot-device-classification/dataset/camera/round4_normal/camera_r4.pcapng,R4,351,3512.084768295288,0.9997097524061441,8.240938738270175e-06,5.26723893246118e-06,0.00026749103932306614,9.248376862255185e-06,Camera
/home/lmy/iot-device-classification/dataset/camera/round4_normal/camera_r4.pcapng,R4,352,3522.1432185173035,0.9980776210982838,0.00015433623243332767,0.00021833633420667039,0.0014865514313575066,6.315490371866228e-05,Camera
/home/lmy/iot-device-classification/dataset/camera/round4_normal/camera_r4.pcapng,R4,353,3530.3105132579803,0.023092154700478762,0.333195673800726,0.07639947348851243,0.5664047428316237,0.0009079551786591159,Camera
/home/lmy/iot-device-classification/dataset/camera/round4_normal/camera_r4.pcapng,R4,354,3542.2616379261017,0.9997871801647912,5.337059556802446e-06,3.1669435125942804e-06,0.0001972621469954669,7.0536851442169025e-06,Camera
/home/lmy/iot-device-classification/dataset/camera/round4_normal/camera_r4.pcapng,R4,355,3552.3110704422,0.9996821658699938,1.0452214785774176e-05,7.451712142564776e-06,0.00028899458977347224,1.093561330439778e-05,Camera
/home/lmy/iot-device-classification/dataset/camera/round4_normal/camera_r4.pcapng,R4,356,3562.360029935837,0.9997843403057961,5.432857737509395e-06,3.200948228506759e-06,0.00019992237771427593,7.103510523713398e-06,Camera
/home/lmy/iot-device-classification/dataset/camera/round4_normal/camera_r4.pcapng,R4,357,3572.616398334503,0.9996237418842996,1.1624494662776704e-05,8.116429637129584e-06,0.00034489933303416927,1.1617858366438382e-05,Camera
/home/lmy/iot-device-classification/dataset/camera/round4_normal/camera_r4.pcapng,R4,358,3582.349202394485,0.9997269773110928,8.215741198960344e-06,5.413519025703941e-06,0.0002501033415155872,9.290087166855198e-06,Camera
/home/lmy/iot-device-classification/dataset/camera/round4_normal/camera_r4.pcapng,R4,359,3590.8263852596283,0.9997724842516593,6.108233156975237e-06,3.6313901781777886e-06,0.00021019222653850494,7.5838984671211875e-06,Camera
/home/lmy/iot-device-classification/dataset/camera/round4_normal/camera_r4.pcapng,R4,360,3601.645554304123,0.9997516895864197,6.893424692177006e-06,4.1427332341115985e-06,0.00022912786990788239,8.146385746143842e-06,Camera
/home/lmy/iot-device-classification/dataset/camera/round4_normal/camera_r4.pcapng,R4,361,3612.370777845383,0.9997676345061259,6.437615805077602e-06,4.064345057492799e-06,0.00021387605164471116,7.987481366802208e-06,Camera
/home/lmy/iot-device-classification/dataset/camera/round4_normal/camera_r4.pcapng,R4,362,3620.280957460403,0.03908233470459497,0.26695692540609794,0.01274517499195867,0.6802938238272389,0.0009217410701095807,Camera
/home/lmy/iot-device-classification/dataset/camera/round4_normal/camera_r4.pcapng,R4,363,3632.275204658508,0.9781214364045473,0.0008709291172318371,0.0036310497550465742,0.017065506649192916,0.00031107807398139133,Camera
/home/lmy/iot-device-classification/dataset/camera/round4_normal/camera_r4.pcapng,R4,364,3642.400672197342,0.9915255556115797,0.0003640218961540005,0.0010429804805465548,0.006914271213156577,0.0001531707985629485,Camera
/home/lmy/iot-device-classification/dataset/camera/round4_normal/camera_r4.pcapng,R4,365,3650.181605577469,0.999678026953383,7.430763558289121e-06,5.417865765077084e-06,0.00029974182504443475,9.382592249056747e-06,Camera
/home/lmy/iot-device-classification/dataset/camera/round4_normal/camera_r4.pcapng,R4,366,3663.273211479187,0.9979753956973227,6.62325521225338e-05,9.383611986536412e-05,0.00182209927778103,4.243635290840066e-05,Camera
/home/lmy/iot-device-classification/dataset/camera/round4_normal/camera_r4.pcapng,R4,367,3672.431277036667,0.9834879985007522,0.0003976864309006574,0.0011441040795298115,0.014791711826558534,0.00017849916225893617,Camera
/home/lmy/iot-device-classification/dataset/camera/round4_normal/camera_r4.pcapng,R4,368,3680.581934452057,0.9995800414245342,8.919119407884228e-06,7.236400391755985e-06,0.0003928087507135919,1.099430495263763e-05,Camera
/home/lmy/iot-device-classification/dataset/camera/round4_normal/camera_r4.pcapng,R4,369,3693.248536348343,0.9738832579895905,0.00033791071224955997,0.0008963446052362413,0.024700583002680458,0.00018190369024303647,Camera
/home/lmy/iot-device-classification/dataset/camera/round4_normal/camera_r4.pcapng,R4,370,3702.462240457535,0.9869560158780674,0.0005813435517813494,0.001652139120370873,0.010608286325704125,0.00020221512407632148,Camera
/home/lmy/iot-device-classification/dataset/camera/round4_normal/camera_r4.pcapng,R4,371,3710.2803480625153,0.9997400020259454,6.036892107275278e-06,3.884271846341309e-06,0.00024218155973231836,7.895250368625339e-06,Camera
/home/lmy/iot-device-classification/dataset/camera/round4_normal/camera_r4.pcapng,R4,372,3724.448883533478,0.9963945950665081,0.0001743458901856313,0.000302445270460895,0.0030503561976996134,7.825757514585197e-05,Camera
/home/lmy/iot-device-classification/dataset/camera/round4_normal/camera_r4.pcapng,R4,373,3732.496464729309,0.9944264509558193,0.00014797894953586449,0.0003834985871371229,0.004947607189688582,9.446431781911218e-05,Camera
/home/lmy/iot-device-classification/dataset/camera/round4_normal/camera_r4.pcapng,R4,374,3740.940272569656,0.9991896818160345,3.075761329492487e-05,3.5994550609076834e-05,0.0007188659028611619,2.470011720035928e-05,Camera
/home/lmy/iot-device-classification/dataset/camera/round4_normal/camera_r4.pcapng,R4,375,3750.5577368736263,0.9942186956473168,0.0002562898902476109,0.0006230110416009726,0.004789368756168811,0.00011263466466580288,Camera
/home/lmy/iot-device-classification/dataset/camera/round4_normal/camera_r4.pcapng,R4,376,3762.5239808559418,0.998116769355961,9.544629870393991e-05,0.00013428621559027348,0.0016035664337542893,4.993169599023395e-05,Camera
/home/lmy/iot-device-classification/dataset/camera/round4_normal/camera_r4.pcapng,R4,377,3770.697746276856,0.9997455274903101,6.094110322852201e-06,3.848464371553156e-06,0.00023667604427593826,7.853890719527452e-06,Camera
/home/lmy/iot-device-classification/dataset/camera/round4_normal/camera_r4.pcapng,R4,378,3782.6841435432434,0.9666772413465697,0.000579864241647865,0.002147025755941535,0.03034271045242806,0.0002531582034129771,Camera
/home/lmy/iot-device-classification/dataset/camera/round4_normal/camera_r4.pcapng,R4,379,3792.5440344810486,0.9934352094820939,0.00029773686420889287,0.0006060433359908851,0.005539644341315011,0.00012136597639153016,Camera
/home/lmy/iot-device-classification/dataset/camera/round4_normal/camera_r4.pcapng,R4,380,3801.356687545776,0.9994317471076994,1.0853009481414727e-05,1.000426767350733e-05,0.0005342680993909448,1.3127515754710795e-05,Camera
/home/lmy/iot-device-classification/dataset/camera/round4_normal/camera_r4.pcapng,R4,381,3813.882330656052,0.9987959616791712,2.7092486289007476e-05,3.6801265559904926e-05,0.001114128007740609,2.601656123917826e-05,Camera
/home/lmy/iot-device-classification/dataset/camera/round4_normal/camera_r4.pcapng,R4,382,3822.572818517685,0.9981784609871698,6.743736534237918e-05,9.80240003583859e-05,0.0016132816907465618,4.2795956382780255e-05,Camera
/home/lmy/iot-device-classification/dataset/camera/round4_normal/camera_r4.pcapng,R4,383,3831.104578733444,0.9992542321581546,1.8394671293392622e-05,1.9857408536619803e-05,0.0006888324958154086,1.8683266200108967e-05,Camera
/home/lmy/iot-device-classification/dataset/camera/round4_normal/camera_r4.pcapng,R4,384,3843.0026099681854,0.04378263666450707,0.4507197850152272,0.024721392157677845,0.47969986193654673,0.001076324226041151,Camera
/home/lmy/iot-device-classification/dataset/camera/round4_normal/camera_r4.pcapng,R4,385,3852.601934671402,0.9957948813321461,0.00012286472768589872,0.00022741392490143003,0.0037838220107526883,7.101800451408071e-05,Camera
/home/lmy/iot-device-classification/dataset/camera/round4_normal/camera_r4.pcapng,R4,386,3861.743215084076,0.9995031153661504,1.0319147048207145e-05,9.27316426710942e-06,0.00046478535240048374,1.2506970133711488e-05,Camera
/home/lmy/iot-device-classification/dataset/camera/round4_normal/camera_r4.pcapng,R4,387,3874.201101541519,0.9805970980398396,0.0012337306487436202,0.004092319352272569,0.013736601592647746,0.0003402503664964531,Camera
/home/lmy/iot-device-classification/dataset/camera/round4_normal/camera_r4.pcapng,R4,388,3882.6284408569336,0.9910942826649395,0.0004068813147161582,0.0007457669320248908,0.007609250600832982,0.00014381848748659833,Camera
/home/lmy/iot-device-classification/dataset/camera/round4_normal/camera_r4.pcapng,R4,389,3891.521728038788,0.9995404405827625,1.06475114952211e-05,9.237822346277764e-06,0.0004272566429340853,1.2417440461737394e-05,Camera
/home/lmy/iot-device-classification/dataset/light_T1/round4_normal/light_T1_r4.pcapng,R4,0,0.0,0.03355922077712052,0.31061156519899646,0.3721721272273251,0.28293935028309836,0.000717736513459661,Light_T1
/home/lmy/iot-device-classification/dataset/light_T1/round4_normal/light_T1_r4.pcapng,R4,1,10.079314708709717,0.01734915344564849,0.48932289988845273,0.29577499123079487,0.1970206053934519,0.0005323500416519784,Light_T1
/home/lmy/iot-device-classification/dataset/light_T1/round4_normal/light_T1_r4.pcapng,R4,2,20.131269931793213,0.015749349298075418,0.5281456180089058,0.29504603142239477,0.16060344242903257,0.000455558841591501,Light_T1
/home/lmy/iot-device-classification/dataset/light_T1/round4_normal/light_T1_r4.pcapng,R4,3,30.20003914833069,0.02419476190626052,0.30100269525915563,0.3984647492239804,0.2756446934895925,0.0006931001210110385,Light_T1
/home/lmy/iot-device-classification/dataset/light_T1/round4_normal/light_T1_r4.pcapng,R4,4,40.24841928482056,0.002279084673888582,0.5685997944960219,0.178994748272349,0.24950222823856238,0.000624144319178066,Light_T1
/home/lmy/iot-device-classification/dataset/light_T1/round4_normal/light_T1_r4.pcapng,R4,5,50.36168551445007,0.018597564819176345,0.517659620439372,0.25083976645629746,0.2123676720917234,0.0005353761934307367,Light_T1
/home/lmy/iot-device-classification/dataset/light_T1/round4_normal/light_T1_r4.pcapng,R4,6,60.31658029556274,0.02272190951895806,0.4591659639039639,0.3002645509217887,0.21731161738744217,0.0005359582678472113,Light_T1
/home/lmy/iot-device-classification/dataset/light_T1/round4_normal/light_T1_r4.pcapng,R4,7,70.56429052352905,0.023607904056495353,0.35892929976756943,0.30660897721120306,0.3101424595894354,0.0007113593752968,Light_T1
/home/lmy/iot-device-classification/dataset/light_T1/round4_normal/light_T1_r4.pcapng,R4,8,80.44272804260254,0.015114445246718755,0.5876562281429664,0.2439655849650641,0.15284750595276023,0.00041623569249065644,Light_T1
/home/lmy/iot-device-classification/dataset/light_T1/round4_normal/light_T1_r4.pcapng,R4,9,90.54593348503111,0.026823527698607495,0.2432362901699041,0.375677977356492,0.3536097065174993,0.0006524982574971952,Light_T1
/home/lmy/iot-device-classification/dataset/light_T1/round4_normal/light_T1_r4.pcapng,R4,10,100.61919689178468,0.014043433056361203,0.14425918272767801,0.052369991950097325,0.7882987821620768,0.0010286101037866242,Light_T1
/home/lmy/iot-device-classification/dataset/light_T1/round4_normal/light_T1_r4.pcapng,R4,11,110.6578049659729,0.00984283755863521,0.5030930819245667,0.30110501604583356,0.18545199684946156,0.0005070676215028848,Light_T1
/home/lmy/iot-device-classification/dataset/light_T1/round4_normal/light_T1_r4.pcapng,R4,12,120.7129557132721,0.006878539598966046,0.3746051389648111,0.5121090223367428,0.10596708391441428,0.00044021518506566964,Light_T1
/home/lmy/iot-device-classification/dataset/light_T1/round4_normal/light_T1_r4.pcapng,R4,13,130.79607629776,0.01896132561253795,0.23938148367631096,0.07430061832111343,0.6665976522303552,0.0007589201596825256,Light_T1
/home/lmy/iot-device-classification/dataset/light_T1/round4_normal/light_T1_r4.pcapng,R4,14,140.8833611011505,0.029847315234399905,0.3953291602869289,0.28105475939334756,0.29316364550276625,0.0006051195825573957,Light_T1
/home/lmy/iot-device-classification/dataset/light_T1/round4_normal/light_T1_r4.pcapng,R4,15,151.61631321907043,0.07227706161836964,0.3151617013380306,0.2626448050839894,0.34900334661603344,0.0009130853435769164,Light_T1
/home/lmy/iot-device-classification/dataset/light_T1/round4_normal/light_T1_r4.pcapng,R4,16,161.0223491191864,0.023447566489467588,0.30638425905796823,0.3231316413325171,0.346450445517985,0.0005860876020622085,Light_T1
/home/lmy/iot-device-classification/dataset/light_T1/round4_normal/light_T1_r4.pcapng,R4,17,171.0658459663391,0.03188625480915785,0.32378558029820204,0.35178374595122,0.29181760817490987,0.0007268107665102391,Light_T1
/home/lmy/iot-device-classification/dataset/light_T1/round4_normal/light_T1_r4.pcapng,R4,18,180.7350730895996,0.016691844724873825,0.5245418306398146,0.28349183193824906,0.1748167508773559,0.00045774181970664003,Light_T1
/home/lmy/iot-device-classification/dataset/light_T1/round4_normal/light_T1_r4.pcapng,R4,19,191.13447761535645,0.011409639105360985,0.5984592062194565,0.23488549722001778,0.15473952871839644,0.0005061287367683801,Light_T1
/home/lmy/iot-device-classification/dataset/light_T1/round4_normal/light_T1_r4.pcapng,R4,20,201.2707512378693,0.015246550750196472,0.42786421858642854,0.3622048468585179,0.19415704436912692,0.0005273394357302596,Light_T1
/home/lmy/iot-device-classification/dataset/light_T1/round4_normal/light_T1_r4.pcapng,R4,21,211.01904916763303,0.015404719093305983,0.5762410377741026,0.26630049030104097,0.1416280956922726,0.0004256571392778719,Light_T1
/home/lmy/iot-device-classification/dataset/light_T1/round4_normal/light_T1_r4.pcapng,R4,22,221.385240316391,0.0005445870948931686,0.337087029422194,0.4226061729884284,0.2390486829506379,0.0007135275438466472,Light_T1
/home/lmy/iot-device-classification/dataset/light_T1/round4_normal/light_T1_r4.pcapng,R4,23,231.0843496322632,0.013799289808930661,0.5661119012195147,0.23107636212720936,0.18854940956961844,0.0004630372747269026,Light_T1
/home/lmy/iot-device-classification/dataset/light_T1/round4_normal/light_T1_r4.pcapng,R4,24,241.05284118652344,0.014252002511169733,0.6111658398044804,0.19203578744990027,0.18209791949887064,0.0004484507355789562,Light_T1
/home/lmy/iot-device-classification/dataset/light_T1/round4_normal/light_T1_r4.pcapng,R4,25,251.57706713676453,0.008470993737839168,0.23249875577597343,0.04933602061152136,0.7089482764584711,0.0007459534161949743,Light_T1
/home/lmy/iot-device-classification/dataset/light_T1/round4_normal/light_T1_r4.pcapng,R4,26,261.6641192436218,0.020841834159032582,0.4179711661997816,0.11267530286102428,0.4479641567313773,0.0005475400487842499,Light_T1
/home/lmy/iot-device-classification/dataset/light_T1/round4_normal/light_T1_r4.pcapng,R4,27,271.0170454978943,0.022392186727824174,0.39295283700834766,0.28915699374598475,0.29487251676944,0.0006254657484035959,Light_T1
/home/lmy/iot-device-classification/dataset/light_T1/round4_normal/light_T1_r4.pcapng,R4,28,281.75425243377686,0.019118540961334154,0.34863408524282213,0.042303428508040246,0.5891295077840705,0.0008144375037329855,Light_T1
/home/lmy/iot-device-classification/dataset/light_T1/round4_normal/light_T1_r4.pcapng,R4,29,290.9716362953186,0.013952111039050299,0.2899127124944874,0.461224948548974,0.23423657534703116,0.0006736525704572959,Light_T1
/home/lmy/iot-device-classification/dataset/light_T1/round4_normal/light_T1_r4.pcapng,R4,30,301.95521569252014,0.016806603678908794,0.5328724939422346,0.28253706647362176,0.16732897684692077,0.0004548590583142716,Light_T1
/home/lmy/iot-device-classification/dataset/light_T1/round4_normal/light_T1_r4.pcapng,R4,31,311.77131032943726,0.014769118920151817,0.6495987808039586,0.05628841410183491,0.2785243678027297,0.0008193183713248069,Light_T1
/home/lmy/iot-device-classification/dataset/light_T1/round4_normal/light_T1_r4.pcapng,R4,32,321.03260016441345,0.02105619929015905,0.5722309314257915,0.2378081121989338,0.16843436116550645,0.00047039591960911414,Light_T1
/home/lmy/iot-device-classification/dataset/light_T1/round4_normal/light_T1_r4.pcapng,R4,33,331.0220232009888,0.031132736429300104,0.42633685136670824,0.2731448957616159,0.26861922773581165,0.0007662887065639945,Light_T1
/home/lmy/iot-device-classification/dataset/light_T1/round4_normal/light_T1_r4.pcapng,R4,34,340.8902859687805,0.020282423947605963,0.40411766531326787,0.04440325667881071,0.530329236161839,0.0008674178984763704,Light_T1
/home/lmy/iot-device-classification/dataset/light_T1/round4_normal/light_T1_r4.pcapng,R4,35,352.18086671829224,0.013343678445172369,0.5451619364505664,0.2759568096956704,0.16509510962500676,0.00044246578358400304,Light_T1
/home/lmy/iot-device-classification/dataset/light_T1/round4_normal/light_T1_r4.pcapng,R4,36,361.0133843421936,0.01734204520523802,0.5327799769114151,0.2893060033013604,0.16010717867589586,0.00046479590609077256,Light_T1
/home/lmy/iot-device-classification/dataset/light_T1/round4_normal/light_T1_r4.pcapng,R4,37,372.1084620952606,0.02690065757048055,0.37641744413256245,0.03417813134868582,0.5616564192389925,0.0008473477092788706,Light_T1
/home/lmy/iot-device-classification/dataset/light_T1/round4_normal/light_T1_r4.pcapng,R4,38,382.3969717025757,0.079915007111729,0.2986554480660901,0.21132461948564474,0.40922920069343527,0.000875724643100782,Light_T1
/home/lmy/iot-device-classification/dataset/light_T1/round4_normal/light_T1_r4.pcapng,R4,39,392.45766615867615,0.01596514785067845,0.533530079406948,0.27884187610381755,0.17121570640611894,0.0004471902324372218,Light_T1
/home/lmy/iot-device-classification/dataset/light_T1/round4_normal/light_T1_r4.pcapng,R4,40,402.1164181232453,0.004155831084661676,0.46616393713400517,0.19962942922530558,0.3291064359740944,0.0009443665819332807,Light_T1
/home/lmy/iot-device-classification/dataset/light_T1/round4_normal/light_T1_r4.pcapng,R4,41,411.0248410701752,0.017216530713674082,0.5640804966357238,0.24326639949108442,0.17497120756934395,0.00046536559017377224,Light_T1
/home/lmy/iot-device-classification/dataset/light_T1/round4_normal/light_T1_r4.pcapng,R4,42,422.00811886787415,0.020914582986360147,0.6664429711860963,0.22233716313365726,0.0893984673230453,0.0009068153708408454,Light_T1
/home/lmy/iot-device-classification/dataset/light_T1/round4_normal/light_T1_r4.pcapng,R4,43,432.1288411617279,0.012458159826974867,0.31358693112685293,0.45651962664535,0.2168811874792663,0.0005540949215559059,Light_T1
/home/lmy/iot-device-classification/dataset/light_T1/round4_normal/light_T1_r4.pcapng,R4,44,442.8069937229157,0.014045490013440161,0.5883811847748476,0.25494472779807925,0.14222421705414534,0.00040438035948766747,Light_T1
/home/lmy/iot-device-classification/dataset/light_T1/round4_normal/light_T1_r4.pcapng,R4,45,450.99834847450256,0.03138529614535973,0.37862361064538014,0.052965296579431435,0.5361001890566731,0.0009256075731555475,Light_T1
/home/lmy/iot-device-classification/dataset/light_T1/round4_normal/light_T1_r4.pcapng,R4,46,462.2126727104187,0.0017089079606113918,0.2603388472222806,0.4607952968783953,0.27632736681398046,0.0008295811247320819,Light_T1
/home/lmy/iot-device-classification/dataset/light_T1/round4_normal/light_T1_r4.pcapng,R4,47,473.12306094169617,0.01976733974115111,0.4930496049916468,0.2700569465010344,0.21662181520506246,0.0005042935611052789,Light_T1
/home/lmy/iot-device-classification/dataset/light_T1/round4_normal/light_T1_r4.pcapng,R4,48,482.33034563064575,0.01409802066739277,0.5870397723115258,0.256598064210355,0.14186001782019356,0.0004041249905326976,Light_T1
/home/lmy/iot-device-classification/dataset/light_T1/round4_normal/light_T1_r4.pcapng,R4,49,492.17476749420166,0.0004918327901975101,0.28665204033110825,0.557589062562592,0.15455755389617296,0.0007095104199291958,Light_T1
/home/lmy/iot-device-classification/dataset/light_T1/round4_normal/light_T1_r4.pcapng,R4,50,501.0324423313141,0.019983788431482054,0.5571911442977975,0.22481936685632686,0.19750898409610593,0.0004967163182874893,Light_T1
/home/lmy/iot-device-classification/dataset/light_T1/round4_normal/light_T1_r4.pcapng,R4,51,511.4673659801483,0.014064115349691647,0.3986610880452177,0.3734847400756705,0.21315040428352558,0.0006396522458945831,Light_T1
/home/lmy/iot-device-classification/dataset/light_T1/round4_normal/light_T1_r4.pcapng,R4,52,522.1880707740784,0.001750895905761825,0.36710514498314606,0.49590910960826107,0.1346231255665357,0.0006117239362954127,Light_T1
/home/lmy/iot-device-classification/dataset/light_T1/round4_normal/light_T1_r4.pcapng,R4,53,533.4098076820374,0.00019589385669042567,0.17765532536256265,0.7561047823897868,0.0655755063461036,0.00046849204485632356,Light_T1
/home/lmy/iot-device-classification/dataset/light_T1/round4_normal/light_T1_r4.pcapng,R4,54,541.0144898891449,0.024252126234444726,0.3813759419706613,0.32103709968473837,0.272754026555509,0.0005808055546464886,Light_T1
/home/lmy/iot-device-classification/dataset/light_T1/round4_normal/light_T1_r4.pcapng,R4,55,552.2436652183533,0.001640101741605224,0.26675250763709196,0.348707664494983,0.38198530906581735,0.0009144170605024087,Light_T1
/home/lmy/iot-device-classification/dataset/light_T1/round4_normal/light_T1_r4.pcapng,R4,56,561.3874213695526,0.00014146424666769864,0.24589998419076817,0.7443213821035864,0.009390760126899203,0.00024640933207837446,Light_T1
/home/lmy/iot-device-classification/dataset/light_T1/round4_normal/light_T1_r4.pcapng,R4,57,571.0199210643768,0.012237552640348415,0.5543478187607896,0.21876223432171857,0.2141751613812713,0.0004772328958721503,Light_T1
/home/lmy/iot-device-classification/dataset/light_T1/round4_normal/light_T1_r4.pcapng,R4,58,582.1916120052338,0.005161504681381462,0.8091200404749761,0.10276743869453323,0.08254420641877336,0.00040680973033583933,Light_T1
/home/lmy/iot-device-classification/dataset/light_T1/round4_normal/light_T1_r4.pcapng,R4,59,591.0508360862732,0.013276149587391666,0.6126500090981305,0.2392314896099485,0.13445676399223694,0.00038558771229238047,Light_T1
/home/lmy/iot-device-classification/dataset/light_T1/round4_normal/light_T1_r4.pcapng,R4,60,602.9982285499573,0.002495837739260665,0.23685416033787315,0.7143573421621201,0.04599825825995069,0.00029440150079535025,Light_T1
/home/lmy/iot-device-classification/dataset/light_T1/round4_normal/light_T1_r4.pcapng,R4,61,612.3060088157654,0.014363650194931542,0.6117782922843077,0.05326805096275794,0.3198066206170514,0.0007833859409513864,Light_T1
/home/lmy/iot-device-classification/dataset/light_T1/round4_normal/light_T1_r4.pcapng,R4,62,621.7192640304565,0.021005005333137226,0.5012045265985375,0.2387698624824825,0.2385150545045167,0.0005055510813261142,Light_T1
/home/lmy/iot-device-classification/dataset/light_T1/round4_normal/light_T1_r4.pcapng,R4,63,631.0319120883942,0.01970127469838636,0.4393043254517942,0.33581556948987656,0.20463495392048653,0.0005438764394562929,Light_T1
/home/lmy/iot-device-classification/dataset/light_T1/round4_normal/light_T1_r4.pcapng,R4,64,642.3299956321716,0.012062928002993753,0.4363519842778834,0.35713129206004757,0.1938690569459134,0.0005847387131620696,Light_T1
/home/lmy/iot-device-classification/dataset/light_T1/round4_normal/light_T1_r4.pcapng,R4,65,650.7303483486176,0.005732620356111465,0.8443728223974519,0.06044647112131818,0.08893171776722174,0.0005163683578969581,Light_T1
/home/lmy/iot-device-classification/dataset/light_T1/round4_normal/light_T1_r4.pcapng,R4,66,661.2584307193756,0.047265623321257805,0.31882530204127757,0.22757569565676616,0.4055926649204567,0.0007407140602416404,Light_T1
/home/lmy/iot-device-classification/dataset/light_T1/round4_normal/light_T1_r4.pcapng,R4,67,671.6466348171234,0.013358684089888589,0.7477868556568474,0.06953789023287528,0.16855972744589728,0.0007568425744912096,Light_T1
/home/lmy/iot-device-classification/dataset/light_T1/round4_normal/light_T1_r4.pcapng,R4,68,681.0675799846649,0.008391010046792182,0.8543896604978034,0.029930343145511983,0.10684987004966849,0.0004391162602239971,Light_T1
/home/lmy/iot-device-classification/dataset/light_T1/round4_normal/light_T1_r4.pcapng,R4,69,691.0409898757935,0.015005076217218957,0.5440616784363738,0.29572754633183546,0.1447675199906524,0.0004381790239194648,Light_T1
/home/lmy/iot-device-classification/dataset/light_T1/round4_normal/light_T1_r4.pcapng,R4,70,702.3998427391052,0.012202894194670508,0.133258071778871,0.07319348042694862,0.7808192083246837,0.0005263452748263357,Light_T1
/home/lmy/iot-device-classification/dataset/light_T1/round4_normal/light_T1_r4.pcapng,R4,71,714.5738098621368,0.016751099021239682,0.6026811472853946,0.22978277923268164,0.15036345878783444,0.00042151567284963334,Light_T1
/home/lmy/iot-device-classification/dataset/light_T1/round4_normal/light_T1_r4.pcapng,R4,72,721.0457956790924,0.000948221317912176,0.29315523794551185,0.45642420243442117,0.24864328782514664,0.0008290504770081534,Light_T1
/home/lmy/iot-device-classification/dataset/light_T1/round4_normal/light_T1_r4.pcapng,R4,73,730.3643038272858,0.0720954847434604,0.23537090758428866,0.17734530568923768,0.5144273663465512,0.0007609356364621235,Light_T1
/home/lmy/iot-device-classification/dataset/light_T1/round4_normal/light_T1_r4.pcapng,R4,74,742.3811147212982,0.01956203819755617,0.5107730142355928,0.28465053508105786,0.1845005014673232,0.0005139110184698946,Light_T1
/home/lmy/iot-device-classification/dataset/light_T1/round4_normal/light_T1_r4.pcapng,R4,75,752.7784767150879,0.016274197724290403,0.3655977364083653,0.47803929414032525,0.13953794416369422,0.0005508275633248442,Light_T1
/home/lmy/iot-device-classification/dataset/light_T1/round4_normal/light_T1_r4.pcapng,R4,76,761.6336741447449,0.01485951304620209,0.3238969972511587,0.2413258154275761,0.4190465997003147,0.0008710745747482774,Light_T1
/home/lmy/iot-device-classification/dataset/light_T1/round4_normal/light_T1_r4.pcapng,R4,77,773.59157371521,0.016761970276227816,0.5852447171980466,0.2345567314632467,0.16301260506956905,0.00042397599290960907,Light_T1
/home/lmy/iot-device-classification/dataset/light_T1/round4_normal/light_T1_r4.pcapng,R4,78,781.908045053482,0.020732288507232677,0.5277036026808418,0.16137663340615177,0.28963871683262116,0.0005487585731525798,Light_T1
/home/lmy/iot-device-classification/dataset/light_T1/round4_normal/light_T1_r4.pcapng,R4,79,790.1326863765717,0.01799810315554122,0.40877097966845055,0.04765317412256333,0.524792218980962,0.0007855240724830758,Light_T1
/home/lmy/iot-device-classification/dataset/light_T1/round4_normal/light_T1_r4.pcapng,R4,80,802.7054653167725,0.014538719685600205,0.5964513027597691,0.20173537540643374,0.1868333385299313,0.00044126361826551247,Light_T1
/home/lmy/iot-device-classification/dataset/light_T1/round4_normal/light_T1_r4.pcapng,R4,81,811.058263540268,0.02465207940669168,0.2616584599854093,0.2545670504827622,0.4584407508973486,0.0006816592277882612,Light_T1
/home/lmy/iot-device-classification/dataset/light_T1/round4_normal/light_T1_r4.pcapng,R4,82,822.538158416748,0.01636694330632048,0.45632985535730847,0.08915624361402721,0.43721006351256864,0.0009368942097750282,Light_T1
/home/lmy/iot-device-classification/dataset/light_T1/round4_normal/light_T1_r4.pcapng,R4,83,833.9087452888489,0.01681153348750755,0.510255510674117,0.2756426254142312,0.1968106726323627,0.0004796577917815359,Light_T1
/home/lmy/iot-device-classification/dataset/light_T1/round4_normal/light_T1_r4.pcapng,R4,84,844.3102235794067,0.02464858372248099,0.4442433186590281,0.3017014779798452,0.22882751139995897,0.0005791082386867102,Light_T1
/home/lmy/iot-device-classification/dataset/light_T1/round4_normal/light_T1_r4.pcapng,R4,85,850.5398700237274,0.021850808650726136,0.25336487314088496,0.02612362743132193,0.6979568368299255,0.0007038539471415693,Light_T1
/home/lmy/iot-device-classification/dataset/light_T1/round4_normal/light_T1_r4.pcapng,R4,86,863.0329103469849,0.00268067224846796,0.20878743091351046,0.745334459698112,0.04289945110974655,0.00029798603016305925,Light_T1
/home/lmy/iot-device-classification/dataset/light_T1/round4_normal/light_T1_r4.pcapng,R4,87,875.244083404541,0.01611722659646279,0.5005357555115164,0.33236927543579275,0.15050588847266289,0.00047185398356503795,Light_T1
/home/lmy/iot-device-classification/dataset/light_T1/round4_normal/light_T1_r4.pcapng,R4,88,882.5548429489136,0.02013582504986893,0.3878744004900201,0.34331255841391595,0.24798281635975813,0.0006943996864368535,Light_T1
/home/lmy/iot-device-classification/dataset/light_T1/round4_normal/light_T1_r4.pcapng,R4,89,894.2359111309052,0.007252908424790242,0.7128000807180545,0.18543257350641454,0.09385956340776375,0.0006548739429770194,Light_T1
/home/lmy/iot-device-classification/dataset/light_T1/round4_normal/light_T1_r4.pcapng,R4,90,900.8653123378754,0.00012197786274798121,0.11306612531911504,0.8698940509359083,0.01668362983517151,0.00023421604705710554,Light_T1
/home/lmy/iot-device-classification/dataset/light_T1/round4_normal/light_T1_r4.pcapng,R4,91,912.5795907974244,0.08109511541115516,0.0461698908085789,0.11365022464672445,0.7573791894066934,0.0017055797268480252,Light_T1
/home/lmy/iot-device-classification/dataset/light_T1/round4_normal/light_T1_r4.pcapng,R4,92,923.3590912818908,0.015015483865094013,0.3466603511591925,0.4331509506356196,0.20463401216928598,0.0005392021708079286,Light_T1
/home/lmy/iot-device-classification/dataset/light_T1/round4_normal/light_T1_r4.pcapng,R4,93,931.0689404010772,0.007874947300451463,0.520199882991117,0.3313164743460408,0.14018324611798397,0.00042544924440686806,Light_T1
/home/lmy/iot-device-classification/dataset/light_T1/round4_normal/light_T1_r4.pcapng,R4,94,941.0292792320251,0.022699831037583735,0.3260166061184708,0.040459955270758886,0.6100047923156898,0.0008188152574968399,Light_T1
/home/lmy/iot-device-classification/dataset/light_T1/round4_normal/light_T1_r4.pcapng,R4,95,951.1514568328856,0.013966043150672408,0.6000314384326021,0.24929218771800996,0.13631335251089424,0.0003969781878213166,Light_T1
/home/lmy/iot-device-classification/dataset/light_T1/round4_normal/light_T1_r4.pcapng,R4,96,964.962082862854,0.013615629280882155,0.5320762048756168,0.32732825589161846,0.1265479523901946,0.00043195756168814756,Light_T1
/home/lmy/iot-device-classification/dataset/light_T1/round4_normal/light_T1_r4.pcapng,R4,97,972.5934224128724,0.00396243721143076,0.48876570535031927,0.24275652032532122,0.26395332866159765,0.0005620084513309942,Light_T1
/home/lmy/iot-device-classification/dataset/light_T1/round4_normal/light_T1_r4.pcapng,R4,98,981.3528847694396,0.013767325152343603,0.6295818120172315,0.22330640852875783,0.13296796323199986,0.0003764910696672381,Light_T1
/home/lmy/iot-device-classification/dataset/light_T1/round4_normal/light_T1_r4.pcapng,R4,99,991.0879445075988,0.015762225164954097,0.5388724523106287,0.28231496660941807,0.16260064901588803,0.00044970689911104453,Light_T1
/home/lmy/iot-device-classification/dataset/light_T1/round4_normal/light_T1_r4.pcapng,R4,100,1002.6062655448914,0.0006952984993241072,0.355453856129394,0.39073204627781993,0.25232401500825924,0.0007947840852026599,Light_T1
/home/lmy/iot-device-classification/dataset/light_T1/round4_normal/light_T1_r4.pcapng,R4,101,1014.8873035907744,0.020474587621406942,0.4286768418272795,0.28943843062126123,0.2608822392987184,0.0005279006313339625,Light_T1
/home/lmy/iot-device-classification/dataset/light_T1/round4_normal/light_T1_r4.pcapng,R4,102,1020.555092573166,0.0002145544813663892,0.22138518606039656,0.6722841258429092,0.105575602270219,0.0005405313451086887,Light_T1
/home/lmy/iot-device-classification/dataset/light_T1/round4_normal/light_T1_r4.pcapng,R4,103,1032.6294813156128,0.006301912381840959,0.45476371054385845,0.29965111497671915,0.23865209911215204,0.0006311629854292996,Light_T1
/home/lmy/iot-device-classification/dataset/light_T1/round4_normal/light_T1_r4.pcapng,R4,104,1044.011506319046,0.015802376948214715,0.5557555396007405,0.2621555591106221,0.1658551068271648,0.0004314175132578006,Light_T1
/home/lmy/iot-device-classification/dataset/light_T1/round4_normal/light_T1_r4.pcapng,R4,105,1051.0922129154203,0.026327970956154464,0.5014132567019697,0.07150149274350343,0.3998420354518648,0.0009152441465075952,Light_T1
/home/lmy/iot-device-classification/dataset/light_T1/round4_normal/light_T1_r4.pcapng,R4,106,1061.9992089271543,0.011661327149361795,0.4988156190357798,0.362879657038856,0.12622393738124899,0.00041945939475337643,Light_T1
/home/lmy/iot-device-classification/dataset/light_T1/round4_normal/light_T1_r4.pcapng,R4,107,1075.2112562656405,0.01484350532631164,0.5557853908079152,0.2886915153978016,0.14024649692647717,0.0004330915414944811,Light_T1
/home/lmy/iot-device-classification/dataset/light_T1/round4_normal/light_T1_r4.pcapng,R4,108,1081.0816996097565,0.025689198766645098,0.34927552318191973,0.2857116071322589,0.3387081893822251,0.0006154815369511933,Light_T1
/home/lmy/iot-device-classification/dataset/light_T1/round4_normal/light_T1_r4.pcapng,R4,109,1092.6725323200226,0.00919717218155775,0.5392296342788695,0.11425901758274157,0.3364364678319194,0.0008777081249117691,Light_T1
/home/lmy/iot-device-classification/dataset/light_T1/round4_normal/light_T1_r4.pcapng,R4,110,1102.1619102954865,0.013997154698482107,0.5449210286672317,0.29384428014003866,0.14679139829243654,0.0004461382018110931,Light_T1
/home/lmy/iot-device-classification/dataset/light_T1/round4_normal/light_T1_r4.pcapng,R4,111,1114.7343351840973,0.020798752659038376,0.3597986647071013,0.4394558353129884,0.17935830955006485,0.0005884377708072087,Light_T1
/home/lmy/iot-device-classification/dataset/light_T1/round4_normal/light_T1_r4.pcapng,R4,112,1122.6818616390228,0.021961648880590982,0.19131699601712931,0.1709918478650112,0.6151720471050527,0.0005574601322157575,Light_T1
/home/lmy/iot-device-classification/dataset/light_T1/round4_normal/light_T1_r4.pcapng,R4,113,1135.1550481319427,0.005032971282028342,0.4127654638639993,0.31497189666482367,0.2664403830123511,0.0007892851767975191,Light_T1
/home/lmy/iot-device-classification/dataset/light_T1/round4_normal/light_T1_r4.pcapng,R4,114,1140.244836807251,0.019537423842392976,0.3913968565619059,0.2976768828994385,0.29083968541649513,0.000549151279767448,Light_T1
/home/lmy/iot-device-classification/dataset/light_T1/round4_normal/light_T1_r4.pcapng,R4,115,1152.6886072158811,0.028860730587096074,0.34167523974279346,0.3513003016119776,0.27692270675630737,0.0012410213018256473,Light_T1
/home/lmy/iot-device-classification/dataset/light_T1/round4_normal/light_T1_r4.pcapng,R4,116,1164.6572623252869,0.019961281330348718,0.3269278572801704,0.4587775986329511,0.1934625317574868,0.0008707309990431324,Light_T1
/home/lmy/iot-device-classification/dataset/light_T1/round4_normal/light_T1_r4.pcapng,R4,117,1171.102633714676,0.013206103042787675,0.5691271588089682,0.2853772083692195,0.1318810843171612,0.00040844546186333193,Light_T1
/home/lmy/iot-device-classification/dataset/light_T1/round4_normal/light_T1_r4.pcapng,R4,118,1182.709670305252,0.006014908475192349,0.5445250477325032,0.29393829366390206,0.1550204280186659,0.0005013221097363349,Light_T1
/home/lmy/iot-device-classification/dataset/light_T1/round4_normal/light_T1_r4.pcapng,R4,119,1195.5907719135284,0.017870340130031075,0.5225960601310049,0.2265676876020046,0.23245141376168563,0.0005144983752738185,Light_T1
/home/lmy/iot-device-classification/dataset/light_T1/round4_normal/light_T1_r4.pcapng,R4,120,1205.6014995574951,0.019392380717088785,0.42356899920774466,0.34632639843242985,0.21016948160815957,0.0005427400345772334,Light_T1
/home/lmy/iot-device-classification/dataset/light_T1/round4_normal/light_T1_r4.pcapng,R4,121,1212.7221295833588,0.0037883913927222413,0.9109559529052137,0.03813281610815154,0.04683195330482812,0.000290886289084321,Light_T1
/home/lmy/iot-device-classification/dataset/light_T1/round4_normal/light_T1_r4.pcapng,R4,122,1221.119336605072,0.29809046905023273,0.26051253751396874,0.18293081831691013,0.25721624508546165,0.0012499300334265966,Light_T1
/home/lmy/iot-device-classification/dataset/light_T1/round4_normal/light_T1_r4.pcapng,R4,123,1235.3816862106323,0.017427689851273572,0.5190507345363172,0.2897115614782763,0.17333978185452895,0.0004702322796039739,Light_T1
/home/lmy/iot-device-classification/dataset/light_T1/round4_normal/light_T1_r4.pcapng,R4,124,1242.731335401535,0.02150181227025602,0.21834625558567392,0.02581264380933058,0.7336473638844614,0.0006919244502781107,Light_T1
/home/lmy/iot-device-classification/dataset/light_T1/round4_normal/light_T1_r4.pcapng,R4,125,1255.65434551239,0.011995182195963761,0.5849782262821511,0.09060235612790679,0.31176382196188374,0.0006604134320945958,Light_T1
/home/lmy/iot-device-classification/dataset/light_T1/round4_normal/light_T1_r4.pcapng,R4,126,1261.0931375026703,0.0033225441013675916,0.28606920200149627,0.5117368569372018,0.1981989492732845,0.0006724476866497313,Light_T1
/home/lmy/iot-device-classification/dataset/light_T1/round4_normal/light_T1_r4.pcapng,R4,127,1272.757067680359,0.014271019895138761,0.3642138509952175,0.44007027647712676,0.18094451200383121,0.0005003406286857655,Light_T1
/home/lmy/iot-device-classification/dataset/light_T1/round4_normal/light_T1_r4.pcapng,R4,128,1283.2123486995697,0.014557169046579676,0.6198237218807926,0.23132324259527678,0.13390456103779758,0.00039130543955335817,Light_T1
/home/lmy/iot-device-classification/dataset/light_T1/round4_normal/light_T1_r4.pcapng,R4,129,1291.0942904949188,0.01310567794984575,0.44244812970078473,0.3917891675929262,0.15218259536410275,0.00047442939234045733,Light_T1
/home/lmy/iot-device-classification/dataset/light_T1/round4_normal/light_T1_r4.pcapng,R4,130,1302.7766871452332,0.00028851357731055495,0.30968027336210585,0.524953535585375,0.16444773662476156,0.0006299408504470916,Light_T1
/home/lmy/iot-device-classification/dataset/light_T1/round4_normal/light_T1_r4.pcapng,R4,131,1314.1002616882324,0.0034775781719429176,0.40169788006192303,0.5149254455575438,0.07948917051678057,0.00040992569180974534,Light_T1
/home/lmy/iot-device-classification/dataset/light_T1/round4_normal/light_T1_r4.pcapng,R4,132,1325.7280371189115,0.0021102958198760007,0.26889543865678855,0.4775551273139718,0.2507175827461319,0.0007215554632317954,Light_T1
/home/lmy/iot-device-classification/dataset/light_T1/round4_normal/light_T1_r4.pcapng,R4,133,1332.8323123455048,0.00903366324281543,0.7402119235564816,0.06851331052200829,0.18155528028316875,0.0006858223955260086,Light_T1
/home/lmy/iot-device-classification/dataset/light_T1/round4_normal/light_T1_r4.pcapng,R4,134,1345.6266949176788,0.022998914823668445,0.46499400612648656,0.049786065914330505,0.46154587565318966,0.0006751374823248446,Light_T1
/home/lmy/iot-device-classification/dataset/light_T1/round4_normal/light_T1_r4.pcapng,R4,135,1351.0959837436676,0.028365468135702808,0.3708876238887855,0.3363031208633816,0.26381291368134857,0.000630873430781503,Light_T1
/home/lmy/iot-device-classification/dataset/light_T1/round4_normal/light_T1_r4.pcapng,R4,136,1360.1953973770142,0.0015940392156504662,0.21223554706695016,0.31345630901680394,0.4718189852745799,0.0008951194260155647,Light_T1
/home/lmy/iot-device-classification/dataset/light_T1/round4_normal/light_T1_r4.pcapng,R4,137,1375.7803027629852,0.013161626735431087,0.6218964417575521,0.23491755432602449,0.12964602278948487,0.00037835439150749896,Light_T1
/home/lmy/iot-device-classification/dataset/light_T1/round4_normal/light_T1_r4.pcapng,R4,138,1385.7921764850616,0.01430229131209601,0.6165423889632785,0.22797287893928422,0.14079510776456694,0.00038733302077418187,Light_T1
/home/lmy/iot-device-classification/dataset/light_T1/round4_normal/light_T1_r4.pcapng,R4,139,1392.906207561493,0.001305518867984163,0.40397448578504885,0.40917381017215254,0.18487656462698301,0.0006696205478314071,Light_T1
/home/lmy/iot-device-classification/dataset/light_T1/round4_normal/light_T1_r4.pcapng,R4,140,1401.1262576580048,0.01866548827095941,0.5890803003492144,0.19260802667690116,0.19918360468413263,0.00046258001879250676,Light_T1
/home/lmy/iot-device-classification/dataset/light_T1/round4_normal/light_T1_r4.pcapng,R4,141,1411.0982785224917,0.011846576957242472,0.5659204638162413,0.29834100551218506,0.12349317575119713,0.0003987779631340851,Light_T1
/home/lmy/iot-device-classification/dataset/light_T1/round4_normal/light_T1_r4.pcapng,R4,142,1422.9068365097046,0.021122347228213722,0.20006405477464503,0.03609198758525124,0.7419804565489037,0.0007411538629862949,Light_T1
/home/lmy/iot-device-classification/dataset/light_T1/round4_normal/light_T1_r4.pcapng,R4,143,1434.4195919036863,0.014763497632210666,0.6022493822442322,0.23655533052829905,0.14603214480381665,0.00039964479144135163,Light_T1
/home/lmy/iot-device-classification/dataset/light_T1/round4_normal/light_T1_r4.pcapng,R4,144,1440.0401158332825,0.014877453156559023,0.522888162455349,0.31008464993516466,0.15170283496322182,0.000446899489705384,Light_T1
/home/lmy/iot-device-classification/dataset/light_T1/round4_normal/light_T1_r4.pcapng,R4,145,1450.0184571743011,0.027861831666116287,0.11451399840569942,0.13676309968605965,0.7203303831409513,0.0005306871011733735,Light_T1
/home/lmy/iot-device-classification/dataset/light_T1/round4_normal/light_T1_r4.pcapng,R4,146,1460.0808761119845,0.00013547811701249815,0.15927453815651554,0.7934667886770744,0.04672929712789439,0.00039389792150330193,Light_T1
/home/lmy/iot-device-classification/dataset/light_T1/round4_normal/light_T1_r4.pcapng,R4,147,1470.0813052654266,0.01907743555454193,0.49682176362912395,0.29238078790989774,0.19119312211816758,0.0005268907882688064,Light_T1
/home/lmy/iot-device-classification/dataset/light_T1/round4_normal/light_T1_r4.pcapng,R4,148,1480.0764708518982,0.013665198976868305,0.4018019441347997,0.41669401587727894,0.1673333005318236,0.0005055404792296227,Light_T1
/home/lmy/iot-device-classification/dataset/light_T1/round4_normal/light_T1_r4.pcapng,R4,149,1490.1801509857178,0.015681594326750196,0.6415387390141846,0.14593585642374324,0.19638591698916152,0.0004578932461604746,Light_T1
/home/lmy/iot-device-classification/dataset/light_T1/round4_normal/light_T1_r4.pcapng,R4,150,1500.2809751033783,0.019707890179202266,0.4452087023835159,0.040504843287571785,0.4937704388055761,0.0008081253441340329,Light_T1
/home/lmy/iot-device-classification/dataset/light_T1/round4_normal/light_T1_r4.pcapng,R4,151,1510.2812855243685,0.00028568991698597993,0.1342612794451431,0.8291962265494809,0.035919965322072776,0.00033683876631731115,Light_T1
/home/lmy/iot-device-classification/dataset/light_T1/round4_normal/light_T1_r4.pcapng,R4,152,1520.086864709854,0.007073331173952454,0.3847602184444514,0.4318091532121735,0.17584758288974695,0.00050971427967573,Light_T1
/home/lmy/iot-device-classification/dataset/light_T1/round4_normal/light_T1_r4.pcapng,R4,153,1530.0892300605774,0.011634007444568946,0.4514758321685,0.27886853289465047,0.2574521615705303,0.000569465921750159,Light_T1
/home/lmy/iot-device-classification/dataset/light_T1/round4_normal/light_T1_r4.pcapng,R4,154,1540.0722048282623,0.03120848389839347,0.0835676885186279,0.10719646628671192,0.7775700654526121,0.00045729584365464065,Light_T1
/home/lmy/iot-device-classification/dataset/light_T1/round4_normal/light_T1_r4.pcapng,R4,155,1550.0410516262054,0.01469626322112504,0.58357758684989,0.25219712568862906,0.14911872312291224,0.0004103011174435836,Light_T1
/home/lmy/iot-device-classification/dataset/light_T1/round4_normal/light_T1_r4.pcapng,R4,156,1560.0850775241852,0.021448107354408445,0.4168396023621151,0.2800841952766945,0.28104466271105116,0.0005834322957307644,Light_T1
/home/lmy/iot-device-classification/dataset/light_T1/round4_normal/light_T1_r4.pcapng,R4,157,1570.1678488254547,0.0003191612470108345,0.3641801101719727,0.49624001692744224,0.13865821815409718,0.0006024934994770403,Light_T1
/home/lmy/iot-device-classification/dataset/light_T1/round4_normal/light_T1_r4.pcapng,R4,158,1580.21568608284,0.017408826296868105,0.5315322992226749,0.25707017367864893,0.1935044035265511,0.0004842972752570257,Light_T1
/home/lmy/iot-device-classification/dataset/light_T1/round4_normal/light_T1_r4.pcapng,R4,159,1590.3808488845823,0.04428616198670221,0.32271028330196827,0.2041113687034028,0.42817062617671914,0.0007215598312076237,Light_T1
/home/lmy/iot-device-classification/dataset/light_T1/round4_normal/light_T1_r4.pcapng,R4,160,1600.377860069275,0.017250880378022266,0.47653995841943037,0.042821614648912064,0.46264443615638073,0.0007431103972545274,Light_T1
/home/lmy/iot-device-classification/dataset/light_T1/round4_normal/light_T1_r4.pcapng,R4,161,1610.4399857521057,0.01397729340465446,0.3552623089989753,0.4519407300929237,0.1783136559983682,0.000506011505078382,Light_T1
/home/lmy/iot-device-classification/dataset/light_T1/round4_normal/light_T1_r4.pcapng,R4,162,1620.5307595729828,0.006841756294545808,0.8001752245636569,0.10620821191808402,0.08611364877481155,0.0006611584489017962,Light_T1
/home/lmy/iot-device-classification/dataset/light_T1/round4_normal/light_T1_r4.pcapng,R4,163,1630.6575908660889,0.0018576746626952057,0.4254464552247691,0.4383648520664384,0.13386792497269945,0.00046309307339766027,Light_T1
/home/lmy/iot-device-classification/dataset/light_T1/round4_normal/light_T1_r4.pcapng,R4,164,1640.6427245140076,0.015872601395452966,0.5990519099118056,0.23476020398186093,0.14990061544892933,0.00041466926195118226,Light_T1
/home/lmy/iot-device-classification/dataset/light_T1/round4_normal/light_T1_r4.pcapng,R4,165,1650.6812307834623,0.015962292413263735,0.5796828636791064,0.251424625711193,0.15250663060683678,0.00042358758960008567,Light_T1
/home/lmy/iot-device-classification/dataset/light_T1/round4_normal/light_T1_r4.pcapng,R4,166,1660.7368743419647,0.00256952103235688,0.8853197748942493,0.06778075253875508,0.04397565043311028,0.00035430110152842863,Light_T1
/home/lmy/iot-device-classification/dataset/light_T1/round4_normal/light_T1_r4.pcapng,R4,167,1670.9978144168854,0.025524841805930825,0.38270312161890996,0.19067709145958567,0.400536624752235,0.0005583203633386843,Light_T1
/home/lmy/iot-device-classification/dataset/light_T1/round4_normal/light_T1_r4.pcapng,R4,168,1680.8914880752563,0.016259325905031395,0.47764895903731963,0.32471016995823593,0.18090675432426423,0.00047479077514875004,Light_T1
/home/lmy/iot-device-classification/dataset/light_T1/round4_normal/light_T1_r4.pcapng,R4,169,1690.9520881175995,0.004157278344219712,0.7108602285322287,0.12497886925268553,0.1594156736602499,0.0005879502106160577,Light_T1
/home/lmy/iot-device-classification/dataset/light_T1/round4_normal/light_T1_r4.pcapng,R4,170,1701.0175507068634,0.013959373288782361,0.5592795930072026,0.27980683031174325,0.14653339350401953,0.0004208098882521927,Light_T1
/home/lmy/iot-device-classification/dataset/light_T1/round4_normal/light_T1_r4.pcapng,R4,171,1711.1107666492462,0.02632246235932839,0.29523225489626237,0.3211749551323928,0.35664460525969793,0.0006257223523185378,Light_T1
/home/lmy/iot-device-classification/dataset/light_T1/round4_normal/light_T1_r4.pcapng,R4,172,1721.157871246338,0.0332395063185306,0.21805508091868106,0.11696516700440249,0.6309835049831972,0.0007567407751887337,Light_T1
/home/lmy/iot-device-classification/dataset/light_T1/round4_normal/light_T1_r4.pcapng,R4,173,1731.2647132873535,0.015090942414063072,0.5294534735258557,0.2930150941232719,0.16200089204180945,0.00043959789499985907,Light_T1
/home/lmy/iot-device-classification/dataset/light_T1/round4_normal/light_T1_r4.pcapng,R4,174,1741.3150475025177,0.015599945882342543,0.49440529847783976,0.318480833465724,0.17105066519758866,0.00046325697650513646,Light_T1
/home/lmy/iot-device-classification/dataset/light_T1/round4_normal/light_T1_r4.pcapng,R4,175,1751.3625020980835,0.01597902879666704,0.5431368175286148,0.042551779803786355,0.3975776419980893,0.0007547318728425368,Light_T1
/home/lmy/iot-device-classification/dataset/light_T1/round4_normal/light_T1_r4.pcapng,R4,176,1761.1356148719788,0.0003903411626874523,0.18540080562048752,0.754516336926513,0.05922603165524015,0.0004664846350718291,Light_T1
/home/lmy/iot-device-classification/dataset/light_T1/round4_normal/light_T1_r4.pcapng,R4,177,1771.1193268299105,0.02317589820011336,0.4183965284019044,0.3420222234836163,0.21582450845050102,0.0005808414638649347,Light_T1
/home/lmy/iot-device-classification/dataset/light_T1/round4_normal/light_T1_r4.pcapng,R4,178,1782.3732607364657,0.0338332312904696,0.17955106059179587,0.4432630783686975,0.3425008655949838,0.0008517641540531474,Light_T1
/home/lmy/iot-device-classification/dataset/light_T1/round4_normal/light_T1_r4.pcapng,R4,179,1791.68407869339,0.016844390742554307,0.5011861198985008,0.3069581841174135,0.17453669276537176,0.00047461247615959587,Light_T1
/home/lmy/iot-device-classification/dataset/light_T1/round4_normal/light_T1_r4.pcapng,R4,180,1801.1070866584778,0.017772279790625838,0.5191617878141264,0.2645847903081013,0.19793919781184147,0.0005419442753050262,Light_T1
/home/lmy/iot-device-classification/dataset/light_T1/round4_normal/light_T1_r4.pcapng,R4,181,1811.7690515518188,0.0026789843086725924,0.16860336048258076,0.21278949831962257,0.6150785734673289,0.0008495834217952569,Light_T1
/home/lmy/iot-device-classification/dataset/light_T1/round4_normal/light_T1_r4.pcapng,R4,182,1821.8101527690887,0.013873952483277418,0.6275537312902232,0.22383206677699272,0.13436193337217567,0.00037831607733109716,Light_T1
/home/lmy/iot-device-classification/dataset/light_T1/round4_normal/light_T1_r4.pcapng,R4,183,1831.925963640213,0.010648678287723149,0.6435148205774394,0.051435013711711816,0.29395684782952053,0.00044463959360526014,Light_T1
/home/lmy/iot-device-classification/dataset/light_T1/round4_normal/light_T1_r4.pcapng,R4,184,1842.0026595592497,0.019545225349508335,0.5897761159805186,0.08048671641401438,0.3093687544714828,0.0008231877844758966,Light_T1
/home/lmy/iot-device-classification/dataset/light_T1/round4_normal/light_T1_r4.pcapng,R4,185,1851.1378071308136,0.014939203401383282,0.58581573888864,0.2565905081846894,0.14223930059951717,0.0004152489257701842,Light_T1
/home/lmy/iot-device-classification/dataset/light_T1/round4_normal/light_T1_r4.pcapng,R4,186,1862.120228767395,0.015083276555594131,0.6335969568710609,0.12474919742215786,0.22593703312793406,0.0006335360232530317,Light_T1
/home/lmy/iot-device-classification/dataset/light_T1/round4_normal/light_T1_r4.pcapng,R4,187,1871.1369416713717,0.021223064024628965,0.40954271780160945,0.05200440169406197,0.5164382007034127,0.0007916157762868117,Light_T1
/home/lmy/iot-device-classification/dataset/light_T1/round4_normal/light_T1_r4.pcapng,R4,188,1882.299744606018,0.016612945551814008,0.5886894829806747,0.22277401645482509,0.17148363377468737,0.00043992123799899054,Light_T1
/home/lmy/iot-device-classification/dataset/light_T1/round4_normal/light_T1_r4.pcapng,R4,189,1891.1101787090304,0.024713875857443782,0.3716565098823245,0.2377557055816087,0.36524690175032426,0.0006270069282988444,Light_T1
/home/lmy/iot-device-classification/dataset/light_T1/round4_normal/light_T1_r4.pcapng,R4,190,1902.4295024871824,0.028481541578150006,0.07126024467595286,0.13873546552964908,0.7610674827392414,0.0004552654770066655,Light_T1
/home/lmy/iot-device-classification/dataset/light_T1/round4_normal/light_T1_r4.pcapng,R4,191,1912.4756762981413,0.01638196917828601,0.56999408436154,0.24655378824386964,0.1666340732931848,0.00043608492311962387,Light_T1
/home/lmy/iot-device-classification/dataset/light_T1/round4_normal/light_T1_r4.pcapng,R4,192,1922.654634475708,0.005337614716606263,0.8290276078664841,0.11667742335548138,0.04850300011269012,0.0004543539487381246,Light_T1
/home/lmy/iot-device-classification/dataset/light_T1/round4_normal/light_T1_r4.pcapng,R4,193,1932.5621917247768,0.004650804209352364,0.6687689808260063,0.12677922007507222,0.19915835185769046,0.0006426430318785707,Light_T1
/home/lmy/iot-device-classification/dataset/light_T1/round4_normal/light_T1_r4.pcapng,R4,194,1941.1385028362276,0.015401357347647714,0.5404444409588274,0.28856992868552356,0.15513796855198947,0.0004463044560118866,Light_T1
/home/lmy/iot-device-classification/dataset/light_T1/round4_normal/light_T1_r4.pcapng,R4,195,1953.253247499466,0.03680822853100661,0.26292569814030214,0.18477082672804584,0.5148937342596168,0.0006015123410286449,Light_T1
/home/lmy/iot-device-classification/dataset/light_T1/round4_normal/light_T1_r4.pcapng,R4,196,1962.7633290290837,0.011956317609117688,0.1850599607444407,0.054573536504475696,0.7478017276027318,0.0006084575392341929,Light_T1
/home/lmy/iot-device-classification/dataset/light_T1/round4_normal/light_T1_r4.pcapng,R4,197,1972.844439268112,0.016513354664199828,0.540785542472288,0.26793600618325053,0.17430742624728407,0.0004576704329776188,Light_T1
/home/lmy/iot-device-classification/dataset/light_T1/round4_normal/light_T1_r4.pcapng,R4,198,1981.109642982483,0.013211378838704867,0.6544007799675242,0.16635023982726255,0.16561115156428552,0.0004264498022228312,Light_T1
/home/lmy/iot-device-classification/dataset/light_T1/round4_normal/light_T1_r4.pcapng,R4,199,1993.0039691925049,0.02241765032982892,0.1663501886504538,0.036455838893350856,0.7741393623619751,0.0006369597643911577,Light_T1
/home/lmy/iot-device-classification/dataset/light_T1/round4_normal/light_T1_r4.pcapng,R4,200,2000.870062112808,0.053363217010397083,0.42440887384123754,0.28629688436761985,0.23514782102596785,0.0007832037547775423,Light_T1
/home/lmy/iot-device-classification/dataset/light_T1/round4_normal/light_T1_r4.pcapng,R4,201,2011.1109023094175,0.01476581939113428,0.5612597001574092,0.27673934985614224,0.146808655217755,0.00042647537755921246,Light_T1
/home/lmy/iot-device-classification/dataset/light_T1/round4_normal/light_T1_r4.pcapng,R4,202,2023.1774563789368,0.016636820580613623,0.5090067625334254,0.05998141291900809,0.41356627756749303,0.0008087263994598449,Light_T1
/home/lmy/iot-device-classification/dataset/light_T1/round4_normal/light_T1_r4.pcapng,R4,203,2031.13947725296,0.0183972156395963,0.5597485990500076,0.2292601686206114,0.1920989908663939,0.000495025823390872,Light_T1
/home/lmy/iot-device-classification/dataset/light_T1/round4_normal/light_T1_r4.pcapng,R4,204,2043.318196296692,0.01563275596852178,0.5274560536269253,0.29241694315936984,0.16402559295133057,0.00046865429385258836,Light_T1
/home/lmy/iot-device-classification/dataset/light_T1/round4_normal/light_T1_r4.pcapng,R4,205,2052.843846797943,0.020516703966966355,0.2580746114916048,0.02881027476457122,0.691882530012594,0.0007158797642635848,Light_T1
/home/lmy/iot-device-classification/dataset/light_T1/round4_normal/light_T1_r4.pcapng,R4,206,2063.243631839752,0.00603074670561068,0.293330925796949,0.608409896561842,0.09176413721025799,0.00046429372534030627,Light_T1
/home/lmy/iot-device-classification/dataset/light_T1/round4_normal/light_T1_r4.pcapng,R4,207,2071.1108951568604,0.016228361285659253,0.4522693906112663,0.3710885315239794,0.15992003573866131,0.000493680840433692,Light_T1
/home/lmy/iot-device-classification/dataset/light_T1/round4_normal/light_T1_r4.pcapng,R4,208,2080.1409220695496,0.019154984473718564,0.36936435783842,0.029861922563501873,0.580908355688695,0.0007103794356645907,Light_T1
/home/lmy/iot-device-classification/dataset/light_T1/round4_normal/light_T1_r4.pcapng,R4,209,2092.021567106247,0.004443080050097157,0.18762082051569728,0.7252607390216199,0.08225319265677249,0.0004221677558129493,Light_T1
/home/lmy/iot-device-classification/dataset/light_T1/round4_normal/light_T1_r4.pcapng,R4,210,2102.766676425934,0.022141120552206853,0.4831322874351198,0.2622930170958551,0.2319214545458771,0.0005121203709409697,Light_T1
/home/lmy/iot-device-classification/dataset/light_T1/round4_normal/light_T1_r4.pcapng,R4,211,2113.163594007492,0.026051907770962817,0.28411052728397107,0.07481454884660206,0.6143415865641172,0.0006814295343469229,Light_T1
/home/lmy/iot-device-classification/dataset/light_T1/round4_normal/light_T1_r4.pcapng,R4,212,2121.1400804519653,0.02601331421915765,0.4498393913816106,0.3193267369470759,0.20422082815062828,0.0005997293015275769,Light_T1
/home/lmy/iot-device-classification/dataset/light_T1/round4_normal/light_T1_r4.pcapng,R4,213,2131.111389398575,0.0156347512739124,0.51093398055128,0.3066107532676775,0.16636185676953533,0.0004586581375946857,Light_T1
/home/lmy/iot-device-classification/dataset/light_T1/round4_normal/light_T1_r4.pcapng,R4,214,2143.531522512436,0.02100119682446586,0.20399885285230193,0.027078466585672898,0.7472408213552254,0.0006806623823338768,Light_T1
/home/lmy/iot-device-classification/dataset/light_T1/round4_normal/light_T1_r4.pcapng,R4,215,2154.01011800766,0.015347094657559701,0.5496708062421298,0.27542131169377415,0.1591200378655688,0.00044074954096756766,Light_T1
/home/lmy/iot-device-classification/dataset/light_T1/round4_normal/light_T1_r4.pcapng,R4,216,2161.124009370804,0.016953354398092913,0.4969598907877718,0.29193702426993173,0.1936663850169795,0.00048334552722394434,Light_T1
/home/lmy/iot-device-classification/dataset/light_T1/round4_normal/light_T1_r4.pcapng,R4,217,2173.559041261673,0.021099709932081392,0.12030142364553227,0.2523101037821872,0.6056204072828545,0.0006683553573447232,Light_T1
/home/lmy/iot-device-classification/dataset/light_T1/round4_normal/light_T1_r4.pcapng,R4,218,2183.928686618805,0.014282257809884086,0.5616707139355198,0.22394093159759215,0.19962671664570594,0.00047938001129808596,Light_T1
/home/lmy/iot-device-classification/dataset/light_T1/round4_normal/light_T1_r4.pcapng,R4,219,2194.251466035843,0.017487724532312652,0.5252331474711948,0.06972617548112822,0.38702864004803267,0.0005243124673317206,Light_T1
/home/lmy/iot-device-classification/dataset/light_T1/round4_normal/light_T1_r4.pcapng,R4,220,2203.592365503311,0.026877225770046982,0.18229442330526152,0.13827195119755478,0.6517966540145782,0.0007597457125586342,Light_T1
/home/lmy/iot-device-classification/dataset/light_T1/round4_normal/light_T1_r4.pcapng,R4,221,2211.1412405967712,0.01477310434888647,0.591478469927949,0.23991714485943352,0.15341629496199838,0.00041498590173269203,Light_T1
/home/lmy/iot-device-classification/dataset/light_T1/round4_normal/light_T1_r4.pcapng,R4,222,2224.457006454468,0.012056465001111046,0.3587734327555024,0.48460237791686966,0.144045279881783,0.0005224444447339193,Light_T1
/home/lmy/iot-device-classification/dataset/light_T1/round4_normal/light_T1_r4.pcapng,R4,223,2233.619417190552,0.02043947647181142,0.2218245479118517,0.029889463143502333,0.7271240782669072,0.0007224342059273408,Light_T1
/home/lmy/iot-device-classification/dataset/light_T1/round4_normal/light_T1_r4.pcapng,R4,224,2244.205971956253,0.01297532958090994,0.5483379199388659,0.23333102988732823,0.20489209621839655,0.0004636243744993099,Light_T1
/home/lmy/iot-device-classification/dataset/light_T1/round4_normal/light_T1_r4.pcapng,R4,225,2251.1122601032257,0.03217541465720384,0.3424251021834268,0.21215823753045576,0.4126047930250356,0.0006364526038779596,Light_T1
/home/lmy/iot-device-classification/dataset/light_T1/round4_normal/light_T1_r4.pcapng,R4,226,2262.9283072948456,0.02715991063783737,0.20507901924170072,0.2627136198103279,0.5044571071611986,0.0005903431489353297,Light_T1
/home/lmy/iot-device-classification/dataset/light_T1/round4_normal/light_T1_r4.pcapng,R4,227,2274.731545686722,0.013897925658427283,0.6214820999053928,0.2303972974082981,0.13383938731957523,0.0003832897083065562,Light_T1
/home/lmy/iot-device-classification/dataset/light_T1/round4_normal/light_T1_r4.pcapng,R4,228,2283.7268879413605,0.044313940748993155,0.29612096919566677,0.29310843150142296,0.36573110222742894,0.0007255563264882629,Light_T1
/home/lmy/iot-device-classification/dataset/light_T1/round4_normal/light_T1_r4.pcapng,R4,229,2293.680602073669,0.03577935655302343,0.20972536823096638,0.25211268178192364,0.5016745865695217,0.0007080068645648862,Light_T1
/home/lmy/iot-device-classification/dataset/light_T1/round4_normal/light_T1_r4.pcapng,R4,230,2301.1420907974243,0.012146724622867203,0.5711039490894989,0.26702530723373274,0.14930289848126907,0.0004211205726321738,Light_T1
/home/lmy/iot-device-classification/dataset/light_T1/round4_normal/light_T1_r4.pcapng,R4,231,2314.9265224933624,0.03943349878814795,0.18043917720613217,0.2713012090307451,0.5081317312052225,0.0006943837697522874,Light_T1
/home/lmy/iot-device-classification/dataset/light_T1/round4_normal/light_T1_r4.pcapng,R4,232,2320.033613920212,0.028655866789988712,0.17432361069989086,0.25829431447330814,0.5381423652428234,0.0005838427939887994,Light_T1
/home/lmy/iot-device-classification/dataset/light_T1/round4_normal/light_T1_r4.pcapng,R4,233,2335.130353212357,0.016602826950906875,0.5523528662176563,0.2582193341213279,0.172386411324397,0.00043856138571191127,Light_T1
/home/lmy/iot-device-classification/dataset/light_T1/round4_normal/light_T1_r4.pcapng,R4,234,2341.113500833512,0.016015035555035268,0.46464525928472594,0.33679362831193516,0.18206049701015753,0.00048557983814600587,Light_T1
/home/lmy/iot-device-classification/dataset/light_T1/round4_normal/light_T1_r4.pcapng,R4,235,2353.744557619095,0.0021996516842201813,0.20671552721106737,0.36672292371336873,0.42342861082436745,0.0009332865669763508,Light_T1
/home/lmy/iot-device-classification/dataset/light_T1/round4_normal/light_T1_r4.pcapng,R4,236,2364.8463954925537,0.0007725590604755601,0.16037915844459275,0.8174658749517737,0.02117454125735931,0.00020786628579866825,Light_T1
/home/lmy/iot-device-classification/dataset/light_T1/round4_normal/light_T1_r4.pcapng,R4,237,2370.4343440532684,0.023155597084035258,0.4003063366643461,0.3683237322689315,0.20763060154164337,0.0005837324410436174,Light_T1
/home/lmy/iot-device-classification/dataset/light_T1/round4_normal/light_T1_r4.pcapng,R4,238,2383.5690467357635,0.018349001077773645,0.36973274281336804,0.03852858348076473,0.5726151490140399,0.0007745236140536712,Light_T1
/home/lmy/iot-device-classification/dataset/light_T1/round4_normal/light_T1_r4.pcapng,R4,239,2393.982351541519,0.015018811580835968,0.5916486844230884,0.24273377360789578,0.15019202062413725,0.00040670976404247447,Light_T1
/home/lmy/iot-device-classification/dataset/light_T1/round4_normal/light_T1_r4.pcapng,R4,240,2404.366964817047,0.012982543230699795,0.5516844824980601,0.2997736954473901,0.13514049835255212,0.00041878047129795276,Light_T1
/home/lmy/iot-device-classification/dataset/light_T1/round4_normal/light_T1_r4.pcapng,R4,241,2413.802286863327,0.026052581530474465,0.07237217588923567,0.11742995751109574,0.7836392637999718,0.0005060212692221262,Light_T1
/home/lmy/iot-device-classification/dataset/light_T1/round4_normal/light_T1_r4.pcapng,R4,242,2420.755914449692,0.01535048246241029,0.5843182149693135,0.25308912634987235,0.1468238129673523,0.00041836325105151426,Light_T1
/home/lmy/iot-device-classification/dataset/light_T1/round4_normal/light_T1_r4.pcapng,R4,243,2431.113828420639,0.016606608458304736,0.3251944903106265,0.4402355203382482,0.217400255744569,0.000563125148251603,Light_T1
/home/lmy/iot-device-classification/dataset/light_T1/round4_normal/light_T1_r4.pcapng,R4,244,2442.137633085251,0.02158073813751755,0.15025946801016862,0.09518255322012141,0.7324650445405096,0.0005121960916827355,Light_T1
/home/lmy/iot-device-classification/dataset/light_T1/round4_normal/light_T1_r4.pcapng,R4,245,2450.914564371109,0.019750562704623126,0.5080065390409192,0.2935144350252723,0.1782313399595713,0.0004971232696140237,Light_T1
/home/lmy/iot-device-classification/dataset/light_T1/round4_normal/light_T1_r4.pcapng,R4,246,2464.6869184970856,0.015832347608768397,0.5248486173571332,0.2850633624065128,0.1738044635194305,0.0004512091081552204,Light_T1
/home/lmy/iot-device-classification/dataset/light_T1/round4_normal/light_T1_r4.pcapng,R4,247,2473.8652625083923,0.004866938071192092,0.7166263005820492,0.12944018829460818,0.14838492146107965,0.0006816515910709185,Light_T1
/home/lmy/iot-device-classification/dataset/light_T1/round4_normal/light_T1_r4.pcapng,R4,248,2480.3766388893127,0.012558717320534277,0.3652874478092961,0.38075042327130615,0.24083223704923373,0.0005711745496297908,Light_T1
/home/lmy/iot-device-classification/dataset/light_T1/round4_normal/light_T1_r4.pcapng,R4,249,2491.11150431633,0.022633940523553577,0.30959353034739545,0.37262924037993284,0.2945478294176123,0.0005954593315058614,Light_T1
/home/lmy/iot-device-classification/dataset/light_T1/round4_normal/light_T1_r4.pcapng,R4,250,2503.9056351184845,0.022811120011124435,0.35360805810132595,0.0749563328853205,0.5477626395356585,0.0008618494665706566,Light_T1
/home/lmy/iot-device-classification/dataset/light_T1/round4_normal/light_T1_r4.pcapng,R4,251,2511.3143684864044,0.020178393042210776,0.45894744117447467,0.32153688347028897,0.19880443397807757,0.0005328483349479215,Light_T1
/home/lmy/iot-device-classification/dataset/light_T1/round4_normal/light_T1_r4.pcapng,R4,252,2521.113084793091,0.0353680755735245,0.2784895809530937,0.3057890267344677,0.37954980133951244,0.0008035153994016928,Light_T1
/home/lmy/iot-device-classification/dataset/light_T1/round4_normal/light_T1_r4.pcapng,R4,253,2533.927190065384,0.035389634672685875,0.08956256661507543,0.18217621417801222,0.6922623717878084,0.0006092127464181266,Light_T1
/home/lmy/iot-device-classification/dataset/light_T1/round4_normal/light_T1_r4.pcapng,R4,254,2541.5544517040253,0.015998577791273293,0.5750944846548804,0.25264680894089314,0.1558206989539187,0.00043942965903433115,Light_T1
/home/lmy/iot-device-classification/dataset/light_T1/round4_normal/light_T1_r4.pcapng,R4,255,2554.1272797584534,0.015928759932456692,0.551575405177865,0.24455314158783079,0.18747894668072274,0.0004637466211248517,Light_T1
/home/lmy/iot-device-classification/dataset/light_T1/round4_normal/light_T1_r4.pcapng,R4,256,2563.953982830048,0.019014245385135308,0.31498576013487867,0.050574946418890813,0.6147437492819624,0.0006812987791328051,Light_T1
/home/lmy/iot-device-classification/dataset/light_T1/round4_normal/light_T1_r4.pcapng,R4,257,2571.144200325012,0.02180102845675728,0.46741205958292487,0.3154162800869642,0.1948214867904451,0.0005491450829085696,Light_T1
/home/lmy/iot-device-classification/dataset/light_T1/round4_normal/light_T1_r4.pcapng,R4,258,2585.3261613845825,0.010772615311335778,0.67320025404286,0.06816722909616228,0.2473556561526237,0.0005042453970182814,Light_T1
/home/lmy/iot-device-classification/dataset/light_T1/round4_normal/light_T1_r4.pcapng,R4,259,2593.9828476905823,0.009901075004042277,0.6558270074181335,0.15761392230338797,0.1758372989704253,0.0008206963040109631,Light_T1
/home/lmy/iot-device-classification/dataset/light_T1/round4_normal/light_T1_r4.pcapng,R4,260,2601.9755957126617,0.031056513929988382,0.3832082933554623,0.3351702962423036,0.2499157957035188,0.0006491007687267959,Light_T1
/home/lmy/iot-device-classification/dataset/light_T1/round4_normal/light_T1_r4.pcapng,R4,261,2611.1124432086945,0.021916661078067664,0.45094926601520663,0.3186813791397781,0.2079034759080802,0.000549217858867499,Light_T1
/home/lmy/iot-device-classification/dataset/light_T1/round4_normal/light_T1_r4.pcapng,R4,262,2624.011287689209,0.0035863353240356975,0.8675214644320838,0.07471747008934072,0.05374506642061632,0.000429663733923431,Light_T1
/home/lmy/iot-device-classification/dataset/light_T1/round4_normal/light_T1_r4.pcapng,R4,263,2632.19553732872,0.013711375731509363,0.5693278645458689,0.2775785355421243,0.13897060407296594,0.0004116201075314546,Light_T1
/home/lmy/iot-device-classification/dataset/light_T1/round4_normal/light_T1_r4.pcapng,R4,264,2645.6566739082336,0.013776247145185164,0.5520416171077412,0.28525608237944217,0.14848639155339016,0.0004396618142411847,Light_T1
/home/lmy/iot-device-classification/dataset/light_T1/round4_normal/light_T1_r4.pcapng,R4,265,2654.0553402900696,0.019609694303240034,0.36363008926502116,0.03448426525888032,0.5815422199019167,0.0007337312709418028,Light_T1
/home/lmy/iot-device-classification/dataset/light_T1/round4_normal/light_T1_r4.pcapng,R4,266,2661.1432571411133,1.7209040242983087e-05,0.07788209609131141,0.9107449828153922,0.011182929760365796,0.00017278229268770213,Light_T1
/home/lmy/iot-device-classification/dataset/light_T1/round4_normal/light_T1_r4.pcapng,R4,267,2676.8513300418854,0.016367784576425445,0.5184503245763027,0.29049301292569624,0.17421600819333402,0.0004728697282417618,Light_T1
/home/lmy/iot-device-classification/dataset/light_T1/round4_normal/light_T1_r4.pcapng,R4,268,2680.3112807273865,0.016454144289716473,0.6664773284206725,0.10844012328642486,0.2079152741910993,0.0007131298120870344,Light_T1
/home/lmy/iot-device-classification/dataset/light_T1/round4_normal/light_T1_r4.pcapng,R4,269,2692.514862060547,0.013721126398015352,0.6200356571587394,0.23182868116089447,0.13403265561173475,0.00038187967061612926,Light_T1
/home/lmy/iot-device-classification/dataset/light_T1/round4_normal/light_T1_r4.pcapng,R4,270,2701.1241595745087,0.015008994943910139,0.5929806973687268,0.24343771157669192,0.1481642645679153,0.0004083315427557442,Light_T1
/home/lmy/iot-device-classification/dataset/light_T1/round4_normal/light_T1_r4.pcapng,R4,271,2714.1050782203674,0.0005753092040488123,0.27172108727175254,0.41942986632546925,0.30749765723881933,0.0007760799599099581,Light_T1
/home/lmy/iot-device-classification/dataset/light_T1/round4_normal/light_T1_r4.pcapng,R4,272,2724.6865544319157,0.014608781150588465,0.5790970801531704,0.2592245016021208,0.14665677105423108,0.00041286603988923435,Light_T1
/home/lmy/iot-device-classification/dataset/light_T1/round4_normal/light_T1_r4.pcapng,R4,273,2731.112122297287,0.018346656474222144,0.5185652335092493,0.30946138116486815,0.15314185958281645,0.0004848692688438958,Light_T1
/home/lmy/iot-device-classification/dataset/light_T1/round4_normal/light_T1_r4.pcapng,R4,274,2744.135319709778,0.0006936092870627297,0.40540113225201196,0.4712368378166601,0.1220600853840072,0.0006083352602579348,Light_T1
/home/lmy/iot-device-classification/dataset/light_T1/round4_normal/light_T1_r4.pcapng,R4,275,2755.886642932892,0.013378447868576063,0.6078799325290729,0.2457785878546038,0.13257651460243144,0.00038651714531583674,Light_T1
/home/lmy/iot-device-classification/dataset/light_T1/round4_normal/light_T1_r4.pcapng,R4,276,2766.2888102531438,0.014225650734549528,0.6154570380247956,0.231984251136711,0.13794446637955946,0.0003885937243843286,Light_T1
/home/lmy/iot-device-classification/dataset/light_T1/round4_normal/light_T1_r4.pcapng,R4,277,2773.153980493545,0.010668108764852725,0.4719185598724064,0.3390345161499871,0.17788735478797005,0.0004914604247838514,Light_T1
/home/lmy/iot-device-classification/dataset/light_T1/round4_normal/light_T1_r4.pcapng,R4,278,2785.006573200226,0.013773296111827756,0.6175789867147639,0.23217063753994135,0.13609225166397212,0.00038482796949500714,Light_T1
/home/lmy/iot-device-classification/dataset/light_T1/round4_normal/light_T1_r4.pcapng,R4,279,2791.1105167865758,0.018365854669959856,0.5213749483257619,0.2809319116793118,0.17884369655451376,0.000483588770452693,Light_T1
/home/lmy/iot-device-classification/dataset/light_T1/round4_normal/light_T1_r4.pcapng,R4,280,2804.1963477134705,0.012156768127368342,0.46641401013230277,0.3526153331610594,0.16833674347436373,0.0004771451049057522,Light_T1
/home/lmy/iot-device-classification/dataset/light_T1/round4_normal/light_T1_r4.pcapng,R4,281,2810.112330913544,0.01363259347543938,0.5740907340418224,0.2780541020173551,0.13380553837988968,0.00041703208549338355,Light_T1
/home/lmy/iot-device-classification/dataset/light_T1/round4_normal/light_T1_r4.pcapng,R4,282,2820.45330286026,0.00920743465178492,0.40005069460899156,0.4205535104774688,0.1696432912416656,0.0005450690200890555,Light_T1
/home/lmy/iot-device-classification/dataset/light_T1/round4_normal/light_T1_r4.pcapng,R4,283,2834.22954249382,0.007491618860709895,0.3341052910464742,0.5415478094156156,0.11641690106829736,0.0004383796089029592,Light_T1
/home/lmy/iot-device-classification/dataset/light_T1/round4_normal/light_T1_r4.pcapng,R4,284,2841.142220497132,0.016893147993790627,0.5851144737316324,0.2344152683611647,0.1631331774835578,0.00044393242985462576,Light_T1
/home/lmy/iot-device-classification/dataset/light_T1/round4_normal/light_T1_r4.pcapng,R4,285,2851.1268606185918,0.015035958386355354,0.5669585713267408,0.26611723371937884,0.15146387132478037,0.0004243652427445992,Light_T1
/home/lmy/iot-device-classification/dataset/light_T1/round4_normal/light_T1_r4.pcapng,R4,286,2864.2530601024628,0.0017382051094692586,0.5333539614963988,0.4333096445483084,0.031159028074009,0.00043916077181463886,Light_T1
/home/lmy/iot-device-classification/dataset/light_T1/round4_normal/light_T1_r4.pcapng,R4,287,2876.526899576187,0.010805860190368619,0.5033678438930257,0.3650952990991831,0.12031593564487561,0.00041506117254687164,Light_T1
/home/lmy/iot-device-classification/dataset/light_T1/round4_normal/light_T1_r4.pcapng,R4,288,2881.1243760585785,0.013589238253209707,0.5695696494166604,0.2756038276987994,0.14081826995633184,0.0004190146749986495,Light_T1
/home/lmy/iot-device-classification/dataset/light_T1/round4_normal/light_T1_r4.pcapng,R4,289,2892.140306711197,0.000862350790257703,0.25699011118710857,0.6391825238794873,0.10241827911271487,0.0005467350304316786,Light_T1
/home/lmy/iot-device-classification/dataset/light_T1/round4_normal/light_T1_r4.pcapng,R4,290,2907.3358771800995,0.015241640931885332,0.4844729957799434,0.32294818627802063,0.17683319161045047,0.0005039853997002875,Light_T1
/home/lmy/iot-device-classification/dataset/light_T1/round4_normal/light_T1_r4.pcapng,R4,291,2915.478229522705,0.019796328109297465,0.3313555610124666,0.4132426504193228,0.23500739694258913,0.0005980635163239087,Light_T1
/home/lmy/iot-device-classification/dataset/light_T1/round4_normal/light_T1_r4.pcapng,R4,292,2924.312272310257,0.008422249306767146,0.39419079956256126,0.43199880434836574,0.16476844341019642,0.0006197033721095282,Light_T1
/home/lmy/iot-device-classification/dataset/light_T1/round4_normal/light_T1_r4.pcapng,R4,293,2931.1424016952515,0.01599945144058033,0.5472647360870002,0.2906463869665458,0.14564361571233758,0.0004458097935359946,Light_T1
/home/lmy/iot-device-classification/dataset/light_T1/round4_normal/light_T1_r4.pcapng,R4,294,2947.248914003372,0.013739070287932571,0.6202420548779561,0.22993426062056094,0.1357014672731039,0.00038314694044651836,Light_T1
/home/lmy/iot-device-classification/dataset/light_T1/round4_normal/light_T1_r4.pcapng,R4,295,2954.342179298401,0.002863993764444139,0.7938597245091477,0.13106490103748983,0.0717063239926716,0.0005050566962467229,Light_T1
/home/lmy/iot-device-classification/dataset/light_T1/round4_normal/light_T1_r4.pcapng,R4,296,2967.4004287719727,0.024832402382855525,0.4796326579208457,0.14940775130742676,0.3455540010559599,0.0005731873329121857,Light_T1
/home/lmy/iot-device-classification/dataset/light_T1/round4_normal/light_T1_r4.pcapng,R4,297,2970.062445640564,0.021413866846208905,0.3788068557919251,0.25296625532214817,0.3462126095192325,0.0006004125204853802,Light_T1
/home/lmy/iot-device-classification/dataset/light_T1/round4_normal/light_T1_r4.pcapng,R4,298,2980.100150346756,0.0016965726043018368,0.2794742417888906,0.6523607576465503,0.06606344003434808,0.00040498792590910513,Light_T1
/home/lmy/iot-device-classification/dataset/light_T1/round4_normal/light_T1_r4.pcapng,R4,299,2990.150146007538,0.000745091538554197,0.42521129064132535,0.48598490445076603,0.0873860258553892,0.0006726875139653756,Light_T1
/home/lmy/iot-device-classification/dataset/light_T1/round4_normal/light_T1_r4.pcapng,R4,300,3000.289716720581,0.0131076939803983,0.5923844125042362,0.26130703657461685,0.13280766012592388,0.00039319681482480686,Light_T1
/home/lmy/iot-device-classification/dataset/light_T1/round4_normal/light_T1_r4.pcapng,R4,301,3010.190716743469,0.002939452106522907,0.6443715553201618,0.29295820108330173,0.05915435269331142,0.0005764387967019715,Light_T1
/home/lmy/iot-device-classification/dataset/light_T1/round4_normal/light_T1_r4.pcapng,R4,302,3020.1899604797363,0.013173686665801302,0.5945098322669375,0.25163333715465036,0.14027859691777908,0.00040454699483170273,Light_T1
/home/lmy/iot-device-classification/dataset/light_T1/round4_normal/light_T1_r4.pcapng,R4,303,3030.0924773216248,0.013901125691290466,0.6197113988620416,0.13538037228012847,0.23055002927497528,0.0004570738915641582,Light_T1
/home/lmy/iot-device-classification/dataset/light_T1/round4_normal/light_T1_r4.pcapng,R4,304,3040.00044798851,0.01144873554641866,0.4753475074979291,0.38025427764739794,0.1325088423333638,0.0004406369748906166,Light_T1
/home/lmy/iot-device-classification/dataset/light_T1/round4_normal/light_T1_r4.pcapng,R4,305,3050.0006647109985,0.02784818797570889,0.2142062732371345,0.030842360392817996,0.7263480583000871,0.0007551200942514204,Light_T1
/home/lmy/iot-device-classification/dataset/light_T1/round4_normal/light_T1_r4.pcapng,R4,306,3060.8346786499023,0.019779819895300012,0.5167214708532569,0.2738095060667803,0.18919183620956642,0.0004973669750964345,Light_T1
/home/lmy/iot-device-classification/dataset/light_T1/round4_normal/light_T1_r4.pcapng,R4,307,3072.17769241333,0.011325158680148575,0.6653148997843866,0.12680484853128507,0.19590843499139837,0.0006466580127813554,Light_T1
/home/lmy/iot-device-classification/dataset/light_T1/round4_normal/light_T1_r4.pcapng,R4,308,3080.139945268631,0.016179171342130847,0.28763559968321656,0.45844118328964845,0.23718707662667662,0.0005569690583275088,Light_T1
/home/lmy/iot-device-classification/dataset/light_T1/round4_normal/light_T1_r4.pcapng,R4,309,3090.215354681015,0.006676171966860204,0.5765713927183166,0.3134856803439124,0.10255935354571302,0.0007074014251976191,Light_T1
/home/lmy/iot-device-classification/dataset/light_T1/round4_normal/light_T1_r4.pcapng,R4,310,3100.295728445053,0.010939083820844348,0.6420225060633112,0.15442718339288836,0.19215049881370436,0.0004607279092516722,Light_T1
/home/lmy/iot-device-classification/dataset/light_T1/round4_normal/light_T1_r4.pcapng,R4,311,3110.359422445297,0.013157155093520431,0.6110873013485109,0.2409255331889455,0.1344425794447813,0.00038743092424192336,Light_T1
/home/lmy/iot-device-classification/dataset/light_T1/round4_normal/light_T1_r4.pcapng,R4,312,3120.426615715027,0.007478507604407083,0.33940851838650704,0.5366028385522076,0.1159961819055005,0.0005139535513777201,Light_T1
/home/lmy/iot-device-classification/dataset/light_T1/round4_normal/light_T1_r4.pcapng,R4,313,3130.471435070038,0.00033204930057137465,0.2315151044147019,0.6948799474688435,0.07276635701604935,0.0005065417998337692,Light_T1
/home/lmy/iot-device-classification/dataset/light_T1/round4_normal/light_T1_r4.pcapng,R4,314,3140.539906978607,0.014261354681156628,0.5800456710253769,0.25893867573028,0.14634295066973518,0.0004113478934513476,Light_T1
/home/lmy/iot-device-classification/dataset/light_T1/round4_normal/light_T1_r4.pcapng,R4,315,3150.603569507599,0.017519789538332834,0.5736421192179928,0.2394975661201429,0.16889003654698045,0.00045048857655103145,Light_T1
/home/lmy/iot-device-classification/dataset/light_T1/round4_normal/light_T1_r4.pcapng,R4,316,3160.723982334137,0.0004956733256808742,0.2790081155847538,0.5895733456078068,0.1303046299136169,0.0006182355681416239,Light_T1
/home/lmy/iot-device-classification/dataset/light_T1/round4_normal/light_T1_r4.pcapng,R4,317,3170.778931617737,0.015937903226522873,0.6037060941080783,0.22449066605415446,0.1554526178945279,0.00041271871671636314,Light_T1
/home/lmy/iot-device-classification/dataset/light_T1/round4_normal/light_T1_r4.pcapng,R4,318,3180.8213675022125,0.014312567020653718,0.619261461436654,0.22791904342274918,0.1381199898018004,0.0003869383181426945,Light_T1
/home/lmy/iot-device-classification/dataset/light_T1/round4_normal/light_T1_r4.pcapng,R4,319,3190.868147611618,0.00037767354080042904,0.3113506160307249,0.6083762846521975,0.07935630474319362,0.00053912103308353,Light_T1
/home/lmy/iot-device-classification/dataset/light_T1/round4_normal/light_T1_r4.pcapng,R4,320,3201.01696395874,0.015595056299165171,0.5788183896649589,0.25483364857968394,0.1503286580972571,0.0004242473589349572,Light_T1
/home/lmy/iot-device-classification/dataset/light_T1/round4_normal/light_T1_r4.pcapng,R4,321,3211.023355722428,0.014935372821497926,0.5357841350847028,0.297442073532275,0.1513937122938773,0.0004447062676469616,Light_T1
/home/lmy/iot-device-classification/dataset/light_T1/round4_normal/light_T1_r4.pcapng,R4,322,3221.171087503433,0.01192285299672747,0.5991435363436518,0.2510306473005212,0.1373109817146591,0.0005919816444404351,Light_T1
/home/lmy/iot-device-classification/dataset/light_T1/round4_normal/light_T1_r4.pcapng,R4,323,3231.128885507584,0.015504620762953713,0.5827606472390782,0.21782719015690089,0.18346249943112056,0.00044504240994662166,Light_T1
/home/lmy/iot-device-classification/dataset/light_T1/round4_normal/light_T1_r4.pcapng,R4,324,3241.111367225647,0.021825111314813628,0.5063108806995881,0.03848705627992458,0.43257926301885063,0.0007976886868230627,Light_T1
/home/lmy/iot-device-classification/dataset/light_T1/round4_normal/light_T1_r4.pcapng,R4,325,3251.264580488205,0.020168097609859027,0.45506262898916133,0.06889113053564307,0.4549797504272331,0.0008983924381034769,Light_T1
/home/lmy/iot-device-classification/dataset/light_T1/round4_normal/light_T1_r4.pcapng,R4,326,3261.3220257759094,0.01591171132523392,0.5950477390954082,0.23924396251611496,0.14938192260174937,0.00041466446149363554,Light_T1
/home/lmy/iot-device-classification/dataset/light_T1/round4_normal/light_T1_r4.pcapng,R4,327,3271.435034751892,0.01794280639243738,0.481087593029683,0.26006797408851273,0.24034949909639913,0.0005521273929678115,Light_T1
/home/lmy/iot-device-classification/dataset/light_T1/round4_normal/light_T1_r4.pcapng,R4,328,3280.3810880184174,0.02006105584643825,0.33909574223122146,0.02866254218992045,0.6114669394831267,0.0007137202492931126,Light_T1
/home/lmy/iot-device-classification/dataset/light_T1/round4_normal/light_T1_r4.pcapng,R4,329,3291.1428945064545,0.01716265245051852,0.5742463752915962,0.23106828219796338,0.17706467124334557,0.0004580188165763839,Light_T1
/home/lmy/iot-device-classification/dataset/light_T1/round4_normal/light_T1_r4.pcapng,R4,330,3301.6235275268555,0.01906242056196371,0.5227304637116739,0.251010322855739,0.20672323541234358,0.0004735574582798605,Light_T1
/home/lmy/iot-device-classification/dataset/light_T1/round4_normal/light_T1_r4.pcapng,R4,331,3311.6966490745544,0.01807081391626585,0.40811911881291046,0.042048161661643976,0.5309652957982073,0.0007966098109725022,Light_T1
/home/lmy/iot-device-classification/dataset/light_T1/round4_normal/light_T1_r4.pcapng,R4,332,3321.721424102783,0.016992086723325445,0.5971308703854354,0.23116566231582036,0.1542859896513968,0.0004253909240219374,Light_T1
/home/lmy/iot-device-classification/dataset/light_T1/round4_normal/light_T1_r4.pcapng,R4,333,3331.108699321747,0.01888668414516539,0.473156857169874,0.3518989448400112,0.15553874527292746,0.0005187685720220622,Light_T1
/home/lmy/iot-device-classification/dataset/light_T1/round4_normal/light_T1_r4.pcapng,R4,334,3341.8752415180206,0.000579247239340717,0.291930894665695,0.5513246850906969,0.15545525116160228,0.000709921842665084,Light_T1
/home/lmy/iot-device-classification/dataset/light_T1/round4_normal/light_T1_r4.pcapng,R4,335,3352.100694179535,0.013354431901564413,0.6180458147682473,0.20316476341987277,0.16500828601059156,0.00042670389972402544,Light_T1
/home/lmy/iot-device-classification/dataset/light_T1/round4_normal/light_T1_r4.pcapng,R4,336,3362.036130905152,0.014526721979981281,0.5991956232233235,0.23449705599671153,0.15136237565849955,0.00041822314148416137,Light_T1
/home/lmy/iot-device-classification/dataset/light_T1/round4_normal/light_T1_r4.pcapng,R4,337,3372.134481906891,0.014929581091916057,0.5616643969292506,0.0569559332526857,0.36564005737348865,0.0008100313526589725,Light_T1
/home/lmy/iot-device-classification/dataset/light_T1/round4_normal/light_T1_r4.pcapng,R4,338,3381.1440954208374,0.015886324529461527,0.5658746104965071,0.26005125059789536,0.157744189955488,0.0004436244206480937,Light_T1
/home/lmy/iot-device-classification/dataset/light_T1/round4_normal/light_T1_r4.pcapng,R4,339,3392.176847219467,0.014262298301381815,0.5457225036462144,0.29364178261484214,0.14594179352667078,0.00043162191089074313,Light_T1
/home/lmy/iot-device-classification/dataset/light_T1/round4_normal/light_T1_r4.pcapng,R4,340,3402.2366259098053,0.027929353741131417,0.14222260080155766,0.1040241641104888,0.7253484921009021,0.0004753892459199333,Light_T1
/home/lmy/iot-device-classification/dataset/light_T1/round4_normal/light_T1_r4.pcapng,R4,341,3412.4206142425537,0.014682479935575898,0.5658594906701004,0.2699193563579271,0.1491115484988816,0.0004271245375150887,Light_T1
/home/lmy/iot-device-classification/dataset/light_T1/round4_normal/light_T1_r4.pcapng,R4,342,3421.109601259232,0.009303890469918022,0.7093634438719073,0.14755607330068465,0.13307172816996493,0.0007048641875249248,Light_T1
/home/lmy/iot-device-classification/dataset/light_T1/round4_normal/light_T1_r4.pcapng,R4,343,3432.466712474823,0.011356813983386088,0.6890658711985178,0.07146018338192461,0.22736005638164228,0.0007570750545291333,Light_T1
/home/lmy/iot-device-classification/dataset/light_T1/round4_normal/light_T1_r4.pcapng,R4,344,3442.5137650966644,0.015176636780781513,0.598399781819788,0.23669280777262258,0.1493244491821474,0.00040632444466056917,Light_T1
/home/lmy/iot-device-classification/dataset/light_T1/round4_normal/light_T1_r4.pcapng,R4,345,3451.1095654964447,0.015973086971772438,0.568570814639936,0.2598894208147391,0.15512444509294696,0.0004422324806056273,Light_T1
/home/lmy/iot-device-classification/dataset/light_T1/round4_normal/light_T1_r4.pcapng,R4,346,3462.6496992111206,0.00034946359472528345,0.3258750044224144,0.5532186749236953,0.11990872447297996,0.0006481325861851509,Light_T1
/home/lmy/iot-device-classification/dataset/light_T1/round4_normal/light_T1_r4.pcapng,R4,347,3471.142843961716,0.01739963133919987,0.5513827971944798,0.25823813896315423,0.17252173797586254,0.000457694527303587,Light_T1
/home/lmy/iot-device-classification/dataset/light_T1/round4_normal/light_T1_r4.pcapng,R4,348,3483.8715727329254,0.013317675131875996,0.597366980238525,0.2591001410624041,0.12982088512897916,0.00039431843821589196,Light_T1
/home/lmy/iot-device-classification/dataset/light_T1/round4_normal/light_T1_r4.pcapng,R4,349,3492.845641136169,0.019529951378703857,0.36728256516428576,0.3329540636146993,0.27964531691638367,0.0005881029259272865,Light_T1
/home/lmy/iot-device-classification/dataset/light_T1/round4_normal/light_T1_r4.pcapng,R4,350,3502.9142792224884,0.016121512152252673,0.5983339912247054,0.230529716358148,0.15458371258299325,0.00043106768190067453,Light_T1
/home/lmy/iot-device-classification/dataset/light_T1/round4_normal/light_T1_r4.pcapng,R4,351,3511.1110525131226,0.014176501045263976,0.33077565725019353,0.2831010615008058,0.3713062113367454,0.0006405688669913095,Light_T1
/home/lmy/iot-device-classification/dataset/light_T1/round4_normal/light_T1_r4.pcapng,R4,352,3523.0343160629272,0.021121885785049855,0.3985108257854583,0.2852966808091345,0.2944619601195139,0.0006086475008434354,Light_T1
/home/lmy/iot-device-classification/dataset/light_T1/round4_normal/light_T1_r4.pcapng,R4,353,3533.119133234024,0.013809425869289996,0.6092608420801392,0.23888924967625288,0.13765150273456653,0.0003889796397515321,Light_T1
/home/lmy/iot-device-classification/dataset/light_T1/round4_normal/light_T1_r4.pcapng,R4,354,3543.248578310013,0.01373835924729392,0.6167540765073818,0.23453693864977812,0.13458709095285235,0.00038353464269383044,Light_T1
/home/lmy/iot-device-classification/dataset/light_T1/round4_normal/light_T1_r4.pcapng,R4,355,3553.272077322006,0.02324690724577788,0.10743363269343953,0.04298548841908119,0.825952514971147,0.00038145667055452533,Light_T1
/home/lmy/iot-device-classification/dataset/light_T1/round4_normal/light_T1_r4.pcapng,R4,356,3561.141973257065,0.0055901062377046295,0.2856304273270547,0.6402592542816031,0.06812979495168622,0.00039041720195128393,Light_T1
/home/lmy/iot-device-classification/dataset/light_T1/round4_normal/light_T1_r4.pcapng,R4,357,3571.1213097572327,0.014163313040008054,0.5971374360780842,0.24464717706183348,0.14364289770875222,0.0004091761113220098,Light_T1
/home/lmy/iot-device-classification/dataset/light_T1/round4_normal/light_T1_r4.pcapng,R4,358,3583.516790390014,0.016542791718738747,0.5197845042655048,0.2656915135603017,0.1975102906349767,0.0004708998204781701,Light_T1
/home/lmy/iot-device-classification/dataset/light_T1/round4_normal/light_T1_r4.pcapng,R4,359,3593.53786444664,0.014152443850826596,0.6274895183424519,0.2205776584189544,0.13740029607036694,0.0003800833174001153,Light_T1
/home/lmy/iot-device-classification/dataset/light_T1/round4_normal/light_T1_r4.pcapng,R4,360,3601.1088738441467,0.016260578018557553,0.6046902941217301,0.03852528468861667,0.33982810619323445,0.000695736977861157,Light_T1
/home/lmy/iot-device-classification/dataset/light_T1/round4_normal/light_T1_r4.pcapng,R4,361,3613.675430297852,0.019536924929616364,0.39268047383408156,0.051522966278134644,0.535754925799536,0.0005047091586313882,Light_T1
/home/lmy/iot-device-classification/dataset/light_T1/round4_normal/light_T1_r4.pcapng,R4,362,3625.3270015716553,0.016195986755663947,0.7071597834059666,0.07825264916851318,0.19747497686223806,0.0009166038076181904,Light_T1
/home/lmy/iot-device-classification/dataset/light_T1/round4_normal/light_T1_r4.pcapng,R4,363,3635.726821899414,0.02404835145002298,0.21493573348470987,0.02419118594587826,0.7361156427377704,0.0007090863816184939,Light_T1
/home/lmy/iot-device-classification/dataset/light_T1/round4_normal/light_T1_r4.pcapng,R4,364,3644.777440309525,0.01688573364011021,0.4555705628538983,0.051105938464068586,0.4755949520044714,0.0008428130374516444,Light_T1
/home/lmy/iot-device-classification/dataset/light_xm/round4_normal/light_xm_r4.pcapng,R4,0,0.0,0.007100804786152716,0.37343483990671134,0.5379812435889118,0.08106613099377676,0.00041698072444729524,Light_XM
/home/lmy/iot-device-classification/dataset/light_xm/round4_normal/light_xm_r4.pcapng,R4,1,10.461518287658691,6.219635841679467e-06,0.05790453893714928,0.9375636495478052,0.004420172697830452,0.00010541918137328121,Light_XM
/home/lmy/iot-device-classification/dataset/light_xm/round4_normal/light_xm_r4.pcapng,R4,2,20.490586280822757,0.0029462791442380377,0.3155662593889821,0.621024885225717,0.06012089350560921,0.00034168273545365327,Light_XM
/home/lmy/iot-device-classification/dataset/light_xm/round4_normal/light_xm_r4.pcapng,R4,3,30.59868812561035,0.010225349113680773,0.3171075015945232,0.4968751772865777,0.17526158514382262,0.0005303868613956482,Light_XM
/home/lmy/iot-device-classification/dataset/light_xm/round4_normal/light_xm_r4.pcapng,R4,4,40.66239953041077,8.901207576341739e-06,0.059699259746440504,0.9339567483545841,0.006211425621251089,0.0001236650701480416,Light_XM
/home/lmy/iot-device-classification/dataset/light_xm/round4_normal/light_xm_r4.pcapng,R4,5,50.549107789993286,5.00209528909812e-05,0.16238755654729142,0.8124468600664466,0.02484288782653884,0.0002726746068318771,Light_XM
/home/lmy/iot-device-classification/dataset/light_xm/round4_normal/light_xm_r4.pcapng,R4,6,60.32000660896301,0.004284361620464294,0.311928527561201,0.5666326376018846,0.11661859767869481,0.0005358755377551719,Light_XM
/home/lmy/iot-device-classification/dataset/light_xm/round4_normal/light_xm_r4.pcapng,R4,7,70.7225329875946,1.3567043393003064e-05,0.08325255387848196,0.9078319340328581,0.008745994858067242,0.00015595018719970937,Light_XM
/home/lmy/iot-device-classification/dataset/light_xm/round4_normal/light_xm_r4.pcapng,R4,8,80.92752075195312,1.617707075608764e-05,0.06952826785250768,0.9205510344960172,0.009744695814496466,0.0001598247662224232,Light_XM
/home/lmy/iot-device-classification/dataset/light_xm/round4_normal/light_xm_r4.pcapng,R4,9,90.52117729187012,0.009551706969666712,0.398885445875697,0.4818799353194604,0.10925077504496729,0.00043213679020850937,Light_XM
/home/lmy/iot-device-classification/dataset/light_xm/round4_normal/light_xm_r4.pcapng,R4,10,101.0604841709137,6.646789248975958e-06,0.05156657765595968,0.9445172723826821,0.003812093962349881,9.740920975934466e-05,Light_XM
/home/lmy/iot-device-classification/dataset/light_xm/round4_normal/light_xm_r4.pcapng,R4,11,110.2351758480072,0.014039194503046571,0.24216757493473887,0.5322498196393245,0.2109429201232584,0.0006004907996315979,Light_XM
/home/lmy/iot-device-classification/dataset/light_xm/round4_normal/light_xm_r4.pcapng,R4,12,120.63606905937196,0.007589126082370806,0.42770718604450997,0.477120417056866,0.08720099739238894,0.00038227342386416044,Light_XM
/home/lmy/iot-device-classification/dataset/light_xm/round4_normal/light_xm_r4.pcapng,R4,13,131.34294271469116,1.4406570525623412e-05,0.0733916681040928,0.9166699893658754,0.009764648263461271,0.0001592876960448625,Light_XM
/home/lmy/iot-device-classification/dataset/light_xm/round4_normal/light_xm_r4.pcapng,R4,14,140.54344010353088,2.7503571984070718e-05,0.10559096431128152,0.8812241620883847,0.012960003054179223,0.00019736697417058966,Light_XM
/home/lmy/iot-device-classification/dataset/light_xm/round4_normal/light_xm_r4.pcapng,R4,15,151.48152327537537,0.00020953975601578542,0.2521053380889135,0.6253757116779785,0.12174526256036136,0.0005641479167309562,Light_XM
/home/lmy/iot-device-classification/dataset/light_xm/round4_normal/light_xm_r4.pcapng,R4,16,161.52846121788025,8.6937867609555e-06,0.06387215948044496,0.930063193116326,0.005933232886085379,0.00012272073038259936,Light_XM
/home/lmy/iot-device-classification/dataset/light_xm/round4_normal/light_xm_r4.pcapng,R4,17,170.55240869522095,2.243507241024757e-05,0.09711692767118475,0.8906552371696983,0.012021803107976986,0.0001835969787295559,Light_XM
/home/lmy/iot-device-classification/dataset/light_xm/round4_normal/light_xm_r4.pcapng,R4,18,180.51677060127255,0.04408766360845677,0.2896514468807579,0.3237338217517483,0.34173881718241483,0.0007882505766223065,Light_XM
/home/lmy/iot-device-classification/dataset/light_xm/round4_normal/light_xm_r4.pcapng,R4,19,191.7862765789032,0.001992254322565662,0.20146468756048538,0.770360614383846,0.025953893047119998,0.0002285506859829886,Light_XM
/home/lmy/iot-device-classification/dataset/light_xm/round4_normal/light_xm_r4.pcapng,R4,20,201.75424456596372,0.0002474777086755187,0.18429735359748645,0.6797612064119275,0.1350436570420442,0.0006503052398663046,Light_XM
/home/lmy/iot-device-classification/dataset/light_xm/round4_normal/light_xm_r4.pcapng,R4,21,210.07335138320923,0.019525053828558202,0.3482317032963777,0.05096418723605427,0.5803863078171307,0.0008927478218790727,Light_XM
/home/lmy/iot-device-classification/dataset/light_xm/round4_normal/light_xm_r4.pcapng,R4,22,220.47140765190125,0.0011780030920177603,0.5130984757027129,0.3412931028342328,0.14365248580853052,0.0007779325625059017,Light_XM
/home/lmy/iot-device-classification/dataset/light_xm/round4_normal/light_xm_r4.pcapng,R4,23,232.01312708854675,7.42854442639665e-06,0.054678579058649396,0.9399295091263629,0.005269294963793929,0.00011518830676758445,Light_XM
/home/lmy/iot-device-classification/dataset/light_xm/round4_normal/light_xm_r4.pcapng,R4,24,241.7629554271698,0.028022877777223502,0.26535871700280483,0.04923649553601843,0.6565696813320007,0.0008122283519524251,Light_XM
/home/lmy/iot-device-classification/dataset/light_xm/round4_normal/light_xm_r4.pcapng,R4,25,252.14670777320865,0.00030286042775211325,0.23253647711222314,0.6543663807657047,0.1122002550009944,0.000594026693325442,Light_XM
/home/lmy/iot-device-classification/dataset/light_xm/round4_normal/light_xm_r4.pcapng,R4,26,262.0762438774109,0.0011808606898310913,0.25685467161609515,0.37108503545583155,0.3698113148602352,0.001068117378007065,Light_XM
/home/lmy/iot-device-classification/dataset/light_xm/round4_normal/light_xm_r4.pcapng,R4,27,270.39461183547974,0.023800769743065803,0.4758575451035557,0.09833509310750103,0.40113807904462595,0.0008685130012513988,Light_XM
/home/lmy/iot-device-classification/dataset/light_xm/round4_normal/light_xm_r4.pcapng,R4,28,280.53069496154785,0.01758935947856874,0.4392226210659414,0.4150447377323775,0.12753463521201552,0.000608646511096866,Light_XM
/home/lmy/iot-device-classification/dataset/light_xm/round4_normal/light_xm_r4.pcapng,R4,29,292.3679053783417,0.0004679161834849046,0.3848279704437083,0.5108135795787344,0.10326228543058778,0.0006282483634844693,Light_XM
/home/lmy/iot-device-classification/dataset/light_xm/round4_normal/light_xm_r4.pcapng,R4,30,300.515766620636,0.013556583965054088,0.450832605076232,0.338654180874116,0.1964543063961914,0.0005023236884066316,Light_XM
/home/lmy/iot-device-classification/dataset/light_xm/round4_normal/light_xm_r4.pcapng,R4,31,311.9959843158722,0.010347897499914877,0.4866357154708874,0.3908565534683785,0.11174898398352426,0.00041084957729499346,Light_XM
/home/lmy/iot-device-classification/dataset/light_xm/round4_normal/light_xm_r4.pcapng,R4,32,320.5468990802765,0.0015567344054052046,0.2466127736323712,0.7355508722523322,0.015981921356056014,0.00029769835383543827,Light_XM
/home/lmy/iot-device-classification/dataset/light_xm/round4_normal/light_xm_r4.pcapng,R4,33,331.79897832870483,0.005556745161662522,0.3507809918685912,0.5677685322061744,0.07551656438869161,0.00037716637488028877,Light_XM
/home/lmy/iot-device-classification/dataset/light_xm/round4_normal/light_xm_r4.pcapng,R4,34,342.72849345207214,1.291781574879093e-05,0.07847324998637276,0.9129405074274448,0.008423730691336498,0.00014959407909702872,Light_XM
/home/lmy/iot-device-classification/dataset/light_xm/round4_normal/light_xm_r4.pcapng,R4,35,352.7875685691833,1.3193544499790681e-05,0.06840890634213907,0.9242047878955219,0.007236998996247876,0.00013611322159130747,Light_XM
/home/lmy/iot-device-classification/dataset/light_xm/round4_normal/light_xm_r4.pcapng,R4,36,360.5184426307678,0.008947148825296548,0.5333110016069539,0.32662622396613994,0.13066840225403023,0.00044722334757949113,Light_XM
/home/lmy/iot-device-classification/dataset/light_xm/round4_normal/light_xm_r4.pcapng,R4,37,372.9517905712128,1.4602011455408547e-05,0.06127800962637488,0.9335144853209197,0.005074823400421718,0.00011807964082814477,Light_XM
/home/lmy/iot-device-classification/dataset/light_xm/round4_normal/light_xm_r4.pcapng,R4,38,380.6381838321686,1.2279850798676325e-05,0.08008372191988813,0.912225251491802,0.00753310929040629,0.00014563744710493912,Light_XM
/home/lmy/iot-device-classification/dataset/light_xm/round4_normal/light_xm_r4.pcapng,R4,39,391.82279992103577,0.007927374524244751,0.4024979415047374,0.5013275419417833,0.08785895735758777,0.0003881846716468221,Light_XM
/home/lmy/iot-device-classification/dataset/light_xm/round4_normal/light_xm_r4.pcapng,R4,40,403.1414370536804,0.025914192504628848,0.47078800015860883,0.34715143766385165,0.15556270641915992,0.0005836632537508412,Light_XM
/home/lmy/iot-device-classification/dataset/light_xm/round4_normal/light_xm_r4.pcapng,R4,41,410.5489206314087,7.0882624479148864e-06,0.05518339966240291,0.9399542726950998,0.004743597392016924,0.0001116419880325531,Light_XM
/home/lmy/iot-device-classification/dataset/light_xm/round4_normal/light_xm_r4.pcapng,R4,42,420.5345175266266,0.008299095418941218,0.42329101032937066,0.4791459115549963,0.08886814522678244,0.0003958374699094646,Light_XM
/home/lmy/iot-device-classification/dataset/light_xm/round4_normal/light_xm_r4.pcapng,R4,43,432.6492233276367,3.724564399903057e-05,0.05789390488226979,0.9387658847909937,0.0031943543450086496,0.00010861033772879158,Light_XM
/home/lmy/iot-device-classification/dataset/light_xm/round4_normal/light_xm_r4.pcapng,R4,44,443.039758682251,0.01080132977560305,0.5209520023065616,0.36349174288214586,0.10435176535975788,0.00040315967593163184,Light_XM
/home/lmy/iot-device-classification/dataset/light_xm/round4_normal/light_xm_r4.pcapng,R4,45,450.5244197845459,0.012033852351995554,0.42136860705234946,0.40920997299373124,0.1568760676973982,0.0005114999045254719,Light_XM
/home/lmy/iot-device-classification/dataset/light_xm/round4_normal/light_xm_r4.pcapng,R4,46,463.5500650405884,6.079868127863429e-05,0.12097074669616013,0.8487877902516124,0.029901829832447598,0.00027883453850115626,Light_XM
/home/lmy/iot-device-classification/dataset/light_xm/round4_normal/light_xm_r4.pcapng,R4,47,470.999306678772,8.732515901997553e-06,0.05825748395017165,0.9367166226883322,0.004905424439417811,0.000111736406176357,Light_XM
/home/lmy/iot-device-classification/dataset/light_xm/round4_normal/light_xm_r4.pcapng,R4,48,481.8350989818573,0.025007795998259277,0.22645104995557572,0.45542619213188357,0.292430815142351,0.0006841467719303072,Light_XM
/home/lmy/iot-device-classification/dataset/light_xm/round4_normal/light_xm_r4.pcapng,R4,49,492.96456003189087,0.0002629325396025268,0.1498286669325792,0.7608722576413403,0.0885204009312507,0.0005157419552274667,Light_XM
/home/lmy/iot-device-classification/dataset/light_xm/round4_normal/light_xm_r4.pcapng,R4,50,500.55292534828186,1.3487237154220559e-05,0.07796122697675126,0.9135134921831506,0.00835750016051868,0.00015429344242530408,Light_XM
/home/lmy/iot-device-classification/dataset/light_xm/round4_normal/light_xm_r4.pcapng,R4,51,511.6960849761963,0.013212617330356934,0.5007628092417643,0.3852155263883445,0.10016738062133332,0.0006416664182008965,Light_XM
/home/lmy/iot-device-classification/dataset/light_xm/round4_normal/light_xm_r4.pcapng,R4,52,522.145610332489,0.00016899018727698992,0.2160700427993722,0.742948675192477,0.0403986424844955,0.0004136493363783739,Light_XM
/home/lmy/iot-device-classification/dataset/light_xm/round4_normal/light_xm_r4.pcapng,R4,53,534.0765135288239,0.0003165851238716449,0.20969972760469907,0.6858163743799218,0.10349176251909026,0.0006755503724172464,Light_XM
/home/lmy/iot-device-classification/dataset/light_xm/round4_normal/light_xm_r4.pcapng,R4,54,540.5275423526764,0.029424386268556174,0.1030438646106182,0.10685524346902718,0.7601865881051079,0.0004899175466906235,Light_XM
/home/lmy/iot-device-classification/dataset/light_xm/round4_normal/light_xm_r4.pcapng,R4,55,554.0970945358276,0.00018145554745128492,0.1883778405312216,0.7485090585116919,0.06251166325018383,0.0004199821594514495,Light_XM
/home/lmy/iot-device-classification/dataset/light_xm/round4_normal/light_xm_r4.pcapng,R4,56,563.6848638057709,0.00011401667963470199,0.1418310121704561,0.8137874761256092,0.04388870544166574,0.0003787895826341494,Light_XM
/home/lmy/iot-device-classification/dataset/light_xm/round4_normal/light_xm_r4.pcapng,R4,57,571.9606771469116,0.031816691215327216,0.08460697406435565,0.1315559231440841,0.7515464112961144,0.000474000280118557,Light_XM
/home/lmy/iot-device-classification/dataset/light_xm/round4_normal/light_xm_r4.pcapng,R4,58,584.1277363300323,2.1212764643571e-05,0.09167964050555721,0.8953577492870591,0.012750316616150326,0.00019108082658986905,Light_XM
/home/lmy/iot-device-classification/dataset/light_xm/round4_normal/light_xm_r4.pcapng,R4,59,590.556530714035,0.0004280792552190488,0.21140726841903518,0.6591289505653763,0.12838175155895526,0.0006539502014140924,Light_XM
/home/lmy/iot-device-classification/dataset/light_xm/round4_normal/light_xm_r4.pcapng,R4,60,601.9748210906982,0.018751517898925558,0.3718890305690435,0.3965974154121833,0.21219780164547739,0.0005642344743701536,Light_XM
/home/lmy/iot-device-classification/dataset/light_xm/round4_normal/light_xm_r4.pcapng,R4,61,614.1597120761871,1.412635950147179e-05,0.078137157519942,0.9136129018871582,0.008087714507635228,0.00014809972576328194,Light_XM
/home/lmy/iot-device-classification/dataset/light_xm/round4_normal/light_xm_r4.pcapng,R4,62,621.9292454719543,0.019181177245036502,0.34677545870367327,0.49481334829467516,0.13857441205391555,0.0006556037026995449,Light_XM
/home/lmy/iot-device-classification/dataset/light_xm/round4_normal/light_xm_r4.pcapng,R4,63,630.529949426651,0.021512146978935328,0.4888999608427957,0.2788013244537537,0.2102497851251596,0.0005367825993557902,Light_XM
/home/lmy/iot-device-classification/dataset/light_xm/round4_normal/light_xm_r4.pcapng,R4,64,644.1904633045197,1.5178888443186896e-05,0.05796992567934245,0.9360126737327905,0.005880664968530264,0.00012155673089356275,Light_XM
/home/lmy/iot-device-classification/dataset/light_xm/round4_normal/light_xm_r4.pcapng,R4,65,651.6405532360077,0.0002508756208179564,0.12815589558889925,0.8490150811504859,0.022297240987547196,0.0002809066522498095,Light_XM
/home/lmy/iot-device-classification/dataset/light_xm/round4_normal/light_xm_r4.pcapng,R4,66,660.5312707424164,0.032437734230254346,0.24143334953128032,0.28846428729428014,0.43697935439291863,0.0006852745512667765,Light_XM
/home/lmy/iot-device-classification/dataset/light_xm/round4_normal/light_xm_r4.pcapng,R4,67,670.085325717926,1.3427636259340677e-05,0.0714481723471591,0.9190019891166026,0.009380119870637934,0.00015629102934112745,Light_XM
/home/lmy/iot-device-classification/dataset/light_xm/round4_normal/light_xm_r4.pcapng,R4,68,680.5598750114441,0.0007757697123365751,0.527792651089415,0.38764683677143363,0.0831222008984448,0.0006625415283699758,Light_XM
/home/lmy/iot-device-classification/dataset/light_xm/round4_normal/light_xm_r4.pcapng,R4,69,692.0246303081512,0.02794318168266322,0.13516453019468916,0.016528983643411436,0.8197333649725692,0.0006299395066670452,Light_XM
/home/lmy/iot-device-classification/dataset/light_xm/round4_normal/light_xm_r4.pcapng,R4,70,704.2516055107117,0.00038673711481812924,0.08563795596052264,0.8989890915364175,0.014795354564003195,0.00019086082423860033,Light_XM
/home/lmy/iot-device-classification/dataset/light_xm/round4_normal/light_xm_r4.pcapng,R4,71,710.2342352867126,0.00012455642082967897,0.19978599813183753,0.73245261398031,0.06719843790611121,0.0004383935609116403,Light_XM
/home/lmy/iot-device-classification/dataset/light_xm/round4_normal/light_xm_r4.pcapng,R4,72,720.5322833061218,0.030524369060746254,0.30107578131553225,0.112376957889659,0.5552392934738517,0.0007835982602108179,Light_XM
/home/lmy/iot-device-classification/dataset/light_xm/round4_normal/light_xm_r4.pcapng,R4,73,734.3454723358154,0.00019979579502372462,0.16494654072373957,0.8031263594440201,0.031408922814533106,0.0003183812226834135,Light_XM
/home/lmy/iot-device-classification/dataset/light_xm/round4_normal/light_xm_r4.pcapng,R4,74,744.2936644554138,0.0010411226942059156,0.33054413008700073,0.5034717994993871,0.16447940465923777,0.00046354306016840326,Light_XM
/home/lmy/iot-device-classification/dataset/light_xm/round4_normal/light_xm_r4.pcapng,R4,75,750.5551040172577,0.02854910118308387,0.14429466018211357,0.19942458345567898,0.6271710471849115,0.0005606079942121822,Light_XM
/home/lmy/iot-device-classification/dataset/light_xm/round4_normal/light_xm_r4.pcapng,R4,76,764.314129114151,2.010399174207339e-05,0.08737656685261297,0.8979121165749666,0.01449493395428262,0.00019627862639578895,Light_XM
/home/lmy/iot-device-classification/dataset/light_xm/round4_normal/light_xm_r4.pcapng,R4,77,770.5619730949402,1.3995364832920402e-05,0.06871570214781754,0.922359138753273,0.008752287426765594,0.00015887630731095174,Light_XM
/home/lmy/iot-device-classification/dataset/light_xm/round4_normal/light_xm_r4.pcapng,R4,78,780.5338172912598,0.004363479730542128,0.4589130184519509,0.432359986670146,0.10395365562988967,0.0004098595174711051,Light_XM
/home/lmy/iot-device-classification/dataset/light_xm/round4_normal/light_xm_r4.pcapng,R4,79,790.7968833446503,3.941343077218461e-05,0.10181890575463264,0.8705621648868865,0.02731938366114153,0.0002601322665669419,Light_XM
/home/lmy/iot-device-classification/dataset/light_xm/round4_normal/light_xm_r4.pcapng,R4,80,804.3554096221924,2.7284989167494094e-05,0.04145134900444264,0.9549813707795923,0.0034393368576987157,0.00010065836909897724,Light_XM
/home/lmy/iot-device-classification/dataset/light_xm/round4_normal/light_xm_r4.pcapng,R4,81,810.5570738315582,0.008899421189919265,0.39374469995273215,0.5056709857143866,0.09127521327581611,0.00040967986714590486,Light_XM
/home/lmy/iot-device-classification/dataset/light_xm/round4_normal/light_xm_r4.pcapng,R4,82,823.6929519176483,8.798223466355463e-06,0.053501247283617034,0.9422944082542056,0.004092560790573446,0.0001029854481375716,Light_XM
/home/lmy/iot-device-classification/dataset/light_xm/round4_normal/light_xm_r4.pcapng,R4,83,831.1176493167877,1.3021037931406474e-05,0.07547719897685268,0.9158579829337207,0.008502783455492076,0.00014901359600311302,Light_XM
/home/lmy/iot-device-classification/dataset/light_xm/round4_normal/light_xm_r4.pcapng,R4,84,842.0876121520996,0.02320799412052688,0.42083601726043157,0.2710171422177033,0.2840920094025614,0.0008468369987768695,Light_XM
/home/lmy/iot-device-classification/dataset/light_xm/round4_normal/light_xm_r4.pcapng,R4,85,854.4076042175293,0.0006280082596313336,0.1219661024013409,0.4175119642299204,0.4590548569099497,0.0008390681991577651,Light_XM
/home/lmy/iot-device-classification/dataset/light_xm/round4_normal/light_xm_r4.pcapng,R4,86,860.563562631607,6.876377950824695e-05,0.13546059201132568,0.8258653071201167,0.038270067355308725,0.0003352697337404416,Light_XM
/home/lmy/iot-device-classification/dataset/light_xm/round4_normal/light_xm_r4.pcapng,R4,87,871.4385650157928,0.016284318327859433,0.16856345547328072,0.05266089067135802,0.7619998260496789,0.0004915094778229059,Light_XM
/home/lmy/iot-device-classification/dataset/light_xm/round4_normal/light_xm_r4.pcapng,R4,88,884.438029050827,0.019694454737015005,0.29557096908546215,0.3023670400020876,0.3817672952941991,0.0006002408812360729,Light_XM
/home/lmy/iot-device-classification/dataset/light_xm/round4_normal/light_xm_r4.pcapng,R4,89,891.5942795276642,0.010380245699333126,0.3467499166379759,0.5267370030693224,0.11568313839790469,0.00044969619546401696,Light_XM
/home/lmy/iot-device-classification/dataset/light_xm/round4_normal/light_xm_r4.pcapng,R4,90,900.5423004627228,0.015134557557688864,0.4386102016568558,0.39920591471208355,0.14654892029355118,0.0005004057798205622,Light_XM
/home/lmy/iot-device-classification/dataset/light_xm/round4_normal/light_xm_r4.pcapng,R4,91,911.6805787086488,3.137165852390682e-05,0.10562413671657406,0.8782260971689804,0.015909487603340898,0.0002089068525807287,Light_XM
/home/lmy/iot-device-classification/dataset/light_xm/round4_normal/light_xm_r4.pcapng,R4,92,924.4797496795654,0.004739371568020521,0.2521722913912856,0.6062605801209111,0.13633593043511824,0.0004918264846645841,Light_XM
/home/lmy/iot-device-classification/dataset/light_xm/round4_normal/light_xm_r4.pcapng,R4,93,932.1327419281006,0.02520248601066019,0.24557276445000492,0.2433696983960603,0.48525680717295977,0.0005982439703147342,Light_XM
/home/lmy/iot-device-classification/dataset/light_xm/round4_normal/light_xm_r4.pcapng,R4,94,944.499767780304,0.009370439805630732,0.3703766656394806,0.5313732259049712,0.0884577961664657,0.00042187248345175834,Light_XM
/home/lmy/iot-device-classification/dataset/light_xm/round4_normal/light_xm_r4.pcapng,R4,95,950.5666563510896,0.017249742776210483,0.34908944294298244,0.4067537241310475,0.2263603036873901,0.0005467864623694195,Light_XM
/home/lmy/iot-device-classification/dataset/light_xm/round4_normal/light_xm_r4.pcapng,R4,96,962.1431827545166,0.023605048627699306,0.18581717360415012,0.17223439984901437,0.6177654918706168,0.0005778860485193728,Light_XM
/home/lmy/iot-device-classification/dataset/light_xm/round4_normal/light_xm_r4.pcapng,R4,97,974.54279088974,1.546033962513108e-05,0.07256498070369287,0.9177119993768162,0.009552096386869758,0.00015546319299595803,Light_XM
/home/lmy/iot-device-classification/dataset/light_xm/round4_normal/light_xm_r4.pcapng,R4,98,984.540932416916,0.0010030791677814726,0.17873563741797024,0.7179952270636297,0.10163117664672469,0.0006348797038938388,Light_XM
/home/lmy/iot-device-classification/dataset/light_xm/round4_normal/light_xm_r4.pcapng,R4,99,990.5536687374116,0.020502913831099347,0.10807076734724214,0.03632621761210442,0.8347279306373604,0.0003721705721937061,Light_XM
/home/lmy/iot-device-classification/dataset/light_xm/round4_normal/light_xm_r4.pcapng,R4,100,1003.2024052143096,7.459677691511222e-05,0.1379008180867692,0.8220348285152407,0.0396566639036304,0.00033309271744457776,Light_XM
/home/lmy/iot-device-classification/dataset/light_xm/round4_normal/light_xm_r4.pcapng,R4,101,1010.1498317718506,1.9290035558778595e-05,0.07833891136623841,0.9078006151032895,0.01365216664066274,0.00018901685425072793,Light_XM
/home/lmy/iot-device-classification/dataset/light_xm/round4_normal/light_xm_r4.pcapng,R4,102,1020.540685415268,0.02667851845560432,0.18000606458179003,0.1272673104376592,0.6655227491252061,0.0005253573997402088,Light_XM
/home/lmy/iot-device-classification/dataset/light_xm/round4_normal/light_xm_r4.pcapng,R4,103,1034.5924413204193,0.00028289418334859646,0.29103542640894414,0.567291140527637,0.1407629422152154,0.0006275966648549996,Light_XM
/home/lmy/iot-device-classification/dataset/light_xm/round4_normal/light_xm_r4.pcapng,R4,104,1040.4454607963562,1.8947513336134234e-05,0.08269713645040982,0.9054912381004144,0.011614331190373464,0.00017834674546611203,Light_XM
/home/lmy/iot-device-classification/dataset/light_xm/round4_normal/light_xm_r4.pcapng,R4,105,1052.2027270793917,0.004220022702429469,0.30018501231836153,0.5697760388698272,0.12533559087784768,0.000483335231534119,Light_XM
/home/lmy/iot-device-classification/dataset/light_xm/round4_normal/light_xm_r4.pcapng,R4,106,1064.6238861083984,3.195727851339042e-05,0.08268782294013448,0.9007178056370472,0.016358649664559896,0.00020376447974523556,Light_XM
/home/lmy/iot-device-classification/dataset/light_xm/round4_normal/light_xm_r4.pcapng,R4,107,1070.0103266239166,1.4406018666606693e-05,0.09414994899444902,0.8957477728738902,0.009923963262866353,0.00016390885012774627,Light_XM
/home/lmy/iot-device-classification/dataset/light_xm/round4_normal/light_xm_r4.pcapng,R4,108,1080.5544650554657,0.027085896451758944,0.24935660426997486,0.28090612221456696,0.44192833917973157,0.0007230378839677355,Light_XM
/home/lmy/iot-device-classification/dataset/light_xm/round4_normal/light_xm_r4.pcapng,R4,109,1094.6562130451202,0.0005723285760670161,0.15701898266630526,0.7552864716225062,0.08656478217166264,0.0005574349634589874,Light_XM
/home/lmy/iot-device-classification/dataset/light_xm/round4_normal/light_xm_r4.pcapng,R4,110,1100.220239162445,7.963751665881493e-06,0.060614886451515866,0.933996209630006,0.005264424892147835,0.00011651527466452128,Light_XM
/home/lmy/iot-device-classification/dataset/light_xm/round4_normal/light_xm_r4.pcapng,R4,111,1112.2420909404757,0.007748402795378611,0.41578779246778336,0.4949462069176621,0.08113719954833912,0.00038039827083683413,Light_XM
/home/lmy/iot-device-classification/dataset/light_xm/round4_normal/light_xm_r4.pcapng,R4,112,1122.33700299263,0.0013484565654368187,0.24515196406069897,0.22737402439894977,0.5252219245562166,0.0009036304186977706,Light_XM
/home/lmy/iot-device-classification/dataset/light_xm/round4_normal/light_xm_r4.pcapng,R4,113,1130.5029211044312,1.2519718459009843e-05,0.06369538802245196,0.9284170240006901,0.007732739407141786,0.0001423288512571944,Light_XM
/home/lmy/iot-device-classification/dataset/light_xm/round4_normal/light_xm_r4.pcapng,R4,114,1140.4034259319303,0.030334991174666252,0.14744351103003825,0.23018958793695776,0.5914572736907163,0.0005746361676213878,Light_XM
/home/lmy/iot-device-classification/dataset/light_xm/round4_normal/light_xm_r4.pcapng,R4,115,1151.4196181297302,3.267431818170129e-05,0.11461505669726585,0.8645089288759782,0.02059805129530477,0.0002452888132696246,Light_XM
/home/lmy/iot-device-classification/dataset/light_xm/round4_normal/light_xm_r4.pcapng,R4,116,1161.2591190338137,8.458049298662762e-06,0.0613827974314224,0.9323281671797707,0.0061563886348162886,0.0001241887046920066,Light_XM
/home/lmy/iot-device-classification/dataset/light_xm/round4_normal/light_xm_r4.pcapng,R4,117,1170.0677738189695,0.006957644184165429,0.42408372860859095,0.4930888215311055,0.07550739333683022,0.00036241233930789683,Light_XM
/home/lmy/iot-device-classification/dataset/light_xm/round4_normal/light_xm_r4.pcapng,R4,118,1184.7328934669497,2.0286980890999273e-05,0.08189468213439281,0.9036064998388885,0.01428456622484175,0.00019396482098613427,Light_XM
/home/lmy/iot-device-classification/dataset/light_xm/round4_normal/light_xm_r4.pcapng,R4,119,1191.369219303131,6.768725294706875e-06,0.050222522518684865,0.945623362893535,0.004047677366986965,9.966849549858405e-05,Light_XM
/home/lmy/iot-device-classification/dataset/light_xm/round4_normal/light_xm_r4.pcapng,R4,120,1201.341638326645,0.030915288159104593,0.3203673859049266,0.33029829697495877,0.31776489892899146,0.0006541300320186213,Light_XM
/home/lmy/iot-device-classification/dataset/light_xm/round4_normal/light_xm_r4.pcapng,R4,121,1210.1157493591309,1.0580023673742918e-05,0.06653723532698735,0.9262765953092721,0.007041462211444153,0.00013412712862262763,Light_XM
/home/lmy/iot-device-classification/dataset/light_xm/round4_normal/light_xm_r4.pcapng,R4,122,1220.5565068721771,0.006697736403187328,0.6327552428524933,0.22254162591550453,0.1374989487334651,0.0005064460953496509,Light_XM
/home/lmy/iot-device-classification/dataset/light_xm/round4_normal/light_xm_r4.pcapng,R4,123,1232.310648918152,0.02359353499410023,0.16194652779451518,0.03267749154752471,0.7810986122774746,0.0006838333863851837,Light_XM
/home/lmy/iot-device-classification/dataset/light_xm/round4_normal/light_xm_r4.pcapng,R4,124,1241.4082663059237,0.0007939182617419109,0.08287213972445638,0.9004811577962203,0.015613192236380325,0.00023959198120104076,Light_XM
/home/lmy/iot-device-classification/dataset/light_xm/round4_normal/light_xm_r4.pcapng,R4,125,1250.1447658538818,1.554806401722317e-05,0.07789805062096834,0.9109077034440077,0.011011097346285149,0.00016760052472152595,Light_XM
/home/lmy/iot-device-classification/dataset/light_xm/round4_normal/light_xm_r4.pcapng,R4,126,1260.5370976924896,0.029589175018567195,0.2797017180508548,0.11275543073276835,0.5772009742499152,0.0007527019478943624,Light_XM
/home/lmy/iot-device-classification/dataset/light_xm/round4_normal/light_xm_r4.pcapng,R4,127,1270.9741480350494,0.0001390458150720706,0.15444761981536423,0.7826710572219875,0.062323650614251394,0.00041862653332487576,Light_XM
/home/lmy/iot-device-classification/dataset/light_xm/round4_normal/light_xm_r4.pcapng,R4,128,1280.2534718513489,0.0034477994085681174,0.5665420992954607,0.2249147629299978,0.2042212010043663,0.0008741373616070567,Light_XM
/home/lmy/iot-device-classification/dataset/light_xm/round4_normal/light_xm_r4.pcapng,R4,129,1292.338031053543,0.03136894859919435,0.16900953534481508,0.20822436298487834,0.5908166226977403,0.0005805303733720109,Light_XM
/home/lmy/iot-device-classification/dataset/light_xm/round4_normal/light_xm_r4.pcapng,R4,130,1301.178695678711,0.00015490693709329853,0.20624989338620384,0.7094729303788205,0.08363078951605471,0.0004914797818275765,Light_XM
/home/lmy/iot-device-classification/dataset/light_xm/round4_normal/light_xm_r4.pcapng,R4,131,1310.0166289806366,6.595101058060813e-05,0.08314157484996038,0.9004476913012345,0.016137655445756818,0.00020712739246771283,Light_XM
/home/lmy/iot-device-classification/dataset/light_xm/round4_normal/light_xm_r4.pcapng,R4,132,1320.3318181037905,0.025917902682652753,0.13342325524907545,0.1903836903959645,0.6497040883365052,0.0005710633358021102,Light_XM
/home/lmy/iot-device-classification/dataset/light_xm/round4_normal/light_xm_r4.pcapng,R4,133,1332.3516755104065,0.00024138792395124526,0.20620398697722003,0.7265504254306128,0.06652025634099011,0.0004839433272257655,Light_XM
/home/lmy/iot-device-classification/dataset/light_xm/round4_normal/light_xm_r4.pcapng,R4,134,1340.0518696308136,3.4304772958730946e-05,0.09548250256816301,0.8783083634493908,0.02592076591306355,0.000254063296423934,Light_XM
/home/lmy/iot-device-classification/dataset/light_xm/round4_normal/light_xm_r4.pcapng,R4,135,1350.011409521103,0.02409338182546546,0.3057115256556635,0.4169771485309252,0.25255084751948786,0.000667096468457946,Light_XM
/home/lmy/iot-device-classification/dataset/light_xm/round4_normal/light_xm_r4.pcapng,R4,136,1362.1144225597382,4.564987392806063e-05,0.08767486525009019,0.8906651131494535,0.021377491560054723,0.00023688016647336265,Light_XM
/home/lmy/iot-device-classification/dataset/light_xm/round4_normal/light_xm_r4.pcapng,R4,137,1370.2706270217896,0.0005995448029075237,0.13276191697628242,0.849176012250099,0.017278915279329208,0.0001836106913817993,Light_XM
/home/lmy/iot-device-classification/dataset/light_xm/round4_normal/light_xm_r4.pcapng,R4,138,1380.2197709083557,0.024988493876896282,0.14961792451749908,0.1938039347773248,0.6309689560132556,0.0006206908150241749,Light_XM
/home/lmy/iot-device-classification/dataset/light_xm/round4_normal/light_xm_r4.pcapng,R4,139,1390.114671945572,0.0003140153903908938,0.18332570971917397,0.755002012665112,0.06093918598600241,0.0004190762393207372,Light_XM
/home/lmy/iot-device-classification/dataset/light_xm/round4_normal/light_xm_r4.pcapng,R4,140,1400.0982933044434,2.0608578774909567e-05,0.07996751236480358,0.905991490843417,0.013825978604421639,0.0001944096085827563,Light_XM
/home/lmy/iot-device-classification/dataset/light_xm/round4_normal/light_xm_r4.pcapng,R4,141,1410.0527012348175,0.020019159090791737,0.4090385475952262,0.3346707385241205,0.23568880405166848,0.0005827507381930294,Light_XM
/home/lmy/iot-device-classification/dataset/light_xm/round4_normal/light_xm_r4.pcapng,R4,142,1420.1037516593933,3.116372866929188e-05,0.08943776415937957,0.8962252123667391,0.01410667831078629,0.00019918143442584357,Light_XM
/home/lmy/iot-device-classification/dataset/light_xm/round4_normal/light_xm_r4.pcapng,R4,143,1430.180828332901,8.633523120416839e-06,0.06260758400496631,0.931147498826078,0.0061113030013799485,0.0001249806444555144,Light_XM
/home/lmy/iot-device-classification/dataset/light_xm/round4_normal/light_xm_r4.pcapng,R4,144,1440.281448841095,0.024307992353363388,0.42055027337480827,0.3844896127605587,0.17005521351181122,0.0005969079994583296,Light_XM
/home/lmy/iot-device-classification/dataset/light_xm/round4_normal/light_xm_r4.pcapng,R4,145,1450.3439297676086,1.1437619293337964e-05,0.07486140325965644,0.9175997151944584,0.007387726644204412,0.00013971728238742164,Light_XM
/home/lmy/iot-device-classification/dataset/light_xm/round4_normal/light_xm_r4.pcapng,R4,146,1460.4252166748047,0.0001029210056058483,0.11212308259625003,0.8695560095759302,0.01798108628152644,0.00023690054068753317,Light_XM
/home/lmy/iot-device-classification/dataset/light_xm/round4_normal/light_xm_r4.pcapng,R4,147,1470.479735374451,0.008001175563623479,0.3857222271140939,0.5202677771977113,0.08561090541257986,0.00039791471199158177,Light_XM
/home/lmy/iot-device-classification/dataset/light_xm/round4_normal/light_xm_r4.pcapng,R4,148,1480.5489258766174,1.1699321518625774e-05,0.06235222462666927,0.930224376574764,0.0072759797121310105,0.0001357197649171782,Light_XM
/home/lmy/iot-device-classification/dataset/light_xm/round4_normal/light_xm_r4.pcapng,R4,149,1490.5500926971436,0.016116721324682108,0.2712072721050417,0.47724973546694005,0.2348731440523203,0.0005531270510158755,Light_XM
/home/lmy/iot-device-classification/dataset/light_xm/round4_normal/light_xm_r4.pcapng,R4,150,1500.519367933273,0.006694825163124651,0.3435916305480581,0.5625723700521068,0.0867297553211602,0.00041141891555025343,Light_XM
/home/lmy/iot-device-classification/dataset/light_xm/round4_normal/light_xm_r4.pcapng,R4,151,1510.763525724411,0.0027408749595653863,0.281753079266595,0.6819919138398675,0.03324964997976229,0.0002644819542100551,Light_XM
/home/lmy/iot-device-classification/dataset/light_xm/round4_normal/light_xm_r4.pcapng,R4,152,1520.8862602710724,0.006891045564919277,0.4454815685124723,0.42763807566827416,0.11948796882728517,0.0005013414270491948,Light_XM
/home/lmy/iot-device-classification/dataset/light_xm/round4_normal/light_xm_r4.pcapng,R4,153,1530.5201246738434,0.0066828206243403805,0.397853735419931,0.5199174472698844,0.07518206869088197,0.0003639279949622546,Light_XM
/home/lmy/iot-device-classification/dataset/light_xm/round4_normal/light_xm_r4.pcapng,R4,154,1540.9332723617554,3.259454168029543e-05,0.09610226167084741,0.8923598778975207,0.0113240835749139,0.00018118231503758738,Light_XM
/home/lmy/iot-device-classification/dataset/light_xm/round4_normal/light_xm_r4.pcapng,R4,155,1551.0324075222015,0.014168920081348908,0.2312458811221857,0.08650361275534109,0.6675088698615281,0.0005727161795963491,Light_XM
/home/lmy/iot-device-classification/dataset/light_xm/round4_normal/light_xm_r4.pcapng,R4,156,1561.0663766860962,0.017937704788854456,0.3833576792633053,0.35743791185376217,0.24067371545221194,0.0005929886418662162,Light_XM
/home/lmy/iot-device-classification/dataset/light_xm/round4_normal/light_xm_r4.pcapng,R4,157,1571.2127211093905,0.0001355776418776459,0.13387903209536237,0.8322539200078513,0.03340777752714185,0.0003236927277667499,Light_XM
/home/lmy/iot-device-classification/dataset/light_xm/round4_normal/light_xm_r4.pcapng,R4,158,1580.5520615577698,3.9010095815604956e-05,0.11883821987149434,0.8581228825615171,0.022730744083533594,0.00026914338763916605,Light_XM
/home/lmy/iot-device-classification/dataset/light_xm/round4_normal/light_xm_r4.pcapng,R4,159,1591.2821850776672,0.023227513546630385,0.26090946448699953,0.13984506343054967,0.5754177926774346,0.0006001658583857758,Light_XM
/home/lmy/iot-device-classification/dataset/light_xm/round4_normal/light_xm_r4.pcapng,R4,160,1601.320808172226,8.343114802488583e-05,0.15722877317878628,0.7905300279112717,0.051778631098170956,0.00037913666374600057,Light_XM
/home/lmy/iot-device-classification/dataset/light_xm/round4_normal/light_xm_r4.pcapng,R4,161,1611.4429326057434,0.00015530459064784424,0.20271929546921091,0.7217069519681981,0.07494284227648013,0.000475605695462943,Light_XM
/home/lmy/iot-device-classification/dataset/light_xm/round4_normal/light_xm_r4.pcapng,R4,162,1620.5314161777496,0.029094679133481766,0.12594555787155792,0.12376330398199516,0.7206977441514881,0.0004987148614771014,Light_XM
/home/lmy/iot-device-classification/dataset/light_xm/round4_normal/light_xm_r4.pcapng,R4,163,1631.537192583084,0.00015463493636626297,0.17828826918463891,0.7615527226395662,0.059598137472226344,0.0004062357672023002,Light_XM
/home/lmy/iot-device-classification/dataset/light_xm/round4_normal/light_xm_r4.pcapng,R4,164,1641.5972471237185,3.350234395355567e-05,0.09316229920288323,0.8811601632263935,0.025389141385682608,0.000254893841087184,Light_XM
/home/lmy/iot-device-classification/dataset/light_xm/round4_normal/light_xm_r4.pcapng,R4,165,1651.5181722640991,0.022313007918570923,0.2569464981944472,0.27644812788555256,0.4434876528515656,0.0008047131498638246,Light_XM
/home/lmy/iot-device-classification/dataset/light_xm/round4_normal/light_xm_r4.pcapng,R4,166,1661.7308812141418,1.3602990569348072e-05,0.06828780373894765,0.9221561942518278,0.009387637187535262,0.00015476183112007308,Light_XM
/home/lmy/iot-device-classification/dataset/light_xm/round4_normal/light_xm_r4.pcapng,R4,167,1670.548316001892,0.00030853361568141736,0.19942425038327924,0.7696764165806347,0.03035015654217032,0.00024064287823426854,Light_XM
/home/lmy/iot-device-classification/dataset/light_xm/round4_normal/light_xm_r4.pcapng,R4,168,1681.8305740356443,0.02711019436141339,0.23778462180043342,0.31383967704888766,0.4205093582998356,0.0007561484894299248,Light_XM
/home/lmy/iot-device-classification/dataset/light_xm/round4_normal/light_xm_r4.pcapng,R4,169,1691.8761749267578,0.022380907486183405,0.2936593280806052,0.34780051829011316,0.33552067335283137,0.0006385727902668165,Light_XM
/home/lmy/iot-device-classification/dataset/light_xm/round4_normal/light_xm_r4.pcapng,R4,170,1701.956401348114,0.00037572493344651553,0.15424916927710217,0.5486106244898297,0.2960208005134909,0.0007436807861307328,Light_XM
/home/lmy/iot-device-classification/dataset/light_xm/round4_normal/light_xm_r4.pcapng,R4,171,1710.5301702022552,0.010406656963581956,0.4084118916237894,0.25758763156203707,0.3229338079320574,0.0006600119185341162,Light_XM
/home/lmy/iot-device-classification/dataset/light_xm/round4_normal/light_xm_r4.pcapng,R4,172,1722.1775913238523,1.578828789471263e-05,0.05710948883208517,0.9375046239208056,0.005252501950174411,0.00011759700904025626,Light_XM
/home/lmy/iot-device-classification/dataset/light_xm/round4_normal/light_xm_r4.pcapng,R4,173,1732.1594178676603,8.337205229448581e-05,0.0817806594012136,0.9111301758194831,0.0068824262281106455,0.00012336649889823837,Light_XM
/home/lmy/iot-device-classification/dataset/light_xm/round4_normal/light_xm_r4.pcapng,R4,174,1740.517331123352,0.011830228313478651,0.45370194847368905,0.41258940111095904,0.1214349714106867,0.0004434506911865778,Light_XM
/home/lmy/iot-device-classification/dataset/light_xm/round4_normal/light_xm_r4.pcapng,R4,175,1752.2844569683075,0.0004311512271435321,0.1903966481796465,0.5843033777245924,0.22416803057900558,0.0007007922896120614,Light_XM
/home/lmy/iot-device-classification/dataset/light_xm/round4_normal/light_xm_r4.pcapng,R4,176,1760.5961577892303,1.1308396415669409e-05,0.06468432810820472,0.9291064097487,0.006070968362868941,0.00012698538381063036,Light_XM
/home/lmy/iot-device-classification/dataset/light_xm/round4_normal/light_xm_r4.pcapng,R4,177,1772.1600151062012,0.016355533337062786,0.5199357975137783,0.29996284836602954,0.16327667001265792,0.00046915077047154723,Light_XM
/home/lmy/iot-device-classification/dataset/light_xm/round4_normal/light_xm_r4.pcapng,R4,178,1782.4593439102173,0.0001587492271873387,0.09136188883237534,0.8967767741360185,0.011506726442753492,0.00019586136166540105,Light_XM
/home/lmy/iot-device-classification/dataset/light_xm/round4_normal/light_xm_r4.pcapng,R4,179,1792.5196552276611,2.3928290554824085e-05,0.06902981454833926,0.9231465788055604,0.007656370008588164,0.00014330834695744805,Light_XM
/home/lmy/iot-device-classification/dataset/light_xm/round4_normal/light_xm_r4.pcapng,R4,180,1800.5160055160522,0.01800278587584679,0.4736143436854728,0.3451707361264129,0.1627005759646642,0.0005115583476034113,Light_XM
/home/lmy/iot-device-classification/dataset/light_xm/round4_normal/light_xm_r4.pcapng,R4,181,1811.483336687088,0.0024862230041846163,0.22705678895947692,0.7425683852203785,0.027644616830730825,0.0002439859852292537,Light_XM
/home/lmy/iot-device-classification/dataset/light_xm/round4_normal/light_xm_r4.pcapng,R4,182,1822.080169916153,0.009491849483670585,0.25309224011714515,0.6056520714331747,0.1312930166797459,0.00047082228626364725,Light_XM
/home/lmy/iot-device-classification/dataset/light_xm/round4_normal/light_xm_r4.pcapng,R4,183,1832.7633709907527,0.021534998317099898,0.39603322920562156,0.19276540852595342,0.38902146371985136,0.0006449002314738983,Light_XM
/home/lmy/iot-device-classification/dataset/light_xm/round4_normal/light_xm_r4.pcapng,R4,184,1840.2996473312376,1.829860141113506e-05,0.08594598461091249,0.9051902576565911,0.008690467097538087,0.00015499203354704812,Light_XM
/home/lmy/iot-device-classification/dataset/light_xm/round4_normal/light_xm_r4.pcapng,R4,185,1850.5464851856232,8.22160573416268e-06,0.05851666526941815,0.9358156755973617,0.005539158198840403,0.00012027932864559498,Light_XM
/home/lmy/iot-device-classification/dataset/light_xm/round4_normal/light_xm_r4.pcapng,R4,186,1860.515545845032,0.011126401776628752,0.4569817474669947,0.35557690243099355,0.1757677146838737,0.0005472336415092077,Light_XM
/home/lmy/iot-device-classification/dataset/light_xm/round4_normal/light_xm_r4.pcapng,R4,187,1870.4604275226595,1.927525899986379e-05,0.11010805723633418,0.8774441085028133,0.01224340354376977,0.0001851554580829144,Light_XM
/home/lmy/iot-device-classification/dataset/light_xm/round4_normal/light_xm_r4.pcapng,R4,188,1882.399919509888,2.778503569100649e-05,0.050834709261780305,0.9427120434999428,0.00629904205724447,0.00012642014534143916,Light_XM
/home/lmy/iot-device-classification/dataset/light_xm/round4_normal/light_xm_r4.pcapng,R4,189,1890.5164399147036,0.007454061593993932,0.3452733155651483,0.5655955755637605,0.08127150986215297,0.00040553741494428567,Light_XM
/home/lmy/iot-device-classification/dataset/light_xm/round4_normal/light_xm_r4.pcapng,R4,190,1903.1988174915316,1.9943251062935156e-05,0.07971116232518154,0.9115333135013667,0.008579408165078005,0.00015617275731082,Light_XM
/home/lmy/iot-device-classification/dataset/light_xm/round4_normal/light_xm_r4.pcapng,R4,191,1913.3436481952667,8.671593489486791e-05,0.1018180502622294,0.887422128734803,0.010517545392480461,0.0001555596755922593,Light_XM
/home/lmy/iot-device-classification/dataset/light_xm/round4_normal/light_xm_r4.pcapng,R4,192,1922.8530876636505,0.0007258244630967149,0.24135330821009757,0.5676258821603843,0.18956847652651163,0.0007265086399097788,Light_XM
/home/lmy/iot-device-classification/dataset/light_xm/round4_normal/light_xm_r4.pcapng,R4,193,1932.3189861774445,0.0012025927298903733,0.32165673375599413,0.5574505763275467,0.11914797123017316,0.0005421259563956817,Light_XM
/home/lmy/iot-device-classification/dataset/light_xm/round4_normal/light_xm_r4.pcapng,R4,194,1940.5454738140104,1.365143050965726e-05,0.07048846859006884,0.9203442188303904,0.00899978063563986,0.00015388051339104117,Light_XM
/home/lmy/iot-device-classification/dataset/light_xm/round4_normal/light_xm_r4.pcapng,R4,195,1950.0514533519745,0.015852981938152093,0.3976901225847132,0.38067756769527966,0.20525029521188634,0.0005290325699687018,Light_XM
/home/lmy/iot-device-classification/dataset/light_xm/round4_normal/light_xm_r4.pcapng,R4,196,1963.5181720256803,3.673363146648278e-05,0.04292512712762465,0.9540165770491709,0.002936182377359195,8.537981437892258e-05,Light_XM
/home/lmy/iot-device-classification/dataset/light_xm/round4_normal/light_xm_r4.pcapng,R4,197,1971.419457435608,1.0978855180394172e-05,0.06654833465918486,0.9258250647629114,0.007477283993863403,0.0001383377288599249,Light_XM
/home/lmy/iot-device-classification/dataset/light_xm/round4_normal/light_xm_r4.pcapng,R4,198,1980.5273430347445,0.021367746170840238,0.36920696702182904,0.3632031642410581,0.24562225313972433,0.0005998694265483715,Light_XM
/home/lmy/iot-device-classification/dataset/light_xm/round4_normal/light_xm_r4.pcapng,R4,199,1992.6383945941925,0.007107226541096326,0.2909802809220132,0.5103957269957561,0.19096600901007027,0.0005507565310641863,Light_XM
/home/lmy/iot-device-classification/dataset/light_xm/round4_normal/light_xm_r4.pcapng,R4,200,2001.984190940857,0.006081141938251347,0.33150615131313077,0.5478647343981249,0.1141138172986627,0.00043415505183022645,Light_XM
/home/lmy/iot-device-classification/dataset/light_xm/round4_normal/light_xm_r4.pcapng,R4,201,2013.0476195812223,0.018271235495607403,0.43270246067348006,0.24156077475883986,0.30690195024974937,0.0005635788223233581,Light_XM
/home/lmy/iot-device-classification/dataset/light_xm/round4_normal/light_xm_r4.pcapng,R4,202,2023.8358526229856,0.0009145941002965686,0.19163135426968383,0.7432476541810278,0.06379091918294877,0.00041547826604297454,Light_XM
/home/lmy/iot-device-classification/dataset/light_xm/round4_normal/light_xm_r4.pcapng,R4,203,2030.544676542282,0.00013364573580022264,0.07705151418565408,0.9124778815908207,0.010159371813282168,0.00017758667444295272,Light_XM
/home/lmy/iot-device-classification/dataset/light_xm/round4_normal/light_xm_r4.pcapng,R4,204,2042.9795198440552,0.016719381969976334,0.419393318506384,0.2627472279900904,0.30055287216324345,0.0005871993703058923,Light_XM
/home/lmy/iot-device-classification/dataset/light_xm/round4_normal/light_xm_r4.pcapng,R4,205,2054.260667800904,0.0507997428723048,0.4132981830308262,0.2900180474207498,0.2451391734105531,0.0007448532655659588,Light_XM
/home/lmy/iot-device-classification/dataset/light_xm/round4_normal/light_xm_r4.pcapng,R4,206,2063.3556847572327,2.4847525481462666e-05,0.04246648718684958,0.9540192276358281,0.0033924336776167993,9.700397422412022e-05,Light_XM
/home/lmy/iot-device-classification/dataset/light_xm/round4_normal/light_xm_r4.pcapng,R4,207,2070.51335310936,0.01668234386482273,0.43827344841880267,0.3586940281828234,0.1856055465115361,0.0007446330220151413,Light_XM
/home/lmy/iot-device-classification/dataset/light_xm/round4_normal/light_xm_r4.pcapng,R4,208,2082.07894730568,8.116091107423055e-05,0.1290249618450442,0.8417035000765877,0.028902340446417946,0.0002880367208759607,Light_XM
/home/lmy/iot-device-classification/dataset/light_xm/round4_normal/light_xm_r4.pcapng,R4,209,2094.510673761368,1.2974092718376423e-05,0.07122975037288923,0.9227076643587822,0.0059225277421913304,0.0001270834334188713,Light_XM
/home/lmy/iot-device-classification/dataset/light_xm/round4_normal/light_xm_r4.pcapng,R4,210,2100.513981819153,0.015382380804136475,0.4779169375902465,0.06007090623517976,0.4460046559431638,0.000625119427273356,Light_XM
/home/lmy/iot-device-classification/dataset/light_xm/round4_normal/light_xm_r4.pcapng,R4,211,2111.408785104752,0.01267318254443135,0.49508757459573854,0.3162982092224122,0.1752655658935707,0.0006754677438473357,Light_XM
/home/lmy/iot-device-classification/dataset/light_xm/round4_normal/light_xm_r4.pcapng,R4,212,2123.710417509079,0.002024283858490728,0.35164858116441494,0.5362877630967786,0.10955723574494147,0.00048213613537425855,Light_XM
/home/lmy/iot-device-classification/dataset/light_xm/round4_normal/light_xm_r4.pcapng,R4,213,2130.219695329666,0.01776616864339438,0.3191736995247939,0.06534196376809251,0.5971287289683431,0.0005894390953760507,Light_XM
/home/lmy/iot-device-classification/dataset/light_xm/round4_normal/light_xm_r4.pcapng,R4,214,2142.3976328372955,0.00043578482617547253,0.17420061917675367,0.560081696552821,0.2645241437540497,0.0007577556902001275,Light_XM
/home/lmy/iot-device-classification/dataset/light_xm/round4_normal/light_xm_r4.pcapng,R4,215,2152.7975883483887,1.1813826854922627e-05,0.06624436287289083,0.9255605915590221,0.008039348294537178,0.00014388344669482057,Light_XM
/home/lmy/iot-device-classification/dataset/light_xm/round4_normal/light_xm_r4.pcapng,R4,216,2160.514304637909,0.020814170089015774,0.16355572212636713,0.07136896508955148,0.7434242127993179,0.0008369298957476045,Light_XM
/home/lmy/iot-device-classification/dataset/light_xm/round4_normal/light_xm_r4.pcapng,R4,217,2170.059561729431,7.795996075635308e-06,0.05707323621560325,0.9377284719286355,0.005078035403061551,0.00011246045662401398,Light_XM
/home/lmy/iot-device-classification/dataset/light_xm/round4_normal/light_xm_r4.pcapng,R4,218,2183.9974768161774,0.00024162816072845555,0.061817279845252794,0.9339190042601154,0.003926340009658692,9.574772424468039e-05,Light_XM
/home/lmy/iot-device-classification/dataset/light_xm/round4_normal/light_xm_r4.pcapng,R4,219,2193.13804101944,0.10974109457211954,0.09783443232365414,0.10747700127986617,0.6839345573449235,0.0010129144794366158,Light_XM
/home/lmy/iot-device-classification/dataset/light_xm/round4_normal/light_xm_r4.pcapng,R4,220,2202.719401359558,0.024187928477018908,0.4163242332436942,0.2354547412726734,0.32326551981946794,0.000767577187145509,Light_XM
/home/lmy/iot-device-classification/dataset/light_xm/round4_normal/light_xm_r4.pcapng,R4,221,2210.535504579544,1.8682281596812646e-05,0.08337533161524514,0.9044303790592718,0.011992605373437768,0.00018300167044848166,Light_XM
/home/lmy/iot-device-classification/dataset/light_xm/round4_normal/light_xm_r4.pcapng,R4,222,2220.5260529518127,0.026383891242609436,0.20235327342869855,0.10226939600534672,0.6684170243732991,0.0005764149500462729,Light_XM
/home/lmy/iot-device-classification/dataset/light_xm/round4_normal/light_xm_r4.pcapng,R4,223,2233.91512131691,0.0005869637992867318,0.26182961815724587,0.6022731858926479,0.134496975158062,0.0008132569927574238,Light_XM
/home/lmy/iot-device-classification/dataset/light_xm/round4_normal/light_xm_r4.pcapng,R4,224,2245.4992928504944,2.2039960769435262e-05,0.08210390309194693,0.9028754436011536,0.014801717201203017,0.0001968961449271315,Light_XM
/home/lmy/iot-device-classification/dataset/light_xm/round4_normal/light_xm_r4.pcapng,R4,225,2250.5130932331085,0.02069989443697611,0.34169402459391374,0.03015384609474227,0.606736907756711,0.0007153271176568728,Light_XM
/home/lmy/iot-device-classification/dataset/light_xm/round4_normal/light_xm_r4.pcapng,R4,226,2263.0372574329376,0.00039656365379345905,0.5010091696765072,0.48005749646535406,0.018167458048520914,0.00036931215582442357,Light_XM
/home/lmy/iot-device-classification/dataset/light_xm/round4_normal/light_xm_r4.pcapng,R4,227,2273.418648719788,6.997568311379117e-06,0.058054767449773406,0.936906825435609,0.004920088916424986,0.00011132062988132814,Light_XM
/home/lmy/iot-device-classification/dataset/light_xm/round4_normal/light_xm_r4.pcapng,R4,228,2282.399560689926,0.030707599874115914,0.4016769325814409,0.1651976063650903,0.401460906607818,0.0009569545715349007,Light_XM
/home/lmy/iot-device-classification/dataset/light_xm/round4_normal/light_xm_r4.pcapng,R4,229,2294.237154006958,0.004589148600007549,0.23988211878553892,0.13775269962375447,0.6166511600588478,0.0011248729318513082,Light_XM
/home/lmy/iot-device-classification/dataset/light_xm/round4_normal/light_xm_r4.pcapng,R4,230,2300.545946121216,0.002187726237656915,0.2525899746427856,0.6378229828480967,0.10656243104394807,0.0008368852275128302,Light_XM
/home/lmy/iot-device-classification/dataset/light_xm/round4_normal/light_xm_r4.pcapng,R4,231,2313.243815422058,0.03298569916389538,0.30004326304298506,0.1030495068996247,0.5629457464042379,0.0009757844892569264,Light_XM
/home/lmy/iot-device-classification/dataset/light_xm/round4_normal/light_xm_r4.pcapng,R4,232,2322.6236777305603,0.9932094000833398,0.00036058246971983526,0.0008244869205070018,0.005472049506198481,0.0001334810202346744,Light_XM
/home/lmy/iot-device-classification/dataset/light_xm/round4_normal/light_xm_r4.pcapng,R4,233,2331.0193133354187,0.006385730628248064,0.3847955542691158,0.5398505639987827,0.06860582208766981,0.00036232901618354934,Light_XM
/home/lmy/iot-device-classification/dataset/light_xm/round4_normal/light_xm_r4.pcapng,R4,234,2340.514654159546,0.022666526067618088,0.4665177808027704,0.3154591595724982,0.1948037042114967,0.0005528293456164526,Light_XM
/home/lmy/iot-device-classification/dataset/light_xm/round4_normal/light_xm_r4.pcapng,R4,235,2353.262510538101,1.2902113708411425e-05,0.083954223188682,0.90698306350112,0.008894660972979904,0.00015515022350960867,Light_XM
/home/lmy/iot-device-classification/dataset/light_xm/round4_normal/light_xm_r4.pcapng,R4,236,2364.954456806183,2.3420401651092823e-05,0.10180096378971153,0.8895923258684644,0.008415984250423522,0.0001673056897495033,Light_XM
/home/lmy/iot-device-classification/dataset/light_xm/round4_normal/light_xm_r4.pcapng,R4,237,2373.3056633472443,0.017256173457210852,0.5220593500354952,0.25541248021270035,0.2048005307991951,0.00047146549539850316,Light_XM
/home/lmy/iot-device-classification/dataset/light_xm/round4_normal/light_xm_r4.pcapng,R4,238,2381.3397800922394,1.2603896288432622e-05,0.06634111895702204,0.9275745886737351,0.005946238319058987,0.00012545015389553118,Light_XM
/home/lmy/iot-device-classification/dataset/light_xm/round4_normal/light_xm_r4.pcapng,R4,239,2390.545254945755,0.025468950087969275,0.4153209686069587,0.23189122598843903,0.3267094528300803,0.0006094024865524986,Light_XM
/home/lmy/iot-device-classification/dataset/light_xm/round4_normal/light_xm_r4.pcapng,R4,240,2403.335365056992,0.024321147015059753,0.3398746636238166,0.30680347662247404,0.3284071443936675,0.0005935683449819829,Light_XM
/home/lmy/iot-device-classification/dataset/light_xm/round4_normal/light_xm_r4.pcapng,R4,241,2413.56365942955,0.002724871702130714,0.30502231627460813,0.6391953458335942,0.05273698330939034,0.00032048288027656423,Light_XM
/home/lmy/iot-device-classification/dataset/light_xm/round4_normal/light_xm_r4.pcapng,R4,242,2425.2755177021027,0.0031655865773836125,0.6348755036610069,0.2819824531138304,0.07940486794907041,0.0005715886987085858,Light_XM
/home/lmy/iot-device-classification/dataset/light_xm/round4_normal/light_xm_r4.pcapng,R4,243,2430.529235124588,0.011427150923147873,0.38740543493492763,0.48339390522363335,0.11730926978866431,0.000464239129626998,Light_XM
/home/lmy/iot-device-classification/dataset/light_xm/round4_normal/light_xm_r4.pcapng,R4,244,2442.6731083393097,3.212484489696379e-05,0.10043266032553973,0.884905212246061,0.014419965042437238,0.00021003754106511935,Light_XM
/home/lmy/iot-device-classification/dataset/light_xm/round4_normal/light_xm_r4.pcapng,R4,245,2455.994540691376,3.062529926563337e-05,0.08985148003258935,0.8912171222535342,0.01866910635085574,0.00023166606375504308,Light_XM
/home/lmy/iot-device-classification/dataset/light_xm/round4_normal/light_xm_r4.pcapng,R4,246,2460.512629032135,0.014161880994560172,0.5671475272984937,0.15973456185965987,0.25839926709788885,0.0005567627493974414,Light_XM
/home/lmy/iot-device-classification/dataset/light_xm/round4_normal/light_xm_r4.pcapng,R4,247,2475.194803237915,0.00024331822955703553,0.08385493331076131,0.9045649478243468,0.011151166844575042,0.0001856337907599013,Light_XM
/home/lmy/iot-device-classification/dataset/light_xm/round4_normal/light_xm_r4.pcapng,R4,248,2480.5450723171234,1.1529844479588877e-05,0.06187945697267048,0.9320832151585938,0.005900246298225771,0.0001255517260302199,Light_XM
/home/lmy/iot-device-classification/dataset/light_xm/round4_normal/light_xm_r4.pcapng,R4,249,2493.424607515335,0.021887472039229253,0.31380379519311846,0.3308176133256909,0.33290228821976453,0.000588831222196976,Light_XM
/home/lmy/iot-device-classification/dataset/light_xm/round4_normal/light_xm_r4.pcapng,R4,250,2506.0444889068604,1.0014489021960082e-05,0.06449402890928853,0.9283380540135491,0.0070241931309813245,0.00013370945715915914,Light_XM
/home/lmy/iot-device-classification/dataset/light_xm/round4_normal/light_xm_r4.pcapng,R4,251,2512.138961315155,6.578336964632824e-06,0.0540155057601191,0.9413678350546332,0.004504791757294294,0.00010528909098895239,Light_XM
/home/lmy/iot-device-classification/dataset/light_xm/round4_normal/light_xm_r4.pcapng,R4,252,2520.525245666504,0.02530719204236611,0.46119533894432724,0.277055255955359,0.23587941887882746,0.0005627941791200011,Light_XM
/home/lmy/iot-device-classification/dataset/light_xm/round4_normal/light_xm_r4.pcapng,R4,253,2532.698472261429,7.173294445657542e-06,0.055390648305852795,0.9399069672477866,0.004587630228100292,0.00010758092381470144,Light_XM
/home/lmy/iot-device-classification/dataset/light_xm/round4_normal/light_xm_r4.pcapng,R4,254,2545.91473031044,2.9896913380176478e-05,0.03783726924066078,0.9596033177735223,0.0024470402910009,8.247578143563984e-05,Light_XM
/home/lmy/iot-device-classification/dataset/light_xm/round4_normal/light_xm_r4.pcapng,R4,255,2550.231573820114,0.0076715984472910765,0.42648848680109075,0.4794972482162869,0.08596029568710722,0.00038237084822407625,Light_XM
/home/lmy/iot-device-classification/dataset/light_xm/round4_normal/light_xm_r4.pcapng,R4,256,2565.5244405269623,1.4756936919883779e-05,0.07017267066614613,0.920940548319318,0.008721182330468563,0.00015084174714728222,Light_XM
/home/lmy/iot-device-classification/dataset/light_xm/round4_normal/light_xm_r4.pcapng,R4,257,2570.5451431274414,0.0034361568436999594,0.34379558593371173,0.4326308311017111,0.21953449748525397,0.0006029286356233194,Light_XM
/home/lmy/iot-device-classification/dataset/light_xm/round4_normal/light_xm_r4.pcapng,R4,258,2580.382740736008,0.00975627284201362,0.35809438219077067,0.33506916219648913,0.29641037080225546,0.0006698119684711905,Light_XM
/home/lmy/iot-device-classification/dataset/light_xm/round4_normal/light_xm_r4.pcapng,R4,259,2593.956295013428,2.5392485676935162e-05,0.0802825751771931,0.9101845051893389,0.009345691131013835,0.00016183601677713846,Light_XM
/home/lmy/iot-device-classification/dataset/light_xm/round4_normal/light_xm_r4.pcapng,R4,260,2603.498861312866,4.8097917660246945e-06,0.047364377389596105,0.9490396434954866,0.0034995316590255557,9.16376641255038e-05,Light_XM
/home/lmy/iot-device-classification/dataset/light_xm/round4_normal/light_xm_r4.pcapng,R4,261,2610.524472475052,0.020762521603564295,0.4824653423601967,0.3181292910545439,0.1781199291286152,0.000522915853079733,Light_XM
/home/lmy/iot-device-classification/dataset/light_xm/round4_normal/light_xm_r4.pcapng,R4,262,2620.3016562461853,1.300275706542433e-05,0.07914433357688308,0.9116458728167608,0.009042981054960559,0.00015380979433016466,Light_XM
/home/lmy/iot-device-classification/dataset/light_xm/round4_normal/light_xm_r4.pcapng,R4,263,2636.174589395523,0.009624400363263874,0.4463072886238699,0.43997182287077513,0.10367389812623339,0.00042259001585766244,Light_XM
/home/lmy/iot-device-classification/dataset/light_xm/round4_normal/light_xm_r4.pcapng,R4,264,2643.5708162784576,0.016484583175364075,0.48525733904272417,0.2451953222678353,0.25247523971967273,0.0005875157944038205,Light_XM
/home/lmy/iot-device-classification/dataset/light_xm/round4_normal/light_xm_r4.pcapng,R4,265,2653.019253015518,5.4771299050429325e-05,0.1075180017576528,0.8765086367414715,0.015698175860580265,0.000220414341245022,Light_XM
/home/lmy/iot-device-classification/dataset/light_xm/round4_normal/light_xm_r4.pcapng,R4,266,2660.34196138382,7.555082512477981e-06,0.059639433495690904,0.9353510888583666,0.004889357872507051,0.00011256469092296862,Light_XM
/home/lmy/iot-device-classification/dataset/light_xm/round4_normal/light_xm_r4.pcapng,R4,267,2673.600920200348,0.020771068494314145,0.47647273214944924,0.3048806482749502,0.19734984607951525,0.0005257050017713386,Light_XM
/home/lmy/iot-device-classification/dataset/light_xm/round4_normal/light_xm_r4.pcapng,R4,268,2681.2221541404724,1.2725806888078083e-05,0.07389602456867901,0.9167428574714148,0.009195108573877784,0.0001532835791402489,Light_XM
/home/lmy/iot-device-classification/dataset/light_xm/round4_normal/light_xm_r4.pcapng,R4,269,2690.049971342087,6.894545069243811e-06,0.056631940826474644,0.9383829157873244,0.004867323076435681,0.0001109257646960814,Light_XM
/home/lmy/iot-device-classification/dataset/light_xm/round4_normal/light_xm_r4.pcapng,R4,270,2700.5141587257385,0.013998363773276267,0.3885996631198228,0.44552678583493344,0.15137571388224105,0.0004994733897265232,Light_XM
/home/lmy/iot-device-classification/dataset/light_xm/round4_normal/light_xm_r4.pcapng,R4,271,2716.255397081375,0.01770821525816518,0.24571623584203192,0.4768399072849937,0.2591630512194916,0.000572590395317393,Light_XM
/home/lmy/iot-device-classification/dataset/light_xm/round4_normal/light_xm_r4.pcapng,R4,272,2720.3810687065125,0.013447402641155405,0.28226945917348595,0.4954356807300931,0.20831166269883106,0.0005357947564343917,Light_XM
/home/lmy/iot-device-classification/dataset/light_xm/round4_normal/light_xm_r4.pcapng,R4,273,2731.3427481651306,0.03710461956623167,0.07669946610152038,0.16979292235563717,0.7158475533992755,0.0005554385773352353,Light_XM
/home/lmy/iot-device-classification/dataset/light_xm/round4_normal/light_xm_r4.pcapng,R4,274,2741.310231924057,9.645928211106557e-06,0.06079852583532714,0.9322807355792849,0.006782103861590969,0.0001289887955857689,Light_XM
/home/lmy/iot-device-classification/dataset/light_xm/round4_normal/light_xm_r4.pcapng,R4,275,2750.054668188095,0.012626806763423135,0.5249824433863333,0.35054842886392906,0.11141504000230042,0.0004272809840140664,Light_XM
/home/lmy/iot-device-classification/dataset/light_xm/round4_normal/light_xm_r4.pcapng,R4,276,2763.6906309127808,0.016953194983406705,0.419539929954138,0.35828720407863,0.2047129777443552,0.0005066932394700252,Light_XM
/home/lmy/iot-device-classification/dataset/light_xm/round4_normal/light_xm_r4.pcapng,R4,277,2771.362978219986,6.026270656343132e-06,0.05399464390169443,0.9417382910181303,0.004159513966842252,0.00010152484267660303,Light_XM
/home/lmy/iot-device-classification/dataset/light_xm/round4_normal/light_xm_r4.pcapng,R4,278,2781.382755756378,2.0851834295434483e-05,0.07874774023912384,0.9065802540165958,0.014459500491684367,0.0001916534183006122,Light_XM
/home/lmy/iot-device-classification/dataset/light_xm/round4_normal/light_xm_r4.pcapng,R4,279,2790.043015480041,0.003391288181871352,0.4770080261577446,0.4039456255988966,0.1152413722315484,0.0004136878299390081,Light_XM
/home/lmy/iot-device-classification/dataset/light_xm/round4_normal/light_xm_r4.pcapng,R4,280,2805.925469875336,1.8646270316549097e-05,0.07565606822984726,0.9153805021526373,0.008789379327009725,0.00015540402018901492,Light_XM
/home/lmy/iot-device-classification/dataset/light_xm/round4_normal/light_xm_r4.pcapng,R4,281,2816.3159925937653,9.194561759348991e-06,0.06264577022952532,0.9305011696548702,0.006715054191942623,0.00012881136190265625,Light_XM
/home/lmy/iot-device-classification/dataset/light_xm/round4_normal/light_xm_r4.pcapng,R4,282,2820.5129477977757,0.010176877091278833,0.4927225357945293,0.3955936731969343,0.10110259552930718,0.00040431838795040994,Light_XM
/home/lmy/iot-device-classification/dataset/light_xm/round4_normal/light_xm_r4.pcapng,R4,283,2830.0077567100525,3.06547182635621e-05,0.06361509728714243,0.9275536187487787,0.00864473796979541,0.00015589127601987695,Light_XM
/home/lmy/iot-device-classification/dataset/light_xm/round4_normal/light_xm_r4.pcapng,R4,284,2840.423060655594,0.0003240839956258772,0.1052520803448226,0.8848929964397495,0.009392385113165284,0.00013845410663670813,Light_XM
/home/lmy/iot-device-classification/dataset/light_xm/round4_normal/light_xm_r4.pcapng,R4,285,2851.179742336273,0.016473348813788403,0.38782406614245973,0.328452773116194,0.2666846276783745,0.000565184249183425,Light_XM
/home/lmy/iot-device-classification/dataset/light_xm/round4_normal/light_xm_r4.pcapng,R4,286,2860.559941530228,4.6146657995628736e-05,0.1237981046396568,0.8548491004693971,0.021061556941439713,0.000245091291510675,Light_XM
/home/lmy/iot-device-classification/dataset/light_xm/round4_normal/light_xm_r4.pcapng,R4,287,2870.28262257576,7.793243573428438e-06,0.061348589280133634,0.9330139427453876,0.005511462692279006,0.00011821203862645993,Light_XM
/home/lmy/iot-device-classification/dataset/light_xm/round4_normal/light_xm_r4.pcapng,R4,288,2880.5282702445984,0.019498621295813697,0.37994635883220135,0.364624805720172,0.2353391716005981,0.0005910425512148322,Light_XM
/home/lmy/iot-device-classification/dataset/light_xm/round4_normal/light_xm_r4.pcapng,R4,289,2890.0029187202454,9.485965783310722e-05,0.09891047914067878,0.8730246344996871,0.02768046125778327,0.0002895654440179065,Light_XM
/home/lmy/iot-device-classification/dataset/light_xm/round4_normal/light_xm_r4.pcapng,R4,290,2900.092196702957,1.517840528602903e-05,0.06472053295362046,0.9265118125425796,0.008603730518664122,0.0001487455798498215,Light_XM
/home/lmy/iot-device-classification/dataset/light_xm/round4_normal/light_xm_r4.pcapng,R4,291,2911.9727325439453,0.021852184375794052,0.23517074218109002,0.023497852044507734,0.718927460322721,0.0005517610758872031,Light_XM
/home/lmy/iot-device-classification/dataset/light_xm/round4_normal/light_xm_r4.pcapng,R4,292,2920.213274955749,2.772727562001378e-05,0.07217547503031724,0.9188308295625148,0.00880855516047179,0.00015741297107612872,Light_XM
/home/lmy/iot-device-classification/dataset/light_xm/round4_normal/light_xm_r4.pcapng,R4,293,2930.1573765277863,2.8587552736462065e-05,0.08004884470016041,0.9047956615550145,0.014931669638838817,0.00019523655324962737,Light_XM
/home/lmy/iot-device-classification/dataset/light_xm/round4_normal/light_xm_r4.pcapng,R4,294,2940.043080329895,0.011616106586463825,0.4818778595400214,0.39040277465911444,0.11566124344962836,0.00044201576477209274,Light_XM
/home/lmy/iot-device-classification/dataset/light_xm/round4_normal/light_xm_r4.pcapng,R4,295,2950.4554703235626,0.37615053617120575,0.09632610357153555,0.0700948271043235,0.4564560797109451,0.0009724534419901762,Light_XM
/home/lmy/iot-device-classification/dataset/light_xm/round4_normal/light_xm_r4.pcapng,R4,296,2960.1300597190857,7.143805661158962e-05,0.13770847745702733,0.8290293608706649,0.03288734694668481,0.0003033766690113089,Light_XM
/home/lmy/iot-device-classification/dataset/light_xm/round4_normal/light_xm_r4.pcapng,R4,297,2970.099057197571,0.0043047241095853185,0.29219505139876056,0.6359967066905694,0.06714748322240838,0.0003560345786763158,Light_XM
/home/lmy/iot-device-classification/dataset/light_xm/round4_normal/light_xm_r4.pcapng,R4,298,2980.072429895401,0.00022986228714311249,0.17374171118812834,0.7019006466615149,0.12357654766484416,0.0005512321983694355,Light_XM
/home/lmy/iot-device-classification/dataset/light_xm/round4_normal/light_xm_r4.pcapng,R4,299,2990.075362920761,3.907182995709347e-05,0.08091819775702179,0.9036258477274259,0.015216886733708043,0.00019999595188693013,Light_XM
/home/lmy/iot-device-classification/dataset/light_xm/round4_normal/light_xm_r4.pcapng,R4,300,3000.160317182541,0.029069871132492674,0.31099352797819724,0.11402051874412965,0.5449680769456113,0.0009480051995691213,Light_XM
/home/lmy/iot-device-classification/dataset/light_xm/round4_normal/light_xm_r4.pcapng,R4,301,3010.20893073082,1.3479487106455131e-05,0.07156463231073301,0.9211712407389624,0.007113234738621265,0.0001374127245769751,Light_XM
/home/lmy/iot-device-classification/dataset/light_xm/round4_normal/light_xm_r4.pcapng,R4,302,3020.546429157257,0.0014107665058149255,0.2002940045257205,0.7546907940522185,0.043294879483265304,0.00030955543298081753,Light_XM
/home/lmy/iot-device-classification/dataset/light_xm/round4_normal/light_xm_r4.pcapng,R4,303,3030.3387072086334,0.021131127243276475,0.4222469145392469,0.22201869231988303,0.33402241644765157,0.0005808494499421297,Light_XM
/home/lmy/iot-device-classification/dataset/light_xm/round4_normal/light_xm_r4.pcapng,R4,304,3040.438781738281,7.375821132125063e-06,0.05702787230099763,0.9376115913963369,0.005239442741784073,0.00011371773974937394,Light_XM
/home/lmy/iot-device-classification/dataset/light_xm/round4_normal/light_xm_r4.pcapng,R4,305,3050.4605503082275,7.32138804585966e-05,0.09738151434912629,0.8846234962519621,0.017687376149855383,0.0002343993685976115,Light_XM
/home/lmy/iot-device-classification/dataset/light_xm/round4_normal/light_xm_r4.pcapng,R4,306,3060.5135447978973,0.012474668014282715,0.45370816592513713,0.39429802765055205,0.13905240694033866,0.00046673146968943076,Light_XM
/home/lmy/iot-device-classification/dataset/light_xm/round4_normal/light_xm_r4.pcapng,R4,307,3070.6120343208318,8.207957898043868e-05,0.1554755222276409,0.7863682684846068,0.057683981532654895,0.000390148176117041,Light_XM
/home/lmy/iot-device-classification/dataset/light_xm/round4_normal/light_xm_r4.pcapng,R4,308,3080.6717591285706,1.1038864840628965e-05,0.06500430845146328,0.9285548105306438,0.0063029490331072855,0.00012689311994491185,Light_XM
/home/lmy/iot-device-classification/dataset/light_xm/round4_normal/light_xm_r4.pcapng,R4,309,3090.722011566162,0.011986780724665802,0.4813903563591076,0.1084727056939277,0.39760537055858414,0.0005447866637146441,Light_XM
/home/lmy/iot-device-classification/dataset/light_xm/round4_normal/light_xm_r4.pcapng,R4,310,3100.7830345630646,2.0288125330074812e-05,0.08609474592788274,0.903839301638895,0.009880147752692787,0.0001655165551994413,Light_XM
/home/lmy/iot-device-classification/dataset/light_xm/round4_normal/light_xm_r4.pcapng,R4,311,3110.5471971035004,1.0100280718880505e-05,0.06387903243236281,0.930118999850812,0.0058681150969106715,0.00012375233919572734,Light_XM
/home/lmy/iot-device-classification/dataset/light_xm/round4_normal/light_xm_r4.pcapng,R4,312,3121.0901911258698,0.012786784934971384,0.4329443945239044,0.40553949080033547,0.14826830427404947,0.000461025466739241,Light_XM
/home/lmy/iot-device-classification/dataset/light_xm/round4_normal/light_xm_r4.pcapng,R4,313,3131.107038259506,1.3995207258112327e-05,0.03465617333502901,0.9633236351993055,0.001936292125356053,6.99041330511493e-05,Light_XM
/home/lmy/iot-device-classification/dataset/light_xm/round4_normal/light_xm_r4.pcapng,R4,314,3141.0345935821533,0.0069955717687235075,0.3883681168615142,0.5278275449461948,0.0764275866203641,0.0003811798032033938,Light_XM
/home/lmy/iot-device-classification/dataset/light_xm/round4_normal/light_xm_r4.pcapng,R4,315,3150.528079032898,0.012726494362032402,0.4843593212505266,0.36596782949561557,0.13649640459879406,0.00044995029303126,Light_XM
/home/lmy/iot-device-classification/dataset/light_xm/round4_normal/light_xm_r4.pcapng,R4,316,3161.1884381771088,8.418144014397604e-06,0.05448506216122966,0.9407403981799254,0.004658226096592282,0.00010789541823833486,Light_XM
/home/lmy/iot-device-classification/dataset/light_xm/round4_normal/light_xm_r4.pcapng,R4,317,3171.2327320575714,9.973027676033526e-06,0.06229685720657115,0.9321053415243089,0.005469381955417619,0.00011844628602633547,Light_XM
/home/lmy/iot-device-classification/dataset/light_xm/round4_normal/light_xm_r4.pcapng,R4,318,3180.526723623276,0.031078902530155727,0.30055008720498766,0.2513851890716174,0.4163430631545928,0.000642758038646379,Light_XM
/home/lmy/iot-device-classification/dataset/light_xm/round4_normal/light_xm_r4.pcapng,R4,319,3191.346606731415,3.763235615218027e-05,0.05670505916980728,0.9366558234671839,0.006468593766772168,0.00013289124008452734,Light_XM
/home/lmy/iot-device-classification/dataset/light_xm/round4_normal/light_xm_r4.pcapng,R4,320,3201.4396455287933,6.887188878935296e-06,0.046228028006594084,0.9504377825617123,0.003237743516728107,8.955872608640964e-05,Light_XM
/home/lmy/iot-device-classification/dataset/light_xm/round4_normal/light_xm_r4.pcapng,R4,321,3211.614276647568,0.003933536287656981,0.3486241555708208,0.5835153250543769,0.06358480334916673,0.0003421797379786664,Light_XM
/home/lmy/iot-device-classification/dataset/light_xm/round4_normal/light_xm_r4.pcapng,R4,322,3221.576650619507,1.4925934175179788e-05,0.06805878986365747,0.9200477191350257,0.011710736970987129,0.00016782809615452672,Light_XM
/home/lmy/iot-device-classification/dataset/light_xm/round4_normal/light_xm_r4.pcapng,R4,323,3231.039659023285,9.117198167501625e-06,0.05496968698313054,0.9406829747541661,0.00423453965081388,0.00010368141372219805,Light_XM
/home/lmy/iot-device-classification/dataset/light_xm/round4_normal/light_xm_r4.pcapng,R4,324,3240.5135543346405,0.015516637624224172,0.44219187442679875,0.3625409728694128,0.17917176996113832,0.0005787451184259444,Light_XM
/home/lmy/iot-device-classification/dataset/light_xm/round4_normal/light_xm_r4.pcapng,R4,325,3251.7607510089874,8.79548970462162e-06,0.062325799854470385,0.9314822621570034,0.006058675904906447,0.00012446659391510348,Light_XM
/home/lmy/iot-device-classification/dataset/light_xm/round4_normal/light_xm_r4.pcapng,R4,326,3261.813628911972,1.7682473880372162e-05,0.08277241479906318,0.9060227135576028,0.011012373318484035,0.00017481585096970324,Light_XM
/home/lmy/iot-device-classification/dataset/light_xm/round4_normal/light_xm_r4.pcapng,R4,327,3271.888597488404,0.02313155670120072,0.42462315313061855,0.27174160063629765,0.27997121485804644,0.0005324746738365439,Light_XM
/home/lmy/iot-device-classification/dataset/light_xm/round4_normal/light_xm_r4.pcapng,R4,328,3282.0865862369537,0.00023557098362130452,0.15925261897555232,0.7819183492326507,0.05816847585994307,0.000424984948232548,Light_XM
/home/lmy/iot-device-classification/dataset/light_xm/round4_normal/light_xm_r4.pcapng,R4,329,3290.5933995246887,9.478596186237143e-06,0.06412086214523569,0.9292764151381201,0.006465670359695281,0.0001275737607626408,Light_XM
/home/lmy/iot-device-classification/dataset/light_xm/round4_normal/light_xm_r4.pcapng,R4,330,3300.526384830475,0.022165724436945724,0.5437778053345068,0.1795220395531052,0.2538281046118943,0.0007063260635479218,Light_XM
/home/lmy/iot-device-classification/dataset/light_xm/round4_normal/light_xm_r4.pcapng,R4,331,3312.139893054962,1.6386643022219007e-05,0.05136387438667041,0.9445117022831035,0.004004264190523318,0.0001037724966806233,Light_XM
/home/lmy/iot-device-classification/dataset/light_xm/round4_normal/light_xm_r4.pcapng,R4,332,3322.223874568939,0.013971595349151001,0.4122412518426808,0.40739200991276486,0.16591150361035834,0.0004836392850451094,Light_XM
/home/lmy/iot-device-classification/dataset/light_xm/round4_normal/light_xm_r4.pcapng,R4,333,3330.5256633758545,0.015097042348281423,0.40599253420267867,0.4333033761072117,0.145080323090883,0.0005267242509450762,Light_XM
/home/lmy/iot-device-classification/dataset/light_xm/round4_normal/light_xm_r4.pcapng,R4,334,3342.3853986263275,1.122698343408403e-05,0.057333006388101904,0.9379239379731537,0.00462207904432312,0.00010974961098717494,Light_XM
/home/lmy/iot-device-classification/dataset/light_xm/round4_normal/light_xm_r4.pcapng,R4,335,3352.4178433418274,7.674289196042904e-06,0.05839537533680738,0.9360116783892262,0.005468579355017963,0.00011669262975258847,Light_XM
/home/lmy/iot-device-classification/dataset/light_xm/round4_normal/light_xm_r4.pcapng,R4,336,3362.468394994736,0.008559816508386138,0.3933206983130793,0.5035336938976049,0.09417915348145169,0.0004066377994778064,Light_XM
/home/lmy/iot-device-classification/dataset/light_xm/round4_normal/light_xm_r4.pcapng,R4,337,3372.537171125412,8.223488492532632e-05,0.12017040063412077,0.8619522183674585,0.01756710072791065,0.00022804538558478726,Light_XM
/home/lmy/iot-device-classification/dataset/light_xm/round4_normal/light_xm_r4.pcapng,R4,338,3380.547493934632,6.618341905105152e-06,0.053463023750612446,0.9417002849593967,0.004722309648538351,0.00010776329954718044,Light_XM
/home/lmy/iot-device-classification/dataset/light_xm/round4_normal/light_xm_r4.pcapng,R4,339,3392.6334302425385,0.009478375549411378,0.346270764805177,0.5234548202398471,0.12035913498974704,0.0004369044158174412,Light_XM
/home/lmy/iot-device-classification/dataset/light_xm/round4_normal/light_xm_r4.pcapng,R4,340,3402.77445435524,1.385346621198199e-05,0.02886201610505243,0.9694083305003987,0.001650813178548396,6.498674978877168e-05,Light_XM
/home/lmy/iot-device-classification/dataset/light_xm/round4_normal/light_xm_r4.pcapng,R4,341,3412.7746193408966,0.00012561678127415206,0.08753662524784116,0.90524952018002,0.00697332335848714,0.00011491443237767558,Light_XM
/home/lmy/iot-device-classification/dataset/light_xm/round4_normal/light_xm_r4.pcapng,R4,342,3420.526767730713,0.050146361001037455,0.38814815417565546,0.2746515575899958,0.2863010670510179,0.0007528601822934137,Light_XM
/home/lmy/iot-device-classification/dataset/light_xm/round4_normal/light_xm_r4.pcapng,R4,343,3432.8877277374268,0.00014873302183000247,0.10420269657832446,0.8560563315142543,0.039271356884185295,0.00032088200140591,Light_XM
/home/lmy/iot-device-classification/dataset/light_xm/round4_normal/light_xm_r4.pcapng,R4,344,3442.949015140533,1.2575445690722046e-05,0.05502251106541153,0.9396722276521053,0.005178473004175686,0.00011421283261663874,Light_XM
/home/lmy/iot-device-classification/dataset/light_xm/round4_normal/light_xm_r4.pcapng,R4,345,3453.0078794956207,0.014891271782331746,0.5183466473614275,0.3145125029409127,0.15180236700901162,0.00044721090631651204,Light_XM
/home/lmy/iot-device-classification/dataset/light_xm/round4_normal/light_xm_r4.pcapng,R4,346,3463.07031416893,1.3215400222186026e-05,0.0720891772362244,0.9193067379106838,0.00844161207735999,0.00014925737550962315,Light_XM
/home/lmy/iot-device-classification/dataset/light_xm/round4_normal/light_xm_r4.pcapng,R4,347,3470.548122406006,7.237976492110933e-06,0.055531373622673456,0.9397031013817972,0.004648891940214677,0.00010939507882252699,Light_XM
/home/lmy/iot-device-classification/dataset/light_xm/round4_normal/light_xm_r4.pcapng,R4,348,3482.655919313431,0.017627397557087785,0.28242364137035614,0.3107863058507479,0.38842030371843395,0.0007423515033741019,Light_XM
/home/lmy/iot-device-classification/dataset/light_xm/round4_normal/light_xm_r4.pcapng,R4,349,3491.200705051422,0.00013604305064598285,0.0994575849258891,0.8794756146696422,0.020687498916636137,0.0002432584371865722,Light_XM
/home/lmy/iot-device-classification/dataset/light_xm/round4_normal/light_xm_r4.pcapng,R4,350,3503.321994543076,0.004357711349354976,0.22249109395966338,0.7153704133774283,0.05745269420982437,0.00032808710372905786,Light_XM
/home/lmy/iot-device-classification/dataset/light_xm/round4_normal/light_xm_r4.pcapng,R4,351,3510.513950586319,0.01586463799531977,0.5370194984194837,0.3003870962454037,0.14627852802784003,0.0004502393119529132,Light_XM
/home/lmy/iot-device-classification/dataset/light_xm/round4_normal/light_xm_r4.pcapng,R4,352,3523.2830131053925,2.438851242324499e-05,0.05051851765630078,0.9443796573233504,0.004962746565040944,0.00011468994288452824,Light_XM
/home/lmy/iot-device-classification/dataset/light_xm/round4_normal/light_xm_r4.pcapng,R4,353,3533.499715328217,7.949033240622458e-06,0.059913094674605566,0.9347570225788021,0.00520677835734837,0.00011515535600327463,Light_XM
/home/lmy/iot-device-classification/dataset/light_xm/round4_normal/light_xm_r4.pcapng,R4,354,3540.52636551857,0.014115948533153061,0.5007498921868542,0.34965532641017266,0.13502257034196016,0.00045626252785990463,Light_XM
/home/lmy/iot-device-classification/dataset/light_xm/round4_normal/light_xm_r4.pcapng,R4,355,3553.616809129715,4.8993873369562404e-05,0.07817391429773059,0.9102969089949108,0.011298823191198666,0.00018135964279038857,Light_XM
/home/lmy/iot-device-classification/dataset/light_xm/round4_normal/light_xm_r4.pcapng,R4,356,3563.673278570175,8.603041894919737e-06,0.05196119305170362,0.9432266652061528,0.004695872830782251,0.00010766586946642104,Light_XM
/home/lmy/iot-device-classification/dataset/light_xm/round4_normal/light_xm_r4.pcapng,R4,357,3573.739167928696,0.012335111887801637,0.41140849714156413,0.4343866930311923,0.14140902594133914,0.00046067199810274223,Light_XM
/home/lmy/iot-device-classification/dataset/light_xm/round4_normal/light_xm_r4.pcapng,R4,358,3583.829743385315,1.3571948965203138e-05,0.07663998149718235,0.9137870733203952,0.009402793580583381,0.000156579652873777,Light_XM
/home/lmy/iot-device-classification/dataset/light_xm/round4_normal/light_xm_r4.pcapng,R4,359,3593.859872817993,8.83039086481061e-05,0.10543264527683334,0.8813527394489046,0.01292868934570049,0.00019762201991343532,Light_XM
/home/lmy/iot-device-classification/dataset/light_xm/round4_normal/light_xm_r4.pcapng,R4,360,3600.514636039734,0.04570768280241237,0.24131727066080302,0.31228374218811766,0.3999374782910109,0.0007538260576562055,Light_XM
/home/lmy/iot-device-classification/dataset/light_xm/round4_normal/light_xm_r4.pcapng,R4,361,3613.999394416809,9.831318207716568e-06,0.06267061950115763,0.9299935433703415,0.007193362509883417,0.00013264330040966725,Light_XM
/home/lmy/iot-device-classification/dataset/light_xm/round4_normal/light_xm_r4.pcapng,R4,362,3625.309584856033,0.01090696427525021,0.3676078754297377,0.44695694691622967,0.17398501627881274,0.0005431970999698102,Light_XM
/home/lmy/iot-device-classification/dataset/light_xm/round4_normal/light_xm_r4.pcapng,R4,363,3633.76064491272,0.014863372464121909,0.6647492122910831,0.06309904343035394,0.25653396076169976,0.0007544110527413092,Light_XM
/home/lmy/iot-device-classification/dataset/light_xm/round4_normal/light_xm_r4.pcapng,R4,364,3644.1589069366455,0.02411418972949916,0.25664610497231694,0.028092995010404298,0.6904019081788548,0.0007448021089248071,Light_XM
/home/lmy/iot-device-classification/dataset/light_xm/round4_normal/light_xm_r4.pcapng,R4,365,3650.5485982894897,0.07469790404968135,0.189881939291733,0.25763690716868426,0.47621984486297114,0.0015634046269303486,Light_XM
/home/lmy/iot-device-classification/dataset/light_xm/round4_normal/light_xm_r4.pcapng,R4,366,3660.5133395195007,0.027391472639423382,0.4730279590979166,0.2385248947344473,0.26037435218881455,0.0006813213393980506,Light_XM
/home/lmy/iot-device-classification/dataset/light_xm/round4_normal/light_xm_r4.pcapng,R4,367,3672.593174934387,0.03415644075365906,0.36855076443124224,0.06533508762678669,0.5308568244397193,0.0011008827485926842,Light_XM
/home/lmy/iot-device-classification/dataset/sensor/round4_normal/sensor_r4.pcapng,R4,0,0.0,0.01764499436708673,0.3906494095126124,0.10971176048635538,0.4811403225685277,0.0008535130654178835,Sensor
/home/lmy/iot-device-classification/dataset/sensor/round4_normal/sensor_r4.pcapng,R4,1,10.402910470962524,0.010241228273986954,0.7950908221340538,0.08075334444421482,0.11319431891906417,0.0007202862286803503,Sensor
/home/lmy/iot-device-classification/dataset/sensor/round4_normal/sensor_r4.pcapng,R4,2,22.01540732383728,0.03272127023472911,0.41386343463635755,0.03031467416762662,0.5222092955239375,0.0008913254373492666,Sensor
/home/lmy/iot-device-classification/dataset/sensor/round4_normal/sensor_r4.pcapng,R4,3,31.07911229133606,0.06734106164369133,0.24705759279694195,0.01640873152343044,0.668570609372585,0.0006220046633514807,Sensor
/home/lmy/iot-device-classification/dataset/sensor/round4_normal/sensor_r4.pcapng,R4,4,42.09663105010986,0.021868940544368016,0.21355145270882567,0.02299312551499293,0.7409245914633955,0.0006618897684178709,Sensor
/home/lmy/iot-device-classification/dataset/sensor/round4_normal/sensor_r4.pcapng,R4,5,51.51465439796448,0.011978691399383585,0.7423722975932753,0.033409326934741794,0.21167185397710936,0.0005678300954901087,Sensor
/home/lmy/iot-device-classification/dataset/sensor/round4_normal/sensor_r4.pcapng,R4,6,61.09868502616882,0.019075047883736436,0.625448859902514,0.04347783072682264,0.3111999156251101,0.0007983458618167629,Sensor
/home/lmy/iot-device-classification/dataset/sensor/round4_normal/sensor_r4.pcapng,R4,7,72.24048829078674,0.019990246456200355,0.1094453551606739,0.014830235996295441,0.8552237923802664,0.0005103700065640575,Sensor
/home/lmy/iot-device-classification/dataset/sensor/round4_normal/sensor_r4.pcapng,R4,8,82.22946786880493,0.020622402404365078,0.18602103759987718,0.021882881595577396,0.7708463647170856,0.0006273136830947652,Sensor
/home/lmy/iot-device-classification/dataset/sensor/round4_normal/sensor_r4.pcapng,R4,9,91.12697625160216,0.100039584142671,0.19332868955736066,0.07563597794321765,0.6301756128855072,0.0008201354712435099,Sensor
/home/lmy/iot-device-classification/dataset/sensor/round4_normal/sensor_r4.pcapng,R4,10,102.24729228019714,0.02228122549386452,0.17243444017783638,0.019890088817532344,0.7847677078040889,0.0006265377066778639,Sensor
/home/lmy/iot-device-classification/dataset/sensor/round4_normal/sensor_r4.pcapng,R4,11,111.51117277145386,0.050847025211173964,0.32596589962502914,0.02647328379215502,0.5957785737498758,0.0009352176217661685,Sensor
/home/lmy/iot-device-classification/dataset/sensor/round4_normal/sensor_r4.pcapng,R4,12,120.18392634391785,0.02869382615368125,0.6931213665599263,0.061026672040286556,0.21615790182729033,0.001000233418815613,Sensor
/home/lmy/iot-device-classification/dataset/sensor/round4_normal/sensor_r4.pcapng,R4,13,131.0357129573822,0.023772204720269852,0.3507391426487703,0.04045224461380416,0.5843172512017105,0.0007191568154450638,Sensor
/home/lmy/iot-device-classification/dataset/sensor/round4_normal/sensor_r4.pcapng,R4,14,142.2830946445465,0.01948910379967464,0.09081319397695155,0.012874205107102077,0.8763506228929655,0.0004728742233062477,Sensor
/home/lmy/iot-device-classification/dataset/sensor/round4_normal/sensor_r4.pcapng,R4,15,151.18040442466736,0.030935296847338117,0.400365841520143,0.146816646433495,0.4208536163725606,0.0010285988264632476,Sensor
/home/lmy/iot-device-classification/dataset/sensor/round4_normal/sensor_r4.pcapng,R4,16,162.3005449771881,0.0024315266123723896,0.6876644462768698,0.26004087489438,0.049275648346447924,0.0005875038699297686,Sensor
/home/lmy/iot-device-classification/dataset/sensor/round4_normal/sensor_r4.pcapng,R4,17,172.3104166984558,0.02005884769932846,0.3832642495844614,0.029559043495291794,0.5664072142642006,0.0007106449567177722,Sensor
/home/lmy/iot-device-classification/dataset/sensor/round4_normal/sensor_r4.pcapng,R4,18,180.95104002952576,0.01026414354207673,0.7864539929556937,0.06740486292572762,0.13519170191674945,0.0006852986597525165,Sensor
/home/lmy/iot-device-classification/dataset/sensor/round4_normal/sensor_r4.pcapng,R4,19,191.35035395622253,0.041644124161563156,0.3540670339014663,0.023159780937921575,0.5802057005610742,0.0009233604379746437,Sensor
/home/lmy/iot-device-classification/dataset/sensor/round4_normal/sensor_r4.pcapng,R4,20,201.50267601013184,0.022787296421450824,0.4093487182820598,0.03066045167784454,0.5364310623210403,0.000772471297604432,Sensor
/home/lmy/iot-device-classification/dataset/sensor/round4_normal/sensor_r4.pcapng,R4,21,211.2324924468994,0.026083596773781432,0.32570874451676535,0.042258781427329264,0.6050846932202633,0.0008641840618607089,Sensor
/home/lmy/iot-device-classification/dataset/sensor/round4_normal/sensor_r4.pcapng,R4,22,220.4703042507172,0.02634652858303457,0.27804126034350385,0.02571253493207585,0.6691324531284026,0.0007672230129830783,Sensor
/home/lmy/iot-device-classification/dataset/sensor/round4_normal/sensor_r4.pcapng,R4,23,232.36439967155457,0.02194544204985186,0.12199403831938758,0.015506733877979963,0.8400027717550814,0.0005510139976990736,Sensor
/home/lmy/iot-device-classification/dataset/sensor/round4_normal/sensor_r4.pcapng,R4,24,241.25850319862369,0.020951037501278413,0.20200210618795306,0.025425069966655268,0.7509354222863356,0.0006863640577775402,Sensor
/home/lmy/iot-device-classification/dataset/sensor/round4_normal/sensor_r4.pcapng,R4,25,252.38402581214905,0.020281455365788154,0.1002621010489938,0.013528928004050478,0.865428727149791,0.0004987884313766141,Sensor
/home/lmy/iot-device-classification/dataset/sensor/round4_normal/sensor_r4.pcapng,R4,26,262.39324045181274,0.0463569791108993,0.22958378575258429,0.015956878678701106,0.7073106076317675,0.000791748826047958,Sensor
/home/lmy/iot-device-classification/dataset/sensor/round4_normal/sensor_r4.pcapng,R4,27,270.3873727321625,0.012931234392843476,0.6524222788784585,0.05004421398719869,0.28387360631432423,0.0007286664271750285,Sensor
/home/lmy/iot-device-classification/dataset/sensor/round4_normal/sensor_r4.pcapng,R4,28,280.78454542160034,0.02520062215125422,0.31651735028681754,0.025218726547925428,0.6323172661160196,0.0007460348979831164,Sensor
/home/lmy/iot-device-classification/dataset/sensor/round4_normal/sensor_r4.pcapng,R4,29,291.49396109580994,0.020608763276665554,0.0974711575777443,0.012958453687436878,0.868469364680221,0.0004922607779324481,Sensor
/home/lmy/iot-device-classification/dataset/sensor/round4_normal/sensor_r4.pcapng,R4,30,301.3270478248596,0.03773548517185394,0.19105455834599036,0.023999789369670545,0.7463765340977531,0.0008336330147320222,Sensor
/home/lmy/iot-device-classification/dataset/sensor/round4_normal/sensor_r4.pcapng,R4,31,311.98007106781006,0.009124356985849381,0.8365885737603865,0.06592898099348447,0.08771921400642695,0.0006388742538528106,Sensor
/home/lmy/iot-device-classification/dataset/sensor/round4_normal/sensor_r4.pcapng,R4,32,322.45064783096313,0.021570314428386465,0.2369045888020984,0.022090252142141,0.7187806075942319,0.0006542370331422571,Sensor
/home/lmy/iot-device-classification/dataset/sensor/round4_normal/sensor_r4.pcapng,R4,33,330.70190954208374,0.015390445988153159,0.8092466884471207,0.029246452729073186,0.14552068974049995,0.0005957230951528676,Sensor
/home/lmy/iot-device-classification/dataset/sensor/round4_normal/sensor_r4.pcapng,R4,34,342.4677219390869,0.020802979139339216,0.11204254320343451,0.014855255531386927,0.8517724119091192,0.0005268102167200592,Sensor
/home/lmy/iot-device-classification/dataset/sensor/round4_normal/sensor_r4.pcapng,R4,35,351.49817752838135,0.02065093051410494,0.13975807711650295,0.01658657383917357,0.8224474296155843,0.0005569889146341984,Sensor
/home/lmy/iot-device-classification/dataset/sensor/round4_normal/sensor_r4.pcapng,R4,36,361.3711609840393,0.03255498815247463,0.3479512360040247,0.10958559699217754,0.5088794338754259,0.0010287449758973864,Sensor
/home/lmy/iot-device-classification/dataset/sensor/round4_normal/sensor_r4.pcapng,R4,37,372.4969434738159,0.021933983398671624,0.29576299821798496,0.025278743204024127,0.6563213954913896,0.0007028796879297857,Sensor
/home/lmy/iot-device-classification/dataset/sensor/round4_normal/sensor_r4.pcapng,R4,38,381.48851919174194,0.02646325916091297,0.17545120470287695,0.01709327175424706,0.78035931328719,0.0006329510947730114,Sensor
/home/lmy/iot-device-classification/dataset/sensor/round4_normal/sensor_r4.pcapng,R4,39,391.0158259868622,0.04614249961106864,0.16556370983387914,0.0169885912327201,0.7705230086337295,0.0007821906886025722,Sensor
/home/lmy/iot-device-classification/dataset/sensor/round4_normal/sensor_r4.pcapng,R4,40,402.5250625610352,0.02135158704639735,0.1380743640169392,0.016901680982380707,0.8231063342673538,0.0005660336869290557,Sensor
/home/lmy/iot-device-classification/dataset/sensor/round4_normal/sensor_r4.pcapng,R4,41,412.488233089447,0.02145148693274777,0.14614384679580303,0.016160979603033823,0.8156816008198358,0.0005620858485795571,Sensor
/home/lmy/iot-device-classification/dataset/sensor/round4_normal/sensor_r4.pcapng,R4,42,421.3986403942108,0.004136329371770808,0.9146245918893773,0.04338914396347563,0.03751458485892013,0.00033534991645612147,Sensor
/home/lmy/iot-device-classification/dataset/sensor/round4_normal/sensor_r4.pcapng,R4,43,432.55333971977234,0.020619974403909794,0.1037803971977914,0.013896933992212967,0.8611959428125416,0.0005067515935442533,Sensor
/home/lmy/iot-device-classification/dataset/sensor/round4_normal/sensor_r4.pcapng,R4,44,442.5624516010285,0.03936645924911065,0.42015309408007123,0.10674801261753926,0.4327067774968142,0.0010256565564645895,Sensor
/home/lmy/iot-device-classification/dataset/sensor/round4_normal/sensor_r4.pcapng,R4,45,451.4557259082794,0.024302095834410058,0.49356653091804004,0.03531978513503449,0.4459669697529552,0.0008446183595600268,Sensor
/home/lmy/iot-device-classification/dataset/sensor/round4_normal/sensor_r4.pcapng,R4,46,462.5831701755524,0.014272491220595917,0.562825503849388,0.07428554974618422,0.3476792244222253,0.0009372307616064105,Sensor
/home/lmy/iot-device-classification/dataset/sensor/round4_normal/sensor_r4.pcapng,R4,47,471.4348711967468,0.04256160646592533,0.18233836762531186,0.016931441062201916,0.757392709222267,0.0007758756242940025,Sensor
/home/lmy/iot-device-classification/dataset/sensor/round4_normal/sensor_r4.pcapng,R4,48,480.1990098953247,0.0058695726826204775,0.8562934606490988,0.04291337457914182,0.09447049146201957,0.00045310062711929953,Sensor
/home/lmy/iot-device-classification/dataset/sensor/round4_normal/sensor_r4.pcapng,R4,49,492.6103527545929,0.019894009358448702,0.12119162744394783,0.01463305984718625,0.8437641753691111,0.0005171279813060006,Sensor
/home/lmy/iot-device-classification/dataset/sensor/round4_normal/sensor_r4.pcapng,R4,50,502.62310886383057,0.019215188579606798,0.1131324161740181,0.017058139386950572,0.8500540742913518,0.0005401815680725645,Sensor
/home/lmy/iot-device-classification/dataset/sensor/round4_normal/sensor_r4.pcapng,R4,51,511.407781124115,0.02198690266520843,0.1545602517636405,0.01958606785657603,0.8032508595922093,0.0006159181223657752,Sensor
/home/lmy/iot-device-classification/dataset/sensor/round4_normal/sensor_r4.pcapng,R4,52,520.3560290336609,0.021270975269949536,0.17036529715082963,0.02018146198755198,0.787564929675076,0.0006173359165929015,Sensor
/home/lmy/iot-device-classification/dataset/sensor/round4_normal/sensor_r4.pcapng,R4,53,531.7142443656921,0.020425008011339535,0.4618014095159246,0.167786843902923,0.34929584965975785,0.0006908889100549952,Sensor
/home/lmy/iot-device-classification/dataset/sensor/round4_normal/sensor_r4.pcapng,R4,54,541.5481238365173,0.012952228740971185,0.6724716482781135,0.05659442177859128,0.25722008170824673,0.0007616194940771625,Sensor
/home/lmy/iot-device-classification/dataset/sensor/round4_normal/sensor_r4.pcapng,R4,55,552.6687164306641,0.021368005791744867,0.0987366822444796,0.012611431885995797,0.8667892815337799,0.0004945985439997997,Sensor
/home/lmy/iot-device-classification/dataset/sensor/round4_normal/sensor_r4.pcapng,R4,56,560.5972275733948,0.02088511257330206,0.4572800214845549,0.03090485879415068,0.49018360179811876,0.0007464053498735038,Sensor
/home/lmy/iot-device-classification/dataset/sensor/round4_normal/sensor_r4.pcapng,R4,57,571.5706102848053,0.02581984458353967,0.13999611298295578,0.016387505310015055,0.8171881658977899,0.0006083712256995615,Sensor
/home/lmy/iot-device-classification/dataset/sensor/round4_normal/sensor_r4.pcapng,R4,58,582.3675398826599,0.020347381017856693,0.1711867639163182,0.020096277910783944,0.7877639283585495,0.0006056487964916032,Sensor
/home/lmy/iot-device-classification/dataset/sensor/round4_normal/sensor_r4.pcapng,R4,59,592.7072141170502,0.019298676211895762,0.0820886252995835,0.01155998896295346,0.8866005294973596,0.0004521800282076913,Sensor
/home/lmy/iot-device-classification/dataset/sensor/round4_normal/sensor_r4.pcapng,R4,60,600.832211971283,0.02672418779653717,0.39054836639259277,0.33326174570380107,0.2488328039091648,0.0006328961979041908,Sensor
/home/lmy/iot-device-classification/dataset/sensor/round4_normal/sensor_r4.pcapng,R4,61,612.729654788971,0.020189658122111837,0.12086896332076899,0.016148716021124814,0.8422510954417002,0.0005415670942941095,Sensor
/home/lmy/iot-device-classification/dataset/sensor/round4_normal/sensor_r4.pcapng,R4,62,622.7368123531342,0.02277238760277496,0.15215151594132081,0.01660141894919837,0.8078998150298068,0.0005748624768991461,Sensor
/home/lmy/iot-device-classification/dataset/sensor/round4_normal/sensor_r4.pcapng,R4,63,631.6293709278107,0.009246378796751277,0.7706134879979912,0.05094218568904758,0.16858398881359365,0.0006139587026162238,Sensor
/home/lmy/iot-device-classification/dataset/sensor/round4_normal/sensor_r4.pcapng,R4,64,641.0709636211395,0.041828652852786724,0.560989250196805,0.10218794491325561,0.2938732534629533,0.0011208985741994284,Sensor
/home/lmy/iot-device-classification/dataset/sensor/round4_normal/sensor_r4.pcapng,R4,65,651.4283444881439,0.024586733747906434,0.1835663591962559,0.01961638726026503,0.7715796396470206,0.0006508801485519448,Sensor
/home/lmy/iot-device-classification/dataset/sensor/round4_normal/sensor_r4.pcapng,R4,66,661.6630642414093,0.02185628823578657,0.1218084069250586,0.015745420741423398,0.8400357255643597,0.0005541585333717087,Sensor
/home/lmy/iot-device-classification/dataset/sensor/round4_normal/sensor_r4.pcapng,R4,67,672.7851078510284,0.01900051403141157,0.08308831745730606,0.011843111819784343,0.8856139663217475,0.0004540903697504341,Sensor
/home/lmy/iot-device-classification/dataset/sensor/round4_normal/sensor_r4.pcapng,R4,68,681.4698626995087,0.020875672353524142,0.1340745820858781,0.016060154498646183,0.8284381906411422,0.0005514004208094824,Sensor
/home/lmy/iot-device-classification/dataset/sensor/round4_normal/sensor_r4.pcapng,R4,69,691.3900852203369,0.020642453038178257,0.30061296734298876,0.02767005697615511,0.6503625578762692,0.0007119647664085069,Sensor
/home/lmy/iot-device-classification/dataset/sensor/round4_normal/sensor_r4.pcapng,R4,70,702.814918756485,0.02254810464537785,0.3594870439711317,0.029173476087733977,0.5880353238590809,0.0007560514366756061,Sensor
/home/lmy/iot-device-classification/dataset/sensor/round4_normal/sensor_r4.pcapng,R4,71,712.8247051239014,0.023984165123754314,0.2192530578452304,0.021134853584381934,0.7349564924389926,0.0006714310076407926,Sensor
/home/lmy/iot-device-classification/dataset/sensor/round4_normal/sensor_r4.pcapng,R4,72,721.7096562385559,0.02263842543938274,0.2287766156463011,0.02501534396484173,0.7228667637052028,0.0007028512442716599,Sensor
/home/lmy/iot-device-classification/dataset/sensor/round4_normal/sensor_r4.pcapng,R4,73,732.8442375659943,0.020565252623301496,0.11710080648704196,0.015296204931508304,0.846505444150918,0.0005322918072301642,Sensor
/home/lmy/iot-device-classification/dataset/sensor/round4_normal/sensor_r4.pcapng,R4,74,741.4263756275177,0.022860172344464778,0.36023762064064885,0.03186520320107284,0.5842492325574095,0.0007877712564042089,Sensor
/home/lmy/iot-device-classification/dataset/sensor/round4_normal/sensor_r4.pcapng,R4,75,751.7486300468445,0.029722819510025058,0.2953966317137999,0.025647670892460464,0.6484372256772283,0.0007956522064863503,Sensor
/home/lmy/iot-device-classification/dataset/sensor/round4_normal/sensor_r4.pcapng,R4,76,761.8687880039215,0.019452722655622586,0.3932590191682567,0.03783600605799591,0.5486650194598016,0.0007872326583232577,Sensor
/home/lmy/iot-device-classification/dataset/sensor/round4_normal/sensor_r4.pcapng,R4,77,772.8839619159698,0.02011175846141733,0.10438849865560366,0.013790275985738015,0.8612074874071313,0.0005019794901097545,Sensor
/home/lmy/iot-device-classification/dataset/sensor/round4_normal/sensor_r4.pcapng,R4,78,781.3863742351532,0.0054684282212089045,0.7790308562218224,0.1166422698473268,0.09838070881967363,0.0004777368899683661,Sensor
/home/lmy/iot-device-classification/dataset/sensor/round4_normal/sensor_r4.pcapng,R4,79,792.9033315181732,0.022942118282937667,0.419550875430756,0.03493088072720939,0.5217281696459696,0.0008479559131273996,Sensor
/home/lmy/iot-device-classification/dataset/sensor/round4_normal/sensor_r4.pcapng,R4,80,802.9135146141052,0.024222447359713156,0.24565255692365429,0.026206843286979073,0.7031791869717946,0.0007389654578588984,Sensor
/home/lmy/iot-device-classification/dataset/sensor/round4_normal/sensor_r4.pcapng,R4,81,811.8011412620544,0.011068025029563977,0.6900628378792675,0.05085836371980229,0.24733061006013943,0.0006801633112267453,Sensor
/home/lmy/iot-device-classification/dataset/sensor/round4_normal/sensor_r4.pcapng,R4,82,822.933358669281,0.020999642046576915,0.15198914708745204,0.017827753398287884,0.8086029326724061,0.0005805247952770507,Sensor
/home/lmy/iot-device-classification/dataset/sensor/round4_normal/sensor_r4.pcapng,R4,83,831.4745490550995,0.023395501212057895,0.16559076576037138,0.018714960366994257,0.7916766843271312,0.0006220883334452248,Sensor
/home/lmy/iot-device-classification/dataset/sensor/round4_normal/sensor_r4.pcapng,R4,84,841.8311743736267,0.04285786254702114,0.6053027573616387,0.04966545615255338,0.30115087591828227,0.0010230480205046316,Sensor
/home/lmy/iot-device-classification/dataset/sensor/round4_normal/sensor_r4.pcapng,R4,85,852.9629182815552,0.019306428250050876,0.09588983769523025,0.013140419589182337,0.8711818414222454,0.00048147304329098446,Sensor
/home/lmy/iot-device-classification/dataset/sensor/round4_normal/sensor_r4.pcapng,R4,86,862.5886316299438,0.05201403665558475,0.22429839929914164,0.015816467801123363,0.7070541771184936,0.0008169191256565795,Sensor
/home/lmy/iot-device-classification/dataset/sensor/round4_normal/sensor_r4.pcapng,R4,87,871.3865566253662,0.04159115737848264,0.4992051314876405,0.03269169280675292,0.42550136811718925,0.0010106502099346583,Sensor
/home/lmy/iot-device-classification/dataset/sensor/round4_normal/sensor_r4.pcapng,R4,88,882.9926798343658,0.020469420146180094,0.10409661277605542,0.013352277162608997,0.8615824120030624,0.0004992779120929864,Sensor
/home/lmy/iot-device-classification/dataset/sensor/round4_normal/sensor_r4.pcapng,R4,89,893.0033302307129,0.031531425366848595,0.2750294266984457,0.031177756626395003,0.6613773000701625,0.0008840912381482881,Sensor
/home/lmy/iot-device-classification/dataset/sensor/round4_normal/sensor_r4.pcapng,R4,90,901.8432850837708,0.06685135346989464,0.13432905957362876,0.014699909608898104,0.7833033422051943,0.0008163351423842984,Sensor
/home/lmy/iot-device-classification/dataset/sensor/round4_normal/sensor_r4.pcapng,R4,91,912.3751587867736,0.006874088236717662,0.7223692032934182,0.1798120018552271,0.09044371596749363,0.000500990647143378,Sensor
/home/lmy/iot-device-classification/dataset/sensor/round4_normal/sensor_r4.pcapng,R4,92,921.424131155014,0.03928448221083414,0.4345701659193229,0.027536713079507683,0.4976507069325643,0.0009579318577709259,Sensor
/home/lmy/iot-device-classification/dataset/sensor/round4_normal/sensor_r4.pcapng,R4,93,931.853164434433,0.02232365413981727,0.12656840248233361,0.016054273305015253,0.834489644233658,0.0005640258391759497,Sensor
/home/lmy/iot-device-classification/dataset/sensor/round4_normal/sensor_r4.pcapng,R4,94,943.0524570941924,0.01911150838060252,0.13266496545808337,0.02135707597435174,0.8262700548898202,0.0005963952971422917,Sensor
/home/lmy/iot-device-classification/dataset/sensor/round4_normal/sensor_r4.pcapng,R4,95,953.062940120697,0.022160458633632005,0.20376777576388125,0.021916386531898712,0.7515057227872047,0.0006496562833833344,Sensor
/home/lmy/iot-device-classification/dataset/sensor/round4_normal/sensor_r4.pcapng,R4,96,961.398432970047,0.02384728043179333,0.24320461210058522,0.02734950674771189,0.7048587224036758,0.000739878316233955,Sensor
/home/lmy/iot-device-classification/dataset/sensor/round4_normal/sensor_r4.pcapng,R4,97,971.253724336624,0.0005817037900563043,0.485039450102907,0.5076659065073361,0.006477181640592923,0.00023575795910770863,Sensor
/home/lmy/iot-device-classification/dataset/sensor/round4_normal/sensor_r4.pcapng,R4,98,983.0931022167206,0.021966343110170768,0.1316376005873515,0.016840660884027577,0.8289823707525558,0.0005730246658943749,Sensor
/home/lmy/iot-device-classification/dataset/sensor/round4_normal/sensor_r4.pcapng,R4,99,991.8926830291748,0.024066202202419444,0.1530127568578195,0.01994270172075903,0.8023296222913675,0.0006487169276345673,Sensor
/home/lmy/iot-device-classification/dataset/sensor/round4_normal/sensor_r4.pcapng,R4,100,1003.1118235588074,0.02460601155493865,0.1721535101438836,0.01827474672502286,0.7843345061796997,0.0006312253964551315,Sensor
/home/lmy/iot-device-classification/dataset/sensor/round4_normal/sensor_r4.pcapng,R4,101,1011.4233121871948,0.031514814324353435,0.18838012000633778,0.01977845978753247,0.7596012629667509,0.0007253429150253829,Sensor
/home/lmy/iot-device-classification/dataset/sensor/round4_normal/sensor_r4.pcapng,R4,102,1021.9188702106476,0.021679514780658268,0.15094540273827745,0.017308990063509676,0.8094845966300505,0.0005814957875041623,Sensor
/home/lmy/iot-device-classification/dataset/sensor/round4_normal/sensor_r4.pcapng,R4,103,1033.143964767456,0.020437331799041863,0.08844347866384403,0.011847128155108636,0.8788020172399785,0.00047004414202699593,Sensor
/home/lmy/iot-device-classification/dataset/sensor/round4_normal/sensor_r4.pcapng,R4,104,1043.1520040035248,0.03211296957795808,0.4193527570796579,0.0998997384224255,0.4475545655683434,0.001079969351615159,Sensor
/home/lmy/iot-device-classification/dataset/sensor/round4_normal/sensor_r4.pcapng,R4,105,1051.3858494758606,0.0194986954352645,0.6504516367822128,0.04119912924692996,0.28806733417545693,0.0007832043601357292,Sensor
/home/lmy/iot-device-classification/dataset/sensor/round4_normal/sensor_r4.pcapng,R4,106,1063.171691417694,0.001826043375271365,0.7852099475552906,0.17998772526186135,0.03253575153187939,0.00044053227569748165,Sensor
/home/lmy/iot-device-classification/dataset/sensor/round4_normal/sensor_r4.pcapng,R4,107,1073.1842534542084,0.03384998285748821,0.14793711632862458,0.014655278474174182,0.8029047738205416,0.0006528485191715932,Sensor
/home/lmy/iot-device-classification/dataset/sensor/round4_normal/sensor_r4.pcapng,R4,108,1080.4627048969269,0.02137134753150718,0.33446353850977495,0.02986775583521795,0.6135505637250245,0.0007467943984754481,Sensor
/home/lmy/iot-device-classification/dataset/sensor/round4_normal/sensor_r4.pcapng,R4,109,1093.2017879486084,0.02010462893015729,0.094698531543094,0.013245793735539468,0.8714601618927574,0.0004908838984519561,Sensor
/home/lmy/iot-device-classification/dataset/sensor/round4_normal/sensor_r4.pcapng,R4,110,1101.4750378131866,0.22869193932068757,0.27719925136042634,0.012350407920021686,0.48047711577475055,0.0012812856241138646,Sensor
/home/lmy/iot-device-classification/dataset/sensor/round4_normal/sensor_r4.pcapng,R4,111,1112.1294758319857,0.008149353428954237,0.7152594438882732,0.15831241054874964,0.11759858137931299,0.0006802107547098212,Sensor
/home/lmy/iot-device-classification/dataset/sensor/round4_normal/sensor_r4.pcapng,R4,112,1123.231997013092,0.021002473897421943,0.2196129410016657,0.022728080907473053,0.7360025978457683,0.0006539063476711797,Sensor
/home/lmy/iot-device-classification/dataset/sensor/round4_normal/sensor_r4.pcapng,R4,113,1133.24245595932,0.033508669465267205,0.18283542819552726,0.016005669420489917,0.7669701549685408,0.0006800779501748572,Sensor
/home/lmy/iot-device-classification/dataset/sensor/round4_normal/sensor_r4.pcapng,R4,114,1141.3970279693604,0.09505158682808726,0.567454994184421,0.03041856766877489,0.30607539464628486,0.0009994566724318436,Sensor
/home/lmy/iot-device-classification/dataset/sensor/round4_normal/sensor_r4.pcapng,R4,115,1153.264121055603,0.023254825698222875,0.14053508481162025,0.0171744724964993,0.8184369815388461,0.0005986354548112817,Sensor
/home/lmy/iot-device-classification/dataset/sensor/round4_normal/sensor_r4.pcapng,R4,116,1163.2727284431458,0.021565307756074716,0.22505687322516837,0.02548813075366091,0.7271958383883703,0.0006938498767257362,Sensor
/home/lmy/iot-device-classification/dataset/sensor/round4_normal/sensor_r4.pcapng,R4,117,1172.0634496212006,0.01967610605870916,0.4657434101742283,0.050877635651409035,0.4628076493854835,0.00089519873016996,Sensor
/home/lmy/iot-device-classification/dataset/sensor/round4_normal/sensor_r4.pcapng,R4,118,1180.0730991363523,0.021641173308420532,0.2172578697448232,0.022595422907466398,0.7378454294214499,0.0006601046178400526,Sensor
/home/lmy/iot-device-classification/dataset/sensor/round4_normal/sensor_r4.pcapng,R4,119,1191.4226956367493,0.02337644250402947,0.6097622498531102,0.107911690292238,0.2580446966254411,0.0009049207251811727,Sensor
/home/lmy/iot-device-classification/dataset/sensor/round4_normal/sensor_r4.pcapng,R4,120,1202.0937526226044,0.04308921668731783,0.3610687691658461,0.03390231314494985,0.560889379299605,0.001050321702281151,Sensor
/home/lmy/iot-device-classification/dataset/sensor/round4_normal/sensor_r4.pcapng,R4,121,1210.36700963974,0.009344982415837368,0.623863854709359,0.2387003338706031,0.1271878482619887,0.000902980742211908,Sensor
/home/lmy/iot-device-classification/dataset/sensor/round4_normal/sensor_r4.pcapng,R4,122,1223.3331763744354,0.02727265807947737,0.1818367053647765,0.020929487823214587,0.7692628558708842,0.0006982928616472436,Sensor
/home/lmy/iot-device-classification/dataset/sensor/round4_normal/sensor_r4.pcapng,R4,123,1230.023221492767,0.005273680538123721,0.8845952856498212,0.039225572859779075,0.0704948351485191,0.0004106258037570597,Sensor
/home/lmy/iot-device-classification/dataset/sensor/round4_normal/sensor_r4.pcapng,R4,124,1243.3532388210297,0.021627533080017202,0.17445656369206458,0.02000171787066981,0.7832932742930488,0.0006209110641994923,Sensor
/home/lmy/iot-device-classification/dataset/sensor/round4_normal/sensor_r4.pcapng,R4,126,1260.0294756889343,0.01401008418525439,0.5444996806368319,0.05422687884806429,0.3864693490810221,0.0007940072488273316,Sensor
/home/lmy/iot-device-classification/dataset/sensor/round4_normal/sensor_r4.pcapng,R4,127,1273.383076429367,0.024569321638302083,0.35683883284323376,0.03728874897407648,0.58043640656699,0.000866689977397576,Sensor
/home/lmy/iot-device-classification/dataset/sensor/round4_normal/sensor_r4.pcapng,R4,128,1280.166558265686,0.9975666509122754,8.319447249421012e-05,0.00017500645476369462,0.002121343737408588,5.3804423058199206e-05,Sensor
/home/lmy/iot-device-classification/dataset/sensor/round4_normal/sensor_r4.pcapng,R4,129,1290.9332554340365,0.027477594199516772,0.5159998328857256,0.03329190476735395,0.42254722100158976,0.0006834471458140224,Sensor
/home/lmy/iot-device-classification/dataset/sensor/round4_normal/sensor_r4.pcapng,R4,130,1303.413688659668,0.007355666980260711,0.577724150408808,0.17832128937750735,0.23561773595406693,0.0009811572793569587,Sensor
/home/lmy/iot-device-classification/dataset/sensor/round4_normal/sensor_r4.pcapng,R4,131,1310.2450516223907,0.019924506265681315,0.12861747525219241,0.01592496518198413,0.8349964647901199,0.0005365885100221992,Sensor
/home/lmy/iot-device-classification/dataset/sensor/round4_normal/sensor_r4.pcapng,R4,132,1320.472429037094,0.003547270956815718,0.9282115468040815,0.03172183958685601,0.03622572478621696,0.0002936178660298485,Sensor
/home/lmy/iot-device-classification/dataset/sensor/round4_normal/sensor_r4.pcapng,R4,133,1333.4442811012268,0.03507993197963765,0.5748391991088138,0.15557126659536297,0.23302642256929781,0.0014831797468877514,Sensor
/home/lmy/iot-device-classification/dataset/sensor/round4_normal/sensor_r4.pcapng,R4,134,1340.640555858612,0.0379245460735618,0.2154854430358286,0.019017632285896976,0.7268008093078184,0.0007715692968943261,Sensor
/home/lmy/iot-device-classification/dataset/sensor/round4_normal/sensor_r4.pcapng,R4,135,1350.5435018539429,0.014135882348960056,0.6703759152880742,0.05872678715520146,0.2559693834959584,0.000792031711805874,Sensor
/home/lmy/iot-device-classification/dataset/sensor/round4_normal/sensor_r4.pcapng,R4,136,1360.2810130119324,0.015419260549623066,0.8173322999516982,0.061942964763088734,0.10449850674080048,0.0008069679947895952,Sensor
/home/lmy/iot-device-classification/dataset/sensor/round4_normal/sensor_r4.pcapng,R4,137,1370.6361570358276,0.9101535688911623,0.004990661976842214,0.001673362605274253,0.08268246123041058,0.0004999452963106216,Sensor
/home/lmy/iot-device-classification/dataset/sensor/round4_normal/sensor_r4.pcapng,R4,138,1380.4936747550964,0.00015306132556368413,0.18520711734028797,0.7483259495857558,0.06586353567415275,0.0004503360742396926,Sensor
/home/lmy/iot-device-classification/dataset/sensor/round4_normal/sensor_r4.pcapng,R4,139,1390.6732358932495,0.02159984517313129,0.12980442505643006,0.01565930476749692,0.8323798681925014,0.0005565568104403282,Sensor
/home/lmy/iot-device-classification/dataset/sensor/round4_normal/sensor_r4.pcapng,R4,140,1400.974897623062,0.02252309289590942,0.1774711439704975,0.019453956112174917,0.779928604366825,0.0006232026545929823,Sensor
/home/lmy/iot-device-classification/dataset/sensor/round4_normal/sensor_r4.pcapng,R4,141,1410.201663017273,0.010282977641982185,0.812464805304811,0.038985850449401116,0.13769777286003537,0.0005685937437701294,Sensor
/home/lmy/iot-device-classification/dataset/sensor/round4_normal/sensor_r4.pcapng,R4,142,1421.125263929367,0.02507339267325224,0.16117771767190842,0.016765609923785774,0.7963712489297773,0.0006120308012762911,Sensor
/home/lmy/iot-device-classification/dataset/sensor/round4_normal/sensor_r4.pcapng,R4,143,1430.973334789276,0.020492497280262124,0.10567114330051795,0.013651538658754674,0.8596806147402006,0.0005042060202646488,Sensor
/home/lmy/iot-device-classification/dataset/sensor/round4_normal/sensor_r4.pcapng,R4,144,1441.1736526489258,0.017728851629883326,0.7320184437430474,0.05896306341826077,0.19047697683219417,0.0008126643766142369,Sensor
/home/lmy/iot-device-classification/dataset/sensor/round4_normal/sensor_r4.pcapng,R4,145,1451.2187230587006,0.017727315851907236,0.5619125399886442,0.039497031214377414,0.3801039434350908,0.0007591695099804142,Sensor
/home/lmy/iot-device-classification/dataset/sensor/round4_normal/sensor_r4.pcapng,R4,146,1461.1842758655548,0.019294409660515783,0.6202638574257857,0.11271523274043686,0.24687544328009156,0.0008510568931700397,Sensor
/home/lmy/iot-device-classification/dataset/sensor/round4_normal/sensor_r4.pcapng,R4,147,1470.5252995491028,0.005249612963456662,0.8656157033708904,0.05791940999553456,0.07074837926206116,0.00046689440805717386,Sensor
/home/lmy/iot-device-classification/dataset/sensor/round4_normal/sensor_r4.pcapng,R4,148,1480.9882643222809,0.02246554595834705,0.25864129253845775,0.026426055162394768,0.6917466077882206,0.0007204985525798958,Sensor
/home/lmy/iot-device-classification/dataset/sensor/round4_normal/sensor_r4.pcapng,R4,149,1491.363843202591,0.024176901346764555,0.21795781506308878,0.02217356848033222,0.7350077219464494,0.0006839931633649789,Sensor
/home/lmy/iot-device-classification/dataset/sensor/round4_normal/sensor_r4.pcapng,R4,150,1501.384375333786,0.02103950954032962,0.3543992625804144,0.030743179549773708,0.5930842517682339,0.0007337965612482811,Sensor
/home/lmy/iot-device-classification/dataset/sensor/round4_normal/sensor_r4.pcapng,R4,151,1511.720239162445,0.012042736017509789,0.739275381006146,0.05941344153287804,0.18856585070435855,0.0007025907391076213,Sensor
/home/lmy/iot-device-classification/dataset/sensor/round4_normal/sensor_r4.pcapng,R4,152,1520.4444797039032,0.028755673133956116,0.239139082167583,0.021045481154666826,0.7103295266604683,0.0007302368833256751,Sensor
/home/lmy/iot-device-classification/dataset/sensor/round4_normal/sensor_r4.pcapng,R4,153,1530.8431315422058,0.033924828498931484,0.3131972336209331,0.03419046761622735,0.61776138284883,0.0009260874150780427,Sensor
/home/lmy/iot-device-classification/dataset/sensor/round4_normal/sensor_r4.pcapng,R4,154,1541.930727481842,0.027420973560461186,0.20207386282889714,0.02231226195897702,0.747473019891582,0.0007198817600827187,Sensor
/home/lmy/iot-device-classification/dataset/sensor/round4_normal/sensor_r4.pcapng,R4,155,1551.3946533203125,0.03946837473269706,0.25454367666584327,0.023419223745271864,0.6817134931973712,0.0008552316588166608,Sensor
/home/lmy/iot-device-classification/dataset/sensor/round4_normal/sensor_r4.pcapng,R4,156,1561.9648735523224,0.007464300624639708,0.8142161053092059,0.08472443959508386,0.09313557378945213,0.0004595806816183826,Sensor
/home/lmy/iot-device-classification/dataset/sensor/round4_normal/sensor_r4.pcapng,R4,157,1570.1460690498352,0.018932319104745556,0.36810265025435573,0.03630472615856967,0.5758920801018779,0.0007682243804512965,Sensor
/home/lmy/iot-device-classification/dataset/sensor/round4_normal/sensor_r4.pcapng,R4,158,1582.1313953399658,0.022720633615744633,0.18084593960837517,0.01884757509334989,0.7769684641530171,0.0006173875295132274,Sensor
/home/lmy/iot-device-classification/dataset/sensor/round4_normal/sensor_r4.pcapng,R4,159,1591.1662304401398,0.004924270110748276,0.8913736810650873,0.03669472658462794,0.06664308332165952,0.0003642389178771175,Sensor
/home/lmy/iot-device-classification/dataset/sensor/round4_normal/sensor_r4.pcapng,R4,160,1602.3270061016085,0.003957996424789982,0.8706868920221196,0.06456266858270678,0.060360601365095246,0.0004318416052886006,Sensor
/home/lmy/iot-device-classification/dataset/sensor/round4_normal/sensor_r4.pcapng,R4,161,1612.2277615070343,0.03767094027731517,0.23301454763769222,0.023457571187154434,0.7050473441117935,0.0008095967860446857,Sensor
/home/lmy/iot-device-classification/dataset/sensor/round4_normal/sensor_r4.pcapng,R4,162,1620.2830293178558,0.02124294701691064,0.22413298273410862,0.023063620075797653,0.7308962247966283,0.0006642253765548591,Sensor
/home/lmy/iot-device-classification/dataset/sensor/round4_normal/sensor_r4.pcapng,R4,163,1630.6864228248596,0.02103339131649865,0.23464487782705118,0.02295786873823942,0.7207049659350658,0.000658896183144964,Sensor
/home/lmy/iot-device-classification/dataset/sensor/round4_normal/sensor_r4.pcapng,R4,164,1641.476965427399,0.04871401868689546,0.10839090162582662,0.11539480378444618,0.7268794769995511,0.0006207989032806835,Sensor
/home/lmy/iot-device-classification/dataset/sensor/round4_normal/sensor_r4.pcapng,R4,165,1652.5313999652865,0.021109938275255882,0.16667547680526862,0.019020248155671673,0.7925946649407821,0.0005996718230217812,Sensor
/home/lmy/iot-device-classification/dataset/sensor/round4_normal/sensor_r4.pcapng,R4,166,1662.6646625995636,0.0007830932723443787,0.7191165787005982,0.2664192635168041,0.013346352336999883,0.0003347121732535393,Sensor
/home/lmy/iot-device-classification/dataset/sensor/round4_normal/sensor_r4.pcapng,R4,167,1672.2859539985657,0.023436582562626568,0.408508060190443,0.038335292191300864,0.528940509967537,0.0007795550880923953,Sensor
/home/lmy/iot-device-classification/dataset/sensor/round4_normal/sensor_r4.pcapng,R4,168,1680.6075365543363,0.02189207925985677,0.41707613164860785,0.05750514449177882,0.5026836481174415,0.0008429964823149686,Sensor
/home/lmy/iot-device-classification/dataset/sensor/round4_normal/sensor_r4.pcapng,R4,169,1692.675819158554,0.02452534813371757,0.17692862503883483,0.018297804992113084,0.7796248052366417,0.0006234165986929036,Sensor
/home/lmy/iot-device-classification/dataset/sensor/round4_normal/sensor_r4.pcapng,R4,170,1701.4039368629456,0.02796620108236934,0.19483804388811285,0.019403375411745128,0.7571083133368417,0.0006840662809309461,Sensor
/home/lmy/iot-device-classification/dataset/sensor/round4_normal/sensor_r4.pcapng,R4,171,1711.8084111213684,0.021090647705991766,0.3059993463346227,0.0364804780378846,0.6356020629930249,0.0008274649284759379,Sensor
/home/lmy/iot-device-classification/dataset/sensor/round4_normal/sensor_r4.pcapng,R4,172,1723.0766203403473,0.031085729331178518,0.22810148824917573,0.020945896068303996,0.719109902637738,0.0007569837136036612,Sensor
/home/lmy/iot-device-classification/dataset/sensor/round4_normal/sensor_r4.pcapng,R4,173,1731.4255905151367,0.023841493071587498,0.3724446269640488,0.029027679728891736,0.5739155567550942,0.0007706434803777928,Sensor
/home/lmy/iot-device-classification/dataset/sensor/round4_normal/sensor_r4.pcapng,R4,174,1742.5607583522797,0.020828438488180414,0.15691346136448983,0.019376629890461395,0.8022815289034639,0.0005999413534043509,Sensor
/home/lmy/iot-device-classification/dataset/sensor/round4_normal/sensor_r4.pcapng,R4,175,1751.3288114070892,0.03289009602815922,0.3593599482128301,0.32761231875574626,0.2793085248066596,0.0008291121966048697,Sensor
/home/lmy/iot-device-classification/dataset/sensor/round4_normal/sensor_r4.pcapng,R4,176,1763.2659692764282,0.026842809337406785,0.16698723944332508,0.016749682304869645,0.7887905510680657,0.0006297178463328162,Sensor
/home/lmy/iot-device-classification/dataset/sensor/round4_normal/sensor_r4.pcapng,R4,177,1771.400220632553,0.04393782200850795,0.21028695310422257,0.024453493393896925,0.7204192234464551,0.0009025080469174085,Sensor
/home/lmy/iot-device-classification/dataset/sensor/round4_normal/sensor_r4.pcapng,R4,178,1780.445261478424,0.02454780491523863,0.4014385503431862,0.06296631573960282,0.5101433725370227,0.0009039564649496917,Sensor
/home/lmy/iot-device-classification/dataset/sensor/round4_normal/sensor_r4.pcapng,R4,179,1793.4583032131195,0.02254506415838364,0.22430894451360114,0.021531462958854563,0.7309559685091495,0.0006585598600112586,Sensor
/home/lmy/iot-device-classification/dataset/sensor/round4_normal/sensor_r4.pcapng,R4,180,1801.2480511665344,0.033877801003835965,0.46157485460818404,0.03855105213554719,0.4649928990964256,0.001003393156007323,Sensor
/home/lmy/iot-device-classification/dataset/sensor/round4_normal/sensor_r4.pcapng,R4,181,1811.6495535373688,0.029188686890821335,0.35757156308773924,0.028607534812716173,0.5837825948274157,0.0008496203813074682,Sensor
/home/lmy/iot-device-classification/dataset/sensor/round4_normal/sensor_r4.pcapng,R4,182,1821.479611158371,0.06860521108033382,0.49474028849840623,0.033678266112092424,0.40171378691071064,0.0012624473984568713,Sensor
/home/lmy/iot-device-classification/dataset/sensor/round4_normal/sensor_r4.pcapng,R4,183,1830.368741989136,0.027761298525503072,0.3888559044562349,0.03513584701331459,0.5473803680463558,0.0008665819585916593,Sensor
/home/lmy/iot-device-classification/dataset/sensor/round4_normal/sensor_r4.pcapng,R4,184,1843.9602575302124,0.021412102936056384,0.19088132179142117,0.024856046368609188,0.762171432930781,0.0006790959731321377,Sensor
/home/lmy/iot-device-classification/dataset/sensor/round4_normal/sensor_r4.pcapng,R4,185,1853.2462799549105,0.023264809578701525,0.44396909748441965,0.05784700833775717,0.4740202937200773,0.0008987908790444049,Sensor
/home/lmy/iot-device-classification/dataset/sensor/round4_normal/sensor_r4.pcapng,R4,186,1861.389165878296,0.03086066039970129,0.396348871850448,0.03229249790630203,0.5395936570767708,0.0009043127667779117,Sensor
/home/lmy/iot-device-classification/dataset/sensor/round4_normal/sensor_r4.pcapng,R4,187,1873.8574335575104,0.022421370155020354,0.18924658632459848,0.018876271080899974,0.7688386254540558,0.0006171469854253437,Sensor
/home/lmy/iot-device-classification/dataset/sensor/round4_normal/sensor_r4.pcapng,R4,188,1882.366842508316,0.04539167267402893,0.6609349412082071,0.033425104574647146,0.25929209249412843,0.0009561890489884343,Sensor
/home/lmy/iot-device-classification/dataset/sensor/round4_normal/sensor_r4.pcapng,R4,189,1892.6834762096405,0.022823125786297922,0.2608223778320482,0.03156702053279528,0.6840082265383214,0.0007792493105371683,Sensor
/home/lmy/iot-device-classification/dataset/sensor/round4_normal/sensor_r4.pcapng,R4,190,1901.0901656150816,0.02062902673000264,0.25542312617643276,0.02609808720014436,0.6971584831273548,0.0006912767660652564,Sensor
/home/lmy/iot-device-classification/dataset/sensor/round4_normal/sensor_r4.pcapng,R4,191,1913.5690791606903,0.030515754682759397,0.48141442030684406,0.04930386331388333,0.4378469856858956,0.0009189760106175781,Sensor
/home/lmy/iot-device-classification/dataset/sensor/round4_normal/sensor_r4.pcapng,R4,192,1921.8946106433868,0.021232297478752694,0.27172656095177755,0.038900995494516054,0.6673340890830455,0.0008060569919081346,Sensor
/home/lmy/iot-device-classification/dataset/sensor/round4_normal/sensor_r4.pcapng,R4,193,1932.290548324585,0.014715006481160876,0.7038975945567801,0.10091838859497616,0.1798222237515731,0.0006467866155097495,Sensor
/home/lmy/iot-device-classification/dataset/sensor/round4_normal/sensor_r4.pcapng,R4,194,1940.61127781868,0.017605460604157415,0.4769314050435769,0.029718729741541532,0.47506155439172143,0.0006828502190028157,Sensor
/home/lmy/iot-device-classification/dataset/sensor/round4_normal/sensor_r4.pcapng,R4,195,1951.40225148201,0.01651438872306902,0.5380068243978805,0.22825928316936026,0.2167092579470535,0.0005102457626367899,Sensor
/home/lmy/iot-device-classification/dataset/sensor/round4_normal/sensor_r4.pcapng,R4,196,1964.0835621356964,0.006230351032139139,0.7055951804288793,0.1910424701799913,0.09643601353050706,0.0006959848284832657,Sensor
/home/lmy/iot-device-classification/dataset/sensor/round4_normal/sensor_r4.pcapng,R4,197,1973.895123243332,0.029206450175038517,0.3007779347305795,0.02856124177964534,0.6405567435083528,0.00089762980638386,Sensor
/home/lmy/iot-device-classification/dataset/sensor/round4_normal/sensor_r4.pcapng,R4,198,1982.2115199565887,0.013017161541841763,0.6241474903730639,0.04993113278611828,0.31217610049591055,0.0007281148030655179,Sensor
/home/lmy/iot-device-classification/dataset/sensor/round4_normal/sensor_r4.pcapng,R4,199,1992.6079714298248,0.01607257151205863,0.6205452220534152,0.044820660881242536,0.31785603653460937,0.0007055090186742667,Sensor
/home/lmy/iot-device-classification/dataset/sensor/round4_normal/sensor_r4.pcapng,R4,200,2001.481395959854,0.02489043193848122,0.1476583805521496,0.016176690823819746,0.8106760757104784,0.0005984209750709779,Sensor
/home/lmy/iot-device-classification/dataset/sensor/round4_normal/sensor_r4.pcapng,R4,201,2010.170432806015,0.020787123328904828,0.4303717713362083,0.04247793950127847,0.5055093174297723,0.0008538484038361201,Sensor
/home/lmy/iot-device-classification/dataset/sensor/round4_normal/sensor_r4.pcapng,R4,202,2021.73233795166,0.019540568597838613,0.08946915140197378,0.012163740505721596,0.8783600253045458,0.0004665141899203315,Sensor
/home/lmy/iot-device-classification/dataset/sensor/round4_normal/sensor_r4.pcapng,R4,203,2032.1325478553767,0.021970294656824714,0.34014205556871074,0.029358371227092457,0.6077947339288066,0.0007345446185655583,Sensor
/home/lmy/iot-device-classification/dataset/sensor/round4_normal/sensor_r4.pcapng,R4,204,2041.3907327651975,0.017107110018580805,0.629203895553639,0.0595897927023958,0.2932149258448808,0.0008842758805035825,Sensor
/home/lmy/iot-device-classification/dataset/sensor/round4_normal/sensor_r4.pcapng,R4,205,2054.1747958660126,0.021874439105726427,0.30300900526429203,0.027261124339292852,0.6471355722018955,0.0007198590887930398,Sensor
/home/lmy/iot-device-classification/dataset/sensor/round4_normal/sensor_r4.pcapng,R4,206,2063.3300902843475,0.06068494237092813,0.3206935547255131,0.02047416206077049,0.5971655143312669,0.0009818265115214663,Sensor
/home/lmy/iot-device-classification/dataset/sensor/round4_normal/sensor_r4.pcapng,R4,207,2070.436487674713,0.028135576629811275,0.5726365047664606,0.03637544475913518,0.3619690236888421,0.0008834501557508471,Sensor
/home/lmy/iot-device-classification/dataset/sensor/round4_normal/sensor_r4.pcapng,R4,208,2082.050444364548,0.026450847098087326,0.25460226510935896,0.023920282793497952,0.6942870947173463,0.0007395102817094256,Sensor
/home/lmy/iot-device-classification/dataset/sensor/round4_normal/sensor_r4.pcapng,R4,209,2091.4827716350555,0.026827863700642707,0.4400333594916758,0.030671425148189994,0.5016349310946118,0.0008324205648796938,Sensor
/home/lmy/iot-device-classification/dataset/sensor/round4_normal/sensor_r4.pcapng,R4,210,2100.356135368347,0.019403837312673658,0.10133780396145833,0.013905481363120534,0.864857747902651,0.0004951294600964108,Sensor
/home/lmy/iot-device-classification/dataset/sensor/round4_normal/sensor_r4.pcapng,R4,211,2112.391288280487,0.010253627213872634,0.699573668043209,0.06802652547957809,0.2214367591384595,0.0007094201248807277,Sensor
/home/lmy/iot-device-classification/dataset/sensor/round4_normal/sensor_r4.pcapng,R4,212,2123.650187015533,0.021504458217577294,0.30624067753710427,0.02584104630300512,0.6457159422276614,0.0006978757146518747,Sensor
/home/lmy/iot-device-classification/dataset/sensor/round4_normal/sensor_r4.pcapng,R4,213,2130.679391622544,0.03897606808485279,0.2004596393068599,0.14614502742985877,0.6134394700857757,0.0009797950926528915,Sensor
/home/lmy/iot-device-classification/dataset/sensor/round4_normal/sensor_r4.pcapng,R4,214,2144.2648141384125,0.02173783709354273,0.18108518503674934,0.019957619117667365,0.7765966163289699,0.0006227424230706513,Sensor
/home/lmy/iot-device-classification/dataset/sensor/round4_normal/sensor_r4.pcapng,R4,215,2152.7695875167847,0.022402891391547816,0.22732126917772502,0.023059189580806678,0.7265540499287584,0.0006625999211622098,Sensor
/home/lmy/iot-device-classification/dataset/sensor/round4_normal/sensor_r4.pcapng,R4,216,2160.75434422493,0.01911622609523117,0.30343578559163487,0.036815684152149586,0.6398586053866269,0.0007736987743573533,Sensor
/home/lmy/iot-device-classification/dataset/sensor/round4_normal/sensor_r4.pcapng,R4,217,2173.5771012306213,0.025753746768324464,0.47015491081763694,0.036759206500074894,0.4664902859437889,0.0008418499701748222,Sensor
/home/lmy/iot-device-classification/dataset/sensor/round4_normal/sensor_r4.pcapng,R4,218,2181.478973865509,0.06573580409702584,0.2844352602887534,0.017054720210979157,0.6318322196246637,0.0009419957785778968,Sensor
/home/lmy/iot-device-classification/dataset/sensor/round4_normal/sensor_r4.pcapng,R4,219,2191.072275161743,0.02045984741268366,0.17120105211022185,0.021426892244760326,0.786289444247921,0.0006227639844130639,Sensor
/home/lmy/iot-device-classification/dataset/sensor/round4_normal/sensor_r4.pcapng,R4,220,2202.688968896866,0.022525480647497768,0.19677747329681416,0.024644258558444418,0.7553444287034154,0.000708358793828182,Sensor
/home/lmy/iot-device-classification/dataset/sensor/round4_normal/sensor_r4.pcapng,R4,221,2213.0847296714783,0.022177830391805754,0.2090184731712854,0.02160614843032707,0.7465387711465032,0.0006587768600784781,Sensor
/home/lmy/iot-device-classification/dataset/sensor/round4_normal/sensor_r4.pcapng,R4,222,2221.152735233307,0.027421666415721965,0.2126892187198444,0.05900469611166127,0.7000697021366256,0.0008147166161469339,Sensor
/home/lmy/iot-device-classification/dataset/sensor/round4_normal/sensor_r4.pcapng,R4,223,2233.891172647476,0.024532185997521952,0.15034871314093,0.016100255655111646,0.8084153401103612,0.0006035050960752765,Sensor
/home/lmy/iot-device-classification/dataset/sensor/round4_normal/sensor_r4.pcapng,R4,224,2244.284957647324,0.02021974223501857,0.5520759746503985,0.04030351463009899,0.3865765608508842,0.0008242076335997332,Sensor
/home/lmy/iot-device-classification/dataset/sensor/round4_normal/sensor_r4.pcapng,R4,225,2250.3494284152985,0.021852791170886805,0.18511900901239078,0.021086917761235512,0.771306132628127,0.0006351494273598808,Sensor
/home/lmy/iot-device-classification/dataset/sensor/round4_normal/sensor_r4.pcapng,R4,226,2264.3787150383,0.0033489126389839234,0.45488963637452234,0.43353938006605647,0.10749586467816778,0.0007262062422694181,Sensor
/home/lmy/iot-device-classification/dataset/sensor/round4_normal/sensor_r4.pcapng,R4,227,2271.474670410156,0.04262937136513379,0.30622576877204966,0.022632952717676957,0.6276256349553717,0.0008862721897679083,Sensor
/home/lmy/iot-device-classification/dataset/sensor/round4_normal/sensor_r4.pcapng,R4,228,2281.548843622208,0.02347608762072439,0.26683707195080375,0.02992657961247618,0.6789899188011379,0.0007703420148577786,Sensor
/home/lmy/iot-device-classification/dataset/sensor/round4_normal/sensor_r4.pcapng,R4,229,2294.2118639945984,0.02041542044269439,0.18706517519453936,0.025445564050095376,0.7664031943542817,0.0006706459583890171,Sensor
/home/lmy/iot-device-classification/dataset/sensor/round4_normal/sensor_r4.pcapng,R4,230,2304.4166119098663,0.02128744509647118,0.11506040335088767,0.014257270285459166,0.848870235112964,0.0005246461542178232,Sensor
/home/lmy/iot-device-classification/dataset/sensor/round4_normal/sensor_r4.pcapng,R4,231,2310.7677867412567,0.020923399989581697,0.28310236604455974,0.025359146322036615,0.6699296895249189,0.0006853981189029158,Sensor
/home/lmy/iot-device-classification/dataset/sensor/round4_normal/sensor_r4.pcapng,R4,232,2323.3219470977783,0.017997632332341303,0.5170668689116242,0.03586903568354473,0.4283200740924838,0.0007463889800060105,Sensor
/home/lmy/iot-device-classification/dataset/sensor/round4_normal/sensor_r4.pcapng,R4,233,2331.4716362953186,0.021933765864683548,0.11681790505353314,0.01453729543244021,0.8461751775090194,0.0005358561403237378,Sensor
/home/lmy/iot-device-classification/dataset/sensor/round4_normal/sensor_r4.pcapng,R4,234,2341.8652215003967,0.020895238579189165,0.15808236466651884,0.019296304462012165,0.8011267873609675,0.0005993049313120962,Sensor
/home/lmy/iot-device-classification/dataset/sensor/round4_normal/sensor_r4.pcapng,R4,235,2354.467987060547,0.021375144866143,0.15160519275330145,0.017260822731927562,0.8091813026132048,0.0005775370354232639,Sensor
/home/lmy/iot-device-classification/dataset/sensor/round4_normal/sensor_r4.pcapng,R4,236,2361.8683190345764,0.020470461709524834,0.5869119321306983,0.07523818569923321,0.3167368691920582,0.0006425512684857088,Sensor
/home/lmy/iot-device-classification/dataset/sensor/round4_normal/sensor_r4.pcapng,R4,237,2373.101100206375,0.022143766164258078,0.12453435487468058,0.014720159694514534,0.8380587657126007,0.0005429535539460572,Sensor
/home/lmy/iot-device-classification/dataset/sensor/round4_normal/sensor_r4.pcapng,R4,238,2382.1839878559117,0.021164105168849,0.17194924857023985,0.019076788634539325,0.7872074556145893,0.0006024020117827203,Sensor
/home/lmy/iot-device-classification/dataset/sensor/round4_normal/sensor_r4.pcapng,R4,239,2394.0389926433563,0.019383194812951532,0.09477060839598114,0.012638602612960395,0.8727335148533822,0.0004740793247246358,Sensor
/home/lmy/iot-device-classification/dataset/sensor/round4_normal/sensor_r4.pcapng,R4,240,2401.376758337021,0.02059578314587133,0.19012581360820793,0.022057948030948047,0.7665847191827763,0.0006357360321963428,Sensor
/home/lmy/iot-device-classification/dataset/sensor/round4_normal/sensor_r4.pcapng,R4,241,2412.2155859470367,0.006009261115556236,0.8342565254816259,0.07377675487992409,0.08539320702447369,0.0005642514984202229,Sensor
/home/lmy/iot-device-classification/dataset/sensor/round4_normal/sensor_r4.pcapng,R4,242,2422.425181865692,0.020126016021693033,0.16643895714027815,0.019015159897728177,0.7938309822052096,0.0005888847350909406,Sensor
/home/lmy/iot-device-classification/dataset/sensor/round4_normal/sensor_r4.pcapng,R4,243,2433.1205098629,0.020440749102198667,0.12455466449575175,0.017078744478423235,0.8373679537395678,0.000557888184058347,Sensor
/home/lmy/iot-device-classification/dataset/sensor/round4_normal/sensor_r4.pcapng,R4,244,2443.955620765686,0.02914757026079641,0.299437674961448,0.024765979475220322,0.6458577648843762,0.0007910104181590129,Sensor
/home/lmy/iot-device-classification/dataset/sensor/round4_normal/sensor_r4.pcapng,R4,245,2451.4245772361755,0.07287778793800877,0.20813159235774367,0.012886174186059755,0.7052395028397491,0.0008649426784386848,Sensor
/home/lmy/iot-device-classification/dataset/sensor/round4_normal/sensor_r4.pcapng,R4,246,2462.661745071411,0.020234531359845032,0.35534972160871364,0.03921329505189791,0.5843879228732838,0.0008145291062597466,Sensor
/home/lmy/iot-device-classification/dataset/sensor/round4_normal/sensor_r4.pcapng,R4,247,2474.58212351799,0.025808304583617797,0.1397640331334149,0.01612927367983672,0.8176936281215451,0.0006047604815853804,Sensor
/home/lmy/iot-device-classification/dataset/sensor/round4_normal/sensor_r4.pcapng,R4,248,2484.5921642780304,0.018872575934830584,0.07744975011360011,0.011127364264167158,0.8921110139195313,0.00043929576787091033,Sensor
/home/lmy/iot-device-classification/dataset/sensor/round4_normal/sensor_r4.pcapng,R4,249,2491.3865978717804,0.02591989832772846,0.2170298541487404,0.023840252992647443,0.7324824263852099,0.0007275681456738241,Sensor
/home/lmy/iot-device-classification/dataset/sensor/round4_normal/sensor_r4.pcapng,R4,250,2502.9002454280853,0.03948585791614224,0.1610422898783447,0.014072220455460414,0.7847066189422552,0.0006930128077974613,Sensor
/home/lmy/iot-device-classification/dataset/sensor/round4_normal/sensor_r4.pcapng,R4,251,2514.621681928634,0.019528239293447998,0.11482349577283661,0.015539562330744973,0.8495846138869834,0.0005240887159870088,Sensor
/home/lmy/iot-device-classification/dataset/sensor/round4_normal/sensor_r4.pcapng,R4,252,2523.160828828812,0.02198839823948237,0.13283032223033225,0.01668104959249613,0.8279283348326597,0.000571895105029517,Sensor
/home/lmy/iot-device-classification/dataset/sensor/round4_normal/sensor_r4.pcapng,R4,253,2534.6411085128784,0.033980584346416806,0.24286536598828046,0.021149359115536295,0.7012315735360664,0.0007731170136999511,Sensor
/home/lmy/iot-device-classification/dataset/sensor/round4_normal/sensor_r4.pcapng,R4,254,2543.221855401993,0.020779114462482796,0.09931177628610692,0.013167587105247465,0.8662401512955336,0.0005013708506292679,Sensor
/home/lmy/iot-device-classification/dataset/sensor/round4_normal/sensor_r4.pcapng,R4,255,2553.178806781769,0.02119463063950483,0.13337625816910972,0.01616111336487613,0.8287125366216302,0.0005554612048791101,Sensor
/home/lmy/iot-device-classification/dataset/sensor/round4_normal/sensor_r4.pcapng,R4,256,2564.592813014984,0.00483190390425407,0.7842678852978682,0.14566894606686825,0.06467663499416866,0.0005546297368407936,Sensor
/home/lmy/iot-device-classification/dataset/sensor/round4_normal/sensor_r4.pcapng,R4,257,2571.465049982071,0.023133883190626807,0.27943784040902503,0.026574716240812476,0.6701215645544953,0.0007319956050402613,Sensor
/home/lmy/iot-device-classification/dataset/sensor/round4_normal/sensor_r4.pcapng,R4,258,2581.374691009521,0.01904171780898815,0.4127630557798498,0.03670721007249336,0.5307117264179971,0.0007762899206715892,Sensor
/home/lmy/iot-device-classification/dataset/sensor/round4_normal/sensor_r4.pcapng,R4,259,2594.699715614319,0.0212632110349133,0.11548197345494503,0.014449227953458202,0.8482782088116584,0.0005273787450250134,Sensor
/home/lmy/iot-device-classification/dataset/sensor/round4_normal/sensor_r4.pcapng,R4,260,2604.7132918834686,0.02680110084815637,0.15260203374599182,0.01671939172616422,0.8032510862782088,0.0006263874014787513,Sensor
/home/lmy/iot-device-classification/dataset/sensor/round4_normal/sensor_r4.pcapng,R4,261,2610.3011190891266,0.018608407955648398,0.5487995962740501,0.038313447840250175,0.3935052699679286,0.0007732779621228435,Sensor
/home/lmy/iot-device-classification/dataset/sensor/round4_normal/sensor_r4.pcapng,R4,262,2623.699755191803,0.020515483058758287,0.205015259889278,0.021942053988790847,0.7518927703345937,0.0006344327285791165,Sensor
/home/lmy/iot-device-classification/dataset/sensor/round4_normal/sensor_r4.pcapng,R4,263,2631.4657502174377,0.02054142188193281,0.313275511174489,0.029615978090831507,0.6358464511070641,0.0007206377456826509,Sensor
/home/lmy/iot-device-classification/dataset/sensor/round4_normal/sensor_r4.pcapng,R4,264,2643.2606649398804,0.011755944292925754,0.6783805418716633,0.056076618179034816,0.25306606184834474,0.0007208338080312292,Sensor
/home/lmy/iot-device-classification/dataset/sensor/round4_normal/sensor_r4.pcapng,R4,265,2654.758315563202,0.010124051539901133,0.6336721216550109,0.1123662994647708,0.242929478044854,0.0009080492954632213,Sensor
/home/lmy/iot-device-classification/dataset/sensor/round4_normal/sensor_r4.pcapng,R4,266,2660.0440304279327,0.02011616076462787,0.18830002726924816,0.025733978017421447,0.7651803441808989,0.0006694897678036649,Sensor
/home/lmy/iot-device-classification/dataset/sensor/round4_normal/sensor_r4.pcapng,R4,267,2671.3704104423523,0.002604293345963682,0.934567330443388,0.03543486542130559,0.027155898006247552,0.00023761278309497846,Sensor
/home/lmy/iot-device-classification/dataset/sensor/round4_normal/sensor_r4.pcapng,R4,268,2684.788730621338,0.02084752490931284,0.20224931031530163,0.020701982243384067,0.7555755966412451,0.0006255858907564332,Sensor
/home/lmy/iot-device-classification/dataset/sensor/round4_normal/sensor_r4.pcapng,R4,269,2694.7977187633514,0.036915071353783704,0.278350605484526,0.029686757325979127,0.6541112151569484,0.0009363506787627122,Sensor
/home/lmy/iot-device-classification/dataset/sensor/round4_normal/sensor_r4.pcapng,R4,270,2703.331562280655,0.019503228157728255,0.12644088081157298,0.0177500077935621,0.835749776284623,0.0005561069525135153,Sensor
/home/lmy/iot-device-classification/dataset/sensor/round4_normal/sensor_r4.pcapng,R4,271,2712.3896083831787,0.0104669577904135,0.3244453363527959,0.5267520291499408,0.13781356331710942,0.0005221133897403025,Sensor
/home/lmy/iot-device-classification/dataset/sensor/round4_normal/sensor_r4.pcapng,R4,272,2721.461784362793,0.02897957904876135,0.1522776092293366,0.01646197017617037,0.801638900238922,0.0006419413068097257,Sensor
/home/lmy/iot-device-classification/dataset/sensor/round4_normal/sensor_r4.pcapng,R4,273,2733.347604036331,0.023291817225746924,0.18124747933550978,0.018645426616995853,0.7761918925615627,0.0006233842601846608,Sensor
/home/lmy/iot-device-classification/dataset/sensor/round4_normal/sensor_r4.pcapng,R4,274,2744.8491082191467,0.027601941145844813,0.20057997705536335,0.018759754809180244,0.7523842535080243,0.0006740734815873132,Sensor
/home/lmy/iot-device-classification/dataset/sensor/round4_normal/sensor_r4.pcapng,R4,275,2754.8578560352325,0.021855672604537794,0.17101989241730794,0.020378451286108573,0.7861185411123328,0.0006274425797127695,Sensor
/home/lmy/iot-device-classification/dataset/sensor/round4_normal/sensor_r4.pcapng,R4,276,2761.3687059879303,0.00724763463359422,0.7474923831494715,0.06233887369138969,0.18255392771926837,0.0003671808062762448,Sensor
/home/lmy/iot-device-classification/dataset/sensor/round4_normal/sensor_r4.pcapng,R4,277,2774.8773946762085,0.021058312491187347,0.12017384486982262,0.01470310155126552,0.8435345152201228,0.0005302258676016875,Sensor
/home/lmy/iot-device-classification/dataset/sensor/round4_normal/sensor_r4.pcapng,R4,278,2784.887467622757,0.0288050836560959,0.17452645758894167,0.01737641332890914,0.7786322208326365,0.0006598245934167665,Sensor
/home/lmy/iot-device-classification/dataset/sensor/round4_normal/sensor_r4.pcapng,R4,279,2793.4248185157776,0.01997278715783713,0.4312361992617392,0.037503404997793414,0.5105002814209181,0.0007873271617121561,Sensor
/home/lmy/iot-device-classification/dataset/sensor/round4_normal/sensor_r4.pcapng,R4,280,2800.019280433655,0.023212724699068765,0.17336790409783973,0.020812062085545573,0.7819642011726641,0.0006431079448817276,Sensor
/home/lmy/iot-device-classification/dataset/sensor/round4_normal/sensor_r4.pcapng,R4,281,2810.024772644043,0.02411812200565418,0.3320806504304243,0.027938366427912968,0.6151018356130131,0.000761025522995455,Sensor
/home/lmy/iot-device-classification/dataset/sensor/round4_normal/sensor_r4.pcapng,R4,282,2823.4464662075043,0.02377440702322572,0.39136758186862597,0.04660380841386592,0.537319146908305,0.0009350557859775702,Sensor
/home/lmy/iot-device-classification/dataset/sensor/round4_normal/sensor_r4.pcapng,R4,283,2830.0570838451385,0.02003492494690643,0.3467651214173236,0.0353385487993815,0.5970885997964419,0.0007728050399465027,Sensor
/home/lmy/iot-device-classification/dataset/sensor/round4_normal/sensor_r4.pcapng,R4,284,2840.0234994888306,0.03053175978993717,0.41542775579683283,0.07439066197796036,0.47871575765915503,0.0009340647761147345,Sensor
/home/lmy/iot-device-classification/dataset/sensor/round4_normal/sensor_r4.pcapng,R4,285,2850.223693847656,0.0034789088120315103,0.9146695655678669,0.03865138275460423,0.042879243605430446,0.0003208992600669272,Sensor
/home/lmy/iot-device-classification/dataset/sensor/round4_normal/sensor_r4.pcapng,R4,286,2860.057203054428,0.015955999480898125,0.6292388424531301,0.10642516697820519,0.24757220162691018,0.0008077894608565621,Sensor
/home/lmy/iot-device-classification/dataset/sensor/round4_normal/sensor_r4.pcapng,R4,287,2870.257622241974,0.024112631350420653,0.2193806958203001,0.022354475239768575,0.7334713199473615,0.0006808776421492374,Sensor
/home/lmy/iot-device-classification/dataset/sensor/round4_normal/sensor_r4.pcapng,R4,288,2880.3596019744878,0.019913686881242457,0.43856603688909995,0.03912720886408381,0.5015845522891152,0.0008085150764585633,Sensor
/home/lmy/iot-device-classification/dataset/sensor/round4_normal/sensor_r4.pcapng,R4,289,2890.456193447113,0.021395100196500986,0.15612527888229163,0.01980562877720531,0.8020627412664901,0.0006112508775117472,Sensor
/home/lmy/iot-device-classification/dataset/sensor/round4_normal/sensor_r4.pcapng,R4,290,2900.3600771427155,0.02353632957637546,0.35744976112540616,0.027705101346071726,0.5905572727186355,0.0007515352335111501,Sensor
/home/lmy/iot-device-classification/dataset/sensor/round4_normal/sensor_r4.pcapng,R4,291,2910.556235074997,0.017255303801125516,0.4956407231233786,0.046273709668076826,0.4400547826963787,0.0007754807110403503,Sensor
/home/lmy/iot-device-classification/dataset/sensor/round4_normal/sensor_r4.pcapng,R4,292,2920.4557526111603,0.021559316469990583,0.16749999666472443,0.018338417852244226,0.7920062347400616,0.0005960342729790162,Sensor
/home/lmy/iot-device-classification/dataset/sensor/round4_normal/sensor_r4.pcapng,R4,293,2930.719050645828,0.028005941673568003,0.2530199886083817,0.02643034462971747,0.691768350048515,0.0007753750398178529,Sensor
/home/lmy/iot-device-classification/dataset/sensor/round4_normal/sensor_r4.pcapng,R4,294,2940.719708442688,0.022180035945934488,0.17803735649285388,0.022975728188736836,0.7761421277877371,0.0006647515847376347,Sensor
/home/lmy/iot-device-classification/dataset/sensor/round4_normal/sensor_r4.pcapng,R4,295,2950.7560307979584,0.0195978356764495,0.0919427884280291,0.012530138152257847,0.8754559491238649,0.0004732886193986374,Sensor
/home/lmy/iot-device-classification/dataset/sensor/round4_normal/sensor_r4.pcapng,R4,296,2960.9554147720337,0.023281788731715283,0.2918279350489307,0.026199350729215302,0.6579626781267796,0.0007282473633592122,Sensor
/home/lmy/iot-device-classification/dataset/sensor/round4_normal/sensor_r4.pcapng,R4,297,2970.9556267261505,0.026685101669318166,0.3281937585084988,0.19904472816059063,0.44503058767458203,0.0010458239870102433,Sensor
/home/lmy/iot-device-classification/dataset/sensor/round4_normal/sensor_r4.pcapng,R4,298,2980.8363404273987,0.02419935989557673,0.2696658038598804,0.024897529918023832,0.6805135858332849,0.0007237204932340969,Sensor
/home/lmy/iot-device-classification/dataset/sensor/round4_normal/sensor_r4.pcapng,R4,299,2991.0567543506622,0.02173186557199385,0.1891316576839874,0.01852815424227736,0.7700024555766048,0.0006058669251364391,Sensor
/home/lmy/iot-device-classification/dataset/sensor/round4_normal/sensor_r4.pcapng,R4,300,3000.9558503627777,0.016806922634519994,0.5931955724885111,0.04586088249502967,0.3433434855439089,0.00079313683803042,Sensor
/home/lmy/iot-device-classification/dataset/sensor/round4_normal/sensor_r4.pcapng,R4,301,3010.619120836258,0.007411681927438061,0.627215440331807,0.21795771124519206,0.14654460194717145,0.0008705645483916755,Sensor
/home/lmy/iot-device-classification/dataset/sensor/round4_normal/sensor_r4.pcapng,R4,302,3021.155176639557,0.04474623159553234,0.13909659617731696,0.012978136649454953,0.802484950547519,0.0006940850301767089,Sensor
/home/lmy/iot-device-classification/dataset/sensor/round4_normal/sensor_r4.pcapng,R4,303,3031.355173587799,0.0036725382795730066,0.9062351439746984,0.04124596296527653,0.04850735443297005,0.0003390003474821332,Sensor
/home/lmy/iot-device-classification/dataset/sensor/round4_normal/sensor_r4.pcapng,R4,304,3041.254681825638,0.021924705825901426,0.22828013596019728,0.02153142824426018,0.7276126148071723,0.0006511151624689067,Sensor
/home/lmy/iot-device-classification/dataset/sensor/round4_normal/sensor_r4.pcapng,R4,305,3051.4549980163574,0.01972584534695469,0.09399702181909098,0.012799035596182732,0.8730000271986326,0.00047807003913892526,Sensor
/home/lmy/iot-device-classification/dataset/sensor/round4_normal/sensor_r4.pcapng,R4,306,3061.354912757873,0.019392170392314265,0.11856288564370637,0.01695628872208082,0.8445460961799801,0.0005425590619184063,Sensor
/home/lmy/iot-device-classification/dataset/sensor/round4_normal/sensor_r4.pcapng,R4,307,3071.758267879486,0.023959832021351934,0.12813151147074103,0.016322242673852957,0.8310003888995511,0.000586024934502962,Sensor
/home/lmy/iot-device-classification/dataset/sensor/round4_normal/sensor_r4.pcapng,R4,308,3081.4601027965546,0.014565504541815925,0.6975737053142224,0.029633464140236168,0.25761292685481124,0.0006143991489142136,Sensor
/home/lmy/iot-device-classification/dataset/sensor/round4_normal/sensor_r4.pcapng,R4,309,3091.734598636627,0.016860508734493664,0.5893820314341565,0.041251490986374165,0.35174416369968337,0.0007618051452922576,Sensor
/home/lmy/iot-device-classification/dataset/sensor/round4_normal/sensor_r4.pcapng,R4,310,3101.654893875122,0.02223331863170271,0.16073866890387148,0.017529400772597157,0.7989070577781026,0.0005915539137261225,Sensor
/home/lmy/iot-device-classification/dataset/sensor/round4_normal/sensor_r4.pcapng,R4,311,3111.630611181259,0.020416430051170973,0.32509586626455417,0.027847077173853787,0.6259279462593029,0.0007126802511181735,Sensor
/home/lmy/iot-device-classification/dataset/sensor/round4_normal/sensor_r4.pcapng,R4,312,3121.377539396286,0.007620189941338854,0.8487366812753653,0.08224364126968674,0.060951968511881886,0.0004475190017271077,Sensor
/home/lmy/iot-device-classification/dataset/sensor/round4_normal/sensor_r4.pcapng,R4,313,3131.955076217652,0.01986472610518714,0.09972785529953333,0.014050410054716285,0.865855104273853,0.0005019042667102064,Sensor
/home/lmy/iot-device-classification/dataset/sensor/round4_normal/sensor_r4.pcapng,R4,314,3142.0218670368195,0.02170885677123258,0.11179165951589613,0.013846507330453959,0.8521273026622278,0.0005256737201895399,Sensor
/home/lmy/iot-device-classification/dataset/sensor/round4_normal/sensor_r4.pcapng,R4,315,3152.0547931194305,0.020077718429344676,0.3215456539016859,0.04026399437489175,0.6172919005097663,0.0008207327843114514,Sensor
/home/lmy/iot-device-classification/dataset/sensor/round4_normal/sensor_r4.pcapng,R4,316,3161.557574748993,0.00785978086900189,0.6149334668461106,0.30728935033380267,0.06919109476492245,0.000726307186162369,Sensor
/home/lmy/iot-device-classification/dataset/sensor/round4_normal/sensor_r4.pcapng,R4,317,3171.40425157547,0.025870544618023666,0.2784948741286927,0.026506715449818634,0.6683570018605381,0.0007708639429267789,Sensor
/home/lmy/iot-device-classification/dataset/sensor/round4_normal/sensor_r4.pcapng,R4,318,3180.4747562408447,0.011628962072226273,0.6598757944267926,0.0585268981737257,0.26923008003042703,0.000738265296828516,Sensor
/home/lmy/iot-device-classification/dataset/sensor/round4_normal/sensor_r4.pcapng,R4,319,3192.7060208320618,0.019679225360908957,0.09870224543210356,0.013266844974547306,0.8678634803839024,0.00048820384853791966,Sensor
/home/lmy/iot-device-classification/dataset/sensor/round4_normal/sensor_r4.pcapng,R4,320,3202.254499435425,0.024488272226535306,0.3686193508242423,0.034121408317046874,0.5719657551167289,0.0008052135154467745,Sensor
/home/lmy/iot-device-classification/dataset/sensor/round4_normal/sensor_r4.pcapng,R4,321,3210.39456987381,0.02249604037124281,0.47718333158371457,0.04281023605786378,0.45665513066648944,0.0008552613206893486,Sensor
/home/lmy/iot-device-classification/dataset/sensor/round4_normal/sensor_r4.pcapng,R4,322,3222.654808282852,0.021346317856872566,0.25818466542377094,0.025347507308373776,0.694428339673471,0.0006931697375117123,Sensor
/home/lmy/iot-device-classification/dataset/sensor/round4_normal/sensor_r4.pcapng,R4,323,3232.270478248596,0.02071432844186431,0.16859035483942464,0.017634122513725436,0.7924832523158013,0.0005779418891842937,Sensor
/home/lmy/iot-device-classification/dataset/sensor/round4_normal/sensor_r4.pcapng,R4,324,3240.754087209701,0.019710734280910084,0.3400263702712276,0.04518551788486808,0.5942108970298304,0.0008664805331636764,Sensor
/home/lmy/iot-device-classification/dataset/sensor/round4_normal/sensor_r4.pcapng,R4,325,3252.8115351200104,0.02137200730304863,0.14433856962608266,0.018324955098450925,0.8153748364731352,0.0005896314992825299,Sensor
/home/lmy/iot-device-classification/dataset/sensor/round4_normal/sensor_r4.pcapng,R4,326,3261.459039926529,0.00038478935316321955,0.3053960040524674,0.5748443200612934,0.11872924208237537,0.0006456444507005457,Sensor
/home/lmy/iot-device-classification/dataset/sensor/round4_normal/sensor_r4.pcapng,R4,327,3272.834908246994,0.022336174132781193,0.1137186755826567,0.01535566908326226,0.8480387726593683,0.0005507085419314589,Sensor
/home/lmy/iot-device-classification/dataset/sensor/round4_normal/sensor_r4.pcapng,R4,328,3282.2538046836853,0.022886413196778907,0.17653399258511965,0.019601202640514553,0.7803502551935667,0.0006281363840202982,Sensor
/home/lmy/iot-device-classification/dataset/sensor/round4_normal/sensor_r4.pcapng,R4,329,3293.0564210414886,0.026353050929688558,0.49521729064058134,0.07200540977847017,0.40528838472544193,0.0011358639258179646,Sensor
/home/lmy/iot-device-classification/dataset/sensor/round4_normal/sensor_r4.pcapng,R4,330,3301.364711523056,0.021533126627957384,0.3452420281010599,0.03236997608245625,0.6001006699191719,0.000754199269354691,Sensor
/home/lmy/iot-device-classification/dataset/sensor/round4_normal/sensor_r4.pcapng,R4,331,3312.4571866989136,0.012211401517130212,0.7117093877166463,0.04667058493492354,0.22872500514480124,0.0006836206864988904,Sensor
/home/lmy/iot-device-classification/dataset/sensor/round4_normal/sensor_r4.pcapng,R4,332,3321.707910299301,0.019859051954493383,0.11702974409043267,0.01581914645214266,0.8467601224952278,0.0005319350077034652,Sensor
/home/lmy/iot-device-classification/dataset/sensor/round4_normal/sensor_r4.pcapng,R4,333,3332.110062599182,0.02196487181769388,0.12978935100041117,0.018136534091894387,0.8295187160770494,0.0005905270129511345,Sensor
/home/lmy/iot-device-classification/dataset/sensor/round4_normal/sensor_r4.pcapng,R4,334,3342.509687900543,0.011368129404091959,0.7114244061669937,0.037693015704812254,0.23891423802444695,0.0006002106996551814,Sensor
/home/lmy/iot-device-classification/dataset/sensor/round4_normal/sensor_r4.pcapng,R4,335,3351.379789590836,0.052247252800375,0.17649355617890353,0.014171014371572232,0.7563109091199716,0.0007772675291776612,Sensor
/home/lmy/iot-device-classification/dataset/sensor/round4_normal/sensor_r4.pcapng,R4,336,3363.3204107284546,0.021224795633901245,0.11321423039881873,0.015927608817049906,0.8490859422167005,0.0005474229335295616,Sensor
/home/lmy/iot-device-classification/dataset/sensor/round4_normal/sensor_r4.pcapng,R4,337,3373.554037809372,0.019921618636438456,0.10525357695530003,0.01349415799066281,0.8608349565307782,0.000495689886820325,Sensor
/home/lmy/iot-device-classification/dataset/sensor/round4_normal/sensor_r4.pcapng,R4,338,3382.0279862880707,0.022233951009187444,0.2180029470086866,0.022822564813723464,0.7362697963200961,0.0006707408483063546,Sensor
/home/lmy/iot-device-classification/dataset/sensor/round4_normal/sensor_r4.pcapng,R4,339,3391.365262031555,0.026371103978268154,0.3837246735166151,0.04151143464253171,0.5474845644900943,0.000908223372490735,Sensor
/home/lmy/iot-device-classification/dataset/sensor/round4_normal/sensor_r4.pcapng,R4,340,3402.8309292793274,0.02250508382698693,0.3263554984220403,0.028857611604921937,0.6215190876989585,0.0007627184470923506,Sensor
/home/lmy/iot-device-classification/dataset/sensor/round4_normal/sensor_r4.pcapng,R4,341,3413.228445291519,0.005860375367343415,0.4913111918261276,0.4204819650954354,0.08176428760610567,0.0005821801049878392,Sensor
/home/lmy/iot-device-classification/dataset/sensor/round4_normal/sensor_r4.pcapng,R4,342,3423.6545855998997,0.032309461526575316,0.5687284830949904,0.03154494761363571,0.3664999068854717,0.0009172008793269128,Sensor
/home/lmy/iot-device-classification/dataset/sensor/round4_normal/sensor_r4.pcapng,R4,343,3433.856689691544,0.021024401528160565,0.171916652408933,0.019661772380104466,0.786788295271578,0.0006088784112241423,Sensor
/home/lmy/iot-device-classification/dataset/sensor/round4_normal/sensor_r4.pcapng,R4,344,3441.4167008399963,0.03306071073774854,0.4211537120038419,0.029444211518019448,0.5154594239097564,0.0008819418306338492,Sensor
/home/lmy/iot-device-classification/dataset/sensor/round4_normal/sensor_r4.pcapng,R4,345,3454.0641374588013,0.021205552426753316,0.43182208929853283,0.04799786061525973,0.4980897526358395,0.0008847450236146442,Sensor
/home/lmy/iot-device-classification/dataset/sensor/round4_normal/sensor_r4.pcapng,R4,346,3464.5221054553986,0.022255892840981614,0.21341423166144557,0.022629868206435953,0.7410377560595707,0.0006622512315661775,Sensor
/home/lmy/iot-device-classification/dataset/sensor/round4_normal/sensor_r4.pcapng,R4,347,3473.5737998485565,0.006907576669860858,0.7836078572309939,0.08861285909150658,0.12021479610799221,0.0006569108996465264,Sensor
/home/lmy/iot-device-classification/dataset/sensor/round4_normal/sensor_r4.pcapng,R4,348,3481.3773283958435,0.01893932265486632,0.5150358017112241,0.046756139911505366,0.4184211018810023,0.0008476338414019292,Sensor
/home/lmy/iot-device-classification/dataset/sensor/round4_normal/sensor_r4.pcapng,R4,349,3492.268673181534,0.02056813051415647,0.17944491859072256,0.020665729024165254,0.7786940943974916,0.0006271274734641228,Sensor
/home/lmy/iot-device-classification/dataset/sensor/round4_normal/sensor_r4.pcapng,R4,350,3502.6688134670258,0.10119450173918637,0.2981256541950857,0.01731751148717016,0.5822058955204399,0.0011564370581179425,Sensor
/home/lmy/iot-device-classification/dataset/sensor/round4_normal/sensor_r4.pcapng,R4,351,3514.115626335144,0.012084576163958007,0.653326642266575,0.07253700826793939,0.2612408601205604,0.0008109131809673058,Sensor
/home/lmy/iot-device-classification/dataset/sensor/round4_normal/sensor_r4.pcapng,R4,352,3523.481177568436,0.0007004580826894401,0.37494644640431646,0.4828965593022388,0.1407429847673827,0.0007135514433727605,Sensor
/home/lmy/iot-device-classification/dataset/sensor/round4_normal/sensor_r4.pcapng,R4,353,3531.459981203079,0.02313919909028508,0.1694580593884096,0.018610350971607008,0.7881734476699424,0.0006189428797559452,Sensor
/home/lmy/iot-device-classification/dataset/sensor/round4_normal/sensor_r4.pcapng,R4,354,3542.188357114792,0.021408961333458924,0.3923655246363441,0.0340937869412738,0.5513411807123364,0.0007905463765868456,Sensor
/home/lmy/iot-device-classification/dataset/sensor/round4_normal/sensor_r4.pcapng,R4,355,3554.8170068264008,0.01701885321434429,0.6099603375856741,0.1256721948594063,0.24627825251326327,0.001070361827312045,Sensor
/home/lmy/iot-device-classification/dataset/sensor/round4_normal/sensor_r4.pcapng,R4,356,3562.9927451610565,0.022915771710431035,0.3861152460293563,0.031162680041812867,0.5590153889505401,0.0007909132678597757,Sensor
/home/lmy/iot-device-classification/dataset/sensor/round4_normal/sensor_r4.pcapng,R4,357,3571.36670422554,0.018286519820698476,0.6075852169483161,0.058595363731497985,0.31471879408462566,0.000814105414861613,Sensor
/home/lmy/iot-device-classification/dataset/sensor/round4_normal/sensor_r4.pcapng,R4,358,3581.7934951782227,0.017306327517909195,0.5902281959248203,0.26670641617369034,0.12484523774504466,0.0009138226385355623,Sensor
/home/lmy/iot-device-classification/dataset/sensor/round4_normal/sensor_r4.pcapng,R4,359,3592.1084411144257,0.021594482750358298,0.2695000238160291,0.02567119117983446,0.6825328921473395,0.0007014101064387394,Sensor
/home/lmy/iot-device-classification/dataset/sensor/round4_normal/sensor_r4.pcapng,R4,360,3604.142643213272,0.024662170119809503,0.4522089725359881,0.04948706405056024,0.47272565610523526,0.0009161371884069714,Sensor
/home/lmy/iot-device-classification/dataset/sensor/round4_normal/sensor_r4.pcapng,R4,361,3612.394131183624,0.011022039197859703,0.6422564779527591,0.24459478160940762,0.10136247910786894,0.0007642221321045141,Sensor
/home/lmy/iot-device-classification/dataset/sensor/round4_normal/sensor_r4.pcapng,R4,362,3621.380164623261,0.04575664696016308,0.368735959930301,0.038814108258430895,0.5454833799872036,0.001209904863901291,Sensor
/home/lmy/iot-device-classification/dataset/socket/round4_normal/socket_r4.pcapng,R4,0,0.0,0.00037166885259942923,0.0006567911831774209,0.00010867561888793725,0.0008631449109755854,0.9979997194343596,Socket
/home/lmy/iot-device-classification/dataset/socket/round4_normal/socket_r4.pcapng,R4,1,10.067995309829712,0.0003989319310893463,0.0006765068842723242,0.00010766416137549518,0.0008884745015401473,0.9979284225217226,Socket
/home/lmy/iot-device-classification/dataset/socket/round4_normal/socket_r4.pcapng,R4,2,20.16531538963318,0.0004872344947718441,0.0008246729797196704,0.00011930448421378056,0.0010777967523071567,0.9974909912889875,Socket
/home/lmy/iot-device-classification/dataset/socket/round4_normal/socket_r4.pcapng,R4,3,30.23177170753479,0.0003686470144309826,0.0006523663538735773,0.00010795989081798097,0.0008501840111212694,0.9980208427297562,Socket
/home/lmy/iot-device-classification/dataset/socket/round4_normal/socket_r4.pcapng,R4,4,40.331323862075806,0.00036844754749149034,0.0006525976128093304,0.00010796740049150547,0.0008502676752609851,0.9980207197639468,Socket
/home/lmy/iot-device-classification/dataset/socket/round4_normal/socket_r4.pcapng,R4,5,50.32410979270935,0.00036836490140561566,0.0006611247900666768,0.00010986568166161828,0.0008532071228516074,0.9980074375040145,Socket
/home/lmy/iot-device-classification/dataset/socket/round4_normal/socket_r4.pcapng,R4,6,60.39119243621826,0.0003752801190495492,0.0006560547097878686,0.00010761017986177133,0.0008575690370274566,0.9980034859542735,Socket
/home/lmy/iot-device-classification/dataset/socket/round4_normal/socket_r4.pcapng,R4,7,70.48774886131287,0.0003890671108552327,0.0006719555802257135,0.00010885875714819598,0.0008756087475263245,0.9979545098042445,Socket
/home/lmy/iot-device-classification/dataset/socket/round4_normal/socket_r4.pcapng,R4,8,80.58974957466125,0.0003685974999742232,0.0006524023019842452,0.00010795785668064759,0.0008501676906618546,0.9980208746506989,Socket
/home/lmy/iot-device-classification/dataset/socket/round4_normal/socket_r4.pcapng,R4,9,90.6447570323944,0.00036860242836951043,0.0006524064113403471,0.00010795179280231557,0.0008501709596776285,0.9980208684078101,Socket
/home/lmy/iot-device-classification/dataset/socket/round4_normal/socket_r4.pcapng,R4,10,100.63186407089232,0.00036849284931859727,0.0006525138393485045,0.00010794364452222996,0.0008501966760052006,0.9980208529908055,Socket
/home/lmy/iot-device-classification/dataset/socket/round4_normal/socket_r4.pcapng,R4,11,110.7233180999756,0.0006736276391883685,0.0011457716831954367,0.00014404053446825927,0.001532455015772086,0.9965041051273759,Socket
/home/lmy/iot-device-classification/dataset/socket/round4_normal/socket_r4.pcapng,R4,12,120.78402853012084,0.0005312143362479457,0.0009174541048089063,0.00014212079908261285,0.0012527766536461992,0.9971564341062144,Socket
/home/lmy/iot-device-classification/dataset/socket/round4_normal/socket_r4.pcapng,R4,13,130.87695407867432,0.00036797543265080926,0.0006610971564610464,0.00010978403983783564,0.0008529364398831068,0.9980082069311672,Socket
/home/lmy/iot-device-classification/dataset/socket/round4_normal/socket_r4.pcapng,R4,14,141.07376742362976,0.0003742082166136165,0.0006736653597148791,0.00011133315868343634,0.0008632769866800153,0.9979775162783081,Socket
/home/lmy/iot-device-classification/dataset/socket/round4_normal/socket_r4.pcapng,R4,15,151.03305864334106,0.00036852603038278455,0.0006523481943281771,0.00010793617836810852,0.0008500768727716353,0.9980211127241493,Socket
/home/lmy/iot-device-classification/dataset/socket/round4_normal/socket_r4.pcapng,R4,16,161.0278401374817,0.00036857959642843123,0.0006524132692368108,0.00010794528152069083,0.0008501623701018206,0.9980208994827123,Socket
/home/lmy/iot-device-classification/dataset/socket/round4_normal/socket_r4.pcapng,R4,17,171.19099307060242,0.000367812315121472,0.0006611482115764959,0.00010976515998075169,0.0008530010950015747,0.9980082732183196,Socket
/home/lmy/iot-device-classification/dataset/socket/round4_normal/socket_r4.pcapng,R4,18,181.02582907676697,0.0003688799831870148,0.0006529338290261247,0.00010814280364244215,0.0008509417386090724,0.9980191016455354,Socket
/home/lmy/iot-device-classification/dataset/socket/round4_normal/socket_r4.pcapng,R4,19,191.27633810043332,0.0004959024298427996,0.0007725135543391289,0.00011199965864929593,0.0010078290039635064,0.9976117553532052,Socket
/home/lmy/iot-device-classification/dataset/socket/round4_normal/socket_r4.pcapng,R4,20,201.34209871292117,0.0003710671050728414,0.0006659453523635935,0.00011057602617907243,0.0008663015978543862,0.9979861099185301,Socket
/home/lmy/iot-device-classification/dataset/socket/round4_normal/socket_r4.pcapng,R4,21,212.4745454788208,0.00038874120077799277,0.0006929448585733569,0.00011327590118065666,0.0009220040991500168,0.997883033940318,Socket
/home/lmy/iot-device-classification/dataset/socket/round4_normal/socket_r4.pcapng,R4,22,221.0093274116516,0.0003683612104884713,0.000661118054226359,0.00010986939868661619,0.0008532052696723755,0.9980074460669262,Socket
/home/lmy/iot-device-classification/dataset/socket/round4_normal/socket_r4.pcapng,R4,23,231.52673745155332,0.00037074842267245575,0.0006655273154305358,0.00011045481757946291,0.00086568959225798,0.9979875798520595,Socket
/home/lmy/iot-device-classification/dataset/socket/round4_normal/socket_r4.pcapng,R4,24,241.59825611114505,0.00037554478900881505,0.0006559666132126962,0.00010766249984523028,0.000857687187296688,0.9980031389106365,Socket
/home/lmy/iot-device-classification/dataset/socket/round4_normal/socket_r4.pcapng,R4,25,251.69598364830017,0.00036848666013801024,0.0006523797488058314,0.0001079336204241682,0.0008500693199482667,0.9980211306506838,Socket
/home/lmy/iot-device-classification/dataset/socket/round4_normal/socket_r4.pcapng,R4,26,261.7523982524872,0.00037811637410309893,0.0006603118495779166,0.0001082574681868251,0.0008703043502218095,0.9979830099579103,Socket
/home/lmy/iot-device-classification/dataset/socket/round4_normal/socket_r4.pcapng,R4,27,271.75044536590576,0.00036855060427884884,0.000652341318726522,0.00010793298644247082,0.0008500613789356667,0.9980211137116165,Socket
/home/lmy/iot-device-classification/dataset/socket/round4_normal/socket_r4.pcapng,R4,28,281.8095724582672,0.00036854065841593537,0.0006523519352987354,0.0001079429433132977,0.0008500977807247044,0.9980210666822474,Socket
/home/lmy/iot-device-classification/dataset/socket/round4_normal/socket_r4.pcapng,R4,29,292.0056982040405,0.0003685696406720576,0.0006524396009852531,0.00010795960707736346,0.000850184670746293,0.9980208464805191,Socket
/home/lmy/iot-device-classification/dataset/socket/round4_normal/socket_r4.pcapng,R4,30,301.9985158443451,0.0004889597652942926,0.0008730756396684528,0.00012805123019343813,0.0011520744532639003,0.9973578389115799,Socket
/home/lmy/iot-device-classification/dataset/socket/round4_normal/socket_r4.pcapng,R4,31,312.0637218952179,0.0003826805801576464,0.0006594565388622063,0.00010736432323851088,0.0008652155195474856,0.997985283038194,Socket
/home/lmy/iot-device-classification/dataset/socket/round4_normal/socket_r4.pcapng,R4,32,322.16075134277344,0.00036867538792950997,0.0006524220778948666,0.00010798119501587099,0.0008502433260446415,0.9980206780131151,Socket
/home/lmy/iot-device-classification/dataset/socket/round4_normal/socket_r4.pcapng,R4,33,330.2392909526825,0.00037073339444070844,0.0006620821311988482,0.00010897448754681693,0.0008582286178732967,0.9979999813689404,Socket
/home/lmy/iot-device-classification/dataset/socket/round4_normal/socket_r4.pcapng,R4,34,342.2205753326416,0.00037176902704707073,0.0006568510333014406,0.0001087118805534814,0.0008632650890225299,0.9979994029700754,Socket
/home/lmy/iot-device-classification/dataset/socket/round4_normal/socket_r4.pcapng,R4,35,352.31119680404663,0.00036873675979783596,0.0006523552832848656,0.00010797648491112893,0.0008502410997541644,0.9980206903722519,Socket
/home/lmy/iot-device-classification/dataset/socket/round4_normal/socket_r4.pcapng,R4,36,361.02858996391296,0.0003711605113079996,0.0006569225219118016,0.00010857674758786215,0.0008629010970349457,0.9980004391221574,Socket
/home/lmy/iot-device-classification/dataset/socket/round4_normal/socket_r4.pcapng,R4,37,372.4699170589447,0.0003685696920401539,0.0006523781043897657,0.00010794414334113956,0.0008501279075739033,0.998020980152655,Socket
/home/lmy/iot-device-classification/dataset/socket/round4_normal/socket_r4.pcapng,R4,38,382.4628767967224,0.0003697709066090428,0.0006709131596332886,0.00011074578075738834,0.000860768190425294,0.997987801962575,Socket
/home/lmy/iot-device-classification/dataset/socket/round4_normal/socket_r4.pcapng,R4,39,390.0512402057648,0.00037044901175894816,0.0006620700743710926,0.00010891115342424332,0.0008580244799565527,0.9980005452804892,Socket
/home/lmy/iot-device-classification/dataset/socket/round4_normal/socket_r4.pcapng,R4,40,402.6225564479828,0.0003684807991750107,0.0006523746174996023,0.00010792454939194689,0.0008500663407909725,0.9980211536931425,Socket
/home/lmy/iot-device-classification/dataset/socket/round4_normal/socket_r4.pcapng,R4,41,412.8175096511841,0.00036854048154003944,0.0006523950243834635,0.00010794640172221832,0.0008501383280724857,0.9980209797642817,Socket
/home/lmy/iot-device-classification/dataset/socket/round4_normal/socket_r4.pcapng,R4,42,422.2714154720306,0.00039613849084472325,0.0006966215900593263,0.00011151343201834636,0.0009053251604466432,0.997890401326631,Socket
/home/lmy/iot-device-classification/dataset/socket/round4_normal/socket_r4.pcapng,R4,43,432.7720029354096,0.00036774843392824684,0.0006700127734468488,0.00011173279635335452,0.0008560321924876708,0.9979944738037838,Socket
/home/lmy/iot-device-classification/dataset/socket/round4_normal/socket_r4.pcapng,R4,44,440.04845452308655,0.000368061766175472,0.0006610996798859759,0.00010979798132162356,0.0008529737679194733,0.9980080668046976,Socket
/home/lmy/iot-device-classification/dataset/socket/round4_normal/socket_r4.pcapng,R4,45,450.0322756767273,0.00037046212217126237,0.0006620664348304104,0.0001089147783253601,0.0008580195267899452,0.998000537137883,Socket
/home/lmy/iot-device-classification/dataset/socket/round4_normal/socket_r4.pcapng,R4,46,463.02837800979614,0.0003685654024056199,0.000652397150505267,0.00010794881255308258,0.0008501576106414613,0.9980209310238944,Socket
/home/lmy/iot-device-classification/dataset/socket/round4_normal/socket_r4.pcapng,R4,47,473.0186030864716,0.00037568059756588304,0.0006565960405813935,0.00010771912735008312,0.0008582978684161807,0.9980017063660864,Socket
/home/lmy/iot-device-classification/dataset/socket/round4_normal/socket_r4.pcapng,R4,48,480.31906914711,0.0003686130257194428,0.0006524570690746571,0.00010795417600416892,0.0008502049583361632,0.9980207707708655,Socket
/home/lmy/iot-device-classification/dataset/socket/round4_normal/socket_r4.pcapng,R4,49,490.1358916759491,0.0005059813967509159,0.0007947422263829693,0.00011593425094134484,0.0010769242373675366,0.9975064178885573,Socket
/home/lmy/iot-device-classification/dataset/socket/round4_normal/socket_r4.pcapng,R4,50,500.004168510437,0.00036868739441753143,0.0006523646496870033,0.00010796873945987069,0.0008502128659997237,0.9980207663504359,Socket
/home/lmy/iot-device-classification/dataset/socket/round4_normal/socket_r4.pcapng,R4,51,510.0081980228424,0.0003703270760063607,0.0006620344040661196,0.00010889189262937977,0.0008579437560059408,0.9980008028712923,Socket
/home/lmy/iot-device-classification/dataset/socket/round4_normal/socket_r4.pcapng,R4,52,520.6560072898865,0.0003985084996989916,0.0006764966299902242,0.00010758523435041995,0.0008882041717219449,0.9979292054642385,Socket
/home/lmy/iot-device-classification/dataset/socket/round4_normal/socket_r4.pcapng,R4,53,530.4870538711548,0.00037040926369336465,0.0006620314621013858,0.00010890389268471728,0.0008579589294238503,0.9980006964520968,Socket
/home/lmy/iot-device-classification/dataset/socket/round4_normal/socket_r4.pcapng,R4,54,540.2983241081238,0.00037552022711466823,0.000655901068008797,0.00010764303251163976,0.0008575990665375638,0.9980033366058273,Socket
/home/lmy/iot-device-classification/dataset/socket/round4_normal/socket_r4.pcapng,R4,55,550.1816000938416,0.00036846982391699524,0.0006523533502957164,0.0001079204483616425,0.0008500300887136479,0.9980212262887119,Socket
/home/lmy/iot-device-classification/dataset/socket/round4_normal/socket_r4.pcapng,R4,56,560.1088254451752,0.00036860041911380943,0.0006523675819408773,0.00010795624611314184,0.0008501907090675093,0.9980208850437647,Socket
/home/lmy/iot-device-classification/dataset/socket/round4_normal/socket_r4.pcapng,R4,57,570.9783451557159,0.00038520885224656526,0.000719222968213735,0.00011615653286080082,0.0009093596537318099,0.9978700519929471,Socket
/home/lmy/iot-device-classification/dataset/socket/round4_normal/socket_r4.pcapng,R4,58,580.7689716815948,0.0004009844531052739,0.0006901360822630229,0.00011009958533788664,0.0009044985846293628,0.9978942812946645,Socket
/home/lmy/iot-device-classification/dataset/socket/round4_normal/socket_r4.pcapng,R4,59,590.5715589523315,0.00037562501775751094,0.0006558872919675758,0.00010766526457213568,0.0008576765206963311,0.9980031459050065,Socket
/home/lmy/iot-device-classification/dataset/socket/round4_normal/socket_r4.pcapng,R4,60,600.3848643302917,0.00036868923533258974,0.0006524011457401739,0.00010796656694166235,0.000850222992886857,0.9980207200590988,Socket
/home/lmy/iot-device-classification/dataset/socket/round4_normal/socket_r4.pcapng,R4,61,611.2901246547699,0.00037561754683147584,0.0006559040578173581,0.0001076629763294119,0.0008576786264722622,0.9980031367925495,Socket
/home/lmy/iot-device-classification/dataset/socket/round4_normal/socket_r4.pcapng,R4,62,621.0921456813812,0.00037214592641756446,0.0006844946131868618,0.00011337297253006428,0.0008767408777623451,0.9979532456101031,Socket
/home/lmy/iot-device-classification/dataset/socket/round4_normal/socket_r4.pcapng,R4,63,630.9120516777039,0.00039117809223502203,0.0006939077095204428,0.00011089060347204687,0.0009026267657250938,0.9979013968290473,Socket
/home/lmy/iot-device-classification/dataset/socket/round4_normal/socket_r4.pcapng,R4,64,640.7055580615997,0.0003683043812692432,0.0006612063537864714,0.00010985306703474708,0.0008532310593182555,0.9980074051385913,Socket
/home/lmy/iot-device-classification/dataset/socket/round4_normal/socket_r4.pcapng,R4,65,650.5035684108734,0.00036856374433528197,0.0006523442696230795,0.00010794470388208193,0.0008501256816603511,0.9980210216004993,Socket
/home/lmy/iot-device-classification/dataset/socket/round4_normal/socket_r4.pcapng,R4,66,661.3720831871033,0.0003685612113391977,0.0006524123161685663,0.00010795334555180503,0.0008501566925976807,0.9980209164343428,Socket
/home/lmy/iot-device-classification/dataset/socket/round4_normal/socket_r4.pcapng,R4,67,671.2138381004333,0.0003688372984755529,0.0006523805546371351,0.00010800060943219237,0.0008503289276061455,0.9980204526098491,Socket
/home/lmy/iot-device-classification/dataset/socket/round4_normal/socket_r4.pcapng,R4,68,681.0382010936737,0.0003685156646475397,0.0006523928990259734,0.00010794233045571342,0.000850173986448937,0.9980209751194219,Socket
/home/lmy/iot-device-classification/dataset/socket/round4_normal/socket_r4.pcapng,R4,69,690.8347702026367,0.0003685749262921586,0.0006523616908318023,0.0001079437919467512,0.0008501096875640092,0.9980210099033652,Socket
/home/lmy/iot-device-classification/dataset/socket/round4_normal/socket_r4.pcapng,R4,70,701.7349512577057,0.00036848182764931056,0.0006523709458913753,0.00010792685187754466,0.0008500592676208476,0.9980211611069609,Socket
/home/lmy/iot-device-classification/dataset/socket/round4_normal/socket_r4.pcapng,R4,71,711.6164500713348,0.0003685128746955526,0.0006523530606592227,0.00010793368157694573,0.0008500934342009909,0.9980211069488671,Socket
/home/lmy/iot-device-classification/dataset/socket/round4_normal/socket_r4.pcapng,R4,72,721.2097263336182,0.00037544969274593264,0.000656004018269643,0.00010763679938138339,0.0008576552854773033,0.9980032542041258,Socket
/home/lmy/iot-device-classification/dataset/socket/round4_normal/socket_r4.pcapng,R4,73,731.2293977737427,0.00036852140798785077,0.0006524004551606255,0.00010793855665321955,0.0008501257080454637,0.9980210138721528,Socket
/home/lmy/iot-device-classification/dataset/socket/round4_normal/socket_r4.pcapng,R4,74,742.0991985797882,0.0003685152450780552,0.000652415288085429,0.00010794518596412265,0.0008501280101651758,0.9980209962707072,Socket
/home/lmy/iot-device-classification/dataset/socket/round4_normal/socket_r4.pcapng,R4,75,751.8983390331268,0.0003684409025890036,0.0006523563984522451,0.00010791112581097782,0.0008500023083722224,0.9980212892647756,Socket
/home/lmy/iot-device-classification/dataset/socket/round4_normal/socket_r4.pcapng,R4,76,760.0022573471069,0.0004167439412368516,0.0006884569317498816,0.00010762951858230952,0.0009174079313834594,0.9978697616770476,Socket
/home/lmy/iot-device-classification/dataset/socket/round4_normal/socket_r4.pcapng,R4,77,771.5107581615448,0.0003684597738300186,0.000652369297227503,0.00010792258087170482,0.0008500431444358373,0.9980212052036349,Socket
/home/lmy/iot-device-classification/dataset/socket/round4_normal/socket_r4.pcapng,R4,78,782.3825674057007,0.00036850824830038213,0.0006523696860581491,0.00010792625827389654,0.0008500568610532094,0.9980211389463145,Socket
/home/lmy/iot-device-classification/dataset/socket/round4_normal/socket_r4.pcapng,R4,79,790.0470950603485,0.0003686043040921419,0.0006523589314866397,0.00010794792068576637,0.0008501297026378895,0.9980209591410976,Socket
/home/lmy/iot-device-classification/dataset/socket/round4_normal/socket_r4.pcapng,R4,80,802.0034744739532,0.00036837589741717415,0.0006523312643905454,0.00010789737674619574,0.0008499520921178456,0.9980214433693283,Socket
/home/lmy/iot-device-classification/dataset/socket/round4_normal/socket_r4.pcapng,R4,81,812.8963944911957,0.0003684893437393094,0.0006523636960859904,0.0001079337307988776,0.0008501168416529919,0.9980210963877229,Socket
/home/lmy/iot-device-classification/dataset/socket/round4_normal/socket_r4.pcapng,R4,82,820.3038725852966,0.000368426330245128,0.0006523619600412056,0.0001079129561855595,0.0008500253598210697,0.998021273393707,Socket
/home/lmy/iot-device-classification/dataset/socket/round4_normal/socket_r4.pcapng,R4,83,832.5263481140137,0.000368780228819359,0.0006523645683186573,0.0001079910871691991,0.0008502889421403469,0.9980205751735524,Socket
/home/lmy/iot-device-classification/dataset/socket/round4_normal/socket_r4.pcapng,R4,84,842.3289556503296,0.00036871658039868137,0.0006523471570343762,0.00010796875957206953,0.0008501927940193519,0.9980207747089757,Socket
/home/lmy/iot-device-classification/dataset/socket/round4_normal/socket_r4.pcapng,R4,85,850.5650327205658,0.00037934810601897246,0.0006790589842016917,0.0001110657061791498,0.0008811956291856375,0.9979493315744145,Socket
/home/lmy/iot-device-classification/dataset/socket/round4_normal/socket_r4.pcapng,R4,86,862.0753929615021,0.0003706895304885947,0.0006655079098404989,0.00011043387534118116,0.0008656251817596252,0.9979877435025701,Socket
/home/lmy/iot-device-classification/dataset/socket/round4_normal/socket_r4.pcapng,R4,87,872.9645884037018,0.0003684067051376287,0.0006523244224767497,0.00010789991977910114,0.0008499527652189617,0.9980214161873876,Socket
/home/lmy/iot-device-classification/dataset/socket/round4_normal/socket_r4.pcapng,R4,88,880.607319355011,0.00036842644229936964,0.0006523577928967087,0.00010791146218952715,0.0008500143416395433,0.9980212899609747,Socket
/home/lmy/iot-device-classification/dataset/socket/round4_normal/socket_r4.pcapng,R4,89,892.5326917171478,0.0003684047102583142,0.0006523648683594015,0.00010790650177853793,0.0008500142642348511,0.998021309655369,Socket
/home/lmy/iot-device-classification/dataset/socket/round4_normal/socket_r4.pcapng,R4,90,902.3436546325684,0.0003709827450421864,0.0006621019620999903,0.0001090365481979866,0.0008584080607572376,0.9979994706839027,Socket
/home/lmy/iot-device-classification/dataset/socket/round4_normal/socket_r4.pcapng,R4,91,910.860630750656,0.0003674793401108423,0.0006700882661766306,0.00011170827724878987,0.0008559437155269119,0.9979947804009368,Socket
/home/lmy/iot-device-classification/dataset/socket/round4_normal/socket_r4.pcapng,R4,92,922.9809346199036,0.000368522409690859,0.0006523960749708876,0.00010794514026760462,0.0008502060255253617,0.9980209303495453,Socket
/home/lmy/iot-device-classification/dataset/socket/round4_normal/socket_r4.pcapng,R4,93,932.780336856842,0.0003821654895988309,0.0006927935960640171,0.00011376918513582728,0.0008978024650665723,0.9979134692641347,Socket
/home/lmy/iot-device-classification/dataset/socket/round4_normal/socket_r4.pcapng,R4,94,941.0118169784546,0.00036830190202330536,0.0006523541069269316,0.00010788358636516988,0.0008499407266485843,0.9980215196780361,Socket
/home/lmy/iot-device-classification/dataset/socket/round4_normal/socket_r4.pcapng,R4,95,953.4922461509703,0.0005301414528765145,0.0008131254827353731,0.00011621590409047219,0.0010930135739811782,0.9974475035863165,Socket
/home/lmy/iot-device-classification/dataset/socket/round4_normal/socket_r4.pcapng,R4,96,963.300047636032,0.00036854140224115136,0.0006523149924603737,0.00010792933484264954,0.000850038405489684,0.9980211758649661,Socket
/home/lmy/iot-device-classification/dataset/socket/round4_normal/socket_r4.pcapng,R4,97,973.1130661964417,0.00038241147376617026,0.000659490081586406,0.0001073086887016193,0.0008650616400006882,0.9979857281159452,Socket
/home/lmy/iot-device-classification/dataset/socket/round4_normal/socket_r4.pcapng,R4,98,982.9209506511688,0.00036850471783623796,0.0006523461396778235,0.00010792692040942867,0.0008500562111371587,0.9980211660109394,Socket
/home/lmy/iot-device-classification/dataset/socket/round4_normal/socket_r4.pcapng,R4,99,993.7909526824952,0.00036851579121584477,0.0006523233593422404,0.00010792823521345555,0.0008500527415695577,0.9980211798726589,Socket
/home/lmy/iot-device-classification/dataset/socket/round4_normal/socket_r4.pcapng,R4,100,1003.6391592025756,0.00036855242987544374,0.0006524025242154937,0.0001079444765858779,0.0008501498145443203,0.9980209507547789,Socket
/home/lmy/iot-device-classification/dataset/socket/round4_normal/socket_r4.pcapng,R4,101,1013.5375781059264,0.00042259541384376135,0.00074661158107938,0.00011609104184572668,0.0009406875761684224,0.9977740143870628,Socket
/home/lmy/iot-device-classification/dataset/socket/round4_normal/socket_r4.pcapng,R4,102,1023.3120474815368,0.004405523998204459,0.0012075878069882436,0.0007403566225913953,0.0026993539717435244,0.9909471776004725,Socket
/home/lmy/iot-device-classification/dataset/socket/round4_normal/socket_r4.pcapng,R4,103,1033.0899693965912,0.0003685830057377914,0.000652380179569237,0.00010794774979246763,0.0008501390011876725,0.9980209500637128,Socket
/home/lmy/iot-device-classification/dataset/socket/round4_normal/socket_r4.pcapng,R4,104,1040.8093299865725,0.00036816786029967576,0.0006611497787170751,0.00010983289644012206,0.0008530899752022831,0.998007759489341,Socket
/home/lmy/iot-device-classification/dataset/socket/round4_normal/socket_r4.pcapng,R4,105,1053.809482574463,0.00036886755104368604,0.0006524106113638574,0.00010800916549664178,0.0008503622775368572,0.9980203503945588,Socket
/home/lmy/iot-device-classification/dataset/socket/round4_normal/socket_r4.pcapng,R4,106,1063.628806591034,0.00036842332910624415,0.0006523621144229954,0.00010791522293856468,0.0008500257429763626,0.9980212735905558,Socket
/home/lmy/iot-device-classification/dataset/socket/round4_normal/socket_r4.pcapng,R4,107,1073.440318107605,0.0003686862233536511,0.0006526328224497962,0.00010799243866670586,0.0008504483715651604,0.9980202401439647,Socket
/home/lmy/iot-device-classification/dataset/socket/round4_normal/socket_r4.pcapng,R4,108,1081.0274240970612,0.0004300592628144152,0.0008702971757786781,0.00013749493178318026,0.0011725115824974283,0.9973896370471264,Socket
/home/lmy/iot-device-classification/dataset/socket/round4_normal/socket_r4.pcapng,R4,109,1094.1210253238678,0.0003681910092585199,0.000661105507085596,0.00010982957938589978,0.0008530806234022538,0.9980077932808677,Socket
/home/lmy/iot-device-classification/dataset/socket/round4_normal/socket_r4.pcapng,R4,110,1103.8940689563751,0.00040415653800308785,0.0007980353930993967,0.00012542624798465754,0.0009860823243709625,0.997686299496542,Socket
/home/lmy/iot-device-classification/dataset/socket/round4_normal/socket_r4.pcapng,R4,111,1112.1041202545166,0.00036869467888766145,0.000652352335857924,0.00010796406335373259,0.0008501800589364397,0.9980208088629642,Socket
/home/lmy/iot-device-classification/dataset/socket/round4_normal/socket_r4.pcapng,R4,112,1123.4811761379242,0.0003685954206160248,0.0006523946692898621,0.00010794399722528239,0.0008501467396690645,0.9980209191731997,Socket
/home/lmy/iot-device-classification/dataset/socket/round4_normal/socket_r4.pcapng,R4,113,1134.4001984596252,0.0003680580603150062,0.0006610701358347192,0.0001097954616024544,0.0008529568412872441,0.9980081195009606,Socket
/home/lmy/iot-device-classification/dataset/socket/round4_normal/socket_r4.pcapng,R4,114,1144.198636054993,0.000368472463446366,0.0006523779839578078,0.00010792531755954682,0.0008500916075538695,0.9980211326274824,Socket
/home/lmy/iot-device-classification/dataset/socket/round4_normal/socket_r4.pcapng,R4,115,1154.0024008750916,0.00037967618298920795,0.0006791071422316483,0.00011114739063439,0.0008814672895387946,0.9979486019946059,Socket
/home/lmy/iot-device-classification/dataset/socket/round4_normal/socket_r4.pcapng,R4,116,1162.4473745822906,0.00037523419478756667,0.0006559589296388841,0.0001075943279899084,0.0008574532211763715,0.9980037593264073,Socket
/home/lmy/iot-device-classification/dataset/socket/round4_normal/socket_r4.pcapng,R4,117,1174.80117726326,0.0003771125177176696,0.0006656070272848196,0.000108540105423476,0.0008653048677263939,0.9979834354818476,Socket
/home/lmy/iot-device-classification/dataset/socket/round4_normal/socket_r4.pcapng,R4,118,1184.592836856842,0.0004002010795442869,0.0006718506361157902,0.0001074581739074957,0.0008943227064883316,0.9979261674039441,Socket
/home/lmy/iot-device-classification/dataset/socket/round4_normal/socket_r4.pcapng,R4,119,1194.423231124878,0.0003809732023792239,0.0006647539379612496,0.00010891944070866141,0.0008833579088993468,0.9979619955100515,Socket
/home/lmy/iot-device-classification/dataset/socket/round4_normal/socket_r4.pcapng,R4,120,1200.0353724956512,0.0004459310728002041,0.0008105428712242946,0.00012365829528681856,0.0010574243678847317,0.9975624433928041,Socket
/home/lmy/iot-device-classification/dataset/socket/round4_normal/socket_r4.pcapng,R4,121,1210.9892811775208,0.0003898838326333497,0.0007032881036814012,0.00011413542358180614,0.0009300931146708726,0.9978625995254325,Socket
/home/lmy/iot-device-classification/dataset/socket/round4_normal/socket_r4.pcapng,R4,122,1224.9720599651337,0.00036863905813561235,0.0006523311075630984,0.00010795437020608287,0.0008501494402770897,0.9980209260238181,Socket
/home/lmy/iot-device-classification/dataset/socket/round4_normal/socket_r4.pcapng,R4,123,1234.7813272476196,0.00039736196854232674,0.0007032191652920061,0.00011229474750869094,0.0009300327889228292,0.9978570913297342,Socket
/home/lmy/iot-device-classification/dataset/socket/round4_normal/socket_r4.pcapng,R4,124,1244.5958712100985,0.0003855007540203017,0.0007004884869535637,0.00011361108029873474,0.0009276114361005624,0.9978727882426269,Socket
/home/lmy/iot-device-classification/dataset/socket/round4_normal/socket_r4.pcapng,R4,125,1250.033621788025,0.00036857835546020917,0.0006612100951126391,0.00010993937557944074,0.0008534383143752549,0.9980068338594724,Socket
/home/lmy/iot-device-classification/dataset/socket/round4_normal/socket_r4.pcapng,R4,126,1260.0205950737,0.00037058451548821275,0.0006620890757196607,0.00010894671629145383,0.0008581166756482768,0.9980002630168524,Socket
/home/lmy/iot-device-classification/dataset/socket/round4_normal/socket_r4.pcapng,R4,127,1275.0955893993378,0.0003825922895010029,0.0006594552585306222,0.00010734764347710237,0.0008651748357101093,0.9979854299727811,Socket
/home/lmy/iot-device-classification/dataset/socket/round4_normal/socket_r4.pcapng,R4,128,1284.9035348892212,0.0003687968525403212,0.0006530445200799028,0.00010803283909977954,0.0008508466486750505,0.998019279139605,Socket
/home/lmy/iot-device-classification/dataset/socket/round4_normal/socket_r4.pcapng,R4,129,1290.3639998435974,0.0004402904653094717,0.0007341430138939603,0.00011215970145088914,0.0009828196805070023,0.9977305871388387,Socket
/home/lmy/iot-device-classification/dataset/socket/round4_normal/socket_r4.pcapng,R4,130,1300.0277223587036,0.0003687243560308211,0.0006523478373532222,0.00010797566346423438,0.000850217614502503,0.9980207345286493,Socket
/home/lmy/iot-device-classification/dataset/socket/round4_normal/socket_r4.pcapng,R4,131,1310.0540401935575,0.00036854213457244284,0.0006523596901008198,0.00010794039524225646,0.0008500937537942015,0.9980210640262902,Socket
/home/lmy/iot-device-classification/dataset/socket/round4_normal/socket_r4.pcapng,R4,132,1320.0753424167633,0.0005753844561084901,0.001138729347472318,0.00015759408500359186,0.0013826628838540895,0.9967456292275615,Socket
/home/lmy/iot-device-classification/dataset/socket/round4_normal/socket_r4.pcapng,R4,133,1331.295976638794,0.0004019661966745777,0.0007077668699706779,0.00011595118607381918,0.0009860007858455398,0.9977883149614354,Socket
/home/lmy/iot-device-classification/dataset/socket/round4_normal/socket_r4.pcapng,R4,134,1340.6064205169678,0.0003686197510029023,0.0006524872857700665,0.00010798580034170387,0.0008502675691403637,0.9980206395937449,Socket
/home/lmy/iot-device-classification/dataset/socket/round4_normal/socket_r4.pcapng,R4,135,1350.395869255066,0.0003687166056550475,0.0006524483414984546,0.00010799226759316496,0.0008503039101956441,0.9980205388750577,Socket
/home/lmy/iot-device-classification/dataset/socket/round4_normal/socket_r4.pcapng,R4,136,1360.1678788661957,0.0003686886220862785,0.0006523775100903632,0.00010796892607604336,0.0008502134147542185,0.9980207515269931,Socket
/home/lmy/iot-device-classification/dataset/socket/round4_normal/socket_r4.pcapng,R4,137,1370.0354497432709,0.00036869425500906826,0.0006524853646055754,0.00010799750516520623,0.0008503071616042958,0.9980205157136159,Socket
/home/lmy/iot-device-classification/dataset/socket/round4_normal/socket_r4.pcapng,R4,138,1380.837856054306,0.000368859476244401,0.0006524592461192532,0.00010802618349407817,0.0008503949722211968,0.998020260121921,Socket
/home/lmy/iot-device-classification/dataset/socket/round4_normal/socket_r4.pcapng,R4,139,1390.654846906662,0.0003758472363789973,0.0006567242083230793,0.00010776521292408099,0.0008585360921729185,0.9980011272502011,Socket
/home/lmy/iot-device-classification/dataset/socket/round4_normal/socket_r4.pcapng,R4,140,1400.4492218494415,0.00036868106194335365,0.0006523928187021818,0.0001079700828009986,0.0008502140580913569,0.9980207419784621,Socket
/home/lmy/iot-device-classification/dataset/socket/round4_normal/socket_r4.pcapng,R4,141,1410.2476346492767,0.00046940636317825116,0.0007920801465445778,0.00012316165324162187,0.0011180037638528094,0.9974973480731827,Socket
/home/lmy/iot-device-classification/dataset/socket/round4_normal/socket_r4.pcapng,R4,142,1421.191276550293,0.0003886630629174158,0.0007190060258397313,0.00011649955868694482,0.0009285711640373013,0.9978472601885185,Socket
/home/lmy/iot-device-classification/dataset/socket/round4_normal/socket_r4.pcapng,R4,143,1431.0003325939178,0.00043637514344917417,0.0008107623132650846,0.00012756274069131407,0.0009824008773745181,0.9976428989252198,Socket
/home/lmy/iot-device-classification/dataset/socket/round4_normal/socket_r4.pcapng,R4,144,1440.809462070465,0.00036856641521032063,0.0006524956630582592,0.00010795467084924313,0.0008502220132913422,0.9980207612375909,Socket
/home/lmy/iot-device-classification/dataset/socket/round4_normal/socket_r4.pcapng,R4,145,1450.6548924446106,0.00038281309146635117,0.0006594687506631347,0.00010739128112479655,0.0008653209156267657,0.9979850059611189,Socket
/home/lmy/iot-device-classification/dataset/socket/round4_normal/socket_r4.pcapng,R4,146,1461.6112849712372,0.00036845315932877823,0.0006524130257466548,0.00010792084969569424,0.0008500815694452788,0.9980211313957836,Socket
/home/lmy/iot-device-classification/dataset/socket/round4_normal/socket_r4.pcapng,R4,147,1471.40212059021,0.0003702061343559349,0.0006709159317218514,0.00011084363440303531,0.0008610636805644764,0.9979869706189546,Socket
/home/lmy/iot-device-classification/dataset/socket/round4_normal/socket_r4.pcapng,R4,148,1480.9955830574036,0.00036836461477548913,0.0006525500074482204,0.00010792545086185906,0.0008501638772980824,0.9980209960496164,Socket
/home/lmy/iot-device-classification/dataset/socket/round4_normal/socket_r4.pcapng,R4,149,1491.0151197910309,0.00036902375198760896,0.0006523834699636007,0.00010803903415850256,0.0008504504566942855,0.998020103287196,Socket
/home/lmy/iot-device-classification/dataset/socket/round4_normal/socket_r4.pcapng,R4,150,1500.8261771202087,0.0003688338646442803,0.0006524601209622377,0.00010801721944195039,0.0008503697058567912,0.9980203190890947,Socket
/home/lmy/iot-device-classification/dataset/socket/round4_normal/socket_r4.pcapng,R4,151,1511.7760217189789,0.00036846157657928296,0.0006523987310133131,0.00010793214657009139,0.0008500698229316637,0.9980211377229057,Socket
/home/lmy/iot-device-classification/dataset/socket/round4_normal/socket_r4.pcapng,R4,152,1520.0826408863068,0.0003929749201251512,0.0006956125991566726,0.00011228985120880985,0.0008995919285571284,0.9978995307009523,Socket
/home/lmy/iot-device-classification/dataset/socket/round4_normal/socket_r4.pcapng,R4,153,1530.0526189804075,0.0003688240491887885,0.0006524455677630924,0.000107997921536827,0.0008503445662627758,0.9980203878952485,Socket
/home/lmy/iot-device-classification/dataset/socket/round4_normal/socket_r4.pcapng,R4,154,1540.028575181961,0.00037041169666150335,0.0007122652316623776,0.00011926618934187901,0.0008854050208125214,0.9979126518615218,Socket
/home/lmy/iot-device-classification/dataset/socket/round4_normal/socket_r4.pcapng,R4,155,1550.0851628780365,0.0003679168650015127,0.0006612170124907107,0.0001097926761863568,0.0008529978125402038,0.9980080756337811,Socket
/home/lmy/iot-device-classification/dataset/socket/round4_normal/socket_r4.pcapng,R4,156,1560.046242237091,0.0003922714437599785,0.0006675330910991256,0.00010761155744225499,0.0008855869475397626,0.997946996960159,Socket
/home/lmy/iot-device-classification/dataset/socket/round4_normal/socket_r4.pcapng,R4,157,1570.0364954471588,0.00036809029395256813,0.0006613064796434312,0.00010986453326187486,0.0008532041331348805,0.9980075345600073,Socket
/home/lmy/iot-device-classification/dataset/socket/round4_normal/socket_r4.pcapng,R4,158,1580.132000207901,0.00037087871177638723,0.0006655938642100579,0.00011049600659572753,0.0008658440502124081,0.9979871873672054,Socket
/home/lmy/iot-device-classification/dataset/socket/round4_normal/socket_r4.pcapng,R4,159,1590.4018988609314,0.00037010292973231254,0.0006709789823089248,0.00011083911310043935,0.0008610991373188024,0.9979869798375395,Socket
/home/lmy/iot-device-classification/dataset/socket/round4_normal/socket_r4.pcapng,R4,160,1600.3976755142212,0.0003738290148970269,0.0006947629514861751,0.00011437170594856261,0.0008848341645850246,0.9979322021630832,Socket
/home/lmy/iot-device-classification/dataset/socket/round4_normal/socket_r4.pcapng,R4,161,1610.2555148601532,0.0003710918796007209,0.0006568037364524346,0.00010855307382014439,0.0008627583452220599,0.9980007929649045,Socket
/home/lmy/iot-device-classification/dataset/socket/round4_normal/socket_r4.pcapng,R4,162,1620.3522396087646,0.00036834663687219704,0.0006524936578947613,0.00010791816021294087,0.0008501724064845546,0.9980210691385355,Socket
/home/lmy/iot-device-classification/dataset/socket/round4_normal/socket_r4.pcapng,R4,163,1630.4502000808716,0.0003906305254211726,0.0006938340892751178,0.0001122223296436446,0.0009269002857120316,0.9978764127699481,Socket
/home/lmy/iot-device-classification/dataset/socket/round4_normal/socket_r4.pcapng,R4,164,1640.5132365226746,0.00036789065674336564,0.000661191106602587,0.00010978036080369821,0.000852965361535638,0.9980081725143146,Socket
/home/lmy/iot-device-classification/dataset/socket/round4_normal/socket_r4.pcapng,R4,165,1650.6085278987885,0.0003705965263528222,0.000662194238449504,0.00010896475906708798,0.0008582246416232491,0.9980000198345074,Socket
/home/lmy/iot-device-classification/dataset/socket/round4_normal/socket_r4.pcapng,R4,166,1660.7037012577057,0.0003685232015310911,0.0006524290017876356,0.0001079439132291903,0.0008501518856769837,0.998020951997775,Socket
/home/lmy/iot-device-classification/dataset/socket/round4_normal/socket_r4.pcapng,R4,167,1670.6675415039062,0.00036854355705547107,0.0006523640188261352,0.00010794030511220018,0.0008500974596025845,0.9980210546594036,Socket
/home/lmy/iot-device-classification/dataset/socket/round4_normal/socket_r4.pcapng,R4,168,1680.762495279312,0.0004070220574071753,0.0007994322869660352,0.00012614106013046365,0.0010195185056056696,0.9976478860898907,Socket
/home/lmy/iot-device-classification/dataset/socket/round4_normal/socket_r4.pcapng,R4,169,1690.8584070205688,0.00036798158744064363,0.0006611833892261657,0.00010979550455678016,0.0008530217258049808,0.9980080177929715,Socket
/home/lmy/iot-device-classification/dataset/socket/round4_normal/socket_r4.pcapng,R4,170,1700.9230241775513,0.00036887258635759525,0.0006523652621685018,0.00010800562265974807,0.0008503330391356823,0.9980204234896785,Socket
/home/lmy/iot-device-classification/dataset/socket/round4_normal/socket_r4.pcapng,R4,171,1710.915598154068,0.0003702609205326998,0.0006621910815197767,0.00010888712794142223,0.0008580012230886228,0.9980006596469175,Socket
/home/lmy/iot-device-classification/dataset/socket/round4_normal/socket_r4.pcapng,R4,172,1720.9809651374817,0.0003688237038276121,0.0006523616865649231,0.00010799617035371726,0.0008502939802369539,0.9980205244590168,Socket
/home/lmy/iot-device-classification/dataset/socket/round4_normal/socket_r4.pcapng,R4,173,1731.07683467865,0.0003704728749619839,0.0006745985369377637,0.00011244737795302805,0.0008689301042859523,0.9979735511058613,Socket
/home/lmy/iot-device-classification/dataset/socket/round4_normal/socket_r4.pcapng,R4,174,1740.0514404773712,0.00036845797401573215,0.0006524158829666159,0.00010792374362062725,0.0008500730295212219,0.9980211293698759,Socket
/home/lmy/iot-device-classification/dataset/socket/round4_normal/socket_r4.pcapng,R4,175,1751.2385869026184,0.0003775645148646912,0.0006656252247998782,0.00010863832106285704,0.0008656438917259238,0.9979825280475465,Socket
/home/lmy/iot-device-classification/dataset/socket/round4_normal/socket_r4.pcapng,R4,176,1761.3335480690002,0.0003796305460795971,0.0006920065073368092,0.00011471577544391846,0.0008926673924945534,0.9979209797786451,Socket
/home/lmy/iot-device-classification/dataset/socket/round4_normal/socket_r4.pcapng,R4,177,1771.4283556938171,0.0003684669337648347,0.000652371005743265,0.0001079185272767845,0.0008500296378564813,0.9980212138953586,Socket
/home/lmy/iot-device-classification/dataset/socket/round4_normal/socket_r4.pcapng,R4,178,1781.390876531601,0.0003688876632549031,0.0006523774711589423,0.00010800981998332397,0.000850353994886236,0.9980203710507166,Socket
/home/lmy/iot-device-classification/dataset/socket/round4_normal/socket_r4.pcapng,R4,179,1791.4867994785309,0.00036835578298829075,0.0006524659013118428,0.00010790509627980787,0.0008500747591327943,0.9980211984602874,Socket
/home/lmy/iot-device-classification/dataset/socket/round4_normal/socket_r4.pcapng,R4,180,1801.0467293262482,0.0003679239452320417,0.000661175750016381,0.00010978637943210109,0.0008529453199847028,0.9980081686053347,Socket
/home/lmy/iot-device-classification/dataset/socket/round4_normal/socket_r4.pcapng,R4,181,1811.650336265564,0.00036845739489392543,0.0006523962544387073,0.00010793002776527302,0.0008500671032132469,0.9980211492196888,Socket
/home/lmy/iot-device-classification/dataset/socket/round4_normal/socket_r4.pcapng,R4,182,1821.7428081035612,0.0003673609668410296,0.000669875547896154,0.00011163838921654073,0.0008556453891865889,0.9979954797068596,Socket
/home/lmy/iot-device-classification/dataset/socket/round4_normal/socket_r4.pcapng,R4,183,1831.80743765831,0.0003687081097408836,0.0006523507634899792,0.00010796688806786041,0.0008501908381029049,0.9980207834005984,Socket
/home/lmy/iot-device-classification/dataset/socket/round4_normal/socket_r4.pcapng,R4,184,1841.800176858902,0.0003684947481791146,0.0006523822078853545,0.00010793608031646614,0.0008500788655651658,0.9980211080980539,Socket
/home/lmy/iot-device-classification/dataset/socket/round4_normal/socket_r4.pcapng,R4,185,1851.897214651108,0.00039492614588066994,0.0007059338266038415,0.00011330258408048006,0.0009079148132931538,0.9978779226301419,Socket
/home/lmy/iot-device-classification/dataset/socket/round4_normal/socket_r4.pcapng,R4,186,1861.9620518684387,0.0003685211973871368,0.000652390240527237,0.00010793581761058854,0.0008500921598872304,0.9980210605845877,Socket
/home/lmy/iot-device-classification/dataset/socket/round4_normal/socket_r4.pcapng,R4,187,1872.057455778122,0.0003735961274595313,0.0006825963128840845,0.00011321583669700604,0.0008660322456420366,0.9979645594773173,Socket
/home/lmy/iot-device-classification/dataset/socket/round4_normal/socket_r4.pcapng,R4,188,1882.1509449481964,0.0003771349893291008,0.0006656078578130382,0.00010854962046778177,0.0008653329025812648,0.9979833746298089,Socket
/home/lmy/iot-device-classification/dataset/socket/round4_normal/socket_r4.pcapng,R4,189,1892.1150834560397,0.0003686931043589537,0.0006524097146531795,0.0001079793814712458,0.0008502283913187556,0.9980206894081979,Socket
/home/lmy/iot-device-classification/dataset/socket/round4_normal/socket_r4.pcapng,R4,190,1902.2090513706207,0.00037143030077642315,0.0006568663624802656,0.00010864257919169407,0.0008630378666717906,0.9980000228908799,Socket
/home/lmy/iot-device-classification/dataset/socket/round4_normal/socket_r4.pcapng,R4,191,1912.303117275238,0.00036734775466714704,0.0006699039247037009,0.00011163345111969202,0.0008556601967414552,0.997995454672768,Socket
/home/lmy/iot-device-classification/dataset/socket/round4_normal/socket_r4.pcapng,R4,192,1922.366097688675,0.0003686916188863037,0.0006523236240052388,0.00010796045268516254,0.0008501515824398618,0.9980208727219834,Socket
/home/lmy/iot-device-classification/dataset/socket/round4_normal/socket_r4.pcapng,R4,193,1931.0078854560848,0.00037826623512430467,0.0006846506435218449,0.00011136975637484811,0.0008762726073169113,0.997949440757662,Socket
/home/lmy/iot-device-classification/dataset/socket/round4_normal/socket_r4.pcapng,R4,194,1941.7065920829773,0.0003715198581642423,0.0006573716949590133,0.00010871248188608836,0.0008635814393567082,0.9979988145256339,Socket
/home/lmy/iot-device-classification/dataset/socket/round4_normal/socket_r4.pcapng,R4,195,1952.518610954285,0.0003753923508255195,0.0007012611732548429,0.00011374881602873568,0.0008849351543521781,0.9979246625055387,Socket
/home/lmy/iot-device-classification/dataset/socket/round4_normal/socket_r4.pcapng,R4,196,1960.0296576023104,0.00046022492823287724,0.0007797794779269704,0.0001194847208731644,0.0010531142885003193,0.9975873965844667,Socket
/home/lmy/iot-device-classification/dataset/socket/round4_normal/socket_r4.pcapng,R4,197,1972.6764459609983,0.0003907003998443771,0.0007068181184346242,0.00011432643604479503,0.0009135493796425612,0.9978746056660336,Socket
/home/lmy/iot-device-classification/dataset/socket/round4_normal/socket_r4.pcapng,R4,198,1982.7700815200808,0.0003686673663146474,0.0006523614712443991,0.00010795990029219945,0.0008501723453931503,0.9980208389167557,Socket
/home/lmy/iot-device-classification/dataset/socket/round4_normal/socket_r4.pcapng,R4,199,1992.7668118476868,0.00036729367260402405,0.0006699196458201786,0.0001116303919472294,0.000855645390608373,0.9979955108990202,Socket
/home/lmy/iot-device-classification/dataset/socket/round4_normal/socket_r4.pcapng,R4,200,2000.080296278,0.0004043612645737423,0.0007469864711989602,0.00012034947109261111,0.0009823678766108094,0.9977459349165239,Socket
/home/lmy/iot-device-classification/dataset/socket/round4_normal/socket_r4.pcapng,R4,201,2010.031352758408,0.00036868027543481534,0.0006523602689567757,0.00010796201188893556,0.0008501801408005668,0.9980208173029188,Socket
/home/lmy/iot-device-classification/dataset/socket/round4_normal/socket_r4.pcapng,R4,202,2020.0282742977145,0.0003673405910478804,0.000669858656067523,0.00011163021357024058,0.0008556213669552732,0.9979955491723591,Socket
/home/lmy/iot-device-classification/dataset/socket/round4_normal/socket_r4.pcapng,R4,203,2030.005942106247,0.0003894207257118537,0.0006630315664789669,0.00010697472547538407,0.0008725355482409608,0.9979680374340928,Socket
/home/lmy/iot-device-classification/dataset/socket/round4_normal/socket_r4.pcapng,R4,204,2040.0808699131007,0.00037261512391813104,0.0006754223790981916,0.00011143377337162564,0.0008737215883275183,0.9979668071352846,Socket
/home/lmy/iot-device-classification/dataset/socket/round4_normal/socket_r4.pcapng,R4,205,2050.0781977176666,0.0003746260836220269,0.0007248464383047448,0.00012204173303059955,0.0008912717812591793,0.9978872139637834,Socket
/home/lmy/iot-device-classification/dataset/socket/round4_normal/socket_r4.pcapng,R4,206,2060.092223882675,0.00036843521905166517,0.0006524647934718149,0.00010792597729237614,0.0008501856585714115,0.9980209883516128,Socket
/home/lmy/iot-device-classification/dataset/socket/round4_normal/socket_r4.pcapng,R4,207,2070.020842552185,0.0003753153408875166,0.000656076519645687,0.00010762885120186041,0.0008576321871377208,0.9980033471011273,Socket
/home/lmy/iot-device-classification/dataset/socket/round4_normal/socket_r4.pcapng,R4,208,2080.0500905513763,0.000390953767602785,0.0007327647518195548,0.00011916672059143257,0.0009449401064835375,0.9978121746535027,Socket
/home/lmy/iot-device-classification/dataset/socket/round4_normal/socket_r4.pcapng,R4,209,2090.057508468628,0.0003757189785137351,0.0006559187294518144,0.00010768713290855703,0.0008577710742788409,0.998002904084847,Socket
/home/lmy/iot-device-classification/dataset/socket/round4_normal/socket_r4.pcapng,R4,210,2100.083603143692,0.0003702983073322884,0.0006620198481517576,0.00010887275374169926,0.0008578602665911417,0.9980009488241832,Socket
/home/lmy/iot-device-classification/dataset/socket/round4_normal/socket_r4.pcapng,R4,211,2110.061908721924,0.00036787430283232066,0.0006610495001732268,0.00010975273510925736,0.0008528170636781283,0.9980085063982072,Socket
/home/lmy/iot-device-classification/dataset/socket/round4_normal/socket_r4.pcapng,R4,212,2120.024052619934,0.0003713917982176728,0.0006568814454861524,0.00010862886189963238,0.0008630321524895848,0.998000065741907,Socket
/home/lmy/iot-device-classification/dataset/socket/round4_normal/socket_r4.pcapng,R4,213,2130.0166597366333,0.00036872686474095304,0.0006523583695097938,0.00010797115355720165,0.000850203448500801,0.9980207401636911,Socket
/home/lmy/iot-device-classification/dataset/socket/round4_normal/socket_r4.pcapng,R4,214,2140.016283750534,0.0004045383406528309,0.0006984310331477527,0.00011237608076862066,0.0009264474800180187,0.9978582070654128,Socket
/home/lmy/iot-device-classification/dataset/socket/round4_normal/socket_r4.pcapng,R4,215,2150.087154150009,0.00036840031624184067,0.0006523717020221248,0.00010790708153487558,0.0008500177371465766,0.9980213031630546,Socket
/home/lmy/iot-device-classification/dataset/socket/round4_normal/socket_r4.pcapng,R4,216,2160.0663554668427,0.0003750969581211132,0.000676432374506566,0.00011055117588439585,0.000878928451025904,0.997958991040462,Socket
/home/lmy/iot-device-classification/dataset/socket/round4_normal/socket_r4.pcapng,R4,217,2170.0622086524963,0.0004115267747570341,0.0006738692044609584,0.00010602565364534117,0.0008955723418512257,0.9979130060252854,Socket
/home/lmy/iot-device-classification/dataset/socket/round4_normal/socket_r4.pcapng,R4,218,2180.1230025291443,0.0003684001394432952,0.0006524164046613402,0.00010792335641564639,0.0008501569328313598,0.9980211031666484,Socket
/home/lmy/iot-device-classification/dataset/socket/round4_normal/socket_r4.pcapng,R4,219,2190.117927789688,0.0003686566506299362,0.0006524390353950919,0.00010796139458511661,0.0008502226905254683,0.9980207202288645,Socket
/home/lmy/iot-device-classification/dataset/socket/round4_normal/socket_r4.pcapng,R4,220,2200.079195022583,0.00036830528211169146,0.0006524148213263005,0.00010789604844118344,0.0008499900929748804,0.998021393755146,Socket
/home/lmy/iot-device-classification/dataset/socket/round4_normal/socket_r4.pcapng,R4,221,2210.085296869278,0.0003685521781114208,0.0006524341762074097,0.00010795405837005348,0.0008501640331441078,0.998020895554167,Socket
/home/lmy/iot-device-classification/dataset/socket/round4_normal/socket_r4.pcapng,R4,222,2220.172102689743,0.0003703854240932185,0.0006621017258853368,0.00010889907841336776,0.0008579914030968345,0.9980006223685113,Socket
/home/lmy/iot-device-classification/dataset/socket/round4_normal/socket_r4.pcapng,R4,223,2230.1305820941925,0.00037121995052542123,0.0006567542647239679,0.00010857453000871277,0.0008627723437206042,0.9980006789110213,Socket
/home/lmy/iot-device-classification/dataset/socket/round4_normal/socket_r4.pcapng,R4,224,2240.121416091919,0.0003687459261949631,0.0006523974282636965,0.00010798415342327977,0.000850265946614696,0.9980206065455033,Socket
/home/lmy/iot-device-classification/dataset/socket/round4_normal/socket_r4.pcapng,R4,225,2250.2160980701447,0.0003688270695235503,0.000652383683717683,0.00010799563153075008,0.0008502965905908185,0.9980204970246374,Socket
/home/lmy/iot-device-classification/dataset/socket/round4_normal/socket_r4.pcapng,R4,226,2260.188112974167,0.0003684966482753266,0.0006523842951224671,0.0001079270973646597,0.000850070809275147,0.9980211211499624,Socket
/home/lmy/iot-device-classification/dataset/socket/round4_normal/socket_r4.pcapng,R4,227,2270.173120260238,0.0003679347736180568,0.0006610982731995344,0.00010977121080449078,0.0008529156146287983,0.9980082801277491,Socket
/home/lmy/iot-device-classification/dataset/socket/round4_normal/socket_r4.pcapng,R4,228,2280.2411942481995,0.000374991847542691,0.0006856219558417706,0.00011254489972024422,0.0008822938854818267,0.9979445474114135,Socket
/home/lmy/iot-device-classification/dataset/socket/round4_normal/socket_r4.pcapng,R4,229,2290.227829694748,0.00036843433219791203,0.0006523375615935572,0.0001079083632425498,0.0008499933517129829,0.998021326391253,Socket
/home/lmy/iot-device-classification/dataset/socket/round4_normal/socket_r4.pcapng,R4,230,2300.226708889008,0.0003755158321447618,0.0006559089248008912,0.00010765178221915336,0.0008576723067178989,0.9980032511541173,Socket
/home/lmy/iot-device-classification/dataset/socket/round4_normal/socket_r4.pcapng,R4,231,2310.1846494674683,0.00043182311952537805,0.0008299839614960851,0.00012951244787707142,0.0010626537183312656,0.9975460267527702,Socket
/home/lmy/iot-device-classification/dataset/socket/round4_normal/socket_r4.pcapng,R4,232,2320.008236169815,0.00036807347025985727,0.0006611467730850396,0.00010982357383126749,0.0008530964972333152,0.9980078596855906,Socket
/home/lmy/iot-device-classification/dataset/socket/round4_normal/socket_r4.pcapng,R4,233,2330.273733854294,0.00037056757218557467,0.0006656246509032541,0.00011042676424804339,0.0008656790480467522,0.9979877019646165,Socket
/home/lmy/iot-device-classification/dataset/socket/round4_normal/socket_r4.pcapng,R4,234,2340.232497692108,0.0004876026608819475,0.0009710683687591462,0.00014261513352711278,0.0011411953993447444,0.997257518437487,Socket
/home/lmy/iot-device-classification/dataset/socket/round4_normal/socket_r4.pcapng,R4,235,2350.2270982265472,0.000368464868242418,0.0006524665038725288,0.00010794095052066202,0.000850137848355147,0.9980209898290093,Socket
/home/lmy/iot-device-classification/dataset/socket/round4_normal/socket_r4.pcapng,R4,236,2360.299959421158,0.0003714940585856755,0.0006569730186013089,0.0001086507205536846,0.0008631557974681964,0.9979997264047912,Socket
/home/lmy/iot-device-classification/dataset/socket/round4_normal/socket_r4.pcapng,R4,237,2370.1785707473755,0.00042467568485365806,0.0007678243989532573,0.000119245292249227,0.0009529254053340158,0.99773532921861,Socket
/home/lmy/iot-device-classification/dataset/socket/round4_normal/socket_r4.pcapng,R4,238,2380.27463722229,0.0003682191903748932,0.0006611170778381708,0.00010983571847798679,0.0008530995617909847,0.9980077284515181,Socket
/home/lmy/iot-device-classification/dataset/socket/round4_normal/socket_r4.pcapng,R4,239,2390.442261695862,0.00037146823580290364,0.0006567577007445004,0.00010862818539078248,0.0008629723704543763,0.9980001735076073,Socket
/home/lmy/iot-device-classification/dataset/socket/round4_normal/socket_r4.pcapng,R4,240,2400.3322026729584,0.0003721471801568782,0.0006846068350265662,0.0001133695191718553,0.0008768014926129953,0.9979530749730318,Socket
/home/lmy/iot-device-classification/dataset/socket/round4_normal/socket_r4.pcapng,R4,241,2410.324382543564,0.0003712754374551224,0.0006568406926941232,0.00010860131839699249,0.0008629094807474261,0.9980003730707063,Socket
/home/lmy/iot-device-classification/dataset/socket/round4_normal/socket_r4.pcapng,R4,242,2420.288328886032,0.00037467973426359117,0.0006647520466225462,0.00010944074124036695,0.0008603493105935776,0.99799077816728,Socket
/home/lmy/iot-device-classification/dataset/socket/round4_normal/socket_r4.pcapng,R4,243,2430.485134601593,0.00037037777509212397,0.0006621307722312472,0.00010889948258865522,0.0008580165105635565,0.9980005754595245,Socket
/home/lmy/iot-device-classification/dataset/socket/round4_normal/socket_r4.pcapng,R4,244,2440.344524860382,0.00036881606053292313,0.0006523701064416101,0.00010799360095824754,0.00085030000798583,0.9980205202240815,Socket
/home/lmy/iot-device-classification/dataset/socket/round4_normal/socket_r4.pcapng,R4,245,2450.3376936912537,0.00036722578870756047,0.0006699107336527948,0.00011160971451853228,0.0008556079256822395,0.9979956458374388,Socket
/home/lmy/iot-device-classification/dataset/socket/round4_normal/socket_r4.pcapng,R4,246,2460.331428289413,0.0003702285451154369,0.0006623221214173509,0.00010888921625447337,0.0008580945113540897,0.9980004656058585,Socket
/home/lmy/iot-device-classification/dataset/socket/round4_normal/socket_r4.pcapng,R4,247,2470.4109904766083,0.0003684129271499214,0.0006524106644190838,0.00010791849423074072,0.0008500666071164784,0.9980211913070837,Socket
/home/lmy/iot-device-classification/dataset/socket/round4_normal/socket_r4.pcapng,R4,248,2480.386868238449,0.00036852693470341687,0.0006523573243278108,0.00010792929257119063,0.000850069537216309,0.9980211169111812,Socket
/home/lmy/iot-device-classification/dataset/socket/round4_normal/socket_r4.pcapng,R4,249,2490.3840947151184,0.0003685384479106603,0.0006523960184862216,0.00010793778267280795,0.0008501236893996169,0.9980210040615307,Socket
/home/lmy/iot-device-classification/dataset/socket/round4_normal/socket_r4.pcapng,R4,250,2500.445124387741,0.0003684193404937931,0.0006523849414036716,0.00010791309388848402,0.0008500303305254969,0.9980212522936884,Socket
/home/lmy/iot-device-classification/dataset/socket/round4_normal/socket_r4.pcapng,R4,251,2510.438732147217,0.00036819961336865946,0.0006611028486094397,0.00010982894009549461,0.0008530891022658227,0.9980077794956606,Socket
/home/lmy/iot-device-classification/dataset/socket/round4_normal/socket_r4.pcapng,R4,252,2520.5350584983826,0.00036866937089297244,0.0006523586620539765,0.00010795970322595686,0.0008501700949462131,0.9980208421688809,Socket
/home/lmy/iot-device-classification/dataset/socket/round4_normal/socket_r4.pcapng,R4,253,2530.3948006629944,0.0003688222675333622,0.0006524343867357298,0.00010800131403550601,0.000850361436276845,0.9980203805954185,Socket
/home/lmy/iot-device-classification/dataset/socket/round4_normal/socket_r4.pcapng,R4,254,2540.487905740738,0.0003696898175093205,0.000670867534679017,0.00011072244792432656,0.0008606659681195764,0.9979880542317677,Socket
/home/lmy/iot-device-classification/dataset/socket/round4_normal/socket_r4.pcapng,R4,255,2550.452297925949,0.00037910285966371736,0.0006759332638153049,0.00010956983823450406,0.000873806174961106,0.9979615878633252,Socket
/home/lmy/iot-device-classification/dataset/socket/round4_normal/socket_r4.pcapng,R4,256,2560.443328142166,0.00037537924903981954,0.0006558676451984635,0.0001076113095066374,0.0008574791462570763,0.998003662649998,Socket
/home/lmy/iot-device-classification/dataset/socket/round4_normal/socket_r4.pcapng,R4,257,2570.4359476566315,0.0003686430402898322,0.0006524220503025951,0.00010796716356729143,0.0008502128921267547,0.9980207548537134,Socket
/home/lmy/iot-device-classification/dataset/socket/round4_normal/socket_r4.pcapng,R4,258,2580.5009486675262,0.0003703191647117133,0.0006620453665962277,0.00010888648077592408,0.0008579064595313139,0.9980008425283848,Socket
/home/lmy/iot-device-classification/dataset/socket/round4_normal/socket_r4.pcapng,R4,259,2590.494742631912,0.00036884875489083015,0.0006524141772247398,0.0001080037934346294,0.0008503479699749605,0.9980203853044749,Socket
/home/lmy/iot-device-classification/dataset/socket/round4_normal/socket_r4.pcapng,R4,260,2600.5911934375763,0.00037417447330669756,0.000673575384501461,0.00011131286201904678,0.0008631876680180851,0.9979777496121548,Socket
/home/lmy/iot-device-classification/dataset/socket/round4_normal/socket_r4.pcapng,R4,261,2610.553210258484,0.00036861035554395334,0.0006525130885778197,0.00010796939056875285,0.0008502890624957426,0.9980206181028137,Socket
/home/lmy/iot-device-classification/dataset/socket/round4_normal/socket_r4.pcapng,R4,262,2620.545790910721,0.00037044568325840017,0.0006620588852303666,0.0001089084429014449,0.0008580034558338049,0.9980005835327759,Socket
/home/lmy/iot-device-classification/dataset/socket/round4_normal/socket_r4.pcapng,R4,263,2630.5155148506165,0.0003756614797873205,0.0006559257347161456,0.0001076757428568536,0.0008577331874427012,0.9980030038551969,Socket
/home/lmy/iot-device-classification/dataset/socket/round4_normal/socket_r4.pcapng,R4,264,2640.6062381267548,0.00036858219416527674,0.0006524047522191767,0.00010794215889243085,0.0008501427553276734,0.9980209281393954,Socket
/home/lmy/iot-device-classification/dataset/socket/round4_normal/socket_r4.pcapng,R4,265,2650.596292734146,0.000368359105799899,0.0006524842689923449,0.00010792350331639219,0.000850111444692226,0.9980211216771993,Socket
/home/lmy/iot-device-classification/dataset/socket/round4_normal/socket_r4.pcapng,R4,266,2660.560238599777,0.00036787477560269385,0.000661060484874455,0.00010975154632419739,0.0008528099084210657,0.9980085032847776,Socket
/home/lmy/iot-device-classification/dataset/socket/round4_normal/socket_r4.pcapng,R4,267,2670.5524909496307,0.000368809009729865,0.000652405836483781,0.00010798998697249478,0.0008502970626105842,0.9980204981042033,Socket
/home/lmy/iot-device-classification/dataset/socket/round4_normal/socket_r4.pcapng,R4,268,2680.54380607605,0.0003791440537266328,0.000688161180724036,0.00011304791635920826,0.0008843920553917224,0.9979352547937984,Socket
/home/lmy/iot-device-classification/dataset/socket/round4_normal/socket_r4.pcapng,R4,269,2690.608819246292,0.00036873256820843753,0.000652339902772296,0.00010797166342626339,0.0008502063844489148,0.998020749481144,Socket
/home/lmy/iot-device-classification/dataset/socket/round4_normal/socket_r4.pcapng,R4,270,2700.6028549671173,0.000370418368377543,0.0006620744206734971,0.00010890268371318119,0.000857997036598615,0.9980006074906372,Socket
/home/lmy/iot-device-classification/dataset/socket/round4_normal/socket_r4.pcapng,R4,271,2710.6668977737427,0.00036845373936512764,0.0006524038670340928,0.00010791929164709986,0.0008500753251746002,0.998021147776779,Socket
/home/lmy/iot-device-classification/dataset/socket/round4_normal/socket_r4.pcapng,R4,272,2720.6595005989075,0.0003859511522695919,0.0007039761695389283,0.00011371218570890878,0.0009108737916443451,0.9978854867008382,Socket
/home/lmy/iot-device-classification/dataset/socket/round4_normal/socket_r4.pcapng,R4,273,2730.754215717316,0.00037225547189231715,0.0006718769886676255,0.00010986890048453024,0.0008658905388038499,0.9979801081001518,Socket
/home/lmy/iot-device-classification/dataset/socket/round4_normal/socket_r4.pcapng,R4,274,2740.00876903534,0.0003823613162233346,0.0006594487133727785,0.00010730089276972271,0.0008650220016545054,0.9979858670759798,Socket
/home/lmy/iot-device-classification/dataset/socket/round4_normal/socket_r4.pcapng,R4,275,2750.7116985321045,0.0003781092709099085,0.000660327088700878,0.00010825468361190227,0.0008703010503958433,0.9979830079063814,Socket
/home/lmy/iot-device-classification/dataset/socket/round4_normal/socket_r4.pcapng,R4,276,2760.717025279999,0.00037052167710318343,0.0006621395517611766,0.00010893178745768575,0.000858125556383621,0.9980002814272944,Socket
/home/lmy/iot-device-classification/dataset/socket/round4_normal/socket_r4.pcapng,R4,277,2770.051819086075,0.0003703871683499319,0.000662264435127197,0.00010892859848454332,0.0008581541182516584,0.9980002656797866,Socket
/home/lmy/iot-device-classification/dataset/socket/round4_normal/socket_r4.pcapng,R4,278,2780.6575906276703,0.0003687443540882287,0.0006523840141393643,0.00010798524455192112,0.0008502962951818842,0.9980205900920387,Socket
/home/lmy/iot-device-classification/dataset/socket/round4_normal/socket_r4.pcapng,R4,279,2790.722832918167,0.00036853945833159195,0.0006524096842816902,0.0001079375809426242,0.0008501415140993978,0.9980209717623448,Socket
/home/lmy/iot-device-classification/dataset/socket/round4_normal/socket_r4.pcapng,R4,280,2800.0764331817627,0.00037656125379094364,0.0006745117037347025,0.00011039739601948859,0.0008681955910827584,0.9979703340553722,Socket
/home/lmy/iot-device-classification/dataset/socket/round4_normal/socket_r4.pcapng,R4,281,2810.016444206238,0.0003683716346291482,0.0006523755035100899,0.00010790770275941191,0.000850015044343891,0.9980213301147576,Socket
/home/lmy/iot-device-classification/dataset/socket/round4_normal/socket_r4.pcapng,R4,282,2820.364030599594,0.00036853727677668767,0.000652465881797078,0.00010795178334965458,0.000850185027582004,0.9980208600304945,Socket
/home/lmy/iot-device-classification/dataset/socket/round4_normal/socket_r4.pcapng,R4,283,2830.0705437660217,0.0004264330436968693,0.0007549637565607624,0.0001174772289533314,0.0009987471794425497,0.9977023787913465,Socket
/home/lmy/iot-device-classification/dataset/socket/round4_normal/socket_r4.pcapng,R4,284,2840.759567975998,0.0003749184714062688,0.0006749126189571254,0.00011154699181140573,0.000864794979704365,0.9979738269381209,Socket
/home/lmy/iot-device-classification/dataset/socket/round4_normal/socket_r4.pcapng,R4,285,2850.0855588912964,0.00036881748500350016,0.0006524747244881997,0.00010800315749678286,0.0008503849235337918,0.9980203197094777,Socket
/home/lmy/iot-device-classification/dataset/socket/round4_normal/socket_r4.pcapng,R4,286,2860.000436306,0.0003690041001109432,0.0006525381705602107,0.00010804645164407181,0.0008505674695335945,0.9980198438081511,Socket
/home/lmy/iot-device-classification/dataset/socket/round4_normal/socket_r4.pcapng,R4,287,2870.9178125858307,0.00037818261686325147,0.0006603563147906186,0.00010827721664581001,0.000870378979586835,0.9979828048721134,Socket
/home/lmy/iot-device-classification/dataset/socket/round4_normal/socket_r4.pcapng,R4,288,2880.7727954387665,0.0003837171129021514,0.0006903048582472646,0.00011118601986722302,0.0008947358252175251,0.9979200561837658,Socket
/home/lmy/iot-device-classification/dataset/socket/round4_normal/socket_r4.pcapng,R4,289,2890.052980661392,0.0003704502669321378,0.0006623740664512543,0.00010897669277519842,0.0008583193624459713,0.9979998796113954,Socket
/home/lmy/iot-device-classification/dataset/socket/round4_normal/socket_r4.pcapng,R4,290,2900.2485580444336,0.0003668100994755482,0.0006789654777771847,0.00011357397353441508,0.000858625246878951,0.9979820252023339,Socket
/home/lmy/iot-device-classification/dataset/socket/round4_normal/socket_r4.pcapng,R4,291,2910.0765404701237,0.0003771576356872163,0.0006657886963104919,0.00010856764843507689,0.0008655145701935205,0.9979829714493738,Socket
/home/lmy/iot-device-classification/dataset/socket/round4_normal/socket_r4.pcapng,R4,292,2920.070747613907,0.00039976972794806116,0.0007716991525387403,0.000123205309939264,0.0009865265951916912,0.9977187992143822,Socket
/home/lmy/iot-device-classification/dataset/socket/round4_normal/socket_r4.pcapng,R4,293,2930.8828253746037,0.000375407545442625,0.0006559173522020996,0.00010762523304275693,0.0008575348506113105,0.9980035150187012,Socket
/home/lmy/iot-device-classification/dataset/socket/round4_normal/socket_r4.pcapng,R4,294,2940.361894607544,0.0003686641397573656,0.0006524431414003119,0.00010798041690414481,0.0008502496644583216,0.9980206626374799,Socket
/home/lmy/iot-device-classification/dataset/socket/round4_normal/socket_r4.pcapng,R4,295,2950.123607158661,0.00037660287517424614,0.0006747798393652513,0.00011046130764076594,0.0008685021621424584,0.9979696538156773,Socket
/home/lmy/iot-device-classification/dataset/socket/round4_normal/socket_r4.pcapng,R4,296,2960.312866926193,0.00037549151898254784,0.0006559509737211115,0.0001076561299358792,0.0008577467288469036,0.9980031546485135,Socket
/home/lmy/iot-device-classification/dataset/socket/round4_normal/socket_r4.pcapng,R4,297,2970.1298484802246,0.00036863569620457443,0.000652430462695968,0.0001079668482977992,0.0008502172004245197,0.9980207497923771,Socket
/home/lmy/iot-device-classification/dataset/socket/round4_normal/socket_r4.pcapng,R4,298,2980.050067424774,0.0004210136160717204,0.0007760814617395797,0.0001195392026520578,0.0009585268885054243,0.9977248388310311,Socket
/home/lmy/iot-device-classification/dataset/socket/round4_normal/socket_r4.pcapng,R4,299,2990.8505234718323,0.00037871030909859967,0.0007009880615366472,0.00011656583190762916,0.0008951193695127627,0.9979086164279444,Socket
/home/lmy/iot-device-classification/dataset/socket/round4_normal/socket_r4.pcapng,R4,300,3000.643300294876,0.0003687600774886658,0.000652415839036328,0.0001079843358126787,0.000850283412185326,0.998020556335477,Socket
/home/lmy/iot-device-classification/dataset/socket/round4_normal/socket_r4.pcapng,R4,301,3010.0585885047917,0.0003688963730939996,0.0006524761493621185,0.0001080147111557067,0.0008504221122184867,0.9980201906541697,Socket
/home/lmy/iot-device-classification/dataset/socket/round4_normal/socket_r4.pcapng,R4,302,3020.302366256714,0.00036811795992028627,0.0006610900476192428,0.00010980712811688453,0.0008530095273435312,0.9980079753370001,Socket
/home/lmy/iot-device-classification/dataset/socket/round4_normal/socket_r4.pcapng,R4,303,3031.026307582855,0.00037048251880420705,0.0006621201435081617,0.00010892580825923814,0.0008580798221381396,0.9980003917072903,Socket
/home/lmy/iot-device-classification/dataset/socket/round4_normal/socket_r4.pcapng,R4,304,3040.075204849243,0.0003751922829660603,0.0006765845422593569,0.00011058714906564927,0.0008791539380113312,0.9979584820876976,Socket
/home/lmy/iot-device-classification/dataset/socket/round4_normal/socket_r4.pcapng,R4,305,3050.794807434082,0.00038651578035322934,0.0007076989675103632,0.00011537541638516903,0.000919228328740931,0.9978711815070104,Socket
/home/lmy/iot-device-classification/dataset/socket/round4_normal/socket_r4.pcapng,R4,306,3060.584496498108,0.00037242206240510985,0.0006879849299032781,0.00011495164257907853,0.0008844556922638129,0.9979401856728487,Socket
/home/lmy/iot-device-classification/dataset/socket/round4_normal/socket_r4.pcapng,R4,307,3070.017139673233,0.0003716336406670793,0.0006900099596642353,0.00011376754513640718,0.0008720413830410377,0.9979525474714912,Socket
/home/lmy/iot-device-classification/dataset/socket/round4_normal/socket_r4.pcapng,R4,308,3081.0329201221466,0.00036862335918497007,0.0006523477422838979,0.0001079521649724438,0.0008501373530326842,0.998020939380526,Socket
/home/lmy/iot-device-classification/dataset/socket/round4_normal/socket_r4.pcapng,R4,309,3090.9960033893585,0.0003686483929917944,0.0006524621067094226,0.00010796375625826815,0.0008502558961206408,0.9980206698479198,Socket
/home/lmy/iot-device-classification/dataset/socket/round4_normal/socket_r4.pcapng,R4,310,3100.003315448761,0.0004517524564435903,0.0008128453951816128,0.00012168356735658295,0.0010698429837355636,0.9975438755972826,Socket
/home/lmy/iot-device-classification/dataset/socket/round4_normal/socket_r4.pcapng,R4,311,3110.8747868537903,0.00038644254153069493,0.00071637614502378,0.00011862168803638934,0.0009086227160964363,0.9978699369093127,Socket
/home/lmy/iot-device-classification/dataset/socket/round4_normal/socket_r4.pcapng,R4,312,3120.0221292972565,0.0003697531888312882,0.0006709249524171197,0.00011075297476523083,0.0008607889757132874,0.997987779908273,Socket
/home/lmy/iot-device-classification/dataset/socket/round4_normal/socket_r4.pcapng,R4,313,3130.0204112529755,0.0003685553735743845,0.000652439309974795,0.00010795058569511179,0.000850176159564032,0.9980208785711917,Socket
/home/lmy/iot-device-classification/dataset/socket/round4_normal/socket_r4.pcapng,R4,314,3140.0225310325623,0.0003689904800581692,0.0006523676371285406,0.00010803154904224844,0.0008504113718546354,0.9980201989619164,Socket
/home/lmy/iot-device-classification/dataset/socket/round4_normal/socket_r4.pcapng,R4,315,3150.031530618668,0.0003878988645215853,0.0007651715036744276,0.00012401376745427707,0.0009409620036514201,0.9977819538606983,Socket
/home/lmy/iot-device-classification/dataset/socket/round4_normal/socket_r4.pcapng,R4,316,3160.076338529587,0.00037103446809688304,0.0006637556609953921,0.0001091588998395349,0.0008598949525528473,0.9979961560185154,Socket
/home/lmy/iot-device-classification/dataset/socket/round4_normal/socket_r4.pcapng,R4,317,3170.161303043365,0.0005048374048992069,0.0010202911564458621,0.0001450558941106121,0.0012276375018192695,0.9971021780427249,Socket
/home/lmy/iot-device-classification/dataset/socket/round4_normal/socket_r4.pcapng,R4,318,3180.1401736736298,0.0003702213732165919,0.00066211408092055,0.00010888589347560935,0.0008579232982569679,0.9980008553541303,Socket
/home/lmy/iot-device-classification/dataset/socket/round4_normal/socket_r4.pcapng,R4,319,3190.0867969989777,0.0003704792460534994,0.000662101380789757,0.00010892438931262543,0.0008580661248247097,0.9980004288590193,Socket
/home/lmy/iot-device-classification/dataset/socket/round4_normal/socket_r4.pcapng,R4,320,3200.18386220932,0.00037198276540777517,0.000671816238471931,0.0001098088581887284,0.0008656741195485311,0.997980718018383,Socket
/home/lmy/iot-device-classification/dataset/socket/round4_normal/socket_r4.pcapng,R4,321,3210.277724504471,0.00036843184017994077,0.0006523894429321821,0.00010791802809359111,0.0008500443972675463,0.9980212162915267,Socket
/home/lmy/iot-device-classification/dataset/socket/round4_normal/socket_r4.pcapng,R4,322,3220.1393990516663,0.00036856800973960794,0.0006523853694236801,0.00010794488895764467,0.0008501156661564615,0.9980209860657226,Socket
/home/lmy/iot-device-classification/dataset/socket/round4_normal/socket_r4.pcapng,R4,323,3230.440573453903,0.00037704111066847677,0.0006782016580516124,0.00011203927812037164,0.0008762584284390951,0.9979564595247203,Socket
/home/lmy/iot-device-classification/dataset/socket/round4_normal/socket_r4.pcapng,R4,324,3240.6373162269592,0.0003754725225870993,0.0006802964732857056,0.00011220986421074116,0.0008872063704940673,0.9979448147694223,Socket
/home/lmy/iot-device-classification/dataset/socket/round4_normal/socket_r4.pcapng,R4,325,3250.088681697845,0.00042601998906300004,0.0008359919681420402,0.00012826296817661882,0.0010718416150473176,0.997537883459571,Socket
/home/lmy/iot-device-classification/dataset/socket/round4_normal/socket_r4.pcapng,R4,326,3260.5910131931305,0.00041193521556848265,0.0009106822318906924,0.00014412410551640988,0.001084424530267752,0.9974488339167568,Socket
/home/lmy/iot-device-classification/dataset/socket/round4_normal/socket_r4.pcapng,R4,327,3270.659798622132,0.00041144840247296156,0.0006738860905454716,0.00010601673909162218,0.0008955407274835573,0.9979131080404064,Socket
/home/lmy/iot-device-classification/dataset/socket/round4_normal/socket_r4.pcapng,R4,328,3280.1367468833923,0.0003684745118892696,0.0006523404094240908,0.00010791542792518541,0.0008500099613973155,0.9980212596893641,Socket
/home/lmy/iot-device-classification/dataset/socket/round4_normal/socket_r4.pcapng,R4,329,3290.846438884735,0.0003981986495020332,0.0007636103541538481,0.00012215050852987155,0.000959318930316489,0.9977567215574976,Socket
/home/lmy/iot-device-classification/dataset/socket/round4_normal/socket_r4.pcapng,R4,330,3300.80956530571,0.00036739808998529803,0.0006699590436686202,0.00011165047706258826,0.0008557428505130255,0.9979952495387704,Socket
/home/lmy/iot-device-classification/dataset/socket/round4_normal/socket_r4.pcapng,R4,331,3310.189201593399,0.00037684599684491255,0.0006864900927882862,0.00011152257349303276,0.000886996402530548,0.9979381449343432,Socket
/home/lmy/iot-device-classification/dataset/socket/round4_normal/socket_r4.pcapng,R4,332,3321.000331401825,0.000369810334706917,0.0006710707899902752,0.00011080311606171227,0.0008609785277875589,0.9979873372314535,Socket
/home/lmy/iot-device-classification/dataset/socket/round4_normal/socket_r4.pcapng,R4,333,3330.96329164505,0.00036878222432969,0.0006524383164013456,0.00010799501133583505,0.0008503487021739087,0.9980204357457593,Socket
/home/lmy/iot-device-classification/dataset/socket/round4_normal/socket_r4.pcapng,R4,334,3340.1353299617767,0.0003817856556897216,0.0007014062382623795,0.00011326997381541854,0.0009088118336327299,0.9978947262985998,Socket
/home/lmy/iot-device-classification/dataset/socket/round4_normal/socket_r4.pcapng,R4,335,3351.153379440308,0.00042581480939370814,0.0009291566670918412,0.00014671858197310426,0.0010874206924681492,0.9974108892490733,Socket
/home/lmy/iot-device-classification/dataset/socket/round4_normal/socket_r4.pcapng,R4,336,3361.2180259227757,0.00037499165111541037,0.0006764493924869559,0.00011053737503083741,0.000878906268946054,0.9979591153124208,Socket
/home/lmy/iot-device-classification/dataset/socket/round4_normal/socket_r4.pcapng,R4,337,3370.1879415512085,0.0004023415679509247,0.000811024893957326,0.00012782171273391968,0.0010018358460762004,0.9976569759792816,Socket
/home/lmy/iot-device-classification/dataset/socket/round4_normal/socket_r4.pcapng,R4,338,3381.280870437622,0.0003700643292438773,0.0006709892858539781,0.00011081513949033466,0.0008610418018930521,0.9979870894435188,Socket
/home/lmy/iot-device-classification/dataset/socket/round4_normal/socket_r4.pcapng,R4,339,3391.370640516281,0.00036850380983901855,0.0006523466815661435,0.00010792594319410373,0.0008500454081390452,0.9980211781572617,Socket
/home/lmy/iot-device-classification/dataset/socket/round4_normal/socket_r4.pcapng,R4,340,3400.3421545028687,0.00037319867756688854,0.0006754362686794759,0.0001115678126303264,0.0008741224442881681,0.9979656747968351,Socket
/home/lmy/iot-device-classification/dataset/socket/round4_normal/socket_r4.pcapng,R4,341,3411.328561067581,0.0003684710056326351,0.0006523899194475854,0.00010793178391815147,0.0008500766986295256,0.9980211305923721,Socket
/home/lmy/iot-device-classification/dataset/socket/round4_normal/socket_r4.pcapng,R4,342,3421.3205177783966,0.00036868427814373817,0.0006524167476249368,0.00010797406359031672,0.000850243523091113,0.9980206813875498,Socket
/home/lmy/iot-device-classification/dataset/socket/round4_normal/socket_r4.pcapng,R4,343,3430.260610103607,0.00044160115496719003,0.0008522294248518493,0.00012903595842517836,0.0010463519173381432,0.9975307815444175,Socket
/home/lmy/iot-device-classification/dataset/socket/round4_normal/socket_r4.pcapng,R4,344,3441.3781621456146,0.00036852917231551974,0.0006525800622162444,0.00010798615986645665,0.0008502957836255478,0.9980206088219762,Socket
/home/lmy/iot-device-classification/dataset/socket/round4_normal/socket_r4.pcapng,R4,345,3451.371360063553,0.00037357625747579354,0.0007174547581223364,0.00012019793594768147,0.0008993317558213601,0.9978894392926329,Socket
/home/lmy/iot-device-classification/dataset/socket/round4_normal/socket_r4.pcapng,R4,346,3460.309681415558,0.00037345039474025545,0.0006671627827451019,0.0001097796362228033,0.0008716721066072293,0.9979779350796847,Socket
/home/lmy/iot-device-classification/dataset/socket/round4_normal/socket_r4.pcapng,R4,347,3471.4289469718933,0.0003942890856180474,0.0006900394685256713,0.00011204682344996082,0.0009049342693764598,0.9978986903530298,Socket
/home/lmy/iot-device-classification/dataset/socket/round4_normal/socket_r4.pcapng,R4,348,3481.425232887268,0.00037411447927986345,0.000661208070649261,0.0001092695452374847,0.0008758146902709225,0.9979795932145624,Socket
/home/lmy/iot-device-classification/dataset/socket/round4_normal/socket_r4.pcapng,R4,349,3490.364572286606,0.00037532795360396566,0.0006560642064506985,0.00010763490994956533,0.0008576296320341568,0.9980033432979616,Socket
/home/lmy/iot-device-classification/dataset/socket/round4_normal/socket_r4.pcapng,R4,350,3501.4801082611084,0.0003722376147340993,0.0006721193123025816,0.0001099403106027364,0.0008661507652512457,0.9979795519971093,Socket
/home/lmy/iot-device-classification/dataset/socket/round4_normal/socket_r4.pcapng,R4,351,3511.472497224808,0.00036975666334657597,0.000670981376317308,0.00011076892380676587,0.0008608431887131185,0.9979876498478163,Socket
/home/lmy/iot-device-classification/dataset/socket/round4_normal/socket_r4.pcapng,R4,352,3520.3103041648865,0.00036858283547325265,0.0006524641332293042,0.0001079673324668534,0.0008502273694413243,0.9980207583293892,Socket
/home/lmy/iot-device-classification/dataset/socket/round4_normal/socket_r4.pcapng,R4,353,3531.43031167984,0.00036835864404795456,0.0006524353416094025,0.00010790474284805361,0.0008500406772366685,0.9980212605942579,Socket
/home/lmy/iot-device-classification/dataset/socket/round4_normal/socket_r4.pcapng,R4,354,3541.0587685108185,0.0003683918402176013,0.000652611075937403,0.0001079337723006883,0.0008502762341457108,0.9980207870773986,Socket
/home/lmy/iot-device-classification/dataset/socket/round4_normal/socket_r4.pcapng,R4,355,3550.362010240555,0.00036906297120970464,0.0006524118481071854,0.0001080481919429749,0.0008504829206926607,0.9980199940680475,Socket
/home/lmy/iot-device-classification/dataset/socket/round4_normal/socket_r4.pcapng,R4,356,3561.481323480606,0.0003687000660427551,0.0006523857904549581,0.00010797366731720755,0.0008502147442762346,0.9980207257319089,Socket
/home/lmy/iot-device-classification/dataset/socket/round4_normal/socket_r4.pcapng,R4,357,3570.0163311958318,0.0003680293005270724,0.0006612141818963616,0.00010982536774692887,0.000853075972758062,0.9980078551770716,Socket
/home/lmy/iot-device-classification/dataset/socket/round4_normal/socket_r4.pcapng,R4,358,3580.413012266159,0.00037082059992508525,0.0006621244735638846,0.00010901486041779709,0.0008583362055634677,0.9979997038605298,Socket
/home/lmy/iot-device-classification/dataset/socket/round4_normal/socket_r4.pcapng,R4,359,3591.530131340027,0.0003708280878608427,0.0006656328655946798,0.0001104898425524464,0.0008658520370021921,0.9979871971669898,Socket
/home/lmy/iot-device-classification/dataset/socket/round4_normal/socket_r4.pcapng,R4,360,3601.0567710399628,0.0003844260525347155,0.0006729058060019889,0.00010979190727187982,0.0008809544904335073,0.997951921743758,Socket
/home/lmy/iot-device-classification/dataset/socket/round4_normal/socket_r4.pcapng,R4,361,3610.144470691681,0.0003707425865056865,0.0006622085677618077,0.00010901252191128587,0.0008583637638048013,0.9979996725600164,Socket
/home/lmy/iot-device-classification/dataset/socket/round4_normal/socket_r4.pcapng,R4,362,3620.029762506485,0.0006577402556237218,0.001428956814696952,0.00019948711810959305,0.0021863451205568914,0.9955274706910128,Socket
/home/lmy/iot-device-classification/dataset/socket/round4_normal/socket_r4.pcapng,R4,363,3631.547351360321,0.0011465975552357472,0.0017872025664942017,0.0002086794585612987,0.0038132036013557888,0.993044316818353,Socket
/home/lmy/iot-device-classification/dataset/socket/round4_normal/socket_r4.pcapng,R4,364,3640.513484477997,0.0007460264450675905,0.001854755703865089,0.00023430867788799695,0.0021185031627550055,0.9950464060104243,Socket
/home/lmy/iot-device-classification/dataset/socket/round4_normal/socket_r4.pcapng,R4,365,3650.077185869217,0.00042039063260815887,0.0007792134857448558,0.00012459109081770184,0.001041029112718086,0.9976347756781113,Socket
/home/lmy/iot-device-classification/dataset/socket/round4_normal/socket_r4.pcapng,R4,366,3660.047060966492,0.00040727010144907017,0.0007137584382622503,0.00011614500758607148,0.0009921075963565554,0.9977707188563462,Socket
/home/lmy/iot-device-classification/dataset/socket/round4_normal/socket_r4.pcapng,R4,367,3670.533507823944,0.0008822867645206909,0.0012285328536028005,0.000151900672164126,0.001775812419017133,0.9959614672906952,Socket
