183 列  5 类 [np.str_('Camera'), np.str_('Light_T1'), np.str_('Light_XM'), np.str_('Sensor'), np.str_('Socket')]   网关内 [np.str_('Light_T1'), np.str_('Light_XM'), np.str_('Sensor')]
掩码 16  模型 ['lr', 'rf', 'xgboost', 'lightgbm']  inner 切法 9 种  seed [42, 43]

=== seed42  第一段平滑窗 kb=10（固定，全臂共用）===
/home/lmy/anaconda3/envs/iotcls/lib/python3.11/site-packages/sklearn/utils/validation.py:2827: UserWarning: X does not have valid feature names, but LGBMClassifier was fitted with feature names
  warnings.warn(
/home/lmy/anaconda3/envs/iotcls/lib/python3.11/site-packages/sklearn/utils/validation.py:2827: UserWarning: X does not have valid feature names, but LGBMClassifier was fitted with feature names
  warnings.warn(
/home/lmy/anaconda3/envs/iotcls/lib/python3.11/site-packages/sklearn/utils/validation.py:2827: UserWarning: X does not have valid feature names, but LGBMClassifier was fitted with feature names
  warnings.warn(
/home/lmy/anaconda3/envs/iotcls/lib/python3.11/site-packages/sklearn/utils/validation.py:2827: UserWarning: X does not have valid feature names, but LGBMClassifier was fitted with feature names
  warnings.warn(
/home/lmy/anaconda3/envs/iotcls/lib/python3.11/site-packages/sklearn/utils/validation.py:2827: UserWarning: X does not have valid feature names, but LGBMClassifier was fitted with feature names
  warnings.warn(
/home/lmy/anaconda3/envs/iotcls/lib/python3.11/site-packages/sklearn/utils/validation.py:2827: UserWarning: X does not have valid feature names, but LGBMClassifier was fitted with feature names
  warnings.warn(
/home/lmy/anaconda3/envs/iotcls/lib/python3.11/site-packages/sklearn/utils/validation.py:2827: UserWarning: X does not have valid feature names, but LGBMClassifier was fitted with feature names
  warnings.warn(
/home/lmy/anaconda3/envs/iotcls/lib/python3.11/site-packages/sklearn/utils/validation.py:2827: UserWarning: X does not have valid feature names, but LGBMClassifier was fitted with feature names
  warnings.warn(
/home/lmy/anaconda3/envs/iotcls/lib/python3.11/site-packages/sklearn/utils/validation.py:2827: UserWarning: X does not have valid feature names, but LGBMClassifier was fitted with feature names
  warnings.warn(
/home/lmy/anaconda3/envs/iotcls/lib/python3.11/site-packages/sklearn/utils/validation.py:2827: UserWarning: X does not have valid feature names, but LGBMClassifier was fitted with feature names
  warnings.warn(
/home/lmy/anaconda3/envs/iotcls/lib/python3.11/site-packages/sklearn/utils/validation.py:2827: UserWarning: X does not have valid feature names, but LGBMClassifier was fitted with feature names
  warnings.warn(
/home/lmy/anaconda3/envs/iotcls/lib/python3.11/site-packages/sklearn/utils/validation.py:2827: UserWarning: X does not have valid feature names, but LGBMClassifier was fitted with feature names
  warnings.warn(
/home/lmy/anaconda3/envs/iotcls/lib/python3.11/site-packages/sklearn/utils/validation.py:2827: UserWarning: X does not have valid feature names, but LGBMClassifier was fitted with feature names
  warnings.warn(
/home/lmy/anaconda3/envs/iotcls/lib/python3.11/site-packages/sklearn/utils/validation.py:2827: UserWarning: X does not have valid feature names, but LGBMClassifier was fitted with feature names
  warnings.warn(
/home/lmy/anaconda3/envs/iotcls/lib/python3.11/site-packages/sklearn/utils/validation.py:2827: UserWarning: X does not have valid feature names, but LGBMClassifier was fitted with feature names
  warnings.warn(
/home/lmy/anaconda3/envs/iotcls/lib/python3.11/site-packages/sklearn/utils/validation.py:2827: UserWarning: X does not have valid feature names, but LGBMClassifier was fitted with feature names
  warnings.warn(
/home/lmy/anaconda3/envs/iotcls/lib/python3.11/site-packages/sklearn/utils/validation.py:2827: UserWarning: X does not have valid feature names, but LGBMClassifier was fitted with feature names
  warnings.warn(
/home/lmy/anaconda3/envs/iotcls/lib/python3.11/site-packages/sklearn/utils/validation.py:2827: UserWarning: X does not have valid feature names, but LGBMClassifier was fitted with feature names
  warnings.warn(
/home/lmy/anaconda3/envs/iotcls/lib/python3.11/site-packages/sklearn/utils/validation.py:2827: UserWarning: X does not have valid feature names, but LGBMClassifier was fitted with feature names
  warnings.warn(
/home/lmy/anaconda3/envs/iotcls/lib/python3.11/site-packages/sklearn/utils/validation.py:2827: UserWarning: X does not have valid feature names, but LGBMClassifier was fitted with feature names
  warnings.warn(
/home/lmy/anaconda3/envs/iotcls/lib/python3.11/site-packages/sklearn/utils/validation.py:2827: UserWarning: X does not have valid feature names, but LGBMClassifier was fitted with feature names
  warnings.warn(
/home/lmy/anaconda3/envs/iotcls/lib/python3.11/site-packages/sklearn/utils/validation.py:2827: UserWarning: X does not have valid feature names, but LGBMClassifier was fitted with feature names
  warnings.warn(
/home/lmy/anaconda3/envs/iotcls/lib/python3.11/site-packages/sklearn/utils/validation.py:2827: UserWarning: X does not have valid feature names, but LGBMClassifier was fitted with feature names
  warnings.warn(
/home/lmy/anaconda3/envs/iotcls/lib/python3.11/site-packages/sklearn/utils/validation.py:2827: UserWarning: X does not have valid feature names, but LGBMClassifier was fitted with feature names
  warnings.warn(
/home/lmy/anaconda3/envs/iotcls/lib/python3.11/site-packages/sklearn/utils/validation.py:2827: UserWarning: X does not have valid feature names, but LGBMClassifier was fitted with feature names
  warnings.warn(
/home/lmy/anaconda3/envs/iotcls/lib/python3.11/site-packages/sklearn/utils/validation.py:2827: UserWarning: X does not have valid feature names, but LGBMClassifier was fitted with feature names
  warnings.warn(
/home/lmy/anaconda3/envs/iotcls/lib/python3.11/site-packages/sklearn/utils/validation.py:2827: UserWarning: X does not have valid feature names, but LGBMClassifier was fitted with feature names
  warnings.warn(
/home/lmy/anaconda3/envs/iotcls/lib/python3.11/site-packages/sklearn/utils/validation.py:2827: UserWarning: X does not have valid feature names, but LGBMClassifier was fitted with feature names
  warnings.warn(
/home/lmy/anaconda3/envs/iotcls/lib/python3.11/site-packages/sklearn/utils/validation.py:2827: UserWarning: X does not have valid feature names, but LGBMClassifier was fitted with feature names
  warnings.warn(
/home/lmy/anaconda3/envs/iotcls/lib/python3.11/site-packages/sklearn/utils/validation.py:2827: UserWarning: X does not have valid feature names, but LGBMClassifier was fitted with feature names
  warnings.warn(
/home/lmy/anaconda3/envs/iotcls/lib/python3.11/site-packages/sklearn/utils/validation.py:2827: UserWarning: X does not have valid feature names, but LGBMClassifier was fitted with feature names
  warnings.warn(
/home/lmy/anaconda3/envs/iotcls/lib/python3.11/site-packages/sklearn/utils/validation.py:2827: UserWarning: X does not have valid feature names, but LGBMClassifier was fitted with feature names
  warnings.warn(
  R2>R3     |S|=1  评估 2 对  min在位者=0.0029  过闸 1 对  Light_T1|Sensor
/home/lmy/anaconda3/envs/iotcls/lib/python3.11/site-packages/sklearn/utils/validation.py:2827: UserWarning: X does not have valid feature names, but LGBMClassifier was fitted with feature names
  warnings.warn(
/home/lmy/anaconda3/envs/iotcls/lib/python3.11/site-packages/sklearn/utils/validation.py:2827: UserWarning: X does not have valid feature names, but LGBMClassifier was fitted with feature names
  warnings.warn(
/home/lmy/anaconda3/envs/iotcls/lib/python3.11/site-packages/sklearn/utils/validation.py:2827: UserWarning: X does not have valid feature names, but LGBMClassifier was fitted with feature names
  warnings.warn(
/home/lmy/anaconda3/envs/iotcls/lib/python3.11/site-packages/sklearn/utils/validation.py:2827: UserWarning: X does not have valid feature names, but LGBMClassifier was fitted with feature names
  warnings.warn(
/home/lmy/anaconda3/envs/iotcls/lib/python3.11/site-packages/sklearn/utils/validation.py:2827: UserWarning: X does not have valid feature names, but LGBMClassifier was fitted with feature names
  warnings.warn(
/home/lmy/anaconda3/envs/iotcls/lib/python3.11/site-packages/sklearn/utils/validation.py:2827: UserWarning: X does not have valid feature names, but LGBMClassifier was fitted with feature names
  warnings.warn(
/home/lmy/anaconda3/envs/iotcls/lib/python3.11/site-packages/sklearn/utils/validation.py:2827: UserWarning: X does not have valid feature names, but LGBMClassifier was fitted with feature names
  warnings.warn(
/home/lmy/anaconda3/envs/iotcls/lib/python3.11/site-packages/sklearn/utils/validation.py:2827: UserWarning: X does not have valid feature names, but LGBMClassifier was fitted with feature names
  warnings.warn(
/home/lmy/anaconda3/envs/iotcls/lib/python3.11/site-packages/sklearn/utils/validation.py:2827: UserWarning: X does not have valid feature names, but LGBMClassifier was fitted with feature names
  warnings.warn(
/home/lmy/anaconda3/envs/iotcls/lib/python3.11/site-packages/sklearn/utils/validation.py:2827: UserWarning: X does not have valid feature names, but LGBMClassifier was fitted with feature names
  warnings.warn(
/home/lmy/anaconda3/envs/iotcls/lib/python3.11/site-packages/sklearn/utils/validation.py:2827: UserWarning: X does not have valid feature names, but LGBMClassifier was fitted with feature names
  warnings.warn(
/home/lmy/anaconda3/envs/iotcls/lib/python3.11/site-packages/sklearn/utils/validation.py:2827: UserWarning: X does not have valid feature names, but LGBMClassifier was fitted with feature names
  warnings.warn(
/home/lmy/anaconda3/envs/iotcls/lib/python3.11/site-packages/sklearn/utils/validation.py:2827: UserWarning: X does not have valid feature names, but LGBMClassifier was fitted with feature names
  warnings.warn(
/home/lmy/anaconda3/envs/iotcls/lib/python3.11/site-packages/sklearn/utils/validation.py:2827: UserWarning: X does not have valid feature names, but LGBMClassifier was fitted with feature names
  warnings.warn(
/home/lmy/anaconda3/envs/iotcls/lib/python3.11/site-packages/sklearn/utils/validation.py:2827: UserWarning: X does not have valid feature names, but LGBMClassifier was fitted with feature names
  warnings.warn(
/home/lmy/anaconda3/envs/iotcls/lib/python3.11/site-packages/sklearn/utils/validation.py:2827: UserWarning: X does not have valid feature names, but LGBMClassifier was fitted with feature names
  warnings.warn(
/home/lmy/anaconda3/envs/iotcls/lib/python3.11/site-packages/sklearn/utils/validation.py:2827: UserWarning: X does not have valid feature names, but LGBMClassifier was fitted with feature names
  warnings.warn(
/home/lmy/anaconda3/envs/iotcls/lib/python3.11/site-packages/sklearn/utils/validation.py:2827: UserWarning: X does not have valid feature names, but LGBMClassifier was fitted with feature names
  warnings.warn(
/home/lmy/anaconda3/envs/iotcls/lib/python3.11/site-packages/sklearn/utils/validation.py:2827: UserWarning: X does not have valid feature names, but LGBMClassifier was fitted with feature names
  warnings.warn(
/home/lmy/anaconda3/envs/iotcls/lib/python3.11/site-packages/sklearn/utils/validation.py:2827: UserWarning: X does not have valid feature names, but LGBMClassifier was fitted with feature names
  warnings.warn(
/home/lmy/anaconda3/envs/iotcls/lib/python3.11/site-packages/sklearn/utils/validation.py:2827: UserWarning: X does not have valid feature names, but LGBMClassifier was fitted with feature names
  warnings.warn(
/home/lmy/anaconda3/envs/iotcls/lib/python3.11/site-packages/sklearn/utils/validation.py:2827: UserWarning: X does not have valid feature names, but LGBMClassifier was fitted with feature names
  warnings.warn(
/home/lmy/anaconda3/envs/iotcls/lib/python3.11/site-packages/sklearn/utils/validation.py:2827: UserWarning: X does not have valid feature names, but LGBMClassifier was fitted with feature names
  warnings.warn(
/home/lmy/anaconda3/envs/iotcls/lib/python3.11/site-packages/sklearn/utils/validation.py:2827: UserWarning: X does not have valid feature names, but LGBMClassifier was fitted with feature names
  warnings.warn(
/home/lmy/anaconda3/envs/iotcls/lib/python3.11/site-packages/sklearn/utils/validation.py:2827: UserWarning: X does not have valid feature names, but LGBMClassifier was fitted with feature names
  warnings.warn(
/home/lmy/anaconda3/envs/iotcls/lib/python3.11/site-packages/sklearn/utils/validation.py:2827: UserWarning: X does not have valid feature names, but LGBMClassifier was fitted with feature names
  warnings.warn(
/home/lmy/anaconda3/envs/iotcls/lib/python3.11/site-packages/sklearn/utils/validation.py:2827: UserWarning: X does not have valid feature names, but LGBMClassifier was fitted with feature names
  warnings.warn(
/home/lmy/anaconda3/envs/iotcls/lib/python3.11/site-packages/sklearn/utils/validation.py:2827: UserWarning: X does not have valid feature names, but LGBMClassifier was fitted with feature names
  warnings.warn(
/home/lmy/anaconda3/envs/iotcls/lib/python3.11/site-packages/sklearn/utils/validation.py:2827: UserWarning: X does not have valid feature names, but LGBMClassifier was fitted with feature names
  warnings.warn(
/home/lmy/anaconda3/envs/iotcls/lib/python3.11/site-packages/sklearn/utils/validation.py:2827: UserWarning: X does not have valid feature names, but LGBMClassifier was fitted with feature names
  warnings.warn(
/home/lmy/anaconda3/envs/iotcls/lib/python3.11/site-packages/sklearn/utils/validation.py:2827: UserWarning: X does not have valid feature names, but LGBMClassifier was fitted with feature names
  warnings.warn(
/home/lmy/anaconda3/envs/iotcls/lib/python3.11/site-packages/sklearn/utils/validation.py:2827: UserWarning: X does not have valid feature names, but LGBMClassifier was fitted with feature names
  warnings.warn(
  R2>R4     |S|=1  评估 2 对  min在位者=0.2385  过闸 2 对  Light_T1|Sensor Light_XM|Sensor
/home/lmy/anaconda3/envs/iotcls/lib/python3.11/site-packages/sklearn/utils/validation.py:2827: UserWarning: X does not have valid feature names, but LGBMClassifier was fitted with feature names
  warnings.warn(
/home/lmy/anaconda3/envs/iotcls/lib/python3.11/site-packages/sklearn/utils/validation.py:2827: UserWarning: X does not have valid feature names, but LGBMClassifier was fitted with feature names
  warnings.warn(
/home/lmy/anaconda3/envs/iotcls/lib/python3.11/site-packages/sklearn/utils/validation.py:2827: UserWarning: X does not have valid feature names, but LGBMClassifier was fitted with feature names
  warnings.warn(
/home/lmy/anaconda3/envs/iotcls/lib/python3.11/site-packages/sklearn/utils/validation.py:2827: UserWarning: X does not have valid feature names, but LGBMClassifier was fitted with feature names
  warnings.warn(
/home/lmy/anaconda3/envs/iotcls/lib/python3.11/site-packages/sklearn/utils/validation.py:2827: UserWarning: X does not have valid feature names, but LGBMClassifier was fitted with feature names
  warnings.warn(
/home/lmy/anaconda3/envs/iotcls/lib/python3.11/site-packages/sklearn/utils/validation.py:2827: UserWarning: X does not have valid feature names, but LGBMClassifier was fitted with feature names
  warnings.warn(
/home/lmy/anaconda3/envs/iotcls/lib/python3.11/site-packages/sklearn/utils/validation.py:2827: UserWarning: X does not have valid feature names, but LGBMClassifier was fitted with feature names
  warnings.warn(
/home/lmy/anaconda3/envs/iotcls/lib/python3.11/site-packages/sklearn/utils/validation.py:2827: UserWarning: X does not have valid feature names, but LGBMClassifier was fitted with feature names
  warnings.warn(
/home/lmy/anaconda3/envs/iotcls/lib/python3.11/site-packages/sklearn/utils/validation.py:2827: UserWarning: X does not have valid feature names, but LGBMClassifier was fitted with feature names
  warnings.warn(
/home/lmy/anaconda3/envs/iotcls/lib/python3.11/site-packages/sklearn/utils/validation.py:2827: UserWarning: X does not have valid feature names, but LGBMClassifier was fitted with feature names
  warnings.warn(
/home/lmy/anaconda3/envs/iotcls/lib/python3.11/site-packages/sklearn/utils/validation.py:2827: UserWarning: X does not have valid feature names, but LGBMClassifier was fitted with feature names
  warnings.warn(
/home/lmy/anaconda3/envs/iotcls/lib/python3.11/site-packages/sklearn/utils/validation.py:2827: UserWarning: X does not have valid feature names, but LGBMClassifier was fitted with feature names
  warnings.warn(
/home/lmy/anaconda3/envs/iotcls/lib/python3.11/site-packages/sklearn/utils/validation.py:2827: UserWarning: X does not have valid feature names, but LGBMClassifier was fitted with feature names
  warnings.warn(
/home/lmy/anaconda3/envs/iotcls/lib/python3.11/site-packages/sklearn/utils/validation.py:2827: UserWarning: X does not have valid feature names, but LGBMClassifier was fitted with feature names
  warnings.warn(
/home/lmy/anaconda3/envs/iotcls/lib/python3.11/site-packages/sklearn/utils/validation.py:2827: UserWarning: X does not have valid feature names, but LGBMClassifier was fitted with feature names
  warnings.warn(
/home/lmy/anaconda3/envs/iotcls/lib/python3.11/site-packages/sklearn/utils/validation.py:2827: UserWarning: X does not have valid feature names, but LGBMClassifier was fitted with feature names
  warnings.warn(
/home/lmy/anaconda3/envs/iotcls/lib/python3.11/site-packages/sklearn/utils/validation.py:2827: UserWarning: X does not have valid feature names, but LGBMClassifier was fitted with feature names
  warnings.warn(
/home/lmy/anaconda3/envs/iotcls/lib/python3.11/site-packages/sklearn/utils/validation.py:2827: UserWarning: X does not have valid feature names, but LGBMClassifier was fitted with feature names
  warnings.warn(
/home/lmy/anaconda3/envs/iotcls/lib/python3.11/site-packages/sklearn/utils/validation.py:2827: UserWarning: X does not have valid feature names, but LGBMClassifier was fitted with feature names
  warnings.warn(
/home/lmy/anaconda3/envs/iotcls/lib/python3.11/site-packages/sklearn/utils/validation.py:2827: UserWarning: X does not have valid feature names, but LGBMClassifier was fitted with feature names
  warnings.warn(
/home/lmy/anaconda3/envs/iotcls/lib/python3.11/site-packages/sklearn/utils/validation.py:2827: UserWarning: X does not have valid feature names, but LGBMClassifier was fitted with feature names
  warnings.warn(
/home/lmy/anaconda3/envs/iotcls/lib/python3.11/site-packages/sklearn/utils/validation.py:2827: UserWarning: X does not have valid feature names, but LGBMClassifier was fitted with feature names
  warnings.warn(
/home/lmy/anaconda3/envs/iotcls/lib/python3.11/site-packages/sklearn/utils/validation.py:2827: UserWarning: X does not have valid feature names, but LGBMClassifier was fitted with feature names
  warnings.warn(
/home/lmy/anaconda3/envs/iotcls/lib/python3.11/site-packages/sklearn/utils/validation.py:2827: UserWarning: X does not have valid feature names, but LGBMClassifier was fitted with feature names
  warnings.warn(
/home/lmy/anaconda3/envs/iotcls/lib/python3.11/site-packages/sklearn/utils/validation.py:2827: UserWarning: X does not have valid feature names, but LGBMClassifier was fitted with feature names
  warnings.warn(
/home/lmy/anaconda3/envs/iotcls/lib/python3.11/site-packages/sklearn/utils/validation.py:2827: UserWarning: X does not have valid feature names, but LGBMClassifier was fitted with feature names
  warnings.warn(
/home/lmy/anaconda3/envs/iotcls/lib/python3.11/site-packages/sklearn/utils/validation.py:2827: UserWarning: X does not have valid feature names, but LGBMClassifier was fitted with feature names
  warnings.warn(
/home/lmy/anaconda3/envs/iotcls/lib/python3.11/site-packages/sklearn/utils/validation.py:2827: UserWarning: X does not have valid feature names, but LGBMClassifier was fitted with feature names
  warnings.warn(
/home/lmy/anaconda3/envs/iotcls/lib/python3.11/site-packages/sklearn/utils/validation.py:2827: UserWarning: X does not have valid feature names, but LGBMClassifier was fitted with feature names
  warnings.warn(
/home/lmy/anaconda3/envs/iotcls/lib/python3.11/site-packages/sklearn/utils/validation.py:2827: UserWarning: X does not have valid feature names, but LGBMClassifier was fitted with feature names
  warnings.warn(
/home/lmy/anaconda3/envs/iotcls/lib/python3.11/site-packages/sklearn/utils/validation.py:2827: UserWarning: X does not have valid feature names, but LGBMClassifier was fitted with feature names
  warnings.warn(
/home/lmy/anaconda3/envs/iotcls/lib/python3.11/site-packages/sklearn/utils/validation.py:2827: UserWarning: X does not have valid feature names, but LGBMClassifier was fitted with feature names
  warnings.warn(
/home/lmy/anaconda3/envs/iotcls/lib/python3.11/site-packages/sklearn/utils/validation.py:2827: UserWarning: X does not have valid feature names, but LGBMClassifier was fitted with feature names
  warnings.warn(
/home/lmy/anaconda3/envs/iotcls/lib/python3.11/site-packages/sklearn/utils/validation.py:2827: UserWarning: X does not have valid feature names, but LGBMClassifier was fitted with feature names
  warnings.warn(
/home/lmy/anaconda3/envs/iotcls/lib/python3.11/site-packages/sklearn/utils/validation.py:2827: UserWarning: X does not have valid feature names, but LGBMClassifier was fitted with feature names
  warnings.warn(
/home/lmy/anaconda3/envs/iotcls/lib/python3.11/site-packages/sklearn/utils/validation.py:2827: UserWarning: X does not have valid feature names, but LGBMClassifier was fitted with feature names
  warnings.warn(
/home/lmy/anaconda3/envs/iotcls/lib/python3.11/site-packages/sklearn/utils/validation.py:2827: UserWarning: X does not have valid feature names, but LGBMClassifier was fitted with feature names
  warnings.warn(
/home/lmy/anaconda3/envs/iotcls/lib/python3.11/site-packages/sklearn/utils/validation.py:2827: UserWarning: X does not have valid feature names, but LGBMClassifier was fitted with feature names
  warnings.warn(
/home/lmy/anaconda3/envs/iotcls/lib/python3.11/site-packages/sklearn/utils/validation.py:2827: UserWarning: X does not have valid feature names, but LGBMClassifier was fitted with feature names
  warnings.warn(
/home/lmy/anaconda3/envs/iotcls/lib/python3.11/site-packages/sklearn/utils/validation.py:2827: UserWarning: X does not have valid feature names, but LGBMClassifier was fitted with feature names
  warnings.warn(
/home/lmy/anaconda3/envs/iotcls/lib/python3.11/site-packages/sklearn/utils/validation.py:2827: UserWarning: X does not have valid feature names, but LGBMClassifier was fitted with feature names
  warnings.warn(
/home/lmy/anaconda3/envs/iotcls/lib/python3.11/site-packages/sklearn/utils/validation.py:2827: UserWarning: X does not have valid feature names, but LGBMClassifier was fitted with feature names
  warnings.warn(
/home/lmy/anaconda3/envs/iotcls/lib/python3.11/site-packages/sklearn/utils/validation.py:2827: UserWarning: X does not have valid feature names, but LGBMClassifier was fitted with feature names
  warnings.warn(
/home/lmy/anaconda3/envs/iotcls/lib/python3.11/site-packages/sklearn/utils/validation.py:2827: UserWarning: X does not have valid feature names, but LGBMClassifier was fitted with feature names
  warnings.warn(
/home/lmy/anaconda3/envs/iotcls/lib/python3.11/site-packages/sklearn/utils/validation.py:2827: UserWarning: X does not have valid feature names, but LGBMClassifier was fitted with feature names
  warnings.warn(
/home/lmy/anaconda3/envs/iotcls/lib/python3.11/site-packages/sklearn/utils/validation.py:2827: UserWarning: X does not have valid feature names, but LGBMClassifier was fitted with feature names
  warnings.warn(
/home/lmy/anaconda3/envs/iotcls/lib/python3.11/site-packages/sklearn/utils/validation.py:2827: UserWarning: X does not have valid feature names, but LGBMClassifier was fitted with feature names
  warnings.warn(
/home/lmy/anaconda3/envs/iotcls/lib/python3.11/site-packages/sklearn/utils/validation.py:2827: UserWarning: X does not have valid feature names, but LGBMClassifier was fitted with feature names
  warnings.warn(
  R3>R2     |S|=1  评估 3 对  min在位者=0.0374  过闸 3 对  Light_T1|Light_XM Light_T1|Sensor Light_XM|Sensor
/home/lmy/anaconda3/envs/iotcls/lib/python3.11/site-packages/sklearn/utils/validation.py:2827: UserWarning: X does not have valid feature names, but LGBMClassifier was fitted with feature names
  warnings.warn(
/home/lmy/anaconda3/envs/iotcls/lib/python3.11/site-packages/sklearn/utils/validation.py:2827: UserWarning: X does not have valid feature names, but LGBMClassifier was fitted with feature names
  warnings.warn(
/home/lmy/anaconda3/envs/iotcls/lib/python3.11/site-packages/sklearn/utils/validation.py:2827: UserWarning: X does not have valid feature names, but LGBMClassifier was fitted with feature names
  warnings.warn(
/home/lmy/anaconda3/envs/iotcls/lib/python3.11/site-packages/sklearn/utils/validation.py:2827: UserWarning: X does not have valid feature names, but LGBMClassifier was fitted with feature names
  warnings.warn(
/home/lmy/anaconda3/envs/iotcls/lib/python3.11/site-packages/sklearn/utils/validation.py:2827: UserWarning: X does not have valid feature names, but LGBMClassifier was fitted with feature names
  warnings.warn(
/home/lmy/anaconda3/envs/iotcls/lib/python3.11/site-packages/sklearn/utils/validation.py:2827: UserWarning: X does not have valid feature names, but LGBMClassifier was fitted with feature names
  warnings.warn(
/home/lmy/anaconda3/envs/iotcls/lib/python3.11/site-packages/sklearn/utils/validation.py:2827: UserWarning: X does not have valid feature names, but LGBMClassifier was fitted with feature names
  warnings.warn(
/home/lmy/anaconda3/envs/iotcls/lib/python3.11/site-packages/sklearn/utils/validation.py:2827: UserWarning: X does not have valid feature names, but LGBMClassifier was fitted with feature names
  warnings.warn(
/home/lmy/anaconda3/envs/iotcls/lib/python3.11/site-packages/sklearn/utils/validation.py:2827: UserWarning: X does not have valid feature names, but LGBMClassifier was fitted with feature names
  warnings.warn(
/home/lmy/anaconda3/envs/iotcls/lib/python3.11/site-packages/sklearn/utils/validation.py:2827: UserWarning: X does not have valid feature names, but LGBMClassifier was fitted with feature names
  warnings.warn(
/home/lmy/anaconda3/envs/iotcls/lib/python3.11/site-packages/sklearn/utils/validation.py:2827: UserWarning: X does not have valid feature names, but LGBMClassifier was fitted with feature names
  warnings.warn(
/home/lmy/anaconda3/envs/iotcls/lib/python3.11/site-packages/sklearn/utils/validation.py:2827: UserWarning: X does not have valid feature names, but LGBMClassifier was fitted with feature names
  warnings.warn(
/home/lmy/anaconda3/envs/iotcls/lib/python3.11/site-packages/sklearn/utils/validation.py:2827: UserWarning: X does not have valid feature names, but LGBMClassifier was fitted with feature names
  warnings.warn(
/home/lmy/anaconda3/envs/iotcls/lib/python3.11/site-packages/sklearn/utils/validation.py:2827: UserWarning: X does not have valid feature names, but LGBMClassifier was fitted with feature names
  warnings.warn(
/home/lmy/anaconda3/envs/iotcls/lib/python3.11/site-packages/sklearn/utils/validation.py:2827: UserWarning: X does not have valid feature names, but LGBMClassifier was fitted with feature names
  warnings.warn(
/home/lmy/anaconda3/envs/iotcls/lib/python3.11/site-packages/sklearn/utils/validation.py:2827: UserWarning: X does not have valid feature names, but LGBMClassifier was fitted with feature names
  warnings.warn(
/home/lmy/anaconda3/envs/iotcls/lib/python3.11/site-packages/sklearn/utils/validation.py:2827: UserWarning: X does not have valid feature names, but LGBMClassifier was fitted with feature names
  warnings.warn(
/home/lmy/anaconda3/envs/iotcls/lib/python3.11/site-packages/sklearn/utils/validation.py:2827: UserWarning: X does not have valid feature names, but LGBMClassifier was fitted with feature names
  warnings.warn(
/home/lmy/anaconda3/envs/iotcls/lib/python3.11/site-packages/sklearn/utils/validation.py:2827: UserWarning: X does not have valid feature names, but LGBMClassifier was fitted with feature names
  warnings.warn(
/home/lmy/anaconda3/envs/iotcls/lib/python3.11/site-packages/sklearn/utils/validation.py:2827: UserWarning: X does not have valid feature names, but LGBMClassifier was fitted with feature names
  warnings.warn(
/home/lmy/anaconda3/envs/iotcls/lib/python3.11/site-packages/sklearn/utils/validation.py:2827: UserWarning: X does not have valid feature names, but LGBMClassifier was fitted with feature names
  warnings.warn(
/home/lmy/anaconda3/envs/iotcls/lib/python3.11/site-packages/sklearn/utils/validation.py:2827: UserWarning: X does not have valid feature names, but LGBMClassifier was fitted with feature names
  warnings.warn(
/home/lmy/anaconda3/envs/iotcls/lib/python3.11/site-packages/sklearn/utils/validation.py:2827: UserWarning: X does not have valid feature names, but LGBMClassifier was fitted with feature names
  warnings.warn(
/home/lmy/anaconda3/envs/iotcls/lib/python3.11/site-packages/sklearn/utils/validation.py:2827: UserWarning: X does not have valid feature names, but LGBMClassifier was fitted with feature names
  warnings.warn(
/home/lmy/anaconda3/envs/iotcls/lib/python3.11/site-packages/sklearn/utils/validation.py:2827: UserWarning: X does not have valid feature names, but LGBMClassifier was fitted with feature names
  warnings.warn(
/home/lmy/anaconda3/envs/iotcls/lib/python3.11/site-packages/sklearn/utils/validation.py:2827: UserWarning: X does not have valid feature names, but LGBMClassifier was fitted with feature names
  warnings.warn(
/home/lmy/anaconda3/envs/iotcls/lib/python3.11/site-packages/sklearn/utils/validation.py:2827: UserWarning: X does not have valid feature names, but LGBMClassifier was fitted with feature names
  warnings.warn(
/home/lmy/anaconda3/envs/iotcls/lib/python3.11/site-packages/sklearn/utils/validation.py:2827: UserWarning: X does not have valid feature names, but LGBMClassifier was fitted with feature names
  warnings.warn(
/home/lmy/anaconda3/envs/iotcls/lib/python3.11/site-packages/sklearn/utils/validation.py:2827: UserWarning: X does not have valid feature names, but LGBMClassifier was fitted with feature names
  warnings.warn(
/home/lmy/anaconda3/envs/iotcls/lib/python3.11/site-packages/sklearn/utils/validation.py:2827: UserWarning: X does not have valid feature names, but LGBMClassifier was fitted with feature names
  warnings.warn(
/home/lmy/anaconda3/envs/iotcls/lib/python3.11/site-packages/sklearn/utils/validation.py:2827: UserWarning: X does not have valid feature names, but LGBMClassifier was fitted with feature names
  warnings.warn(
/home/lmy/anaconda3/envs/iotcls/lib/python3.11/site-packages/sklearn/utils/validation.py:2827: UserWarning: X does not have valid feature names, but LGBMClassifier was fitted with feature names
  warnings.warn(
  R3>R4     |S|=1  评估 2 对  min在位者=0.2081  过闸 2 对  Light_T1|Light_XM Light_T1|Sensor
/home/lmy/anaconda3/envs/iotcls/lib/python3.11/site-packages/sklearn/utils/validation.py:2827: UserWarning: X does not have valid feature names, but LGBMClassifier was fitted with feature names
  warnings.warn(
/home/lmy/anaconda3/envs/iotcls/lib/python3.11/site-packages/sklearn/utils/validation.py:2827: UserWarning: X does not have valid feature names, but LGBMClassifier was fitted with feature names
  warnings.warn(
/home/lmy/anaconda3/envs/iotcls/lib/python3.11/site-packages/sklearn/utils/validation.py:2827: UserWarning: X does not have valid feature names, but LGBMClassifier was fitted with feature names
  warnings.warn(
/home/lmy/anaconda3/envs/iotcls/lib/python3.11/site-packages/sklearn/utils/validation.py:2827: UserWarning: X does not have valid feature names, but LGBMClassifier was fitted with feature names
  warnings.warn(
/home/lmy/anaconda3/envs/iotcls/lib/python3.11/site-packages/sklearn/utils/validation.py:2827: UserWarning: X does not have valid feature names, but LGBMClassifier was fitted with feature names
  warnings.warn(
/home/lmy/anaconda3/envs/iotcls/lib/python3.11/site-packages/sklearn/utils/validation.py:2827: UserWarning: X does not have valid feature names, but LGBMClassifier was fitted with feature names
  warnings.warn(
/home/lmy/anaconda3/envs/iotcls/lib/python3.11/site-packages/sklearn/utils/validation.py:2827: UserWarning: X does not have valid feature names, but LGBMClassifier was fitted with feature names
  warnings.warn(
/home/lmy/anaconda3/envs/iotcls/lib/python3.11/site-packages/sklearn/utils/validation.py:2827: UserWarning: X does not have valid feature names, but LGBMClassifier was fitted with feature names
  warnings.warn(
/home/lmy/anaconda3/envs/iotcls/lib/python3.11/site-packages/sklearn/utils/validation.py:2827: UserWarning: X does not have valid feature names, but LGBMClassifier was fitted with feature names
  warnings.warn(
/home/lmy/anaconda3/envs/iotcls/lib/python3.11/site-packages/sklearn/utils/validation.py:2827: UserWarning: X does not have valid feature names, but LGBMClassifier was fitted with feature names
  warnings.warn(
/home/lmy/anaconda3/envs/iotcls/lib/python3.11/site-packages/sklearn/utils/validation.py:2827: UserWarning: X does not have valid feature names, but LGBMClassifier was fitted with feature names
  warnings.warn(
/home/lmy/anaconda3/envs/iotcls/lib/python3.11/site-packages/sklearn/utils/validation.py:2827: UserWarning: X does not have valid feature names, but LGBMClassifier was fitted with feature names
  warnings.warn(
/home/lmy/anaconda3/envs/iotcls/lib/python3.11/site-packages/sklearn/utils/validation.py:2827: UserWarning: X does not have valid feature names, but LGBMClassifier was fitted with feature names
  warnings.warn(
/home/lmy/anaconda3/envs/iotcls/lib/python3.11/site-packages/sklearn/utils/validation.py:2827: UserWarning: X does not have valid feature names, but LGBMClassifier was fitted with feature names
  warnings.warn(
/home/lmy/anaconda3/envs/iotcls/lib/python3.11/site-packages/sklearn/utils/validation.py:2827: UserWarning: X does not have valid feature names, but LGBMClassifier was fitted with feature names
  warnings.warn(
/home/lmy/anaconda3/envs/iotcls/lib/python3.11/site-packages/sklearn/utils/validation.py:2827: UserWarning: X does not have valid feature names, but LGBMClassifier was fitted with feature names
  warnings.warn(
/home/lmy/anaconda3/envs/iotcls/lib/python3.11/site-packages/sklearn/utils/validation.py:2827: UserWarning: X does not have valid feature names, but LGBMClassifier was fitted with feature names
  warnings.warn(
/home/lmy/anaconda3/envs/iotcls/lib/python3.11/site-packages/sklearn/utils/validation.py:2827: UserWarning: X does not have valid feature names, but LGBMClassifier was fitted with feature names
  warnings.warn(
/home/lmy/anaconda3/envs/iotcls/lib/python3.11/site-packages/sklearn/utils/validation.py:2827: UserWarning: X does not have valid feature names, but LGBMClassifier was fitted with feature names
  warnings.warn(
/home/lmy/anaconda3/envs/iotcls/lib/python3.11/site-packages/sklearn/utils/validation.py:2827: UserWarning: X does not have valid feature names, but LGBMClassifier was fitted with feature names
  warnings.warn(
/home/lmy/anaconda3/envs/iotcls/lib/python3.11/site-packages/sklearn/utils/validation.py:2827: UserWarning: X does not have valid feature names, but LGBMClassifier was fitted with feature names
  warnings.warn(
/home/lmy/anaconda3/envs/iotcls/lib/python3.11/site-packages/sklearn/utils/validation.py:2827: UserWarning: X does not have valid feature names, but LGBMClassifier was fitted with feature names
  warnings.warn(
/home/lmy/anaconda3/envs/iotcls/lib/python3.11/site-packages/sklearn/utils/validation.py:2827: UserWarning: X does not have valid feature names, but LGBMClassifier was fitted with feature names
  warnings.warn(
/home/lmy/anaconda3/envs/iotcls/lib/python3.11/site-packages/sklearn/utils/validation.py:2827: UserWarning: X does not have valid feature names, but LGBMClassifier was fitted with feature names
  warnings.warn(
/home/lmy/anaconda3/envs/iotcls/lib/python3.11/site-packages/sklearn/utils/validation.py:2827: UserWarning: X does not have valid feature names, but LGBMClassifier was fitted with feature names
  warnings.warn(
/home/lmy/anaconda3/envs/iotcls/lib/python3.11/site-packages/sklearn/utils/validation.py:2827: UserWarning: X does not have valid feature names, but LGBMClassifier was fitted with feature names
  warnings.warn(
/home/lmy/anaconda3/envs/iotcls/lib/python3.11/site-packages/sklearn/utils/validation.py:2827: UserWarning: X does not have valid feature names, but LGBMClassifier was fitted with feature names
  warnings.warn(
/home/lmy/anaconda3/envs/iotcls/lib/python3.11/site-packages/sklearn/utils/validation.py:2827: UserWarning: X does not have valid feature names, but LGBMClassifier was fitted with feature names
  warnings.warn(
/home/lmy/anaconda3/envs/iotcls/lib/python3.11/site-packages/sklearn/utils/validation.py:2827: UserWarning: X does not have valid feature names, but LGBMClassifier was fitted with feature names
  warnings.warn(
/home/lmy/anaconda3/envs/iotcls/lib/python3.11/site-packages/sklearn/utils/validation.py:2827: UserWarning: X does not have valid feature names, but LGBMClassifier was fitted with feature names
  warnings.warn(
/home/lmy/anaconda3/envs/iotcls/lib/python3.11/site-packages/sklearn/utils/validation.py:2827: UserWarning: X does not have valid feature names, but LGBMClassifier was fitted with feature names
  warnings.warn(
/home/lmy/anaconda3/envs/iotcls/lib/python3.11/site-packages/sklearn/utils/validation.py:2827: UserWarning: X does not have valid feature names, but LGBMClassifier was fitted with feature names
  warnings.warn(
/home/lmy/anaconda3/envs/iotcls/lib/python3.11/site-packages/sklearn/utils/validation.py:2827: UserWarning: X does not have valid feature names, but LGBMClassifier was fitted with feature names
  warnings.warn(
/home/lmy/anaconda3/envs/iotcls/lib/python3.11/site-packages/sklearn/utils/validation.py:2827: UserWarning: X does not have valid feature names, but LGBMClassifier was fitted with feature names
  warnings.warn(
/home/lmy/anaconda3/envs/iotcls/lib/python3.11/site-packages/sklearn/utils/validation.py:2827: UserWarning: X does not have valid feature names, but LGBMClassifier was fitted with feature names
  warnings.warn(
/home/lmy/anaconda3/envs/iotcls/lib/python3.11/site-packages/sklearn/utils/validation.py:2827: UserWarning: X does not have valid feature names, but LGBMClassifier was fitted with feature names
  warnings.warn(
/home/lmy/anaconda3/envs/iotcls/lib/python3.11/site-packages/sklearn/utils/validation.py:2827: UserWarning: X does not have valid feature names, but LGBMClassifier was fitted with feature names
  warnings.warn(
/home/lmy/anaconda3/envs/iotcls/lib/python3.11/site-packages/sklearn/utils/validation.py:2827: UserWarning: X does not have valid feature names, but LGBMClassifier was fitted with feature names
  warnings.warn(
/home/lmy/anaconda3/envs/iotcls/lib/python3.11/site-packages/sklearn/utils/validation.py:2827: UserWarning: X does not have valid feature names, but LGBMClassifier was fitted with feature names
  warnings.warn(
/home/lmy/anaconda3/envs/iotcls/lib/python3.11/site-packages/sklearn/utils/validation.py:2827: UserWarning: X does not have valid feature names, but LGBMClassifier was fitted with feature names
  warnings.warn(
/home/lmy/anaconda3/envs/iotcls/lib/python3.11/site-packages/sklearn/utils/validation.py:2827: UserWarning: X does not have valid feature names, but LGBMClassifier was fitted with feature names
  warnings.warn(
/home/lmy/anaconda3/envs/iotcls/lib/python3.11/site-packages/sklearn/utils/validation.py:2827: UserWarning: X does not have valid feature names, but LGBMClassifier was fitted with feature names
  warnings.warn(
/home/lmy/anaconda3/envs/iotcls/lib/python3.11/site-packages/sklearn/utils/validation.py:2827: UserWarning: X does not have valid feature names, but LGBMClassifier was fitted with feature names
  warnings.warn(
/home/lmy/anaconda3/envs/iotcls/lib/python3.11/site-packages/sklearn/utils/validation.py:2827: UserWarning: X does not have valid feature names, but LGBMClassifier was fitted with feature names
  warnings.warn(
/home/lmy/anaconda3/envs/iotcls/lib/python3.11/site-packages/sklearn/utils/validation.py:2827: UserWarning: X does not have valid feature names, but LGBMClassifier was fitted with feature names
  warnings.warn(
/home/lmy/anaconda3/envs/iotcls/lib/python3.11/site-packages/sklearn/utils/validation.py:2827: UserWarning: X does not have valid feature names, but LGBMClassifier was fitted with feature names
  warnings.warn(
/home/lmy/anaconda3/envs/iotcls/lib/python3.11/site-packages/sklearn/utils/validation.py:2827: UserWarning: X does not have valid feature names, but LGBMClassifier was fitted with feature names
  warnings.warn(
/home/lmy/anaconda3/envs/iotcls/lib/python3.11/site-packages/sklearn/utils/validation.py:2827: UserWarning: X does not have valid feature names, but LGBMClassifier was fitted with feature names
  warnings.warn(
  R4>R2     |S|=1  评估 3 对  min在位者=0.6182  过闸 2 对  Light_T1|Light_XM Light_XM|Sensor
/home/lmy/anaconda3/envs/iotcls/lib/python3.11/site-packages/sklearn/utils/validation.py:2827: UserWarning: X does not have valid feature names, but LGBMClassifier was fitted with feature names
  warnings.warn(
/home/lmy/anaconda3/envs/iotcls/lib/python3.11/site-packages/sklearn/utils/validation.py:2827: UserWarning: X does not have valid feature names, but LGBMClassifier was fitted with feature names
  warnings.warn(
/home/lmy/anaconda3/envs/iotcls/lib/python3.11/site-packages/sklearn/utils/validation.py:2827: UserWarning: X does not have valid feature names, but LGBMClassifier was fitted with feature names
  warnings.warn(
/home/lmy/anaconda3/envs/iotcls/lib/python3.11/site-packages/sklearn/utils/validation.py:2827: UserWarning: X does not have valid feature names, but LGBMClassifier was fitted with feature names
  warnings.warn(
/home/lmy/anaconda3/envs/iotcls/lib/python3.11/site-packages/sklearn/utils/validation.py:2827: UserWarning: X does not have valid feature names, but LGBMClassifier was fitted with feature names
  warnings.warn(
/home/lmy/anaconda3/envs/iotcls/lib/python3.11/site-packages/sklearn/utils/validation.py:2827: UserWarning: X does not have valid feature names, but LGBMClassifier was fitted with feature names
  warnings.warn(
/home/lmy/anaconda3/envs/iotcls/lib/python3.11/site-packages/sklearn/utils/validation.py:2827: UserWarning: X does not have valid feature names, but LGBMClassifier was fitted with feature names
  warnings.warn(
/home/lmy/anaconda3/envs/iotcls/lib/python3.11/site-packages/sklearn/utils/validation.py:2827: UserWarning: X does not have valid feature names, but LGBMClassifier was fitted with feature names
  warnings.warn(
/home/lmy/anaconda3/envs/iotcls/lib/python3.11/site-packages/sklearn/utils/validation.py:2827: UserWarning: X does not have valid feature names, but LGBMClassifier was fitted with feature names
  warnings.warn(
/home/lmy/anaconda3/envs/iotcls/lib/python3.11/site-packages/sklearn/utils/validation.py:2827: UserWarning: X does not have valid feature names, but LGBMClassifier was fitted with feature names
  warnings.warn(
/home/lmy/anaconda3/envs/iotcls/lib/python3.11/site-packages/sklearn/utils/validation.py:2827: UserWarning: X does not have valid feature names, but LGBMClassifier was fitted with feature names
  warnings.warn(
/home/lmy/anaconda3/envs/iotcls/lib/python3.11/site-packages/sklearn/utils/validation.py:2827: UserWarning: X does not have valid feature names, but LGBMClassifier was fitted with feature names
  warnings.warn(
/home/lmy/anaconda3/envs/iotcls/lib/python3.11/site-packages/sklearn/utils/validation.py:2827: UserWarning: X does not have valid feature names, but LGBMClassifier was fitted with feature names
  warnings.warn(
/home/lmy/anaconda3/envs/iotcls/lib/python3.11/site-packages/sklearn/utils/validation.py:2827: UserWarning: X does not have valid feature names, but LGBMClassifier was fitted with feature names
  warnings.warn(
/home/lmy/anaconda3/envs/iotcls/lib/python3.11/site-packages/sklearn/utils/validation.py:2827: UserWarning: X does not have valid feature names, but LGBMClassifier was fitted with feature names
  warnings.warn(
/home/lmy/anaconda3/envs/iotcls/lib/python3.11/site-packages/sklearn/utils/validation.py:2827: UserWarning: X does not have valid feature names, but LGBMClassifier was fitted with feature names
  warnings.warn(
/home/lmy/anaconda3/envs/iotcls/lib/python3.11/site-packages/sklearn/utils/validation.py:2827: UserWarning: X does not have valid feature names, but LGBMClassifier was fitted with feature names
  warnings.warn(
/home/lmy/anaconda3/envs/iotcls/lib/python3.11/site-packages/sklearn/utils/validation.py:2827: UserWarning: X does not have valid feature names, but LGBMClassifier was fitted with feature names
  warnings.warn(
/home/lmy/anaconda3/envs/iotcls/lib/python3.11/site-packages/sklearn/utils/validation.py:2827: UserWarning: X does not have valid feature names, but LGBMClassifier was fitted with feature names
  warnings.warn(
/home/lmy/anaconda3/envs/iotcls/lib/python3.11/site-packages/sklearn/utils/validation.py:2827: UserWarning: X does not have valid feature names, but LGBMClassifier was fitted with feature names
  warnings.warn(
/home/lmy/anaconda3/envs/iotcls/lib/python3.11/site-packages/sklearn/utils/validation.py:2827: UserWarning: X does not have valid feature names, but LGBMClassifier was fitted with feature names
  warnings.warn(
/home/lmy/anaconda3/envs/iotcls/lib/python3.11/site-packages/sklearn/utils/validation.py:2827: UserWarning: X does not have valid feature names, but LGBMClassifier was fitted with feature names
  warnings.warn(
/home/lmy/anaconda3/envs/iotcls/lib/python3.11/site-packages/sklearn/utils/validation.py:2827: UserWarning: X does not have valid feature names, but LGBMClassifier was fitted with feature names
  warnings.warn(
/home/lmy/anaconda3/envs/iotcls/lib/python3.11/site-packages/sklearn/utils/validation.py:2827: UserWarning: X does not have valid feature names, but LGBMClassifier was fitted with feature names
  warnings.warn(
/home/lmy/anaconda3/envs/iotcls/lib/python3.11/site-packages/sklearn/utils/validation.py:2827: UserWarning: X does not have valid feature names, but LGBMClassifier was fitted with feature names
  warnings.warn(
/home/lmy/anaconda3/envs/iotcls/lib/python3.11/site-packages/sklearn/utils/validation.py:2827: UserWarning: X does not have valid feature names, but LGBMClassifier was fitted with feature names
  warnings.warn(
/home/lmy/anaconda3/envs/iotcls/lib/python3.11/site-packages/sklearn/utils/validation.py:2827: UserWarning: X does not have valid feature names, but LGBMClassifier was fitted with feature names
  warnings.warn(
/home/lmy/anaconda3/envs/iotcls/lib/python3.11/site-packages/sklearn/utils/validation.py:2827: UserWarning: X does not have valid feature names, but LGBMClassifier was fitted with feature names
  warnings.warn(
/home/lmy/anaconda3/envs/iotcls/lib/python3.11/site-packages/sklearn/utils/validation.py:2827: UserWarning: X does not have valid feature names, but LGBMClassifier was fitted with feature names
  warnings.warn(
/home/lmy/anaconda3/envs/iotcls/lib/python3.11/site-packages/sklearn/utils/validation.py:2827: UserWarning: X does not have valid feature names, but LGBMClassifier was fitted with feature names
  warnings.warn(
/home/lmy/anaconda3/envs/iotcls/lib/python3.11/site-packages/sklearn/utils/validation.py:2827: UserWarning: X does not have valid feature names, but LGBMClassifier was fitted with feature names
  warnings.warn(
/home/lmy/anaconda3/envs/iotcls/lib/python3.11/site-packages/sklearn/utils/validation.py:2827: UserWarning: X does not have valid feature names, but LGBMClassifier was fitted with feature names
  warnings.warn(
  R4>R3     |S|=1  评估 2 对  min在位者=0.1095  过闸 2 对  Light_T1|Light_XM Light_T1|Sensor
/home/lmy/anaconda3/envs/iotcls/lib/python3.11/site-packages/sklearn/utils/validation.py:2827: UserWarning: X does not have valid feature names, but LGBMClassifier was fitted with feature names
  warnings.warn(
/home/lmy/anaconda3/envs/iotcls/lib/python3.11/site-packages/sklearn/utils/validation.py:2827: UserWarning: X does not have valid feature names, but LGBMClassifier was fitted with feature names
  warnings.warn(
/home/lmy/anaconda3/envs/iotcls/lib/python3.11/site-packages/sklearn/utils/validation.py:2827: UserWarning: X does not have valid feature names, but LGBMClassifier was fitted with feature names
  warnings.warn(
/home/lmy/anaconda3/envs/iotcls/lib/python3.11/site-packages/sklearn/utils/validation.py:2827: UserWarning: X does not have valid feature names, but LGBMClassifier was fitted with feature names
  warnings.warn(
/home/lmy/anaconda3/envs/iotcls/lib/python3.11/site-packages/sklearn/utils/validation.py:2827: UserWarning: X does not have valid feature names, but LGBMClassifier was fitted with feature names
  warnings.warn(
/home/lmy/anaconda3/envs/iotcls/lib/python3.11/site-packages/sklearn/utils/validation.py:2827: UserWarning: X does not have valid feature names, but LGBMClassifier was fitted with feature names
  warnings.warn(
/home/lmy/anaconda3/envs/iotcls/lib/python3.11/site-packages/sklearn/utils/validation.py:2827: UserWarning: X does not have valid feature names, but LGBMClassifier was fitted with feature names
  warnings.warn(
/home/lmy/anaconda3/envs/iotcls/lib/python3.11/site-packages/sklearn/utils/validation.py:2827: UserWarning: X does not have valid feature names, but LGBMClassifier was fitted with feature names
  warnings.warn(
/home/lmy/anaconda3/envs/iotcls/lib/python3.11/site-packages/sklearn/utils/validation.py:2827: UserWarning: X does not have valid feature names, but LGBMClassifier was fitted with feature names
  warnings.warn(
/home/lmy/anaconda3/envs/iotcls/lib/python3.11/site-packages/sklearn/utils/validation.py:2827: UserWarning: X does not have valid feature names, but LGBMClassifier was fitted with feature names
  warnings.warn(
/home/lmy/anaconda3/envs/iotcls/lib/python3.11/site-packages/sklearn/utils/validation.py:2827: UserWarning: X does not have valid feature names, but LGBMClassifier was fitted with feature names
  warnings.warn(
/home/lmy/anaconda3/envs/iotcls/lib/python3.11/site-packages/sklearn/utils/validation.py:2827: UserWarning: X does not have valid feature names, but LGBMClassifier was fitted with feature names
  warnings.warn(
/home/lmy/anaconda3/envs/iotcls/lib/python3.11/site-packages/sklearn/utils/validation.py:2827: UserWarning: X does not have valid feature names, but LGBMClassifier was fitted with feature names
  warnings.warn(
/home/lmy/anaconda3/envs/iotcls/lib/python3.11/site-packages/sklearn/utils/validation.py:2827: UserWarning: X does not have valid feature names, but LGBMClassifier was fitted with feature names
  warnings.warn(
/home/lmy/anaconda3/envs/iotcls/lib/python3.11/site-packages/sklearn/utils/validation.py:2827: UserWarning: X does not have valid feature names, but LGBMClassifier was fitted with feature names
  warnings.warn(
/home/lmy/anaconda3/envs/iotcls/lib/python3.11/site-packages/sklearn/utils/validation.py:2827: UserWarning: X does not have valid feature names, but LGBMClassifier was fitted with feature names
  warnings.warn(
/home/lmy/anaconda3/envs/iotcls/lib/python3.11/site-packages/sklearn/utils/validation.py:2827: UserWarning: X does not have valid feature names, but LGBMClassifier was fitted with feature names
  warnings.warn(
/home/lmy/anaconda3/envs/iotcls/lib/python3.11/site-packages/sklearn/utils/validation.py:2827: UserWarning: X does not have valid feature names, but LGBMClassifier was fitted with feature names
  warnings.warn(
/home/lmy/anaconda3/envs/iotcls/lib/python3.11/site-packages/sklearn/utils/validation.py:2827: UserWarning: X does not have valid feature names, but LGBMClassifier was fitted with feature names
  warnings.warn(
/home/lmy/anaconda3/envs/iotcls/lib/python3.11/site-packages/sklearn/utils/validation.py:2827: UserWarning: X does not have valid feature names, but LGBMClassifier was fitted with feature names
  warnings.warn(
/home/lmy/anaconda3/envs/iotcls/lib/python3.11/site-packages/sklearn/utils/validation.py:2827: UserWarning: X does not have valid feature names, but LGBMClassifier was fitted with feature names
  warnings.warn(
/home/lmy/anaconda3/envs/iotcls/lib/python3.11/site-packages/sklearn/utils/validation.py:2827: UserWarning: X does not have valid feature names, but LGBMClassifier was fitted with feature names
  warnings.warn(
/home/lmy/anaconda3/envs/iotcls/lib/python3.11/site-packages/sklearn/utils/validation.py:2827: UserWarning: X does not have valid feature names, but LGBMClassifier was fitted with feature names
  warnings.warn(
/home/lmy/anaconda3/envs/iotcls/lib/python3.11/site-packages/sklearn/utils/validation.py:2827: UserWarning: X does not have valid feature names, but LGBMClassifier was fitted with feature names
  warnings.warn(
/home/lmy/anaconda3/envs/iotcls/lib/python3.11/site-packages/sklearn/utils/validation.py:2827: UserWarning: X does not have valid feature names, but LGBMClassifier was fitted with feature names
  warnings.warn(
/home/lmy/anaconda3/envs/iotcls/lib/python3.11/site-packages/sklearn/utils/validation.py:2827: UserWarning: X does not have valid feature names, but LGBMClassifier was fitted with feature names
  warnings.warn(
/home/lmy/anaconda3/envs/iotcls/lib/python3.11/site-packages/sklearn/utils/validation.py:2827: UserWarning: X does not have valid feature names, but LGBMClassifier was fitted with feature names
  warnings.warn(
/home/lmy/anaconda3/envs/iotcls/lib/python3.11/site-packages/sklearn/utils/validation.py:2827: UserWarning: X does not have valid feature names, but LGBMClassifier was fitted with feature names
  warnings.warn(
/home/lmy/anaconda3/envs/iotcls/lib/python3.11/site-packages/sklearn/utils/validation.py:2827: UserWarning: X does not have valid feature names, but LGBMClassifier was fitted with feature names
  warnings.warn(
/home/lmy/anaconda3/envs/iotcls/lib/python3.11/site-packages/sklearn/utils/validation.py:2827: UserWarning: X does not have valid feature names, but LGBMClassifier was fitted with feature names
  warnings.warn(
/home/lmy/anaconda3/envs/iotcls/lib/python3.11/site-packages/sklearn/utils/validation.py:2827: UserWarning: X does not have valid feature names, but LGBMClassifier was fitted with feature names
  warnings.warn(
/home/lmy/anaconda3/envs/iotcls/lib/python3.11/site-packages/sklearn/utils/validation.py:2827: UserWarning: X does not have valid feature names, but LGBMClassifier was fitted with feature names
  warnings.warn(
  R2R3>R4   |S|=2  评估 2 对  min在位者=0.4251  过闸 2 对  Light_T1|Light_XM Light_T1|Sensor
/home/lmy/anaconda3/envs/iotcls/lib/python3.11/site-packages/sklearn/utils/validation.py:2827: UserWarning: X does not have valid feature names, but LGBMClassifier was fitted with feature names
  warnings.warn(
/home/lmy/anaconda3/envs/iotcls/lib/python3.11/site-packages/sklearn/utils/validation.py:2827: UserWarning: X does not have valid feature names, but LGBMClassifier was fitted with feature names
  warnings.warn(
/home/lmy/anaconda3/envs/iotcls/lib/python3.11/site-packages/sklearn/utils/validation.py:2827: UserWarning: X does not have valid feature names, but LGBMClassifier was fitted with feature names
  warnings.warn(
/home/lmy/anaconda3/envs/iotcls/lib/python3.11/site-packages/sklearn/utils/validation.py:2827: UserWarning: X does not have valid feature names, but LGBMClassifier was fitted with feature names
  warnings.warn(
/home/lmy/anaconda3/envs/iotcls/lib/python3.11/site-packages/sklearn/utils/validation.py:2827: UserWarning: X does not have valid feature names, but LGBMClassifier was fitted with feature names
  warnings.warn(
/home/lmy/anaconda3/envs/iotcls/lib/python3.11/site-packages/sklearn/utils/validation.py:2827: UserWarning: X does not have valid feature names, but LGBMClassifier was fitted with feature names
  warnings.warn(
/home/lmy/anaconda3/envs/iotcls/lib/python3.11/site-packages/sklearn/utils/validation.py:2827: UserWarning: X does not have valid feature names, but LGBMClassifier was fitted with feature names
  warnings.warn(
/home/lmy/anaconda3/envs/iotcls/lib/python3.11/site-packages/sklearn/utils/validation.py:2827: UserWarning: X does not have valid feature names, but LGBMClassifier was fitted with feature names
  warnings.warn(
/home/lmy/anaconda3/envs/iotcls/lib/python3.11/site-packages/sklearn/utils/validation.py:2827: UserWarning: X does not have valid feature names, but LGBMClassifier was fitted with feature names
  warnings.warn(
/home/lmy/anaconda3/envs/iotcls/lib/python3.11/site-packages/sklearn/utils/validation.py:2827: UserWarning: X does not have valid feature names, but LGBMClassifier was fitted with feature names
  warnings.warn(
/home/lmy/anaconda3/envs/iotcls/lib/python3.11/site-packages/sklearn/utils/validation.py:2827: UserWarning: X does not have valid feature names, but LGBMClassifier was fitted with feature names
  warnings.warn(
/home/lmy/anaconda3/envs/iotcls/lib/python3.11/site-packages/sklearn/utils/validation.py:2827: UserWarning: X does not have valid feature names, but LGBMClassifier was fitted with feature names
  warnings.warn(
/home/lmy/anaconda3/envs/iotcls/lib/python3.11/site-packages/sklearn/utils/validation.py:2827: UserWarning: X does not have valid feature names, but LGBMClassifier was fitted with feature names
  warnings.warn(
/home/lmy/anaconda3/envs/iotcls/lib/python3.11/site-packages/sklearn/utils/validation.py:2827: UserWarning: X does not have valid feature names, but LGBMClassifier was fitted with feature names
  warnings.warn(
/home/lmy/anaconda3/envs/iotcls/lib/python3.11/site-packages/sklearn/utils/validation.py:2827: UserWarning: X does not have valid feature names, but LGBMClassifier was fitted with feature names
  warnings.warn(
/home/lmy/anaconda3/envs/iotcls/lib/python3.11/site-packages/sklearn/utils/validation.py:2827: UserWarning: X does not have valid feature names, but LGBMClassifier was fitted with feature names
  warnings.warn(
/home/lmy/anaconda3/envs/iotcls/lib/python3.11/site-packages/sklearn/utils/validation.py:2827: UserWarning: X does not have valid feature names, but LGBMClassifier was fitted with feature names
  warnings.warn(
/home/lmy/anaconda3/envs/iotcls/lib/python3.11/site-packages/sklearn/utils/validation.py:2827: UserWarning: X does not have valid feature names, but LGBMClassifier was fitted with feature names
  warnings.warn(
/home/lmy/anaconda3/envs/iotcls/lib/python3.11/site-packages/sklearn/utils/validation.py:2827: UserWarning: X does not have valid feature names, but LGBMClassifier was fitted with feature names
  warnings.warn(
/home/lmy/anaconda3/envs/iotcls/lib/python3.11/site-packages/sklearn/utils/validation.py:2827: UserWarning: X does not have valid feature names, but LGBMClassifier was fitted with feature names
  warnings.warn(
/home/lmy/anaconda3/envs/iotcls/lib/python3.11/site-packages/sklearn/utils/validation.py:2827: UserWarning: X does not have valid feature names, but LGBMClassifier was fitted with feature names
  warnings.warn(
/home/lmy/anaconda3/envs/iotcls/lib/python3.11/site-packages/sklearn/utils/validation.py:2827: UserWarning: X does not have valid feature names, but LGBMClassifier was fitted with feature names
  warnings.warn(
/home/lmy/anaconda3/envs/iotcls/lib/python3.11/site-packages/sklearn/utils/validation.py:2827: UserWarning: X does not have valid feature names, but LGBMClassifier was fitted with feature names
  warnings.warn(
/home/lmy/anaconda3/envs/iotcls/lib/python3.11/site-packages/sklearn/utils/validation.py:2827: UserWarning: X does not have valid feature names, but LGBMClassifier was fitted with feature names
  warnings.warn(
/home/lmy/anaconda3/envs/iotcls/lib/python3.11/site-packages/sklearn/utils/validation.py:2827: UserWarning: X does not have valid feature names, but LGBMClassifier was fitted with feature names
  warnings.warn(
/home/lmy/anaconda3/envs/iotcls/lib/python3.11/site-packages/sklearn/utils/validation.py:2827: UserWarning: X does not have valid feature names, but LGBMClassifier was fitted with feature names
  warnings.warn(
/home/lmy/anaconda3/envs/iotcls/lib/python3.11/site-packages/sklearn/utils/validation.py:2827: UserWarning: X does not have valid feature names, but LGBMClassifier was fitted with feature names
  warnings.warn(
/home/lmy/anaconda3/envs/iotcls/lib/python3.11/site-packages/sklearn/utils/validation.py:2827: UserWarning: X does not have valid feature names, but LGBMClassifier was fitted with feature names
  warnings.warn(
/home/lmy/anaconda3/envs/iotcls/lib/python3.11/site-packages/sklearn/utils/validation.py:2827: UserWarning: X does not have valid feature names, but LGBMClassifier was fitted with feature names
  warnings.warn(
/home/lmy/anaconda3/envs/iotcls/lib/python3.11/site-packages/sklearn/utils/validation.py:2827: UserWarning: X does not have valid feature names, but LGBMClassifier was fitted with feature names
  warnings.warn(
/home/lmy/anaconda3/envs/iotcls/lib/python3.11/site-packages/sklearn/utils/validation.py:2827: UserWarning: X does not have valid feature names, but LGBMClassifier was fitted with feature names
  warnings.warn(
/home/lmy/anaconda3/envs/iotcls/lib/python3.11/site-packages/sklearn/utils/validation.py:2827: UserWarning: X does not have valid feature names, but LGBMClassifier was fitted with feature names
  warnings.warn(
  R2R4>R3   |S|=2  评估 2 对  min在位者=0.3842  过闸 2 对  Light_T1|Light_XM Light_T1|Sensor
/home/lmy/anaconda3/envs/iotcls/lib/python3.11/site-packages/sklearn/utils/validation.py:2827: UserWarning: X does not have valid feature names, but LGBMClassifier was fitted with feature names
  warnings.warn(
/home/lmy/anaconda3/envs/iotcls/lib/python3.11/site-packages/sklearn/utils/validation.py:2827: UserWarning: X does not have valid feature names, but LGBMClassifier was fitted with feature names
  warnings.warn(
/home/lmy/anaconda3/envs/iotcls/lib/python3.11/site-packages/sklearn/utils/validation.py:2827: UserWarning: X does not have valid feature names, but LGBMClassifier was fitted with feature names
  warnings.warn(
/home/lmy/anaconda3/envs/iotcls/lib/python3.11/site-packages/sklearn/utils/validation.py:2827: UserWarning: X does not have valid feature names, but LGBMClassifier was fitted with feature names
  warnings.warn(
/home/lmy/anaconda3/envs/iotcls/lib/python3.11/site-packages/sklearn/utils/validation.py:2827: UserWarning: X does not have valid feature names, but LGBMClassifier was fitted with feature names
  warnings.warn(
/home/lmy/anaconda3/envs/iotcls/lib/python3.11/site-packages/sklearn/utils/validation.py:2827: UserWarning: X does not have valid feature names, but LGBMClassifier was fitted with feature names
  warnings.warn(
/home/lmy/anaconda3/envs/iotcls/lib/python3.11/site-packages/sklearn/utils/validation.py:2827: UserWarning: X does not have valid feature names, but LGBMClassifier was fitted with feature names
  warnings.warn(
/home/lmy/anaconda3/envs/iotcls/lib/python3.11/site-packages/sklearn/utils/validation.py:2827: UserWarning: X does not have valid feature names, but LGBMClassifier was fitted with feature names
  warnings.warn(
/home/lmy/anaconda3/envs/iotcls/lib/python3.11/site-packages/sklearn/utils/validation.py:2827: UserWarning: X does not have valid feature names, but LGBMClassifier was fitted with feature names
  warnings.warn(
/home/lmy/anaconda3/envs/iotcls/lib/python3.11/site-packages/sklearn/utils/validation.py:2827: UserWarning: X does not have valid feature names, but LGBMClassifier was fitted with feature names
  warnings.warn(
/home/lmy/anaconda3/envs/iotcls/lib/python3.11/site-packages/sklearn/utils/validation.py:2827: UserWarning: X does not have valid feature names, but LGBMClassifier was fitted with feature names
  warnings.warn(
/home/lmy/anaconda3/envs/iotcls/lib/python3.11/site-packages/sklearn/utils/validation.py:2827: UserWarning: X does not have valid feature names, but LGBMClassifier was fitted with feature names
  warnings.warn(
/home/lmy/anaconda3/envs/iotcls/lib/python3.11/site-packages/sklearn/utils/validation.py:2827: UserWarning: X does not have valid feature names, but LGBMClassifier was fitted with feature names
  warnings.warn(
/home/lmy/anaconda3/envs/iotcls/lib/python3.11/site-packages/sklearn/utils/validation.py:2827: UserWarning: X does not have valid feature names, but LGBMClassifier was fitted with feature names
  warnings.warn(
/home/lmy/anaconda3/envs/iotcls/lib/python3.11/site-packages/sklearn/utils/validation.py:2827: UserWarning: X does not have valid feature names, but LGBMClassifier was fitted with feature names
  warnings.warn(
/home/lmy/anaconda3/envs/iotcls/lib/python3.11/site-packages/sklearn/utils/validation.py:2827: UserWarning: X does not have valid feature names, but LGBMClassifier was fitted with feature names
  warnings.warn(
/home/lmy/anaconda3/envs/iotcls/lib/python3.11/site-packages/sklearn/utils/validation.py:2827: UserWarning: X does not have valid feature names, but LGBMClassifier was fitted with feature names
  warnings.warn(
/home/lmy/anaconda3/envs/iotcls/lib/python3.11/site-packages/sklearn/utils/validation.py:2827: UserWarning: X does not have valid feature names, but LGBMClassifier was fitted with feature names
  warnings.warn(
/home/lmy/anaconda3/envs/iotcls/lib/python3.11/site-packages/sklearn/utils/validation.py:2827: UserWarning: X does not have valid feature names, but LGBMClassifier was fitted with feature names
  warnings.warn(
/home/lmy/anaconda3/envs/iotcls/lib/python3.11/site-packages/sklearn/utils/validation.py:2827: UserWarning: X does not have valid feature names, but LGBMClassifier was fitted with feature names
  warnings.warn(
/home/lmy/anaconda3/envs/iotcls/lib/python3.11/site-packages/sklearn/utils/validation.py:2827: UserWarning: X does not have valid feature names, but LGBMClassifier was fitted with feature names
  warnings.warn(
/home/lmy/anaconda3/envs/iotcls/lib/python3.11/site-packages/sklearn/utils/validation.py:2827: UserWarning: X does not have valid feature names, but LGBMClassifier was fitted with feature names
  warnings.warn(
/home/lmy/anaconda3/envs/iotcls/lib/python3.11/site-packages/sklearn/utils/validation.py:2827: UserWarning: X does not have valid feature names, but LGBMClassifier was fitted with feature names
  warnings.warn(
/home/lmy/anaconda3/envs/iotcls/lib/python3.11/site-packages/sklearn/utils/validation.py:2827: UserWarning: X does not have valid feature names, but LGBMClassifier was fitted with feature names
  warnings.warn(
/home/lmy/anaconda3/envs/iotcls/lib/python3.11/site-packages/sklearn/utils/validation.py:2827: UserWarning: X does not have valid feature names, but LGBMClassifier was fitted with feature names
  warnings.warn(
/home/lmy/anaconda3/envs/iotcls/lib/python3.11/site-packages/sklearn/utils/validation.py:2827: UserWarning: X does not have valid feature names, but LGBMClassifier was fitted with feature names
  warnings.warn(
/home/lmy/anaconda3/envs/iotcls/lib/python3.11/site-packages/sklearn/utils/validation.py:2827: UserWarning: X does not have valid feature names, but LGBMClassifier was fitted with feature names
  warnings.warn(
/home/lmy/anaconda3/envs/iotcls/lib/python3.11/site-packages/sklearn/utils/validation.py:2827: UserWarning: X does not have valid feature names, but LGBMClassifier was fitted with feature names
  warnings.warn(
/home/lmy/anaconda3/envs/iotcls/lib/python3.11/site-packages/sklearn/utils/validation.py:2827: UserWarning: X does not have valid feature names, but LGBMClassifier was fitted with feature names
  warnings.warn(
/home/lmy/anaconda3/envs/iotcls/lib/python3.11/site-packages/sklearn/utils/validation.py:2827: UserWarning: X does not have valid feature names, but LGBMClassifier was fitted with feature names
  warnings.warn(
/home/lmy/anaconda3/envs/iotcls/lib/python3.11/site-packages/sklearn/utils/validation.py:2827: UserWarning: X does not have valid feature names, but LGBMClassifier was fitted with feature names
  warnings.warn(
/home/lmy/anaconda3/envs/iotcls/lib/python3.11/site-packages/sklearn/utils/validation.py:2827: UserWarning: X does not have valid feature names, but LGBMClassifier was fitted with feature names
  warnings.warn(
/home/lmy/anaconda3/envs/iotcls/lib/python3.11/site-packages/sklearn/utils/validation.py:2827: UserWarning: X does not have valid feature names, but LGBMClassifier was fitted with feature names
  warnings.warn(
/home/lmy/anaconda3/envs/iotcls/lib/python3.11/site-packages/sklearn/utils/validation.py:2827: UserWarning: X does not have valid feature names, but LGBMClassifier was fitted with feature names
  warnings.warn(
/home/lmy/anaconda3/envs/iotcls/lib/python3.11/site-packages/sklearn/utils/validation.py:2827: UserWarning: X does not have valid feature names, but LGBMClassifier was fitted with feature names
  warnings.warn(
/home/lmy/anaconda3/envs/iotcls/lib/python3.11/site-packages/sklearn/utils/validation.py:2827: UserWarning: X does not have valid feature names, but LGBMClassifier was fitted with feature names
  warnings.warn(
/home/lmy/anaconda3/envs/iotcls/lib/python3.11/site-packages/sklearn/utils/validation.py:2827: UserWarning: X does not have valid feature names, but LGBMClassifier was fitted with feature names
  warnings.warn(
/home/lmy/anaconda3/envs/iotcls/lib/python3.11/site-packages/sklearn/utils/validation.py:2827: UserWarning: X does not have valid feature names, but LGBMClassifier was fitted with feature names
  warnings.warn(
/home/lmy/anaconda3/envs/iotcls/lib/python3.11/site-packages/sklearn/utils/validation.py:2827: UserWarning: X does not have valid feature names, but LGBMClassifier was fitted with feature names
  warnings.warn(
/home/lmy/anaconda3/envs/iotcls/lib/python3.11/site-packages/sklearn/utils/validation.py:2827: UserWarning: X does not have valid feature names, but LGBMClassifier was fitted with feature names
  warnings.warn(
/home/lmy/anaconda3/envs/iotcls/lib/python3.11/site-packages/sklearn/utils/validation.py:2827: UserWarning: X does not have valid feature names, but LGBMClassifier was fitted with feature names
  warnings.warn(
/home/lmy/anaconda3/envs/iotcls/lib/python3.11/site-packages/sklearn/utils/validation.py:2827: UserWarning: X does not have valid feature names, but LGBMClassifier was fitted with feature names
  warnings.warn(
/home/lmy/anaconda3/envs/iotcls/lib/python3.11/site-packages/sklearn/utils/validation.py:2827: UserWarning: X does not have valid feature names, but LGBMClassifier was fitted with feature names
  warnings.warn(
/home/lmy/anaconda3/envs/iotcls/lib/python3.11/site-packages/sklearn/utils/validation.py:2827: UserWarning: X does not have valid feature names, but LGBMClassifier was fitted with feature names
  warnings.warn(
/home/lmy/anaconda3/envs/iotcls/lib/python3.11/site-packages/sklearn/utils/validation.py:2827: UserWarning: X does not have valid feature names, but LGBMClassifier was fitted with feature names
  warnings.warn(
/home/lmy/anaconda3/envs/iotcls/lib/python3.11/site-packages/sklearn/utils/validation.py:2827: UserWarning: X does not have valid feature names, but LGBMClassifier was fitted with feature names
  warnings.warn(
/home/lmy/anaconda3/envs/iotcls/lib/python3.11/site-packages/sklearn/utils/validation.py:2827: UserWarning: X does not have valid feature names, but LGBMClassifier was fitted with feature names
  warnings.warn(
/home/lmy/anaconda3/envs/iotcls/lib/python3.11/site-packages/sklearn/utils/validation.py:2827: UserWarning: X does not have valid feature names, but LGBMClassifier was fitted with feature names
  warnings.warn(
  R3R4>R2   |S|=2  评估 3 对  min在位者=0.7692  过闸 2 对  Light_T1|Light_XM Light_T1|Sensor
/home/lmy/anaconda3/envs/iotcls/lib/python3.11/site-packages/sklearn/utils/validation.py:2827: UserWarning: X does not have valid feature names, but LGBMClassifier was fitted with feature names
  warnings.warn(
/home/lmy/anaconda3/envs/iotcls/lib/python3.11/site-packages/sklearn/utils/validation.py:2827: UserWarning: X does not have valid feature names, but LGBMClassifier was fitted with feature names
  warnings.warn(
/home/lmy/anaconda3/envs/iotcls/lib/python3.11/site-packages/sklearn/utils/validation.py:2827: UserWarning: X does not have valid feature names, but LGBMClassifier was fitted with feature names
  warnings.warn(
/home/lmy/anaconda3/envs/iotcls/lib/python3.11/site-packages/sklearn/utils/validation.py:2827: UserWarning: X does not have valid feature names, but LGBMClassifier was fitted with feature names
  warnings.warn(
  pos_R5 seed42  flat=0.6737 分层=0.7248  R2>R3=0.7817  R2>R4=0.7816  R3>R2=0.7878  R3>R4=0.7907  R4>R2=0.7348  R4>R3=0.7962  R2R3>R4=0.7366  R2R4>R3=0.7962  R3R4>R2=0.7874
/home/lmy/anaconda3/envs/iotcls/lib/python3.11/site-packages/sklearn/utils/validation.py:2827: UserWarning: X does not have valid feature names, but LGBMClassifier was fitted with feature names
  warnings.warn(
/home/lmy/anaconda3/envs/iotcls/lib/python3.11/site-packages/sklearn/utils/validation.py:2827: UserWarning: X does not have valid feature names, but LGBMClassifier was fitted with feature names
  warnings.warn(
/home/lmy/anaconda3/envs/iotcls/lib/python3.11/site-packages/sklearn/utils/validation.py:2827: UserWarning: X does not have valid feature names, but LGBMClassifier was fitted with feature names
  warnings.warn(
/home/lmy/anaconda3/envs/iotcls/lib/python3.11/site-packages/sklearn/utils/validation.py:2827: UserWarning: X does not have valid feature names, but LGBMClassifier was fitted with feature names
  warnings.warn(
  jit_R6 seed42  flat=0.8120 分层=0.8437  R2>R3=0.8425  R2>R4=0.8457  R3>R2=0.8496  R3>R4=0.8381  R4>R2=0.8414  R4>R3=0.8456  R2R3>R4=0.8347  R2R4>R3=0.8456  R3R4>R2=0.8507
/home/lmy/anaconda3/envs/iotcls/lib/python3.11/site-packages/sklearn/utils/validation.py:2827: UserWarning: X does not have valid feature names, but LGBMClassifier was fitted with feature names
  warnings.warn(
/home/lmy/anaconda3/envs/iotcls/lib/python3.11/site-packages/sklearn/utils/validation.py:2827: UserWarning: X does not have valid feature names, but LGBMClassifier was fitted with feature names
  warnings.warn(
/home/lmy/anaconda3/envs/iotcls/lib/python3.11/site-packages/sklearn/utils/validation.py:2827: UserWarning: X does not have valid feature names, but LGBMClassifier was fitted with feature names
  warnings.warn(
/home/lmy/anaconda3/envs/iotcls/lib/python3.11/site-packages/sklearn/utils/validation.py:2827: UserWarning: X does not have valid feature names, but LGBMClassifier was fitted with feature names
  warnings.warn(
  jit_R7 seed42  flat=0.8655 分层=0.8714  R2>R3=0.8724  R2>R4=0.8785  R3>R2=0.8914  R3>R4=0.8761  R4>R2=0.8864  R4>R3=0.8900  R2R3>R4=0.8810  R2R4>R3=0.8900  R3R4>R2=0.8822

=== seed43  第一段平滑窗 kb=10（固定，全臂共用）===
/home/lmy/anaconda3/envs/iotcls/lib/python3.11/site-packages/sklearn/utils/validation.py:2827: UserWarning: X does not have valid feature names, but LGBMClassifier was fitted with feature names
  warnings.warn(
/home/lmy/anaconda3/envs/iotcls/lib/python3.11/site-packages/sklearn/utils/validation.py:2827: UserWarning: X does not have valid feature names, but LGBMClassifier was fitted with feature names
  warnings.warn(
/home/lmy/anaconda3/envs/iotcls/lib/python3.11/site-packages/sklearn/utils/validation.py:2827: UserWarning: X does not have valid feature names, but LGBMClassifier was fitted with feature names
  warnings.warn(
/home/lmy/anaconda3/envs/iotcls/lib/python3.11/site-packages/sklearn/utils/validation.py:2827: UserWarning: X does not have valid feature names, but LGBMClassifier was fitted with feature names
  warnings.warn(
/home/lmy/anaconda3/envs/iotcls/lib/python3.11/site-packages/sklearn/utils/validation.py:2827: UserWarning: X does not have valid feature names, but LGBMClassifier was fitted with feature names
  warnings.warn(
/home/lmy/anaconda3/envs/iotcls/lib/python3.11/site-packages/sklearn/utils/validation.py:2827: UserWarning: X does not have valid feature names, but LGBMClassifier was fitted with feature names
  warnings.warn(
/home/lmy/anaconda3/envs/iotcls/lib/python3.11/site-packages/sklearn/utils/validation.py:2827: UserWarning: X does not have valid feature names, but LGBMClassifier was fitted with feature names
  warnings.warn(
/home/lmy/anaconda3/envs/iotcls/lib/python3.11/site-packages/sklearn/utils/validation.py:2827: UserWarning: X does not have valid feature names, but LGBMClassifier was fitted with feature names
  warnings.warn(
/home/lmy/anaconda3/envs/iotcls/lib/python3.11/site-packages/sklearn/utils/validation.py:2827: UserWarning: X does not have valid feature names, but LGBMClassifier was fitted with feature names
  warnings.warn(
/home/lmy/anaconda3/envs/iotcls/lib/python3.11/site-packages/sklearn/utils/validation.py:2827: UserWarning: X does not have valid feature names, but LGBMClassifier was fitted with feature names
  warnings.warn(
/home/lmy/anaconda3/envs/iotcls/lib/python3.11/site-packages/sklearn/utils/validation.py:2827: UserWarning: X does not have valid feature names, but LGBMClassifier was fitted with feature names
  warnings.warn(
/home/lmy/anaconda3/envs/iotcls/lib/python3.11/site-packages/sklearn/utils/validation.py:2827: UserWarning: X does not have valid feature names, but LGBMClassifier was fitted with feature names
  warnings.warn(
/home/lmy/anaconda3/envs/iotcls/lib/python3.11/site-packages/sklearn/utils/validation.py:2827: UserWarning: X does not have valid feature names, but LGBMClassifier was fitted with feature names
  warnings.warn(
/home/lmy/anaconda3/envs/iotcls/lib/python3.11/site-packages/sklearn/utils/validation.py:2827: UserWarning: X does not have valid feature names, but LGBMClassifier was fitted with feature names
  warnings.warn(
/home/lmy/anaconda3/envs/iotcls/lib/python3.11/site-packages/sklearn/utils/validation.py:2827: UserWarning: X does not have valid feature names, but LGBMClassifier was fitted with feature names
  warnings.warn(
/home/lmy/anaconda3/envs/iotcls/lib/python3.11/site-packages/sklearn/utils/validation.py:2827: UserWarning: X does not have valid feature names, but LGBMClassifier was fitted with feature names
  warnings.warn(
/home/lmy/anaconda3/envs/iotcls/lib/python3.11/site-packages/sklearn/utils/validation.py:2827: UserWarning: X does not have valid feature names, but LGBMClassifier was fitted with feature names
  warnings.warn(
/home/lmy/anaconda3/envs/iotcls/lib/python3.11/site-packages/sklearn/utils/validation.py:2827: UserWarning: X does not have valid feature names, but LGBMClassifier was fitted with feature names
  warnings.warn(
/home/lmy/anaconda3/envs/iotcls/lib/python3.11/site-packages/sklearn/utils/validation.py:2827: UserWarning: X does not have valid feature names, but LGBMClassifier was fitted with feature names
  warnings.warn(
/home/lmy/anaconda3/envs/iotcls/lib/python3.11/site-packages/sklearn/utils/validation.py:2827: UserWarning: X does not have valid feature names, but LGBMClassifier was fitted with feature names
  warnings.warn(
/home/lmy/anaconda3/envs/iotcls/lib/python3.11/site-packages/sklearn/utils/validation.py:2827: UserWarning: X does not have valid feature names, but LGBMClassifier was fitted with feature names
  warnings.warn(
/home/lmy/anaconda3/envs/iotcls/lib/python3.11/site-packages/sklearn/utils/validation.py:2827: UserWarning: X does not have valid feature names, but LGBMClassifier was fitted with feature names
  warnings.warn(
/home/lmy/anaconda3/envs/iotcls/lib/python3.11/site-packages/sklearn/utils/validation.py:2827: UserWarning: X does not have valid feature names, but LGBMClassifier was fitted with feature names
  warnings.warn(
/home/lmy/anaconda3/envs/iotcls/lib/python3.11/site-packages/sklearn/utils/validation.py:2827: UserWarning: X does not have valid feature names, but LGBMClassifier was fitted with feature names
  warnings.warn(
/home/lmy/anaconda3/envs/iotcls/lib/python3.11/site-packages/sklearn/utils/validation.py:2827: UserWarning: X does not have valid feature names, but LGBMClassifier was fitted with feature names
  warnings.warn(
/home/lmy/anaconda3/envs/iotcls/lib/python3.11/site-packages/sklearn/utils/validation.py:2827: UserWarning: X does not have valid feature names, but LGBMClassifier was fitted with feature names
  warnings.warn(
/home/lmy/anaconda3/envs/iotcls/lib/python3.11/site-packages/sklearn/utils/validation.py:2827: UserWarning: X does not have valid feature names, but LGBMClassifier was fitted with feature names
  warnings.warn(
/home/lmy/anaconda3/envs/iotcls/lib/python3.11/site-packages/sklearn/utils/validation.py:2827: UserWarning: X does not have valid feature names, but LGBMClassifier was fitted with feature names
  warnings.warn(
/home/lmy/anaconda3/envs/iotcls/lib/python3.11/site-packages/sklearn/utils/validation.py:2827: UserWarning: X does not have valid feature names, but LGBMClassifier was fitted with feature names
  warnings.warn(
/home/lmy/anaconda3/envs/iotcls/lib/python3.11/site-packages/sklearn/utils/validation.py:2827: UserWarning: X does not have valid feature names, but LGBMClassifier was fitted with feature names
  warnings.warn(
/home/lmy/anaconda3/envs/iotcls/lib/python3.11/site-packages/sklearn/utils/validation.py:2827: UserWarning: X does not have valid feature names, but LGBMClassifier was fitted with feature names
  warnings.warn(
/home/lmy/anaconda3/envs/iotcls/lib/python3.11/site-packages/sklearn/utils/validation.py:2827: UserWarning: X does not have valid feature names, but LGBMClassifier was fitted with feature names
  warnings.warn(
  R2>R3     |S|=1  评估 2 对  min在位者=0.0029  过闸 1 对  Light_T1|Sensor
/home/lmy/anaconda3/envs/iotcls/lib/python3.11/site-packages/sklearn/utils/validation.py:2827: UserWarning: X does not have valid feature names, but LGBMClassifier was fitted with feature names
  warnings.warn(
/home/lmy/anaconda3/envs/iotcls/lib/python3.11/site-packages/sklearn/utils/validation.py:2827: UserWarning: X does not have valid feature names, but LGBMClassifier was fitted with feature names
  warnings.warn(
/home/lmy/anaconda3/envs/iotcls/lib/python3.11/site-packages/sklearn/utils/validation.py:2827: UserWarning: X does not have valid feature names, but LGBMClassifier was fitted with feature names
  warnings.warn(
/home/lmy/anaconda3/envs/iotcls/lib/python3.11/site-packages/sklearn/utils/validation.py:2827: UserWarning: X does not have valid feature names, but LGBMClassifier was fitted with feature names
  warnings.warn(
/home/lmy/anaconda3/envs/iotcls/lib/python3.11/site-packages/sklearn/utils/validation.py:2827: UserWarning: X does not have valid feature names, but LGBMClassifier was fitted with feature names
  warnings.warn(
/home/lmy/anaconda3/envs/iotcls/lib/python3.11/site-packages/sklearn/utils/validation.py:2827: UserWarning: X does not have valid feature names, but LGBMClassifier was fitted with feature names
  warnings.warn(
/home/lmy/anaconda3/envs/iotcls/lib/python3.11/site-packages/sklearn/utils/validation.py:2827: UserWarning: X does not have valid feature names, but LGBMClassifier was fitted with feature names
  warnings.warn(
/home/lmy/anaconda3/envs/iotcls/lib/python3.11/site-packages/sklearn/utils/validation.py:2827: UserWarning: X does not have valid feature names, but LGBMClassifier was fitted with feature names
  warnings.warn(
/home/lmy/anaconda3/envs/iotcls/lib/python3.11/site-packages/sklearn/utils/validation.py:2827: UserWarning: X does not have valid feature names, but LGBMClassifier was fitted with feature names
  warnings.warn(
/home/lmy/anaconda3/envs/iotcls/lib/python3.11/site-packages/sklearn/utils/validation.py:2827: UserWarning: X does not have valid feature names, but LGBMClassifier was fitted with feature names
  warnings.warn(
/home/lmy/anaconda3/envs/iotcls/lib/python3.11/site-packages/sklearn/utils/validation.py:2827: UserWarning: X does not have valid feature names, but LGBMClassifier was fitted with feature names
  warnings.warn(
/home/lmy/anaconda3/envs/iotcls/lib/python3.11/site-packages/sklearn/utils/validation.py:2827: UserWarning: X does not have valid feature names, but LGBMClassifier was fitted with feature names
  warnings.warn(
/home/lmy/anaconda3/envs/iotcls/lib/python3.11/site-packages/sklearn/utils/validation.py:2827: UserWarning: X does not have valid feature names, but LGBMClassifier was fitted with feature names
  warnings.warn(
/home/lmy/anaconda3/envs/iotcls/lib/python3.11/site-packages/sklearn/utils/validation.py:2827: UserWarning: X does not have valid feature names, but LGBMClassifier was fitted with feature names
  warnings.warn(
/home/lmy/anaconda3/envs/iotcls/lib/python3.11/site-packages/sklearn/utils/validation.py:2827: UserWarning: X does not have valid feature names, but LGBMClassifier was fitted with feature names
  warnings.warn(
/home/lmy/anaconda3/envs/iotcls/lib/python3.11/site-packages/sklearn/utils/validation.py:2827: UserWarning: X does not have valid feature names, but LGBMClassifier was fitted with feature names
  warnings.warn(
/home/lmy/anaconda3/envs/iotcls/lib/python3.11/site-packages/sklearn/utils/validation.py:2827: UserWarning: X does not have valid feature names, but LGBMClassifier was fitted with feature names
  warnings.warn(
/home/lmy/anaconda3/envs/iotcls/lib/python3.11/site-packages/sklearn/utils/validation.py:2827: UserWarning: X does not have valid feature names, but LGBMClassifier was fitted with feature names
  warnings.warn(
/home/lmy/anaconda3/envs/iotcls/lib/python3.11/site-packages/sklearn/utils/validation.py:2827: UserWarning: X does not have valid feature names, but LGBMClassifier was fitted with feature names
  warnings.warn(
/home/lmy/anaconda3/envs/iotcls/lib/python3.11/site-packages/sklearn/utils/validation.py:2827: UserWarning: X does not have valid feature names, but LGBMClassifier was fitted with feature names
  warnings.warn(
/home/lmy/anaconda3/envs/iotcls/lib/python3.11/site-packages/sklearn/utils/validation.py:2827: UserWarning: X does not have valid feature names, but LGBMClassifier was fitted with feature names
  warnings.warn(
/home/lmy/anaconda3/envs/iotcls/lib/python3.11/site-packages/sklearn/utils/validation.py:2827: UserWarning: X does not have valid feature names, but LGBMClassifier was fitted with feature names
  warnings.warn(
/home/lmy/anaconda3/envs/iotcls/lib/python3.11/site-packages/sklearn/utils/validation.py:2827: UserWarning: X does not have valid feature names, but LGBMClassifier was fitted with feature names
  warnings.warn(
/home/lmy/anaconda3/envs/iotcls/lib/python3.11/site-packages/sklearn/utils/validation.py:2827: UserWarning: X does not have valid feature names, but LGBMClassifier was fitted with feature names
  warnings.warn(
/home/lmy/anaconda3/envs/iotcls/lib/python3.11/site-packages/sklearn/utils/validation.py:2827: UserWarning: X does not have valid feature names, but LGBMClassifier was fitted with feature names
  warnings.warn(
/home/lmy/anaconda3/envs/iotcls/lib/python3.11/site-packages/sklearn/utils/validation.py:2827: UserWarning: X does not have valid feature names, but LGBMClassifier was fitted with feature names
  warnings.warn(
/home/lmy/anaconda3/envs/iotcls/lib/python3.11/site-packages/sklearn/utils/validation.py:2827: UserWarning: X does not have valid feature names, but LGBMClassifier was fitted with feature names
  warnings.warn(
/home/lmy/anaconda3/envs/iotcls/lib/python3.11/site-packages/sklearn/utils/validation.py:2827: UserWarning: X does not have valid feature names, but LGBMClassifier was fitted with feature names
  warnings.warn(
/home/lmy/anaconda3/envs/iotcls/lib/python3.11/site-packages/sklearn/utils/validation.py:2827: UserWarning: X does not have valid feature names, but LGBMClassifier was fitted with feature names
  warnings.warn(
/home/lmy/anaconda3/envs/iotcls/lib/python3.11/site-packages/sklearn/utils/validation.py:2827: UserWarning: X does not have valid feature names, but LGBMClassifier was fitted with feature names
  warnings.warn(
/home/lmy/anaconda3/envs/iotcls/lib/python3.11/site-packages/sklearn/utils/validation.py:2827: UserWarning: X does not have valid feature names, but LGBMClassifier was fitted with feature names
  warnings.warn(
/home/lmy/anaconda3/envs/iotcls/lib/python3.11/site-packages/sklearn/utils/validation.py:2827: UserWarning: X does not have valid feature names, but LGBMClassifier was fitted with feature names
  warnings.warn(
  R2>R4     |S|=1  评估 2 对  min在位者=0.2471  过闸 2 对  Light_T1|Sensor Light_XM|Sensor
/home/lmy/anaconda3/envs/iotcls/lib/python3.11/site-packages/sklearn/utils/validation.py:2827: UserWarning: X does not have valid feature names, but LGBMClassifier was fitted with feature names
  warnings.warn(
/home/lmy/anaconda3/envs/iotcls/lib/python3.11/site-packages/sklearn/utils/validation.py:2827: UserWarning: X does not have valid feature names, but LGBMClassifier was fitted with feature names
  warnings.warn(
/home/lmy/anaconda3/envs/iotcls/lib/python3.11/site-packages/sklearn/utils/validation.py:2827: UserWarning: X does not have valid feature names, but LGBMClassifier was fitted with feature names
  warnings.warn(
/home/lmy/anaconda3/envs/iotcls/lib/python3.11/site-packages/sklearn/utils/validation.py:2827: UserWarning: X does not have valid feature names, but LGBMClassifier was fitted with feature names
  warnings.warn(
/home/lmy/anaconda3/envs/iotcls/lib/python3.11/site-packages/sklearn/utils/validation.py:2827: UserWarning: X does not have valid feature names, but LGBMClassifier was fitted with feature names
  warnings.warn(
/home/lmy/anaconda3/envs/iotcls/lib/python3.11/site-packages/sklearn/utils/validation.py:2827: UserWarning: X does not have valid feature names, but LGBMClassifier was fitted with feature names
  warnings.warn(
/home/lmy/anaconda3/envs/iotcls/lib/python3.11/site-packages/sklearn/utils/validation.py:2827: UserWarning: X does not have valid feature names, but LGBMClassifier was fitted with feature names
  warnings.warn(
/home/lmy/anaconda3/envs/iotcls/lib/python3.11/site-packages/sklearn/utils/validation.py:2827: UserWarning: X does not have valid feature names, but LGBMClassifier was fitted with feature names
  warnings.warn(
/home/lmy/anaconda3/envs/iotcls/lib/python3.11/site-packages/sklearn/utils/validation.py:2827: UserWarning: X does not have valid feature names, but LGBMClassifier was fitted with feature names
  warnings.warn(
/home/lmy/anaconda3/envs/iotcls/lib/python3.11/site-packages/sklearn/utils/validation.py:2827: UserWarning: X does not have valid feature names, but LGBMClassifier was fitted with feature names
  warnings.warn(
/home/lmy/anaconda3/envs/iotcls/lib/python3.11/site-packages/sklearn/utils/validation.py:2827: UserWarning: X does not have valid feature names, but LGBMClassifier was fitted with feature names
  warnings.warn(
/home/lmy/anaconda3/envs/iotcls/lib/python3.11/site-packages/sklearn/utils/validation.py:2827: UserWarning: X does not have valid feature names, but LGBMClassifier was fitted with feature names
  warnings.warn(
/home/lmy/anaconda3/envs/iotcls/lib/python3.11/site-packages/sklearn/utils/validation.py:2827: UserWarning: X does not have valid feature names, but LGBMClassifier was fitted with feature names
  warnings.warn(
/home/lmy/anaconda3/envs/iotcls/lib/python3.11/site-packages/sklearn/utils/validation.py:2827: UserWarning: X does not have valid feature names, but LGBMClassifier was fitted with feature names
  warnings.warn(
/home/lmy/anaconda3/envs/iotcls/lib/python3.11/site-packages/sklearn/utils/validation.py:2827: UserWarning: X does not have valid feature names, but LGBMClassifier was fitted with feature names
  warnings.warn(
/home/lmy/anaconda3/envs/iotcls/lib/python3.11/site-packages/sklearn/utils/validation.py:2827: UserWarning: X does not have valid feature names, but LGBMClassifier was fitted with feature names
  warnings.warn(
/home/lmy/anaconda3/envs/iotcls/lib/python3.11/site-packages/sklearn/utils/validation.py:2827: UserWarning: X does not have valid feature names, but LGBMClassifier was fitted with feature names
  warnings.warn(
/home/lmy/anaconda3/envs/iotcls/lib/python3.11/site-packages/sklearn/utils/validation.py:2827: UserWarning: X does not have valid feature names, but LGBMClassifier was fitted with feature names
  warnings.warn(
/home/lmy/anaconda3/envs/iotcls/lib/python3.11/site-packages/sklearn/utils/validation.py:2827: UserWarning: X does not have valid feature names, but LGBMClassifier was fitted with feature names
  warnings.warn(
/home/lmy/anaconda3/envs/iotcls/lib/python3.11/site-packages/sklearn/utils/validation.py:2827: UserWarning: X does not have valid feature names, but LGBMClassifier was fitted with feature names
  warnings.warn(
/home/lmy/anaconda3/envs/iotcls/lib/python3.11/site-packages/sklearn/utils/validation.py:2827: UserWarning: X does not have valid feature names, but LGBMClassifier was fitted with feature names
  warnings.warn(
/home/lmy/anaconda3/envs/iotcls/lib/python3.11/site-packages/sklearn/utils/validation.py:2827: UserWarning: X does not have valid feature names, but LGBMClassifier was fitted with feature names
  warnings.warn(
/home/lmy/anaconda3/envs/iotcls/lib/python3.11/site-packages/sklearn/utils/validation.py:2827: UserWarning: X does not have valid feature names, but LGBMClassifier was fitted with feature names
  warnings.warn(
/home/lmy/anaconda3/envs/iotcls/lib/python3.11/site-packages/sklearn/utils/validation.py:2827: UserWarning: X does not have valid feature names, but LGBMClassifier was fitted with feature names
  warnings.warn(
/home/lmy/anaconda3/envs/iotcls/lib/python3.11/site-packages/sklearn/utils/validation.py:2827: UserWarning: X does not have valid feature names, but LGBMClassifier was fitted with feature names
  warnings.warn(
/home/lmy/anaconda3/envs/iotcls/lib/python3.11/site-packages/sklearn/utils/validation.py:2827: UserWarning: X does not have valid feature names, but LGBMClassifier was fitted with feature names
  warnings.warn(
/home/lmy/anaconda3/envs/iotcls/lib/python3.11/site-packages/sklearn/utils/validation.py:2827: UserWarning: X does not have valid feature names, but LGBMClassifier was fitted with feature names
  warnings.warn(
/home/lmy/anaconda3/envs/iotcls/lib/python3.11/site-packages/sklearn/utils/validation.py:2827: UserWarning: X does not have valid feature names, but LGBMClassifier was fitted with feature names
  warnings.warn(
/home/lmy/anaconda3/envs/iotcls/lib/python3.11/site-packages/sklearn/utils/validation.py:2827: UserWarning: X does not have valid feature names, but LGBMClassifier was fitted with feature names
  warnings.warn(
/home/lmy/anaconda3/envs/iotcls/lib/python3.11/site-packages/sklearn/utils/validation.py:2827: UserWarning: X does not have valid feature names, but LGBMClassifier was fitted with feature names
  warnings.warn(
/home/lmy/anaconda3/envs/iotcls/lib/python3.11/site-packages/sklearn/utils/validation.py:2827: UserWarning: X does not have valid feature names, but LGBMClassifier was fitted with feature names
  warnings.warn(
/home/lmy/anaconda3/envs/iotcls/lib/python3.11/site-packages/sklearn/utils/validation.py:2827: UserWarning: X does not have valid feature names, but LGBMClassifier was fitted with feature names
  warnings.warn(
  R3>R2     |S|=1  评估 2 对  min在位者=0.0212  过闸 2 对  Light_T1|Sensor Light_XM|Sensor
/home/lmy/anaconda3/envs/iotcls/lib/python3.11/site-packages/sklearn/utils/validation.py:2827: UserWarning: X does not have valid feature names, but LGBMClassifier was fitted with feature names
  warnings.warn(
/home/lmy/anaconda3/envs/iotcls/lib/python3.11/site-packages/sklearn/utils/validation.py:2827: UserWarning: X does not have valid feature names, but LGBMClassifier was fitted with feature names
  warnings.warn(
/home/lmy/anaconda3/envs/iotcls/lib/python3.11/site-packages/sklearn/utils/validation.py:2827: UserWarning: X does not have valid feature names, but LGBMClassifier was fitted with feature names
  warnings.warn(
/home/lmy/anaconda3/envs/iotcls/lib/python3.11/site-packages/sklearn/utils/validation.py:2827: UserWarning: X does not have valid feature names, but LGBMClassifier was fitted with feature names
  warnings.warn(
/home/lmy/anaconda3/envs/iotcls/lib/python3.11/site-packages/sklearn/utils/validation.py:2827: UserWarning: X does not have valid feature names, but LGBMClassifier was fitted with feature names
  warnings.warn(
/home/lmy/anaconda3/envs/iotcls/lib/python3.11/site-packages/sklearn/utils/validation.py:2827: UserWarning: X does not have valid feature names, but LGBMClassifier was fitted with feature names
  warnings.warn(
/home/lmy/anaconda3/envs/iotcls/lib/python3.11/site-packages/sklearn/utils/validation.py:2827: UserWarning: X does not have valid feature names, but LGBMClassifier was fitted with feature names
  warnings.warn(
/home/lmy/anaconda3/envs/iotcls/lib/python3.11/site-packages/sklearn/utils/validation.py:2827: UserWarning: X does not have valid feature names, but LGBMClassifier was fitted with feature names
  warnings.warn(
/home/lmy/anaconda3/envs/iotcls/lib/python3.11/site-packages/sklearn/utils/validation.py:2827: UserWarning: X does not have valid feature names, but LGBMClassifier was fitted with feature names
  warnings.warn(
/home/lmy/anaconda3/envs/iotcls/lib/python3.11/site-packages/sklearn/utils/validation.py:2827: UserWarning: X does not have valid feature names, but LGBMClassifier was fitted with feature names
  warnings.warn(
/home/lmy/anaconda3/envs/iotcls/lib/python3.11/site-packages/sklearn/utils/validation.py:2827: UserWarning: X does not have valid feature names, but LGBMClassifier was fitted with feature names
  warnings.warn(
/home/lmy/anaconda3/envs/iotcls/lib/python3.11/site-packages/sklearn/utils/validation.py:2827: UserWarning: X does not have valid feature names, but LGBMClassifier was fitted with feature names
  warnings.warn(
/home/lmy/anaconda3/envs/iotcls/lib/python3.11/site-packages/sklearn/utils/validation.py:2827: UserWarning: X does not have valid feature names, but LGBMClassifier was fitted with feature names
  warnings.warn(
/home/lmy/anaconda3/envs/iotcls/lib/python3.11/site-packages/sklearn/utils/validation.py:2827: UserWarning: X does not have valid feature names, but LGBMClassifier was fitted with feature names
  warnings.warn(
/home/lmy/anaconda3/envs/iotcls/lib/python3.11/site-packages/sklearn/utils/validation.py:2827: UserWarning: X does not have valid feature names, but LGBMClassifier was fitted with feature names
  warnings.warn(
/home/lmy/anaconda3/envs/iotcls/lib/python3.11/site-packages/sklearn/utils/validation.py:2827: UserWarning: X does not have valid feature names, but LGBMClassifier was fitted with feature names
  warnings.warn(
/home/lmy/anaconda3/envs/iotcls/lib/python3.11/site-packages/sklearn/utils/validation.py:2827: UserWarning: X does not have valid feature names, but LGBMClassifier was fitted with feature names
  warnings.warn(
/home/lmy/anaconda3/envs/iotcls/lib/python3.11/site-packages/sklearn/utils/validation.py:2827: UserWarning: X does not have valid feature names, but LGBMClassifier was fitted with feature names
  warnings.warn(
/home/lmy/anaconda3/envs/iotcls/lib/python3.11/site-packages/sklearn/utils/validation.py:2827: UserWarning: X does not have valid feature names, but LGBMClassifier was fitted with feature names
  warnings.warn(
/home/lmy/anaconda3/envs/iotcls/lib/python3.11/site-packages/sklearn/utils/validation.py:2827: UserWarning: X does not have valid feature names, but LGBMClassifier was fitted with feature names
  warnings.warn(
/home/lmy/anaconda3/envs/iotcls/lib/python3.11/site-packages/sklearn/utils/validation.py:2827: UserWarning: X does not have valid feature names, but LGBMClassifier was fitted with feature names
  warnings.warn(
/home/lmy/anaconda3/envs/iotcls/lib/python3.11/site-packages/sklearn/utils/validation.py:2827: UserWarning: X does not have valid feature names, but LGBMClassifier was fitted with feature names
  warnings.warn(
/home/lmy/anaconda3/envs/iotcls/lib/python3.11/site-packages/sklearn/utils/validation.py:2827: UserWarning: X does not have valid feature names, but LGBMClassifier was fitted with feature names
  warnings.warn(
/home/lmy/anaconda3/envs/iotcls/lib/python3.11/site-packages/sklearn/utils/validation.py:2827: UserWarning: X does not have valid feature names, but LGBMClassifier was fitted with feature names
  warnings.warn(
/home/lmy/anaconda3/envs/iotcls/lib/python3.11/site-packages/sklearn/utils/validation.py:2827: UserWarning: X does not have valid feature names, but LGBMClassifier was fitted with feature names
  warnings.warn(
/home/lmy/anaconda3/envs/iotcls/lib/python3.11/site-packages/sklearn/utils/validation.py:2827: UserWarning: X does not have valid feature names, but LGBMClassifier was fitted with feature names
  warnings.warn(
/home/lmy/anaconda3/envs/iotcls/lib/python3.11/site-packages/sklearn/utils/validation.py:2827: UserWarning: X does not have valid feature names, but LGBMClassifier was fitted with feature names
  warnings.warn(
/home/lmy/anaconda3/envs/iotcls/lib/python3.11/site-packages/sklearn/utils/validation.py:2827: UserWarning: X does not have valid feature names, but LGBMClassifier was fitted with feature names
  warnings.warn(
/home/lmy/anaconda3/envs/iotcls/lib/python3.11/site-packages/sklearn/utils/validation.py:2827: UserWarning: X does not have valid feature names, but LGBMClassifier was fitted with feature names
  warnings.warn(
/home/lmy/anaconda3/envs/iotcls/lib/python3.11/site-packages/sklearn/utils/validation.py:2827: UserWarning: X does not have valid feature names, but LGBMClassifier was fitted with feature names
  warnings.warn(
/home/lmy/anaconda3/envs/iotcls/lib/python3.11/site-packages/sklearn/utils/validation.py:2827: UserWarning: X does not have valid feature names, but LGBMClassifier was fitted with feature names
  warnings.warn(
/home/lmy/anaconda3/envs/iotcls/lib/python3.11/site-packages/sklearn/utils/validation.py:2827: UserWarning: X does not have valid feature names, but LGBMClassifier was fitted with feature names
  warnings.warn(
  R3>R4     |S|=1  评估 2 对  min在位者=0.2071  过闸 2 对  Light_T1|Light_XM Light_T1|Sensor
/home/lmy/anaconda3/envs/iotcls/lib/python3.11/site-packages/sklearn/utils/validation.py:2827: UserWarning: X does not have valid feature names, but LGBMClassifier was fitted with feature names
  warnings.warn(
/home/lmy/anaconda3/envs/iotcls/lib/python3.11/site-packages/sklearn/utils/validation.py:2827: UserWarning: X does not have valid feature names, but LGBMClassifier was fitted with feature names
  warnings.warn(
/home/lmy/anaconda3/envs/iotcls/lib/python3.11/site-packages/sklearn/utils/validation.py:2827: UserWarning: X does not have valid feature names, but LGBMClassifier was fitted with feature names
  warnings.warn(
/home/lmy/anaconda3/envs/iotcls/lib/python3.11/site-packages/sklearn/utils/validation.py:2827: UserWarning: X does not have valid feature names, but LGBMClassifier was fitted with feature names
  warnings.warn(
/home/lmy/anaconda3/envs/iotcls/lib/python3.11/site-packages/sklearn/utils/validation.py:2827: UserWarning: X does not have valid feature names, but LGBMClassifier was fitted with feature names
  warnings.warn(
/home/lmy/anaconda3/envs/iotcls/lib/python3.11/site-packages/sklearn/utils/validation.py:2827: UserWarning: X does not have valid feature names, but LGBMClassifier was fitted with feature names
  warnings.warn(
/home/lmy/anaconda3/envs/iotcls/lib/python3.11/site-packages/sklearn/utils/validation.py:2827: UserWarning: X does not have valid feature names, but LGBMClassifier was fitted with feature names
  warnings.warn(
/home/lmy/anaconda3/envs/iotcls/lib/python3.11/site-packages/sklearn/utils/validation.py:2827: UserWarning: X does not have valid feature names, but LGBMClassifier was fitted with feature names
  warnings.warn(
/home/lmy/anaconda3/envs/iotcls/lib/python3.11/site-packages/sklearn/utils/validation.py:2827: UserWarning: X does not have valid feature names, but LGBMClassifier was fitted with feature names
  warnings.warn(
/home/lmy/anaconda3/envs/iotcls/lib/python3.11/site-packages/sklearn/utils/validation.py:2827: UserWarning: X does not have valid feature names, but LGBMClassifier was fitted with feature names
  warnings.warn(
/home/lmy/anaconda3/envs/iotcls/lib/python3.11/site-packages/sklearn/utils/validation.py:2827: UserWarning: X does not have valid feature names, but LGBMClassifier was fitted with feature names
  warnings.warn(
/home/lmy/anaconda3/envs/iotcls/lib/python3.11/site-packages/sklearn/utils/validation.py:2827: UserWarning: X does not have valid feature names, but LGBMClassifier was fitted with feature names
  warnings.warn(
/home/lmy/anaconda3/envs/iotcls/lib/python3.11/site-packages/sklearn/utils/validation.py:2827: UserWarning: X does not have valid feature names, but LGBMClassifier was fitted with feature names
  warnings.warn(
/home/lmy/anaconda3/envs/iotcls/lib/python3.11/site-packages/sklearn/utils/validation.py:2827: UserWarning: X does not have valid feature names, but LGBMClassifier was fitted with feature names
  warnings.warn(
/home/lmy/anaconda3/envs/iotcls/lib/python3.11/site-packages/sklearn/utils/validation.py:2827: UserWarning: X does not have valid feature names, but LGBMClassifier was fitted with feature names
  warnings.warn(
/home/lmy/anaconda3/envs/iotcls/lib/python3.11/site-packages/sklearn/utils/validation.py:2827: UserWarning: X does not have valid feature names, but LGBMClassifier was fitted with feature names
  warnings.warn(
/home/lmy/anaconda3/envs/iotcls/lib/python3.11/site-packages/sklearn/utils/validation.py:2827: UserWarning: X does not have valid feature names, but LGBMClassifier was fitted with feature names
  warnings.warn(
/home/lmy/anaconda3/envs/iotcls/lib/python3.11/site-packages/sklearn/utils/validation.py:2827: UserWarning: X does not have valid feature names, but LGBMClassifier was fitted with feature names
  warnings.warn(
/home/lmy/anaconda3/envs/iotcls/lib/python3.11/site-packages/sklearn/utils/validation.py:2827: UserWarning: X does not have valid feature names, but LGBMClassifier was fitted with feature names
  warnings.warn(
/home/lmy/anaconda3/envs/iotcls/lib/python3.11/site-packages/sklearn/utils/validation.py:2827: UserWarning: X does not have valid feature names, but LGBMClassifier was fitted with feature names
  warnings.warn(
/home/lmy/anaconda3/envs/iotcls/lib/python3.11/site-packages/sklearn/utils/validation.py:2827: UserWarning: X does not have valid feature names, but LGBMClassifier was fitted with feature names
  warnings.warn(
/home/lmy/anaconda3/envs/iotcls/lib/python3.11/site-packages/sklearn/utils/validation.py:2827: UserWarning: X does not have valid feature names, but LGBMClassifier was fitted with feature names
  warnings.warn(
/home/lmy/anaconda3/envs/iotcls/lib/python3.11/site-packages/sklearn/utils/validation.py:2827: UserWarning: X does not have valid feature names, but LGBMClassifier was fitted with feature names
  warnings.warn(
/home/lmy/anaconda3/envs/iotcls/lib/python3.11/site-packages/sklearn/utils/validation.py:2827: UserWarning: X does not have valid feature names, but LGBMClassifier was fitted with feature names
  warnings.warn(
/home/lmy/anaconda3/envs/iotcls/lib/python3.11/site-packages/sklearn/utils/validation.py:2827: UserWarning: X does not have valid feature names, but LGBMClassifier was fitted with feature names
  warnings.warn(
/home/lmy/anaconda3/envs/iotcls/lib/python3.11/site-packages/sklearn/utils/validation.py:2827: UserWarning: X does not have valid feature names, but LGBMClassifier was fitted with feature names
  warnings.warn(
/home/lmy/anaconda3/envs/iotcls/lib/python3.11/site-packages/sklearn/utils/validation.py:2827: UserWarning: X does not have valid feature names, but LGBMClassifier was fitted with feature names
  warnings.warn(
/home/lmy/anaconda3/envs/iotcls/lib/python3.11/site-packages/sklearn/utils/validation.py:2827: UserWarning: X does not have valid feature names, but LGBMClassifier was fitted with feature names
  warnings.warn(
/home/lmy/anaconda3/envs/iotcls/lib/python3.11/site-packages/sklearn/utils/validation.py:2827: UserWarning: X does not have valid feature names, but LGBMClassifier was fitted with feature names
  warnings.warn(
/home/lmy/anaconda3/envs/iotcls/lib/python3.11/site-packages/sklearn/utils/validation.py:2827: UserWarning: X does not have valid feature names, but LGBMClassifier was fitted with feature names
  warnings.warn(
/home/lmy/anaconda3/envs/iotcls/lib/python3.11/site-packages/sklearn/utils/validation.py:2827: UserWarning: X does not have valid feature names, but LGBMClassifier was fitted with feature names
  warnings.warn(
/home/lmy/anaconda3/envs/iotcls/lib/python3.11/site-packages/sklearn/utils/validation.py:2827: UserWarning: X does not have valid feature names, but LGBMClassifier was fitted with feature names
  warnings.warn(
/home/lmy/anaconda3/envs/iotcls/lib/python3.11/site-packages/sklearn/utils/validation.py:2827: UserWarning: X does not have valid feature names, but LGBMClassifier was fitted with feature names
  warnings.warn(
/home/lmy/anaconda3/envs/iotcls/lib/python3.11/site-packages/sklearn/utils/validation.py:2827: UserWarning: X does not have valid feature names, but LGBMClassifier was fitted with feature names
  warnings.warn(
/home/lmy/anaconda3/envs/iotcls/lib/python3.11/site-packages/sklearn/utils/validation.py:2827: UserWarning: X does not have valid feature names, but LGBMClassifier was fitted with feature names
  warnings.warn(
/home/lmy/anaconda3/envs/iotcls/lib/python3.11/site-packages/sklearn/utils/validation.py:2827: UserWarning: X does not have valid feature names, but LGBMClassifier was fitted with feature names
  warnings.warn(
/home/lmy/anaconda3/envs/iotcls/lib/python3.11/site-packages/sklearn/utils/validation.py:2827: UserWarning: X does not have valid feature names, but LGBMClassifier was fitted with feature names
  warnings.warn(
/home/lmy/anaconda3/envs/iotcls/lib/python3.11/site-packages/sklearn/utils/validation.py:2827: UserWarning: X does not have valid feature names, but LGBMClassifier was fitted with feature names
  warnings.warn(
/home/lmy/anaconda3/envs/iotcls/lib/python3.11/site-packages/sklearn/utils/validation.py:2827: UserWarning: X does not have valid feature names, but LGBMClassifier was fitted with feature names
  warnings.warn(
/home/lmy/anaconda3/envs/iotcls/lib/python3.11/site-packages/sklearn/utils/validation.py:2827: UserWarning: X does not have valid feature names, but LGBMClassifier was fitted with feature names
  warnings.warn(
/home/lmy/anaconda3/envs/iotcls/lib/python3.11/site-packages/sklearn/utils/validation.py:2827: UserWarning: X does not have valid feature names, but LGBMClassifier was fitted with feature names
  warnings.warn(
/home/lmy/anaconda3/envs/iotcls/lib/python3.11/site-packages/sklearn/utils/validation.py:2827: UserWarning: X does not have valid feature names, but LGBMClassifier was fitted with feature names
  warnings.warn(
/home/lmy/anaconda3/envs/iotcls/lib/python3.11/site-packages/sklearn/utils/validation.py:2827: UserWarning: X does not have valid feature names, but LGBMClassifier was fitted with feature names
  warnings.warn(
/home/lmy/anaconda3/envs/iotcls/lib/python3.11/site-packages/sklearn/utils/validation.py:2827: UserWarning: X does not have valid feature names, but LGBMClassifier was fitted with feature names
  warnings.warn(
/home/lmy/anaconda3/envs/iotcls/lib/python3.11/site-packages/sklearn/utils/validation.py:2827: UserWarning: X does not have valid feature names, but LGBMClassifier was fitted with feature names
  warnings.warn(
/home/lmy/anaconda3/envs/iotcls/lib/python3.11/site-packages/sklearn/utils/validation.py:2827: UserWarning: X does not have valid feature names, but LGBMClassifier was fitted with feature names
  warnings.warn(
/home/lmy/anaconda3/envs/iotcls/lib/python3.11/site-packages/sklearn/utils/validation.py:2827: UserWarning: X does not have valid feature names, but LGBMClassifier was fitted with feature names
  warnings.warn(
/home/lmy/anaconda3/envs/iotcls/lib/python3.11/site-packages/sklearn/utils/validation.py:2827: UserWarning: X does not have valid feature names, but LGBMClassifier was fitted with feature names
  warnings.warn(
  R4>R2     |S|=1  评估 3 对  min在位者=0.6262  过闸 2 对  Light_T1|Light_XM Light_XM|Sensor
/home/lmy/anaconda3/envs/iotcls/lib/python3.11/site-packages/sklearn/utils/validation.py:2827: UserWarning: X does not have valid feature names, but LGBMClassifier was fitted with feature names
  warnings.warn(
/home/lmy/anaconda3/envs/iotcls/lib/python3.11/site-packages/sklearn/utils/validation.py:2827: UserWarning: X does not have valid feature names, but LGBMClassifier was fitted with feature names
  warnings.warn(
/home/lmy/anaconda3/envs/iotcls/lib/python3.11/site-packages/sklearn/utils/validation.py:2827: UserWarning: X does not have valid feature names, but LGBMClassifier was fitted with feature names
  warnings.warn(
/home/lmy/anaconda3/envs/iotcls/lib/python3.11/site-packages/sklearn/utils/validation.py:2827: UserWarning: X does not have valid feature names, but LGBMClassifier was fitted with feature names
  warnings.warn(
/home/lmy/anaconda3/envs/iotcls/lib/python3.11/site-packages/sklearn/utils/validation.py:2827: UserWarning: X does not have valid feature names, but LGBMClassifier was fitted with feature names
  warnings.warn(
/home/lmy/anaconda3/envs/iotcls/lib/python3.11/site-packages/sklearn/utils/validation.py:2827: UserWarning: X does not have valid feature names, but LGBMClassifier was fitted with feature names
  warnings.warn(
/home/lmy/anaconda3/envs/iotcls/lib/python3.11/site-packages/sklearn/utils/validation.py:2827: UserWarning: X does not have valid feature names, but LGBMClassifier was fitted with feature names
  warnings.warn(
/home/lmy/anaconda3/envs/iotcls/lib/python3.11/site-packages/sklearn/utils/validation.py:2827: UserWarning: X does not have valid feature names, but LGBMClassifier was fitted with feature names
  warnings.warn(
/home/lmy/anaconda3/envs/iotcls/lib/python3.11/site-packages/sklearn/utils/validation.py:2827: UserWarning: X does not have valid feature names, but LGBMClassifier was fitted with feature names
  warnings.warn(
/home/lmy/anaconda3/envs/iotcls/lib/python3.11/site-packages/sklearn/utils/validation.py:2827: UserWarning: X does not have valid feature names, but LGBMClassifier was fitted with feature names
  warnings.warn(
/home/lmy/anaconda3/envs/iotcls/lib/python3.11/site-packages/sklearn/utils/validation.py:2827: UserWarning: X does not have valid feature names, but LGBMClassifier was fitted with feature names
  warnings.warn(
/home/lmy/anaconda3/envs/iotcls/lib/python3.11/site-packages/sklearn/utils/validation.py:2827: UserWarning: X does not have valid feature names, but LGBMClassifier was fitted with feature names
  warnings.warn(
/home/lmy/anaconda3/envs/iotcls/lib/python3.11/site-packages/sklearn/utils/validation.py:2827: UserWarning: X does not have valid feature names, but LGBMClassifier was fitted with feature names
  warnings.warn(
/home/lmy/anaconda3/envs/iotcls/lib/python3.11/site-packages/sklearn/utils/validation.py:2827: UserWarning: X does not have valid feature names, but LGBMClassifier was fitted with feature names
  warnings.warn(
/home/lmy/anaconda3/envs/iotcls/lib/python3.11/site-packages/sklearn/utils/validation.py:2827: UserWarning: X does not have valid feature names, but LGBMClassifier was fitted with feature names
  warnings.warn(
/home/lmy/anaconda3/envs/iotcls/lib/python3.11/site-packages/sklearn/utils/validation.py:2827: UserWarning: X does not have valid feature names, but LGBMClassifier was fitted with feature names
  warnings.warn(
/home/lmy/anaconda3/envs/iotcls/lib/python3.11/site-packages/sklearn/utils/validation.py:2827: UserWarning: X does not have valid feature names, but LGBMClassifier was fitted with feature names
  warnings.warn(
/home/lmy/anaconda3/envs/iotcls/lib/python3.11/site-packages/sklearn/utils/validation.py:2827: UserWarning: X does not have valid feature names, but LGBMClassifier was fitted with feature names
  warnings.warn(
/home/lmy/anaconda3/envs/iotcls/lib/python3.11/site-packages/sklearn/utils/validation.py:2827: UserWarning: X does not have valid feature names, but LGBMClassifier was fitted with feature names
  warnings.warn(
/home/lmy/anaconda3/envs/iotcls/lib/python3.11/site-packages/sklearn/utils/validation.py:2827: UserWarning: X does not have valid feature names, but LGBMClassifier was fitted with feature names
  warnings.warn(
/home/lmy/anaconda3/envs/iotcls/lib/python3.11/site-packages/sklearn/utils/validation.py:2827: UserWarning: X does not have valid feature names, but LGBMClassifier was fitted with feature names
  warnings.warn(
/home/lmy/anaconda3/envs/iotcls/lib/python3.11/site-packages/sklearn/utils/validation.py:2827: UserWarning: X does not have valid feature names, but LGBMClassifier was fitted with feature names
  warnings.warn(
/home/lmy/anaconda3/envs/iotcls/lib/python3.11/site-packages/sklearn/utils/validation.py:2827: UserWarning: X does not have valid feature names, but LGBMClassifier was fitted with feature names
  warnings.warn(
/home/lmy/anaconda3/envs/iotcls/lib/python3.11/site-packages/sklearn/utils/validation.py:2827: UserWarning: X does not have valid feature names, but LGBMClassifier was fitted with feature names
  warnings.warn(
/home/lmy/anaconda3/envs/iotcls/lib/python3.11/site-packages/sklearn/utils/validation.py:2827: UserWarning: X does not have valid feature names, but LGBMClassifier was fitted with feature names
  warnings.warn(
/home/lmy/anaconda3/envs/iotcls/lib/python3.11/site-packages/sklearn/utils/validation.py:2827: UserWarning: X does not have valid feature names, but LGBMClassifier was fitted with feature names
  warnings.warn(
/home/lmy/anaconda3/envs/iotcls/lib/python3.11/site-packages/sklearn/utils/validation.py:2827: UserWarning: X does not have valid feature names, but LGBMClassifier was fitted with feature names
  warnings.warn(
/home/lmy/anaconda3/envs/iotcls/lib/python3.11/site-packages/sklearn/utils/validation.py:2827: UserWarning: X does not have valid feature names, but LGBMClassifier was fitted with feature names
  warnings.warn(
/home/lmy/anaconda3/envs/iotcls/lib/python3.11/site-packages/sklearn/utils/validation.py:2827: UserWarning: X does not have valid feature names, but LGBMClassifier was fitted with feature names
  warnings.warn(
/home/lmy/anaconda3/envs/iotcls/lib/python3.11/site-packages/sklearn/utils/validation.py:2827: UserWarning: X does not have valid feature names, but LGBMClassifier was fitted with feature names
  warnings.warn(
/home/lmy/anaconda3/envs/iotcls/lib/python3.11/site-packages/sklearn/utils/validation.py:2827: UserWarning: X does not have valid feature names, but LGBMClassifier was fitted with feature names
  warnings.warn(
/home/lmy/anaconda3/envs/iotcls/lib/python3.11/site-packages/sklearn/utils/validation.py:2827: UserWarning: X does not have valid feature names, but LGBMClassifier was fitted with feature names
  warnings.warn(
  R4>R3     |S|=1  评估 2 对  min在位者=0.1113  过闸 2 对  Light_T1|Light_XM Light_T1|Sensor
/home/lmy/anaconda3/envs/iotcls/lib/python3.11/site-packages/sklearn/utils/validation.py:2827: UserWarning: X does not have valid feature names, but LGBMClassifier was fitted with feature names
  warnings.warn(
/home/lmy/anaconda3/envs/iotcls/lib/python3.11/site-packages/sklearn/utils/validation.py:2827: UserWarning: X does not have valid feature names, but LGBMClassifier was fitted with feature names
  warnings.warn(
/home/lmy/anaconda3/envs/iotcls/lib/python3.11/site-packages/sklearn/utils/validation.py:2827: UserWarning: X does not have valid feature names, but LGBMClassifier was fitted with feature names
  warnings.warn(
/home/lmy/anaconda3/envs/iotcls/lib/python3.11/site-packages/sklearn/utils/validation.py:2827: UserWarning: X does not have valid feature names, but LGBMClassifier was fitted with feature names
  warnings.warn(
/home/lmy/anaconda3/envs/iotcls/lib/python3.11/site-packages/sklearn/utils/validation.py:2827: UserWarning: X does not have valid feature names, but LGBMClassifier was fitted with feature names
  warnings.warn(
/home/lmy/anaconda3/envs/iotcls/lib/python3.11/site-packages/sklearn/utils/validation.py:2827: UserWarning: X does not have valid feature names, but LGBMClassifier was fitted with feature names
  warnings.warn(
/home/lmy/anaconda3/envs/iotcls/lib/python3.11/site-packages/sklearn/utils/validation.py:2827: UserWarning: X does not have valid feature names, but LGBMClassifier was fitted with feature names
  warnings.warn(
/home/lmy/anaconda3/envs/iotcls/lib/python3.11/site-packages/sklearn/utils/validation.py:2827: UserWarning: X does not have valid feature names, but LGBMClassifier was fitted with feature names
  warnings.warn(
/home/lmy/anaconda3/envs/iotcls/lib/python3.11/site-packages/sklearn/utils/validation.py:2827: UserWarning: X does not have valid feature names, but LGBMClassifier was fitted with feature names
  warnings.warn(
/home/lmy/anaconda3/envs/iotcls/lib/python3.11/site-packages/sklearn/utils/validation.py:2827: UserWarning: X does not have valid feature names, but LGBMClassifier was fitted with feature names
  warnings.warn(
/home/lmy/anaconda3/envs/iotcls/lib/python3.11/site-packages/sklearn/utils/validation.py:2827: UserWarning: X does not have valid feature names, but LGBMClassifier was fitted with feature names
  warnings.warn(
/home/lmy/anaconda3/envs/iotcls/lib/python3.11/site-packages/sklearn/utils/validation.py:2827: UserWarning: X does not have valid feature names, but LGBMClassifier was fitted with feature names
  warnings.warn(
/home/lmy/anaconda3/envs/iotcls/lib/python3.11/site-packages/sklearn/utils/validation.py:2827: UserWarning: X does not have valid feature names, but LGBMClassifier was fitted with feature names
  warnings.warn(
/home/lmy/anaconda3/envs/iotcls/lib/python3.11/site-packages/sklearn/utils/validation.py:2827: UserWarning: X does not have valid feature names, but LGBMClassifier was fitted with feature names
  warnings.warn(
/home/lmy/anaconda3/envs/iotcls/lib/python3.11/site-packages/sklearn/utils/validation.py:2827: UserWarning: X does not have valid feature names, but LGBMClassifier was fitted with feature names
  warnings.warn(
/home/lmy/anaconda3/envs/iotcls/lib/python3.11/site-packages/sklearn/utils/validation.py:2827: UserWarning: X does not have valid feature names, but LGBMClassifier was fitted with feature names
  warnings.warn(
/home/lmy/anaconda3/envs/iotcls/lib/python3.11/site-packages/sklearn/utils/validation.py:2827: UserWarning: X does not have valid feature names, but LGBMClassifier was fitted with feature names
  warnings.warn(
/home/lmy/anaconda3/envs/iotcls/lib/python3.11/site-packages/sklearn/utils/validation.py:2827: UserWarning: X does not have valid feature names, but LGBMClassifier was fitted with feature names
  warnings.warn(
/home/lmy/anaconda3/envs/iotcls/lib/python3.11/site-packages/sklearn/utils/validation.py:2827: UserWarning: X does not have valid feature names, but LGBMClassifier was fitted with feature names
  warnings.warn(
/home/lmy/anaconda3/envs/iotcls/lib/python3.11/site-packages/sklearn/utils/validation.py:2827: UserWarning: X does not have valid feature names, but LGBMClassifier was fitted with feature names
  warnings.warn(
/home/lmy/anaconda3/envs/iotcls/lib/python3.11/site-packages/sklearn/utils/validation.py:2827: UserWarning: X does not have valid feature names, but LGBMClassifier was fitted with feature names
  warnings.warn(
/home/lmy/anaconda3/envs/iotcls/lib/python3.11/site-packages/sklearn/utils/validation.py:2827: UserWarning: X does not have valid feature names, but LGBMClassifier was fitted with feature names
  warnings.warn(
/home/lmy/anaconda3/envs/iotcls/lib/python3.11/site-packages/sklearn/utils/validation.py:2827: UserWarning: X does not have valid feature names, but LGBMClassifier was fitted with feature names
  warnings.warn(
/home/lmy/anaconda3/envs/iotcls/lib/python3.11/site-packages/sklearn/utils/validation.py:2827: UserWarning: X does not have valid feature names, but LGBMClassifier was fitted with feature names
  warnings.warn(
/home/lmy/anaconda3/envs/iotcls/lib/python3.11/site-packages/sklearn/utils/validation.py:2827: UserWarning: X does not have valid feature names, but LGBMClassifier was fitted with feature names
  warnings.warn(
/home/lmy/anaconda3/envs/iotcls/lib/python3.11/site-packages/sklearn/utils/validation.py:2827: UserWarning: X does not have valid feature names, but LGBMClassifier was fitted with feature names
  warnings.warn(
/home/lmy/anaconda3/envs/iotcls/lib/python3.11/site-packages/sklearn/utils/validation.py:2827: UserWarning: X does not have valid feature names, but LGBMClassifier was fitted with feature names
  warnings.warn(
/home/lmy/anaconda3/envs/iotcls/lib/python3.11/site-packages/sklearn/utils/validation.py:2827: UserWarning: X does not have valid feature names, but LGBMClassifier was fitted with feature names
  warnings.warn(
/home/lmy/anaconda3/envs/iotcls/lib/python3.11/site-packages/sklearn/utils/validation.py:2827: UserWarning: X does not have valid feature names, but LGBMClassifier was fitted with feature names
  warnings.warn(
/home/lmy/anaconda3/envs/iotcls/lib/python3.11/site-packages/sklearn/utils/validation.py:2827: UserWarning: X does not have valid feature names, but LGBMClassifier was fitted with feature names
  warnings.warn(
/home/lmy/anaconda3/envs/iotcls/lib/python3.11/site-packages/sklearn/utils/validation.py:2827: UserWarning: X does not have valid feature names, but LGBMClassifier was fitted with feature names
  warnings.warn(
/home/lmy/anaconda3/envs/iotcls/lib/python3.11/site-packages/sklearn/utils/validation.py:2827: UserWarning: X does not have valid feature names, but LGBMClassifier was fitted with feature names
  warnings.warn(
  R2R3>R4   |S|=2  评估 2 对  min在位者=0.4167  过闸 2 对  Light_T1|Light_XM Light_T1|Sensor
/home/lmy/anaconda3/envs/iotcls/lib/python3.11/site-packages/sklearn/utils/validation.py:2827: UserWarning: X does not have valid feature names, but LGBMClassifier was fitted with feature names
  warnings.warn(
/home/lmy/anaconda3/envs/iotcls/lib/python3.11/site-packages/sklearn/utils/validation.py:2827: UserWarning: X does not have valid feature names, but LGBMClassifier was fitted with feature names
  warnings.warn(
/home/lmy/anaconda3/envs/iotcls/lib/python3.11/site-packages/sklearn/utils/validation.py:2827: UserWarning: X does not have valid feature names, but LGBMClassifier was fitted with feature names
  warnings.warn(
/home/lmy/anaconda3/envs/iotcls/lib/python3.11/site-packages/sklearn/utils/validation.py:2827: UserWarning: X does not have valid feature names, but LGBMClassifier was fitted with feature names
  warnings.warn(
/home/lmy/anaconda3/envs/iotcls/lib/python3.11/site-packages/sklearn/utils/validation.py:2827: UserWarning: X does not have valid feature names, but LGBMClassifier was fitted with feature names
  warnings.warn(
/home/lmy/anaconda3/envs/iotcls/lib/python3.11/site-packages/sklearn/utils/validation.py:2827: UserWarning: X does not have valid feature names, but LGBMClassifier was fitted with feature names
  warnings.warn(
/home/lmy/anaconda3/envs/iotcls/lib/python3.11/site-packages/sklearn/utils/validation.py:2827: UserWarning: X does not have valid feature names, but LGBMClassifier was fitted with feature names
  warnings.warn(
/home/lmy/anaconda3/envs/iotcls/lib/python3.11/site-packages/sklearn/utils/validation.py:2827: UserWarning: X does not have valid feature names, but LGBMClassifier was fitted with feature names
  warnings.warn(
/home/lmy/anaconda3/envs/iotcls/lib/python3.11/site-packages/sklearn/utils/validation.py:2827: UserWarning: X does not have valid feature names, but LGBMClassifier was fitted with feature names
  warnings.warn(
/home/lmy/anaconda3/envs/iotcls/lib/python3.11/site-packages/sklearn/utils/validation.py:2827: UserWarning: X does not have valid feature names, but LGBMClassifier was fitted with feature names
  warnings.warn(
/home/lmy/anaconda3/envs/iotcls/lib/python3.11/site-packages/sklearn/utils/validation.py:2827: UserWarning: X does not have valid feature names, but LGBMClassifier was fitted with feature names
  warnings.warn(
/home/lmy/anaconda3/envs/iotcls/lib/python3.11/site-packages/sklearn/utils/validation.py:2827: UserWarning: X does not have valid feature names, but LGBMClassifier was fitted with feature names
  warnings.warn(
/home/lmy/anaconda3/envs/iotcls/lib/python3.11/site-packages/sklearn/utils/validation.py:2827: UserWarning: X does not have valid feature names, but LGBMClassifier was fitted with feature names
  warnings.warn(
/home/lmy/anaconda3/envs/iotcls/lib/python3.11/site-packages/sklearn/utils/validation.py:2827: UserWarning: X does not have valid feature names, but LGBMClassifier was fitted with feature names
  warnings.warn(
/home/lmy/anaconda3/envs/iotcls/lib/python3.11/site-packages/sklearn/utils/validation.py:2827: UserWarning: X does not have valid feature names, but LGBMClassifier was fitted with feature names
  warnings.warn(
/home/lmy/anaconda3/envs/iotcls/lib/python3.11/site-packages/sklearn/utils/validation.py:2827: UserWarning: X does not have valid feature names, but LGBMClassifier was fitted with feature names
  warnings.warn(
/home/lmy/anaconda3/envs/iotcls/lib/python3.11/site-packages/sklearn/utils/validation.py:2827: UserWarning: X does not have valid feature names, but LGBMClassifier was fitted with feature names
  warnings.warn(
/home/lmy/anaconda3/envs/iotcls/lib/python3.11/site-packages/sklearn/utils/validation.py:2827: UserWarning: X does not have valid feature names, but LGBMClassifier was fitted with feature names
  warnings.warn(
/home/lmy/anaconda3/envs/iotcls/lib/python3.11/site-packages/sklearn/utils/validation.py:2827: UserWarning: X does not have valid feature names, but LGBMClassifier was fitted with feature names
  warnings.warn(
/home/lmy/anaconda3/envs/iotcls/lib/python3.11/site-packages/sklearn/utils/validation.py:2827: UserWarning: X does not have valid feature names, but LGBMClassifier was fitted with feature names
  warnings.warn(
/home/lmy/anaconda3/envs/iotcls/lib/python3.11/site-packages/sklearn/utils/validation.py:2827: UserWarning: X does not have valid feature names, but LGBMClassifier was fitted with feature names
  warnings.warn(
/home/lmy/anaconda3/envs/iotcls/lib/python3.11/site-packages/sklearn/utils/validation.py:2827: UserWarning: X does not have valid feature names, but LGBMClassifier was fitted with feature names
  warnings.warn(
/home/lmy/anaconda3/envs/iotcls/lib/python3.11/site-packages/sklearn/utils/validation.py:2827: UserWarning: X does not have valid feature names, but LGBMClassifier was fitted with feature names
  warnings.warn(
/home/lmy/anaconda3/envs/iotcls/lib/python3.11/site-packages/sklearn/utils/validation.py:2827: UserWarning: X does not have valid feature names, but LGBMClassifier was fitted with feature names
  warnings.warn(
/home/lmy/anaconda3/envs/iotcls/lib/python3.11/site-packages/sklearn/utils/validation.py:2827: UserWarning: X does not have valid feature names, but LGBMClassifier was fitted with feature names
  warnings.warn(
/home/lmy/anaconda3/envs/iotcls/lib/python3.11/site-packages/sklearn/utils/validation.py:2827: UserWarning: X does not have valid feature names, but LGBMClassifier was fitted with feature names
  warnings.warn(
/home/lmy/anaconda3/envs/iotcls/lib/python3.11/site-packages/sklearn/utils/validation.py:2827: UserWarning: X does not have valid feature names, but LGBMClassifier was fitted with feature names
  warnings.warn(
/home/lmy/anaconda3/envs/iotcls/lib/python3.11/site-packages/sklearn/utils/validation.py:2827: UserWarning: X does not have valid feature names, but LGBMClassifier was fitted with feature names
  warnings.warn(
/home/lmy/anaconda3/envs/iotcls/lib/python3.11/site-packages/sklearn/utils/validation.py:2827: UserWarning: X does not have valid feature names, but LGBMClassifier was fitted with feature names
  warnings.warn(
/home/lmy/anaconda3/envs/iotcls/lib/python3.11/site-packages/sklearn/utils/validation.py:2827: UserWarning: X does not have valid feature names, but LGBMClassifier was fitted with feature names
  warnings.warn(
/home/lmy/anaconda3/envs/iotcls/lib/python3.11/site-packages/sklearn/utils/validation.py:2827: UserWarning: X does not have valid feature names, but LGBMClassifier was fitted with feature names
  warnings.warn(
/home/lmy/anaconda3/envs/iotcls/lib/python3.11/site-packages/sklearn/utils/validation.py:2827: UserWarning: X does not have valid feature names, but LGBMClassifier was fitted with feature names
  warnings.warn(
  R2R4>R3   |S|=2  评估 2 对  min在位者=0.3431  过闸 2 对  Light_T1|Light_XM Light_T1|Sensor
/home/lmy/anaconda3/envs/iotcls/lib/python3.11/site-packages/sklearn/utils/validation.py:2827: UserWarning: X does not have valid feature names, but LGBMClassifier was fitted with feature names
  warnings.warn(
/home/lmy/anaconda3/envs/iotcls/lib/python3.11/site-packages/sklearn/utils/validation.py:2827: UserWarning: X does not have valid feature names, but LGBMClassifier was fitted with feature names
  warnings.warn(
/home/lmy/anaconda3/envs/iotcls/lib/python3.11/site-packages/sklearn/utils/validation.py:2827: UserWarning: X does not have valid feature names, but LGBMClassifier was fitted with feature names
  warnings.warn(
/home/lmy/anaconda3/envs/iotcls/lib/python3.11/site-packages/sklearn/utils/validation.py:2827: UserWarning: X does not have valid feature names, but LGBMClassifier was fitted with feature names
  warnings.warn(
/home/lmy/anaconda3/envs/iotcls/lib/python3.11/site-packages/sklearn/utils/validation.py:2827: UserWarning: X does not have valid feature names, but LGBMClassifier was fitted with feature names
  warnings.warn(
/home/lmy/anaconda3/envs/iotcls/lib/python3.11/site-packages/sklearn/utils/validation.py:2827: UserWarning: X does not have valid feature names, but LGBMClassifier was fitted with feature names
  warnings.warn(
/home/lmy/anaconda3/envs/iotcls/lib/python3.11/site-packages/sklearn/utils/validation.py:2827: UserWarning: X does not have valid feature names, but LGBMClassifier was fitted with feature names
  warnings.warn(
/home/lmy/anaconda3/envs/iotcls/lib/python3.11/site-packages/sklearn/utils/validation.py:2827: UserWarning: X does not have valid feature names, but LGBMClassifier was fitted with feature names
  warnings.warn(
/home/lmy/anaconda3/envs/iotcls/lib/python3.11/site-packages/sklearn/utils/validation.py:2827: UserWarning: X does not have valid feature names, but LGBMClassifier was fitted with feature names
  warnings.warn(
/home/lmy/anaconda3/envs/iotcls/lib/python3.11/site-packages/sklearn/utils/validation.py:2827: UserWarning: X does not have valid feature names, but LGBMClassifier was fitted with feature names
  warnings.warn(
/home/lmy/anaconda3/envs/iotcls/lib/python3.11/site-packages/sklearn/utils/validation.py:2827: UserWarning: X does not have valid feature names, but LGBMClassifier was fitted with feature names
  warnings.warn(
/home/lmy/anaconda3/envs/iotcls/lib/python3.11/site-packages/sklearn/utils/validation.py:2827: UserWarning: X does not have valid feature names, but LGBMClassifier was fitted with feature names
  warnings.warn(
/home/lmy/anaconda3/envs/iotcls/lib/python3.11/site-packages/sklearn/utils/validation.py:2827: UserWarning: X does not have valid feature names, but LGBMClassifier was fitted with feature names
  warnings.warn(
/home/lmy/anaconda3/envs/iotcls/lib/python3.11/site-packages/sklearn/utils/validation.py:2827: UserWarning: X does not have valid feature names, but LGBMClassifier was fitted with feature names
  warnings.warn(
/home/lmy/anaconda3/envs/iotcls/lib/python3.11/site-packages/sklearn/utils/validation.py:2827: UserWarning: X does not have valid feature names, but LGBMClassifier was fitted with feature names
  warnings.warn(
/home/lmy/anaconda3/envs/iotcls/lib/python3.11/site-packages/sklearn/utils/validation.py:2827: UserWarning: X does not have valid feature names, but LGBMClassifier was fitted with feature names
  warnings.warn(
/home/lmy/anaconda3/envs/iotcls/lib/python3.11/site-packages/sklearn/utils/validation.py:2827: UserWarning: X does not have valid feature names, but LGBMClassifier was fitted with feature names
  warnings.warn(
/home/lmy/anaconda3/envs/iotcls/lib/python3.11/site-packages/sklearn/utils/validation.py:2827: UserWarning: X does not have valid feature names, but LGBMClassifier was fitted with feature names
  warnings.warn(
/home/lmy/anaconda3/envs/iotcls/lib/python3.11/site-packages/sklearn/utils/validation.py:2827: UserWarning: X does not have valid feature names, but LGBMClassifier was fitted with feature names
  warnings.warn(
/home/lmy/anaconda3/envs/iotcls/lib/python3.11/site-packages/sklearn/utils/validation.py:2827: UserWarning: X does not have valid feature names, but LGBMClassifier was fitted with feature names
  warnings.warn(
/home/lmy/anaconda3/envs/iotcls/lib/python3.11/site-packages/sklearn/utils/validation.py:2827: UserWarning: X does not have valid feature names, but LGBMClassifier was fitted with feature names
  warnings.warn(
/home/lmy/anaconda3/envs/iotcls/lib/python3.11/site-packages/sklearn/utils/validation.py:2827: UserWarning: X does not have valid feature names, but LGBMClassifier was fitted with feature names
  warnings.warn(
/home/lmy/anaconda3/envs/iotcls/lib/python3.11/site-packages/sklearn/utils/validation.py:2827: UserWarning: X does not have valid feature names, but LGBMClassifier was fitted with feature names
  warnings.warn(
/home/lmy/anaconda3/envs/iotcls/lib/python3.11/site-packages/sklearn/utils/validation.py:2827: UserWarning: X does not have valid feature names, but LGBMClassifier was fitted with feature names
  warnings.warn(
/home/lmy/anaconda3/envs/iotcls/lib/python3.11/site-packages/sklearn/utils/validation.py:2827: UserWarning: X does not have valid feature names, but LGBMClassifier was fitted with feature names
  warnings.warn(
/home/lmy/anaconda3/envs/iotcls/lib/python3.11/site-packages/sklearn/utils/validation.py:2827: UserWarning: X does not have valid feature names, but LGBMClassifier was fitted with feature names
  warnings.warn(
/home/lmy/anaconda3/envs/iotcls/lib/python3.11/site-packages/sklearn/utils/validation.py:2827: UserWarning: X does not have valid feature names, but LGBMClassifier was fitted with feature names
  warnings.warn(
/home/lmy/anaconda3/envs/iotcls/lib/python3.11/site-packages/sklearn/utils/validation.py:2827: UserWarning: X does not have valid feature names, but LGBMClassifier was fitted with feature names
  warnings.warn(
/home/lmy/anaconda3/envs/iotcls/lib/python3.11/site-packages/sklearn/utils/validation.py:2827: UserWarning: X does not have valid feature names, but LGBMClassifier was fitted with feature names
  warnings.warn(
/home/lmy/anaconda3/envs/iotcls/lib/python3.11/site-packages/sklearn/utils/validation.py:2827: UserWarning: X does not have valid feature names, but LGBMClassifier was fitted with feature names
  warnings.warn(
/home/lmy/anaconda3/envs/iotcls/lib/python3.11/site-packages/sklearn/utils/validation.py:2827: UserWarning: X does not have valid feature names, but LGBMClassifier was fitted with feature names
  warnings.warn(
/home/lmy/anaconda3/envs/iotcls/lib/python3.11/site-packages/sklearn/utils/validation.py:2827: UserWarning: X does not have valid feature names, but LGBMClassifier was fitted with feature names
  warnings.warn(
/home/lmy/anaconda3/envs/iotcls/lib/python3.11/site-packages/sklearn/utils/validation.py:2827: UserWarning: X does not have valid feature names, but LGBMClassifier was fitted with feature names
  warnings.warn(
/home/lmy/anaconda3/envs/iotcls/lib/python3.11/site-packages/sklearn/utils/validation.py:2827: UserWarning: X does not have valid feature names, but LGBMClassifier was fitted with feature names
  warnings.warn(
/home/lmy/anaconda3/envs/iotcls/lib/python3.11/site-packages/sklearn/utils/validation.py:2827: UserWarning: X does not have valid feature names, but LGBMClassifier was fitted with feature names
  warnings.warn(
/home/lmy/anaconda3/envs/iotcls/lib/python3.11/site-packages/sklearn/utils/validation.py:2827: UserWarning: X does not have valid feature names, but LGBMClassifier was fitted with feature names
  warnings.warn(
/home/lmy/anaconda3/envs/iotcls/lib/python3.11/site-packages/sklearn/utils/validation.py:2827: UserWarning: X does not have valid feature names, but LGBMClassifier was fitted with feature names
  warnings.warn(
/home/lmy/anaconda3/envs/iotcls/lib/python3.11/site-packages/sklearn/utils/validation.py:2827: UserWarning: X does not have valid feature names, but LGBMClassifier was fitted with feature names
  warnings.warn(
/home/lmy/anaconda3/envs/iotcls/lib/python3.11/site-packages/sklearn/utils/validation.py:2827: UserWarning: X does not have valid feature names, but LGBMClassifier was fitted with feature names
  warnings.warn(
/home/lmy/anaconda3/envs/iotcls/lib/python3.11/site-packages/sklearn/utils/validation.py:2827: UserWarning: X does not have valid feature names, but LGBMClassifier was fitted with feature names
  warnings.warn(
/home/lmy/anaconda3/envs/iotcls/lib/python3.11/site-packages/sklearn/utils/validation.py:2827: UserWarning: X does not have valid feature names, but LGBMClassifier was fitted with feature names
  warnings.warn(
/home/lmy/anaconda3/envs/iotcls/lib/python3.11/site-packages/sklearn/utils/validation.py:2827: UserWarning: X does not have valid feature names, but LGBMClassifier was fitted with feature names
  warnings.warn(
/home/lmy/anaconda3/envs/iotcls/lib/python3.11/site-packages/sklearn/utils/validation.py:2827: UserWarning: X does not have valid feature names, but LGBMClassifier was fitted with feature names
  warnings.warn(
/home/lmy/anaconda3/envs/iotcls/lib/python3.11/site-packages/sklearn/utils/validation.py:2827: UserWarning: X does not have valid feature names, but LGBMClassifier was fitted with feature names
  warnings.warn(
/home/lmy/anaconda3/envs/iotcls/lib/python3.11/site-packages/sklearn/utils/validation.py:2827: UserWarning: X does not have valid feature names, but LGBMClassifier was fitted with feature names
  warnings.warn(
/home/lmy/anaconda3/envs/iotcls/lib/python3.11/site-packages/sklearn/utils/validation.py:2827: UserWarning: X does not have valid feature names, but LGBMClassifier was fitted with feature names
  warnings.warn(
/home/lmy/anaconda3/envs/iotcls/lib/python3.11/site-packages/sklearn/utils/validation.py:2827: UserWarning: X does not have valid feature names, but LGBMClassifier was fitted with feature names
  warnings.warn(
/home/lmy/anaconda3/envs/iotcls/lib/python3.11/site-packages/sklearn/utils/validation.py:2827: UserWarning: X does not have valid feature names, but LGBMClassifier was fitted with feature names
  warnings.warn(
  R3R4>R2   |S|=2  评估 3 对  min在位者=0.7537  过闸 3 对  Light_T1|Light_XM Light_T1|Sensor Light_XM|Sensor
/home/lmy/anaconda3/envs/iotcls/lib/python3.11/site-packages/sklearn/utils/validation.py:2827: UserWarning: X does not have valid feature names, but LGBMClassifier was fitted with feature names
  warnings.warn(
/home/lmy/anaconda3/envs/iotcls/lib/python3.11/site-packages/sklearn/utils/validation.py:2827: UserWarning: X does not have valid feature names, but LGBMClassifier was fitted with feature names
  warnings.warn(
/home/lmy/anaconda3/envs/iotcls/lib/python3.11/site-packages/sklearn/utils/validation.py:2827: UserWarning: X does not have valid feature names, but LGBMClassifier was fitted with feature names
  warnings.warn(
/home/lmy/anaconda3/envs/iotcls/lib/python3.11/site-packages/sklearn/utils/validation.py:2827: UserWarning: X does not have valid feature names, but LGBMClassifier was fitted with feature names
  warnings.warn(
  pos_R5 seed43  flat=0.6786 分层=0.7218  R2>R3=0.7790  R2>R4=0.7796  R3>R2=0.7733  R3>R4=0.7877  R4>R2=0.7307  R4>R3=0.7895  R2R3>R4=0.7413  R2R4>R3=0.7895  R3R4>R2=0.7772
/home/lmy/anaconda3/envs/iotcls/lib/python3.11/site-packages/sklearn/utils/validation.py:2827: UserWarning: X does not have valid feature names, but LGBMClassifier was fitted with feature names
  warnings.warn(
/home/lmy/anaconda3/envs/iotcls/lib/python3.11/site-packages/sklearn/utils/validation.py:2827: UserWarning: X does not have valid feature names, but LGBMClassifier was fitted with feature names
  warnings.warn(
/home/lmy/anaconda3/envs/iotcls/lib/python3.11/site-packages/sklearn/utils/validation.py:2827: UserWarning: X does not have valid feature names, but LGBMClassifier was fitted with feature names
  warnings.warn(
/home/lmy/anaconda3/envs/iotcls/lib/python3.11/site-packages/sklearn/utils/validation.py:2827: UserWarning: X does not have valid feature names, but LGBMClassifier was fitted with feature names
  warnings.warn(
  jit_R6 seed43  flat=0.8166 分层=0.8507  R2>R3=0.8475  R2>R4=0.8528  R3>R2=0.8511  R3>R4=0.8380  R4>R2=0.8437  R4>R3=0.8457  R2R3>R4=0.8379  R2R4>R3=0.8457  R3R4>R2=0.8328
/home/lmy/anaconda3/envs/iotcls/lib/python3.11/site-packages/sklearn/utils/validation.py:2827: UserWarning: X does not have valid feature names, but LGBMClassifier was fitted with feature names
  warnings.warn(
/home/lmy/anaconda3/envs/iotcls/lib/python3.11/site-packages/sklearn/utils/validation.py:2827: UserWarning: X does not have valid feature names, but LGBMClassifier was fitted with feature names
  warnings.warn(
/home/lmy/anaconda3/envs/iotcls/lib/python3.11/site-packages/sklearn/utils/validation.py:2827: UserWarning: X does not have valid feature names, but LGBMClassifier was fitted with feature names
  warnings.warn(
/home/lmy/anaconda3/envs/iotcls/lib/python3.11/site-packages/sklearn/utils/validation.py:2827: UserWarning: X does not have valid feature names, but LGBMClassifier was fitted with feature names
  warnings.warn(
  jit_R7 seed43  flat=0.8675 分层=0.8725  R2>R3=0.8745  R2>R4=0.8795  R3>R2=0.8775  R3>R4=0.8786  R4>R2=0.8849  R4>R3=0.8870  R2R3>R4=0.8831  R2R4>R3=0.8870  R3R4>R2=0.8852

=== 每种 inner 切法：三单元 × 2 seed 平均 ===
         S  min_inc  n_gate    hier     cfg   delta
inner                                              
R2R4>R3  2   0.3637     2.0  0.8141  0.8423  0.0282
R4>R3    1   0.1104     2.0  0.8141  0.8423  0.0282
R3>R2    1   0.0293     2.5  0.8141  0.8385  0.0243
R2>R4    1   0.2428     2.0  0.8141  0.8363  0.0222
R3R4>R2  2   0.7614     2.5  0.8141  0.8359  0.0218
R3>R4    1   0.2076     2.0  0.8141  0.8349  0.0207
R2>R3    1   0.0029     1.0  0.8141  0.8329  0.0188
R4>R2    1   0.6222     2.0  0.8141  0.8203  0.0062
R2R3>R4  2   0.4209     2.0  0.8141  0.8191  0.0050

=== 逐单元 Δ（看增益是否只在 pos_R5）===
unit     jit_R6  jit_R7  pos_R5
inner                          
R2>R3   -0.0022  0.0015  0.0571
R2>R4    0.0021  0.0071  0.0573
R2R3>R4 -0.0109  0.0101  0.0157
R2R4>R3 -0.0015  0.0166  0.0696
R3>R2    0.0032  0.0125  0.0573
R3>R4   -0.0091  0.0054  0.0659
R3R4>R2 -0.0054  0.0118  0.0590
R4>R2   -0.0046  0.0137  0.0095
R4>R3   -0.0015  0.0166  0.0696

=== 预注册判据 ===
  Spearman ρ(min_inc, Δ) = -0.293  p=0.4444   （H1 要求 ρ≤−0.7）
  |S|=1 组 Δ: min=+0.0062 max=+0.0282 均值=+0.0201
  |S|=2 组 Δ: min=+0.0050 max=+0.0282 均值=+0.0183
  两组是否不重叠（H2 要求 True）: False
  Δ>0.01 的切法数: 7/9   （H3 的标志是仅 1 个且 ρ 不显著）

  >>> 判定: 都不干净，需要看逐格数据

总耗时 2903s
