source_file,round,window_id,window_start,proba_Camera,proba_Light_T1,proba_Light_XM,proba_Sensor,proba_Socket,true_label
/home/lmy/iot-device-classification/dataset/camera/round2_normal/camera_r2.pcapng,R2,0,0.0,0.9988380074501038,8.18795888335444e-06,0.0011003375984728336,4.974109469912946e-05,3.7320301089494023e-06,Camera
/home/lmy/iot-device-classification/dataset/camera/round2_normal/camera_r2.pcapng,R2,1,10.053329229354858,0.7880682349205017,0.00047688334598205984,0.04571257159113884,0.1650238037109375,0.0007185381837189198,Camera
/home/lmy/iot-device-classification/dataset/camera/round2_normal/camera_r2.pcapng,R2,2,20.104656457901,0.9789708256721497,3.8423753721872345e-05,0.00015888080815784633,0.020805340260267258,2.649913221830502e-05,Camera
/home/lmy/iot-device-classification/dataset/camera/round2_normal/camera_r2.pcapng,R2,3,30.16630244255066,0.999854326248169,4.63657397631323e-06,0.0001356929715257138,3.940521764889127e-06,1.3810914651912753e-06,Camera
/home/lmy/iot-device-classification/dataset/camera/round2_normal/camera_r2.pcapng,R2,4,40.25341510772705,0.9960554838180542,5.709324614144862e-05,0.0033849996980279684,0.00047642068238928914,2.6035251721623354e-05,Camera
/home/lmy/iot-device-classification/dataset/camera/round2_normal/camera_r2.pcapng,R2,5,50.29353189468384,0.9976108074188232,0.00012510943633969873,0.0021105497144162655,0.00013378461881075054,1.9795019397861324e-05,Camera
/home/lmy/iot-device-classification/dataset/camera/round2_normal/camera_r2.pcapng,R2,6,60.37295746803284,0.9990153312683105,3.930199909518706e-06,0.0006865066825412214,0.00029157675453461707,2.691331019377685e-06,Camera
/home/lmy/iot-device-classification/dataset/camera/round2_normal/camera_r2.pcapng,R2,7,70.43794751167297,0.9738267660140991,5.027391125622671e-06,0.0002886635484173894,0.025873878970742226,5.6827157095540315e-06,Camera
/home/lmy/iot-device-classification/dataset/camera/round2_normal/camera_r2.pcapng,R2,8,80.02296090126038,0.8486037254333496,0.0012088064104318619,0.00046350283082574606,0.14963556826114655,8.841703674988821e-05,Camera
/home/lmy/iot-device-classification/dataset/camera/round2_normal/camera_r2.pcapng,R2,9,90.42152571678162,0.9956444501876831,0.00021489309438038617,0.0018676853505894542,0.0021509621292352676,0.00012201751815155149,Camera
/home/lmy/iot-device-classification/dataset/camera/round2_normal/camera_r2.pcapng,R2,10,100.60725331306458,0.9946398138999939,3.306587677798234e-05,0.004282547626644373,0.0010107139823958278,3.3846106816781685e-05,Camera
/home/lmy/iot-device-classification/dataset/camera/round2_normal/camera_r2.pcapng,R2,11,110.70771050453186,0.9959858059883118,0.00013456345186568797,0.0034608179703354836,0.00036611154791899025,5.266294829198159e-05,Camera
/home/lmy/iot-device-classification/dataset/camera/round2_normal/camera_r2.pcapng,R2,12,120.77042770385742,0.9985091090202332,1.7557475075591356e-05,0.0012003065785393119,0.00026253523537889123,1.04858772829175e-05,Camera
/home/lmy/iot-device-classification/dataset/camera/round2_normal/camera_r2.pcapng,R2,13,130.84808826446533,0.9995356798171997,5.224715096119326e-06,0.0003645215183496475,9.348594176117331e-05,1.1300617188680917e-06,Camera
/home/lmy/iot-device-classification/dataset/camera/round2_normal/camera_r2.pcapng,R2,14,140.3548879623413,0.9981523156166077,0.00014471625036094338,0.0004180404939688742,0.001235168776474893,4.977065327693708e-05,Camera
/home/lmy/iot-device-classification/dataset/camera/round2_normal/camera_r2.pcapng,R2,15,150.97891902923584,0.9998550415039062,6.218417183845304e-06,0.00012558535672724247,1.1553273907338735e-05,1.6294009128614562e-06,Camera
/home/lmy/iot-device-classification/dataset/camera/round2_normal/camera_r2.pcapng,R2,16,161.06526970863342,0.9987490177154541,3.0412095384235727e-06,0.0008958351681940258,0.0003494382253848016,2.6141219677811023e-06,Camera
/home/lmy/iot-device-classification/dataset/camera/round2_normal/camera_r2.pcapng,R2,17,171.09062910079956,0.9998944997787476,3.1628234864911065e-05,2.3082824554876424e-05,4.628394890460186e-05,4.501814601098886e-06,Camera
/home/lmy/iot-device-classification/dataset/camera/round2_normal/camera_r2.pcapng,R2,18,181.10044074058533,0.9958714842796326,3.616389221861027e-05,0.003858898300677538,0.00021342567924875766,2.000161839532666e-05,Camera
/home/lmy/iot-device-classification/dataset/camera/round2_normal/camera_r2.pcapng,R2,19,190.910010099411,0.9936094284057617,6.112534902058542e-05,0.004518562462180853,0.0017898695077747107,2.0996898456360213e-05,Camera
/home/lmy/iot-device-classification/dataset/camera/round2_normal/camera_r2.pcapng,R2,20,200.6659607887268,0.9994062185287476,0.00033421380794607103,5.246908403933048e-05,0.00018895618268288672,1.811779111449141e-05,Camera
/home/lmy/iot-device-classification/dataset/camera/round2_normal/camera_r2.pcapng,R2,21,211.06676602363584,0.9999010562896729,1.5527148207183927e-05,6.115921860327944e-05,1.8543782061897218e-05,3.7546792555076536e-06,Camera
/home/lmy/iot-device-classification/dataset/camera/round2_normal/camera_r2.pcapng,R2,22,220.13962864875796,0.9994692206382751,5.639016308123246e-06,0.0005208090879023075,3.072512981816544e-06,1.3001404113310855e-06,Camera
/home/lmy/iot-device-classification/dataset/camera/round2_normal/camera_r2.pcapng,R2,23,231.48285961151123,0.9999161958694458,1.6837930161273107e-05,2.8545451641548425e-05,3.514557465678081e-05,3.3027345125447027e-06,Camera
/home/lmy/iot-device-classification/dataset/camera/round2_normal/camera_r2.pcapng,R2,24,240.18749833106995,0.999366819858551,1.6811578461783938e-05,0.00045268729445524514,0.00015927747881505638,4.420202913024696e-06,Camera
/home/lmy/iot-device-classification/dataset/camera/round2_normal/camera_r2.pcapng,R2,25,251.60208368301392,0.6615203619003296,0.0006667290581390262,0.013291660696268082,0.32439231872558594,0.00012891137157566845,Camera
/home/lmy/iot-device-classification/dataset/camera/round2_normal/camera_r2.pcapng,R2,26,261.6923804283142,0.9999572038650513,4.242319846525788e-06,4.262479251337936e-06,3.318785093142651e-05,1.0593799970592954e-06,Camera
/home/lmy/iot-device-classification/dataset/camera/round2_normal/camera_r2.pcapng,R2,27,271.09666991233826,0.9981318116188049,1.8405984519631602e-05,0.0017633091192692518,7.642620767001063e-05,1.0100942745339125e-05,Camera
/home/lmy/iot-device-classification/dataset/camera/round2_normal/camera_r2.pcapng,R2,28,280.5524854660034,0.9930002689361572,5.7890149037120864e-05,0.005020985845476389,0.001867924933321774,5.290992703521624e-05,Camera
/home/lmy/iot-device-classification/dataset/camera/round2_normal/camera_r2.pcapng,R2,29,290.1107532978058,0.9980173110961914,0.00016031545237638056,0.0006967532099224627,0.0010752436937764287,5.041336771682836e-05,Camera
/home/lmy/iot-device-classification/dataset/camera/round2_normal/camera_r2.pcapng,R2,30,300.50893568992615,0.9952538013458252,4.694229573942721e-05,0.0006327885785140097,0.004043866880238056,2.2635973436990753e-05,Camera
/home/lmy/iot-device-classification/dataset/camera/round2_normal/camera_r2.pcapng,R2,31,310.1326689720154,0.9968464970588684,6.940150797163369e-06,0.002109175082296133,0.0010296315886080265,7.771917807986028e-06,Camera
/home/lmy/iot-device-classification/dataset/camera/round2_normal/camera_r2.pcapng,R2,32,322.10616636276245,0.9961414933204651,0.0017063941340893507,0.0006827415782026947,0.0013531562872231007,0.00011618859571171924,Camera
/home/lmy/iot-device-classification/dataset/camera/round2_normal/camera_r2.pcapng,R2,33,331.1276652812958,0.9995700716972351,8.649776646052487e-06,0.00040600294596515596,1.277772753383033e-05,2.4924854642449645e-06,Camera
/home/lmy/iot-device-classification/dataset/camera/round2_normal/camera_r2.pcapng,R2,34,340.9529619216919,0.9936002492904663,8.933621757023502e-06,0.006303960457444191,7.754313992336392e-05,9.286298336519394e-06,Camera
/home/lmy/iot-device-classification/dataset/camera/round2_normal/camera_r2.pcapng,R2,35,352.25591802597046,0.9999281167984009,1.816019903344568e-05,2.017868246184662e-05,3.1559273338643834e-05,1.9443057226453675e-06,Camera
/home/lmy/iot-device-classification/dataset/camera/round2_normal/camera_r2.pcapng,R2,36,360.8315064907074,0.9972018003463745,7.076034671626985e-05,0.0008876543142832816,0.0018117008730769157,2.8065842343494296e-05,Camera
/home/lmy/iot-device-classification/dataset/camera/round2_normal/camera_r2.pcapng,R2,37,370.5139310359955,0.9968495965003967,8.796171641733963e-06,0.002741328440606594,0.00038723554462194443,1.2983915439690463e-05,Camera
/home/lmy/iot-device-classification/dataset/camera/round2_normal/camera_r2.pcapng,R2,38,382.43871212005615,0.9997102618217468,0.000215108462725766,2.036900150415022e-05,4.8877795052248985e-05,5.410626727098133e-06,Camera
/home/lmy/iot-device-classification/dataset/camera/round2_normal/camera_r2.pcapng,R2,39,391.16196274757385,0.997398853302002,1.0454298717377242e-05,0.0004792835679836571,0.002108911285176873,2.5162321435345802e-06,Camera
/home/lmy/iot-device-classification/dataset/camera/round2_normal/camera_r2.pcapng,R2,40,400.0452923774719,0.9992905855178833,2.2768679627915844e-05,0.000658694189041853,2.322692125744652e-05,4.736125447379891e-06,Camera
/home/lmy/iot-device-classification/dataset/camera/round2_normal/camera_r2.pcapng,R2,41,412.6356675624848,0.9997945427894592,1.695113860478159e-05,2.8381316951708868e-05,0.0001554573973407969,4.631576757674338e-06,Camera
/home/lmy/iot-device-classification/dataset/camera/round2_normal/camera_r2.pcapng,R2,42,421.15220284461975,0.9920348525047302,0.0005186550552025437,0.0026904919650405645,0.004719061311334372,3.69977205991745e-05,Camera
/home/lmy/iot-device-classification/dataset/camera/round2_normal/camera_r2.pcapng,R2,43,430.940012216568,0.9997368454933167,1.0145466148969717e-05,0.00014775333693251014,0.00010361470049247146,1.6283554487017682e-06,Camera
/home/lmy/iot-device-classification/dataset/camera/round2_normal/camera_r2.pcapng,R2,44,442.6917316913605,0.9997344613075256,0.00013447560195345432,2.6072864784509875e-05,9.528784721624106e-05,9.668954589869827e-06,Camera
/home/lmy/iot-device-classification/dataset/camera/round2_normal/camera_r2.pcapng,R2,45,451.1935696601868,0.9995039701461792,1.9966681065852754e-05,0.00030518590938299894,0.00016726827016100287,3.546993866621051e-06,Camera
/home/lmy/iot-device-classification/dataset/camera/round2_normal/camera_r2.pcapng,R2,46,460.4472413063049,0.9998377561569214,1.7365883877573651e-06,0.00015721646195743233,2.379459601797862e-06,9.17806175948499e-07,Camera
/home/lmy/iot-device-classification/dataset/camera/round2_normal/camera_r2.pcapng,R2,47,470.4268519878388,0.9999219179153442,4.785604323842563e-05,2.244264214823488e-05,5.586319275607821e-06,2.2400613488571253e-06,Camera
/home/lmy/iot-device-classification/dataset/camera/round2_normal/camera_r2.pcapng,R2,48,481.2099220752716,0.9983276724815369,2.81293014268158e-05,0.0014863451942801476,0.00014375477621797472,1.4059160093893297e-05,Camera
/home/lmy/iot-device-classification/dataset/camera/round2_normal/camera_r2.pcapng,R2,49,491.378582239151,0.9996228218078613,9.967506002794835e-07,0.0003608714905567467,1.4439863662119024e-05,7.899209322204115e-07,Camera
/home/lmy/iot-device-classification/dataset/camera/round2_normal/camera_r2.pcapng,R2,50,502.274872303009,0.9969546794891357,0.00016016658628359437,8.86217676452361e-05,0.002780570648610592,1.5966095816111192e-05,Camera
/home/lmy/iot-device-classification/dataset/camera/round2_normal/camera_r2.pcapng,R2,51,510.5952138900757,0.9992086291313171,5.342013082554331e-06,0.0007459975895471871,3.6084442399442196e-05,3.949206984543707e-06,Camera
/home/lmy/iot-device-classification/dataset/camera/round2_normal/camera_r2.pcapng,R2,52,520.859005689621,0.9975201487541199,5.258932651486248e-05,0.0016606952995061874,0.0007268479093909264,3.9735710743116215e-05,Camera
/home/lmy/iot-device-classification/dataset/camera/round2_normal/camera_r2.pcapng,R2,53,530.921037197113,0.9949240684509277,0.00011520965199451894,0.0009600442717783153,0.0039720479398965836,2.8557944460771978e-05,Camera
/home/lmy/iot-device-classification/dataset/camera/round2_normal/camera_r2.pcapng,R2,54,541.2423532009125,0.9739335179328918,0.0005882858531549573,0.010367329232394695,0.014598354697227478,0.0005124856252223253,Camera
/home/lmy/iot-device-classification/dataset/camera/round2_normal/camera_r2.pcapng,R2,55,551.7597703933716,0.9991102814674377,2.2101612557889894e-06,0.0006864639581181109,0.00019746173347812146,3.534105417202227e-06,Camera
/home/lmy/iot-device-classification/dataset/camera/round2_normal/camera_r2.pcapng,R2,56,562.8769211769104,0.9992627501487732,4.097687451576348e-06,8.521593372279312e-06,0.000723048287909478,1.5906416592770256e-06,Camera
/home/lmy/iot-device-classification/dataset/camera/round2_normal/camera_r2.pcapng,R2,57,570.9168725013733,0.9983780384063721,2.836944804585073e-05,0.0014139917911961675,0.00017365238454658538,5.899905772821512e-06,Camera
/home/lmy/iot-device-classification/dataset/camera/round2_normal/camera_r2.pcapng,R2,58,581.2913000583649,0.9997841715812683,2.7393937216402264e-06,0.00021049260976724327,1.498821006862272e-06,1.052747620633454e-06,Camera
/home/lmy/iot-device-classification/dataset/camera/round2_normal/camera_r2.pcapng,R2,59,591.7171287536621,0.9999271631240845,9.019070603244472e-06,5.70789779885672e-05,4.958632416673936e-06,1.8288645833308692e-06,Camera
/home/lmy/iot-device-classification/dataset/camera/round2_normal/camera_r2.pcapng,R2,60,601.2717821598053,0.9994707703590393,3.436117822275264e-06,0.000433843961218372,8.95921402843669e-05,2.345484745092108e-06,Camera
/home/lmy/iot-device-classification/dataset/camera/round2_normal/camera_r2.pcapng,R2,61,612.1706233024597,0.9996916055679321,1.9567371509765508e-06,0.00028287916211411357,2.279531145177316e-05,7.888083928264678e-07,Camera
/home/lmy/iot-device-classification/dataset/camera/round2_normal/camera_r2.pcapng,R2,62,622.8774116039276,0.9985787868499756,2.5361141524626873e-06,1.0161876161873806e-05,0.0014071798650547862,1.367940512864152e-06,Camera
/home/lmy/iot-device-classification/dataset/camera/round2_normal/camera_r2.pcapng,R2,63,631.2382776737213,0.9995755553245544,6.573916380148148e-06,0.00030561143648810685,0.00010985918197548017,2.399011691522901e-06,Camera
/home/lmy/iot-device-classification/dataset/camera/round2_normal/camera_r2.pcapng,R2,64,641.6916179656982,0.9990366697311401,5.0306889534113e-06,0.0009521361789666116,3.854801889247028e-06,2.314216999366181e-06,Camera
/home/lmy/iot-device-classification/dataset/camera/round2_normal/camera_r2.pcapng,R2,65,652.9084537029266,0.9996691942214966,0.00015579989121761173,0.00013450824189931154,3.0507875635521486e-05,9.954474080586806e-06,Camera
/home/lmy/iot-device-classification/dataset/camera/round2_normal/camera_r2.pcapng,R2,66,661.3038868904114,0.9450106024742126,0.0005328761762939394,0.028083335608243942,0.025886407122015953,0.00048678781604394317,Camera
/home/lmy/iot-device-classification/dataset/camera/round2_normal/camera_r2.pcapng,R2,67,672.5336236953735,0.9998669624328613,3.4877950838563265e-06,0.00012291254824958742,5.69050735066412e-06,9.257447572963429e-07,Camera
/home/lmy/iot-device-classification/dataset/camera/round2_normal/camera_r2.pcapng,R2,68,682.9397687911987,0.9999731779098511,1.4582742551283445e-05,3.844714683509665e-06,6.8956101131334435e-06,1.5262373835867038e-06,Camera
/home/lmy/iot-device-classification/dataset/camera/round2_normal/camera_r2.pcapng,R2,69,691.3212056159973,0.99403315782547,1.560888449603226e-05,0.000636408687569201,0.0053079016506671906,6.947159818082582e-06,Camera
/home/lmy/iot-device-classification/dataset/camera/round2_normal/camera_r2.pcapng,R2,70,701.9608671665192,0.9994623064994812,5.620551746687852e-06,0.0005257316515780985,4.89634203404421e-06,1.4360432487592334e-06,Camera
/home/lmy/iot-device-classification/dataset/camera/round2_normal/camera_r2.pcapng,R2,71,710.5933027267456,0.999647855758667,4.19839343521744e-05,0.00016986200353130698,0.00012908008648082614,1.123816764447838e-05,Camera
/home/lmy/iot-device-classification/dataset/camera/round2_normal/camera_r2.pcapng,R2,72,721.3382844924927,0.9824023842811584,0.00022501248167827725,0.0017422816017642617,0.015561282634735107,6.910810770932585e-05,Camera
/home/lmy/iot-device-classification/dataset/camera/round2_normal/camera_r2.pcapng,R2,73,732.9914615154266,0.9995641112327576,5.2127193157502916e-06,0.00037575812893919647,5.3587675211019814e-05,1.3121826896167477e-06,Camera
/home/lmy/iot-device-classification/dataset/camera/round2_normal/camera_r2.pcapng,R2,74,743.0018649101257,0.9989456534385681,1.4654149708803743e-05,1.042923304339638e-05,0.001026100479066372,3.1363849757326534e-06,Camera
/home/lmy/iot-device-classification/dataset/camera/round2_normal/camera_r2.pcapng,R2,75,751.3548667430878,0.9998226761817932,2.9466170872183284e-06,0.000153497836436145,2.008976662182249e-05,8.350459665962262e-07,Camera
/home/lmy/iot-device-classification/dataset/camera/round2_normal/camera_r2.pcapng,R2,76,762.2828052043915,0.9997782111167908,5.913038876315113e-06,0.0002111633075401187,3.0280127703008475e-06,1.6720823623472825e-06,Camera
/home/lmy/iot-device-classification/dataset/camera/round2_normal/camera_r2.pcapng,R2,77,772.6826767921448,0.9989296793937683,0.0001264881866518408,0.0006890386575832963,0.00022785378678236157,2.690285509743262e-05,Camera
/home/lmy/iot-device-classification/dataset/camera/round2_normal/camera_r2.pcapng,R2,78,780.3580389022827,0.9987119436264038,1.2984845852770377e-05,0.0010783326579257846,0.00018029865168500692,1.648554280109238e-05,Camera
/home/lmy/iot-device-classification/dataset/camera/round2_normal/camera_r2.pcapng,R2,79,793.0525143146515,0.9993754029273987,1.7007955648296047e-06,0.0006042871391400695,1.706204602669459e-05,1.5848637531235e-06,Camera
/home/lmy/iot-device-classification/dataset/camera/round2_normal/camera_r2.pcapng,R2,80,803.0640075206757,0.99979168176651,1.0872062375710811e-05,4.517295383266173e-05,0.0001493132731411606,3.0090654945524875e-06,Camera
/home/lmy/iot-device-classification/dataset/camera/round2_normal/camera_r2.pcapng,R2,81,811.3866221904755,0.9986644983291626,5.509003312909044e-05,0.0012515537673607469,1.9971666915807873e-05,8.903052730602212e-06,Camera
/home/lmy/iot-device-classification/dataset/camera/round2_normal/camera_r2.pcapng,R2,82,823.083886384964,0.998996913433075,6.499811661342392e-06,0.0008833676110953093,0.00010660533735062927,6.574560757144354e-06,Camera
/home/lmy/iot-device-classification/dataset/camera/round2_normal/camera_r2.pcapng,R2,83,833.0045716762543,0.9826338887214661,0.0015509717632085085,0.0025863484479486942,0.013064583763480186,0.00016419118037447333,Camera
/home/lmy/iot-device-classification/dataset/camera/round2_normal/camera_r2.pcapng,R2,84,841.4009125232697,0.9982089996337891,3.0370558761205757e-06,0.000334944692440331,0.0014510652981698513,1.929792915689177e-06,Camera
/home/lmy/iot-device-classification/dataset/camera/round2_normal/camera_r2.pcapng,R2,85,853.1160552501678,0.9980559349060059,1.7299305909546092e-05,0.0012629566481336951,0.0006495043053291738,1.4294954780780245e-05,Camera
/home/lmy/iot-device-classification/dataset/camera/round2_normal/camera_r2.pcapng,R2,86,863.1255404949188,0.9999791383743286,7.579222256026696e-06,6.204313649504911e-06,5.810282345919404e-06,1.2760965546476655e-06,Camera
/home/lmy/iot-device-classification/dataset/camera/round2_normal/camera_r2.pcapng,R2,87,871.4174144268036,0.9190525412559509,0.0003032698296010494,0.055921781808137894,0.024365615099668503,0.0003568331303540617,Camera
/home/lmy/iot-device-classification/dataset/camera/round2_normal/camera_r2.pcapng,R2,88,882.9259614944458,0.9996945858001709,4.6665545596624725e-06,0.00029472008463926613,4.2521160139585845e-06,1.8556235090727569e-06,Camera
/home/lmy/iot-device-classification/dataset/camera/round2_normal/camera_r2.pcapng,R2,89,891.7979836463928,0.999964714050293,6.35408559901407e-06,2.2711841666023247e-05,4.963057563145412e-06,1.2011847729809233e-06,Camera
/home/lmy/iot-device-classification/dataset/camera/round2_normal/camera_r2.pcapng,R2,90,901.2867312431335,0.9995505213737488,6.375059911079006e-06,0.0004167376027908176,2.4373539417865686e-05,1.9387991869734833e-06,Camera
/home/lmy/iot-device-classification/dataset/camera/round2_normal/camera_r2.pcapng,R2,91,913.3030829429626,0.971595048904419,0.0001248013140866533,0.02709718607366085,0.0011642035096883774,1.875396083050873e-05,Camera
/home/lmy/iot-device-classification/dataset/camera/round2_normal/camera_r2.pcapng,R2,92,923.1817755699158,0.9998263716697693,1.3199814020481426e-05,5.982988113828469e-06,0.00015135978173930198,3.082164312218083e-06,Camera
/home/lmy/iot-device-classification/dataset/camera/round2_normal/camera_r2.pcapng,R2,93,930.915230512619,0.9996300935745239,1.966375748452265e-06,0.0002811333688441664,8.519179391441867e-05,1.6119959127536276e-06,Camera
/home/lmy/iot-device-classification/dataset/camera/round2_normal/camera_r2.pcapng,R2,94,943.2024521827698,0.9995325803756714,5.043833880336024e-06,0.0004454833106137812,1.2144336324126925e-05,4.760573119710898e-06,Camera
/home/lmy/iot-device-classification/dataset/camera/round2_normal/camera_r2.pcapng,R2,95,953.2094819545746,0.9996515512466431,2.4899054551497102e-05,0.00020131540077272803,0.00011763549991883337,4.645896751753753e-06,Camera
/home/lmy/iot-device-classification/dataset/camera/round2_normal/camera_r2.pcapng,R2,96,961.4582974910736,0.9989389777183533,7.754458238196094e-06,0.0010033102007582784,4.732222078018822e-05,2.6952577627525898e-06,Camera
/home/lmy/iot-device-classification/dataset/camera/round2_normal/camera_r2.pcapng,R2,97,973.2285063266754,0.9998311996459961,9.13063217922172e-07,0.00015968010120559484,7.0380151555582415e-06,1.0856924745894503e-06,Camera
/home/lmy/iot-device-classification/dataset/camera/round2_normal/camera_r2.pcapng,R2,98,983.2378005981444,0.9997743964195251,9.70886685536243e-05,1.201980012410786e-05,0.00011327716492814943,3.190913048456423e-06,Camera
/home/lmy/iot-device-classification/dataset/camera/round2_normal/camera_r2.pcapng,R2,99,991.4677090644836,0.9993964433670044,2.4995499643409858e-06,0.000472370971692726,0.00012695790792349726,1.7026343357429141e-06,Camera
/home/lmy/iot-device-classification/dataset/camera/round2_normal/camera_r2.pcapng,R2,100,1003.258527994156,0.9996414184570312,1.3996870620758273e-05,0.00033273998997174203,9.06520745047601e-06,2.7204387151869014e-06,Camera
/home/lmy/iot-device-classification/dataset/camera/round2_normal/camera_r2.pcapng,R2,101,1012.9220654964448,0.9989602565765381,0.00010172852489631623,0.0005416363128460944,0.0003793167707044631,1.702645568002481e-05,Camera
/home/lmy/iot-device-classification/dataset/camera/round2_normal/camera_r2.pcapng,R2,102,1021.4844996929168,0.9836400151252747,3.113892307737842e-05,0.016151729971170425,0.0001465139794163406,3.06170986732468e-05,Camera
/home/lmy/iot-device-classification/dataset/camera/round2_normal/camera_r2.pcapng,R2,103,1033.285621881485,0.9988441467285156,4.66310075353249e-06,0.0009157926542684436,0.00023143253929447383,3.946674951293971e-06,Camera
/home/lmy/iot-device-classification/dataset/camera/round2_normal/camera_r2.pcapng,R2,104,1043.2945547103882,0.9997656941413879,2.660021164047066e-05,7.192904377006926e-06,0.0001979148801183328,2.6207887913187733e-06,Camera
/home/lmy/iot-device-classification/dataset/camera/round2_normal/camera_r2.pcapng,R2,105,1051.499022245407,0.9762423038482666,0.0001257309049833566,0.010381346568465233,0.013192977756261826,5.769911876996048e-05,Camera
/home/lmy/iot-device-classification/dataset/camera/round2_normal/camera_r2.pcapng,R2,106,1063.3147015571594,0.9936473965644836,4.77393223263789e-05,0.006225960329174995,4.173240085947327e-05,3.7186375266173854e-05,Camera
/home/lmy/iot-device-classification/dataset/camera/round2_normal/camera_r2.pcapng,R2,107,1073.3241927623749,0.9963500499725342,0.00021305817062966526,0.0021299084182828665,0.0012640028726309538,4.295243343221955e-05,Camera
/home/lmy/iot-device-classification/dataset/camera/round2_normal/camera_r2.pcapng,R2,108,1081.5124173164368,0.9972125887870789,2.282532113895286e-05,0.0025734235532581806,0.00016252745990641415,2.862775363610126e-05,Camera
/home/lmy/iot-device-classification/dataset/camera/round2_normal/camera_r2.pcapng,R2,109,1093.344004392624,0.9987894892692566,6.589375971088884e-06,0.0011669705854728818,3.151290366076864e-05,5.5040022743924055e-06,Camera
/home/lmy/iot-device-classification/dataset/camera/round2_normal/camera_r2.pcapng,R2,110,1103.3532123565674,0.9978454113006592,7.094901775417384e-06,2.4701370421098545e-05,0.0021178657189011574,4.939755854138639e-06,Camera
/home/lmy/iot-device-classification/dataset/camera/round2_normal/camera_r2.pcapng,R2,111,1111.5240352153778,0.9998161196708679,1.0569026471785037e-06,0.00016944577510003,1.2437031728040893e-05,9.82566916718497e-07,Camera
/home/lmy/iot-device-classification/dataset/camera/round2_normal/camera_r2.pcapng,R2,112,1123.372457742691,0.9999383687973022,8.44681380840484e-06,4.115967021789402e-05,1.0520171599637251e-05,1.5351105275840382e-06,Camera
/home/lmy/iot-device-classification/dataset/camera/round2_normal/camera_r2.pcapng,R2,113,1130.424103975296,0.9995866417884827,8.865448762662709e-06,0.0002329513808945194,0.0001677328982623294,3.798428224399686e-06,Camera
/home/lmy/iot-device-classification/dataset/camera/round2_normal/camera_r2.pcapng,R2,114,1141.5409350395205,0.9987925291061401,8.756296665524133e-06,0.0011192640522494912,7.610893226228654e-05,3.293326926723239e-06,Camera
/home/lmy/iot-device-classification/dataset/camera/round2_normal/camera_r2.pcapng,R2,115,1151.007157087326,0.9986365437507629,8.14405211713165e-05,0.001063563278876245,0.00021103645849507302,7.442501555487979e-06,Camera
/home/lmy/iot-device-classification/dataset/camera/round2_normal/camera_r2.pcapng,R2,116,1160.9190518856049,0.9984147548675537,0.0001548176514916122,8.445013372693211e-05,0.0013277562102302909,1.824386345106177e-05,Camera
/home/lmy/iot-device-classification/dataset/camera/round2_normal/camera_r2.pcapng,R2,117,1171.5538074970243,0.9010882377624512,0.0002278328174725175,0.09816902130842209,0.00034142445656470954,0.0001734414981910959,Camera
/home/lmy/iot-device-classification/dataset/camera/round2_normal/camera_r2.pcapng,R2,118,1182.5023686885834,0.9986048340797424,2.061118539131712e-05,0.0013352623209357262,2.6491194148547947e-05,1.2773242815455887e-05,Camera
/home/lmy/iot-device-classification/dataset/camera/round2_normal/camera_r2.pcapng,R2,119,1193.4421064853668,0.9993359446525574,2.5439901946811005e-05,0.0003306038270238787,0.0002982956648338586,9.659157512942329e-06,Camera
/home/lmy/iot-device-classification/dataset/camera/round2_normal/camera_r2.pcapng,R2,120,1201.569499254227,0.999657392501831,6.550756370415911e-05,0.0002481950505170971,1.897398760775104e-05,9.89369164017262e-06,Camera
/home/lmy/iot-device-classification/dataset/camera/round2_normal/camera_r2.pcapng,R2,121,1213.4615659713745,0.9953756332397461,1.0788239706016611e-05,0.0004419002216309309,0.004161129705607891,1.0534231478231959e-05,Camera
/home/lmy/iot-device-classification/dataset/camera/round2_normal/camera_r2.pcapng,R2,122,1223.4706284999847,0.9980185031890869,7.119229849195108e-05,0.0004122367827221751,0.0014646246563643217,3.3402022381778806e-05,Camera
/home/lmy/iot-device-classification/dataset/camera/round2_normal/camera_r2.pcapng,R2,123,1231.5857756137848,0.9933395981788635,5.580500146606937e-05,0.002473086817190051,0.004110954701900482,2.050020339083858e-05,Camera
/home/lmy/iot-device-classification/dataset/camera/round2_normal/camera_r2.pcapng,R2,124,1243.4929280281067,0.9992579817771912,9.60157467488898e-06,0.0007100082002580166,1.5361572877736762e-05,7.041054232104216e-06,Camera
/home/lmy/iot-device-classification/dataset/camera/round2_normal/camera_r2.pcapng,R2,125,1253.501568317413,0.987671971321106,7.251614442793652e-05,7.756932609481737e-05,0.012157357297837734,2.0557452444336377e-05,Camera
/home/lmy/iot-device-classification/dataset/camera/round2_normal/camera_r2.pcapng,R2,126,1261.600768327713,0.9553979635238647,0.00030555648845620453,0.04405995085835457,0.00016321947623509914,7.335146074183285e-05,Camera
/home/lmy/iot-device-classification/dataset/camera/round2_normal/camera_r2.pcapng,R2,127,1273.5200200080872,0.9844279885292053,3.6829118471359834e-05,0.009271223098039627,0.0062225027941167355,4.145281491219066e-05,Camera
/home/lmy/iot-device-classification/dataset/camera/round2_normal/camera_r2.pcapng,R2,128,1283.5298159122467,0.9975054860115051,4.894071025773883e-05,0.0021286599803715944,0.0002986094623338431,1.8329241356696002e-05,Camera
/home/lmy/iot-device-classification/dataset/camera/round2_normal/camera_r2.pcapng,R2,129,1291.6118483543396,0.9978552460670471,2.8669119274127297e-06,0.0006119200843386352,0.0015274363104254007,2.5003671453305287e-06,Camera
/home/lmy/iot-device-classification/dataset/camera/round2_normal/camera_r2.pcapng,R2,130,1303.5507655143738,0.8780301809310913,0.015164165757596493,0.03574987128376961,0.06672530621290207,0.004330533556640148,Camera
/home/lmy/iot-device-classification/dataset/camera/round2_normal/camera_r2.pcapng,R2,131,1310.9129676818848,0.989658772945404,0.0010420575272291899,0.00042092855437658727,0.00853501632809639,0.0003432656521908939,Camera
/home/lmy/iot-device-classification/dataset/camera/round2_normal/camera_r2.pcapng,R2,132,1321.6277344226835,0.9997201561927795,7.66548873798456e-06,0.00023669996880926192,3.38388817908708e-05,1.5892343299128697e-06,Camera
/home/lmy/iot-device-classification/dataset/camera/round2_normal/camera_r2.pcapng,R2,133,1330.091359615326,0.9986429810523987,2.869924855986028e-06,0.001335968030616641,1.4848172213532962e-05,3.3458752568549244e-06,Camera
/home/lmy/iot-device-classification/dataset/camera/round2_normal/camera_r2.pcapng,R2,134,1343.62934756279,0.18429279327392578,0.0024725610855966806,0.0020191832445561886,0.8106698393821716,0.0005456145736388862,Camera
/home/lmy/iot-device-classification/dataset/camera/round2_normal/camera_r2.pcapng,R2,135,1351.645565032959,0.9997543692588806,4.743151748698438e-06,0.00019094669551122934,4.891385469818488e-05,1.0260973795084283e-06,Camera
/home/lmy/iot-device-classification/dataset/camera/round2_normal/camera_r2.pcapng,R2,136,1363.610143661499,0.9993694424629211,3.8019547901058104e-06,0.0006221740040928125,3.5971891065855743e-06,1.0392876674814033e-06,Camera
/home/lmy/iot-device-classification/dataset/camera/round2_normal/camera_r2.pcapng,R2,137,1370.0518736839294,0.9999747276306152,7.329619620577432e-06,1.536259696877096e-05,1.8539834627517848e-06,7.322670967369049e-07,Camera
/home/lmy/iot-device-classification/dataset/camera/round2_normal/camera_r2.pcapng,R2,138,1381.6601283550262,0.9820220470428467,6.806536839576438e-05,0.01560294907540083,0.002261233516037464,4.5670698455069214e-05,Camera
/home/lmy/iot-device-classification/dataset/camera/round2_normal/camera_r2.pcapng,R2,139,1392.960649251938,0.9856504797935486,5.95665151195135e-05,0.013971852138638496,0.00028606763225980103,3.207729241694324e-05,Camera
/home/lmy/iot-device-classification/dataset/camera/round2_normal/camera_r2.pcapng,R2,140,1400.0394723415377,0.9998030066490173,3.60147555511503e-06,0.00014682099572382867,4.502834417507984e-05,1.545849841022573e-06,Camera
/home/lmy/iot-device-classification/dataset/camera/round2_normal/camera_r2.pcapng,R2,141,1411.6763532161713,0.9994189739227295,1.9228709788876586e-06,0.00045833748299628496,0.00011897278454853222,1.8181536916017649e-06,Camera
/home/lmy/iot-device-classification/dataset/camera/round2_normal/camera_r2.pcapng,R2,142,1423.6699299812317,0.9980103373527527,8.051771146710962e-06,0.0019323008600622416,4.063006053911522e-05,8.712402632227167e-06,Camera
/home/lmy/iot-device-classification/dataset/camera/round2_normal/camera_r2.pcapng,R2,143,1430.501472711563,0.9994994401931763,0.00037114592851139605,8.938639075495303e-05,2.6674100809032097e-05,1.3365464837988839e-05,Camera
/home/lmy/iot-device-classification/dataset/camera/round2_normal/camera_r2.pcapng,R2,144,1441.691505908966,0.9907901287078857,0.0008317623869515955,0.005428595002740622,0.0029124701395630836,3.705762719619088e-05,Camera
/home/lmy/iot-device-classification/dataset/camera/round2_normal/camera_r2.pcapng,R2,145,1450.0142230987549,0.9907370209693909,0.00012726288696285337,0.007761872839182615,0.0013423340860754251,3.152814315399155e-05,Camera
/home/lmy/iot-device-classification/dataset/camera/round2_normal/camera_r2.pcapng,R2,146,1460.071935892105,0.999981164932251,9.14841984922532e-06,4.7302228267653845e-06,3.7836873616470257e-06,1.16763101232209e-06,Camera
/home/lmy/iot-device-classification/dataset/camera/round2_normal/camera_r2.pcapng,R2,147,1470.0209238529203,0.998257577419281,7.4555018727551214e-06,0.0007443084614351392,0.0009872274240478873,3.417928155613481e-06,Camera
/home/lmy/iot-device-classification/dataset/camera/round2_normal/camera_r2.pcapng,R2,148,1480.0417964458466,0.9999532699584961,1.6828633306431584e-05,2.5401197490282357e-05,2.780032673399546e-06,1.6629709307380836e-06,Camera
/home/lmy/iot-device-classification/dataset/camera/round2_normal/camera_r2.pcapng,R2,149,1490.0754919052124,0.9999728202819824,9.451182449993212e-06,1.4290783838077914e-05,2.2004949187248712e-06,1.1818016218967387e-06,Camera
/home/lmy/iot-device-classification/dataset/camera/round2_normal/camera_r2.pcapng,R2,150,1500.1754784584043,0.996574878692627,4.835470008401899e-06,0.001461164210923016,0.0019546926487237215,4.403610546432901e-06,Camera
/home/lmy/iot-device-classification/dataset/camera/round2_normal/camera_r2.pcapng,R2,151,1510.2518315315249,0.9995467066764832,5.8329032981419004e-06,0.00043243568507023156,1.3773649698123336e-05,1.265665446226194e-06,Camera
/home/lmy/iot-device-classification/dataset/camera/round2_normal/camera_r2.pcapng,R2,152,1520.0883193016052,0.999971866607666,1.0423731509945355e-05,9.316188879893161e-06,7.137004558899207e-06,1.3046081903667073e-06,Camera
/home/lmy/iot-device-classification/dataset/camera/round2_normal/camera_r2.pcapng,R2,153,1530.324291229248,0.9972254037857056,4.443731540959561e-06,0.00017592782387509942,0.0025924695655703545,1.7920701793627813e-06,Camera
/home/lmy/iot-device-classification/dataset/camera/round2_normal/camera_r2.pcapng,R2,154,1540.1444492340088,0.995347797870636,9.573315765010193e-05,0.004525919444859028,1.6653133570798673e-05,1.3860073522664607e-05,Camera
/home/lmy/iot-device-classification/dataset/camera/round2_normal/camera_r2.pcapng,R2,155,1550.2133028507233,0.9999269247055054,5.069470716989599e-05,1.8218826880911365e-05,2.482693162164651e-06,1.6266036482193158e-06,Camera
/home/lmy/iot-device-classification/dataset/camera/round2_normal/camera_r2.pcapng,R2,156,1560.561782836914,0.9986686706542969,6.867195224913303e-06,0.0005685498472303152,0.0007535786717198789,2.3345521640294464e-06,Camera
/home/lmy/iot-device-classification/dataset/camera/round2_normal/camera_r2.pcapng,R2,157,1570.6017906665802,0.9997561573982239,1.693925696599763e-05,0.00020225212210789323,2.33076552831335e-05,1.3557549891629606e-06,Camera
/home/lmy/iot-device-classification/dataset/camera/round2_normal/camera_r2.pcapng,R2,158,1580.0871908664703,0.9998044371604919,1.0922136425506324e-05,5.123551545693772e-06,0.00017738972383085638,2.1141424895176897e-06,Camera
/home/lmy/iot-device-classification/dataset/camera/round2_normal/camera_r2.pcapng,R2,159,1590.1081371307373,0.9970728158950806,1.4759146324649919e-05,0.000653770926874131,0.002253422047942877,5.202703505347017e-06,Camera
/home/lmy/iot-device-classification/dataset/camera/round2_normal/camera_r2.pcapng,R2,160,1600.163945198059,0.999771773815155,1.28901592688635e-06,0.0002199419104726985,6.216114343260415e-06,7.945290008137817e-07,Camera
/home/lmy/iot-device-classification/dataset/camera/round2_normal/camera_r2.pcapng,R2,161,1610.2463591098783,0.9998966455459595,7.045366146485321e-06,1.2726462045975495e-05,8.223591430578381e-05,1.3309016821949626e-06,Camera
/home/lmy/iot-device-classification/dataset/camera/round2_normal/camera_r2.pcapng,R2,162,1620.3009140491486,0.9996702671051025,1.090783734980505e-05,0.00029439100762829185,2.305441739736125e-05,1.4399985275304061e-06,Camera
/home/lmy/iot-device-classification/dataset/camera/round2_normal/camera_r2.pcapng,R2,163,1630.364367723465,0.9997246861457825,3.2791635021567345e-05,0.0002339237544219941,4.922257176076528e-06,3.623230441007763e-06,Camera
/home/lmy/iot-device-classification/dataset/camera/round2_normal/camera_r2.pcapng,R2,164,1640.415866136551,0.9987508058547974,0.00016343893366865814,0.0006728256121277809,0.000368548120604828,4.4340940803522244e-05,Camera
/home/lmy/iot-device-classification/dataset/camera/round2_normal/camera_r2.pcapng,R2,165,1650.099946975708,0.9947978258132935,0.00012487712956499308,0.004475936759263277,0.0005544151645153761,4.695230381912552e-05,Camera
/home/lmy/iot-device-classification/dataset/camera/round2_normal/camera_r2.pcapng,R2,166,1660.2747735977173,0.999502420425415,0.00015966487990226597,0.00029325950890779495,3.260300582041964e-05,1.206001888931496e-05,Camera
/home/lmy/iot-device-classification/dataset/camera/round2_normal/camera_r2.pcapng,R2,167,1670.5621695518494,0.9997487664222717,0.000192864696145989,3.823321821982972e-05,1.4652859135821927e-05,5.438585503725335e-06,Camera
/home/lmy/iot-device-classification/dataset/camera/round2_normal/camera_r2.pcapng,R2,168,1680.287879705429,0.9997281432151794,2.540306195442099e-05,0.0002389650180703029,4.595421160047408e-06,2.9052168883936247e-06,Camera
/home/lmy/iot-device-classification/dataset/camera/round2_normal/camera_r2.pcapng,R2,169,1690.7651755809784,0.9997846484184265,7.560139056295156e-05,0.0001317468413617462,4.2332471821282525e-06,3.7617826365021756e-06,Camera
/home/lmy/iot-device-classification/dataset/camera/round2_normal/camera_r2.pcapng,R2,170,1700.840870141983,0.9993658661842346,0.00019760116992983967,0.0003769249306060374,3.6394416383700445e-05,2.316977406735532e-05,Camera
/home/lmy/iot-device-classification/dataset/camera/round2_normal/camera_r2.pcapng,R2,171,1710.3125059604645,0.9983800649642944,0.00012694035831373185,0.0011793564772233367,0.00030032044742256403,1.3341866178961936e-05,Camera
/home/lmy/iot-device-classification/dataset/camera/round2_normal/camera_r2.pcapng,R2,172,1720.479027509689,0.8704211115837097,0.0007028689724393189,0.1267954409122467,0.0018318364163860679,0.0002487331803422421,Camera
/home/lmy/iot-device-classification/dataset/camera/round2_normal/camera_r2.pcapng,R2,173,1731.0160167217257,0.9998785257339478,4.855534280068241e-05,1.302570217376342e-05,5.6326145568164065e-05,3.5963864775112597e-06,Camera
/home/lmy/iot-device-classification/dataset/camera/round2_normal/camera_r2.pcapng,R2,174,1741.0855920314789,0.9993305206298828,6.3846318880678155e-06,0.00032341055339202285,0.00033786363201215863,1.8430276895742281e-06,Camera
/home/lmy/iot-device-classification/dataset/camera/round2_normal/camera_r2.pcapng,R2,175,1750.9176754951477,0.9992062449455261,4.542523674899712e-05,0.0006667100242339075,7.351386739173904e-05,8.189579602913e-06,Camera
/home/lmy/iot-device-classification/dataset/camera/round2_normal/camera_r2.pcapng,R2,176,1760.2380640506744,0.9997833371162415,4.6101631596684456e-05,5.711568519473076e-05,0.00010956881305901334,3.883999852405395e-06,Camera
/home/lmy/iot-device-classification/dataset/camera/round2_normal/camera_r2.pcapng,R2,177,1771.068736076355,0.998728334903717,1.043183874571696e-05,0.0006013809470459819,0.0006557710585184395,4.086499302502489e-06,Camera
/home/lmy/iot-device-classification/dataset/camera/round2_normal/camera_r2.pcapng,R2,178,1781.3355267047882,0.9982466697692871,3.723006375366822e-05,0.0014105754671618342,0.00029638028354384005,9.15986947802594e-06,Camera
/home/lmy/iot-device-classification/dataset/camera/round2_normal/camera_r2.pcapng,R2,179,1791.4084224700928,0.9996144771575928,4.414473096403526e-06,4.8150955080927815e-06,0.00037474388955160975,1.5043199255160289e-06,Camera
/home/lmy/iot-device-classification/dataset/camera/round2_normal/camera_r2.pcapng,R2,180,1801.4464135169983,0.999721348285675,6.394283900590381e-06,0.00022078822075854987,5.054695429862477e-05,9.138356631410716e-07,Camera
/home/lmy/iot-device-classification/dataset/camera/round2_normal/camera_r2.pcapng,R2,181,1811.5264284610748,0.9999873638153076,3.1091262826521415e-06,6.33157560514519e-06,2.5735821509442758e-06,6.439627213694621e-07,Camera
/home/lmy/iot-device-classification/dataset/camera/round2_normal/camera_r2.pcapng,R2,182,1821.6065700054169,0.9999750852584839,9.93078629107913e-06,8.967364010459278e-06,4.584324415191077e-06,1.4293576668933383e-06,Camera
/home/lmy/iot-device-classification/dataset/camera/round2_normal/camera_r2.pcapng,R2,183,1831.389788389206,0.9995597004890442,2.872166624001693e-05,0.00031218832009471953,9.648231934988871e-05,2.892594466175069e-06,Camera
/home/lmy/iot-device-classification/dataset/camera/round2_normal/camera_r2.pcapng,R2,184,1841.686539888382,0.969566285610199,0.00016098424384836107,0.029670797288417816,0.0005341710057109594,6.770534673705697e-05,Camera
/home/lmy/iot-device-classification/dataset/camera/round2_normal/camera_r2.pcapng,R2,185,1851.766833305359,0.9999806880950928,7.982487659319304e-06,2.832990048773354e-06,7.730748620815575e-06,8.05923548341525e-07,Camera
/home/lmy/iot-device-classification/dataset/camera/round2_normal/camera_r2.pcapng,R2,186,1860.509847164154,0.9990286827087402,5.0917326007038355e-05,0.0007830606773495674,0.00013053220754954964,6.770207164663589e-06,Camera
/home/lmy/iot-device-classification/dataset/camera/round2_normal/camera_r2.pcapng,R2,187,1871.9368324279783,0.9995453953742981,2.783264335448621e-06,0.0004408520762808621,9.723222319735214e-06,1.1837945521619986e-06,Camera
/home/lmy/iot-device-classification/dataset/camera/round2_normal/camera_r2.pcapng,R2,188,1881.967279672623,0.9988201260566711,2.9802071367157623e-05,0.0010262239957228303,0.00011465843272162601,9.204768502968363e-06,Camera
/home/lmy/iot-device-classification/dataset/camera/round2_normal/camera_r2.pcapng,R2,189,1891.9326751232147,0.9900628924369812,1.4558456314262003e-05,0.006552374456077814,0.00334939849562943,2.0786337699973956e-05,Camera
/home/lmy/iot-device-classification/dataset/camera/round2_normal/camera_r2.pcapng,R2,190,1902.091634511948,0.9999521970748901,1.2500669981818646e-05,1.610109757166356e-05,1.826013067329768e-05,9.400015414939844e-07,Camera
/home/lmy/iot-device-classification/dataset/camera/round2_normal/camera_r2.pcapng,R2,191,1912.1781225204468,0.99953293800354,1.543521102576051e-05,4.67404788651038e-06,0.0004447991377674043,2.178091563109774e-06,Camera
/home/lmy/iot-device-classification/dataset/camera/round2_normal/camera_r2.pcapng,R2,192,1920.830106496811,0.9996869564056396,3.404539029361331e-06,0.00023249689547810704,7.561369420727715e-05,1.5237836805681582e-06,Camera
/home/lmy/iot-device-classification/dataset/camera/round2_normal/camera_r2.pcapng,R2,193,1932.2996833324432,0.9997766613960266,3.11821577270166e-06,0.00018948374781757593,2.8860971724498086e-05,1.937269189511426e-06,Camera
/home/lmy/iot-device-classification/dataset/camera/round2_normal/camera_r2.pcapng,R2,194,1940.0105667114256,0.9901357293128967,0.00013519667845685035,0.0001455892197554931,0.009522519074380398,6.100857353885658e-05,Camera
/home/lmy/iot-device-classification/dataset/camera/round2_normal/camera_r2.pcapng,R2,195,1952.4212517738345,0.9989306330680847,0.00021407005260698497,9.686818884802051e-06,0.0008406064589507878,4.953596089762868e-06,Camera
/home/lmy/iot-device-classification/dataset/camera/round2_normal/camera_r2.pcapng,R2,196,1962.431809425354,0.9969710111618042,1.5151412299019285e-05,0.0021950267255306244,0.0008089516777545214,9.884481187327765e-06,Camera
/home/lmy/iot-device-classification/dataset/camera/round2_normal/camera_r2.pcapng,R2,197,1972.5883479118347,0.9989942908287048,4.20782198489178e-05,0.00055573636200279,0.0003790463670156896,2.88260962406639e-05,Camera
/home/lmy/iot-device-classification/dataset/camera/round2_normal/camera_r2.pcapng,R2,198,1981.9786231517792,0.9998687505722046,5.9912013057328295e-06,0.00011673550761770457,7.588865173602244e-06,9.068414215107623e-07,Camera
/home/lmy/iot-device-classification/dataset/camera/round2_normal/camera_r2.pcapng,R2,199,1991.5498895645144,0.9968241453170776,7.797204307280481e-05,0.003064823104068637,2.346948349440936e-05,9.644182682677638e-06,Camera
/home/lmy/iot-device-classification/dataset/camera/round2_normal/camera_r2.pcapng,R2,200,2000.3638124465945,0.9999353885650635,8.06485604698537e-06,4.9681948439683765e-05,5.299053555063438e-06,1.5358205018856097e-06,Camera
/home/lmy/iot-device-classification/dataset/camera/round2_normal/camera_r2.pcapng,R2,201,2011.9934787750244,0.998977780342102,5.859531484020408e-06,0.0009285915875807405,8.33383746794425e-05,4.435834853211418e-06,Camera
/home/lmy/iot-device-classification/dataset/camera/round2_normal/camera_r2.pcapng,R2,202,2020.6680932044983,0.9997114539146423,1.3514147212845273e-05,0.00025465304497629404,1.820533179852646e-05,2.1181635929679032e-06,Camera
/home/lmy/iot-device-classification/dataset/camera/round2_normal/camera_r2.pcapng,R2,203,2032.9883801937103,0.9999172687530518,4.9872447561938316e-05,9.75247621681774e-06,2.0672116079367697e-05,2.4813341497065267e-06,Camera
/home/lmy/iot-device-classification/dataset/camera/round2_normal/camera_r2.pcapng,R2,204,2041.467861175537,0.9990598559379578,3.690821904456243e-05,0.00030080246506258845,0.0005952402716502547,7.216157882794505e-06,Camera
/home/lmy/iot-device-classification/dataset/camera/round2_normal/camera_r2.pcapng,R2,205,2051.867367506027,0.9991161227226257,7.841967999411281e-06,0.0008641291060484946,8.855227861204185e-06,3.0436856377491495e-06,Camera
/home/lmy/iot-device-classification/dataset/camera/round2_normal/camera_r2.pcapng,R2,206,2060.815411567688,0.9975207448005676,1.6193434930755757e-05,6.328122253762558e-05,0.0023855315521359444,1.4285341421782505e-05,Camera
/home/lmy/iot-device-classification/dataset/camera/round2_normal/camera_r2.pcapng,R2,207,2072.0251841545105,0.9975824356079102,6.6567572503117844e-06,0.0022006984800100327,0.00020096253138035536,9.216054422722664e-06,Camera
/home/lmy/iot-device-classification/dataset/camera/round2_normal/camera_r2.pcapng,R2,208,2083.285264968872,0.9991844296455383,2.1027246930316323e-06,0.000734558911062777,7.61682094889693e-05,2.7671233056025812e-06,Camera
/home/lmy/iot-device-classification/dataset/camera/round2_normal/camera_r2.pcapng,R2,209,2093.3637657165527,0.999313473701477,2.2028169041732326e-05,7.215550431283191e-05,0.0005823714309372008,9.928305189532693e-06,Camera
/home/lmy/iot-device-classification/dataset/camera/round2_normal/camera_r2.pcapng,R2,210,2101.789255142212,0.9985130429267883,1.4659500266134273e-05,0.0010648580500856042,0.00039966311305761337,7.731426194368396e-06,Camera
/home/lmy/iot-device-classification/dataset/camera/round2_normal/camera_r2.pcapng,R2,211,2112.1880729198456,0.9996108412742615,7.540501246694475e-05,0.0002715617301873863,3.512170587782748e-05,7.0577611950284336e-06,Camera
/home/lmy/iot-device-classification/dataset/camera/round2_normal/camera_r2.pcapng,R2,212,2121.234741926193,0.9998859167098999,6.894699254189618e-06,8.912509656511247e-05,1.504267129348591e-05,3.012197566931718e-06,Camera
/home/lmy/iot-device-classification/dataset/camera/round2_normal/camera_r2.pcapng,R2,213,2130.173230409622,0.9732619524002075,9.677289926912636e-05,0.026254799216985703,0.0003291559114586562,5.732707722927444e-05,Camera
/home/lmy/iot-device-classification/dataset/camera/round2_normal/camera_r2.pcapng,R2,214,2141.307647705078,0.9834150671958923,4.984921179129742e-05,0.0023814786691218615,0.01410119142383337,5.24922288605012e-05,Camera
/home/lmy/iot-device-classification/dataset/camera/round2_normal/camera_r2.pcapng,R2,215,2153.72504901886,0.9999427795410156,2.0968613171135075e-05,1.0932224540738389e-05,2.216768370999489e-05,3.096586397077772e-06,Camera
/home/lmy/iot-device-classification/dataset/camera/round2_normal/camera_r2.pcapng,R2,216,2162.067749977112,0.9975640773773193,1.552854519104585e-05,0.0001121303575928323,0.002302727894857526,5.541923655982828e-06,Camera
/home/lmy/iot-device-classification/dataset/camera/round2_normal/camera_r2.pcapng,R2,217,2172.5081238746643,0.9997894167900085,4.058132617501542e-05,0.00013230196782387793,3.4268134186277166e-05,3.449257974352804e-06,Camera
/home/lmy/iot-device-classification/dataset/camera/round2_normal/camera_r2.pcapng,R2,218,2181.6755821704865,0.9999638795852661,9.731338650453836e-06,4.768763119500363e-06,2.0796331227757037e-05,8.381680345337372e-07,Camera
/home/lmy/iot-device-classification/dataset/camera/round2_normal/camera_r2.pcapng,R2,219,2191.984236478805,0.9999513626098633,3.171203570673242e-05,1.4427193491428625e-05,1.5511388937738957e-06,9.64854166340956e-07,Camera
/home/lmy/iot-device-classification/dataset/camera/round2_normal/camera_r2.pcapng,R2,220,2201.6270184516907,0.9993054866790771,8.572467777412385e-05,0.0005819612415507436,2.047290763584897e-05,6.373272299242672e-06,Camera
/home/lmy/iot-device-classification/dataset/camera/round2_normal/camera_r2.pcapng,R2,221,2214.0893738269806,0.9999165534973145,4.252628787071444e-05,9.85452516033547e-06,2.8891010515508242e-05,2.2189128685567994e-06,Camera
/home/lmy/iot-device-classification/dataset/camera/round2_normal/camera_r2.pcapng,R2,222,2222.10164809227,0.14788499474525452,0.0032591046765446663,0.014770873822271824,0.8331024050712585,0.000982647412456572,Camera
/home/lmy/iot-device-classification/dataset/camera/round2_normal/camera_r2.pcapng,R2,223,2232.827834129333,0.9735754132270813,0.0003660932998172939,0.017611008137464523,0.00799656007438898,0.00045090451021678746,Camera
/home/lmy/iot-device-classification/dataset/camera/round2_normal/camera_r2.pcapng,R2,224,2240.0532019138336,0.9993056058883667,1.4921300135029014e-05,0.00060268648667261,6.676034536212683e-05,9.971268809749745e-06,Camera
/home/lmy/iot-device-classification/dataset/camera/round2_normal/camera_r2.pcapng,R2,225,2251.547493934632,0.9885786771774292,8.100840932456776e-05,0.0066186473704874516,0.004669723566621542,5.1939950935775414e-05,Camera
/home/lmy/iot-device-classification/dataset/camera/round2_normal/camera_r2.pcapng,R2,226,2261.947966337204,0.9623050093650818,0.0005794609314762056,0.014417562633752823,0.022329602390527725,0.00036842719418928027,Camera
/home/lmy/iot-device-classification/dataset/camera/round2_normal/camera_r2.pcapng,R2,227,2274.4740204811096,0.9992833733558655,3.103453491348773e-05,0.00012818306277040392,0.0005440544919110835,1.3356993804336525e-05,Camera
/home/lmy/iot-device-classification/dataset/camera/round2_normal/camera_r2.pcapng,R2,228,2282.12881731987,0.4491632580757141,0.003055300796404481,0.042178019881248474,0.5042191743850708,0.0013842468615621328,Camera
/home/lmy/iot-device-classification/dataset/camera/round2_normal/camera_r2.pcapng,R2,229,2293.147260904312,0.9925655126571655,4.049488779855892e-05,0.004506945610046387,0.002832713769748807,5.433137994259596e-05,Camera
/home/lmy/iot-device-classification/dataset/camera/round2_normal/camera_r2.pcapng,R2,230,2300.4633750915527,0.9997051358222961,1.2075056474714074e-05,0.0002254916325910017,5.2630635764217004e-05,4.5816013880539685e-06,Camera
/home/lmy/iot-device-classification/dataset/camera/round2_normal/camera_r2.pcapng,R2,231,2311.8674972057343,0.9869237542152405,0.0004274912062101066,0.006036356091499329,0.006275590509176254,0.0003368572215549648,Camera
/home/lmy/iot-device-classification/dataset/camera/round2_normal/camera_r2.pcapng,R2,232,2322.249433517456,0.9816539287567139,0.0010941614164039493,0.016377821564674377,0.0007867615786381066,8.73131793923676e-05,Camera
/home/lmy/iot-device-classification/dataset/camera/round2_normal/camera_r2.pcapng,R2,233,2330.0429401397705,0.9999498128890991,4.0939463360700756e-05,2.8529384508146904e-06,5.26567964698188e-06,1.1747358712455025e-06,Camera
/home/lmy/iot-device-classification/dataset/camera/round2_normal/camera_r2.pcapng,R2,234,2341.95564198494,0.9995988011360168,0.00011912635090993717,0.00020275809220038354,6.911917444085702e-05,1.023825188894989e-05,Camera
/home/lmy/iot-device-classification/dataset/camera/round2_normal/camera_r2.pcapng,R2,235,2353.467885494232,0.9417820572853088,0.0011166176991537213,0.024002445861697197,0.032109834253787994,0.0009890118381008506,Camera
/home/lmy/iot-device-classification/dataset/camera/round2_normal/camera_r2.pcapng,R2,236,2360.0239040851598,0.9976035952568054,1.342226914857747e-05,0.0022959981579333544,7.929276762297377e-05,7.745377843093593e-06,Camera
/home/lmy/iot-device-classification/dataset/camera/round2_normal/camera_r2.pcapng,R2,237,2371.3019688129425,0.8950219750404358,0.00046420746366493404,0.005321411415934563,0.09910325706005096,8.91688177944161e-05,Camera
/home/lmy/iot-device-classification/dataset/camera/round2_normal/camera_r2.pcapng,R2,238,2384.637336730957,0.9812120199203491,4.293503297958523e-05,0.007956424728035927,0.010759633034467697,2.9025375624769367e-05,Camera
/home/lmy/iot-device-classification/dataset/camera/round2_normal/camera_r2.pcapng,R2,239,2390.2774493694305,0.9986201524734497,2.8619511795113795e-05,8.517311653122306e-05,0.001251962617971003,1.4106637536315247e-05,Camera
/home/lmy/iot-device-classification/dataset/camera/round2_normal/camera_r2.pcapng,R2,240,2402.190484523773,0.9957883954048157,3.2807183742988855e-05,0.0035015782341361046,0.0006481726304627955,2.8998278139624745e-05,Camera
/home/lmy/iot-device-classification/dataset/camera/round2_normal/camera_r2.pcapng,R2,241,2413.78723359108,0.9973556995391846,3.110761463176459e-05,0.0002240087924292311,0.0023647062480449677,2.4547956854803488e-05,Camera
/home/lmy/iot-device-classification/dataset/camera/round2_normal/camera_r2.pcapng,R2,242,2420.2702271938324,0.9992221593856812,1.77046240423806e-05,0.0007101144874468446,3.703876427607611e-05,1.3007236702833325e-05,Camera
/home/lmy/iot-device-classification/dataset/camera/round2_normal/camera_r2.pcapng,R2,243,2432.206829547882,0.9293429255485535,0.0003765313886106014,0.006911837495863438,0.06301355361938477,0.00035516524803824723,Camera
/home/lmy/iot-device-classification/dataset/camera/round2_normal/camera_r2.pcapng,R2,244,2440.5369811058044,0.9990110397338867,7.635916517756414e-06,0.0009587094536982477,1.7023878172039986e-05,5.514245458471123e-06,Camera
/home/lmy/iot-device-classification/dataset/camera/round2_normal/camera_r2.pcapng,R2,245,2450.9151241779327,0.9986814856529236,7.309972716029733e-05,0.0009585499064996839,0.0002450977044645697,4.171970795141533e-05,Camera
/home/lmy/iot-device-classification/dataset/camera/round2_normal/camera_r2.pcapng,R2,246,2462.2233695983887,0.6593852043151855,0.003552391892299056,0.07416918128728867,0.26062870025634766,0.0022645711433142424,Camera
/home/lmy/iot-device-classification/dataset/camera/round2_normal/camera_r2.pcapng,R2,247,2470.745864391327,0.9597208499908447,0.00011833148164441809,0.03662963956594467,0.003373820800334215,0.00015735719352960587,Camera
/home/lmy/iot-device-classification/dataset/camera/round2_normal/camera_r2.pcapng,R2,248,2480.3635375499725,0.9981909394264221,0.0001540137454867363,0.0010717309778556228,0.000521891051903367,6.144832877907902e-05,Camera
/home/lmy/iot-device-classification/dataset/camera/round2_normal/camera_r2.pcapng,R2,249,2491.955008745193,0.9816608428955078,0.0010414242278784513,0.009764144197106361,0.007362445816397667,0.0001711202785372734,Camera
/home/lmy/iot-device-classification/dataset/camera/round2_normal/camera_r2.pcapng,R2,250,2500.903836965561,0.9899131059646606,4.4507145503303036e-05,0.008516360074281693,0.0014831931330263615,4.2849642341025174e-05,Camera
/home/lmy/iot-device-classification/dataset/camera/round2_normal/camera_r2.pcapng,R2,251,2511.3530900478363,0.9995632767677307,2.2428132069762796e-05,7.441849447786808e-05,0.0003286819264758378,1.1143644769617822e-05,Camera
/home/lmy/iot-device-classification/dataset/camera/round2_normal/camera_r2.pcapng,R2,252,2522.2612977027893,0.9990743398666382,1.774013253452722e-05,0.0003906430210918188,0.0005128416232764721,4.437812549440423e-06,Camera
/home/lmy/iot-device-classification/dataset/camera/round2_normal/camera_r2.pcapng,R2,253,2531.064427614212,0.9998481273651123,6.442806352424668e-06,0.00010415868746349588,4.022413486381993e-05,9.68582298810361e-07,Camera
/home/lmy/iot-device-classification/dataset/camera/round2_normal/camera_r2.pcapng,R2,254,2540.8042035102844,0.9999719858169556,5.694394531019498e-06,7.311106401175493e-06,1.3666084669239353e-05,1.3301364560902584e-06,Camera
/home/lmy/iot-device-classification/dataset/camera/round2_normal/camera_r2.pcapng,R2,255,2552.2703080177307,0.9976711869239807,7.055684363876935e-06,0.0021257116459310055,0.00018824877042789012,7.807168003637344e-06,Camera
/home/lmy/iot-device-classification/dataset/camera/round2_normal/camera_r2.pcapng,R2,256,2561.224319934845,0.9976770281791687,4.443707803147845e-05,0.001577539835125208,0.0006827582838013768,1.8311093299416825e-05,Camera
/home/lmy/iot-device-classification/dataset/camera/round2_normal/camera_r2.pcapng,R2,257,2571.753851175308,0.9999734163284302,4.7729627112858e-06,8.580213034292683e-06,1.2083688488928601e-05,1.1122290288767545e-06,Camera
/home/lmy/iot-device-classification/dataset/camera/round2_normal/camera_r2.pcapng,R2,258,2581.316206216812,0.9994781613349915,3.458655555732548e-05,0.0003978835011366755,8.535359665984288e-05,4.091802566108527e-06,Camera
/home/lmy/iot-device-classification/dataset/camera/round2_normal/camera_r2.pcapng,R2,259,2591.465351343155,0.9987609386444092,6.798415597586427e-06,0.0010272751096636057,0.00020160058920737356,3.3895855722221313e-06,Camera
/home/lmy/iot-device-classification/dataset/camera/round2_normal/camera_r2.pcapng,R2,260,2601.226948738098,0.9999761581420898,1.1868255569424946e-05,9.813892575039063e-06,1.2528987554105697e-06,8.772639716880803e-07,Camera
/home/lmy/iot-device-classification/dataset/camera/round2_normal/camera_r2.pcapng,R2,261,2612.3000593185425,0.9995500445365906,3.538420287441113e-06,0.00043794908560812473,7.13760118742357e-06,1.3339798670131131e-06,Camera
/home/lmy/iot-device-classification/dataset/camera/round2_normal/camera_r2.pcapng,R2,262,2624.877833366394,0.9997009038925171,3.721284429047955e-06,0.0002186756464652717,7.572818867629394e-05,1.025756887429452e-06,Camera
/home/lmy/iot-device-classification/dataset/camera/round2_normal/camera_r2.pcapng,R2,263,2632.154580116272,0.9997283816337585,1.0845609722309746e-05,8.100247214315459e-05,0.00017127467435784638,8.493339009874035e-06,Camera
/home/lmy/iot-device-classification/dataset/camera/round2_normal/camera_r2.pcapng,R2,264,2642.319096326828,0.9982396364212036,8.341606007888913e-05,0.0004961644881404936,0.0011604838073253632,2.0338455215096474e-05,Camera
/home/lmy/iot-device-classification/dataset/camera/round2_normal/camera_r2.pcapng,R2,265,2651.86630487442,0.9982191920280457,1.0125621884071734e-05,0.001189158414490521,0.0005730893462896347,8.428914043179248e-06,Camera
/home/lmy/iot-device-classification/dataset/camera/round2_normal/camera_r2.pcapng,R2,266,2661.654774427414,0.9996697902679443,7.859220932004973e-05,0.0002420295641059056,2.4423345621471526e-06,7.151880254241405e-06,Camera
/home/lmy/iot-device-classification/dataset/camera/round2_normal/camera_r2.pcapng,R2,267,2672.337949037552,0.9986672401428223,9.056956332642585e-05,0.0008125221938826144,0.0004216165980324149,8.099133992800489e-06,Camera
/home/lmy/iot-device-classification/dataset/camera/round2_normal/camera_r2.pcapng,R2,268,2680.9150743484497,0.9986760020256042,2.783989293675404e-05,0.0011836152989417315,0.00010555848712101579,6.926388778083492e-06,Camera
/home/lmy/iot-device-classification/dataset/camera/round2_normal/camera_r2.pcapng,R2,269,2690.974287509918,0.9986491799354553,1.7265387214138173e-05,0.00010702645522542298,0.0012164799263700843,1.0044922419183422e-05,Camera
/home/lmy/iot-device-classification/dataset/camera/round2_normal/camera_r2.pcapng,R2,270,2702.3494124412537,0.9969015121459961,1.3802345165458973e-05,0.0019826272036880255,0.0010868635727092624,1.5267025446519256e-05,Camera
/home/lmy/iot-device-classification/dataset/camera/round2_normal/camera_r2.pcapng,R2,271,2712.1863276958466,0.9996066689491272,4.694577000918798e-06,0.0003629551501944661,2.4292337911901996e-05,1.3719864000449888e-06,Camera
/home/lmy/iot-device-classification/dataset/camera/round2_normal/camera_r2.pcapng,R2,272,2722.074912071228,0.9847866892814636,0.00019617196812760085,0.014867061749100685,4.1793955460889265e-05,0.00010823617049027234,Camera
/home/lmy/iot-device-classification/dataset/camera/round2_normal/camera_r2.pcapng,R2,273,2732.364284992218,0.9916577935218811,3.3253993024118245e-05,0.0059676142409443855,0.00230916659347713,3.211036528227851e-05,Camera
/home/lmy/iot-device-classification/dataset/camera/round2_normal/camera_r2.pcapng,R2,274,2742.426201105118,0.9695609211921692,9.442384907742962e-05,0.02555833011865616,0.004665392450988293,0.00012091422104276717,Camera
/home/lmy/iot-device-classification/dataset/camera/round2_normal/camera_r2.pcapng,R2,275,2751.7942452430725,0.9991374015808105,0.00015176409215200692,0.0003955838910769671,0.0002812730963341892,3.389203266124241e-05,Camera
/home/lmy/iot-device-classification/dataset/camera/round2_normal/camera_r2.pcapng,R2,276,2762.391175270081,0.9976073503494263,1.014291319734184e-05,0.001700376975350082,0.000670899054966867,1.1209977856196929e-05,Camera
/home/lmy/iot-device-classification/dataset/camera/round2_normal/camera_r2.pcapng,R2,277,2772.586864709854,0.9919288158416748,1.5739857190055773e-05,0.007524564862251282,0.0005124685703776777,1.8427941540721804e-05,Camera
/home/lmy/iot-device-classification/dataset/camera/round2_normal/camera_r2.pcapng,R2,278,2782.484987258911,0.9996678829193115,3.446328628342599e-05,0.0002822925162035972,1.2247571248735767e-05,3.1039623991091503e-06,Camera
/home/lmy/iot-device-classification/dataset/camera/round2_normal/camera_r2.pcapng,R2,279,2790.0341873168945,0.9995213747024536,6.715272775181802e-06,0.00046804017620161176,1.987394625757588e-06,1.8512846509111114e-06,Camera
/home/lmy/iot-device-classification/dataset/camera/round2_normal/camera_r2.pcapng,R2,280,2800.0600373744965,0.9686697125434875,0.0005305318627506495,0.025526363402605057,0.004995760507881641,0.0002776644250843674,Camera
/home/lmy/iot-device-classification/dataset/camera/round2_normal/camera_r2.pcapng,R2,281,2810.6854045391083,0.9996092915534973,0.00011979669943684712,0.0001315560075454414,0.00011977819667663425,1.955388688656967e-05,Camera
/home/lmy/iot-device-classification/dataset/camera/round2_normal/camera_r2.pcapng,R2,282,2820.2148718833923,0.9986293315887451,6.672662129858509e-05,0.0012684696121141315,2.5636329155531712e-05,9.918537216435652e-06,Camera
/home/lmy/iot-device-classification/dataset/camera/round2_normal/camera_r2.pcapng,R2,283,2830.389991044998,0.9966314435005188,1.2733372386719566e-05,0.003330649109557271,1.9717810573638417e-05,5.4283941608446185e-06,Camera
/home/lmy/iot-device-classification/dataset/camera/round2_normal/camera_r2.pcapng,R2,284,2840.1235485076904,0.9995867609977722,2.911888441303745e-05,0.0003728217852767557,7.147106316551799e-06,4.176108177489368e-06,Camera
/home/lmy/iot-device-classification/dataset/camera/round2_normal/camera_r2.pcapng,R2,285,2850.435590028763,0.9997897744178772,2.940061449407949e-06,0.0001998125808313489,6.661009592789924e-06,8.673201818965026e-07,Camera
/home/lmy/iot-device-classification/dataset/camera/round2_normal/camera_r2.pcapng,R2,286,2865.120695114136,0.9718349575996399,3.262981044827029e-05,0.004521508235484362,0.02358064241707325,3.0237766623031348e-05,Camera
/home/lmy/iot-device-classification/dataset/camera/round2_normal/camera_r2.pcapng,R2,287,2874.476404905319,0.999369204044342,0.00020759826293215156,0.0002773339219857007,0.00012369027535896748,2.2187739887158386e-05,Camera
/home/lmy/iot-device-classification/dataset/camera/round2_normal/camera_r2.pcapng,R2,288,2882.5396268367767,0.9970054030418396,1.670404708420392e-05,0.002343899104744196,0.0006161579512991011,1.7885686247609556e-05,Camera
/home/lmy/iot-device-classification/dataset/camera/round2_normal/camera_r2.pcapng,R2,289,2895.1511104106903,0.8972342014312744,0.0006067213253118098,0.10046985000371933,0.0013385353377088904,0.00035064510302618146,Camera
/home/lmy/iot-device-classification/dataset/camera/round2_normal/camera_r2.pcapng,R2,290,2905.180500984192,0.9985002279281616,0.00010458204633323476,8.627810166217387e-05,0.001285827485844493,2.3097485609469004e-05,Camera
/home/lmy/iot-device-classification/dataset/camera/round2_normal/camera_r2.pcapng,R2,291,2910.836339235306,0.9961877465248108,1.276188140764134e-05,0.003754153847694397,3.1142535590333864e-05,1.4263679986470379e-05,Camera
/home/lmy/iot-device-classification/dataset/camera/round2_normal/camera_r2.pcapng,R2,292,2925.181759595871,0.7365031242370605,0.0006073329132050276,0.2213243991136551,0.041054610162973404,0.0005105464952066541,Camera
/home/lmy/iot-device-classification/dataset/camera/round2_normal/camera_r2.pcapng,R2,293,2935.192971229553,0.9974800944328308,0.0009186512907035649,0.0005558320553973317,0.0009844530140981078,6.093130650697276e-05,Camera
/home/lmy/iot-device-classification/dataset/camera/round2_normal/camera_r2.pcapng,R2,294,2940.3558416366577,0.9969569444656372,6.203350039868383e-06,0.0024678953923285007,0.0005585894105024636,1.0424384527141228e-05,Camera
/home/lmy/iot-device-classification/dataset/camera/round2_normal/camera_r2.pcapng,R2,295,2955.211832046509,0.9154226183891296,7.34696805011481e-05,0.05871784687042236,0.02567536197602749,0.0001106877825804986,Camera
/home/lmy/iot-device-classification/dataset/camera/round2_normal/camera_r2.pcapng,R2,296,2963.7886035442352,0.9043570756912231,0.0007302921731024981,0.0019478385802358389,0.09267298877239227,0.0002918584505096078,Camera
/home/lmy/iot-device-classification/dataset/camera/round2_normal/camera_r2.pcapng,R2,297,2970.2596578598022,0.9996553659439087,3.5349880818102974e-06,0.00033795752096921206,2.020871306740446e-06,1.0820452871485031e-06,Camera
/home/lmy/iot-device-classification/dataset/camera/round2_normal/camera_r2.pcapng,R2,298,2981.000792980194,0.9989988207817078,3.3811581943155034e-06,0.00035063186078332365,0.0006432679365389049,3.952567112719407e-06,Camera
/home/lmy/iot-device-classification/dataset/camera/round2_normal/camera_r2.pcapng,R2,299,2995.2521436214447,0.9999140501022339,2.041125117102638e-05,2.4320117518072948e-05,3.822229336947203e-05,2.9365260161284823e-06,Camera
/home/lmy/iot-device-classification/dataset/camera/round2_normal/camera_r2.pcapng,R2,300,3000.7576143741608,0.993598461151123,1.053718642651802e-05,0.006251748651266098,0.0001182342239189893,2.1003435904276557e-05,Camera
/home/lmy/iot-device-classification/dataset/camera/round2_normal/camera_r2.pcapng,R2,301,3010.0839614868164,0.8881115317344666,0.0003524003841448575,0.1085868552327156,0.0026031488087028265,0.00034601453808136284,Camera
/home/lmy/iot-device-classification/dataset/camera/round2_normal/camera_r2.pcapng,R2,302,3020.015249967575,0.9996798038482666,3.051567546208389e-05,0.00024206731177400798,4.1028415580512956e-05,6.5636131694191135e-06,Camera
/home/lmy/iot-device-classification/dataset/camera/round2_normal/camera_r2.pcapng,R2,303,3030.3657536506653,0.9935734868049622,9.733950719237328e-06,0.006222250871360302,0.00017713407578412443,1.733378849166911e-05,Camera
/home/lmy/iot-device-classification/dataset/camera/round2_normal/camera_r2.pcapng,R2,304,3040.080572843552,0.9867924451828003,0.00015257815539371222,0.008901575580239296,0.004075910430401564,7.750534859951586e-05,Camera
/home/lmy/iot-device-classification/dataset/camera/round2_normal/camera_r2.pcapng,R2,305,3050.1431787014008,0.7531245946884155,0.00015060801524668932,0.0007224701694212854,0.24593092501163483,7.146641291910782e-05,Camera
/home/lmy/iot-device-classification/dataset/camera/round2_normal/camera_r2.pcapng,R2,306,3060.037881135941,0.9925774931907654,5.5393893489963375e-06,0.0005136823165230453,0.006899607367813587,3.671683771244716e-06,Camera
/home/lmy/iot-device-classification/dataset/camera/round2_normal/camera_r2.pcapng,R2,307,3070.197279214859,0.9827024936676025,9.906403283821419e-05,0.008863387629389763,0.008281262591481209,5.3796011343365535e-05,Camera
/home/lmy/iot-device-classification/dataset/camera/round2_normal/camera_r2.pcapng,R2,308,3080.4923326969147,0.24974894523620605,0.0031235232017934322,0.006887034047394991,0.7395836710929871,0.0006567966192960739,Camera
/home/lmy/iot-device-classification/dataset/camera/round2_normal/camera_r2.pcapng,R2,309,3090.337866783142,0.6359783411026001,0.0011839972576126456,0.3609299659729004,0.0012972484109923244,0.0006104726926423609,Camera
/home/lmy/iot-device-classification/dataset/camera/round2_normal/camera_r2.pcapng,R2,310,3105.3635880947118,0.6449923515319824,0.0008449834422208369,0.022254357114434242,0.33154383301734924,0.00036446115700528026,Camera
/home/lmy/iot-device-classification/dataset/camera/round2_normal/camera_r2.pcapng,R2,311,3110.339599609375,0.9482370018959045,4.7027337132021785e-05,0.00020859669893980026,0.05148957297205925,1.7801115973270498e-05,Camera
/home/lmy/iot-device-classification/dataset/camera/round2_normal/camera_r2.pcapng,R2,312,3121.587995290756,0.7733494639396667,0.003992112819105387,0.021577613428235054,0.19974581897258759,0.0013350013177841902,Camera
/home/lmy/iot-device-classification/dataset/camera/round2_normal/camera_r2.pcapng,R2,313,3130.548703193665,0.9988429546356201,5.216097179072676e-06,0.00035442563239485025,0.0007955723558552563,1.796422452571278e-06,Camera
/home/lmy/iot-device-classification/dataset/camera/round2_normal/camera_r2.pcapng,R2,314,3140.651015996933,0.990455687046051,0.00039535638643428683,0.00022783377789892256,0.008895443752408028,2.5714864023029804e-05,Camera
/home/lmy/iot-device-classification/dataset/camera/round2_normal/camera_r2.pcapng,R2,315,3150.0371539592743,0.9974416494369507,8.872955731931143e-06,0.0025170953013002872,2.328822847630363e-05,9.035860784933902e-06,Camera
/home/lmy/iot-device-classification/dataset/camera/round2_normal/camera_r2.pcapng,R2,316,3160.065385818481,0.9967278242111206,0.00010351249511586502,0.0009695948683656752,0.0021641459316015244,3.49452457157895e-05,Camera
/home/lmy/iot-device-classification/dataset/camera/round2_normal/camera_r2.pcapng,R2,317,3170.100455522537,0.9999414682388306,5.98025962972315e-06,2.1496489353012294e-05,2.9809449188178405e-05,1.2146286962888553e-06,Camera
/home/lmy/iot-device-classification/dataset/camera/round2_normal/camera_r2.pcapng,R2,318,3180.180648088455,0.9924994111061096,5.5698856158414856e-05,0.007041586562991142,0.00036521462607197464,3.80309866159223e-05,Camera
/home/lmy/iot-device-classification/dataset/camera/round2_normal/camera_r2.pcapng,R2,319,3190.26198887825,0.9997875094413757,2.1569760519923875e-06,0.0001915552857099101,1.7996215319726616e-05,7.813554248059518e-07,Camera
/home/lmy/iot-device-classification/dataset/camera/round2_normal/camera_r2.pcapng,R2,320,3200.3445069789886,0.9991995692253113,5.409956884250278e-06,8.992622497316916e-06,0.0007844171486794949,1.6271761751340819e-06,Camera
/home/lmy/iot-device-classification/dataset/camera/round2_normal/camera_r2.pcapng,R2,321,3210.3866999149323,0.999779999256134,2.0272386791475583e-06,0.00021264476526994258,3.564170356185059e-06,1.76121830008924e-06,Camera
/home/lmy/iot-device-classification/dataset/camera/round2_normal/camera_r2.pcapng,R2,322,3220.421141147613,0.9948155283927917,1.57237627718132e-05,0.0018398489337414503,0.0033168471418321133,1.2043507922498975e-05,Camera
/home/lmy/iot-device-classification/dataset/camera/round2_normal/camera_r2.pcapng,R2,323,3230.5054128170013,0.9990991353988647,7.75865773903206e-05,0.0003417262341827154,0.00046706118155270815,1.4455673408519942e-05,Camera
/home/lmy/iot-device-classification/dataset/camera/round2_normal/camera_r2.pcapng,R2,324,3241.2304408550262,0.9961567521095276,2.4967765057226643e-05,0.003333529457449913,0.00045900922850705683,2.579632018750999e-05,Camera
/home/lmy/iot-device-classification/dataset/camera/round2_normal/camera_r2.pcapng,R2,325,3250.621038913727,0.9996830224990845,1.909607362904353e-06,0.00022824687766842544,8.605879702372476e-05,8.316243338413187e-07,Camera
/home/lmy/iot-device-classification/dataset/camera/round2_normal/camera_r2.pcapng,R2,326,3260.660785198212,0.9989338517189026,5.576617695624009e-06,4.2072365431522485e-06,0.0010546330595389009,1.7299740875387215e-06,Camera
/home/lmy/iot-device-classification/dataset/camera/round2_normal/camera_r2.pcapng,R2,327,3270.7317979335785,0.9996293783187866,3.997864951088559e-06,0.0003645715187303722,9.54283223109087e-07,1.0384867437096545e-06,Camera
/home/lmy/iot-device-classification/dataset/camera/round2_normal/camera_r2.pcapng,R2,328,3280.772343635559,0.9788749814033508,0.0001913986779982224,0.015837468206882477,0.004946283530443907,0.0001498902274761349,Camera
/home/lmy/iot-device-classification/dataset/camera/round2_normal/camera_r2.pcapng,R2,329,3290.8538897037506,0.984043538570404,5.2559196774382144e-05,6.77738426020369e-05,0.01582474075257778,1.1359496056684293e-05,Camera
/home/lmy/iot-device-classification/dataset/camera/round2_normal/camera_r2.pcapng,R2,330,3300.9314148426056,0.9997153878211975,2.6036771032522665e-06,0.0002562233421485871,2.435813075862825e-05,1.3941943279860425e-06,Camera
/home/lmy/iot-device-classification/dataset/camera/round2_normal/camera_r2.pcapng,R2,331,3311.0110173225403,0.9987404942512512,1.958313623617869e-05,0.0005220214952714741,0.000706542981788516,1.1381171134416945e-05,Camera
/home/lmy/iot-device-classification/dataset/camera/round2_normal/camera_r2.pcapng,R2,332,3321.021496295929,0.9995146989822388,3.0794657504884526e-05,0.00021751415624748915,0.00022099007037468255,1.5947318388498388e-05,Camera
/home/lmy/iot-device-classification/dataset/camera/round2_normal/camera_r2.pcapng,R2,333,3331.1088683605194,0.9994434714317322,1.4597045492337202e-06,0.0005513227079063654,2.5008553166117053e-06,1.2502599702202133e-06,Camera
/home/lmy/iot-device-classification/dataset/camera/round2_normal/camera_r2.pcapng,R2,334,3341.1620395183563,0.9934216141700745,1.1008748515450861e-05,0.00130916154012084,0.0052472068928182125,1.1041595826100092e-05,Camera
/home/lmy/iot-device-classification/dataset/camera/round2_normal/camera_r2.pcapng,R2,335,3351.330676794052,0.9999827146530151,2.7232601951254765e-06,5.727105872210814e-06,7.997964530659374e-06,8.37224376937229e-07,Camera
/home/lmy/iot-device-classification/dataset/camera/round2_normal/camera_r2.pcapng,R2,336,3361.262679576874,0.9992778897285461,2.986893377965316e-06,0.0006889337673783302,2.7241465431870893e-05,3.0046467145439237e-06,Camera
/home/lmy/iot-device-classification/dataset/camera/round2_normal/camera_r2.pcapng,R2,337,3371.342203140259,0.9904048442840576,0.0002864661510102451,0.008952721022069454,0.00031883755582384765,3.713160549523309e-05,Camera
/home/lmy/iot-device-classification/dataset/camera/round2_normal/camera_r2.pcapng,R2,338,3381.41390824318,0.9999635219573975,1.2885778232885059e-05,6.282237336563412e-06,1.624087781237904e-05,1.0780047432490392e-06,Camera
/home/lmy/iot-device-classification/dataset/camera/round2_normal/camera_r2.pcapng,R2,339,3392.3465251922607,0.9997630715370178,3.933655534638092e-06,0.00022524376981891692,5.082150892121717e-06,2.708211923163617e-06,Camera
/home/lmy/iot-device-classification/dataset/camera/round2_normal/camera_r2.pcapng,R2,340,3401.532694339752,0.9996258020401001,2.9157188237149967e-06,0.0003055288689211011,6.498581205960363e-05,7.660011078769458e-07,Camera
/home/lmy/iot-device-classification/dataset/camera/round2_normal/camera_r2.pcapng,R2,341,3411.6661236286163,0.9993813037872314,2.0092240447411314e-05,0.00039643794298171997,0.0001940707297762856,8.064855137490667e-06,Camera
/home/lmy/iot-device-classification/dataset/camera/round2_normal/camera_r2.pcapng,R2,342,3421.684412717819,0.9989965558052063,5.331099146133056e-06,0.0008801508229225874,0.00011172555241500959,6.217393092811108e-06,Camera
/home/lmy/iot-device-classification/dataset/camera/round2_normal/camera_r2.pcapng,R2,343,3431.75385761261,0.9954438209533691,2.3430437067872845e-05,0.0036284099332988262,0.0008886705618351698,1.572565088281408e-05,Camera
/home/lmy/iot-device-classification/dataset/camera/round2_normal/camera_r2.pcapng,R2,344,3441.788556098938,0.9998233914375305,9.411330211150926e-06,0.000107728541479446,5.36164989171084e-05,5.915974270465085e-06,Camera
/home/lmy/iot-device-classification/dataset/camera/round2_normal/camera_r2.pcapng,R2,345,3451.8637878894806,0.9981690645217896,7.70848710089922e-05,0.0014510909095406532,0.00025748307234607637,4.523843381321058e-05,Camera
/home/lmy/iot-device-classification/dataset/camera/round2_normal/camera_r2.pcapng,R2,346,3460.9223339557648,0.9915910959243774,3.429488424444571e-05,0.0005340844509191811,0.007808975875377655,3.157103492412716e-05,Camera
/home/lmy/iot-device-classification/dataset/camera/round2_normal/camera_r2.pcapng,R2,347,3472.0139288902283,0.9990180730819702,2.9293252737261355e-05,0.0003097103035543114,0.0006369097391143441,6.01753345108591e-06,Camera
/home/lmy/iot-device-classification/dataset/camera/round2_normal/camera_r2.pcapng,R2,348,3482.064101219177,0.9967562556266785,1.833239002735354e-05,0.0031298156827688217,8.74211618793197e-05,8.127465662255418e-06,Camera
/home/lmy/iot-device-classification/dataset/camera/round2_normal/camera_r2.pcapng,R2,349,3492.1539199352264,0.9995864033699036,3.6710823678731686e-06,0.00030061620054766536,0.00010796628339448944,1.3257908904051874e-06,Camera
/home/lmy/iot-device-classification/dataset/camera/round2_normal/camera_r2.pcapng,R2,350,3502.213504552841,0.9987972974777222,3.097678199992515e-05,0.00019926900858990848,0.0009611446294002235,1.1309001820336562e-05,Camera
/home/lmy/iot-device-classification/dataset/camera/round2_normal/camera_r2.pcapng,R2,351,3512.034941673279,0.9908701777458191,0.0002962327271234244,0.006854078732430935,0.001725492998957634,0.0002539941342547536,Camera
/home/lmy/iot-device-classification/dataset/camera/round2_normal/camera_r2.pcapng,R2,352,3522.4215927124023,0.9991888403892517,3.3212718335562386e-06,0.0006396473036147654,0.0001648711768211797,3.336249392305035e-06,Camera
/home/lmy/iot-device-classification/dataset/camera/round2_normal/camera_r2.pcapng,R2,353,3532.374751806259,0.9991282820701599,3.4700173273449764e-05,0.0005689167301170528,0.00025780327268876135,1.027263260766631e-05,Camera
/home/lmy/iot-device-classification/dataset/camera/round2_normal/camera_r2.pcapng,R2,354,3542.454386472702,0.9997969269752502,1.7425036276108585e-05,7.560938684036955e-05,0.00010781233868328854,2.25922394747613e-06,Camera
/home/lmy/iot-device-classification/dataset/camera/round2_normal/camera_r2.pcapng,R2,355,3552.545018672943,0.9847999811172485,7.448931137332693e-05,0.014747205190360546,0.0003232300514355302,5.514267832040787e-05,Camera
/home/lmy/iot-device-classification/dataset/camera/round2_normal/camera_r2.pcapng,R2,356,3563.2424240112305,0.9848746657371521,3.421231667743996e-05,1.740975130815059e-05,0.015065750107169151,7.961921255628113e-06,Camera
/home/lmy/iot-device-classification/dataset/camera/round2_normal/camera_r2.pcapng,R2,357,3572.628823041916,0.9991983771324158,1.1199825166841038e-05,0.0007814046693965793,6.013782240188448e-06,3.0734324809600366e-06,Camera
/home/lmy/iot-device-classification/dataset/camera/round2_normal/camera_r2.pcapng,R2,358,3582.6948940753937,0.9733615517616272,0.0001274140813620761,0.018602721393108368,0.00778605230152607,0.00012226142280269414,Camera
/home/lmy/iot-device-classification/dataset/camera/round2_normal/camera_r2.pcapng,R2,359,3590.925525188446,0.9970996379852295,2.959565790661145e-05,0.00023873480677139014,0.002612851792946458,1.918662201205734e-05,Camera
/home/lmy/iot-device-classification/dataset/camera/round2_normal/camera_r2.pcapng,R2,360,3602.820072889328,0.9983493089675903,2.8619717340916395e-05,0.0009958174778148532,0.00060141587164253,2.4804136046441272e-05,Camera
/home/lmy/iot-device-classification/dataset/camera/round2_normal/camera_r2.pcapng,R2,361,3612.919867992401,0.9991289973258972,3.5555030990508385e-06,0.000750789069570601,0.00011315535812173039,3.5433238281257218e-06,Camera
/home/lmy/iot-device-classification/dataset/light_T1/round2_normal/light_T1_r2.pcapng,R2,0,0.0,0.01065699104219675,0.5751420259475708,0.051422469317913055,0.3499196767807007,0.012858830392360687,Light_T1
/home/lmy/iot-device-classification/dataset/light_T1/round2_normal/light_T1_r2.pcapng,R2,1,10.081433296203612,0.0019123939564451575,0.0038237539120018482,0.7761311531066895,0.21753914654254913,0.00059356982819736,Light_T1
/home/lmy/iot-device-classification/dataset/light_T1/round2_normal/light_T1_r2.pcapng,R2,2,20.122397422790527,0.006728469859808683,0.7331341505050659,0.06851118057966232,0.18286624550819397,0.00876000989228487,Light_T1
/home/lmy/iot-device-classification/dataset/light_T1/round2_normal/light_T1_r2.pcapng,R2,3,30.073687314987183,0.001408310723491013,0.048536404967308044,0.88642418384552,0.061505433171987534,0.002125633182004094,Light_T1
/home/lmy/iot-device-classification/dataset/light_T1/round2_normal/light_T1_r2.pcapng,R2,4,40.24433612823486,0.0015251090517267585,0.006889668293297291,0.2297821044921875,0.7602988481521606,0.0015043496387079358,Light_T1
/home/lmy/iot-device-classification/dataset/light_T1/round2_normal/light_T1_r2.pcapng,R2,5,50.27580189704895,0.020679043605923653,0.6517713665962219,0.13290803134441376,0.18603456020355225,0.008607008494436741,Light_T1
/home/lmy/iot-device-classification/dataset/light_T1/round2_normal/light_T1_r2.pcapng,R2,6,60.3568274974823,0.01682736724615097,0.695986807346344,0.06507524847984314,0.20812246203422546,0.013988152146339417,Light_T1
/home/lmy/iot-device-classification/dataset/light_T1/round2_normal/light_T1_r2.pcapng,R2,7,70.49751687049866,0.000816251034848392,0.011445989832282066,0.7909796833992004,0.19538703560829163,0.0013709819177165627,Light_T1
/home/lmy/iot-device-classification/dataset/light_T1/round2_normal/light_T1_r2.pcapng,R2,8,80.4786765575409,0.0004363497719168663,0.00987305585294962,0.0021157683804631233,0.9870026111602783,0.0005722146015614271,Light_T1
/home/lmy/iot-device-classification/dataset/light_T1/round2_normal/light_T1_r2.pcapng,R2,9,90.56966304779051,0.0001735150144668296,0.0013619746314361691,0.9753791689872742,0.022715620696544647,0.00036974126123823225,Light_T1
/home/lmy/iot-device-classification/dataset/light_T1/round2_normal/light_T1_r2.pcapng,R2,10,100.64229893684389,0.001973804086446762,0.08385566622018814,0.8242967128753662,0.08558019250631332,0.004293602891266346,Light_T1
/home/lmy/iot-device-classification/dataset/light_T1/round2_normal/light_T1_r2.pcapng,R2,11,110.69036531448364,0.00323516596108675,0.06437524408102036,0.5640292763710022,0.36157429218292236,0.006786014884710312,Light_T1
/home/lmy/iot-device-classification/dataset/light_T1/round2_normal/light_T1_r2.pcapng,R2,12,120.76410412788393,0.008071907795965672,0.2868197560310364,0.07054071128368378,0.6193522810935974,0.015215382911264896,Light_T1
/home/lmy/iot-device-classification/dataset/light_T1/round2_normal/light_T1_r2.pcapng,R2,13,130.82824182510376,0.0038576582446694374,0.0020082590635865927,0.9531524777412415,0.04027283191680908,0.0007087673293426633,Light_T1
/home/lmy/iot-device-classification/dataset/light_T1/round2_normal/light_T1_r2.pcapng,R2,14,140.89281582832336,0.0007187615847215056,0.0437435619533062,0.00599296810105443,0.9482579231262207,0.0012867557816207409,Light_T1
/home/lmy/iot-device-classification/dataset/light_T1/round2_normal/light_T1_r2.pcapng,R2,15,150.7223150730133,0.0016226002480834723,0.015515116974711418,0.02344798669219017,0.9554152488708496,0.00399909308180213,Light_T1
/home/lmy/iot-device-classification/dataset/light_T1/round2_normal/light_T1_r2.pcapng,R2,16,161.05147743225098,0.000664340506773442,0.010512326844036579,0.5977685451507568,0.38971957564353943,0.0013351821107789874,Light_T1
/home/lmy/iot-device-classification/dataset/light_T1/round2_normal/light_T1_r2.pcapng,R2,17,170.18091773986816,0.005624045617878437,0.08810900151729584,0.6283246874809265,0.2690378725528717,0.00890437327325344,Light_T1
/home/lmy/iot-device-classification/dataset/light_T1/round2_normal/light_T1_r2.pcapng,R2,18,181.22476410865784,0.0095644136890769,0.7239195704460144,0.07926905155181885,0.16794075071811676,0.01930616982281208,Light_T1
/home/lmy/iot-device-classification/dataset/light_T1/round2_normal/light_T1_r2.pcapng,R2,19,191.2066602706909,0.0032141145784407854,0.008836301043629646,0.5179634094238281,0.46887654066085815,0.0011096196249127388,Light_T1
/home/lmy/iot-device-classification/dataset/light_T1/round2_normal/light_T1_r2.pcapng,R2,20,201.2770550251007,0.01919262297451496,0.5407153367996216,0.06978724151849747,0.3587751090526581,0.011529693379998207,Light_T1
/home/lmy/iot-device-classification/dataset/light_T1/round2_normal/light_T1_r2.pcapng,R2,21,211.3571298122406,0.00019542044901754707,0.0075972555205225945,0.0010075460886582732,0.9908623695373535,0.00033747500856406987,Light_T1
/home/lmy/iot-device-classification/dataset/light_T1/round2_normal/light_T1_r2.pcapng,R2,22,221.42986726760864,0.00010797106369864196,0.0009072347893379629,0.0092500364407897,0.989547073841095,0.00018772177281789482,Light_T1
/home/lmy/iot-device-classification/dataset/light_T1/round2_normal/light_T1_r2.pcapng,R2,23,231.52436780929563,0.0065795863047242165,0.6474127769470215,0.14181597530841827,0.18919852375984192,0.014993148855865002,Light_T1
/home/lmy/iot-device-classification/dataset/light_T1/round2_normal/light_T1_r2.pcapng,R2,24,241.56386137008667,0.008026503957808018,0.707617461681366,0.0577617883682251,0.21562275290489197,0.010971547104418278,Light_T1
/home/lmy/iot-device-classification/dataset/light_T1/round2_normal/light_T1_r2.pcapng,R2,25,250.5556285381317,0.001598696573637426,0.006685703527182341,0.014387446455657482,0.9766720533370972,0.0006561350310221314,Light_T1
/home/lmy/iot-device-classification/dataset/light_T1/round2_normal/light_T1_r2.pcapng,R2,26,261.3937485218048,0.0006731888861395419,0.013476142659783363,0.0014651683159172535,0.9836239814758301,0.0007615378708578646,Light_T1
/home/lmy/iot-device-classification/dataset/light_T1/round2_normal/light_T1_r2.pcapng,R2,27,271.773809671402,0.0030193855054676533,0.0955873504281044,0.5259472727775574,0.3685014247894287,0.006944556254893541,Light_T1
/home/lmy/iot-device-classification/dataset/light_T1/round2_normal/light_T1_r2.pcapng,R2,28,282.5278351306915,0.0002016898652072996,0.0017285167705267668,0.01614999957382679,0.9817832112312317,0.0001365404750686139,Light_T1
/home/lmy/iot-device-classification/dataset/light_T1/round2_normal/light_T1_r2.pcapng,R2,29,292.0007178783417,0.0008098825346678495,0.006668894551694393,0.12852400541305542,0.8629521131515503,0.0010450745467096567,Light_T1
/home/lmy/iot-device-classification/dataset/light_T1/round2_normal/light_T1_r2.pcapng,R2,30,301.95359659194946,0.004696156829595566,0.47837093472480774,0.01807311177253723,0.4935424029827118,0.005317440256476402,Light_T1
/home/lmy/iot-device-classification/dataset/light_T1/round2_normal/light_T1_r2.pcapng,R2,31,310.8771641254425,0.0031380318105220795,0.052719756960868835,0.7815538048744202,0.15800485014915466,0.004583521746098995,Light_T1
/home/lmy/iot-device-classification/dataset/light_T1/round2_normal/light_T1_r2.pcapng,R2,32,322.032990694046,0.009347896091639996,0.922707736492157,0.007827804423868656,0.053338438272476196,0.0067781745456159115,Light_T1
/home/lmy/iot-device-classification/dataset/light_T1/round2_normal/light_T1_r2.pcapng,R2,33,332.38393092155457,0.00010685274173738435,0.0005689876852557063,0.0008905818103812635,0.9983127117156982,0.00012085655180271715,Light_T1
/home/lmy/iot-device-classification/dataset/light_T1/round2_normal/light_T1_r2.pcapng,R2,34,341.42994451522827,0.004026041366159916,0.007098263595253229,0.7355207204818726,0.252097487449646,0.0012574709253385663,Light_T1
/home/lmy/iot-device-classification/dataset/light_T1/round2_normal/light_T1_r2.pcapng,R2,35,350.3954920768738,0.00027642230270430446,0.0047963447868824005,0.0009289106819778681,0.9935576319694519,0.00044067640556022525,Light_T1
/home/lmy/iot-device-classification/dataset/light_T1/round2_normal/light_T1_r2.pcapng,R2,36,362.3245565891266,0.010578185319900513,0.5105015635490417,0.17777064442634583,0.2776610553264618,0.023488547652959824,Light_T1
/home/lmy/iot-device-classification/dataset/light_T1/round2_normal/light_T1_r2.pcapng,R2,37,371.1979289054871,0.0003908632497768849,0.005047215148806572,0.3460237383842468,0.6477277278900146,0.0008104391163215041,Light_T1
/home/lmy/iot-device-classification/dataset/light_T1/round2_normal/light_T1_r2.pcapng,R2,38,382.47854924201965,0.008747976273298264,0.6886445879936218,0.03136362507939339,0.25834921002388,0.012894642539322376,Light_T1
/home/lmy/iot-device-classification/dataset/light_T1/round2_normal/light_T1_r2.pcapng,R2,39,392.65023374557495,4.2373074393253773e-05,0.00038191929343156517,0.00013295092503540218,0.999395489692688,4.729795182356611e-05,Light_T1
/home/lmy/iot-device-classification/dataset/light_T1/round2_normal/light_T1_r2.pcapng,R2,40,401.4312198162079,0.05233956500887871,0.008725852705538273,0.7560813426971436,0.17911747097969055,0.0037357842084020376,Light_T1
/home/lmy/iot-device-classification/dataset/light_T1/round2_normal/light_T1_r2.pcapng,R2,41,410.7183997631073,0.0005019287928007543,0.013814116828143597,0.028979692608118057,0.95513916015625,0.0015650780405849218,Light_T1
/home/lmy/iot-device-classification/dataset/light_T1/round2_normal/light_T1_r2.pcapng,R2,42,422.6604495048523,0.013416750356554985,0.548748791217804,0.1134725958108902,0.30488792061805725,0.01947394199669361,Light_T1
/home/lmy/iot-device-classification/dataset/light_T1/round2_normal/light_T1_r2.pcapng,R2,43,431.5204424858093,0.0025137998163700104,0.013581453822553158,0.46267765760421753,0.5174108147621155,0.0038162849377840757,Light_T1
/home/lmy/iot-device-classification/dataset/light_T1/round2_normal/light_T1_r2.pcapng,R2,44,441.39876985549927,0.002577821258455515,0.12332206964492798,0.05108800157904625,0.8167745471000671,0.006237512920051813,Light_T1
/home/lmy/iot-device-classification/dataset/light_T1/round2_normal/light_T1_r2.pcapng,R2,45,452.7126591205597,0.00247919000685215,0.08393248915672302,0.8948150873184204,0.013346673920750618,0.005426551215350628,Light_T1
/home/lmy/iot-device-classification/dataset/light_T1/round2_normal/light_T1_r2.pcapng,R2,46,462.7228662967682,0.00071522913640365,0.09338356554508209,0.8940067291259766,0.009626355953514576,0.0022681604605168104,Light_T1
/home/lmy/iot-device-classification/dataset/light_T1/round2_normal/light_T1_r2.pcapng,R2,47,471.05090618133545,0.0007794972043484449,0.8960111737251282,0.01837858185172081,0.08371768146753311,0.001113074948079884,Light_T1
/home/lmy/iot-device-classification/dataset/light_T1/round2_normal/light_T1_r2.pcapng,R2,48,481.44139194488525,0.006131469272077084,0.16509397327899933,0.1587783247232437,0.6565371751785278,0.013459008187055588,Light_T1
/home/lmy/iot-device-classification/dataset/light_T1/round2_normal/light_T1_r2.pcapng,R2,49,491.4371244907379,0.5885783433914185,0.01388675905764103,0.3244866728782654,0.07080300897359848,0.002245234325528145,Light_T1
/home/lmy/iot-device-classification/dataset/light_T1/round2_normal/light_T1_r2.pcapng,R2,50,502.7656600475311,0.010477007366716862,0.6805404424667358,0.03805841505527496,0.2525533139705658,0.018370820209383965,Light_T1
/home/lmy/iot-device-classification/dataset/light_T1/round2_normal/light_T1_r2.pcapng,R2,51,510.6332814693451,0.0036113213282078505,0.1622871309518814,0.07171673327684402,0.7561159133911133,0.006268890108913183,Light_T1
/home/lmy/iot-device-classification/dataset/light_T1/round2_normal/light_T1_r2.pcapng,R2,52,520.9685122966766,0.002942993538454175,0.0053958408534526825,0.8222055435180664,0.16729317605495453,0.002162456978112459,Light_T1
/home/lmy/iot-device-classification/dataset/light_T1/round2_normal/light_T1_r2.pcapng,R2,53,531.3740339279175,0.00844696257263422,0.5032011270523071,0.21650461852550507,0.25552377104759216,0.016323497518897057,Light_T1
/home/lmy/iot-device-classification/dataset/light_T1/round2_normal/light_T1_r2.pcapng,R2,54,542.8090763092041,0.005197882652282715,0.5087677240371704,0.05727133899927139,0.4189528524875641,0.009810186922550201,Light_T1
/home/lmy/iot-device-classification/dataset/light_T1/round2_normal/light_T1_r2.pcapng,R2,55,552.1678185462952,0.002664805855602026,0.17854821681976318,0.3771091103553772,0.4347391426563263,0.006938728038221598,Light_T1
/home/lmy/iot-device-classification/dataset/light_T1/round2_normal/light_T1_r2.pcapng,R2,56,560.4868125915527,1.110912489821203e-05,9.056343697011471e-05,3.549749817466363e-05,0.9998451471328735,1.7707556253299117e-05,Light_T1
/home/lmy/iot-device-classification/dataset/light_T1/round2_normal/light_T1_r2.pcapng,R2,57,570.8866467475891,0.002127737272530794,0.02612624131143093,0.8002116680145264,0.16741497814655304,0.004119324963539839,Light_T1
/home/lmy/iot-device-classification/dataset/light_T1/round2_normal/light_T1_r2.pcapng,R2,58,581.4430186748505,0.0062532443553209305,0.0188610702753067,0.3219868242740631,0.6490336060523987,0.0038652969524264336,Light_T1
/home/lmy/iot-device-classification/dataset/light_T1/round2_normal/light_T1_r2.pcapng,R2,59,591.6882290840149,0.0044948142021894455,0.27058205008506775,0.460408091545105,0.25597083568573,0.008544271811842918,Light_T1
/home/lmy/iot-device-classification/dataset/light_T1/round2_normal/light_T1_r2.pcapng,R2,60,602.0889029502869,0.0027743903920054436,0.16781392693519592,0.009585865773260593,0.8146140575408936,0.0052117942832410336,Light_T1
/home/lmy/iot-device-classification/dataset/light_T1/round2_normal/light_T1_r2.pcapng,R2,61,612.4897012710571,0.00243887840770185,0.03777935728430748,0.6923648715019226,0.2628447711467743,0.0045721991918981075,Light_T1
/home/lmy/iot-device-classification/dataset/light_T1/round2_normal/light_T1_r2.pcapng,R2,62,621.4087979793549,0.0037281187251210213,0.020304642617702484,0.04103253409266472,0.9319661855697632,0.0029685278423130512,Light_T1
/home/lmy/iot-device-classification/dataset/light_T1/round2_normal/light_T1_r2.pcapng,R2,63,632.9048271179199,0.0026752427220344543,0.3600385785102844,0.5271517038345337,0.10347016900777817,0.006664279382675886,Light_T1
/home/lmy/iot-device-classification/dataset/light_T1/round2_normal/light_T1_r2.pcapng,R2,64,641.611709356308,0.001894658082164824,0.01714925840497017,0.9196621179580688,0.057816483080387115,0.0034774262458086014,Light_T1
/home/lmy/iot-device-classification/dataset/light_T1/round2_normal/light_T1_r2.pcapng,R2,65,652.9263761043549,0.014873433858156204,0.46498146653175354,0.32437336444854736,0.17319217324256897,0.022579550743103027,Light_T1
/home/lmy/iot-device-classification/dataset/light_T1/round2_normal/light_T1_r2.pcapng,R2,66,662.4265151023865,0.005979668814688921,0.48333874344825745,0.040834520012140274,0.4575284421443939,0.012318632565438747,Light_T1
/home/lmy/iot-device-classification/dataset/light_T1/round2_normal/light_T1_r2.pcapng,R2,67,670.4774038791656,0.008616548962891102,0.014118934981524944,0.5183291435241699,0.455105721950531,0.0038296831771731377,Light_T1
/home/lmy/iot-device-classification/dataset/light_T1/round2_normal/light_T1_r2.pcapng,R2,68,681.1357381343842,0.016298197209835052,0.5791895389556885,0.038717906922101974,0.3499871790409088,0.015807168558239937,Light_T1
/home/lmy/iot-device-classification/dataset/light_T1/round2_normal/light_T1_r2.pcapng,R2,69,691.5352778434753,0.00023793966101948172,0.001747365458868444,0.9351895451545715,0.06232890114188194,0.0004963074461556971,Light_T1
/home/lmy/iot-device-classification/dataset/light_T1/round2_normal/light_T1_r2.pcapng,R2,70,702.9807569980621,0.000676726340316236,0.00655947532504797,0.8367632031440735,0.15465165674686432,0.0013489213306456804,Light_T1
/home/lmy/iot-device-classification/dataset/light_T1/round2_normal/light_T1_r2.pcapng,R2,71,711.417891740799,0.0010758965509012341,0.007162144873291254,0.4918014407157898,0.498281329870224,0.001679140143096447,Light_T1
/home/lmy/iot-device-classification/dataset/light_T1/round2_normal/light_T1_r2.pcapng,R2,72,721.2819330692291,0.017014279961586,0.5157126188278198,0.3564254343509674,0.06871821731328964,0.04212944954633713,Light_T1
/home/lmy/iot-device-classification/dataset/light_T1/round2_normal/light_T1_r2.pcapng,R2,73,733.0125613212585,0.003260469762608409,0.00412393594160676,0.8374726176261902,0.15375106036663055,0.0013919008197262883,Light_T1
/home/lmy/iot-device-classification/dataset/light_T1/round2_normal/light_T1_r2.pcapng,R2,74,743.0233397483826,0.012103908695280552,0.3061457872390747,0.13915269076824188,0.5192909836769104,0.023306623101234436,Light_T1
/home/lmy/iot-device-classification/dataset/light_T1/round2_normal/light_T1_r2.pcapng,R2,75,753.0336911678314,0.00478458171710372,0.06914959847927094,0.7708410620689392,0.14407868683338165,0.01114601083099842,Light_T1
/home/lmy/iot-device-classification/dataset/light_T1/round2_normal/light_T1_r2.pcapng,R2,76,761.319078207016,0.0002595997939351946,0.0020725601352751255,0.9947203397750854,0.0024552526883780956,0.000492240535095334,Light_T1
/home/lmy/iot-device-classification/dataset/light_T1/round2_normal/light_T1_r2.pcapng,R2,77,770.3507785797119,0.0014655712293460965,0.07541511952877045,0.11935384571552277,0.8002637028694153,0.0035017654299736023,Light_T1
/home/lmy/iot-device-classification/dataset/light_T1/round2_normal/light_T1_r2.pcapng,R2,78,783.0664486885071,0.011102944612503052,0.5105409026145935,0.029038826003670692,0.43930137157440186,0.01001595426350832,Light_T1
/home/lmy/iot-device-classification/dataset/light_T1/round2_normal/light_T1_r2.pcapng,R2,79,790.2610740661621,0.0004587138828355819,0.015583314932882786,0.9711117744445801,0.011428865604102612,0.0014173054369166493,Light_T1
/home/lmy/iot-device-classification/dataset/light_T1/round2_normal/light_T1_r2.pcapng,R2,80,801.4338278770447,0.010781423188745975,0.5701143145561218,0.08687359094619751,0.32023873925209045,0.01199196558445692,Light_T1
/home/lmy/iot-device-classification/dataset/light_T1/round2_normal/light_T1_r2.pcapng,R2,81,813.099357843399,0.004751691594719887,0.10582669824361801,0.5362613201141357,0.3443346917629242,0.008825641125440598,Light_T1
/home/lmy/iot-device-classification/dataset/light_T1/round2_normal/light_T1_r2.pcapng,R2,82,823.244270324707,0.0009903779719024897,0.006562781985849142,0.9269400238990784,0.06437326222658157,0.0011335025774315,Light_T1
/home/lmy/iot-device-classification/dataset/light_T1/round2_normal/light_T1_r2.pcapng,R2,83,832.992538690567,0.004747285973280668,0.5550751090049744,0.20279662311077118,0.23153851926326752,0.005842411424964666,Light_T1
/home/lmy/iot-device-classification/dataset/light_T1/round2_normal/light_T1_r2.pcapng,R2,84,840.011260509491,0.0155953299254179,0.589468240737915,0.2552050054073334,0.11144357919692993,0.028287889435887337,Light_T1
/home/lmy/iot-device-classification/dataset/light_T1/round2_normal/light_T1_r2.pcapng,R2,85,851.4628553390503,0.01210082322359085,0.0021851565688848495,0.16344542801380157,0.8214638233184814,0.0008047774317674339,Light_T1
/home/lmy/iot-device-classification/dataset/light_T1/round2_normal/light_T1_r2.pcapng,R2,86,862.10902094841,0.002911508549004793,0.213932067155838,0.02932838536798954,0.7450434565544128,0.008784615434706211,Light_T1
/home/lmy/iot-device-classification/dataset/light_T1/round2_normal/light_T1_r2.pcapng,R2,87,870.3380229473114,0.004334789700806141,0.09965899586677551,0.3666139543056488,0.5207932591438293,0.008599000051617622,Light_T1
/home/lmy/iot-device-classification/dataset/light_T1/round2_normal/light_T1_r2.pcapng,R2,88,883.1754846572876,0.0011618748540058732,0.022682910785079002,0.92753005027771,0.04652051255106926,0.0021045897156000137,Light_T1
/home/lmy/iot-device-classification/dataset/light_T1/round2_normal/light_T1_r2.pcapng,R2,89,891.430207490921,0.00013253712677396834,0.0009626188548281789,0.0017853768076747656,0.9968922734260559,0.00022719027765560895,Light_T1
/home/lmy/iot-device-classification/dataset/light_T1/round2_normal/light_T1_r2.pcapng,R2,90,900.4152913093567,0.01500654499977827,0.8979908227920532,0.016220683231949806,0.05808202177286148,0.012699952349066734,Light_T1
/home/lmy/iot-device-classification/dataset/light_T1/round2_normal/light_T1_r2.pcapng,R2,91,913.2069385051728,0.0025214606430381536,0.027937455102801323,0.2312806248664856,0.7358026504516602,0.00245780311524868,Light_T1
/home/lmy/iot-device-classification/dataset/light_T1/round2_normal/light_T1_r2.pcapng,R2,92,922.4334559440612,0.005847132299095392,0.5287882685661316,0.031169936060905457,0.4219662845134735,0.012228349223732948,Light_T1
/home/lmy/iot-device-classification/dataset/light_T1/round2_normal/light_T1_r2.pcapng,R2,93,930.5772354602814,0.003731992095708847,0.23350831866264343,0.6289157867431641,0.12699411809444427,0.006849787198007107,Light_T1
/home/lmy/iot-device-classification/dataset/light_T1/round2_normal/light_T1_r2.pcapng,R2,94,941.2345163822174,0.10655412822961807,0.012165471911430359,0.09168648719787598,0.7860153317451477,0.0035785851068794727,Light_T1
/home/lmy/iot-device-classification/dataset/light_T1/round2_normal/light_T1_r2.pcapng,R2,95,953.2564177513124,0.002103801816701889,0.05318271741271019,0.5862817764282227,0.3563477396965027,0.002083904342725873,Light_T1
/home/lmy/iot-device-classification/dataset/light_T1/round2_normal/light_T1_r2.pcapng,R2,96,960.8261804580688,0.012121714651584625,0.6348990201950073,0.11379297077655792,0.2114390730857849,0.02774723805487156,Light_T1
/home/lmy/iot-device-classification/dataset/light_T1/round2_normal/light_T1_r2.pcapng,R2,97,973.2815873622894,0.0010166208958253264,0.0020261669997125864,0.06136126443743706,0.9351138472557068,0.00048209563829004765,Light_T1
/home/lmy/iot-device-classification/dataset/light_T1/round2_normal/light_T1_r2.pcapng,R2,98,981.4457938671112,0.023770762607455254,0.23243272304534912,0.13535167276859283,0.594366729259491,0.014078144915401936,Light_T1
/home/lmy/iot-device-classification/dataset/light_T1/round2_normal/light_T1_r2.pcapng,R2,99,990.9941470623016,0.0005967433680780232,0.003911876585334539,0.0015750278253108263,0.9933657050132751,0.0005506073357537389,Light_T1
/home/lmy/iot-device-classification/dataset/light_T1/round2_normal/light_T1_r2.pcapng,R2,100,1003.319257736206,0.001128834206610918,0.009421825408935547,0.04336133226752281,0.9452704787254333,0.0008175762486644089,Light_T1
/home/lmy/iot-device-classification/dataset/light_T1/round2_normal/light_T1_r2.pcapng,R2,101,1013.331794977188,0.0004204302385915071,0.0030791573226451874,0.03871205449104309,0.9572252631187439,0.0005631144158542156,Light_T1
/home/lmy/iot-device-classification/dataset/light_T1/round2_normal/light_T1_r2.pcapng,R2,102,1021.1618313789368,0.013550050556659698,0.23171600699424744,0.07510469853878021,0.652050256729126,0.027578970417380333,Light_T1
/home/lmy/iot-device-classification/dataset/light_T1/round2_normal/light_T1_r2.pcapng,R2,103,1031.4982059001925,0.0006132138660177588,0.004184795077890158,0.9650719165802002,0.02913576364517212,0.000994245638139546,Light_T1
/home/lmy/iot-device-classification/dataset/light_T1/round2_normal/light_T1_r2.pcapng,R2,104,1043.3685677051544,0.0003352465573698282,0.005215589888393879,0.9817708134651184,0.012224377132952213,0.00045402764226309955,Light_T1
/home/lmy/iot-device-classification/dataset/light_T1/round2_normal/light_T1_r2.pcapng,R2,105,1051.3291184902191,0.004010074771940708,0.0823453739285469,0.638939380645752,0.26537343859672546,0.009331771172583103,Light_T1
/home/lmy/iot-device-classification/dataset/light_T1/round2_normal/light_T1_r2.pcapng,R2,106,1061.5029077529907,0.019938133656978607,0.007041610777378082,0.13507956266403198,0.8367149829864502,0.0012257063062861562,Light_T1
/home/lmy/iot-device-classification/dataset/light_T1/round2_normal/light_T1_r2.pcapng,R2,107,1071.4665129184723,0.013746743090450764,0.238881453871727,0.35812899470329285,0.3570057451725006,0.03223709762096405,Light_T1
/home/lmy/iot-device-classification/dataset/light_T1/round2_normal/light_T1_r2.pcapng,R2,108,1081.6541092395782,0.013041455298662186,0.7830431461334229,0.1422758847475052,0.026567848399281502,0.0350717157125473,Light_T1
/home/lmy/iot-device-classification/dataset/light_T1/round2_normal/light_T1_r2.pcapng,R2,109,1093.4291591644287,0.0010367699433118105,0.006272315047681332,0.8951348066329956,0.09656395763158798,0.000992144225165248,Light_T1
/home/lmy/iot-device-classification/dataset/light_T1/round2_normal/light_T1_r2.pcapng,R2,110,1103.4418606758118,0.009289704263210297,0.7148250341415405,0.17669561505317688,0.07867296040058136,0.020516689866781235,Light_T1
/home/lmy/iot-device-classification/dataset/light_T1/round2_normal/light_T1_r2.pcapng,R2,111,1111.7393636703491,0.0029972840566188097,0.40618589520454407,0.3412267863750458,0.24200952053070068,0.007580525707453489,Light_T1
/home/lmy/iot-device-classification/dataset/light_T1/round2_normal/light_T1_r2.pcapng,R2,112,1121.5134127140043,0.00035840191412717104,0.9899471402168274,0.0073684826493263245,0.0022519007325172424,7.405781070701778e-05,Light_T1
/home/lmy/iot-device-classification/dataset/light_T1/round2_normal/light_T1_r2.pcapng,R2,113,1133.476440668106,0.2135346382856369,0.5691446661949158,0.027326134964823723,0.18155506253242493,0.008439483121037483,Light_T1
/home/lmy/iot-device-classification/dataset/light_T1/round2_normal/light_T1_r2.pcapng,R2,114,1141.4835016727448,0.002350116614252329,0.07371911406517029,0.8796958327293396,0.038697499781847,0.005537443794310093,Light_T1
/home/lmy/iot-device-classification/dataset/light_T1/round2_normal/light_T1_r2.pcapng,R2,115,1153.499081850052,0.0018894030945375562,0.04450227692723274,0.27240505814552307,0.6772888898849487,0.003914396744221449,Light_T1
/home/lmy/iot-device-classification/dataset/light_T1/round2_normal/light_T1_r2.pcapng,R2,116,1161.4818894863129,0.005292627960443497,0.6139609217643738,0.04455409571528435,0.32344019412994385,0.012752175331115723,Light_T1
/home/lmy/iot-device-classification/dataset/light_T1/round2_normal/light_T1_r2.pcapng,R2,117,1172.1503727436066,0.004301456268876791,0.39271241426467896,0.3803534209728241,0.2123243510723114,0.010308370925486088,Light_T1
/home/lmy/iot-device-classification/dataset/light_T1/round2_normal/light_T1_r2.pcapng,R2,118,1183.5342545509338,0.005148287862539291,0.03036055527627468,0.8612473607063293,0.10026339441537857,0.0029804175719618797,Light_T1
/home/lmy/iot-device-classification/dataset/light_T1/round2_normal/light_T1_r2.pcapng,R2,119,1193.5449380874634,0.008170129731297493,0.24296849966049194,0.6113079190254211,0.12829530239105225,0.009258128702640533,Light_T1
/home/lmy/iot-device-classification/dataset/light_T1/round2_normal/light_T1_r2.pcapng,R2,120,1202.3929965496063,0.012075254693627357,0.8156983852386475,0.04057745635509491,0.11739321053028107,0.014255685731768608,Light_T1
/home/lmy/iot-device-classification/dataset/light_T1/round2_normal/light_T1_r2.pcapng,R2,121,1211.525989294052,0.005401388742029667,0.009257188998162746,0.20228983461856842,0.7817349433898926,0.0013166030403226614,Light_T1
/home/lmy/iot-device-classification/dataset/light_T1/round2_normal/light_T1_r2.pcapng,R2,122,1223.5793550014496,0.00014116686361376196,0.001765860361047089,0.00011440396338002756,0.9978530406951904,0.000125613427371718,Light_T1
/home/lmy/iot-device-classification/dataset/light_T1/round2_normal/light_T1_r2.pcapng,R2,123,1232.6373200416565,0.010724225081503391,0.6357724070549011,0.0923255980014801,0.24566328525543213,0.015514535829424858,Light_T1
/home/lmy/iot-device-classification/dataset/light_T1/round2_normal/light_T1_r2.pcapng,R2,124,1243.6025581359863,0.001539982738904655,0.01060711033642292,0.16931571066379547,0.8175609707832336,0.0009762710542418063,Light_T1
/home/lmy/iot-device-classification/dataset/light_T1/round2_normal/light_T1_r2.pcapng,R2,125,1251.4944024086,0.0028326446190476418,0.17864155769348145,0.7726835608482361,0.04101772978901863,0.004824486561119556,Light_T1
/home/lmy/iot-device-classification/dataset/light_T1/round2_normal/light_T1_r2.pcapng,R2,126,1262.8010113239288,0.0005451319157145917,0.018937814980745316,0.0010308484779670835,0.9787369966506958,0.0007492483709938824,Light_T1
/home/lmy/iot-device-classification/dataset/light_T1/round2_normal/light_T1_r2.pcapng,R2,127,1273.6376054286957,0.0004674734373111278,0.021190937608480453,0.04722834378480911,0.9300177097320557,0.0010955824982374907,Light_T1
/home/lmy/iot-device-classification/dataset/light_T1/round2_normal/light_T1_r2.pcapng,R2,128,1283.6470398902893,0.0011153236264362931,0.009455434046685696,0.0009195933234877884,0.987772524356842,0.0007370644016191363,Light_T1
/home/lmy/iot-device-classification/dataset/light_T1/round2_normal/light_T1_r2.pcapng,R2,129,1292.9662556648254,0.0003825898456852883,0.004625196568667889,0.9720175862312317,0.02225695550441742,0.0007176995277404785,Light_T1
/home/lmy/iot-device-classification/dataset/light_T1/round2_normal/light_T1_r2.pcapng,R2,130,1301.537944316864,0.0020610541105270386,0.017509188503026962,0.2542864978313446,0.7250128388404846,0.0011304134968668222,Light_T1
/home/lmy/iot-device-classification/dataset/light_T1/round2_normal/light_T1_r2.pcapng,R2,131,1310.5910844802856,0.0014337495667859912,0.00919225811958313,0.9758632183074951,0.012405057437717915,0.0011057276278734207,Light_T1
/home/lmy/iot-device-classification/dataset/light_T1/round2_normal/light_T1_r2.pcapng,R2,132,1323.6923642158508,9.688353748060763e-05,0.0009377110982313752,0.0007206804002635181,0.9981188178062439,0.00012584487558342516,Light_T1
/home/lmy/iot-device-classification/dataset/light_T1/round2_normal/light_T1_r2.pcapng,R2,133,1333.7033457756042,0.0005600163131020963,0.005269973538815975,0.7910096049308777,0.20184439420700073,0.0013159796362742782,Light_T1
/home/lmy/iot-device-classification/dataset/light_T1/round2_normal/light_T1_r2.pcapng,R2,134,1341.5051760673523,0.00285977846942842,0.11929386109113693,0.05544272065162659,0.8114529252052307,0.010950718075037003,Light_T1
/home/lmy/iot-device-classification/dataset/light_T1/round2_normal/light_T1_r2.pcapng,R2,135,1353.726098537445,0.00038481855881400406,0.9273920655250549,0.027950655668973923,0.043583210557699203,0.0006892705569043756,Light_T1
/home/lmy/iot-device-classification/dataset/light_T1/round2_normal/light_T1_r2.pcapng,R2,136,1361.4673144817352,0.0005726109957322478,0.004232015460729599,0.18450956046581268,0.8102614879608154,0.0004242932191118598,Light_T1
/home/lmy/iot-device-classification/dataset/light_T1/round2_normal/light_T1_r2.pcapng,R2,137,1370.498390197754,0.0027345437556505203,0.020140036940574646,0.8753148913383484,0.0979468822479248,0.0038636394310742617,Light_T1
/home/lmy/iot-device-classification/dataset/light_T1/round2_normal/light_T1_r2.pcapng,R2,138,1383.7594537734983,0.013678968884050846,0.22904598712921143,0.44767120480537415,0.2908671498298645,0.01873672939836979,Light_T1
/home/lmy/iot-device-classification/dataset/light_T1/round2_normal/light_T1_r2.pcapng,R2,139,1391.549045085907,0.008308225311338902,0.016242586076259613,0.6995279788970947,0.271415114402771,0.004506084602326155,Light_T1
/home/lmy/iot-device-classification/dataset/light_T1/round2_normal/light_T1_r2.pcapng,R2,140,1403.6979253292084,0.006473474204540253,0.4458092451095581,0.03461277112364769,0.5054082870483398,0.007696188520640135,Light_T1
/home/lmy/iot-device-classification/dataset/light_T1/round2_normal/light_T1_r2.pcapng,R2,141,1413.7933797836304,0.007198414299637079,0.16102659702301025,0.10178209096193314,0.7162583470344543,0.013734530657529831,Light_T1
/home/lmy/iot-device-classification/dataset/light_T1/round2_normal/light_T1_r2.pcapng,R2,142,1421.5535809993744,0.007900253869593143,0.05487789586186409,0.46160027384757996,0.47219380736351013,0.0034277918748557568,Light_T1
/home/lmy/iot-device-classification/dataset/light_T1/round2_normal/light_T1_r2.pcapng,R2,143,1431.5148973464966,0.004560648929327726,0.15114620327949524,0.5139028429985046,0.3221798837184906,0.00821045134216547,Light_T1
/home/lmy/iot-device-classification/dataset/light_T1/round2_normal/light_T1_r2.pcapng,R2,144,1443.8262832164764,0.016972901299595833,0.6384088397026062,0.10770539939403534,0.2197069674730301,0.017205866053700447,Light_T1
/home/lmy/iot-device-classification/dataset/light_T1/round2_normal/light_T1_r2.pcapng,R2,145,1453.832765340805,0.0007090730941854417,0.05084731802344322,0.7597315907478333,0.18693847954273224,0.0017735181609168649,Light_T1
/home/lmy/iot-device-classification/dataset/light_T1/round2_normal/light_T1_r2.pcapng,R2,146,1463.8299567699432,0.01580417901277542,0.5604568719863892,0.18702980875968933,0.21833012998104095,0.01837901584804058,Light_T1
/home/lmy/iot-device-classification/dataset/light_T1/round2_normal/light_T1_r2.pcapng,R2,147,1473.8309626579285,0.0018769652815535665,0.06462648510932922,0.4155113697052002,0.5131335258483887,0.004851640667766333,Light_T1
/home/lmy/iot-device-classification/dataset/light_T1/round2_normal/light_T1_r2.pcapng,R2,148,1481.521099567413,0.00021394937357399613,0.001368952915072441,0.09751791507005692,0.9005386233329773,0.0003606000100262463,Light_T1
/home/lmy/iot-device-classification/dataset/light_T1/round2_normal/light_T1_r2.pcapng,R2,149,1493.837729692459,0.013610041700303555,0.214438334107399,0.27513179183006287,0.480979859828949,0.015839971601963043,Light_T1
/home/lmy/iot-device-classification/dataset/light_T1/round2_normal/light_T1_r2.pcapng,R2,150,1503.8355276584623,0.004630579147487879,0.13203760981559753,0.05514046922326088,0.8034973740577698,0.00469397334381938,Light_T1
/home/lmy/iot-device-classification/dataset/light_T1/round2_normal/light_T1_r2.pcapng,R2,151,1510.2199544906616,0.00058257911587134,0.0007107585552148521,0.034908074885606766,0.9634495973587036,0.00034904960193671286,Light_T1
/home/lmy/iot-device-classification/dataset/light_T1/round2_normal/light_T1_r2.pcapng,R2,152,1520.0437042713163,0.007338733412325382,0.19724342226982117,0.039624880999326706,0.7396045327186584,0.016188396140933037,Light_T1
/home/lmy/iot-device-classification/dataset/light_T1/round2_normal/light_T1_r2.pcapng,R2,153,1530.1172749996183,0.009467851370573044,0.22141069173812866,0.2691218852996826,0.48049139976501465,0.019508151337504387,Light_T1
/home/lmy/iot-device-classification/dataset/light_T1/round2_normal/light_T1_r2.pcapng,R2,154,1540.1111204624176,0.0007622043485753238,0.008475696668028831,0.20487990975379944,0.7850390076637268,0.0008432002505287528,Light_T1
/home/lmy/iot-device-classification/dataset/light_T1/round2_normal/light_T1_r2.pcapng,R2,155,1550.271098613739,0.004767728969454765,0.047116879373788834,0.5062063336372375,0.43802547454833984,0.003883558325469494,Light_T1
/home/lmy/iot-device-classification/dataset/light_T1/round2_normal/light_T1_r2.pcapng,R2,156,1560.3103621006012,0.0006699676741845906,0.035035889595746994,0.01075445581227541,0.9519160389900208,0.0016235723160207272,Light_T1
/home/lmy/iot-device-classification/dataset/light_T1/round2_normal/light_T1_r2.pcapng,R2,157,1570.0014231204989,0.00027802574913948774,0.00263818446546793,0.008637402206659317,0.9881552457809448,0.0002911185147240758,Light_T1
/home/lmy/iot-device-classification/dataset/light_T1/round2_normal/light_T1_r2.pcapng,R2,158,1580.0016441345217,0.014347046613693237,0.634505033493042,0.04757758975028992,0.2882744371891022,0.015295833349227905,Light_T1
/home/lmy/iot-device-classification/dataset/light_T1/round2_normal/light_T1_r2.pcapng,R2,159,1590.168693304062,0.011372776702046394,0.17889727652072906,0.7281674146652222,0.06024620309472084,0.02131628803908825,Light_T1
/home/lmy/iot-device-classification/dataset/light_T1/round2_normal/light_T1_r2.pcapng,R2,160,1600.0936658382416,7.171460310928524e-05,0.00032334585557691753,0.040432289242744446,0.9590473771095276,0.00012532765686046332,Light_T1
/home/lmy/iot-device-classification/dataset/light_T1/round2_normal/light_T1_r2.pcapng,R2,161,1610.1332290172577,0.0064022839069366455,0.18489934504032135,0.37954577803611755,0.4193514287471771,0.009801126085221767,Light_T1
/home/lmy/iot-device-classification/dataset/light_T1/round2_normal/light_T1_r2.pcapng,R2,162,1620.1005895137787,0.0061941915191709995,0.6022747159004211,0.04239413142204285,0.3399946093559265,0.009142364375293255,Light_T1
/home/lmy/iot-device-classification/dataset/light_T1/round2_normal/light_T1_r2.pcapng,R2,163,1630.1643526554108,0.8636035323143005,0.004285875242203474,0.0049438211135566235,0.12669308483600616,0.00047361545148305595,Light_T1
/home/lmy/iot-device-classification/dataset/light_T1/round2_normal/light_T1_r2.pcapng,R2,164,1640.2567279338837,0.017475707456469536,0.7018598914146423,0.044501617550849915,0.22044116258621216,0.01572158932685852,Light_T1
/home/lmy/iot-device-classification/dataset/light_T1/round2_normal/light_T1_r2.pcapng,R2,165,1650.2920129299164,0.0009983539348468184,0.019162314012646675,0.6378388404846191,0.33953648805618286,0.002464031334966421,Light_T1
/home/lmy/iot-device-classification/dataset/light_T1/round2_normal/light_T1_r2.pcapng,R2,166,1660.3606116771698,0.0018641924252733588,0.02992490492761135,0.8879445791244507,0.0781051367521286,0.0021611948031932116,Light_T1
/home/lmy/iot-device-classification/dataset/light_T1/round2_normal/light_T1_r2.pcapng,R2,167,1670.4075934886932,0.009639386087656021,0.12491223216056824,0.0942218080163002,0.755225419998169,0.016001185402274132,Light_T1
/home/lmy/iot-device-classification/dataset/light_T1/round2_normal/light_T1_r2.pcapng,R2,168,1680.5242788791656,0.009921877644956112,0.3521375358104706,0.3424700200557709,0.27853941917419434,0.016931157559156418,Light_T1
/home/lmy/iot-device-classification/dataset/light_T1/round2_normal/light_T1_r2.pcapng,R2,169,1690.522656917572,0.0005281537887640297,0.0037840725854039192,0.4545791447162628,0.5404837131500244,0.000624908076133579,Light_T1
/home/lmy/iot-device-classification/dataset/light_T1/round2_normal/light_T1_r2.pcapng,R2,170,1700.322029352188,0.00799563992768526,0.36933740973472595,0.3830139935016632,0.22801680862903595,0.011636155657470226,Light_T1
/home/lmy/iot-device-classification/dataset/light_T1/round2_normal/light_T1_r2.pcapng,R2,171,1710.8585917949677,0.010163775645196438,0.5017883777618408,0.03503808379173279,0.4393428564071655,0.013666906394064426,Light_T1
/home/lmy/iot-device-classification/dataset/light_T1/round2_normal/light_T1_r2.pcapng,R2,172,1720.759200334549,0.00014684749476145953,0.0035993291530758142,0.9736826419830322,0.022273877635598183,0.00029732321854680777,Light_T1
/home/lmy/iot-device-classification/dataset/light_T1/round2_normal/light_T1_r2.pcapng,R2,173,1730.808777332306,0.0071564107201993465,0.7745193839073181,0.06207827106118202,0.13886743783950806,0.017378507182002068,Light_T1
/home/lmy/iot-device-classification/dataset/light_T1/round2_normal/light_T1_r2.pcapng,R2,174,1740.9040386676788,0.005319703370332718,0.3344820737838745,0.3246459662914276,0.3261081874370575,0.009444060735404491,Light_T1
/home/lmy/iot-device-classification/dataset/light_T1/round2_normal/light_T1_r2.pcapng,R2,175,1750.9120285511017,0.6467608213424683,0.004392844159156084,0.26554352045059204,0.08242931216955185,0.0008734943112358451,Light_T1
/home/lmy/iot-device-classification/dataset/light_T1/round2_normal/light_T1_r2.pcapng,R2,176,1760.623416185379,0.012112649157643318,0.43080630898475647,0.27201947569847107,0.26849591732025146,0.01656569540500641,Light_T1
/home/lmy/iot-device-classification/dataset/light_T1/round2_normal/light_T1_r2.pcapng,R2,177,1771.0806646347046,0.00711439223960042,0.7526341676712036,0.06732098013162613,0.16078992187976837,0.012140610255300999,Light_T1
/home/lmy/iot-device-classification/dataset/light_T1/round2_normal/light_T1_r2.pcapng,R2,178,1781.1388638019562,0.0003151586279273033,0.0024501860607415438,0.1942729949951172,0.8027402758598328,0.00022137265477795154,Light_T1
/home/lmy/iot-device-classification/dataset/light_T1/round2_normal/light_T1_r2.pcapng,R2,179,1791.1787354946136,0.001161196269094944,0.012749689631164074,0.9445813894271851,0.04014633223414421,0.0013614032650366426,Light_T1
/home/lmy/iot-device-classification/dataset/light_T1/round2_normal/light_T1_r2.pcapng,R2,180,1801.257154226303,0.006653467658907175,0.276510089635849,0.47407472133636475,0.22832408547401428,0.014437693171203136,Light_T1
/home/lmy/iot-device-classification/dataset/light_T1/round2_normal/light_T1_r2.pcapng,R2,181,1810.538724899292,0.0010359629523009062,0.057079918682575226,0.8295541405677795,0.10973215103149414,0.0025978880003094673,Light_T1
/home/lmy/iot-device-classification/dataset/light_T1/round2_normal/light_T1_r2.pcapng,R2,182,1820.9458599090576,0.001963810296729207,0.0896264836192131,0.0030532001983374357,0.903832733631134,0.0015237419866025448,Light_T1
/home/lmy/iot-device-classification/dataset/light_T1/round2_normal/light_T1_r2.pcapng,R2,183,1831.4539320468905,0.01091322023421526,0.41265353560447693,0.14499399065971375,0.4172500669956207,0.01418924331665039,Light_T1
/home/lmy/iot-device-classification/dataset/light_T1/round2_normal/light_T1_r2.pcapng,R2,184,1841.4080545902248,0.0002553568920120597,0.003681131871417165,0.025150645524263382,0.9704685807228088,0.0004442607460077852,Light_T1
/home/lmy/iot-device-classification/dataset/light_T1/round2_normal/light_T1_r2.pcapng,R2,185,1851.6343364715576,0.013533730991184711,0.7330366969108582,0.0886245146393776,0.1497177928686142,0.015087280422449112,Light_T1
/home/lmy/iot-device-classification/dataset/light_T1/round2_normal/light_T1_r2.pcapng,R2,186,1860.4535233974457,0.007112397346645594,0.3418618142604828,0.1342046856880188,0.5074065923690796,0.009414535947144032,Light_T1
/home/lmy/iot-device-classification/dataset/light_T1/round2_normal/light_T1_r2.pcapng,R2,187,1870.855064868927,0.0009316588984802365,0.015797050669789314,0.9091225266456604,0.07256350666284561,0.0015852299984544516,Light_T1
/home/lmy/iot-device-classification/dataset/light_T1/round2_normal/light_T1_r2.pcapng,R2,188,1881.3661472797396,0.004685360472649336,0.38321778178215027,0.17142640054225922,0.4314109981060028,0.009259502403438091,Light_T1
/home/lmy/iot-device-classification/dataset/light_T1/round2_normal/light_T1_r2.pcapng,R2,189,1891.8392748832705,0.007829071022570133,0.2161879688501358,0.05935515835881233,0.7023826837539673,0.014245081692934036,Light_T1
/home/lmy/iot-device-classification/dataset/light_T1/round2_normal/light_T1_r2.pcapng,R2,190,1901.9094414711,0.00046317162923514843,0.0069029489532113075,0.16863757371902466,0.8229523301124573,0.001043960452079773,Light_T1
/home/lmy/iot-device-classification/dataset/light_T1/round2_normal/light_T1_r2.pcapng,R2,191,1911.9797372817995,0.0004967317217960954,0.006579578388482332,0.9395721554756165,0.05241591855883598,0.0009356376249343157,Light_T1
/home/lmy/iot-device-classification/dataset/light_T1/round2_normal/light_T1_r2.pcapng,R2,192,1922.0678174495697,0.0017636582488194108,0.11047902703285217,0.28909578919410706,0.593155562877655,0.005505931563675404,Light_T1
/home/lmy/iot-device-classification/dataset/light_T1/round2_normal/light_T1_r2.pcapng,R2,193,1931.403644323349,0.006222839932888746,0.007707506418228149,0.944852888584137,0.038583554327487946,0.0026332256384193897,Light_T1
/home/lmy/iot-device-classification/dataset/light_T1/round2_normal/light_T1_r2.pcapng,R2,194,1942.16841840744,0.005712803918868303,0.1194281131029129,0.6716243624687195,0.19468964636325836,0.00854506716132164,Light_T1
/home/lmy/iot-device-classification/dataset/light_T1/round2_normal/light_T1_r2.pcapng,R2,195,1951.9676113128664,0.0058046248741447926,0.20229655504226685,0.09837429970502853,0.6784107089042664,0.015113829635083675,Light_T1
/home/lmy/iot-device-classification/dataset/light_T1/round2_normal/light_T1_r2.pcapng,R2,196,1961.44255900383,0.0004923354717902839,0.008669547736644745,0.9583045244216919,0.031966645270586014,0.000566933595109731,Light_T1
/home/lmy/iot-device-classification/dataset/light_T1/round2_normal/light_T1_r2.pcapng,R2,197,1970.4746479988096,0.012110251002013683,0.1605810970067978,0.1520586907863617,0.6603624224662781,0.01488753966987133,Light_T1
/home/lmy/iot-device-classification/dataset/light_T1/round2_normal/light_T1_r2.pcapng,R2,198,1982.4489316940308,0.006445497274398804,0.29184234142303467,0.16560862958431244,0.5273372530937195,0.008766280487179756,Light_T1
/home/lmy/iot-device-classification/dataset/light_T1/round2_normal/light_T1_r2.pcapng,R2,199,1991.49151968956,0.002153026405721903,0.0234109777957201,0.47250887751579285,0.49849605560302734,0.0034310275223106146,Light_T1
/home/lmy/iot-device-classification/dataset/light_T1/round2_normal/light_T1_r2.pcapng,R2,200,2002.5809516906736,0.009098982438445091,0.5136123299598694,0.1113550141453743,0.35693302750587463,0.009000672027468681,Light_T1
/home/lmy/iot-device-classification/dataset/light_T1/round2_normal/light_T1_r2.pcapng,R2,201,2012.3034918308256,0.00793218333274126,0.17589537799358368,0.11419762670993805,0.6836466789245605,0.018328092992305756,Light_T1
/home/lmy/iot-device-classification/dataset/light_T1/round2_normal/light_T1_r2.pcapng,R2,202,2021.40881061554,0.001893212553113699,0.0005717251915484667,0.07936481386423111,0.9179260730743408,0.00024413074424955994,Light_T1
/home/lmy/iot-device-classification/dataset/light_T1/round2_normal/light_T1_r2.pcapng,R2,203,2031.0168986320496,0.009966441430151463,0.39652296900749207,0.025398148223757744,0.5592256188392639,0.008886834606528282,Light_T1
/home/lmy/iot-device-classification/dataset/light_T1/round2_normal/light_T1_r2.pcapng,R2,204,2041.4180750846865,0.012245694175362587,0.5477167367935181,0.17944763600826263,0.23865266144275665,0.021937279030680656,Light_T1
/home/lmy/iot-device-classification/dataset/light_T1/round2_normal/light_T1_r2.pcapng,R2,205,2052.9352951049805,0.0005698797176592052,0.006688814610242844,0.7936349511146545,0.19760727882385254,0.0014990372583270073,Light_T1
/home/lmy/iot-device-classification/dataset/light_T1/round2_normal/light_T1_r2.pcapng,R2,206,2061.3734912872314,0.014038524590432644,0.25416696071624756,0.12074817717075348,0.5953953266143799,0.015651004388928413,Light_T1
/home/lmy/iot-device-classification/dataset/light_T1/round2_normal/light_T1_r2.pcapng,R2,207,2073.019562959671,0.0033404515124857426,0.06911346316337585,0.0446244478225708,0.8766304850578308,0.0062911356799304485,Light_T1
/home/lmy/iot-device-classification/dataset/light_T1/round2_normal/light_T1_r2.pcapng,R2,208,2083.110192298889,0.004738794174045324,0.02628936804831028,0.19553567469120026,0.7704027891159058,0.0030333634931594133,Light_T1
/home/lmy/iot-device-classification/dataset/light_T1/round2_normal/light_T1_r2.pcapng,R2,209,2091.343019247055,0.011436564847826958,0.6825293302536011,0.11412445455789566,0.17798073589801788,0.013928941451013088,Light_T1
/home/lmy/iot-device-classification/dataset/light_T1/round2_normal/light_T1_r2.pcapng,R2,210,2103.262964963913,0.008261340670287609,0.3589382767677307,0.46930646896362305,0.14303173124790192,0.020462168380618095,Light_T1
/home/lmy/iot-device-classification/dataset/light_T1/round2_normal/light_T1_r2.pcapng,R2,211,2111.418713569641,0.0009000975405797362,0.005000446457415819,0.9103142619132996,0.08288858830928802,0.0008965563029050827,Light_T1
/home/lmy/iot-device-classification/dataset/light_T1/round2_normal/light_T1_r2.pcapng,R2,212,2122.5448365211487,3.174238736391999e-05,0.0004033510631415993,0.0003754134813789278,0.999143123626709,4.6372915676329285e-05,Light_T1
/home/lmy/iot-device-classification/dataset/light_T1/round2_normal/light_T1_r2.pcapng,R2,213,2130.8655047416687,0.010041310451924801,0.6715538501739502,0.10946956276893616,0.19313138723373413,0.01580389216542244,Light_T1
/home/lmy/iot-device-classification/dataset/light_T1/round2_normal/light_T1_r2.pcapng,R2,214,2143.34606385231,0.004497570917010307,0.029439086094498634,0.20497430860996246,0.7583581209182739,0.0027309132274240255,Light_T1
/home/lmy/iot-device-classification/dataset/light_T1/round2_normal/light_T1_r2.pcapng,R2,215,2151.3803386688232,0.027197562158107758,0.5796957015991211,0.19894519448280334,0.16941049695014954,0.024751007556915283,Light_T1
/home/lmy/iot-device-classification/dataset/light_T1/round2_normal/light_T1_r2.pcapng,R2,216,2163.6355962753296,0.008275198750197887,0.4675304889678955,0.4188379943370819,0.0892176479101181,0.01613869145512581,Light_T1
/home/lmy/iot-device-classification/dataset/light_T1/round2_normal/light_T1_r2.pcapng,R2,217,2172.4698445796967,0.0011970140039920807,0.010502793826162815,0.5026595592498779,0.4848416745662689,0.0007989448495209217,Light_T1
/home/lmy/iot-device-classification/dataset/light_T1/round2_normal/light_T1_r2.pcapng,R2,218,2180.788937807083,0.010153645649552345,0.3602491319179535,0.23054024577140808,0.38513901829719543,0.013917959295213223,Light_T1
/home/lmy/iot-device-classification/dataset/light_T1/round2_normal/light_T1_r2.pcapng,R2,219,2191.189629793167,0.0002599609724711627,0.002300717169418931,0.9851980805397034,0.011844642460346222,0.00039660942275077105,Light_T1
/home/lmy/iot-device-classification/dataset/light_T1/round2_normal/light_T1_r2.pcapng,R2,220,2201.4237756729126,0.002381883328780532,0.026241274550557137,0.4877348244190216,0.4812270700931549,0.0024149471428245306,Light_T1
/home/lmy/iot-device-classification/dataset/light_T1/round2_normal/light_T1_r2.pcapng,R2,221,2211.990196228028,0.0024406008888036013,0.03750109300017357,0.4347822368144989,0.5187526345252991,0.006523455958813429,Light_T1
/home/lmy/iot-device-classification/dataset/light_T1/round2_normal/light_T1_r2.pcapng,R2,222,2224.000850439072,0.0008461090037599206,0.01685660146176815,0.971896767616272,0.009565369226038456,0.0008351329597644508,Light_T1
/home/lmy/iot-device-classification/dataset/light_T1/round2_normal/light_T1_r2.pcapng,R2,223,2230.079281568527,8.084094588411972e-05,0.0004342082829680294,0.05974379926919937,0.9395599961280823,0.0001811674446798861,Light_T1
/home/lmy/iot-device-classification/dataset/light_T1/round2_normal/light_T1_r2.pcapng,R2,224,2241.1122193336487,0.007835096679627895,0.37570998072624207,0.2595905065536499,0.34486186504364014,0.012002523988485336,Light_T1
/home/lmy/iot-device-classification/dataset/light_T1/round2_normal/light_T1_r2.pcapng,R2,225,2253.591821670532,0.009104235097765923,0.24201743304729462,0.09404624998569489,0.6392594575881958,0.015572617761790752,Light_T1
/home/lmy/iot-device-classification/dataset/light_T1/round2_normal/light_T1_r2.pcapng,R2,226,2263.995038986206,0.0009804508881643414,0.011677403934299946,0.8929087519645691,0.09283814579248428,0.0015952123794704676,Light_T1
/home/lmy/iot-device-classification/dataset/light_T1/round2_normal/light_T1_r2.pcapng,R2,227,2271.341774702072,0.0011247575748711824,0.03082849830389023,0.049447230994701385,0.9170147776603699,0.0015847139293327928,Light_T1
/home/lmy/iot-device-classification/dataset/light_T1/round2_normal/light_T1_r2.pcapng,R2,228,2284.463119983673,0.0029135877266526222,0.2540898323059082,0.26207801699638367,0.4742724597454071,0.006646151654422283,Light_T1
/home/lmy/iot-device-classification/dataset/light_T1/round2_normal/light_T1_r2.pcapng,R2,229,2291.426505088806,0.000255686289165169,0.0008324516238644719,0.04431552439928055,0.9543118476867676,0.00028454724815674126,Light_T1
/home/lmy/iot-device-classification/dataset/light_T1/round2_normal/light_T1_r2.pcapng,R2,230,2301.434414625168,0.008733789436519146,0.733342707157135,0.13642454147338867,0.11313121765851974,0.008367806673049927,Light_T1
/home/lmy/iot-device-classification/dataset/light_T1/round2_normal/light_T1_r2.pcapng,R2,231,2311.8367681503296,0.0093569066375494,0.6575964689254761,0.024111218750476837,0.3020775020122528,0.006857931148260832,Light_T1
/home/lmy/iot-device-classification/dataset/light_T1/round2_normal/light_T1_r2.pcapng,R2,232,2322.2373881340027,0.0013336929259821773,0.0014200092991814017,0.9468494653701782,0.04987366870045662,0.00052319944370538,Light_T1
/home/lmy/iot-device-classification/dataset/light_T1/round2_normal/light_T1_r2.pcapng,R2,233,2331.3880562782288,0.007889310829341412,0.21170349419116974,0.09344713389873505,0.6679537892341614,0.019006259739398956,Light_T1
/home/lmy/iot-device-classification/dataset/light_T1/round2_normal/light_T1_r2.pcapng,R2,234,2344.6040472984314,0.004106036853045225,0.19724692404270172,0.6135256886482239,0.1753564029932022,0.00976494885981083,Light_T1
/home/lmy/iot-device-classification/dataset/light_T1/round2_normal/light_T1_r2.pcapng,R2,235,2353.437134742737,0.0018466681940481067,0.007191742770373821,0.8860504031181335,0.10364895313978195,0.0012622164795175195,Light_T1
/home/lmy/iot-device-classification/dataset/light_T1/round2_normal/light_T1_r2.pcapng,R2,236,2363.83518576622,0.001839727396145463,0.3323337435722351,0.5296546220779419,0.12839236855506897,0.0077795363031327724,Light_T1
/home/lmy/iot-device-classification/dataset/light_T1/round2_normal/light_T1_r2.pcapng,R2,237,2372.226051092148,0.01509923581033945,0.21259397268295288,0.04839325323700905,0.7141637802124023,0.009749729186296463,Light_T1
/home/lmy/iot-device-classification/dataset/light_T1/round2_normal/light_T1_r2.pcapng,R2,238,2381.428659439087,0.0004914436722174287,0.003996565472334623,0.9665303826332092,0.028105642646551132,0.0008759810589253902,Light_T1
/home/lmy/iot-device-classification/dataset/light_T1/round2_normal/light_T1_r2.pcapng,R2,239,2390.843173265457,0.00044577737571671605,0.009410819970071316,0.0015877775149419904,0.9879475235939026,0.0006080837920308113,Light_T1
/home/lmy/iot-device-classification/dataset/light_T1/round2_normal/light_T1_r2.pcapng,R2,240,2403.3587918281555,0.006468899082392454,0.6671746969223022,0.019276978448033333,0.29619646072387695,0.010882973670959473,Light_T1
/home/lmy/iot-device-classification/dataset/light_T1/round2_normal/light_T1_r2.pcapng,R2,241,2413.7562749385834,0.0010007400996983051,0.07211639732122421,0.6693131327629089,0.2543507516384125,0.003218951402232051,Light_T1
/home/lmy/iot-device-classification/dataset/light_T1/round2_normal/light_T1_r2.pcapng,R2,242,2421.3898570537567,0.015963176265358925,0.23837989568710327,0.4241114556789398,0.30812957882881165,0.013415920548141003,Light_T1
/home/lmy/iot-device-classification/dataset/light_T1/round2_normal/light_T1_r2.pcapng,R2,243,2434.557160615921,0.007880717515945435,0.6570659875869751,0.024578772485256195,0.2966930568218231,0.013781487010419369,Light_T1
/home/lmy/iot-device-classification/dataset/light_T1/round2_normal/light_T1_r2.pcapng,R2,244,2442.8769257068634,0.0007226156303659081,0.03508633375167847,0.7775896191596985,0.18444932997226715,0.0021521092858165503,Light_T1
/home/lmy/iot-device-classification/dataset/light_T1/round2_normal/light_T1_r2.pcapng,R2,245,2454.716394901276,0.012989700771868229,0.5302647948265076,0.0689919963479042,0.3721940219402313,0.015559488907456398,Light_T1
/home/lmy/iot-device-classification/dataset/light_T1/round2_normal/light_T1_r2.pcapng,R2,246,2463.6772513389587,0.009076348505914211,0.40395814180374146,0.23485781252384186,0.33803942799568176,0.014068239368498325,Light_T1
/home/lmy/iot-device-classification/dataset/light_T1/round2_normal/light_T1_r2.pcapng,R2,247,2471.431020498276,0.00044133124174550176,0.008356152102351189,0.9430019855499268,0.04715672880411148,0.0010437731398269534,Light_T1
/home/lmy/iot-device-classification/dataset/light_T1/round2_normal/light_T1_r2.pcapng,R2,248,2484.477052688598,2.166076774301473e-05,0.00019014334247913212,0.0001890786224976182,0.999568521976471,3.0623697966802865e-05,Light_T1
/home/lmy/iot-device-classification/dataset/light_T1/round2_normal/light_T1_r2.pcapng,R2,249,2492.8000898361206,0.009955045767128468,0.19953200221061707,0.05648721382021904,0.7203198075294495,0.013705908320844173,Light_T1
/home/lmy/iot-device-classification/dataset/light_T1/round2_normal/light_T1_r2.pcapng,R2,250,2503.1978030204773,0.0007120811496861279,0.017375299707055092,0.9677203893661499,0.013022374361753464,0.0011698801536113024,Light_T1
/home/lmy/iot-device-classification/dataset/light_T1/round2_normal/light_T1_r2.pcapng,R2,251,2511.3908157348637,0.002281994791701436,0.08144330978393555,0.16312246024608612,0.7493827939033508,0.00376945361495018,Light_T1
/home/lmy/iot-device-classification/dataset/light_T1/round2_normal/light_T1_r2.pcapng,R2,252,2523.9992084503174,0.00363695016130805,0.4456435441970825,0.12875856459140778,0.4121689796447754,0.009791907854378223,Light_T1
/home/lmy/iot-device-classification/dataset/light_T1/round2_normal/light_T1_r2.pcapng,R2,253,2534.400569677353,0.0007697166875004768,0.031868450343608856,0.5874783992767334,0.3784331977367401,0.0014502325793728232,Light_T1
/home/lmy/iot-device-classification/dataset/light_T1/round2_normal/light_T1_r2.pcapng,R2,254,2541.099276542664,0.00015639825141988695,0.0029753507114946842,0.00030041966238059103,0.996435284614563,0.00013257456885185093,Light_T1
/home/lmy/iot-device-classification/dataset/light_T1/round2_normal/light_T1_r2.pcapng,R2,255,2553.123117923737,0.00859211478382349,0.5950875282287598,0.20394571125507355,0.16254375874996185,0.02983091212809086,Light_T1
/home/lmy/iot-device-classification/dataset/light_T1/round2_normal/light_T1_r2.pcapng,R2,256,2561.431973695755,0.0005995268002152443,0.007275353651493788,0.9566648006439209,0.03465282917022705,0.000807558128144592,Light_T1
/home/lmy/iot-device-classification/dataset/light_T1/round2_normal/light_T1_r2.pcapng,R2,257,2570.700761795044,0.00045441705151461065,0.0019865657668560743,0.008739138953387737,0.9882609248161316,0.0005589243955910206,Light_T1
/home/lmy/iot-device-classification/dataset/light_T1/round2_normal/light_T1_r2.pcapng,R2,258,2584.327855825424,0.001388715347275138,0.47860124707221985,0.44418153166770935,0.07268992066383362,0.0031385221518576145,Light_T1
/home/lmy/iot-device-classification/dataset/light_T1/round2_normal/light_T1_r2.pcapng,R2,259,2594.72468662262,0.004080812446773052,0.007414470426738262,0.6231499314308167,0.36340266466140747,0.0019521034555509686,Light_T1
/home/lmy/iot-device-classification/dataset/light_T1/round2_normal/light_T1_r2.pcapng,R2,260,2601.39187169075,0.007835211232304573,0.40176087617874146,0.08338919281959534,0.49716290831565857,0.009851785376667976,Light_T1
/home/lmy/iot-device-classification/dataset/light_T1/round2_normal/light_T1_r2.pcapng,R2,261,2614.879992246628,0.006053667515516281,0.4996136426925659,0.052610889077186584,0.42398950457572937,0.01773226447403431,Light_T1
/home/lmy/iot-device-classification/dataset/light_T1/round2_normal/light_T1_r2.pcapng,R2,262,2623.8383979797363,0.0004145251587033272,0.0018591746920719743,0.9487332105636597,0.048419639468193054,0.0005734802107326686,Light_T1
/home/lmy/iot-device-classification/dataset/light_T1/round2_normal/light_T1_r2.pcapng,R2,263,2631.660370111465,0.02359474077820778,0.8066421151161194,0.05306250602006912,0.0977248027920723,0.018975846469402313,Light_T1
/home/lmy/iot-device-classification/dataset/light_T1/round2_normal/light_T1_r2.pcapng,R2,264,2644.640610218048,0.01184441614896059,0.29910311102867126,0.07705831527709961,0.595278263092041,0.01671593077480793,Light_T1
/home/lmy/iot-device-classification/dataset/light_T1/round2_normal/light_T1_r2.pcapng,R2,265,2651.432745695114,0.0014844982651993632,0.0045625315979123116,0.9514376521110535,0.04150114580988884,0.001014197594486177,Light_T1
/home/lmy/iot-device-classification/dataset/light_T1/round2_normal/light_T1_r2.pcapng,R2,266,2661.980084657669,0.0008937164093367755,0.013693448156118393,0.0007561201928183436,0.9841317534446716,0.0005250198883004487,Light_T1
/home/lmy/iot-device-classification/dataset/light_T1/round2_normal/light_T1_r2.pcapng,R2,267,2674.9391226768494,0.0032475371845066547,0.06761389225721359,0.07451309263706207,0.8478816747665405,0.006743810139596462,Light_T1
/home/lmy/iot-device-classification/dataset/light_T1/round2_normal/light_T1_r2.pcapng,R2,268,2684.9497067928314,0.0010116100311279297,0.004454373382031918,0.7096863389015198,0.2843005657196045,0.0005471734912134707,Light_T1
/home/lmy/iot-device-classification/dataset/light_T1/round2_normal/light_T1_r2.pcapng,R2,269,2691.403678894043,0.01120537519454956,0.580292284488678,0.13205456733703613,0.25917524099349976,0.01727254129946232,Light_T1
/home/lmy/iot-device-classification/dataset/light_T1/round2_normal/light_T1_r2.pcapng,R2,270,2704.100862979889,0.002384919673204422,0.048871058970689774,0.9191865921020508,0.027033649384975433,0.0025238378439098597,Light_T1
/home/lmy/iot-device-classification/dataset/light_T1/round2_normal/light_T1_r2.pcapng,R2,271,2714.980617284775,0.0005045700236223638,0.004906425252556801,0.6774154901504517,0.3166739046573639,0.0004995950730517507,Light_T1
/home/lmy/iot-device-classification/dataset/light_T1/round2_normal/light_T1_r2.pcapng,R2,272,2722.270353078842,0.007407845929265022,0.8836061954498291,0.06465356051921844,0.03405226394534111,0.010280147194862366,Light_T1
/home/lmy/iot-device-classification/dataset/light_T1/round2_normal/light_T1_r2.pcapng,R2,273,2735.110841751098,0.00913621298968792,0.4900995194911957,0.2501493990421295,0.22836226224899292,0.0222526453435421,Light_T1
/home/lmy/iot-device-classification/dataset/light_T1/round2_normal/light_T1_r2.pcapng,R2,274,2741.4325749874115,0.010890020057559013,0.012224843725562096,0.42992597818374634,0.5427953004837036,0.004163865465670824,Light_T1
/home/lmy/iot-device-classification/dataset/light_T1/round2_normal/light_T1_r2.pcapng,R2,275,2752.4600672721863,0.013712345622479916,0.3596438765525818,0.03891971334815025,0.56899493932724,0.018729135394096375,Light_T1
/home/lmy/iot-device-classification/dataset/light_T1/round2_normal/light_T1_r2.pcapng,R2,276,2765.0299174785614,0.01990208961069584,0.44431427121162415,0.2552705705165863,0.2537651062011719,0.026747915893793106,Light_T1
/home/lmy/iot-device-classification/dataset/light_T1/round2_normal/light_T1_r2.pcapng,R2,277,2775.038736343384,0.0029965960420668125,0.002705952152609825,0.45663830637931824,0.535052478313446,0.002606657799333334,Light_T1
/home/lmy/iot-device-classification/dataset/light_T1/round2_normal/light_T1_r2.pcapng,R2,278,2781.39088010788,0.0010515874018892646,0.019474398344755173,0.0027790211606770754,0.9757975935935974,0.0008974259835667908,Light_T1
/home/lmy/iot-device-classification/dataset/light_T1/round2_normal/light_T1_r2.pcapng,R2,279,2794.7808129787445,0.0006925889174453914,0.0020504046697169542,0.6935414671897888,0.3028724491596222,0.0008431303431279957,Light_T1
/home/lmy/iot-device-classification/dataset/light_T1/round2_normal/light_T1_r2.pcapng,R2,280,2804.7978644371037,0.00041775222052820027,0.00540641974657774,0.9875265955924988,0.005934725049883127,0.0007145051495172083,Light_T1
/home/lmy/iot-device-classification/dataset/light_T1/round2_normal/light_T1_r2.pcapng,R2,281,2815.0806539058685,0.0024450188502669334,0.03040158748626709,0.4078116714954376,0.556284487247467,0.003057250054553151,Light_T1
/home/lmy/iot-device-classification/dataset/light_T1/round2_normal/light_T1_r2.pcapng,R2,282,2823.6698985099792,0.003910052590072155,0.07110446691513062,0.41863229870796204,0.4987231492996216,0.007630019448697567,Light_T1
/home/lmy/iot-device-classification/dataset/light_T1/round2_normal/light_T1_r2.pcapng,R2,283,2831.430093050003,0.001742587424814701,0.011172955855727196,0.2735079228878021,0.7118597030639648,0.0017168347258120775,Light_T1
/home/lmy/iot-device-classification/dataset/light_T1/round2_normal/light_T1_r2.pcapng,R2,284,2845.110908508301,0.0001644702279008925,0.9963986873626709,0.00063028943259269,0.0026613424997776747,0.0001452121650800109,Light_T1
/home/lmy/iot-device-classification/dataset/light_T1/round2_normal/light_T1_r2.pcapng,R2,285,2855.1197912693024,0.008676528930664062,0.26740920543670654,0.07858960330486298,0.6295164227485657,0.015808220952749252,Light_T1
/home/lmy/iot-device-classification/dataset/light_T1/round2_normal/light_T1_r2.pcapng,R2,286,2865.119833469391,0.0018016707617789507,0.10435127466917038,0.3937453031539917,0.49801620841026306,0.0020855634938925505,Light_T1
/home/lmy/iot-device-classification/dataset/light_T1/round2_normal/light_T1_r2.pcapng,R2,287,2871.391262292862,0.00365586020052433,0.025616062805056572,0.9101171493530273,0.057162556797266006,0.0034483224153518677,Light_T1
/home/lmy/iot-device-classification/dataset/light_T1/round2_normal/light_T1_r2.pcapng,R2,288,2881.4295148849487,0.0008593083475716412,0.007744724862277508,0.39313963055610657,0.5969053506851196,0.0013510247226804495,Light_T1
/home/lmy/iot-device-classification/dataset/light_T1/round2_normal/light_T1_r2.pcapng,R2,289,2895.159012079239,0.0003134534345008433,0.006424811668694019,0.7967883348464966,0.19588683545589447,0.0005865594139322639,Light_T1
/home/lmy/iot-device-classification/dataset/light_T1/round2_normal/light_T1_r2.pcapng,R2,290,2905.1716907024384,0.006700596306473017,0.5346855521202087,0.20992736518383026,0.2351803332567215,0.013506167568266392,Light_T1
/home/lmy/iot-device-classification/dataset/light_T1/round2_normal/light_T1_r2.pcapng,R2,291,2916.3900578022003,0.0071866936050355434,0.8966459631919861,0.05289442092180252,0.031089019030332565,0.012183880433440208,Light_T1
/home/lmy/iot-device-classification/dataset/light_T1/round2_normal/light_T1_r2.pcapng,R2,292,2921.43217420578,0.0005802386440336704,0.0037573352456092834,0.9807696342468262,0.013798235915601254,0.0010945925023406744,Light_T1
/home/lmy/iot-device-classification/dataset/light_T1/round2_normal/light_T1_r2.pcapng,R2,293,2935.2010502815247,0.008098375052213669,0.8017277121543884,0.07278472930192947,0.1019492894411087,0.015439842827618122,Light_T1
/home/lmy/iot-device-classification/dataset/light_T1/round2_normal/light_T1_r2.pcapng,R2,294,2945.2095181941986,0.007672120817005634,0.6154343485832214,0.04557760804891586,0.3191944658756256,0.012121518142521381,Light_T1
/home/lmy/iot-device-classification/dataset/light_T1/round2_normal/light_T1_r2.pcapng,R2,295,2955.219544649124,3.917717549484223e-05,0.0009377976530231535,0.005848284345120192,0.993104875087738,6.990510883042589e-05,Light_T1
/home/lmy/iot-device-classification/dataset/light_T1/round2_normal/light_T1_r2.pcapng,R2,296,2961.389438152313,0.0002556671679485589,0.003463024040684104,0.0032259728759527206,0.9926865100860596,0.00036877236561849713,Light_T1
/home/lmy/iot-device-classification/dataset/light_T1/round2_normal/light_T1_r2.pcapng,R2,297,2973.8984882831573,0.00703795300796628,0.8061795830726624,0.10791372507810593,0.06569136679172516,0.013177386485040188,Light_T1
/home/lmy/iot-device-classification/dataset/light_T1/round2_normal/light_T1_r2.pcapng,R2,298,2985.2492434978485,0.0005962747382000089,0.014977609738707542,0.20128878951072693,0.7821434140205383,0.000993938185274601,Light_T1
/home/lmy/iot-device-classification/dataset/light_T1/round2_normal/light_T1_r2.pcapng,R2,299,2995.2594060897827,0.004077207297086716,0.7983234524726868,0.035572849214076996,0.1508171409368515,0.011209354735910892,Light_T1
/home/lmy/iot-device-classification/dataset/light_T1/round2_normal/light_T1_r2.pcapng,R2,300,3005.273759365082,0.003778517944738269,0.04746934026479721,0.026420239359140396,0.9169518351554871,0.005380078684538603,Light_T1
/home/lmy/iot-device-classification/dataset/light_T1/round2_normal/light_T1_r2.pcapng,R2,301,3011.432945728302,0.0018165705259889364,0.0011055533541366458,0.04687172546982765,0.9499278664588928,0.0002782264491543174,Light_T1
/home/lmy/iot-device-classification/dataset/light_T1/round2_normal/light_T1_r2.pcapng,R2,302,3024.141117811203,0.0054079387336969376,0.7857257127761841,0.015853041782975197,0.18852509558200836,0.0044881985522806644,Light_T1
/home/lmy/iot-device-classification/dataset/light_T1/round2_normal/light_T1_r2.pcapng,R2,303,3030.1612243652344,0.009698985144495964,0.23744136095046997,0.02276442013680935,0.7225526571273804,0.0075425561517477036,Light_T1
/home/lmy/iot-device-classification/dataset/light_T1/round2_normal/light_T1_r2.pcapng,R2,304,3040.0367937088013,9.390301420353353e-05,0.0006157520110718906,0.04530077800154686,0.9538705945014954,0.00011898357479367405,Light_T1
/home/lmy/iot-device-classification/dataset/light_T1/round2_normal/light_T1_r2.pcapng,R2,305,3050.037605524063,0.00999387539923191,0.4969153106212616,0.18162119388580322,0.2956318259239197,0.015837842598557472,Light_T1
/home/lmy/iot-device-classification/dataset/light_T1/round2_normal/light_T1_r2.pcapng,R2,306,3060.0393080711365,0.008722858503460884,0.22982969880104065,0.056730665266513824,0.6948152184486389,0.009901572950184345,Light_T1
/home/lmy/iot-device-classification/dataset/light_T1/round2_normal/light_T1_r2.pcapng,R2,307,3070.084319114685,8.153909584507346e-05,0.0021653256844729185,0.011969161219894886,0.9856329560279846,0.0001510032161604613,Light_T1
/home/lmy/iot-device-classification/dataset/light_T1/round2_normal/light_T1_r2.pcapng,R2,308,3080.08390212059,0.03175625950098038,0.6105630397796631,0.20401470363140106,0.1336146891117096,0.020051317289471626,Light_T1
/home/lmy/iot-device-classification/dataset/light_T1/round2_normal/light_T1_r2.pcapng,R2,309,3090.284759044647,0.0003582072677090764,0.0007282709120772779,0.7615647912025452,0.23691536486148834,0.00043340394040569663,Light_T1
/home/lmy/iot-device-classification/dataset/light_T1/round2_normal/light_T1_r2.pcapng,R2,310,3100.2848887443542,0.000491302169393748,0.0031011407263576984,0.08840399980545044,0.9075437188148499,0.00045979442074894905,Light_T1
/home/lmy/iot-device-classification/dataset/light_T1/round2_normal/light_T1_r2.pcapng,R2,311,3110.1166863441467,0.0037463712505996227,0.08137572556734085,0.8620193004608154,0.0489097535610199,0.003948847763240337,Light_T1
/home/lmy/iot-device-classification/dataset/light_T1/round2_normal/light_T1_r2.pcapng,R2,312,3120.375426530838,0.002480067778378725,0.14890152215957642,0.04564893990755081,0.7991706132888794,0.0037988396361470222,Light_T1
/home/lmy/iot-device-classification/dataset/light_T1/round2_normal/light_T1_r2.pcapng,R2,313,3130.0702378749847,0.0006844384479336441,0.009295291267335415,0.8339626789093018,0.15505772829055786,0.000999899348244071,Light_T1
/home/lmy/iot-device-classification/dataset/light_T1/round2_normal/light_T1_r2.pcapng,R2,314,3140.5764198303223,0.00044650459312833846,0.004688273184001446,0.0023252032697200775,0.9921478629112244,0.00039212763658724725,Light_T1
/home/lmy/iot-device-classification/dataset/light_T1/round2_normal/light_T1_r2.pcapng,R2,315,3150.018163442612,0.003430178388953209,0.08823302388191223,0.8599602580070496,0.04202441871166229,0.006352097727358341,Light_T1
/home/lmy/iot-device-classification/dataset/light_T1/round2_normal/light_T1_r2.pcapng,R2,316,3161.1643917560577,0.00041146203875541687,0.014225859194993973,0.8766128420829773,0.10788508504629135,0.0008647988433949649,Light_T1
/home/lmy/iot-device-classification/dataset/light_T1/round2_normal/light_T1_r2.pcapng,R2,317,3170.277452468872,4.763649121741764e-05,0.0006916598067618906,0.0008209763327613473,0.9983348250389099,0.00010497398034203798,Light_T1
/home/lmy/iot-device-classification/dataset/light_T1/round2_normal/light_T1_r2.pcapng,R2,318,3180.1664321422577,0.011530309915542603,0.5776392221450806,0.11493708193302155,0.27831563353538513,0.01757771708071232,Light_T1
/home/lmy/iot-device-classification/dataset/light_T1/round2_normal/light_T1_r2.pcapng,R2,319,3190.268508434296,0.0012223171070218086,0.003031039610505104,0.985892117023468,0.009077159687876701,0.0007773689576424658,Light_T1
/home/lmy/iot-device-classification/dataset/light_T1/round2_normal/light_T1_r2.pcapng,R2,320,3200.296185731888,0.0036766219418495893,0.10067269951105118,0.021035876125097275,0.8693103790283203,0.00530445110052824,Light_T1
/home/lmy/iot-device-classification/dataset/light_T1/round2_normal/light_T1_r2.pcapng,R2,321,3210.367684364319,0.006115904077887535,0.3413061499595642,0.43895918130874634,0.20003020763397217,0.01358858123421669,Light_T1
/home/lmy/iot-device-classification/dataset/light_T1/round2_normal/light_T1_r2.pcapng,R2,322,3220.448003768921,0.00038843046058900654,0.017605168744921684,0.9377812743186951,0.0427725650370121,0.00145263085141778,Light_T1
/home/lmy/iot-device-classification/dataset/light_T1/round2_normal/light_T1_r2.pcapng,R2,323,3230.517600297928,0.0058511123061180115,0.2290305346250534,0.6452698707580566,0.1106080636382103,0.009240436367690563,Light_T1
/home/lmy/iot-device-classification/dataset/light_T1/round2_normal/light_T1_r2.pcapng,R2,324,3240.5893592834477,0.0008270671241916716,0.02544962428510189,0.0010963904205709696,0.9720937013626099,0.0005332028376869857,Light_T1
/home/lmy/iot-device-classification/dataset/light_T1/round2_normal/light_T1_r2.pcapng,R2,325,3250.6495146751404,0.0015212190337479115,0.01601170375943184,0.27512359619140625,0.7063624262809753,0.000981076154857874,Light_T1
/home/lmy/iot-device-classification/dataset/light_T1/round2_normal/light_T1_r2.pcapng,R2,326,3260.698927879333,0.0159155260771513,0.24168261885643005,0.3672471046447754,0.34489598870277405,0.030258769169449806,Light_T1
/home/lmy/iot-device-classification/dataset/light_T1/round2_normal/light_T1_r2.pcapng,R2,327,3270.778807401657,0.0006441422156058252,0.044496264308691025,0.9203254580497742,0.032378923147916794,0.002155282301828265,Light_T1
/home/lmy/iot-device-classification/dataset/light_T1/round2_normal/light_T1_r2.pcapng,R2,328,3280.8198590278625,0.0014643010217696428,0.023971129208803177,0.3558739423751831,0.6174737811088562,0.0012168226530775428,Light_T1
/home/lmy/iot-device-classification/dataset/light_T1/round2_normal/light_T1_r2.pcapng,R2,329,3290.889787197113,0.004105986095964909,0.11075833439826965,0.017651770263910294,0.8624617457389832,0.005022221710532904,Light_T1
/home/lmy/iot-device-classification/dataset/light_T1/round2_normal/light_T1_r2.pcapng,R2,330,3300.9715161323547,0.007392590399831533,0.6701962947845459,0.10640519112348557,0.19895991683006287,0.017046015709638596,Light_T1
/home/lmy/iot-device-classification/dataset/light_T1/round2_normal/light_T1_r2.pcapng,R2,331,3311.0109119415283,0.0009014069801196456,0.050952184945344925,0.7253415584564209,0.22037175297737122,0.0024330795276910067,Light_T1
/home/lmy/iot-device-classification/dataset/light_T1/round2_normal/light_T1_r2.pcapng,R2,332,3321.09056019783,0.008403351530432701,0.525737464427948,0.09354417771100998,0.358280211687088,0.014034830965101719,Light_T1
/home/lmy/iot-device-classification/dataset/light_T1/round2_normal/light_T1_r2.pcapng,R2,333,3331.181523799896,0.011756631545722485,0.48245465755462646,0.4387819170951843,0.048481058329343796,0.01852577179670334,Light_T1
/home/lmy/iot-device-classification/dataset/light_T1/round2_normal/light_T1_r2.pcapng,R2,334,3341.261286497116,0.005366664379835129,0.00991290807723999,0.5834869742393494,0.3997168242931366,0.0015166077064350247,Light_T1
/home/lmy/iot-device-classification/dataset/light_T1/round2_normal/light_T1_r2.pcapng,R2,335,3351.331820964813,0.0050339787267148495,0.8975616693496704,0.00960612390190363,0.08177324384450912,0.0060249557718634605,Light_T1
/home/lmy/iot-device-classification/dataset/light_T1/round2_normal/light_T1_r2.pcapng,R2,336,3361.37179851532,0.01440733764320612,0.7377400994300842,0.1178119108080864,0.106439009308815,0.023601680994033813,Light_T1
/home/lmy/iot-device-classification/dataset/light_T1/round2_normal/light_T1_r2.pcapng,R2,337,3371.4224231243134,0.00097922224085778,0.008137268014252186,0.7123885154724121,0.2775191068649292,0.0009758917149156332,Light_T1
/home/lmy/iot-device-classification/dataset/light_T1/round2_normal/light_T1_r2.pcapng,R2,338,3381.5020809173584,0.011301299557089806,0.743235170841217,0.015340750105679035,0.22150732576847076,0.00861544068902731,Light_T1
/home/lmy/iot-device-classification/dataset/light_T1/round2_normal/light_T1_r2.pcapng,R2,339,3391.582926750183,0.004155441652983427,0.07106414437294006,0.859403669834137,0.06143548712134361,0.00394126120954752,Light_T1
/home/lmy/iot-device-classification/dataset/light_T1/round2_normal/light_T1_r2.pcapng,R2,340,3401.6128594875336,0.0009765818249434233,0.021470647305250168,0.23946042358875275,0.7363606691360474,0.0017316997982561588,Light_T1
/home/lmy/iot-device-classification/dataset/light_T1/round2_normal/light_T1_r2.pcapng,R2,341,3411.4058542251587,0.0027415913064032793,0.07500501722097397,0.7228344678878784,0.1952475756406784,0.004171369597315788,Light_T1
/home/lmy/iot-device-classification/dataset/light_T1/round2_normal/light_T1_r2.pcapng,R2,342,3421.743453502655,0.00039423583075404167,0.008619110099971294,0.00330260768532753,0.9868316650390625,0.0008524358854629099,Light_T1
/home/lmy/iot-device-classification/dataset/light_T1/round2_normal/light_T1_r2.pcapng,R2,343,3431.8256409168243,0.00039788804133422673,0.006986543070524931,0.8363245725631714,0.15545311570167542,0.0008379064383916557,Light_T1
/home/lmy/iot-device-classification/dataset/light_T1/round2_normal/light_T1_r2.pcapng,R2,344,3441.9042341709137,0.006209867540746927,0.84577476978302,0.02451196499168873,0.11708439141511917,0.006418979726731777,Light_T1
/home/lmy/iot-device-classification/dataset/light_T1/round2_normal/light_T1_r2.pcapng,R2,345,3451.9439985752106,0.008861981332302094,0.21975161135196686,0.550547182559967,0.20965051651000977,0.011188719421625137,Light_T1
/home/lmy/iot-device-classification/dataset/light_T1/round2_normal/light_T1_r2.pcapng,R2,346,3461.4524614810944,0.001384787610732019,0.001164994202554226,0.017893509939312935,0.9793582558631897,0.00019839162996504456,Light_T1
/home/lmy/iot-device-classification/dataset/light_T1/round2_normal/light_T1_r2.pcapng,R2,347,3472.094345808029,0.006162932608276606,0.9495391845703125,0.0202266126871109,0.01842062547802925,0.005650624167174101,Light_T1
/home/lmy/iot-device-classification/dataset/light_T1/round2_normal/light_T1_r2.pcapng,R2,348,3482.176838874817,0.0008114673546515405,0.016918135806918144,0.16633372008800507,0.8153099417686462,0.0006267353310249746,Light_T1
/home/lmy/iot-device-classification/dataset/light_T1/round2_normal/light_T1_r2.pcapng,R2,349,3491.620827198029,0.00030019826954230666,0.0044236150570213795,0.9759544730186462,0.01890495978295803,0.0004166791040915996,Light_T1
/home/lmy/iot-device-classification/dataset/light_T1/round2_normal/light_T1_r2.pcapng,R2,350,3501.4078040122986,0.005210616160184145,0.6070665121078491,0.07302451878786087,0.3046964406967163,0.010001868940889835,Light_T1
/home/lmy/iot-device-classification/dataset/light_T1/round2_normal/light_T1_r2.pcapng,R2,351,3512.3356478214264,0.003342793323099613,0.869140088558197,0.023505153134465218,0.0995025783777237,0.004509389866143465,Light_T1
/home/lmy/iot-device-classification/dataset/light_T1/round2_normal/light_T1_r2.pcapng,R2,352,3522.4555196762085,0.00019059298210777342,0.0031739366240799427,0.324179083108902,0.6720262765884399,0.0004301541775930673,Light_T1
/home/lmy/iot-device-classification/dataset/light_T1/round2_normal/light_T1_r2.pcapng,R2,353,3530.006614923477,0.0010320967994630337,0.013884683139622211,0.36888614296913147,0.6149616837501526,0.0012353858910501003,Light_T1
/home/lmy/iot-device-classification/dataset/light_T1/round2_normal/light_T1_r2.pcapng,R2,354,3542.5357501506805,0.013949992135167122,0.6805037260055542,0.16000694036483765,0.12863777577877045,0.016901623457670212,Light_T1
/home/lmy/iot-device-classification/dataset/light_T1/round2_normal/light_T1_r2.pcapng,R2,355,3551.4477813243866,0.0017605745233595371,0.01775086112320423,0.7838054895401001,0.19477254152297974,0.0019104760140180588,Light_T1
/home/lmy/iot-device-classification/dataset/light_T1/round2_normal/light_T1_r2.pcapng,R2,356,3560.040723800659,5.490614057634957e-05,0.0008097243844531476,0.02062598243355751,0.9784159660339355,9.337151277577505e-05,Light_T1
/home/lmy/iot-device-classification/dataset/light_T1/round2_normal/light_T1_r2.pcapng,R2,357,3572.3382782936096,0.012760937213897705,0.3183445930480957,0.527198851108551,0.12676535546779633,0.01493029110133648,Light_T1
/home/lmy/iot-device-classification/dataset/light_T1/round2_normal/light_T1_r2.pcapng,R2,358,3582.816834926605,0.0006476785056293011,0.014139803126454353,0.8795669078826904,0.10333766043186188,0.0023079148959368467,Light_T1
/home/lmy/iot-device-classification/dataset/light_T1/round2_normal/light_T1_r2.pcapng,R2,359,3590.055619239807,0.0006971577531658113,0.016761284321546555,0.3666199743747711,0.6147624850273132,0.001159090781584382,Light_T1
/home/lmy/iot-device-classification/dataset/light_T1/round2_normal/light_T1_r2.pcapng,R2,360,3602.983729839325,0.0030764429830014706,0.06389731913805008,0.011880737729370594,0.9173668622970581,0.003778638783842325,Light_T1
/home/lmy/iot-device-classification/dataset/light_T1/round2_normal/light_T1_r2.pcapng,R2,361,3613.027407884598,0.00011200682638445869,0.001182439154945314,0.013508722186088562,0.9850118160247803,0.00018502166494727135,Light_T1
/home/lmy/iot-device-classification/dataset/light_T1/round2_normal/light_T1_r2.pcapng,R2,362,3620.0675797462463,0.0011887997388839722,0.003973229322582483,0.0013799448497593403,0.9933197498321533,0.00013830995885655284,Light_T1
/home/lmy/iot-device-classification/dataset/light_xm/round2_normal/light_xm_r2.pcapng,R2,0,0.0,0.00019555880862753838,0.0027891192585229874,0.9960212111473083,0.0007966789416968822,0.00019742953008972108,Light_XM
/home/lmy/iot-device-classification/dataset/light_xm/round2_normal/light_xm_r2.pcapng,R2,1,11.603658437728882,0.0003391489735804498,0.007411068771034479,0.8923714756965637,0.09911224991083145,0.0007660608389414847,Light_XM
/home/lmy/iot-device-classification/dataset/light_xm/round2_normal/light_xm_r2.pcapng,R2,2,23.14648962020874,2.5763756639207713e-05,4.239995178068057e-05,0.998141884803772,0.001763640553690493,2.6345061996835284e-05,Light_XM
/home/lmy/iot-device-classification/dataset/light_xm/round2_normal/light_xm_r2.pcapng,R2,3,32.234774351119995,1.9238164895796217e-05,0.00011263621127000079,0.9981415271759033,0.0016939954366534948,3.2566997106187046e-05,Light_XM
/home/lmy/iot-device-classification/dataset/light_xm/round2_normal/light_xm_r2.pcapng,R2,4,41.66246724128723,0.00024700487847439945,0.008781968615949154,0.924331545829773,0.06585674732923508,0.0007827503141015768,Light_XM
/home/lmy/iot-device-classification/dataset/light_xm/round2_normal/light_xm_r2.pcapng,R2,5,53.38636016845703,1.61527768796077e-05,0.00021505427139345556,0.9967266321182251,0.0029978975653648376,4.4228458136785775e-05,Light_XM
/home/lmy/iot-device-classification/dataset/light_xm/round2_normal/light_xm_r2.pcapng,R2,6,63.3742253780365,4.01232173317112e-05,0.00033692296710796654,0.9992971420288086,0.00028351068613119423,4.232888386468403e-05,Light_XM
/home/lmy/iot-device-classification/dataset/light_xm/round2_normal/light_xm_r2.pcapng,R2,7,71.6906168460846,0.0027902417350560427,0.009569385088980198,0.49089157581329346,0.49340301752090454,0.0033458194229751825,Light_XM
/home/lmy/iot-device-classification/dataset/light_xm/round2_normal/light_xm_r2.pcapng,R2,8,83.49330306053162,0.0002983667654916644,0.0007547397981397808,0.9744340181350708,0.024314450100064278,0.00019846815848723054,Light_XM
/home/lmy/iot-device-classification/dataset/light_xm/round2_normal/light_xm_r2.pcapng,R2,9,92.9167890548706,2.1182042473810725e-05,0.0001623731222935021,0.9993488192558289,0.0004369184316601604,3.064863631152548e-05,Light_XM
/home/lmy/iot-device-classification/dataset/light_xm/round2_normal/light_xm_r2.pcapng,R2,10,100.51754593849182,0.00011678662849590182,0.0027752064634114504,0.9885348677635193,0.0082768015563488,0.00029633130179718137,Light_XM
/home/lmy/iot-device-classification/dataset/light_xm/round2_normal/light_xm_r2.pcapng,R2,11,113.67904281616212,5.3860156185692176e-05,0.003428742289543152,0.9759775400161743,0.02041650377213955,0.0001233990042237565,Light_XM
/home/lmy/iot-device-classification/dataset/light_xm/round2_normal/light_xm_r2.pcapng,R2,12,123.7737114429474,7.590492896270007e-05,0.0006438034470193088,0.9951857924461365,0.003985910676419735,0.00010857232700800523,Light_XM
/home/lmy/iot-device-classification/dataset/light_xm/round2_normal/light_xm_r2.pcapng,R2,13,131.7607307434082,0.00023453212634194642,0.009100083261728287,0.9825312495231628,0.007657077629119158,0.0004770924861077219,Light_XM
/home/lmy/iot-device-classification/dataset/light_xm/round2_normal/light_xm_r2.pcapng,R2,14,143.87319159507751,3.5893655876861885e-05,0.00037812412483617663,0.9992478489875793,0.0003047424543183297,3.341983028803952e-05,Light_XM
/home/lmy/iot-device-classification/dataset/light_xm/round2_normal/light_xm_r2.pcapng,R2,15,153.2479808330536,5.267804590403102e-05,0.000288161332719028,0.9905452728271484,0.00902983546257019,8.408202847931534e-05,Light_XM
/home/lmy/iot-device-classification/dataset/light_xm/round2_normal/light_xm_r2.pcapng,R2,16,161.7976336479187,0.0013158697402104735,0.023538950830698013,0.7915129661560059,0.18090252578258514,0.002729680621996522,Light_XM
/home/lmy/iot-device-classification/dataset/light_xm/round2_normal/light_xm_r2.pcapng,R2,17,174.0368950366974,1.649589103180915e-05,4.264222661731765e-05,0.9983918070793152,0.0015309826703742146,1.8091015590471216e-05,Light_XM
/home/lmy/iot-device-classification/dataset/light_xm/round2_normal/light_xm_r2.pcapng,R2,18,184.07671642303467,1.8316242858418263e-05,0.00020955034415237606,0.9986411929130554,0.0011093133362010121,2.1673118681064807e-05,Light_XM
/home/lmy/iot-device-classification/dataset/light_xm/round2_normal/light_xm_r2.pcapng,R2,19,191.8262059688568,0.00047423940850421786,0.007109603378921747,0.9880045056343079,0.0037520057521760464,0.0006596348830498755,Light_XM
/home/lmy/iot-device-classification/dataset/light_xm/round2_normal/light_xm_r2.pcapng,R2,20,204.23128151893616,1.4966498383728322e-05,8.146846084855497e-05,0.9996148347854614,0.0002749830891843885,1.3667824532603845e-05,Light_XM
/home/lmy/iot-device-classification/dataset/light_xm/round2_normal/light_xm_r2.pcapng,R2,21,212.03473091125488,6.938337173778564e-05,0.0004350910021457821,0.9955567717552185,0.003861858509480953,7.690556230954826e-05,Light_XM
/home/lmy/iot-device-classification/dataset/light_xm/round2_normal/light_xm_r2.pcapng,R2,22,221.8657670021057,0.0002916162775363773,0.007847332395613194,0.9672536849975586,0.024132564663887024,0.0004748713399749249,Light_XM
/home/lmy/iot-device-classification/dataset/light_xm/round2_normal/light_xm_r2.pcapng,R2,23,234.37344026565552,2.6306755898986012e-05,8.351638825843111e-05,0.9895530939102173,0.010307623073458672,2.9457785785780288e-05,Light_XM
/home/lmy/iot-device-classification/dataset/light_xm/round2_normal/light_xm_r2.pcapng,R2,24,242.6943678855896,0.00012283935211598873,0.0008723147329874337,0.995707094669342,0.003170378040522337,0.00012745345884468406,Light_XM
/home/lmy/iot-device-classification/dataset/light_xm/round2_normal/light_xm_r2.pcapng,R2,25,251.90243196487427,0.0007991375750862062,0.04472256451845169,0.8252019882202148,0.12683925032615662,0.0024370646569877863,Light_XM
/home/lmy/iot-device-classification/dataset/light_xm/round2_normal/light_xm_r2.pcapng,R2,26,264.2095994949341,5.183122993912548e-05,0.00013593108451459557,0.9991532564163208,0.0006241911905817688,3.4747004974633455e-05,Light_XM
/home/lmy/iot-device-classification/dataset/light_xm/round2_normal/light_xm_r2.pcapng,R2,27,272.5356311798096,0.0006631437572650611,0.01120289508253336,0.7907105088233948,0.19615088403224945,0.0012725992128252983,Light_XM
/home/lmy/iot-device-classification/dataset/light_xm/round2_normal/light_xm_r2.pcapng,R2,28,281.93178820610046,0.0012032700469717383,0.020079245790839195,0.8253515362739563,0.15214873850345612,0.0012172182323411107,Light_XM
/home/lmy/iot-device-classification/dataset/light_xm/round2_normal/light_xm_r2.pcapng,R2,29,293.8183398246765,4.270797944627702e-05,0.0004027360409963876,0.9992355108261108,0.00028274336364120245,3.637190457084216e-05,Light_XM
/home/lmy/iot-device-classification/dataset/light_xm/round2_normal/light_xm_r2.pcapng,R2,30,304.15025305747986,4.202088894089684e-05,0.0001349436934106052,0.9993023872375488,0.0004668898764066398,5.375322507461533e-05,Light_XM
/home/lmy/iot-device-classification/dataset/light_xm/round2_normal/light_xm_r2.pcapng,R2,31,310.2698678970337,0.0005507897003553808,0.025636745616793633,0.9658727645874023,0.006963322404772043,0.0009763525449670851,Light_XM
/home/lmy/iot-device-classification/dataset/light_xm/round2_normal/light_xm_r2.pcapng,R2,32,323.0055410861969,2.3133701688493602e-05,9.054507245309651e-05,0.9990077614784241,0.0008593889069743454,1.9174927729181945e-05,Light_XM
/home/lmy/iot-device-classification/dataset/light_xm/round2_normal/light_xm_r2.pcapng,R2,33,333.5216815471649,0.00012265100667718798,0.001814699382521212,0.9931142926216125,0.0046752262860536575,0.0002731755666900426,Light_XM
/home/lmy/iot-device-classification/dataset/light_xm/round2_normal/light_xm_r2.pcapng,R2,34,342.0093212127685,0.0008504845318384469,0.02761998027563095,0.8782805800437927,0.0909014344215393,0.002347561065107584,Light_XM
/home/lmy/iot-device-classification/dataset/light_xm/round2_normal/light_xm_r2.pcapng,R2,35,354.2194304466248,1.7178015696117654e-05,7.244350126711652e-05,0.9985474944114685,0.0013351984089240432,2.7652869903249666e-05,Light_XM
/home/lmy/iot-device-classification/dataset/light_xm/round2_normal/light_xm_r2.pcapng,R2,36,360.289489030838,1.7604606910026632e-05,0.00022519264894071966,0.9990882873535156,0.0006310873432084918,3.7838708522031084e-05,Light_XM
/home/lmy/iot-device-classification/dataset/light_xm/round2_normal/light_xm_r2.pcapng,R2,37,372.0240700244904,0.01827395334839821,0.01140059344470501,0.9245452284812927,0.04424022138118744,0.0015399728436022997,Light_XM
/home/lmy/iot-device-classification/dataset/light_xm/round2_normal/light_xm_r2.pcapng,R2,38,380.9569046497345,0.000418604991864413,0.002538782311603427,0.9816493391990662,0.014752873219549656,0.0006404360174201429,Light_XM
/home/lmy/iot-device-classification/dataset/light_xm/round2_normal/light_xm_r2.pcapng,R2,39,394.1720576286316,9.592045535100624e-05,0.00014558878319803625,0.9916521906852722,0.008007509633898735,9.878952550934628e-05,Light_XM
/home/lmy/iot-device-classification/dataset/light_xm/round2_normal/light_xm_r2.pcapng,R2,40,400.53301072120667,0.00030635707662440836,0.005505245644599199,0.9833714365959167,0.010315687395632267,0.0005012888577766716,Light_XM
/home/lmy/iot-device-classification/dataset/light_xm/round2_normal/light_xm_r2.pcapng,R2,41,415.3385963439941,5.483219865709543e-05,0.0003404016315471381,0.9984101057052612,0.0011367846745997667,5.783878077636473e-05,Light_XM
/home/lmy/iot-device-classification/dataset/light_xm/round2_normal/light_xm_r2.pcapng,R2,42,423.64972043037415,3.7163394154049456e-05,0.0004382446059025824,0.9958795309066772,0.0035771059338003397,6.79246659274213e-05,Light_XM
/home/lmy/iot-device-classification/dataset/light_xm/round2_normal/light_xm_r2.pcapng,R2,43,432.1755132675171,0.0008849495206959546,0.07861398160457611,0.1898544430732727,0.7273495197296143,0.0032970942556858063,Light_XM
/home/lmy/iot-device-classification/dataset/light_xm/round2_normal/light_xm_r2.pcapng,R2,44,440.7406449317932,8.353549492312595e-05,0.0001893199369078502,0.998472273349762,0.0011986586032435298,5.620043884846382e-05,Light_XM
/home/lmy/iot-device-classification/dataset/light_xm/round2_normal/light_xm_r2.pcapng,R2,45,455.01666951179504,1.8217804608866572e-05,0.00031104724621400237,0.9991053938865662,0.000525892071891576,3.9467791793867946e-05,Light_XM
/home/lmy/iot-device-classification/dataset/light_xm/round2_normal/light_xm_r2.pcapng,R2,46,462.0816683769226,0.00039682467468082905,0.014277196489274502,0.9754274487495422,0.008934564888477325,0.0009639028576202691,Light_XM
/home/lmy/iot-device-classification/dataset/light_xm/round2_normal/light_xm_r2.pcapng,R2,47,473.5387644767761,0.00011605830513872206,0.0009152647689916193,0.9890971183776855,0.009673085063695908,0.00019848108058795333,Light_XM
/home/lmy/iot-device-classification/dataset/light_xm/round2_normal/light_xm_r2.pcapng,R2,48,481.04029965400696,3.768876558751799e-05,0.00024342970573343337,0.9968894124031067,0.0027792169712483883,5.024064375902526e-05,Light_XM
/home/lmy/iot-device-classification/dataset/light_xm/round2_normal/light_xm_r2.pcapng,R2,49,492.0880286693573,0.0016702982829883695,0.12309746444225311,0.756747841835022,0.11375966668128967,0.0047247037291526794,Light_XM
/home/lmy/iot-device-classification/dataset/light_xm/round2_normal/light_xm_r2.pcapng,R2,50,506.12729239463806,1.532154783490114e-05,0.00043926286161877215,0.9993126392364502,0.00017970804765354842,5.312529901857488e-05,Light_XM
/home/lmy/iot-device-classification/dataset/light_xm/round2_normal/light_xm_r2.pcapng,R2,51,514.1094024181366,2.229236088169273e-05,0.0002861955144908279,0.9964767098426819,0.0031550456769764423,5.969882840872742e-05,Light_XM
/home/lmy/iot-device-classification/dataset/light_xm/round2_normal/light_xm_r2.pcapng,R2,52,521.1890659332275,0.0006499268929474056,0.018484050408005714,0.08152030408382416,0.8976179957389832,0.001727714785374701,Light_XM
/home/lmy/iot-device-classification/dataset/light_xm/round2_normal/light_xm_r2.pcapng,R2,53,534.1559271812439,4.953929965267889e-05,0.0005670572863891721,0.9987078905105591,0.0006391367060132325,3.639730857685208e-05,Light_XM
/home/lmy/iot-device-classification/dataset/light_xm/round2_normal/light_xm_r2.pcapng,R2,54,546.3195931911469,6.258476787479594e-05,0.0003710237506311387,0.9925073981285095,0.006969296373426914,8.971645729616284e-05,Light_XM
/home/lmy/iot-device-classification/dataset/light_xm/round2_normal/light_xm_r2.pcapng,R2,55,552.1379358768463,0.002217155648395419,0.008155961520969868,0.7416310906410217,0.2465994656085968,0.001396317034959793,Light_XM
/home/lmy/iot-device-classification/dataset/light_xm/round2_normal/light_xm_r2.pcapng,R2,56,561.5020067691803,7.53370622987859e-05,0.0012854955857619643,0.9976905584335327,0.0008538872352801263,9.479658183408901e-05,Light_XM
/home/lmy/iot-device-classification/dataset/light_xm/round2_normal/light_xm_r2.pcapng,R2,57,572.533664226532,3.331698462716304e-05,0.0007312484667636454,0.9985468983650208,0.0006435373215936124,4.502073716139421e-05,Light_XM
/home/lmy/iot-device-classification/dataset/light_xm/round2_normal/light_xm_r2.pcapng,R2,58,582.1646823883057,0.0005355681641958654,0.012307270430028439,0.9754942655563354,0.01040914747864008,0.001253687427379191,Light_XM
/home/lmy/iot-device-classification/dataset/light_xm/round2_normal/light_xm_r2.pcapng,R2,59,593.7531559467316,4.3342559365555644e-05,0.00013806589413434267,0.9960384368896484,0.003745970781892538,3.4172204323112965e-05,Light_XM
/home/lmy/iot-device-classification/dataset/light_xm/round2_normal/light_xm_r2.pcapng,R2,60,606.6349542140961,3.444845060585067e-05,0.00018395378720015287,0.992123544216156,0.007599656470119953,5.836320997332223e-05,Light_XM
/home/lmy/iot-device-classification/dataset/light_xm/round2_normal/light_xm_r2.pcapng,R2,61,612.1887631416321,0.004423983860760927,0.08222471177577972,0.8046917915344238,0.10477761179208755,0.0038818910252302885,Light_XM
/home/lmy/iot-device-classification/dataset/light_xm/round2_normal/light_xm_r2.pcapng,R2,62,624.145649433136,2.6530251489020884e-05,3.9126920455601066e-05,0.9982228875160217,0.0016926761018112302,1.8811078916769475e-05,Light_XM
/home/lmy/iot-device-classification/dataset/light_xm/round2_normal/light_xm_r2.pcapng,R2,63,634.079647064209,1.3689856132259592e-05,4.1431394492974505e-05,0.9956122636795044,0.0043164207600057125,1.6144260371220298e-05,Light_XM
/home/lmy/iot-device-classification/dataset/light_xm/round2_normal/light_xm_r2.pcapng,R2,64,642.1905438899994,0.0009698347421362996,0.015067416243255138,0.9741085767745972,0.009047707542777061,0.0008064318099059165,Light_XM
/home/lmy/iot-device-classification/dataset/light_xm/round2_normal/light_xm_r2.pcapng,R2,65,654.4702010154724,1.9458319002296776e-05,0.00013407367805484682,0.9996556043624878,0.00016469607362523675,2.6174344384344295e-05,Light_XM
/home/lmy/iot-device-classification/dataset/light_xm/round2_normal/light_xm_r2.pcapng,R2,66,664.0776648521423,2.414017762930598e-05,0.00035039958311244845,0.9961220622062683,0.0034552724100649357,4.8138448619283736e-05,Light_XM
/home/lmy/iot-device-classification/dataset/light_xm/round2_normal/light_xm_r2.pcapng,R2,67,672.1997900009155,0.00011118540714960545,0.0018191095441579819,0.9815831780433655,0.016269540414214134,0.00021696131443604827,Light_XM
/home/lmy/iot-device-classification/dataset/light_xm/round2_normal/light_xm_r2.pcapng,R2,68,682.1321589946747,3.1048602977534756e-05,0.00013148831203579903,0.9996504783630371,0.0001611673942534253,2.579546344350092e-05,Light_XM
/home/lmy/iot-device-classification/dataset/light_xm/round2_normal/light_xm_r2.pcapng,R2,69,696.0769183635712,1.3529368516174145e-05,0.000219872294110246,0.9967330694198608,0.002999482676386833,3.4063563361996785e-05,Light_XM
/home/lmy/iot-device-classification/dataset/light_xm/round2_normal/light_xm_r2.pcapng,R2,70,702.1113910675049,0.00029133734642528,0.0071172346360981464,0.8828409314155579,0.10880262404680252,0.0009478330612182617,Light_XM
/home/lmy/iot-device-classification/dataset/light_xm/round2_normal/light_xm_r2.pcapng,R2,71,710.0750658512115,0.0001695676619419828,0.00033437670208513737,0.9981231093406677,0.0012614299776032567,0.00011149477359140292,Light_XM
/home/lmy/iot-device-classification/dataset/light_xm/round2_normal/light_xm_r2.pcapng,R2,72,724.8498909473419,3.09011411445681e-05,0.0001906821271404624,0.9986338019371033,0.0010989890433847904,4.563335460261442e-05,Light_XM
/home/lmy/iot-device-classification/dataset/light_xm/round2_normal/light_xm_r2.pcapng,R2,73,732.255707025528,0.004513415042310953,0.022795459255576134,0.5952778458595276,0.37381818890571594,0.003595048328861594,Light_XM
/home/lmy/iot-device-classification/dataset/light_xm/round2_normal/light_xm_r2.pcapng,R2,74,745.9873909950256,4.6557997848140076e-05,0.0004402491613291204,0.9987226128578186,0.0007506931433454156,3.987439049524255e-05,Light_XM
/home/lmy/iot-device-classification/dataset/light_xm/round2_normal/light_xm_r2.pcapng,R2,75,754.086094379425,1.1540335435711313e-05,5.965830496279523e-05,0.9991697072982788,0.0007430826080963016,1.6043542927945964e-05,Light_XM
/home/lmy/iot-device-classification/dataset/light_xm/round2_normal/light_xm_r2.pcapng,R2,76,762.2842998504639,0.001573568326421082,0.015442488715052605,0.8767775893211365,0.10389304161071777,0.002313298871740699,Light_XM
/home/lmy/iot-device-classification/dataset/light_xm/round2_normal/light_xm_r2.pcapng,R2,77,770.0429646968842,4.875144804827869e-05,0.00032967713195830584,0.997597873210907,0.0019220701651647687,0.0001016341702779755,Light_XM
/home/lmy/iot-device-classification/dataset/light_xm/round2_normal/light_xm_r2.pcapng,R2,78,785.502783536911,1.4754635230929125e-05,0.0001624398137209937,0.998075008392334,0.0017162383301183581,3.151040436932817e-05,Light_XM
/home/lmy/iot-device-classification/dataset/light_xm/round2_normal/light_xm_r2.pcapng,R2,79,792.2939715385437,0.0005931545747444034,0.016666250303387642,0.38226085901260376,0.5988901257514954,0.001589565770700574,Light_XM
/home/lmy/iot-device-classification/dataset/light_xm/round2_normal/light_xm_r2.pcapng,R2,80,800.5949609279633,7.285186438821256e-05,0.00033783295657485723,0.9961602687835693,0.0033365008421242237,9.25468048080802e-05,Light_XM
/home/lmy/iot-device-classification/dataset/light_xm/round2_normal/light_xm_r2.pcapng,R2,81,814.9637179374695,1.1376333532098215e-05,3.2258114515570924e-05,0.9996974468231201,0.0002463763521518558,1.2534404049802106e-05,Light_XM
/home/lmy/iot-device-classification/dataset/light_xm/round2_normal/light_xm_r2.pcapng,R2,82,822.3788075447083,0.0006306522991508245,0.011928766034543514,0.9140578508377075,0.0721183717250824,0.0012643594527617097,Light_XM
/home/lmy/iot-device-classification/dataset/light_xm/round2_normal/light_xm_r2.pcapng,R2,83,830.7732248306274,1.5035172509669792e-05,6.329391908366233e-05,0.9997459053993225,0.0001647148746997118,1.1004122825397644e-05,Light_XM
/home/lmy/iot-device-classification/dataset/light_xm/round2_normal/light_xm_r2.pcapng,R2,84,844.1773953437805,0.0003720489621628076,0.003081520553678274,0.9893731474876404,0.0066423178650438786,0.0005309641710482538,Light_XM
/home/lmy/iot-device-classification/dataset/light_xm/round2_normal/light_xm_r2.pcapng,R2,85,852.4394772052765,0.003037072252482176,0.018140623345971107,0.2163155972957611,0.7590324282646179,0.0034742355346679688,Light_XM
/home/lmy/iot-device-classification/dataset/light_xm/round2_normal/light_xm_r2.pcapng,R2,86,861.0128388404846,2.2786096451454796e-05,0.0003067750367335975,0.9992007613182068,0.00044156753574498,2.815747393469792e-05,Light_XM
/home/lmy/iot-device-classification/dataset/light_xm/round2_normal/light_xm_r2.pcapng,R2,87,870.8811190128326,1.2586569027916994e-05,7.252006616909057e-05,0.999765932559967,0.00013331652735359967,1.568075458635576e-05,Light_XM
/home/lmy/iot-device-classification/dataset/light_xm/round2_normal/light_xm_r2.pcapng,R2,88,882.3303153514862,0.0006712608737871051,0.030209297314286232,0.27078208327293396,0.6959958076477051,0.0023415288887917995,Light_XM
/home/lmy/iot-device-classification/dataset/light_xm/round2_normal/light_xm_r2.pcapng,R2,89,893.8773591518402,0.0010231129126623273,0.08343872427940369,0.25170665979385376,0.6623076796531677,0.001523858169093728,Light_XM
/home/lmy/iot-device-classification/dataset/light_xm/round2_normal/light_xm_r2.pcapng,R2,90,901.117022037506,5.2798932301811874e-05,0.0006765762809664011,0.9984309077262878,0.0007208322058431804,0.00011885879939654842,Light_XM
/home/lmy/iot-device-classification/dataset/light_xm/round2_normal/light_xm_r2.pcapng,R2,91,910.9821357727052,0.00014700017345603555,0.00647008465602994,0.9913461804389954,0.001684532267972827,0.0003521239850670099,Light_XM
/home/lmy/iot-device-classification/dataset/light_xm/round2_normal/light_xm_r2.pcapng,R2,92,927.096384048462,4.7331370296888053e-05,0.000212401821045205,0.9953374862670898,0.0043336995877325535,6.904152542119846e-05,Light_XM
/home/lmy/iot-device-classification/dataset/light_xm/round2_normal/light_xm_r2.pcapng,R2,93,933.80828332901,4.433962021721527e-05,0.0004906750400550663,0.9986543655395508,0.0007093141321092844,0.00010127336281584576,Light_XM
/home/lmy/iot-device-classification/dataset/light_xm/round2_normal/light_xm_r2.pcapng,R2,94,942.5449192523956,0.005675922147929668,0.02799888886511326,0.8505764603614807,0.11271493881940842,0.0030337926000356674,Light_XM
/home/lmy/iot-device-classification/dataset/light_xm/round2_normal/light_xm_r2.pcapng,R2,95,950.323576450348,0.000290808966383338,0.005962104070931673,0.9837759137153625,0.00948667898774147,0.0004845538642257452,Light_XM
/home/lmy/iot-device-classification/dataset/light_xm/round2_normal/light_xm_r2.pcapng,R2,96,960.9684662818908,2.0284036509110592e-05,0.0007211114862002432,0.9990392923355103,0.00019793561659753323,2.140703691111412e-05,Light_XM
/home/lmy/iot-device-classification/dataset/light_xm/round2_normal/light_xm_r2.pcapng,R2,97,972.5810341835022,7.226801244542003e-05,0.001981425564736128,0.08017349243164062,0.9175436496734619,0.00022918920149095356,Light_XM
/home/lmy/iot-device-classification/dataset/light_xm/round2_normal/light_xm_r2.pcapng,R2,98,984.3140630722046,0.00048519286792725325,0.0008332487777806818,0.9184029698371887,0.07987982034683228,0.00039874771027825773,Light_XM
/home/lmy/iot-device-classification/dataset/light_xm/round2_normal/light_xm_r2.pcapng,R2,99,991.1202359199524,2.4348893930437043e-05,0.0005499343387782574,0.9976080656051636,0.0017560094129294157,6.162188947200775e-05,Light_XM
/home/lmy/iot-device-classification/dataset/light_xm/round2_normal/light_xm_r2.pcapng,R2,100,1000.983696460724,0.00027256994508206844,0.0010486788814887404,0.9450531005859375,0.053013332188129425,0.000612280739005655,Light_XM
/home/lmy/iot-device-classification/dataset/light_xm/round2_normal/light_xm_r2.pcapng,R2,101,1010.0186548233032,5.8567035011947155e-05,0.0008126533939503133,0.998683750629425,0.00035392752033658326,9.106491052079946e-05,Light_XM
/home/lmy/iot-device-classification/dataset/light_xm/round2_normal/light_xm_r2.pcapng,R2,102,1021.7672700881958,6.483544439106481e-06,2.8699729227810167e-05,0.9993956089019775,0.0005571533693000674,1.20259765026276e-05,Light_XM
/home/lmy/iot-device-classification/dataset/light_xm/round2_normal/light_xm_r2.pcapng,R2,103,1030.258647441864,0.0006331446929834783,0.017631210386753082,0.9030137062072754,0.07765260338783264,0.0010693599469959736,Light_XM
/home/lmy/iot-device-classification/dataset/light_xm/round2_normal/light_xm_r2.pcapng,R2,104,1040.4781012535095,3.4524531656643376e-05,0.00012436140968929976,0.9940113425254822,0.00577503489330411,5.4686079238308594e-05,Light_XM
/home/lmy/iot-device-classification/dataset/light_xm/round2_normal/light_xm_r2.pcapng,R2,105,1055.1814467906952,1.3584415682998952e-05,0.0001096415362553671,0.99960857629776,0.00023349185357801616,3.4781041904352605e-05,Light_XM
/home/lmy/iot-device-classification/dataset/light_xm/round2_normal/light_xm_r2.pcapng,R2,106,1061.8701984882357,0.0011931846383959055,0.009784412570297718,0.10820312798023224,0.8794105052947998,0.0014087283052504063,Light_XM
/home/lmy/iot-device-classification/dataset/light_xm/round2_normal/light_xm_r2.pcapng,R2,107,1070.1081295013428,6.865647446829826e-05,0.00024664634838700294,0.9993108510971069,0.0003367046592757106,3.714693957590498e-05,Light_XM
/home/lmy/iot-device-classification/dataset/light_xm/round2_normal/light_xm_r2.pcapng,R2,108,1080.0390448570251,5.730317934649065e-05,0.00019821786554530263,0.9992719292640686,0.00044381190673448145,2.876522376027424e-05,Light_XM
/home/lmy/iot-device-classification/dataset/light_xm/round2_normal/light_xm_r2.pcapng,R2,109,1090.0299880504608,0.00021598841703962535,0.0027917451225221157,0.983048677444458,0.013609175570309162,0.0003344686410855502,Light_XM
/home/lmy/iot-device-classification/dataset/light_xm/round2_normal/light_xm_r2.pcapng,R2,110,1100.255526304245,9.522470645606518e-05,0.0002062829298665747,0.999291181564331,0.0003646566183306277,4.265056850272231e-05,Light_XM
/home/lmy/iot-device-classification/dataset/light_xm/round2_normal/light_xm_r2.pcapng,R2,111,1110.1516931056976,4.5201057218946517e-05,0.0003235299082007259,0.9989483952522278,0.0006358248647302389,4.708843698608689e-05,Light_XM
/home/lmy/iot-device-classification/dataset/light_xm/round2_normal/light_xm_r2.pcapng,R2,112,1120.0174922943115,0.0005900681135244668,0.003183899912983179,0.7357308864593506,0.25961747765541077,0.0008776591275818646,Light_XM
/home/lmy/iot-device-classification/dataset/light_xm/round2_normal/light_xm_r2.pcapng,R2,113,1130.497404336929,6.744128040736541e-05,0.0004874614824075252,0.9982777833938599,0.001050345366820693,0.00011699710739776492,Light_XM
/home/lmy/iot-device-classification/dataset/light_xm/round2_normal/light_xm_r2.pcapng,R2,114,1140.0600235462189,0.00029566275770775974,0.001027262071147561,0.9895721673965454,0.008964293636381626,0.00014059478417038918,Light_XM
/home/lmy/iot-device-classification/dataset/light_xm/round2_normal/light_xm_r2.pcapng,R2,115,1150.0195899009705,0.07769124209880829,0.013635172508656979,0.2740507423877716,0.631880521774292,0.002742332872003317,Light_XM
/home/lmy/iot-device-classification/dataset/light_xm/round2_normal/light_xm_r2.pcapng,R2,116,1160.049557209015,0.00045228208182379603,0.003787705907598138,0.9746276140213013,0.020674357190728188,0.00045811382005922496,Light_XM
/home/lmy/iot-device-classification/dataset/light_xm/round2_normal/light_xm_r2.pcapng,R2,117,1170.1342606544497,1.2206937753944658e-05,0.00014720397302880883,0.999545156955719,0.00026661172159947455,2.8744649171130732e-05,Light_XM
/home/lmy/iot-device-classification/dataset/light_xm/round2_normal/light_xm_r2.pcapng,R2,118,1180.1778151988983,0.00046997584286145866,0.005281027872115374,0.9812061190605164,0.012550607323646545,0.0004922442603856325,Light_XM
/home/lmy/iot-device-classification/dataset/light_xm/round2_normal/light_xm_r2.pcapng,R2,119,1190.246060371399,0.00169289018958807,0.02623208984732628,0.4457426369190216,0.524669349193573,0.0016630466561764479,Light_XM
/home/lmy/iot-device-classification/dataset/light_xm/round2_normal/light_xm_r2.pcapng,R2,120,1200.336189508438,1.3919191587774549e-05,0.00016208573651965708,0.9993778467178345,0.00040997174801304936,3.6163874028716236e-05,Light_XM
/home/lmy/iot-device-classification/dataset/light_xm/round2_normal/light_xm_r2.pcapng,R2,121,1210.4220943450928,0.001295443275012076,0.00016738983686082065,0.015363544225692749,0.9831064939498901,6.715542258461937e-05,Light_XM
/home/lmy/iot-device-classification/dataset/light_xm/round2_normal/light_xm_r2.pcapng,R2,122,1220.442971944809,1.4390269825526047e-05,8.013674232643098e-05,0.9967246651649475,0.003161058062687516,1.9758583221118897e-05,Light_XM
/home/lmy/iot-device-classification/dataset/light_xm/round2_normal/light_xm_r2.pcapng,R2,123,1230.5174071788788,1.7753971405909397e-05,0.00011432458995841444,0.9993579983711243,0.0004849113174714148,2.504886288079433e-05,Light_XM
/home/lmy/iot-device-classification/dataset/light_xm/round2_normal/light_xm_r2.pcapng,R2,124,1240.595602273941,0.0006110001122578979,0.012718928046524525,0.1157677173614502,0.8691445589065552,0.0017577926628291607,Light_XM
/home/lmy/iot-device-classification/dataset/light_xm/round2_normal/light_xm_r2.pcapng,R2,125,1251.2881574630735,9.25226995605044e-05,0.000261977082118392,0.998863697052002,0.000714399793650955,6.739667151123285e-05,Light_XM
/home/lmy/iot-device-classification/dataset/light_xm/round2_normal/light_xm_r2.pcapng,R2,126,1260.6809630393982,4.222735151415691e-05,0.00019734652596525848,0.9985082745552063,0.00119031872600317,6.177886825753376e-05,Light_XM
/home/lmy/iot-device-classification/dataset/light_xm/round2_normal/light_xm_r2.pcapng,R2,127,1270.732727766037,0.0006360330153256655,0.008695743046700954,0.837917149066925,0.15137910842895508,0.0013720316346734762,Light_XM
/home/lmy/iot-device-classification/dataset/light_xm/round2_normal/light_xm_r2.pcapng,R2,128,1280.8249735832214,2.2031046682968736e-05,0.00022277003154158592,0.9987236857414246,0.0009757050429470837,5.580362631008029e-05,Light_XM
/home/lmy/iot-device-classification/dataset/light_xm/round2_normal/light_xm_r2.pcapng,R2,129,1290.8436324596405,2.9847113182768226e-05,0.0004090406000614166,0.9981979727745056,0.0012981519103050232,6.50359143037349e-05,Light_XM
/home/lmy/iot-device-classification/dataset/light_xm/round2_normal/light_xm_r2.pcapng,R2,130,1300.9445223808289,0.0012016117107123137,0.007811858784407377,0.8224904537200928,0.16643425822257996,0.0020618694834411144,Light_XM
/home/lmy/iot-device-classification/dataset/light_xm/round2_normal/light_xm_r2.pcapng,R2,131,1310.973115682602,5.290492481435649e-05,0.00042235536966472864,0.9990623593330383,0.00041621658601798117,4.62014322692994e-05,Light_XM
/home/lmy/iot-device-classification/dataset/light_xm/round2_normal/light_xm_r2.pcapng,R2,132,1321.044653892517,4.8659938329365104e-05,0.0003934636479243636,0.9928919076919556,0.006626062095165253,3.992737038061023e-05,Light_XM
/home/lmy/iot-device-classification/dataset/light_xm/round2_normal/light_xm_r2.pcapng,R2,133,1331.12290930748,0.000863066001329571,0.034501295536756516,0.7183306217193604,0.2438473254442215,0.002457727212458849,Light_XM
/home/lmy/iot-device-classification/dataset/light_xm/round2_normal/light_xm_r2.pcapng,R2,134,1341.1632039546969,2.1785201170132495e-05,0.00020330581173766404,0.999517560005188,0.00023560486442875117,2.1751819076598622e-05,Light_XM
/home/lmy/iot-device-classification/dataset/light_xm/round2_normal/light_xm_r2.pcapng,R2,135,1351.2213063240051,2.846544339263346e-05,0.00015149210230447352,0.9980164766311646,0.001769821043126285,3.375535743543878e-05,Light_XM
/home/lmy/iot-device-classification/dataset/light_xm/round2_normal/light_xm_r2.pcapng,R2,136,1361.320544719696,0.0011676651192829013,0.011203283444046974,0.46214544773101807,0.5245851874351501,0.0008984270389191806,Light_XM
/home/lmy/iot-device-classification/dataset/light_xm/round2_normal/light_xm_r2.pcapng,R2,137,1371.3574945926666,4.483948941924609e-05,0.00021110186935402453,0.9983527660369873,0.0013516150647774339,3.970956458942965e-05,Light_XM
/home/lmy/iot-device-classification/dataset/light_xm/round2_normal/light_xm_r2.pcapng,R2,138,1381.396803855896,0.00010477102478034794,0.000611437950283289,0.9776749014854431,0.021426472812891006,0.00018238199118059129,Light_XM
/home/lmy/iot-device-classification/dataset/light_xm/round2_normal/light_xm_r2.pcapng,R2,139,1391.474713087082,0.0004152424808125943,0.021052971482276917,0.9467230439186096,0.030421335250139236,0.001387377385981381,Light_XM
/home/lmy/iot-device-classification/dataset/light_xm/round2_normal/light_xm_r2.pcapng,R2,140,1401.522890329361,1.338887341262307e-05,8.598090062150732e-05,0.9993135929107666,0.0005734004080295563,1.3632700756716076e-05,Light_XM
/home/lmy/iot-device-classification/dataset/light_xm/round2_normal/light_xm_r2.pcapng,R2,141,1411.6256203651428,8.066751615842804e-05,0.0006984705105423927,0.9988868832588196,0.0002688071399461478,6.517558358609676e-05,Light_XM
/home/lmy/iot-device-classification/dataset/light_xm/round2_normal/light_xm_r2.pcapng,R2,142,1421.6692476272583,0.0014103174908086658,0.02234317921102047,0.8851161599159241,0.08731112629175186,0.003819216974079609,Light_XM
/home/lmy/iot-device-classification/dataset/light_xm/round2_normal/light_xm_r2.pcapng,R2,143,1431.717033147812,2.4852144633769058e-05,9.723996481625363e-05,0.99800044298172,0.0018571888795122504,2.0277077055652626e-05,Light_XM
/home/lmy/iot-device-classification/dataset/light_xm/round2_normal/light_xm_r2.pcapng,R2,144,1441.795301914215,2.067259447358083e-05,0.0001367588120047003,0.9996256828308105,0.0001856557937571779,3.122820271528326e-05,Light_XM
/home/lmy/iot-device-classification/dataset/light_xm/round2_normal/light_xm_r2.pcapng,R2,145,1451.8438482284546,0.001280289958231151,0.018000444397330284,0.5391160845756531,0.44005805253982544,0.001545134000480175,Light_XM
/home/lmy/iot-device-classification/dataset/light_xm/round2_normal/light_xm_r2.pcapng,R2,146,1461.931884765625,3.019287032657303e-05,0.0002290749835083261,0.9994269609451294,0.0002846097631845623,2.92333079414675e-05,Light_XM
/home/lmy/iot-device-classification/dataset/light_xm/round2_normal/light_xm_r2.pcapng,R2,147,1471.4922835826874,7.032362191239372e-05,0.0006152201094664633,0.9980716109275818,0.0011446018470451236,9.83021454885602e-05,Light_XM
/home/lmy/iot-device-classification/dataset/light_xm/round2_normal/light_xm_r2.pcapng,R2,148,1482.0272300243378,0.0006516906432807446,0.006139830220490694,0.8822863101959229,0.10977915674448013,0.0011429538717493415,Light_XM
/home/lmy/iot-device-classification/dataset/light_xm/round2_normal/light_xm_r2.pcapng,R2,149,1492.035075187683,0.002660684986039996,0.11510560661554337,0.8613203167915344,0.017665080726146698,0.003248298540711403,Light_XM
/home/lmy/iot-device-classification/dataset/light_xm/round2_normal/light_xm_r2.pcapng,R2,150,1502.1461334228516,3.68858381989412e-05,5.445045098895207e-05,0.7732139229774475,0.22665151953697205,4.322141103330068e-05,Light_XM
/home/lmy/iot-device-classification/dataset/light_xm/round2_normal/light_xm_r2.pcapng,R2,151,1512.2554304599762,0.0006601707427762449,0.022029954940080643,0.9241921901702881,0.050613317638635635,0.0025043804198503494,Light_XM
/home/lmy/iot-device-classification/dataset/light_xm/round2_normal/light_xm_r2.pcapng,R2,152,1522.2891623973846,8.931187039706856e-05,0.000296323123620823,0.951476514339447,0.04805542156100273,8.240893657784909e-05,Light_XM
/home/lmy/iot-device-classification/dataset/light_xm/round2_normal/light_xm_r2.pcapng,R2,153,1532.3364934921265,6.948294321773574e-05,0.0013434361899271607,0.9976389408111572,0.0007704664603807032,0.00017763748473953456,Light_XM
/home/lmy/iot-device-classification/dataset/light_xm/round2_normal/light_xm_r2.pcapng,R2,154,1542.4143035411837,0.0011383845703676343,0.02265019342303276,0.2759855389595032,0.6968831419944763,0.0033427616581320763,Light_XM
/home/lmy/iot-device-classification/dataset/light_xm/round2_normal/light_xm_r2.pcapng,R2,155,1552.319048166275,4.3682452087523416e-05,0.00040891539538279176,0.9965580105781555,0.002950413851067424,3.8992060581222177e-05,Light_XM
/home/lmy/iot-device-classification/dataset/light_xm/round2_normal/light_xm_r2.pcapng,R2,156,1562.530678510666,3.368038233020343e-05,0.00031072640558704734,0.998653769493103,0.0009500514133833349,5.174586840439588e-05,Light_XM
/home/lmy/iot-device-classification/dataset/light_xm/round2_normal/light_xm_r2.pcapng,R2,157,1572.5581288337708,0.00043371113133616745,0.03204791247844696,0.9411821961402893,0.025274859741330147,0.0010613740887492895,Light_XM
/home/lmy/iot-device-classification/dataset/light_xm/round2_normal/light_xm_r2.pcapng,R2,158,1582.5957350730896,4.1649949707789347e-05,0.0005508066387847066,0.9987208247184753,0.0006455896073020995,4.114685725653544e-05,Light_XM
/home/lmy/iot-device-classification/dataset/light_xm/round2_normal/light_xm_r2.pcapng,R2,159,1592.803819656372,0.00014929821190889925,0.0006166415405459702,0.9915082454681396,0.007540666498243809,0.00018516498676035553,Light_XM
/home/lmy/iot-device-classification/dataset/light_xm/round2_normal/light_xm_r2.pcapng,R2,160,1602.7513539791107,0.0003249501169193536,0.003882330609485507,0.05001875385642052,0.9451202154159546,0.0006537995650433004,Light_XM
/home/lmy/iot-device-classification/dataset/light_xm/round2_normal/light_xm_r2.pcapng,R2,161,1612.7889392375946,3.6194196582073346e-05,0.00010021252819569781,0.9993558526039124,0.0004802945186384022,2.744522316788789e-05,Light_XM
/home/lmy/iot-device-classification/dataset/light_xm/round2_normal/light_xm_r2.pcapng,R2,162,1622.8681559562683,1.5333309420384467e-05,7.527982234023511e-05,0.9993941783905029,0.0005009624292142689,1.4210669178282842e-05,Light_XM
/home/lmy/iot-device-classification/dataset/light_xm/round2_normal/light_xm_r2.pcapng,R2,163,1632.889900445938,0.0007664067670702934,0.0018603120697662234,0.658339262008667,0.33848851919174194,0.0005455187638290226,Light_XM
/home/lmy/iot-device-classification/dataset/light_xm/round2_normal/light_xm_r2.pcapng,R2,164,1642.9743242263794,9.669765131548047e-05,0.0027635484002530575,0.990888237953186,0.005920004565268755,0.0003315514768473804,Light_XM
/home/lmy/iot-device-classification/dataset/light_xm/round2_normal/light_xm_r2.pcapng,R2,165,1653.028013944626,6.388901238096878e-05,0.0006157004390843213,0.9893580079078674,0.009763108566403389,0.0001993118057725951,Light_XM
/home/lmy/iot-device-classification/dataset/light_xm/round2_normal/light_xm_r2.pcapng,R2,166,1662.9521126747131,0.0004271632933523506,0.002187400357797742,0.5956022143363953,0.4008367657661438,0.0009464378235861659,Light_XM
/home/lmy/iot-device-classification/dataset/light_xm/round2_normal/light_xm_r2.pcapng,R2,167,1673.0052881240845,2.5926761736627668e-05,0.00014720653416588902,0.9956504702568054,0.004137052223086357,3.9354687032755464e-05,Light_XM
/home/lmy/iot-device-classification/dataset/light_xm/round2_normal/light_xm_r2.pcapng,R2,168,1683.2103762626648,3.53125469700899e-05,0.00026035666815005243,0.9995461106300354,0.00012783998681697994,3.036989801330492e-05,Light_XM
/home/lmy/iot-device-classification/dataset/light_xm/round2_normal/light_xm_r2.pcapng,R2,169,1692.9942390918732,0.0010902262292802334,0.04997142404317856,0.3056653141975403,0.6393115520477295,0.003961456008255482,Light_XM
/home/lmy/iot-device-classification/dataset/light_xm/round2_normal/light_xm_r2.pcapng,R2,170,1703.3974652290344,5.758444240200333e-05,0.00013454396685119718,0.9971415400505066,0.002616884419694543,4.945287946611643e-05,Light_XM
/home/lmy/iot-device-classification/dataset/light_xm/round2_normal/light_xm_r2.pcapng,R2,171,1713.3799350261688,0.019546570256352425,0.00400174967944622,0.9474901556968689,0.0284535214304924,0.0005080172559246421,Light_XM
/home/lmy/iot-device-classification/dataset/light_xm/round2_normal/light_xm_r2.pcapng,R2,172,1722.9973466396332,0.00030763098038733006,0.0017200622241944075,0.9578063488006592,0.03976678103208542,0.00039920283597894013,Light_XM
/home/lmy/iot-device-classification/dataset/light_xm/round2_normal/light_xm_r2.pcapng,R2,173,1733.5009472370148,4.269949931767769e-05,0.0005188051727600396,0.9992448091506958,0.00016097971820272505,3.27427769661881e-05,Light_XM
/home/lmy/iot-device-classification/dataset/light_xm/round2_normal/light_xm_r2.pcapng,R2,174,1743.5456228256226,7.279495093825972e-06,8.651051757624373e-05,0.9990897178649902,0.0007980457739904523,1.841936318669468e-05,Light_XM
/home/lmy/iot-device-classification/dataset/light_xm/round2_normal/light_xm_r2.pcapng,R2,175,1753.0120706558228,6.940750608919188e-05,0.0003144346410408616,0.9976902008056641,0.0018126452341675758,0.00011338511831127107,Light_XM
/home/lmy/iot-device-classification/dataset/light_xm/round2_normal/light_xm_r2.pcapng,R2,176,1763.6400408744812,7.213050594145898e-06,7.211307092802599e-05,0.998915433883667,0.000987913808785379,1.729149698803667e-05,Light_XM
/home/lmy/iot-device-classification/dataset/light_xm/round2_normal/light_xm_r2.pcapng,R2,177,1772.4923644065857,0.00027760412194766104,0.005831161979585886,0.9860725402832031,0.007423359900712967,0.0003952700353693217,Light_XM
/home/lmy/iot-device-classification/dataset/light_xm/round2_normal/light_xm_r2.pcapng,R2,178,1783.0673580169678,0.0008154379320330918,0.034713514149188995,0.8377611637115479,0.1247038021683693,0.0020060823298990726,Light_XM
/home/lmy/iot-device-classification/dataset/light_xm/round2_normal/light_xm_r2.pcapng,R2,179,1793.83891582489,0.001936781802214682,0.007934166118502617,0.5508760809898376,0.4379224479198456,0.001330541679635644,Light_XM
/home/lmy/iot-device-classification/dataset/light_xm/round2_normal/light_xm_r2.pcapng,R2,180,1803.9508430957796,4.471501597436145e-05,0.00012342633272055537,0.9965702295303345,0.0032070185989141464,5.45550647075288e-05,Light_XM
/home/lmy/iot-device-classification/dataset/light_xm/round2_normal/light_xm_r2.pcapng,R2,181,1813.1155333518984,0.00017309404211118817,0.0016783932223916054,0.9432912468910217,0.05427054688334465,0.0005867200088687241,Light_XM
/home/lmy/iot-device-classification/dataset/light_xm/round2_normal/light_xm_r2.pcapng,R2,182,1824.0241646766665,7.97657630755566e-05,0.0007131623569875956,0.9893893599510193,0.009602108970284462,0.00021564605413004756,Light_XM
/home/lmy/iot-device-classification/dataset/light_xm/round2_normal/light_xm_r2.pcapng,R2,183,1831.5051536560056,1.5939047443680465e-05,3.7896359572187066e-05,0.9988619089126587,0.0010625935392454267,2.163930366805289e-05,Light_XM
/home/lmy/iot-device-classification/dataset/light_xm/round2_normal/light_xm_r2.pcapng,R2,184,1843.1495988368988,0.00010405688226455823,0.0016465799417346716,0.9959830045700073,0.0021145399659872055,0.00015187561803031713,Light_XM
/home/lmy/iot-device-classification/dataset/light_xm/round2_normal/light_xm_r2.pcapng,R2,185,1854.1728303432465,5.887697625439614e-05,0.001133566489443183,0.9974800944328308,0.0012653085868805647,6.221151124918833e-05,Light_XM
/home/lmy/iot-device-classification/dataset/light_xm/round2_normal/light_xm_r2.pcapng,R2,186,1864.262109041214,1.1275894394202624e-05,0.00011652366811176762,0.9993610978126526,0.0004961244412697852,1.4964268302719574e-05,Light_XM
/home/lmy/iot-device-classification/dataset/light_xm/round2_normal/light_xm_r2.pcapng,R2,187,1873.192920446396,0.0008626253693364561,0.02405792661011219,0.6803888082504272,0.2922022044658661,0.0024884582962840796,Light_XM
/home/lmy/iot-device-classification/dataset/light_xm/round2_normal/light_xm_r2.pcapng,R2,188,1882.575979232788,2.1356452634790912e-05,0.0002183970354963094,0.9986566305160522,0.0010413100244477391,6.226505502127111e-05,Light_XM
/home/lmy/iot-device-classification/dataset/light_xm/round2_normal/light_xm_r2.pcapng,R2,189,1894.4280450344088,1.015723046293715e-05,6.347790622385219e-05,0.9970434308052063,0.0028648299630731344,1.8105149138136767e-05,Light_XM
/home/lmy/iot-device-classification/dataset/light_xm/round2_normal/light_xm_r2.pcapng,R2,190,1900.7996244430544,0.00018524429469835013,0.0017795353196561337,0.9571813344955444,0.04050769656896591,0.00034624102408997715,Light_XM
/home/lmy/iot-device-classification/dataset/light_xm/round2_normal/light_xm_r2.pcapng,R2,191,1914.5215456485748,4.083719886693871e-06,1.8789984096656553e-05,0.9998438358306885,0.00012295730994082987,1.02662152130506e-05,Light_XM
/home/lmy/iot-device-classification/dataset/light_xm/round2_normal/light_xm_r2.pcapng,R2,192,1921.8780925273893,3.684087278088555e-05,0.0003081881732214242,0.9969316720962524,0.0026747025549411774,4.85250711790286e-05,Light_XM
/home/lmy/iot-device-classification/dataset/light_xm/round2_normal/light_xm_r2.pcapng,R2,193,1933.181611061096,0.0002811284502968192,0.0016666598385199904,0.9459657669067383,0.05177716538310051,0.00030928495107218623,Light_XM
/home/lmy/iot-device-classification/dataset/light_xm/round2_normal/light_xm_r2.pcapng,R2,194,1944.7266495227811,3.570626358850859e-05,0.00019102518854197115,0.9991633892059326,0.0005772787262685597,3.262711834395304e-05,Light_XM
/home/lmy/iot-device-classification/dataset/light_xm/round2_normal/light_xm_r2.pcapng,R2,195,1954.108199119568,2.915626646426972e-05,0.00023319530009757727,0.999189555644989,0.000504185794852674,4.3875854316866025e-05,Light_XM
/home/lmy/iot-device-classification/dataset/light_xm/round2_normal/light_xm_r2.pcapng,R2,196,1963.1757895946505,0.0006132679409347475,0.007314599119126797,0.9282334446907043,0.062252502888441086,0.0015862112632021308,Light_XM
/home/lmy/iot-device-classification/dataset/light_xm/round2_normal/light_xm_r2.pcapng,R2,197,1974.18159365654,0.0001347282959613949,0.000854048877954483,0.9980145692825317,0.0008689526002854109,0.0001276535913348198,Light_XM
/home/lmy/iot-device-classification/dataset/light_xm/round2_normal/light_xm_r2.pcapng,R2,198,1985.013401031494,1.3612961993203498e-05,0.00019371265079826117,0.9991740584373474,0.0005792553420178592,3.934273263439536e-05,Light_XM
/home/lmy/iot-device-classification/dataset/light_xm/round2_normal/light_xm_r2.pcapng,R2,199,1993.17813205719,5.312873690854758e-05,0.0005983405280858278,0.9885098338127136,0.01073506474494934,0.0001035909735946916,Light_XM
/home/lmy/iot-device-classification/dataset/light_xm/round2_normal/light_xm_r2.pcapng,R2,200,2004.4112088680267,2.2722084395354614e-05,8.493850327795371e-05,0.9987817406654358,0.0010801542084664106,3.0482593501801603e-05,Light_XM
/home/lmy/iot-device-classification/dataset/light_xm/round2_normal/light_xm_r2.pcapng,R2,201,2014.097396850586,1.8588651073514484e-05,0.0002366195694776252,0.9952831864356995,0.0044245412573218346,3.707280848175287e-05,Light_XM
/home/lmy/iot-device-classification/dataset/light_xm/round2_normal/light_xm_r2.pcapng,R2,202,2023.1647067070007,0.0009622021461836994,0.0013158632209524512,0.7200729846954346,0.277304083108902,0.000344878644682467,Light_XM
/home/lmy/iot-device-classification/dataset/light_xm/round2_normal/light_xm_r2.pcapng,R2,203,2032.7541370391848,4.4463842641562223e-05,0.00046472492977045476,0.9988112449645996,0.0006317772786132991,4.7808764065848663e-05,Light_XM
/home/lmy/iot-device-classification/dataset/light_xm/round2_normal/light_xm_r2.pcapng,R2,204,2045.421337127685,1.71945575857535e-05,0.00019232573686167598,0.9986572265625,0.0011181022273376584,1.508957939222455e-05,Light_XM
/home/lmy/iot-device-classification/dataset/light_xm/round2_normal/light_xm_r2.pcapng,R2,205,2053.135052680969,0.0004848602693527937,0.024911977350711823,0.5622308254241943,0.410339891910553,0.0020324334036558867,Light_XM
/home/lmy/iot-device-classification/dataset/light_xm/round2_normal/light_xm_r2.pcapng,R2,206,2065.5581860542297,7.688956975471228e-05,0.000724958605132997,0.8610222339630127,0.1380753368139267,0.00010061272041639313,Light_XM
/home/lmy/iot-device-classification/dataset/light_xm/round2_normal/light_xm_r2.pcapng,R2,207,2072.43256354332,2.1595800717477687e-05,0.00023721954494249076,0.9989026784896851,0.0007940913201309741,4.438119140104391e-05,Light_XM
/home/lmy/iot-device-classification/dataset/light_xm/round2_normal/light_xm_r2.pcapng,R2,208,2081.504953622818,0.0001566362479934469,0.009668180719017982,0.9855372309684753,0.004134953022003174,0.0005029854364693165,Light_XM
/home/lmy/iot-device-classification/dataset/light_xm/round2_normal/light_xm_r2.pcapng,R2,209,2093.7394235134125,0.00027994357515126467,0.004029025789350271,0.9873906373977661,0.007952790707349777,0.00034767016768455505,Light_XM
/home/lmy/iot-device-classification/dataset/light_xm/round2_normal/light_xm_r2.pcapng,R2,210,2103.990377187729,1.4556875612470321e-05,4.0493305277777836e-05,0.9995883107185364,0.0003413671802263707,1.5294222976081073e-05,Light_XM
/home/lmy/iot-device-classification/dataset/light_xm/round2_normal/light_xm_r2.pcapng,R2,211,2113.106039047241,0.0002004686975851655,0.003307910403236747,0.9388882517814636,0.057136982679367065,0.0004663508734665811,Light_XM
/home/lmy/iot-device-classification/dataset/light_xm/round2_normal/light_xm_r2.pcapng,R2,212,2124.9367592334747,7.510579598601907e-05,0.0002460572577547282,0.9976783394813538,0.0019275856902822852,7.297095726244152e-05,Light_XM
/home/lmy/iot-device-classification/dataset/light_xm/round2_normal/light_xm_r2.pcapng,R2,213,2133.635888814926,0.00027829446480609477,0.0030116045381873846,0.9864134788513184,0.009634427726268768,0.0006622528890147805,Light_XM
/home/lmy/iot-device-classification/dataset/light_xm/round2_normal/light_xm_r2.pcapng,R2,214,2143.10702085495,0.0004873842990491539,0.061477892100811005,0.8899058699607849,0.046296849846839905,0.001831952715292573,Light_XM
/home/lmy/iot-device-classification/dataset/light_xm/round2_normal/light_xm_r2.pcapng,R2,215,2154.148110151291,0.001467586262151599,0.005797028075903654,0.9788482189178467,0.013021793216466904,0.0008653491968289018,Light_XM
/home/lmy/iot-device-classification/dataset/light_xm/round2_normal/light_xm_r2.pcapng,R2,216,2164.605553627014,8.899833119357936e-06,0.00016493334260303527,0.9996199607849121,0.0001828374370234087,2.3311771656153724e-05,Light_XM
/home/lmy/iot-device-classification/dataset/light_xm/round2_normal/light_xm_r2.pcapng,R2,217,2173.3001000881195,0.00010945350368274376,0.00247053150087595,0.9950300455093384,0.0021219372283667326,0.0002680083562154323,Light_XM
/home/lmy/iot-device-classification/dataset/light_xm/round2_normal/light_xm_r2.pcapng,R2,218,2186.3613152503967,2.4627668608445674e-05,0.00023958820383995771,0.9994021654129028,0.00030596781289204955,2.764213968475815e-05,Light_XM
/home/lmy/iot-device-classification/dataset/light_xm/round2_normal/light_xm_r2.pcapng,R2,219,2191.442274570465,7.910135173005983e-05,0.00024561482132412493,0.9981350898742676,0.00145254866220057,8.758668991504237e-05,Light_XM
/home/lmy/iot-device-classification/dataset/light_xm/round2_normal/light_xm_r2.pcapng,R2,220,2203.366185903549,0.00016503327060490847,0.005684614181518555,0.9074065685272217,0.08621612936258316,0.0005276261945255101,Light_XM
/home/lmy/iot-device-classification/dataset/light_xm/round2_normal/light_xm_r2.pcapng,R2,221,2216.676575899124,2.447484621370677e-05,0.00015388184692710638,0.9948813915252686,0.004885910078883171,5.438693915493786e-05,Light_XM
/home/lmy/iot-device-classification/dataset/light_xm/round2_normal/light_xm_r2.pcapng,R2,222,2225.0022752285004,5.035011417930946e-05,0.0002971462672576308,0.9981472492218018,0.0014309672405943274,7.428565731970593e-05,Light_XM
/home/lmy/iot-device-classification/dataset/light_xm/round2_normal/light_xm_r2.pcapng,R2,223,2233.530346632004,0.00029815686866641045,0.0161949023604393,0.20087718963623047,0.7814586758613586,0.0011710275430232286,Light_XM
/home/lmy/iot-device-classification/dataset/light_xm/round2_normal/light_xm_r2.pcapng,R2,224,2241.7147409915924,0.0002071298222290352,0.0014257658040151,0.9935848116874695,0.004593003541231155,0.00018934767285827547,Light_XM
/home/lmy/iot-device-classification/dataset/light_xm/round2_normal/light_xm_r2.pcapng,R2,225,2255.5821676254272,1.007010905595962e-05,6.573460268555209e-05,0.9984367489814758,0.001464073546230793,2.337925434403587e-05,Light_XM
/home/lmy/iot-device-classification/dataset/light_xm/round2_normal/light_xm_r2.pcapng,R2,226,2263.4574887752533,0.0007832525297999382,0.01811901107430458,0.6720830798149109,0.30737414956092834,0.0016405243659392,Light_XM
/home/lmy/iot-device-classification/dataset/light_xm/round2_normal/light_xm_r2.pcapng,R2,227,2271.8900911808014,9.576970114721917e-06,2.51563178608194e-05,0.9976996779441833,0.0022524110972881317,1.3149046026228461e-05,Light_XM
/home/lmy/iot-device-classification/dataset/light_xm/round2_normal/light_xm_r2.pcapng,R2,228,2284.2494473457336,0.0007534940959885716,0.00217123469337821,0.9842132329940796,0.01251780241727829,0.0003441980225034058,Light_XM
/home/lmy/iot-device-classification/dataset/light_xm/round2_normal/light_xm_r2.pcapng,R2,229,2293.5027227401733,0.0021283356472849846,0.019395625218749046,0.058415282517671585,0.9190447926521301,0.0010159367229789495,Light_XM
/home/lmy/iot-device-classification/dataset/light_xm/round2_normal/light_xm_r2.pcapng,R2,230,2300.0136370658875,3.5793647839454934e-05,0.0007445697556249797,0.9990156888961792,0.00016361642337869853,4.035140955238603e-05,Light_XM
/home/lmy/iot-device-classification/dataset/light_xm/round2_normal/light_xm_r2.pcapng,R2,231,2314.251138448715,0.0009392136707901955,0.0220867320895195,0.26548507809638977,0.709823727607727,0.0016652295598760247,Light_XM
/home/lmy/iot-device-classification/dataset/light_xm/round2_normal/light_xm_r2.pcapng,R2,232,2323.5277552604675,0.000919446989428252,0.24824999272823334,0.3909235894680023,0.35618722438812256,0.003719771048054099,Light_XM
/home/lmy/iot-device-classification/dataset/light_xm/round2_normal/light_xm_r2.pcapng,R2,233,2332.240679502487,0.014763802289962769,0.4263257086277008,0.3846151530742645,0.1556355357170105,0.01865973509848118,Light_XM
/home/lmy/iot-device-classification/dataset/light_xm/round2_normal/light_xm_r2.pcapng,R2,234,2340.066620826721,3.629293860285543e-05,0.0003777608217205852,0.9992460012435913,0.0003167131217196584,2.3298583982978016e-05,Light_XM
/home/lmy/iot-device-classification/dataset/light_xm/round2_normal/light_xm_r2.pcapng,R2,235,2353.554414749145,0.000828404794447124,0.00642663286998868,0.39754214882850647,0.5935366153717041,0.0016662107082083821,Light_XM
/home/lmy/iot-device-classification/dataset/light_xm/round2_normal/light_xm_r2.pcapng,R2,236,2362.414903640747,3.639731221483089e-05,0.00011387614358682185,0.9994931221008301,0.0003272242611274123,2.940079320978839e-05,Light_XM
/home/lmy/iot-device-classification/dataset/light_xm/round2_normal/light_xm_r2.pcapng,R2,237,2372.6603105068207,1.7394024325767532e-05,0.0001534533512312919,0.9990906715393066,0.000716064590960741,2.244692041131202e-05,Light_XM
/home/lmy/iot-device-classification/dataset/light_xm/round2_normal/light_xm_r2.pcapng,R2,238,2382.808373451233,0.0009671860025264323,0.011500388383865356,0.7715261578559875,0.21473532915115356,0.0012709031580016017,Light_XM
/home/lmy/iot-device-classification/dataset/light_xm/round2_normal/light_xm_r2.pcapng,R2,239,2392.588686466217,0.0004821933980565518,0.003990488592535257,0.15895268321037292,0.8360647559165955,0.000509934441652149,Light_XM
/home/lmy/iot-device-classification/dataset/light_xm/round2_normal/light_xm_r2.pcapng,R2,240,2406.0537028312683,2.169774415961001e-05,7.988036668393761e-05,0.9993650317192078,0.0005112721119076014,2.217829751316458e-05,Light_XM
/home/lmy/iot-device-classification/dataset/light_xm/round2_normal/light_xm_r2.pcapng,R2,241,2413.6314203739166,0.001844338490627706,0.056975990533828735,0.47661927342414856,0.4600485563278198,0.004511825740337372,Light_XM
/home/lmy/iot-device-classification/dataset/light_xm/round2_normal/light_xm_r2.pcapng,R2,242,2422.843548297882,0.00025327925686724484,0.0009264319087378681,0.9938576817512512,0.004758845083415508,0.00020381355716381222,Light_XM
/home/lmy/iot-device-classification/dataset/light_xm/round2_normal/light_xm_r2.pcapng,R2,243,2434.3085815906525,0.0006252594757825136,0.013858084566891193,0.9188016057014465,0.06566434353590012,0.0010506967082619667,Light_XM
/home/lmy/iot-device-classification/dataset/light_xm/round2_normal/light_xm_r2.pcapng,R2,244,2440.216879606247,0.003478099824860692,0.012438698671758175,0.8698638677597046,0.11205492168664932,0.002164364093914628,Light_XM
/home/lmy/iot-device-classification/dataset/light_xm/round2_normal/light_xm_r2.pcapng,R2,245,2450.0458199977875,3.469437433523126e-05,0.00019575803889892995,0.9994434714317322,0.000296144193271175,2.9920802262495272e-05,Light_XM
/home/lmy/iot-device-classification/dataset/light_xm/round2_normal/light_xm_r2.pcapng,R2,246,2464.323947906494,8.990719652501866e-05,0.0007279147394001484,0.9905717372894287,0.008509296923875809,0.0001012283464660868,Light_XM
/home/lmy/iot-device-classification/dataset/light_xm/round2_normal/light_xm_r2.pcapng,R2,247,2473.721449613571,0.00015275238547474146,0.00793161429464817,0.9849783778190613,0.0063631352968513966,0.0005740398773923516,Light_XM
/home/lmy/iot-device-classification/dataset/light_xm/round2_normal/light_xm_r2.pcapng,R2,248,2480.695337533951,3.7392099329736084e-05,0.000399329379433766,0.9994400143623352,9.243802196579054e-05,3.077444853261113e-05,Light_XM
/home/lmy/iot-device-classification/dataset/light_xm/round2_normal/light_xm_r2.pcapng,R2,249,2497.3588874340057,1.3597054021374788e-05,0.00011188135977135971,0.9952491521835327,0.004595599137246609,2.9727201763307676e-05,Light_XM
/home/lmy/iot-device-classification/dataset/light_xm/round2_normal/light_xm_r2.pcapng,R2,250,2503.494690895081,0.000798288790974766,0.05917999520897865,0.07687195390462875,0.8595662713050842,0.0035835145972669125,Light_XM
/home/lmy/iot-device-classification/dataset/light_xm/round2_normal/light_xm_r2.pcapng,R2,251,2510.7162294387817,0.00010066324466606602,0.0005205568158999085,0.9985169768333435,0.0008020837558433414,5.975731255603023e-05,Light_XM
/home/lmy/iot-device-classification/dataset/light_xm/round2_normal/light_xm_r2.pcapng,R2,252,2526.4701960086823,0.010852904058992863,0.005371926352381706,0.9159697890281677,0.06701800227165222,0.0007873973227106035,Light_XM
/home/lmy/iot-device-classification/dataset/light_xm/round2_normal/light_xm_r2.pcapng,R2,253,2533.49622631073,0.00034792875521816313,0.007183899637311697,0.13313381373882294,0.8586018681526184,0.0007324792095459998,Light_XM
/home/lmy/iot-device-classification/dataset/light_xm/round2_normal/light_xm_r2.pcapng,R2,254,2540.883027076721,3.202569132554345e-05,0.001134743681177497,0.9984326958656311,0.00035805098013952374,4.2430590838193893e-05,Light_XM
/home/lmy/iot-device-classification/dataset/light_xm/round2_normal/light_xm_r2.pcapng,R2,255,2554.071232318878,7.035698945401236e-05,0.00043125441879965365,0.9964599013328552,0.002956227632239461,8.223448094213381e-05,Light_XM
/home/lmy/iot-device-classification/dataset/light_xm/round2_normal/light_xm_r2.pcapng,R2,256,2560.139673948288,0.0004991901805624366,0.0032064085826277733,0.07535024732351303,0.9202636480331421,0.0006805198499932885,Light_XM
/home/lmy/iot-device-classification/dataset/light_xm/round2_normal/light_xm_r2.pcapng,R2,257,2571.715159893036,0.00017098331591114402,0.004920732695609331,0.9899758696556091,0.004735342226922512,0.0001970250013982877,Light_XM
/home/lmy/iot-device-classification/dataset/light_xm/round2_normal/light_xm_r2.pcapng,R2,258,2580.5018174648285,0.00010912852303590626,0.002020115265622735,0.9950101375579834,0.002770301653072238,9.02841129573062e-05,Light_XM
/home/lmy/iot-device-classification/dataset/light_xm/round2_normal/light_xm_r2.pcapng,R2,259,2590.1282818317413,0.0005269242683425546,0.027828682214021683,0.9318572878837585,0.03838244080543518,0.0014046650612726808,Light_XM
/home/lmy/iot-device-classification/dataset/light_xm/round2_normal/light_xm_r2.pcapng,R2,260,2601.915321111679,6.928996299393475e-05,0.0001733662938931957,0.9946603178977966,0.0050438689067959785,5.316259557730518e-05,Light_XM
/home/lmy/iot-device-classification/dataset/light_xm/round2_normal/light_xm_r2.pcapng,R2,261,2611.791841506958,1.2326012438279577e-05,7.245809683809057e-05,0.9997797608375549,0.000125996841234155,9.461205991101451e-06,Light_XM
/home/lmy/iot-device-classification/dataset/light_xm/round2_normal/light_xm_r2.pcapng,R2,262,2620.5891613960266,0.000906553294043988,0.03083251416683197,0.960760235786438,0.00558137521147728,0.0019193014595657587,Light_XM
/home/lmy/iot-device-classification/dataset/light_xm/round2_normal/light_xm_r2.pcapng,R2,263,2636.680546283722,3.0210458135115914e-05,0.0003406974719837308,0.9946703314781189,0.004893084056675434,6.57120326650329e-05,Light_XM
/home/lmy/iot-device-classification/dataset/light_xm/round2_normal/light_xm_r2.pcapng,R2,264,2644.0443754196167,2.3872742531239055e-05,0.0005084361764602363,0.9967042803764343,0.0026808895636349916,8.248111407738179e-05,Light_XM
/home/lmy/iot-device-classification/dataset/light_xm/round2_normal/light_xm_r2.pcapng,R2,265,2651.8777618408203,0.008273671381175518,0.21097297966480255,0.3176095187664032,0.4542847275733948,0.008859093300998211,Light_XM
/home/lmy/iot-device-classification/dataset/light_xm/round2_normal/light_xm_r2.pcapng,R2,266,2660.6349222660065,0.00029668689239770174,0.00441094720736146,0.9937748908996582,0.0013467947719618678,0.0001706419134279713,Light_XM
/home/lmy/iot-device-classification/dataset/light_xm/round2_normal/light_xm_r2.pcapng,R2,267,2670.0068638324738,8.553502993891016e-05,0.0006834242376498878,0.998216450214386,0.0009201127686537802,9.44627245189622e-05,Light_XM
/home/lmy/iot-device-classification/dataset/light_xm/round2_normal/light_xm_r2.pcapng,R2,268,2682.1672122478485,0.0016343498136848211,0.019400371238589287,0.8322502970695496,0.1421404927968979,0.004574468359351158,Light_XM
/home/lmy/iot-device-classification/dataset/light_xm/round2_normal/light_xm_r2.pcapng,R2,269,2691.884984254837,0.0003030865336768329,0.006500330287963152,0.0695994645357132,0.923309862613678,0.00028730076155625284,Light_XM
/home/lmy/iot-device-classification/dataset/light_xm/round2_normal/light_xm_r2.pcapng,R2,270,2700.1763372421265,3.08166527247522e-05,0.00022045006335247308,0.999376118183136,0.0003399249108042568,3.268555155955255e-05,Light_XM
/home/lmy/iot-device-classification/dataset/light_xm/round2_normal/light_xm_r2.pcapng,R2,271,2710.049780845642,0.00040633941534906626,0.008136113174259663,0.9862073659896851,0.004282273817807436,0.0009678639471530914,Light_XM
/home/lmy/iot-device-classification/dataset/light_xm/round2_normal/light_xm_r2.pcapng,R2,272,2728.156874895096,0.001226311200298369,0.009549875743687153,0.17775142192840576,0.8093408346176147,0.002131579676643014,Light_XM
/home/lmy/iot-device-classification/dataset/light_xm/round2_normal/light_xm_r2.pcapng,R2,273,2730.308806657791,4.445015292731114e-05,0.0008573242812417448,0.9953339695930481,0.0035899830982089043,0.0001742336608003825,Light_XM
/home/lmy/iot-device-classification/dataset/light_xm/round2_normal/light_xm_r2.pcapng,R2,274,2740.202795267105,0.0005704052746295929,0.006837422959506512,0.9807564616203308,0.010652768425643444,0.0011830090079456568,Light_XM
/home/lmy/iot-device-classification/dataset/light_xm/round2_normal/light_xm_r2.pcapng,R2,275,2750.177409172058,4.072712908964604e-05,8.911153418011963e-05,0.9996784925460815,0.00017730430408846587,1.4360067325469572e-05,Light_XM
/home/lmy/iot-device-classification/dataset/light_xm/round2_normal/light_xm_r2.pcapng,R2,276,2760.05424952507,0.00012366751616355032,0.0005005678976885974,0.9875349998474121,0.01176593266427517,7.490405550925061e-05,Light_XM
/home/lmy/iot-device-classification/dataset/light_xm/round2_normal/light_xm_r2.pcapng,R2,277,2770.0629708766937,0.0014251349493861198,0.019674520939588547,0.5789772272109985,0.3958445191383362,0.004078567959368229,Light_XM
/home/lmy/iot-device-classification/dataset/light_xm/round2_normal/light_xm_r2.pcapng,R2,278,2780.078015089035,0.0001172410775325261,0.0009506104979664087,0.996436595916748,0.0024346131831407547,6.0967890021856874e-05,Light_XM
/home/lmy/iot-device-classification/dataset/light_xm/round2_normal/light_xm_r2.pcapng,R2,279,2790.0362265110016,0.00012825529847759753,0.0002740834897849709,0.9972714781761169,0.0022196792997419834,0.00010644943540683016,Light_XM
/home/lmy/iot-device-classification/dataset/light_xm/round2_normal/light_xm_r2.pcapng,R2,280,2800.1115260124207,0.0002977387048304081,0.005525718908756971,0.8471447825431824,0.14610841870307922,0.0009233183227479458,Light_XM
/home/lmy/iot-device-classification/dataset/light_xm/round2_normal/light_xm_r2.pcapng,R2,281,2810.17089343071,1.966042327694595e-05,5.26468938915059e-05,0.9989272952079773,0.0009800813859328628,2.027756636380218e-05,Light_XM
/home/lmy/iot-device-classification/dataset/light_xm/round2_normal/light_xm_r2.pcapng,R2,282,2820.2237465381622,5.387234705267474e-05,0.0008012806647457182,0.9973089694976807,0.0017468738369643688,8.903683919925243e-05,Light_XM
/home/lmy/iot-device-classification/dataset/light_xm/round2_normal/light_xm_r2.pcapng,R2,283,2830.311231136322,0.0004385708016343415,0.002954174065962434,0.28628653287887573,0.70986407995224,0.00045663773198612034,Light_XM
/home/lmy/iot-device-classification/dataset/light_xm/round2_normal/light_xm_r2.pcapng,R2,284,2840.345153093338,4.404177161632106e-05,0.00013641845725942403,0.9983616471290588,0.0014096989762037992,4.815281499759294e-05,Light_XM
/home/lmy/iot-device-classification/dataset/light_xm/round2_normal/light_xm_r2.pcapng,R2,285,2850.404805421829,4.409855682752095e-05,0.000168076905538328,0.9497497081756592,0.04996159300208092,7.656039815628901e-05,Light_XM
/home/lmy/iot-device-classification/dataset/light_xm/round2_normal/light_xm_r2.pcapng,R2,286,2860.492600440979,0.0004660345148295164,0.012529670260846615,0.2248063087463379,0.7606234550476074,0.0015745144337415695,Light_XM
/home/lmy/iot-device-classification/dataset/light_xm/round2_normal/light_xm_r2.pcapng,R2,287,2870.5660679340363,3.750966425286606e-05,8.597256965003908e-05,0.9962612986564636,0.0035718544386327267,4.33912209700793e-05,Light_XM
/home/lmy/iot-device-classification/dataset/light_xm/round2_normal/light_xm_r2.pcapng,R2,288,2880.625625371933,0.001336822402663529,0.11800438910722733,0.868668794631958,0.0104072829708457,0.0015826665330678225,Light_XM
/home/lmy/iot-device-classification/dataset/light_xm/round2_normal/light_xm_r2.pcapng,R2,289,2890.683032274246,0.00025495878071524203,0.002492747036740184,0.9390329122543335,0.05745628476142883,0.0007631047046743333,Light_XM
/home/lmy/iot-device-classification/dataset/light_xm/round2_normal/light_xm_r2.pcapng,R2,290,2900.732597351074,2.345275424886495e-05,0.0003447897033765912,0.9992161989212036,0.00039121657027862966,2.4328699510078877e-05,Light_XM
/home/lmy/iot-device-classification/dataset/light_xm/round2_normal/light_xm_r2.pcapng,R2,291,2910.824589729309,2.2484569853986613e-05,0.00010090733121614903,0.9977454543113708,0.0020924624986946583,3.8620968553004786e-05,Light_XM
/home/lmy/iot-device-classification/dataset/light_xm/round2_normal/light_xm_r2.pcapng,R2,292,2920.870623588562,0.0005486630834639072,0.0031342345755547285,0.10460304468870163,0.8912057876586914,0.0005082720890641212,Light_XM
/home/lmy/iot-device-classification/dataset/light_xm/round2_normal/light_xm_r2.pcapng,R2,293,2931.011352777481,1.656730455579236e-05,0.00016557898197788745,0.9996854066848755,0.00011669550440274179,1.576886461407412e-05,Light_XM
/home/lmy/iot-device-classification/dataset/light_xm/round2_normal/light_xm_r2.pcapng,R2,294,2940.99509716034,3.094693602179177e-05,0.00022892915876582265,0.999480664730072,0.0002200666640419513,3.9454534999094903e-05,Light_XM
/home/lmy/iot-device-classification/dataset/light_xm/round2_normal/light_xm_r2.pcapng,R2,295,2951.1085319519043,0.001702748122625053,0.11193764954805374,0.09651897102594376,0.7830296754837036,0.0068109179846942425,Light_XM
/home/lmy/iot-device-classification/dataset/light_xm/round2_normal/light_xm_r2.pcapng,R2,296,2961.138027906418,0.00010705895692808554,0.0001264165184693411,0.9893614649772644,0.010351498611271381,5.360045543056913e-05,Light_XM
/home/lmy/iot-device-classification/dataset/light_xm/round2_normal/light_xm_r2.pcapng,R2,297,2971.277267217636,2.6913505280390382e-05,0.000254772457992658,0.9996082186698914,8.676392462803051e-05,2.3379177946480922e-05,Light_XM
/home/lmy/iot-device-classification/dataset/light_xm/round2_normal/light_xm_r2.pcapng,R2,298,2981.281041622162,0.0003898702852893621,0.0036958393175154924,0.9912817478179932,0.004241059999912977,0.0003914195403922349,Light_XM
/home/lmy/iot-device-classification/dataset/light_xm/round2_normal/light_xm_r2.pcapng,R2,299,2991.475614786148,0.0007004398503340781,0.022296210750937462,0.9415584802627563,0.03446508198976517,0.0009797938400879502,Light_XM
/home/lmy/iot-device-classification/dataset/light_xm/round2_normal/light_xm_r2.pcapng,R2,300,3001.4458496570587,0.00013367833162192255,0.0008595211547799408,0.9774214029312134,0.021433884277939796,0.00015149313549045473,Light_XM
/home/lmy/iot-device-classification/dataset/light_xm/round2_normal/light_xm_r2.pcapng,R2,301,3011.50253200531,0.00023092915944289416,0.0051912060007452965,0.2925921082496643,0.7014815211296082,0.000504173687659204,Light_XM
/home/lmy/iot-device-classification/dataset/light_xm/round2_normal/light_xm_r2.pcapng,R2,302,3021.584065437317,5.5285407142946497e-05,0.00039841534453444183,0.9977421760559082,0.0017197178676724434,8.44203750602901e-05,Light_XM
/home/lmy/iot-device-classification/dataset/light_xm/round2_normal/light_xm_r2.pcapng,R2,303,3031.6170179843903,9.453131497139111e-05,0.0002991456422023475,0.9980851411819458,0.0014106457820162177,0.00011051629553548992,Light_XM
/home/lmy/iot-device-classification/dataset/light_xm/round2_normal/light_xm_r2.pcapng,R2,304,3041.6646020412445,0.00016138395585585386,0.006789711769670248,0.012244381941854954,0.9804080724716187,0.0003964673960581422,Light_XM
/home/lmy/iot-device-classification/dataset/light_xm/round2_normal/light_xm_r2.pcapng,R2,305,3051.750479698181,0.00012762942060362548,0.00045213146950118244,0.9981454610824585,0.0011460294481366873,0.00012881186557933688,Light_XM
/home/lmy/iot-device-classification/dataset/light_xm/round2_normal/light_xm_r2.pcapng,R2,306,3061.872005939484,9.294692426919937e-05,0.0005567855550907552,0.9974393844604492,0.0018272486049681902,8.367683767573908e-05,Light_XM
/home/lmy/iot-device-classification/dataset/light_xm/round2_normal/light_xm_r2.pcapng,R2,307,3071.900321483612,0.0008486317237839103,0.02634264901280403,0.246695876121521,0.7252235412597656,0.0008892660262063146,Light_XM
/home/lmy/iot-device-classification/dataset/light_xm/round2_normal/light_xm_r2.pcapng,R2,308,3081.937094449997,0.00013891771959606558,0.0005185985937714577,0.9972831010818481,0.0019466347293928266,0.00011275011638645083,Light_XM
/home/lmy/iot-device-classification/dataset/light_xm/round2_normal/light_xm_r2.pcapng,R2,309,3091.957583665848,0.0006061585736460984,0.009448331780731678,0.9205749034881592,0.06799150258302689,0.0013791467063128948,Light_XM
/home/lmy/iot-device-classification/dataset/light_xm/round2_normal/light_xm_r2.pcapng,R2,310,3102.062719345093,0.000635770324151963,0.0025062020868062973,0.9118922352790833,0.08407465368509293,0.000891150557436049,Light_XM
/home/lmy/iot-device-classification/dataset/light_xm/round2_normal/light_xm_r2.pcapng,R2,311,3111.959956407547,2.1980615201755427e-05,7.954359170980752e-05,0.9973825812339783,0.0024841378908604383,3.1717747333459556e-05,Light_XM
/home/lmy/iot-device-classification/dataset/light_xm/round2_normal/light_xm_r2.pcapng,R2,312,3122.318622589112,1.7792923244996928e-05,0.00045295432209968567,0.9992361068725586,0.0002679260796867311,2.519260669942014e-05,Light_XM
/home/lmy/iot-device-classification/dataset/light_xm/round2_normal/light_xm_r2.pcapng,R2,313,3132.267417192459,8.441095269517973e-05,0.005514881573617458,0.003126173745840788,0.9908872842788696,0.0003872890956699848,Light_XM
/home/lmy/iot-device-classification/dataset/light_xm/round2_normal/light_xm_r2.pcapng,R2,314,3142.307316303253,7.638685201527551e-05,0.0009392424253746867,0.9979898929595947,0.0009077918366529047,8.668518421472982e-05,Light_XM
/home/lmy/iot-device-classification/dataset/light_xm/round2_normal/light_xm_r2.pcapng,R2,315,3152.4144802093506,5.011626853956841e-05,0.0011519654653966427,0.9976511597633362,0.0010772607056424022,6.955712160561234e-05,Light_XM
/home/lmy/iot-device-classification/dataset/light_xm/round2_normal/light_xm_r2.pcapng,R2,316,3162.5015094280243,0.0008374003227800131,0.027239955961704254,0.19978947937488556,0.7701324820518494,0.0020006857812404633,Light_XM
/home/lmy/iot-device-classification/dataset/light_xm/round2_normal/light_xm_r2.pcapng,R2,317,3172.5355927944183,2.6791503842105158e-05,0.00014022518007550389,0.9989896416664124,0.0008223503828048706,2.0926443539792672e-05,Light_XM
/home/lmy/iot-device-classification/dataset/light_xm/round2_normal/light_xm_r2.pcapng,R2,318,3182.6463646888733,2.621732528496068e-05,8.138010889524594e-05,0.9985231757164001,0.0013270844938233495,4.2115050746360794e-05,Light_XM
/home/lmy/iot-device-classification/dataset/light_xm/round2_normal/light_xm_r2.pcapng,R2,319,3192.684433221817,0.7241395115852356,0.006364437751471996,0.2144668698310852,0.05379469320178032,0.0012344657443463802,Light_XM
/home/lmy/iot-device-classification/dataset/light_xm/round2_normal/light_xm_r2.pcapng,R2,320,3202.762677907944,3.987018499174155e-05,0.00017575117817614228,0.9981964230537415,0.001555538852699101,3.241296508349478e-05,Light_XM
/home/lmy/iot-device-classification/dataset/light_xm/round2_normal/light_xm_r2.pcapng,R2,321,3212.859755516052,8.81868036231026e-05,0.0006099396850913763,0.9967215657234192,0.0025112584698945284,6.902481254655868e-05,Light_XM
/home/lmy/iot-device-classification/dataset/light_xm/round2_normal/light_xm_r2.pcapng,R2,322,3222.8548934459686,0.0010713405208662152,0.0357762835919857,0.09054619818925858,0.869269847869873,0.003336274065077305,Light_XM
/home/lmy/iot-device-classification/dataset/light_xm/round2_normal/light_xm_r2.pcapng,R2,323,3232.938750743866,0.00018406432354822755,0.0008878892404027283,0.9967040419578552,0.002109327120706439,0.00011463263945188373,Light_XM
/home/lmy/iot-device-classification/dataset/light_xm/round2_normal/light_xm_r2.pcapng,R2,324,3243.014138698578,0.000190682229003869,0.0036399890668690205,0.9760705232620239,0.019752586260437965,0.00034613945172168314,Light_XM
/home/lmy/iot-device-classification/dataset/light_xm/round2_normal/light_xm_r2.pcapng,R2,325,3253.0879855155945,0.0008704601204954088,0.019324790686368942,0.8903440833091736,0.08780590444803238,0.0016548073617741466,Light_XM
/home/lmy/iot-device-classification/dataset/light_xm/round2_normal/light_xm_r2.pcapng,R2,326,3263.1271574497223,9.234697063220665e-05,0.0007766034104861319,0.9989080429077148,0.00016324984608218074,5.9798621805384755e-05,Light_XM
/home/lmy/iot-device-classification/dataset/light_xm/round2_normal/light_xm_r2.pcapng,R2,327,3272.524531841278,1.329461156274192e-05,9.983051859308034e-05,0.9991016387939453,0.0007594883209094405,2.579433385108132e-05,Light_XM
/home/lmy/iot-device-classification/dataset/light_xm/round2_normal/light_xm_r2.pcapng,R2,328,3283.236911058426,0.000638380297459662,0.008438719436526299,0.9755837917327881,0.014233733527362347,0.00110537838190794,Light_XM
/home/lmy/iot-device-classification/dataset/light_xm/round2_normal/light_xm_r2.pcapng,R2,329,3292.1280171871185,0.0013804672053083777,0.023302502930164337,0.9687781929969788,0.005237382370978594,0.0013014087453484535,Light_XM
/home/lmy/iot-device-classification/dataset/light_xm/round2_normal/light_xm_r2.pcapng,R2,330,3303.40980386734,2.3918835722724907e-05,0.00017858458159025759,0.9978299736976624,0.0019455821020528674,2.192465944972355e-05,Light_XM
/home/lmy/iot-device-classification/dataset/light_xm/round2_normal/light_xm_r2.pcapng,R2,331,3313.4544904232025,0.00024544313782826066,0.015042724087834358,0.015626542270183563,0.9679644107818604,0.0011208500945940614,Light_XM
/home/lmy/iot-device-classification/dataset/light_xm/round2_normal/light_xm_r2.pcapng,R2,332,3323.516639471054,0.00010876112355617806,0.00020002666860818863,0.9968981742858887,0.002728639403358102,6.445235339924693e-05,Light_XM
/home/lmy/iot-device-classification/dataset/light_xm/round2_normal/light_xm_r2.pcapng,R2,333,3333.5944771766663,0.00022257784439716488,0.0035989966709166765,0.9792618751525879,0.016262976452708244,0.0006535846623592079,Light_XM
/home/lmy/iot-device-classification/dataset/light_xm/round2_normal/light_xm_r2.pcapng,R2,334,3343.631558895111,0.0007102116942405701,0.020221643149852753,0.8522390723228455,0.12523452937602997,0.0015945442719385028,Light_XM
/home/lmy/iot-device-classification/dataset/light_xm/round2_normal/light_xm_r2.pcapng,R2,335,3353.7083151340485,4.7631583584006876e-05,0.0003802886640187353,0.9991176724433899,0.00041643439908511937,3.8024929381208494e-05,Light_XM
/home/lmy/iot-device-classification/dataset/light_xm/round2_normal/light_xm_r2.pcapng,R2,336,3363.787456035614,0.0004516795161180198,0.0033043359871953726,0.9692441821098328,0.026427125558257103,0.0005726060480810702,Light_XM
/home/lmy/iot-device-classification/dataset/light_xm/round2_normal/light_xm_r2.pcapng,R2,337,3373.862365245819,0.0008086295565590262,0.012801926583051682,0.7800565958023071,0.20470348000526428,0.0016293188091367483,Light_XM
/home/lmy/iot-device-classification/dataset/light_xm/round2_normal/light_xm_r2.pcapng,R2,338,3383.8984880447388,0.16376005113124847,0.011531655676662922,0.7726354598999023,0.04918130487203598,0.0028915363363921642,Light_XM
/home/lmy/iot-device-classification/dataset/light_xm/round2_normal/light_xm_r2.pcapng,R2,339,3390.0583460330963,2.3454265829059295e-05,5.758323459303938e-05,0.9971891045570374,0.002702781930565834,2.7114045224152505e-05,Light_XM
/home/lmy/iot-device-classification/dataset/light_xm/round2_normal/light_xm_r2.pcapng,R2,340,3404.0607516765594,0.00016442115884274244,0.02623533084988594,0.0046540615148842335,0.9682632684707642,0.0006829433841630816,Light_XM
/home/lmy/iot-device-classification/dataset/light_xm/round2_normal/light_xm_r2.pcapng,R2,341,3414.184970855713,1.8802649719873443e-05,0.00015460376744158566,0.9993525147438049,0.0004544244147837162,1.963076829269994e-05,Light_XM
/home/lmy/iot-device-classification/dataset/light_xm/round2_normal/light_xm_r2.pcapng,R2,342,3424.167196035385,3.29880858771503e-05,0.0006603733636438847,0.997055172920227,0.002192613435909152,5.889344174647704e-05,Light_XM
/home/lmy/iot-device-classification/dataset/light_xm/round2_normal/light_xm_r2.pcapng,R2,343,3434.240665435791,0.0008028196753002703,0.039288368076086044,0.4277627170085907,0.5301405787467957,0.0020055233035236597,Light_XM
/home/lmy/iot-device-classification/dataset/light_xm/round2_normal/light_xm_r2.pcapng,R2,344,3444.3967547416687,3.717857907759026e-05,4.49731269327458e-05,0.9928481578826904,0.007036682218313217,3.294285852462053e-05,Light_XM
/home/lmy/iot-device-classification/dataset/light_xm/round2_normal/light_xm_r2.pcapng,R2,345,3454.0271830558777,0.00012811475608032197,0.0019025723449885845,0.9790709018707275,0.018476979807019234,0.00042139357537962496,Light_XM
/home/lmy/iot-device-classification/dataset/light_xm/round2_normal/light_xm_r2.pcapng,R2,346,3464.270911216736,0.00015673917368985713,0.00359575473703444,0.09915496408939362,0.8967000842094421,0.00039246317464858294,Light_XM
/home/lmy/iot-device-classification/dataset/light_xm/round2_normal/light_xm_r2.pcapng,R2,347,3474.5283274650574,4.598826126311906e-05,0.0008866029093042016,0.9960947632789612,0.0029025173280388117,7.010058470768854e-05,Light_XM
/home/lmy/iot-device-classification/dataset/light_xm/round2_normal/light_xm_r2.pcapng,R2,348,3484.5431480407715,3.4439795854268596e-05,0.0005435532657429576,0.9988884329795837,0.0004860438930336386,4.756881753564812e-05,Light_XM
/home/lmy/iot-device-classification/dataset/light_xm/round2_normal/light_xm_r2.pcapng,R2,349,3494.337672233581,0.000415929825976491,0.04053189978003502,0.029059188440442085,0.9283655285835266,0.001627483288757503,Light_XM
/home/lmy/iot-device-classification/dataset/light_xm/round2_normal/light_xm_r2.pcapng,R2,350,3504.163938760757,7.15914648026228e-05,0.00015170156257227063,0.9918678402900696,0.007861685939133167,4.7147084842436016e-05,Light_XM
/home/lmy/iot-device-classification/dataset/light_xm/round2_normal/light_xm_r2.pcapng,R2,351,3514.095274209976,0.00032336762524209917,0.002879664534702897,0.9825328588485718,0.013828376308083534,0.00043578469194471836,Light_XM
/home/lmy/iot-device-classification/dataset/light_xm/round2_normal/light_xm_r2.pcapng,R2,352,3524.409143447876,0.0004700414719991386,0.015589055605232716,0.43972721695899963,0.5430757403373718,0.001137944171205163,Light_XM
/home/lmy/iot-device-classification/dataset/light_xm/round2_normal/light_xm_r2.pcapng,R2,353,3534.9150738716125,6.362586282193661e-05,0.0010428918758407235,0.9983079433441162,0.0005222858162596822,6.323086563497782e-05,Light_XM
/home/lmy/iot-device-classification/dataset/light_xm/round2_normal/light_xm_r2.pcapng,R2,354,3544.0892815589905,0.00014185848704073578,0.0016437952872365713,0.9921365976333618,0.005914647132158279,0.00016311158833559602,Light_XM
/home/lmy/iot-device-classification/dataset/light_xm/round2_normal/light_xm_r2.pcapng,R2,355,3554.3612942695618,0.0008534560329280794,0.01768513210117817,0.4255310893058777,0.554080605506897,0.0018496919656172395,Light_XM
/home/lmy/iot-device-classification/dataset/light_xm/round2_normal/light_xm_r2.pcapng,R2,356,3565.113913536072,8.376321602554526e-06,8.521396375726908e-05,0.9993268251419067,0.0005550282658077776,2.4536120690754615e-05,Light_XM
/home/lmy/iot-device-classification/dataset/light_xm/round2_normal/light_xm_r2.pcapng,R2,357,3572.51921749115,3.916067362297326e-05,0.00042628124356269836,0.999251663684845,0.00024333149485755712,3.956628643209115e-05,Light_XM
/home/lmy/iot-device-classification/dataset/light_xm/round2_normal/light_xm_r2.pcapng,R2,358,3584.3800823688507,0.004388145171105862,0.11411876976490021,0.5652913451194763,0.3079500198364258,0.008251696825027466,Light_XM
/home/lmy/iot-device-classification/dataset/light_xm/round2_normal/light_xm_r2.pcapng,R2,359,3593.8043570518494,0.00563837168738246,0.19412803649902344,0.5325713157653809,0.25971344113349915,0.007948854006826878,Light_XM
/home/lmy/iot-device-classification/dataset/light_xm/round2_normal/light_xm_r2.pcapng,R2,360,3602.6649763584137,0.0012465027393773198,0.027052056044340134,0.8850917816162109,0.08509139716625214,0.0015182585921138525,Light_XM
/home/lmy/iot-device-classification/dataset/light_xm/round2_normal/light_xm_r2.pcapng,R2,361,3614.419595479965,0.00042857619700953364,0.009933749213814735,0.5261625647544861,0.4622381031513214,0.0012370257172733545,Light_XM
/home/lmy/iot-device-classification/dataset/light_xm/round2_normal/light_xm_r2.pcapng,R2,362,3626.805492401123,0.003422199748456478,0.07441116869449615,0.001242078491486609,0.9203241467475891,0.0006004140013828874,Light_XM
/home/lmy/iot-device-classification/dataset/light_xm/round2_normal/light_xm_r2.pcapng,R2,363,3630.625636339188,0.0004709893837571144,0.0034238407388329506,0.9627349376678467,0.03288724273443222,0.0004829966346733272,Light_XM
/home/lmy/iot-device-classification/dataset/light_xm/round2_normal/light_xm_r2.pcapng,R2,364,3644.452465057373,0.00043060255120508373,0.0003480197046883404,0.00021407751773949713,0.9989873766899109,1.993507430597674e-05,Light_XM
/home/lmy/iot-device-classification/dataset/sensor/round2_normal/sensor_r2.pcapng,R2,0,0.0,0.001937583670951426,0.5533925294876099,0.01567622274160385,0.4282122552394867,0.0007814582204446197,Sensor
/home/lmy/iot-device-classification/dataset/sensor/round2_normal/sensor_r2.pcapng,R2,1,12.231725692749023,0.13555626571178436,0.5822073817253113,0.06987354904413223,0.21007782220840454,0.0022849622182548046,Sensor
/home/lmy/iot-device-classification/dataset/sensor/round2_normal/sensor_r2.pcapng,R2,2,22.19470477104187,6.426360050681978e-05,0.09020654112100601,0.0007837619632482529,0.9087286591529846,0.0002167139173252508,Sensor
/home/lmy/iot-device-classification/dataset/sensor/round2_normal/sensor_r2.pcapng,R2,3,31.93545627593994,1.40591100716847e-05,0.9733490347862244,0.024349644780158997,0.0022478739265352488,3.9373837353195995e-05,Sensor
/home/lmy/iot-device-classification/dataset/sensor/round2_normal/sensor_r2.pcapng,R2,4,41.02510976791382,0.0018743094988167286,0.12648798525333405,0.1796230971813202,0.6899459362030029,0.002068720757961273,Sensor
/home/lmy/iot-device-classification/dataset/sensor/round2_normal/sensor_r2.pcapng,R2,5,50.13455557823181,0.00015694467583671212,0.8737820982933044,0.0020239681471139193,0.12396416813135147,7.283558079507202e-05,Sensor
/home/lmy/iot-device-classification/dataset/sensor/round2_normal/sensor_r2.pcapng,R2,6,61.059731245040894,8.11895642982563e-06,0.9972589015960693,0.000921961443964392,0.0017967898165807128,1.4219293916539755e-05,Sensor
/home/lmy/iot-device-classification/dataset/sensor/round2_normal/sensor_r2.pcapng,R2,7,72.29636287689209,1.0289662895957008e-05,0.9926395416259766,0.0012207182589918375,0.006104731932282448,2.4779872546787374e-05,Sensor
/home/lmy/iot-device-classification/dataset/sensor/round2_normal/sensor_r2.pcapng,R2,8,82.3048255443573,8.379048813367262e-05,0.02869223803281784,0.005983221810311079,0.9650585055351257,0.00018219990306533873,Sensor
/home/lmy/iot-device-classification/dataset/sensor/round2_normal/sensor_r2.pcapng,R2,9,92.31539797782898,0.0010676501551643014,0.6751156449317932,0.0018200501799583435,0.3209664821624756,0.0010302247246727347,Sensor
/home/lmy/iot-device-classification/dataset/sensor/round2_normal/sensor_r2.pcapng,R2,10,100.58269190788268,0.00012389184848871082,0.9840973019599915,0.002238982357084751,0.013495035469532013,4.48198443336878e-05,Sensor
/home/lmy/iot-device-classification/dataset/sensor/round2_normal/sensor_r2.pcapng,R2,11,110.98202657699584,7.509801798732951e-05,0.929050624370575,0.00023867968411650509,0.07057826966047287,5.7309240219183266e-05,Sensor
/home/lmy/iot-device-classification/dataset/sensor/round2_normal/sensor_r2.pcapng,R2,12,122.3495707511902,2.5419327357667498e-05,0.992259681224823,0.0010906729148700833,0.006600028835237026,2.4220871637226082e-05,Sensor
/home/lmy/iot-device-classification/dataset/sensor/round2_normal/sensor_r2.pcapng,R2,13,130.01233792304993,0.019680356606841087,0.9347578883171082,0.002008649054914713,0.043451420962810516,0.00010166129504796118,Sensor
/home/lmy/iot-device-classification/dataset/sensor/round2_normal/sensor_r2.pcapng,R2,14,140.10409450531006,4.59015864180401e-05,0.9001746773719788,0.0005850817542523146,0.09911085665225983,8.353040902875364e-05,Sensor
/home/lmy/iot-device-classification/dataset/sensor/round2_normal/sensor_r2.pcapng,R2,15,152.38108110427856,9.242658416042104e-05,0.7839880585670471,0.00033390583121217787,0.21550296247005463,8.260379399871454e-05,Sensor
/home/lmy/iot-device-classification/dataset/sensor/round2_normal/sensor_r2.pcapng,R2,16,162.39047288894653,0.002314008306711912,0.987633228302002,0.0019564267713576555,0.008053239434957504,4.3109313992317766e-05,Sensor
/home/lmy/iot-device-classification/dataset/sensor/round2_normal/sensor_r2.pcapng,R2,17,170.49036240577698,6.39202116872184e-05,0.011693816632032394,0.0013541218359023333,0.9867788553237915,0.00010927583207376301,Sensor
/home/lmy/iot-device-classification/dataset/sensor/round2_normal/sensor_r2.pcapng,R2,18,181.7045476436615,0.00014328083489090204,0.2577821910381317,0.0006291155586950481,0.7412535548210144,0.000191803730558604,Sensor
/home/lmy/iot-device-classification/dataset/sensor/round2_normal/sensor_r2.pcapng,R2,19,190.02887868881223,0.0012183260405436158,0.10824441909790039,0.0101197250187397,0.8800261616706848,0.00039144247421063483,Sensor
/home/lmy/iot-device-classification/dataset/sensor/round2_normal/sensor_r2.pcapng,R2,20,202.43132066726685,0.0004492431180551648,0.3822147846221924,0.000799474073573947,0.6159992814064026,0.0005372033920139074,Sensor
/home/lmy/iot-device-classification/dataset/sensor/round2_normal/sensor_r2.pcapng,R2,21,212.4412748813629,5.0886577810160816e-05,0.9066498279571533,0.00041638879338279366,0.09278813749551773,9.475971455685794e-05,Sensor
/home/lmy/iot-device-classification/dataset/sensor/round2_normal/sensor_r2.pcapng,R2,22,221.22432684898376,0.0002526033786125481,0.9569491744041443,0.00026857375632971525,0.042501017451286316,2.8644668418564834e-05,Sensor
/home/lmy/iot-device-classification/dataset/sensor/round2_normal/sensor_r2.pcapng,R2,23,231.62305426597595,0.00014135187666397542,0.854788064956665,0.000845978269353509,0.14413432776927948,9.025967301568016e-05,Sensor
/home/lmy/iot-device-classification/dataset/sensor/round2_normal/sensor_r2.pcapng,R2,24,242.46893787384036,0.0002954924129880965,0.08294058591127396,0.00145813322160393,0.9148754477500916,0.0004303520545363426,Sensor
/home/lmy/iot-device-classification/dataset/sensor/round2_normal/sensor_r2.pcapng,R2,25,252.4785759449005,3.1142910302150995e-05,0.9622176885604858,0.021143659949302673,0.01655554585158825,5.196549682295881e-05,Sensor
/home/lmy/iot-device-classification/dataset/sensor/round2_normal/sensor_r2.pcapng,R2,26,262.48790287971497,1.9932849681936204e-05,0.7890350222587585,0.0002442299446556717,0.21065287292003632,4.790570164914243e-05,Sensor
/home/lmy/iot-device-classification/dataset/sensor/round2_normal/sensor_r2.pcapng,R2,27,271.1400830745697,6.251568993320689e-05,0.8441724181175232,0.00011645611812127754,0.15560822188854218,4.039620398543775e-05,Sensor
/home/lmy/iot-device-classification/dataset/sensor/round2_normal/sensor_r2.pcapng,R2,28,282.5055465698242,0.00028861043392680585,0.991392970085144,0.0007398819434456527,0.007544889114797115,3.369215119164437e-05,Sensor
/home/lmy/iot-device-classification/dataset/sensor/round2_normal/sensor_r2.pcapng,R2,29,291.9372820854187,2.5685310902190395e-05,0.8367993235588074,0.0005140203284099698,0.1626029908657074,5.798677739221603e-05,Sensor
/home/lmy/iot-device-classification/dataset/sensor/round2_normal/sensor_r2.pcapng,R2,30,302.5250279903412,0.0001280020660487935,0.5373925566673279,0.0005476591177284718,0.4618068039417267,0.00012497990974225104,Sensor
/home/lmy/iot-device-classification/dataset/sensor/round2_normal/sensor_r2.pcapng,R2,31,312.5336563587189,0.012724190950393677,0.9070167541503906,0.0020589535124599934,0.07808972150087357,0.00011040196841349825,Sensor
/home/lmy/iot-device-classification/dataset/sensor/round2_normal/sensor_r2.pcapng,R2,32,322.15154123306274,0.0003037922433577478,0.44812995195388794,0.19234265387058258,0.3587961196899414,0.00042749702697619796,Sensor
/home/lmy/iot-device-classification/dataset/sensor/round2_normal/sensor_r2.pcapng,R2,33,331.4558804035187,1.9878463717759587e-05,0.6758314371109009,0.00023455290647689253,0.32385995984077454,5.4205229389481246e-05,Sensor
/home/lmy/iot-device-classification/dataset/sensor/round2_normal/sensor_r2.pcapng,R2,34,342.3497862815857,9.48136585066095e-06,0.9957014918327332,0.0007500099600292742,0.0035190077032893896,1.9956689357059076e-05,Sensor
/home/lmy/iot-device-classification/dataset/sensor/round2_normal/sensor_r2.pcapng,R2,35,352.5727677345276,0.00030994703411124647,0.7832803726196289,0.0006364104920066893,0.21557782590389252,0.0001953819883055985,Sensor
/home/lmy/iot-device-classification/dataset/sensor/round2_normal/sensor_r2.pcapng,R2,36,362.5824410915375,0.0005922795971855521,0.1670909970998764,0.000530213990714401,0.8313458561897278,0.00044063388486392796,Sensor
/home/lmy/iot-device-classification/dataset/sensor/round2_normal/sensor_r2.pcapng,R2,37,372.5916764736176,0.00046269866288639605,0.02863135375082493,0.0007531362934969366,0.9700995683670044,5.3249914344633e-05,Sensor
/home/lmy/iot-device-classification/dataset/sensor/round2_normal/sensor_r2.pcapng,R2,38,381.3845255374909,5.632585089188069e-05,0.8723395466804504,0.0002715247683227062,0.12726683914661407,6.577796739293262e-05,Sensor
/home/lmy/iot-device-classification/dataset/sensor/round2_normal/sensor_r2.pcapng,R2,39,390.23874950408936,0.0005309988628141582,0.2487623393535614,0.00021443543664645404,0.7502610087394714,0.00023122668790165335,Sensor
/home/lmy/iot-device-classification/dataset/sensor/round2_normal/sensor_r2.pcapng,R2,40,402.1729271411896,0.002229392295703292,0.6401479244232178,0.01577354222536087,0.3414401113986969,0.0004090221773367375,Sensor
/home/lmy/iot-device-classification/dataset/sensor/round2_normal/sensor_r2.pcapng,R2,41,412.57277607917786,5.786644760519266e-05,0.8028906583786011,0.0006613042205572128,0.19633719325065613,5.2960334869567305e-05,Sensor
/home/lmy/iot-device-classification/dataset/sensor/round2_normal/sensor_r2.pcapng,R2,42,422.6405274868012,7.009404362179339e-05,0.09966036677360535,0.00029821618227288127,0.8998615145683289,0.0001098487337003462,Sensor
/home/lmy/iot-device-classification/dataset/sensor/round2_normal/sensor_r2.pcapng,R2,43,430.4788019657135,1.1816265214292798e-05,0.9311132431030273,0.0004925325629301369,0.06835730373859406,2.51340024988167e-05,Sensor
/home/lmy/iot-device-classification/dataset/sensor/round2_normal/sensor_r2.pcapng,R2,44,442.6610748767853,0.00048107621842063963,0.11163865774869919,0.00043460208689793944,0.887091875076294,0.0003538121818564832,Sensor
/home/lmy/iot-device-classification/dataset/sensor/round2_normal/sensor_r2.pcapng,R2,45,452.0923044681549,7.80162590672262e-05,0.7422353029251099,8.584907482145354e-05,0.25753453373908997,6.632022996200249e-05,Sensor
/home/lmy/iot-device-classification/dataset/sensor/round2_normal/sensor_r2.pcapng,R2,46,462.49242997169495,0.00013543128443416208,0.8545064926147461,0.0006757681258022785,0.1446528136730194,2.956374919449445e-05,Sensor
/home/lmy/iot-device-classification/dataset/sensor/round2_normal/sensor_r2.pcapng,R2,47,470.71716833114624,4.97139262733981e-05,0.8024389743804932,0.00018219384946860373,0.19727063179016113,5.8450365031603724e-05,Sensor
/home/lmy/iot-device-classification/dataset/sensor/round2_normal/sensor_r2.pcapng,R2,48,482.700243473053,3.744573041331023e-05,0.07539607584476471,0.00039409834425896406,0.9241095185279846,6.287806900218129e-05,Sensor
/home/lmy/iot-device-classification/dataset/sensor/round2_normal/sensor_r2.pcapng,R2,49,492.7101972103119,0.00017734126595314592,0.011915722861886024,0.00038516378845088184,0.9874812960624695,4.05018035962712e-05,Sensor
/home/lmy/iot-device-classification/dataset/sensor/round2_normal/sensor_r2.pcapng,R2,50,502.7203652858734,0.0001085130570572801,0.7628530859947205,0.0004553116741590202,0.23649270832538605,9.035944822244346e-05,Sensor
/home/lmy/iot-device-classification/dataset/sensor/round2_normal/sensor_r2.pcapng,R2,51,510.9567174911499,6.704627594444901e-05,0.7066077589988708,0.00025850924430415034,0.2929844260215759,8.228450315073133e-05,Sensor
/home/lmy/iot-device-classification/dataset/sensor/round2_normal/sensor_r2.pcapng,R2,52,522.7427225112915,4.668097972171381e-05,0.8899834156036377,0.0013255458325147629,0.10862048715353012,2.3856548068579286e-05,Sensor
/home/lmy/iot-device-classification/dataset/sensor/round2_normal/sensor_r2.pcapng,R2,53,532.7516090869904,0.0002721414784900844,0.41853800415992737,0.00020782767387572676,0.5807830691337585,0.00019896334561053663,Sensor
/home/lmy/iot-device-classification/dataset/sensor/round2_normal/sensor_r2.pcapng,R2,54,542.7606384754181,0.00011189639917574823,0.32591304183006287,0.00014250438835006207,0.6737449765205383,8.761550270719454e-05,Sensor
/home/lmy/iot-device-classification/dataset/sensor/round2_normal/sensor_r2.pcapng,R2,55,551.1177084445953,3.4993743156519486e-06,0.9650540947914124,0.00031773230875842273,0.03461148217320442,1.326332403550623e-05,Sensor
/home/lmy/iot-device-classification/dataset/sensor/round2_normal/sensor_r2.pcapng,R2,56,562.7820229530334,0.0001546554412925616,0.7282465696334839,0.00018971598183270544,0.27125704288482666,0.00015207139949779958,Sensor
/home/lmy/iot-device-classification/dataset/sensor/round2_normal/sensor_r2.pcapng,R2,57,572.7918756008148,0.00020639310241676867,0.033209580928087234,0.00039617574657313526,0.9660369753837585,0.00015090512169990689,Sensor
/home/lmy/iot-device-classification/dataset/sensor/round2_normal/sensor_r2.pcapng,R2,58,582.8039767742157,2.9703665859415196e-05,0.6266691088676453,8.940922998590395e-05,0.37317758798599243,3.421545625315048e-05,Sensor
/home/lmy/iot-device-classification/dataset/sensor/round2_normal/sensor_r2.pcapng,R2,59,591.4383327960968,0.0001072059094440192,0.761322557926178,9.206407412420958e-05,0.23842252790927887,5.5693803005851805e-05,Sensor
/home/lmy/iot-device-classification/dataset/sensor/round2_normal/sensor_r2.pcapng,R2,60,602.8227722644806,3.371383354533464e-05,0.4462430477142334,0.00017521969857625663,0.5534985661506653,4.9424539611209184e-05,Sensor
/home/lmy/iot-device-classification/dataset/sensor/round2_normal/sensor_r2.pcapng,R2,61,612.832789182663,3.733453559107147e-05,0.7050347924232483,0.0002041552943410352,0.2947043776512146,1.935713953571394e-05,Sensor
/home/lmy/iot-device-classification/dataset/sensor/round2_normal/sensor_r2.pcapng,R2,62,622.137327671051,4.1593149944674224e-05,0.9883514046669006,0.00863728765398264,0.0029364507645368576,3.3201042242581025e-05,Sensor
/home/lmy/iot-device-classification/dataset/sensor/round2_normal/sensor_r2.pcapng,R2,63,632.239795923233,8.107058965833858e-05,0.8692705035209656,4.2484854930080473e-05,0.13054409623146057,6.181599019328132e-05,Sensor
/home/lmy/iot-device-classification/dataset/sensor/round2_normal/sensor_r2.pcapng,R2,64,642.4123089313507,2.895789293688722e-05,0.9878004789352417,0.00040725458529777825,0.011730124242603779,3.319953248137608e-05,Sensor
/home/lmy/iot-device-classification/dataset/sensor/round2_normal/sensor_r2.pcapng,R2,65,650.3996846675873,3.424903115956113e-05,0.959037721157074,0.0003578666946850717,0.04050810635089874,6.200622010510415e-05,Sensor
/home/lmy/iot-device-classification/dataset/sensor/round2_normal/sensor_r2.pcapng,R2,66,661.9181847572327,1.9709928892552853e-05,0.8203830122947693,4.422068741405383e-05,0.17952589690685272,2.7219084586249664e-05,Sensor
/home/lmy/iot-device-classification/dataset/sensor/round2_normal/sensor_r2.pcapng,R2,67,672.8934950828552,5.78052686250885e-06,0.3292390704154968,0.00011141210416099057,0.670632541179657,1.1142618859594222e-05,Sensor
/home/lmy/iot-device-classification/dataset/sensor/round2_normal/sensor_r2.pcapng,R2,68,682.9021186828613,0.00011426462151575834,0.017893189564347267,0.00031457567820325494,0.9815961718559265,8.178336429409683e-05,Sensor
/home/lmy/iot-device-classification/dataset/sensor/round2_normal/sensor_r2.pcapng,R2,69,692.9119896888733,0.00016599436639808118,0.1639208048582077,0.0003793725336436182,0.8352909088134766,0.00024288063286803663,Sensor
/home/lmy/iot-device-classification/dataset/sensor/round2_normal/sensor_r2.pcapng,R2,70,702.2385060787201,0.00016328136553056538,0.9238886833190918,0.007874250411987305,0.06800955533981323,6.423956074286252e-05,Sensor
/home/lmy/iot-device-classification/dataset/sensor/round2_normal/sensor_r2.pcapng,R2,71,712.9324824810028,8.96587735041976e-05,0.3847859501838684,0.00018550694221630692,0.6148257851600647,0.00011307501699775457,Sensor
/home/lmy/iot-device-classification/dataset/sensor/round2_normal/sensor_r2.pcapng,R2,72,722.9446935653687,2.826000672939699e-05,0.42945870757102966,7.388558151433244e-05,0.5703927874565125,4.6345059672603384e-05,Sensor
/home/lmy/iot-device-classification/dataset/sensor/round2_normal/sensor_r2.pcapng,R2,73,732.9527766704559,9.165175470116083e-06,0.9870045781135559,0.00033412419725209475,0.012633307836949825,1.886031895992346e-05,Sensor
/home/lmy/iot-device-classification/dataset/sensor/round2_normal/sensor_r2.pcapng,R2,74,740.5281891822815,8.801719559414778e-06,0.9981673955917358,0.0009090718813240528,0.0008954351651482284,1.932118357217405e-05,Sensor
/home/lmy/iot-device-classification/dataset/sensor/round2_normal/sensor_r2.pcapng,R2,75,752.9729859828949,0.00024480794672854245,0.7161337733268738,0.00019690889166668057,0.2832452058792114,0.00017927734006661922,Sensor
/home/lmy/iot-device-classification/dataset/sensor/round2_normal/sensor_r2.pcapng,R2,76,762.9843528270721,0.0003518325393088162,0.2803623378276825,0.0022593524772673845,0.7168627381324768,0.0001637094683246687,Sensor
/home/lmy/iot-device-classification/dataset/sensor/round2_normal/sensor_r2.pcapng,R2,77,770.6973631381989,4.326192720327526e-05,0.4437059760093689,0.00018349665333516896,0.5560343265533447,3.291890971013345e-05,Sensor
/home/lmy/iot-device-classification/dataset/sensor/round2_normal/sensor_r2.pcapng,R2,78,782.7180740833282,6.694281182717532e-05,0.7244032025337219,0.00014448055298998952,0.2752976715564728,8.769860141910613e-05,Sensor
/home/lmy/iot-device-classification/dataset/sensor/round2_normal/sensor_r2.pcapng,R2,79,793.0122995376587,0.0007099963258951902,0.9759308695793152,0.008280603215098381,0.014964442700147629,0.00011409068247303367,Sensor
/home/lmy/iot-device-classification/dataset/sensor/round2_normal/sensor_r2.pcapng,R2,80,803.021938085556,0.00026139692636206746,0.46171054244041443,0.0002754085580818355,0.5375713109970093,0.00018136318249162287,Sensor
/home/lmy/iot-device-classification/dataset/sensor/round2_normal/sensor_r2.pcapng,R2,81,813.0429999828339,0.00017848334391601384,0.3250071406364441,0.00021177278540562838,0.6744360327720642,0.00016652984777465463,Sensor
/home/lmy/iot-device-classification/dataset/sensor/round2_normal/sensor_r2.pcapng,R2,82,823.0380578041077,8.993592018669005e-06,0.9833021759986877,0.0002593976096250117,0.01641211099922657,1.7303194908890873e-05,Sensor
/home/lmy/iot-device-classification/dataset/sensor/round2_normal/sensor_r2.pcapng,R2,83,833.0527613162994,2.1736414055339992e-05,0.9479510188102722,8.92962416401133e-05,0.051904406398534775,3.359593392815441e-05,Sensor
/home/lmy/iot-device-classification/dataset/sensor/round2_normal/sensor_r2.pcapng,R2,84,843.0621116161346,3.404286326258443e-05,0.9145093560218811,0.00014951131015550345,0.08524955064058304,5.755089296144433e-05,Sensor
/home/lmy/iot-device-classification/dataset/sensor/round2_normal/sensor_r2.pcapng,R2,85,853.0723254680634,3.4760752896545455e-05,0.9740809798240662,0.000498058449011296,0.025358667597174644,2.7568230507313274e-05,Sensor
/home/lmy/iot-device-classification/dataset/sensor/round2_normal/sensor_r2.pcapng,R2,86,863.0827257633209,3.095091233262792e-05,0.9803086519241333,6.966825458221138e-05,0.019558558240532875,3.216636832803488e-05,Sensor
/home/lmy/iot-device-classification/dataset/sensor/round2_normal/sensor_r2.pcapng,R2,87,873.0945248603821,3.859323260257952e-05,0.8877261281013489,0.0003886827907990664,0.11175142228603363,9.515693818684667e-05,Sensor
/home/lmy/iot-device-classification/dataset/sensor/round2_normal/sensor_r2.pcapng,R2,88,883.1016252040863,7.952089072205126e-05,0.9877744317054749,0.00015317604993470013,0.011976704001426697,1.6225192666752264e-05,Sensor
/home/lmy/iot-device-classification/dataset/sensor/round2_normal/sensor_r2.pcapng,R2,89,893.1124033927917,0.0022269017063081264,0.6652100086212158,0.0016852215630933642,0.3306276798248291,0.0002501869457773864,Sensor
/home/lmy/iot-device-classification/dataset/sensor/round2_normal/sensor_r2.pcapng,R2,90,903.1222839355468,0.0006275364430621266,0.2295747995376587,0.0007210205658338964,0.7686120271682739,0.0004646137822419405,Sensor
/home/lmy/iot-device-classification/dataset/sensor/round2_normal/sensor_r2.pcapng,R2,91,913.1319596767426,6.816230325057404e-06,0.9966676831245422,0.00037590693682432175,0.0029326702933758497,1.6892130588530563e-05,Sensor
/home/lmy/iot-device-classification/dataset/sensor/round2_normal/sensor_r2.pcapng,R2,92,922.1348292827606,6.754606874892488e-05,0.9779531359672546,0.00956607423722744,0.012327742762863636,8.54927275213413e-05,Sensor
/home/lmy/iot-device-classification/dataset/sensor/round2_normal/sensor_r2.pcapng,R2,93,933.1514210700988,0.0002718741015996784,0.8831176161766052,0.00032775188446976244,0.11614879220724106,0.00013396688154898584,Sensor
/home/lmy/iot-device-classification/dataset/sensor/round2_normal/sensor_r2.pcapng,R2,94,942.3550815582277,2.987062089232495e-06,0.9945046305656433,0.00013997209316585213,0.005345695652067661,6.744416168658063e-06,Sensor
/home/lmy/iot-device-classification/dataset/sensor/round2_normal/sensor_r2.pcapng,R2,95,953.1718587875366,1.6779567886260338e-05,0.3478163182735443,0.0001961761008715257,0.6519132852554321,5.747448813053779e-05,Sensor
/home/lmy/iot-device-classification/dataset/sensor/round2_normal/sensor_r2.pcapng,R2,96,963.187185049057,9.869229688774794e-05,0.6534121632575989,0.0006395065574906766,0.3457581102848053,9.15067721507512e-05,Sensor
/home/lmy/iot-device-classification/dataset/sensor/round2_normal/sensor_r2.pcapng,R2,97,971.8347039222716,0.0004123719991184771,0.9907302260398865,0.0013823920162394643,0.007427125237882137,4.7839635954005644e-05,Sensor
/home/lmy/iot-device-classification/dataset/sensor/round2_normal/sensor_r2.pcapng,R2,98,980.4113380908966,5.6882945500547066e-05,0.893775463104248,0.00037718663224950433,0.10574498027563095,4.555945997708477e-05,Sensor
/home/lmy/iot-device-classification/dataset/sensor/round2_normal/sensor_r2.pcapng,R2,99,993.2116060256958,0.00044441281352192163,0.08302315324544907,0.0014202229212969542,0.9149343967437744,0.00017787094111554325,Sensor
/home/lmy/iot-device-classification/dataset/sensor/round2_normal/sensor_r2.pcapng,R2,100,1003.222226381302,0.0038009611889719963,0.965732991695404,0.0013191069010645151,0.02906387858092785,8.303594222525135e-05,Sensor
/home/lmy/iot-device-classification/dataset/sensor/round2_normal/sensor_r2.pcapng,R2,101,1013.2331926822662,7.737708983768243e-06,0.9872592091560364,0.00010285606549587101,0.012605843134224415,2.4331360691576265e-05,Sensor
/home/lmy/iot-device-classification/dataset/sensor/round2_normal/sensor_r2.pcapng,R2,102,1023.2424399852752,0.0004170890315435827,0.618543267250061,0.00039980182191357017,0.3803565502166748,0.00028332610963843763,Sensor
/home/lmy/iot-device-classification/dataset/sensor/round2_normal/sensor_r2.pcapng,R2,103,1033.2531135082245,6.281535661400994e-06,0.9959490299224854,9.753544873092324e-05,0.003934905864298344,1.2206665815028828e-05,Sensor
/home/lmy/iot-device-classification/dataset/sensor/round2_normal/sensor_r2.pcapng,R2,104,1043.263772726059,0.00014055159408599138,0.9683094620704651,0.02674875780940056,0.004690534435212612,0.00011067111336160451,Sensor
/home/lmy/iot-device-classification/dataset/sensor/round2_normal/sensor_r2.pcapng,R2,105,1053.2732281684875,3.2259114959742874e-05,0.9207015037536621,0.0002786937984637916,0.0789046362042427,8.292166603496298e-05,Sensor
/home/lmy/iot-device-classification/dataset/sensor/round2_normal/sensor_r2.pcapng,R2,106,1063.2834527492523,0.013359970413148403,0.9629133343696594,0.005006736144423485,0.01860610581934452,0.00011384247773094103,Sensor
/home/lmy/iot-device-classification/dataset/sensor/round2_normal/sensor_r2.pcapng,R2,107,1073.2963104248047,8.612189412815496e-05,0.4283069372177124,0.00035358633613213897,0.5711385607719421,0.00011474965867819265,Sensor
/home/lmy/iot-device-classification/dataset/sensor/round2_normal/sensor_r2.pcapng,R2,108,1082.3359315395355,0.001209488371387124,0.5297605991363525,0.0032748940866440535,0.46475842595100403,0.000996628776192665,Sensor
/home/lmy/iot-device-classification/dataset/sensor/round2_normal/sensor_r2.pcapng,R2,109,1090.132818698883,0.0003397442924324423,0.9904554486274719,0.001536916708573699,0.0076261707581579685,4.1702289308886975e-05,Sensor
/home/lmy/iot-device-classification/dataset/sensor/round2_normal/sensor_r2.pcapng,R2,110,1103.3248331546783,0.00017307049711234868,0.8316535949707031,0.0002446823928039521,0.16775724291801453,0.00017137288523372263,Sensor
/home/lmy/iot-device-classification/dataset/sensor/round2_normal/sensor_r2.pcapng,R2,111,1113.3345754146576,3.389179983059876e-05,0.6948590874671936,0.0003615128807723522,0.30468565225601196,5.981216600048356e-05,Sensor
/home/lmy/iot-device-classification/dataset/sensor/round2_normal/sensor_r2.pcapng,R2,112,1123.345861673355,1.32977820612723e-05,0.979941725730896,0.00045724341180175543,0.01956222765147686,2.5509094484732486e-05,Sensor
/home/lmy/iot-device-classification/dataset/sensor/round2_normal/sensor_r2.pcapng,R2,113,1133.3565616607666,4.683441511588171e-05,0.9875072240829468,0.0017379445489495993,0.010668576695024967,3.9400823879987e-05,Sensor
/home/lmy/iot-device-classification/dataset/sensor/round2_normal/sensor_r2.pcapng,R2,114,1143.365463256836,0.0006715604686178267,0.5520298480987549,0.0029007524717599154,0.44333842396736145,0.0010593989863991737,Sensor
/home/lmy/iot-device-classification/dataset/sensor/round2_normal/sensor_r2.pcapng,R2,115,1150.0370435714722,0.00018603508942760527,0.9886640906333923,0.004306308459490538,0.006789395119994879,5.416625572252087e-05,Sensor
/home/lmy/iot-device-classification/dataset/sensor/round2_normal/sensor_r2.pcapng,R2,116,1160.037424325943,0.00016188304289244115,0.9504315853118896,0.04460800439119339,0.004687072243541479,0.00011142687435494736,Sensor
/home/lmy/iot-device-classification/dataset/sensor/round2_normal/sensor_r2.pcapng,R2,117,1170.1366801261902,3.358917820150964e-05,0.38632771372795105,7.219873805297539e-05,0.6135240197181702,4.243353760102764e-05,Sensor
/home/lmy/iot-device-classification/dataset/sensor/round2_normal/sensor_r2.pcapng,R2,118,1180.037889957428,0.00033060816349461675,0.9443211555480957,0.0005264664650894701,0.05478310585021973,3.860159631585702e-05,Sensor
/home/lmy/iot-device-classification/dataset/sensor/round2_normal/sensor_r2.pcapng,R2,119,1190.2378754615784,9.435808897251263e-05,0.7041571140289307,0.000227031487156637,0.29543033242225647,9.119041351368651e-05,Sensor
/home/lmy/iot-device-classification/dataset/sensor/round2_normal/sensor_r2.pcapng,R2,120,1200.337159156799,5.3169147577136755e-05,0.6938249468803406,0.0002879949170164764,0.3057703673839569,6.351763295242563e-05,Sensor
/home/lmy/iot-device-classification/dataset/sensor/round2_normal/sensor_r2.pcapng,R2,121,1210.437654256821,3.327735248603858e-05,0.9352350831031799,0.0045676445588469505,0.060093946754932404,6.998516619205475e-05,Sensor
/home/lmy/iot-device-classification/dataset/sensor/round2_normal/sensor_r2.pcapng,R2,122,1220.3922095298767,0.0002840023080352694,0.8553938269615173,0.10929135978221893,0.03479433432221413,0.00023646530462428927,Sensor
/home/lmy/iot-device-classification/dataset/sensor/round2_normal/sensor_r2.pcapng,R2,123,1230.5384831428528,2.359466270718258e-05,0.8073713183403015,0.0007644594879820943,0.19178952276706696,5.111692735226825e-05,Sensor
/home/lmy/iot-device-classification/dataset/sensor/round2_normal/sensor_r2.pcapng,R2,124,1240.437581539154,0.0005801359075121582,0.9956667423248291,0.0026438431814312935,0.0010288769844919443,8.03308212198317e-05,Sensor
/home/lmy/iot-device-classification/dataset/sensor/round2_normal/sensor_r2.pcapng,R2,125,1250.5406119823456,6.0170088545419276e-05,0.9686722755432129,0.0026063553523272276,0.028591034933924675,7.019403710728511e-05,Sensor
/home/lmy/iot-device-classification/dataset/sensor/round2_normal/sensor_r2.pcapng,R2,126,1260.6372423171997,0.00022801656450610608,0.8816043138504028,0.0005202908650971949,0.11759744584560394,4.9921683967113495e-05,Sensor
/home/lmy/iot-device-classification/dataset/sensor/round2_normal/sensor_r2.pcapng,R2,127,1270.7921879291534,0.0016948024276643991,0.9363164305686951,0.010814230889081955,0.051032986491918564,0.00014149189519230276,Sensor
/home/lmy/iot-device-classification/dataset/sensor/round2_normal/sensor_r2.pcapng,R2,128,1280.7376618385315,9.280306585424114e-06,0.996614396572113,9.966921788873151e-05,0.0032578585669398308,1.8829045075108297e-05,Sensor
/home/lmy/iot-device-classification/dataset/sensor/round2_normal/sensor_r2.pcapng,R2,129,1290.8376200199127,0.0009208566043525934,0.33801472187042236,0.0009321842226199806,0.6598672270774841,0.0002650019305292517,Sensor
/home/lmy/iot-device-classification/dataset/sensor/round2_normal/sensor_r2.pcapng,R2,130,1300.738027095795,0.0005557364784181118,0.9867110848426819,0.007644847501069307,0.005031791515648365,5.65385926165618e-05,Sensor
/home/lmy/iot-device-classification/dataset/sensor/round2_normal/sensor_r2.pcapng,R2,131,1311.0935571193695,7.459137850673869e-05,0.8451182842254639,0.0016521090874448419,0.15307894349098206,7.607431325595826e-05,Sensor
/home/lmy/iot-device-classification/dataset/sensor/round2_normal/sensor_r2.pcapng,R2,132,1320.9932844638824,3.9372487663058564e-05,0.8174408078193665,0.0005555103998631239,0.18190224468708038,6.205608951859176e-05,Sensor
/home/lmy/iot-device-classification/dataset/sensor/round2_normal/sensor_r2.pcapng,R2,133,1331.1378524303436,0.0003771251067519188,0.9929487705230713,0.004796446766704321,0.0018322461983188987,4.54629298474174e-05,Sensor
/home/lmy/iot-device-classification/dataset/sensor/round2_normal/sensor_r2.pcapng,R2,134,1340.2557859420776,1.1700498362188227e-05,0.9907227158546448,0.0005231848917901516,0.008725175634026527,1.720806903904304e-05,Sensor
/home/lmy/iot-device-classification/dataset/sensor/round2_normal/sensor_r2.pcapng,R2,135,1350.6440951824188,1.203887313749874e-05,0.8625176548957825,0.00023505075660068542,0.13721594214439392,1.9317025362397544e-05,Sensor
/home/lmy/iot-device-classification/dataset/sensor/round2_normal/sensor_r2.pcapng,R2,136,1361.056119680405,0.00021962248138152063,0.9868019223213196,0.00021712570742238313,0.012736329808831215,2.493976535333786e-05,Sensor
/home/lmy/iot-device-classification/dataset/sensor/round2_normal/sensor_r2.pcapng,R2,137,1370.0055301189425,8.126852480927482e-05,0.9936227202415466,0.003287110710516572,0.00284654856659472,0.0001623527641640976,Sensor
/home/lmy/iot-device-classification/dataset/sensor/round2_normal/sensor_r2.pcapng,R2,138,1381.3919978141785,0.00016024935757741332,0.6409611701965332,0.0039028115570545197,0.3548527657985687,0.0001230355992447585,Sensor
/home/lmy/iot-device-classification/dataset/sensor/round2_normal/sensor_r2.pcapng,R2,139,1391.5376896858215,0.00025657081278041005,0.9940171241760254,0.0006973822601139545,0.005005825776606798,2.3095712094800547e-05,Sensor
/home/lmy/iot-device-classification/dataset/sensor/round2_normal/sensor_r2.pcapng,R2,140,1400.0374732017517,0.00039326935075223446,0.7183107137680054,0.0019139922223985195,0.27933141589164734,5.0566173740662634e-05,Sensor
/home/lmy/iot-device-classification/dataset/sensor/round2_normal/sensor_r2.pcapng,R2,141,1410.9757425785065,3.423849193495698e-05,0.810309648513794,0.000474254775326699,0.1891184151172638,6.350434705382213e-05,Sensor
/home/lmy/iot-device-classification/dataset/sensor/round2_normal/sensor_r2.pcapng,R2,142,1421.6375694274902,0.0027556491550058126,0.9609991908073425,0.02133474126458168,0.01474712137132883,0.00016333680832758546,Sensor
/home/lmy/iot-device-classification/dataset/sensor/round2_normal/sensor_r2.pcapng,R2,143,1430.0660786628723,0.0011414082255214453,0.36295410990715027,0.004157408606261015,0.6316588521003723,8.816523040877655e-05,Sensor
/home/lmy/iot-device-classification/dataset/sensor/round2_normal/sensor_r2.pcapng,R2,144,1440.0962414741516,5.3890129493083805e-05,0.5535350441932678,0.0007498329505324364,0.44559624791145325,6.498915172414854e-05,Sensor
/home/lmy/iot-device-classification/dataset/sensor/round2_normal/sensor_r2.pcapng,R2,145,1451.9378354549408,1.2942407010996249e-05,0.9342310428619385,0.0003689556906465441,0.0653609111905098,2.6189549316768534e-05,Sensor
/home/lmy/iot-device-classification/dataset/sensor/round2_normal/sensor_r2.pcapng,R2,146,1460.090796470642,4.068465841555735e-06,0.9915238618850708,8.077699021669105e-05,0.008377570658922195,1.3767985365120694e-05,Sensor
/home/lmy/iot-device-classification/dataset/sensor/round2_normal/sensor_r2.pcapng,R2,147,1472.0380795001984,0.00010145296982955188,0.569151759147644,0.0004984402912668884,0.4301441013813019,0.00010425282380310819,Sensor
/home/lmy/iot-device-classification/dataset/sensor/round2_normal/sensor_r2.pcapng,R2,148,1481.6983976364136,6.2168810472940095e-06,0.988353431224823,7.638829993084073e-05,0.011551897041499615,1.214913481817348e-05,Sensor
/home/lmy/iot-device-classification/dataset/sensor/round2_normal/sensor_r2.pcapng,R2,149,1490.0169944763184,5.831001908518374e-05,0.8678048849105835,0.0007351591484621167,0.13137167692184448,3.000097058247775e-05,Sensor
/home/lmy/iot-device-classification/dataset/sensor/round2_normal/sensor_r2.pcapng,R2,150,1500.4153978824615,1.734509351081215e-05,0.98658686876297,7.458939217031002e-05,0.013303631916642189,1.7588270566193387e-05,Sensor
/home/lmy/iot-device-classification/dataset/sensor/round2_normal/sensor_r2.pcapng,R2,151,1512.3382449150083,8.353262091986835e-05,0.9972103238105774,0.0005516513483598828,0.0021417923271656036,1.2682555279752705e-05,Sensor
/home/lmy/iot-device-classification/dataset/sensor/round2_normal/sensor_r2.pcapng,R2,152,1520.179562330246,8.957019417721312e-06,0.9128696918487549,0.001006936188787222,0.08609166741371155,2.2748228730051778e-05,Sensor
/home/lmy/iot-device-classification/dataset/sensor/round2_normal/sensor_r2.pcapng,R2,153,1531.618066072464,7.259175617946312e-05,0.7593258023262024,8.337422332260758e-05,0.24045297503471375,6.521987961605191e-05,Sensor
/home/lmy/iot-device-classification/dataset/sensor/round2_normal/sensor_r2.pcapng,R2,154,1542.3575658798218,0.0009764039423316717,0.6581805348396301,0.010513792745769024,0.3300687074661255,0.0002606239286251366,Sensor
/home/lmy/iot-device-classification/dataset/sensor/round2_normal/sensor_r2.pcapng,R2,155,1550.1842975616455,1.8611628547660075e-05,0.9571812152862549,0.00012497873103711754,0.04265228658914566,2.2889464162290096e-05,Sensor
/home/lmy/iot-device-classification/dataset/sensor/round2_normal/sensor_r2.pcapng,R2,156,1562.537816286087,6.13774245721288e-05,0.8014002442359924,3.842179648927413e-05,0.19846776127815247,3.2258300052490085e-05,Sensor
/home/lmy/iot-device-classification/dataset/sensor/round2_normal/sensor_r2.pcapng,R2,157,1572.7381262779236,2.066825436486397e-05,0.9626607894897461,0.0013759717112407088,0.035906847566366196,3.574213769752532e-05,Sensor
/home/lmy/iot-device-classification/dataset/sensor/round2_normal/sensor_r2.pcapng,R2,158,1580.0023875236511,3.250227382523008e-05,0.7440143823623657,0.0007237314712256193,0.25517868995666504,5.066188896307722e-05,Sensor
/home/lmy/iot-device-classification/dataset/sensor/round2_normal/sensor_r2.pcapng,R2,159,1591.9384062290192,1.719157626212109e-05,0.9031009674072266,0.00021200347691774368,0.09663316607475281,3.660819857032038e-05,Sensor
/home/lmy/iot-device-classification/dataset/sensor/round2_normal/sensor_r2.pcapng,R2,160,1602.8373262882233,3.5456014302326366e-05,0.9848255515098572,0.0024201625492423773,0.012682577595114708,3.622645454015583e-05,Sensor
/home/lmy/iot-device-classification/dataset/sensor/round2_normal/sensor_r2.pcapng,R2,161,1610.2226831912994,3.1777808544575237e-06,0.9932897686958313,7.842227932997048e-05,0.006618537474423647,1.0129988368134946e-05,Sensor
/home/lmy/iot-device-classification/dataset/sensor/round2_normal/sensor_r2.pcapng,R2,162,1621.0601472854614,3.326150181237608e-05,0.7891637086868286,9.344927093479782e-05,0.2106681913137436,4.136591815040447e-05,Sensor
/home/lmy/iot-device-classification/dataset/sensor/round2_normal/sensor_r2.pcapng,R2,163,1633.138241291046,1.6379679436795413e-05,0.9600074887275696,0.00042166351340711117,0.03952871263027191,2.5747849576873705e-05,Sensor
/home/lmy/iot-device-classification/dataset/sensor/round2_normal/sensor_r2.pcapng,R2,164,1640.232638835907,1.089236593543319e-05,0.9910603165626526,8.463900303468108e-05,0.008826861158013344,1.729452924337238e-05,Sensor
/home/lmy/iot-device-classification/dataset/sensor/round2_normal/sensor_r2.pcapng,R2,165,1653.23739027977,0.0002631797397043556,0.7433089017868042,0.00014745458611287177,0.2561657130718231,0.00011471832112874836,Sensor
/home/lmy/iot-device-classification/dataset/sensor/round2_normal/sensor_r2.pcapng,R2,166,1663.1362612247467,1.3722221410716884e-05,0.9632979035377502,0.0010753878159448504,0.0355842262506485,2.8741224014083855e-05,Sensor
/home/lmy/iot-device-classification/dataset/sensor/round2_normal/sensor_r2.pcapng,R2,167,1670.2448363304138,3.318361996207386e-05,0.2292952686548233,0.00020535058865789324,0.7703997492790222,6.64636681904085e-05,Sensor
/home/lmy/iot-device-classification/dataset/sensor/round2_normal/sensor_r2.pcapng,R2,168,1681.377715587616,2.5464625650784e-05,0.9789819121360779,0.00028424631454981863,0.02067405916750431,3.4321212297072634e-05,Sensor
/home/lmy/iot-device-classification/dataset/sensor/round2_normal/sensor_r2.pcapng,R2,169,1693.5371067523956,0.00017613092495594174,0.7107678651809692,0.0018318543443456292,0.2869555652141571,0.0002685657818801701,Sensor
/home/lmy/iot-device-classification/dataset/sensor/round2_normal/sensor_r2.pcapng,R2,170,1700.0012803077698,1.0206983461102936e-05,0.974766194820404,0.00028601076337508857,0.024929536506533623,7.988504876266234e-06,Sensor
/home/lmy/iot-device-classification/dataset/sensor/round2_normal/sensor_r2.pcapng,R2,171,1710.4976859092712,3.5484950785757974e-05,0.8726988434791565,0.0003555288421921432,0.12686705589294434,4.310328222345561e-05,Sensor
/home/lmy/iot-device-classification/dataset/sensor/round2_normal/sensor_r2.pcapng,R2,172,1723.5363974571228,0.00043567983084358275,0.2912735641002655,0.0013707823818549514,0.7065610885620117,0.00035880881478078663,Sensor
/home/lmy/iot-device-classification/dataset/sensor/round2_normal/sensor_r2.pcapng,R2,173,1730.0211250782013,7.79748097556876e-06,0.972814679145813,9.877167758531868e-05,0.027060717344284058,1.800346581148915e-05,Sensor
/home/lmy/iot-device-classification/dataset/sensor/round2_normal/sensor_r2.pcapng,R2,174,1743.7359035015106,1.5541967513854615e-05,0.9291130900382996,5.485071596922353e-05,0.07079045474529266,2.6108373276656494e-05,Sensor
/home/lmy/iot-device-classification/dataset/sensor/round2_normal/sensor_r2.pcapng,R2,175,1753.9264016151428,0.00013952446170151234,0.6436253786087036,0.0006583784124813974,0.3554224371910095,0.00015428377082571387,Sensor
/home/lmy/iot-device-classification/dataset/sensor/round2_normal/sensor_r2.pcapng,R2,176,1760.1257247924805,0.0004322366730775684,0.007215795572847128,0.0009376903180964291,0.9913231134414673,9.110348037211224e-05,Sensor
/home/lmy/iot-device-classification/dataset/sensor/round2_normal/sensor_r2.pcapng,R2,177,1770.818685054779,3.495368218864314e-05,0.9226985573768616,0.0006610337877646089,0.07655814290046692,4.729674765258096e-05,Sensor
/home/lmy/iot-device-classification/dataset/sensor/round2_normal/sensor_r2.pcapng,R2,178,1783.8502752780914,0.0001475843455409631,0.9224309325218201,0.0012226436519995332,0.07608433812856674,0.00011456169158918783,Sensor
/home/lmy/iot-device-classification/dataset/sensor/round2_normal/sensor_r2.pcapng,R2,179,1790.0578179359436,1.6204348867177032e-05,0.9672282338142395,0.0002525742747820914,0.03249305486679077,9.879575372906402e-06,Sensor
/home/lmy/iot-device-classification/dataset/sensor/round2_normal/sensor_r2.pcapng,R2,180,1802.01637673378,6.060416126274504e-05,0.9119192957878113,0.0006219950155355036,0.0873226597905159,7.546993583673611e-05,Sensor
/home/lmy/iot-device-classification/dataset/sensor/round2_normal/sensor_r2.pcapng,R2,181,1814.0381307601929,0.00034216296626254916,0.4821758568286896,0.0025023643393069506,0.5143536329269409,0.0006260082009248435,Sensor
/home/lmy/iot-device-classification/dataset/sensor/round2_normal/sensor_r2.pcapng,R2,182,1820.089231967926,6.986974767642096e-06,0.9976291060447693,0.00013312652299646288,0.0022180951200425625,1.267619700229261e-05,Sensor
/home/lmy/iot-device-classification/dataset/sensor/round2_normal/sensor_r2.pcapng,R2,183,1834.0581948757167,3.6278208426665515e-05,0.8705596327781677,0.02192065492272377,0.10741337388753891,7.00327946105972e-05,Sensor
/home/lmy/iot-device-classification/dataset/sensor/round2_normal/sensor_r2.pcapng,R2,184,1841.03816318512,1.2142504601797555e-05,0.9986995458602905,0.001093278406187892,0.00017698040755931288,1.8077877030009404e-05,Sensor
/home/lmy/iot-device-classification/dataset/sensor/round2_normal/sensor_r2.pcapng,R2,185,1850.132957458496,0.0010433255229145288,0.9682102203369141,0.01806946098804474,0.012333270162343979,0.00034379001590423286,Sensor
/home/lmy/iot-device-classification/dataset/sensor/round2_normal/sensor_r2.pcapng,R2,186,1862.3369076251984,0.00016217977099586278,0.8122406601905823,0.0014637525891885161,0.18582752346992493,0.00030584141495637596,Sensor
/home/lmy/iot-device-classification/dataset/sensor/round2_normal/sensor_r2.pcapng,R2,187,1871.5158326625824,1.4703108718094882e-05,0.9937267303466797,2.186319397878833e-05,0.0062150429002940655,2.167452657886315e-05,Sensor
/home/lmy/iot-device-classification/dataset/sensor/round2_normal/sensor_r2.pcapng,R2,188,1880.1483306884768,0.001120731350965798,0.9386150240898132,0.0004929621936753392,0.05971619114279747,5.5048814829206094e-05,Sensor
/home/lmy/iot-device-classification/dataset/sensor/round2_normal/sensor_r2.pcapng,R2,189,1894.1181173324585,0.0001327938080066815,0.8174436092376709,6.668427522527054e-05,0.18231089413166046,4.599457679432817e-05,Sensor
/home/lmy/iot-device-classification/dataset/sensor/round2_normal/sensor_r2.pcapng,R2,190,1904.1279184818268,0.00016678693646099418,0.9759253263473511,0.0004648708854801953,0.023300135508179665,0.0001428585237590596,Sensor
/home/lmy/iot-device-classification/dataset/sensor/round2_normal/sensor_r2.pcapng,R2,191,1910.177742242813,1.0925189599220175e-05,0.970527172088623,0.0043611372821033,0.02507569082081318,2.5028191885212436e-05,Sensor
/home/lmy/iot-device-classification/dataset/sensor/round2_normal/sensor_r2.pcapng,R2,192,1922.6538956165316,6.763401324860752e-05,0.9101308584213257,0.00031507184030488133,0.0894215926527977,6.479015428340062e-05,Sensor
/home/lmy/iot-device-classification/dataset/sensor/round2_normal/sensor_r2.pcapng,R2,193,1934.1597447395325,0.00013007177039980888,0.7515180706977844,0.00012304254050832242,0.24804207682609558,0.00018669450946617872,Sensor
/home/lmy/iot-device-classification/dataset/sensor/round2_normal/sensor_r2.pcapng,R2,194,1940.2169597148893,1.8449358321959153e-05,0.9742488265037537,0.00014317496970761567,0.025572294369339943,1.7177400877699256e-05,Sensor
/home/lmy/iot-device-classification/dataset/sensor/round2_normal/sensor_r2.pcapng,R2,195,1954.178229093552,5.196590791456401e-06,0.9614992737770081,9.302529360866174e-05,0.03838994726538658,1.257814346899977e-05,Sensor
/home/lmy/iot-device-classification/dataset/sensor/round2_normal/sensor_r2.pcapng,R2,196,1960.240731716156,3.335353176225908e-05,0.9249527454376221,0.0012052323436364532,0.07378208637237549,2.656807737366762e-05,Sensor
/home/lmy/iot-device-classification/dataset/sensor/round2_normal/sensor_r2.pcapng,R2,197,1970.237728834152,0.002761746756732464,0.84358149766922,0.019104281440377235,0.134348064661026,0.0002044591383310035,Sensor
/home/lmy/iot-device-classification/dataset/sensor/round2_normal/sensor_r2.pcapng,R2,198,1982.981423854828,7.957910565892234e-05,0.5353838801383972,6.799429684178904e-05,0.46440500020980835,6.354894139803946e-05,Sensor
/home/lmy/iot-device-classification/dataset/sensor/round2_normal/sensor_r2.pcapng,R2,199,1990.319840669632,3.1607392884325236e-05,0.9169256687164307,2.6638796043698676e-05,0.08299941569566727,1.6661359040881507e-05,Sensor
/home/lmy/iot-device-classification/dataset/sensor/round2_normal/sensor_r2.pcapng,R2,200,2000.2724680900571,4.308235475036781e-06,0.9780396819114685,6.0790785937570035e-05,0.02187861129641533,1.6658501408528537e-05,Sensor
/home/lmy/iot-device-classification/dataset/sensor/round2_normal/sensor_r2.pcapng,R2,201,2014.237991809845,0.00022744631860405207,0.6184770464897156,0.0019073828589171171,0.37917616963386536,0.00021198044123593718,Sensor
/home/lmy/iot-device-classification/dataset/sensor/round2_normal/sensor_r2.pcapng,R2,202,2020.721114873886,6.938933074707165e-05,0.934111475944519,4.6740569814573973e-05,0.06573495268821716,3.7450590752996504e-05,Sensor
/home/lmy/iot-device-classification/dataset/sensor/round2_normal/sensor_r2.pcapng,R2,203,2030.3091189861295,0.00014221807941794395,0.6622339487075806,0.001053615938872099,0.33652612566947937,4.412198541103862e-05,Sensor
/home/lmy/iot-device-classification/dataset/sensor/round2_normal/sensor_r2.pcapng,R2,204,2043.293646812439,1.4099171494308393e-05,0.9298641681671143,9.488399518886581e-05,0.06998893618583679,3.789845504797995e-05,Sensor
/home/lmy/iot-device-classification/dataset/sensor/round2_normal/sensor_r2.pcapng,R2,205,2050.799802780152,0.0002659335150383413,0.6506332159042358,0.0015751150203868747,0.347344309091568,0.00018146804359275848,Sensor
/home/lmy/iot-device-classification/dataset/sensor/round2_normal/sensor_r2.pcapng,R2,206,2060.3322355747223,1.1805280337284785e-05,0.2089739739894867,0.0003354582586325705,0.790661096572876,1.7693724657874554e-05,Sensor
/home/lmy/iot-device-classification/dataset/sensor/round2_normal/sensor_r2.pcapng,R2,207,2072.4143483638763,1.8371329133515246e-05,0.9702098369598389,1.37885590447695e-05,0.02974238246679306,1.5635218005627394e-05,Sensor
/home/lmy/iot-device-classification/dataset/sensor/round2_normal/sensor_r2.pcapng,R2,208,2081.039716720581,6.779108662158251e-05,0.9655588269233704,5.573780072154477e-05,0.034266047179698944,5.161554508958943e-05,Sensor
/home/lmy/iot-device-classification/dataset/sensor/round2_normal/sensor_r2.pcapng,R2,209,2090.3731367588043,0.0002710109401959926,0.9710427522659302,0.0025747264735400677,0.02604708820581436,6.44605461275205e-05,Sensor
/home/lmy/iot-device-classification/dataset/sensor/round2_normal/sensor_r2.pcapng,R2,210,2104.404913187027,2.1284302420099266e-05,0.5182155966758728,0.00020157867402303964,0.48151159286499023,4.994797200197354e-05,Sensor
/home/lmy/iot-device-classification/dataset/sensor/round2_normal/sensor_r2.pcapng,R2,211,2111.1210272312164,2.3356349629466422e-05,0.9697229862213135,0.0003229932044632733,0.029894612729549408,3.6064691812498495e-05,Sensor
/home/lmy/iot-device-classification/dataset/sensor/round2_normal/sensor_r2.pcapng,R2,212,2120.3875131607056,6.977003795327619e-05,0.7545192837715149,0.0005481525440700352,0.2448301464319229,3.261385427322239e-05,Sensor
/home/lmy/iot-device-classification/dataset/sensor/round2_normal/sensor_r2.pcapng,R2,213,2132.7354328632355,2.302711072843522e-05,0.8504247665405273,4.2801329982466996e-05,0.1494787186384201,3.064186967094429e-05,Sensor
/home/lmy/iot-device-classification/dataset/sensor/round2_normal/sensor_r2.pcapng,R2,214,2142.354312419892,4.276728941476904e-05,0.824967622756958,0.0005254091811366379,0.1744319647550583,3.230181391700171e-05,Sensor
/home/lmy/iot-device-classification/dataset/sensor/round2_normal/sensor_r2.pcapng,R2,215,2150.417341709137,3.205469693057239e-05,0.990327775478363,0.005755434278398752,0.003840468358248472,4.4240630813874304e-05,Sensor
/home/lmy/iot-device-classification/dataset/sensor/round2_normal/sensor_r2.pcapng,R2,216,2160.0007951259613,6.828704499639571e-05,0.7462266683578491,0.0005560803692787886,0.2530808448791504,6.813898653490469e-05,Sensor
/home/lmy/iot-device-classification/dataset/sensor/round2_normal/sensor_r2.pcapng,R2,217,2174.332620859146,0.00011309907131362706,0.7182032465934753,0.00015092543617356569,0.28137287497520447,0.0001598735252628103,Sensor
/home/lmy/iot-device-classification/dataset/sensor/round2_normal/sensor_r2.pcapng,R2,218,2180.447206258774,0.00012758483353536576,0.10473116487264633,0.0017141560092568398,0.8932828307151794,0.00014424326946027577,Sensor
/home/lmy/iot-device-classification/dataset/sensor/round2_normal/sensor_r2.pcapng,R2,219,2194.416723012924,0.00022469238319899887,0.9029797911643982,0.000469176156911999,0.09612114727497101,0.0002052474010270089,Sensor
/home/lmy/iot-device-classification/dataset/sensor/round2_normal/sensor_r2.pcapng,R2,220,2203.463985681534,4.315148908062838e-05,0.6462219953536987,6.549403042299673e-05,0.3536145091056824,5.479834362631664e-05,Sensor
/home/lmy/iot-device-classification/dataset/sensor/round2_normal/sensor_r2.pcapng,R2,221,2210.478011608124,0.00040891754906624556,0.9157236218452454,0.005578624550253153,0.0782061219215393,8.276636799564585e-05,Sensor
/home/lmy/iot-device-classification/dataset/sensor/round2_normal/sensor_r2.pcapng,R2,222,2224.252061605453,3.3084968890761957e-05,0.867222011089325,0.00014563565491698682,0.13254763185977936,5.166707342141308e-05,Sensor
/home/lmy/iot-device-classification/dataset/sensor/round2_normal/sensor_r2.pcapng,R2,223,2233.831289291382,5.590502769337036e-05,0.8421170115470886,0.0002350791182834655,0.15755225718021393,3.969950194004923e-05,Sensor
/home/lmy/iot-device-classification/dataset/sensor/round2_normal/sensor_r2.pcapng,R2,224,2240.514602661133,0.0012023482704535127,0.6631819009780884,0.0016369676450267434,0.3338916599750519,8.709267422091216e-05,Sensor
/home/lmy/iot-device-classification/dataset/sensor/round2_normal/sensor_r2.pcapng,R2,225,2253.381736278534,6.110336107667536e-05,0.6958320140838623,4.400232501211576e-05,0.3040187656879425,4.4078475184505805e-05,Sensor
/home/lmy/iot-device-classification/dataset/sensor/round2_normal/sensor_r2.pcapng,R2,226,2262.239445924759,1.47190721691004e-05,0.7454432249069214,0.0002744350640568882,0.2542279064655304,3.97587864426896e-05,Sensor
/home/lmy/iot-device-classification/dataset/sensor/round2_normal/sensor_r2.pcapng,R2,227,2270.5380549430847,0.001887631369754672,0.002807832323014736,0.0020381715148687363,0.9931824803352356,8.393509779125452e-05,Sensor
/home/lmy/iot-device-classification/dataset/sensor/round2_normal/sensor_r2.pcapng,R2,228,2284.5077657699585,0.00010011532140197232,0.40585002303123474,0.00024120567832142115,0.593656063079834,0.00015255328617058694,Sensor
/home/lmy/iot-device-classification/dataset/sensor/round2_normal/sensor_r2.pcapng,R2,229,2294.5183222293854,0.00024758183280937374,0.30525073409080505,0.00019509668345563114,0.6941344141960144,0.00017222261521965265,Sensor
/home/lmy/iot-device-classification/dataset/sensor/round2_normal/sensor_r2.pcapng,R2,230,2300.5692884922028,0.0008165338076651096,0.6695414185523987,0.004071657545864582,0.32543283700942993,0.00013758812565356493,Sensor
/home/lmy/iot-device-classification/dataset/sensor/round2_normal/sensor_r2.pcapng,R2,231,2312.5585906505585,5.857197902514599e-05,0.6610002517700195,0.00035284404293634,0.33852648735046387,6.184870289871469e-05,Sensor
/home/lmy/iot-device-classification/dataset/sensor/round2_normal/sensor_r2.pcapng,R2,232,2324.547295570373,0.0004843624192290008,0.02081279270350933,0.0007992292521521449,0.9778079986572266,9.566456719767302e-05,Sensor
/home/lmy/iot-device-classification/dataset/sensor/round2_normal/sensor_r2.pcapng,R2,233,2330.6002559661865,0.00044283701572567225,0.9171475172042847,0.00968717411160469,0.07261405140161514,0.00010841486073331907,Sensor
/home/lmy/iot-device-classification/dataset/sensor/round2_normal/sensor_r2.pcapng,R2,234,2344.56795501709,7.402177288895473e-05,0.7690231204032898,0.002205970697104931,0.22861778736114502,7.9057936090976e-05,Sensor
/home/lmy/iot-device-classification/dataset/sensor/round2_normal/sensor_r2.pcapng,R2,235,2354.5784409046173,0.00013541399675887078,0.5149008631706238,0.001073177787475288,0.4837867319583893,0.00010382501932326704,Sensor
/home/lmy/iot-device-classification/dataset/sensor/round2_normal/sensor_r2.pcapng,R2,236,2360.6294651031494,3.259164441260509e-05,0.9934390187263489,0.0023875844199210405,0.004100514110177755,4.028328839922324e-05,Sensor
/home/lmy/iot-device-classification/dataset/sensor/round2_normal/sensor_r2.pcapng,R2,237,2374.597867488861,0.00019074878946412355,0.38477280735969543,0.00022673525381833315,0.6146273016929626,0.00018237934273201972,Sensor
/home/lmy/iot-device-classification/dataset/sensor/round2_normal/sensor_r2.pcapng,R2,238,2384.415050268173,2.9882001399528235e-05,0.8459485769271851,4.874347723671235e-05,0.15390658378601074,6.620652857236564e-05,Sensor
/home/lmy/iot-device-classification/dataset/sensor/round2_normal/sensor_r2.pcapng,R2,239,2390.6633579730988,0.004697872791439295,0.508276641368866,0.00302298367023468,0.4838789105415344,0.0001235821982845664,Sensor
/home/lmy/iot-device-classification/dataset/sensor/round2_normal/sensor_r2.pcapng,R2,240,2404.6284005641937,1.990025702980347e-05,0.7010872960090637,9.65454091783613e-05,0.29874739050865173,4.8926318413577974e-05,Sensor
/home/lmy/iot-device-classification/dataset/sensor/round2_normal/sensor_r2.pcapng,R2,241,2413.1979479789734,4.377044388093054e-05,0.8352784514427185,0.00043458532309159636,0.16417309641838074,7.014015136519447e-05,Sensor
/home/lmy/iot-device-classification/dataset/sensor/round2_normal/sensor_r2.pcapng,R2,242,2420.6983835697174,4.260411878931336e-05,0.9885041117668152,0.0022210851311683655,0.009178094565868378,5.413280814536847e-05,Sensor
/home/lmy/iot-device-classification/dataset/sensor/round2_normal/sensor_r2.pcapng,R2,243,2434.658080816269,0.0001857745082816109,0.5724957585334778,0.0001918096822919324,0.42702019214630127,0.00010644403664628044,Sensor
/home/lmy/iot-device-classification/dataset/sensor/round2_normal/sensor_r2.pcapng,R2,244,2442.351074695587,2.7564331048779422e-06,0.9997650980949402,0.00019280055130366236,3.1560208299197257e-05,7.754265425319318e-06,Sensor
/home/lmy/iot-device-classification/dataset/sensor/round2_normal/sensor_r2.pcapng,R2,245,2450.0007116794586,0.005729674361646175,0.11625420302152634,0.025557909160852432,0.8504908084869385,0.0019673858769237995,Sensor
/home/lmy/iot-device-classification/dataset/sensor/round2_normal/sensor_r2.pcapng,R2,246,2462.904205083847,3.5194629163015634e-05,0.6306238770484924,0.0001283241290366277,0.36917704343795776,3.553973510861397e-05,Sensor
/home/lmy/iot-device-classification/dataset/sensor/round2_normal/sensor_r2.pcapng,R2,247,2474.7012543678284,0.0001438170438632369,0.26777857542037964,0.0005291447741910815,0.7313470840454102,0.00020140211563557386,Sensor
/home/lmy/iot-device-classification/dataset/sensor/round2_normal/sensor_r2.pcapng,R2,248,2480.753606081009,0.0012557698646560311,0.8887431025505066,0.029354337602853775,0.08032122999429703,0.0003255768970120698,Sensor
/home/lmy/iot-device-classification/dataset/sensor/round2_normal/sensor_r2.pcapng,R2,249,2490.0138027668,3.705100607476197e-05,0.3004814088344574,0.0005427515716291964,0.6988649368286133,7.383265619864687e-05,Sensor
/home/lmy/iot-device-classification/dataset/sensor/round2_normal/sensor_r2.pcapng,R2,250,2503.829626560211,8.181302109733224e-05,0.9251571297645569,0.0001280281867366284,0.0745910257101059,4.200803959975019e-05,Sensor
/home/lmy/iot-device-classification/dataset/sensor/round2_normal/sensor_r2.pcapng,R2,251,2510.767545938492,0.0027910443022847176,0.9735243320465088,0.001749964663758874,0.021883120760321617,5.152986341272481e-05,Sensor
/home/lmy/iot-device-classification/dataset/sensor/round2_normal/sensor_r2.pcapng,R2,252,2520.791375875473,0.020106423646211624,0.0532914437353611,0.0034077398013323545,0.922984778881073,0.00020958138338755816,Sensor
/home/lmy/iot-device-classification/dataset/sensor/round2_normal/sensor_r2.pcapng,R2,253,2534.131119966507,3.8419013435486704e-05,0.0005819269572384655,0.00025418505538254976,0.9990541338920593,7.130390440579504e-05,Sensor
/home/lmy/iot-device-classification/dataset/sensor/round2_normal/sensor_r2.pcapng,R2,254,2540.9080607891083,2.30697314691497e-05,0.9819229245185852,0.0001668135664658621,0.01785018853843212,3.700774323078804e-05,Sensor
/home/lmy/iot-device-classification/dataset/sensor/round2_normal/sensor_r2.pcapng,R2,255,2554.7780640125275,4.799061207449995e-05,0.7465996146202087,6.755103095201775e-05,0.2532283067703247,5.657815563608892e-05,Sensor
/home/lmy/iot-device-classification/dataset/sensor/round2_normal/sensor_r2.pcapng,R2,256,2564.78773188591,0.00018908850324805826,0.9593219757080078,0.0013991823652759194,0.03904306888580322,4.661124330596067e-05,Sensor
/home/lmy/iot-device-classification/dataset/sensor/round2_normal/sensor_r2.pcapng,R2,257,2570.223222017288,3.408176098673721e-06,0.9986670017242432,0.0003489296941552311,0.0009712014580145478,9.482255336479284e-06,Sensor
/home/lmy/iot-device-classification/dataset/sensor/round2_normal/sensor_r2.pcapng,R2,258,2584.8070528507237,6.568551907548681e-05,0.5773836374282837,0.00015190734120551497,0.422296404838562,0.00010241734707960859,Sensor
/home/lmy/iot-device-classification/dataset/sensor/round2_normal/sensor_r2.pcapng,R2,259,2593.8454592227936,5.380075526772998e-05,0.8366658687591553,0.00019889362738467753,0.16302038729190826,6.100645987316966e-05,Sensor
/home/lmy/iot-device-classification/dataset/sensor/round2_normal/sensor_r2.pcapng,R2,260,2600.797019481659,5.370617873268202e-05,0.9801058173179626,0.00024358178779948503,0.019576260820031166,2.063469037238974e-05,Sensor
/home/lmy/iot-device-classification/dataset/sensor/round2_normal/sensor_r2.pcapng,R2,261,2614.797312259674,0.0004953162278980017,0.3578002154827118,0.0003808240871876478,0.6410452723503113,0.00027841125847771764,Sensor
/home/lmy/iot-device-classification/dataset/sensor/round2_normal/sensor_r2.pcapng,R2,262,2624.846641778946,1.7992373614106327e-05,0.9923895001411438,0.004656648263335228,0.0029019215144217014,3.387245669728145e-05,Sensor
/home/lmy/iot-device-classification/dataset/sensor/round2_normal/sensor_r2.pcapng,R2,263,2630.8174200057983,0.00033740230719558895,0.5975918769836426,0.0010216826340183616,0.40096744894981384,8.160604920703918e-05,Sensor
/home/lmy/iot-device-classification/dataset/sensor/round2_normal/sensor_r2.pcapng,R2,264,2644.868290662765,4.8535759560763836e-05,0.4925837516784668,0.000606311543378979,0.5066669583320618,9.449692879570648e-05,Sensor
/home/lmy/iot-device-classification/dataset/sensor/round2_normal/sensor_r2.pcapng,R2,265,2650.2724499702454,0.00015462003648281097,0.9655117988586426,0.00013352121459320188,0.03412958234548569,7.051947613945231e-05,Sensor
/home/lmy/iot-device-classification/dataset/sensor/round2_normal/sensor_r2.pcapng,R2,266,2660.838038444519,1.1370309948688373e-05,0.8293440937995911,0.0004973771865479648,0.17012102901935577,2.6143919967580587e-05,Sensor
/home/lmy/iot-device-classification/dataset/sensor/round2_normal/sensor_r2.pcapng,R2,267,2670.128659963608,7.125893171178177e-05,0.692559003829956,0.00033815696951933205,0.3069384694099426,9.311528265243396e-05,Sensor
/home/lmy/iot-device-classification/dataset/sensor/round2_normal/sensor_r2.pcapng,R2,268,2680.083897352218,8.632578828837723e-05,0.6106896996498108,0.00047860335325822234,0.38869422674179077,5.112682993058115e-05,Sensor
/home/lmy/iot-device-classification/dataset/sensor/round2_normal/sensor_r2.pcapng,R2,269,2690.2289867401123,3.4473421692382544e-05,0.8216665387153625,0.00025461893528699875,0.1780274361371994,1.690890894678887e-05,Sensor
/home/lmy/iot-device-classification/dataset/sensor/round2_normal/sensor_r2.pcapng,R2,270,2700.1287970542908,2.2751570213586092e-05,0.904143214225769,0.00013274980301503092,0.09566988795995712,3.141702472930774e-05,Sensor
/home/lmy/iot-device-classification/dataset/sensor/round2_normal/sensor_r2.pcapng,R2,271,2710.3825323581696,0.00016357676940970123,0.3774355351924896,0.000606983492616564,0.621643602848053,0.0001502797967987135,Sensor
/home/lmy/iot-device-classification/dataset/sensor/round2_normal/sensor_r2.pcapng,R2,272,2720.4282507896423,2.756263711489737e-05,0.9920180439949036,0.0008147391490638256,0.007088612299412489,5.102756404085085e-05,Sensor
/home/lmy/iot-device-classification/dataset/sensor/round2_normal/sensor_r2.pcapng,R2,273,2730.5287380218506,0.0001357680739602074,0.48694995045661926,0.0002115222014253959,0.5126090049743652,9.374204091727734e-05,Sensor
/home/lmy/iot-device-classification/dataset/sensor/round2_normal/sensor_r2.pcapng,R2,274,2740.4284315109253,2.5670940885902382e-05,0.7312783598899841,0.0003764560096897185,0.2682938575744629,2.5643734261393547e-05,Sensor
/home/lmy/iot-device-classification/dataset/sensor/round2_normal/sensor_r2.pcapng,R2,275,2750.628122806549,1.3303030755196232e-05,0.9939581155776978,0.00042841004324145615,0.005584819242358208,1.5369834727607667e-05,Sensor
/home/lmy/iot-device-classification/dataset/sensor/round2_normal/sensor_r2.pcapng,R2,276,2760.627763032913,1.7462674804846756e-05,0.4823732376098633,0.00017133288201875985,0.5174064636230469,3.148018367937766e-05,Sensor
/home/lmy/iot-device-classification/dataset/sensor/round2_normal/sensor_r2.pcapng,R2,277,2770.8474481105804,6.264982221182436e-05,0.8286103010177612,0.00011617386189755052,0.17117780447006226,3.306783037260175e-05,Sensor
/home/lmy/iot-device-classification/dataset/sensor/round2_normal/sensor_r2.pcapng,R2,278,2780.730411529541,3.3332886232528836e-05,0.8301007747650146,0.0001599409442860633,0.1696626991033554,4.331754826125689e-05,Sensor
/home/lmy/iot-device-classification/dataset/sensor/round2_normal/sensor_r2.pcapng,R2,279,2790.9825100898743,3.578266114345752e-05,0.3156217038631439,0.0005268028471618891,0.6837338209152222,8.184205216821283e-05,Sensor
/home/lmy/iot-device-classification/dataset/sensor/round2_normal/sensor_r2.pcapng,R2,280,2800.882675886154,9.055717964656651e-05,0.5714350342750549,0.00023932906333357096,0.42817091941833496,6.413459777832031e-05,Sensor
/home/lmy/iot-device-classification/dataset/sensor/round2_normal/sensor_r2.pcapng,R2,281,2810.951873779297,0.00031357695115730166,0.8644025921821594,0.0062474641017615795,0.1289118379354477,0.00012450412032194436,Sensor
/home/lmy/iot-device-classification/dataset/sensor/round2_normal/sensor_r2.pcapng,R2,282,2821.1817560195923,0.0002096334210364148,0.4780838191509247,0.0031757038086652756,0.5182130336761475,0.0003177897015120834,Sensor
/home/lmy/iot-device-classification/dataset/sensor/round2_normal/sensor_r2.pcapng,R2,283,2831.2272112369537,0.00010332404053770006,0.645118236541748,9.45471110753715e-05,0.35460978746414185,7.408444071188569e-05,Sensor
/home/lmy/iot-device-classification/dataset/sensor/round2_normal/sensor_r2.pcapng,R2,284,2840.957471609116,1.1012321010639425e-05,0.9226556420326233,0.0003546896914485842,0.0769573450088501,2.1279360225889832e-05,Sensor
/home/lmy/iot-device-classification/dataset/sensor/round2_normal/sensor_r2.pcapng,R2,285,2851.284272670746,3.704581831698306e-05,0.46895870566368103,0.0005104885785840452,0.5304352641105652,5.846150452271104e-05,Sensor
/home/lmy/iot-device-classification/dataset/sensor/round2_normal/sensor_r2.pcapng,R2,286,2861.283433675766,7.912788714747876e-05,0.5921236276626587,0.0008391509763896465,0.4068984389305115,5.963472358416766e-05,Sensor
/home/lmy/iot-device-classification/dataset/sensor/round2_normal/sensor_r2.pcapng,R2,287,2870.9860622882843,0.00036567641654983163,0.2129722237586975,0.000555524486117065,0.78606778383255,3.88326880056411e-05,Sensor
/home/lmy/iot-device-classification/dataset/sensor/round2_normal/sensor_r2.pcapng,R2,288,2881.326436281204,2.867376315407455e-05,0.0434463806450367,0.0003275263588875532,0.9561560153961182,4.147705476498231e-05,Sensor
/home/lmy/iot-device-classification/dataset/sensor/round2_normal/sensor_r2.pcapng,R2,289,2891.589533805847,6.114072311902419e-05,0.506729006767273,0.000832855817861855,0.49233606457710266,4.0969411202240735e-05,Sensor
/home/lmy/iot-device-classification/dataset/sensor/round2_normal/sensor_r2.pcapng,R2,290,2901.016261577606,0.0002426898427074775,0.7324704527854919,0.0013850666582584381,0.26581960916519165,8.22381698526442e-05,Sensor
/home/lmy/iot-device-classification/dataset/sensor/round2_normal/sensor_r2.pcapng,R2,291,2911.826956272125,2.0038043658132665e-05,0.7451529502868652,0.00014731659030076116,0.2546401023864746,3.958092202083208e-05,Sensor
/home/lmy/iot-device-classification/dataset/sensor/round2_normal/sensor_r2.pcapng,R2,292,2921.626389980316,3.535360883688554e-05,0.7633752226829529,0.00012513234105426818,0.236408531665802,5.582437006523833e-05,Sensor
/home/lmy/iot-device-classification/dataset/sensor/round2_normal/sensor_r2.pcapng,R2,293,2931.0470774173737,0.0015027988702058792,0.6601724028587341,0.0020547937601804733,0.3361823260784149,8.768009138293564e-05,Sensor
/home/lmy/iot-device-classification/dataset/sensor/round2_normal/sensor_r2.pcapng,R2,294,2941.8005187511444,3.108608871116303e-05,0.23707525432109833,0.0003226748376619071,0.7625159621238708,5.503987995325588e-05,Sensor
/home/lmy/iot-device-classification/dataset/sensor/round2_normal/sensor_r2.pcapng,R2,295,2951.926488637924,4.973794784746133e-05,0.8525662422180176,9.712961036711931e-05,0.14724595844745636,4.094782707397826e-05,Sensor
/home/lmy/iot-device-classification/dataset/sensor/round2_normal/sensor_r2.pcapng,R2,296,2961.0757944583893,0.00045774533646181226,0.8956721425056458,0.0019999463111162186,0.10182208567857742,4.8076566599775106e-05,Sensor
/home/lmy/iot-device-classification/dataset/sensor/round2_normal/sensor_r2.pcapng,R2,297,2972.0806679725647,0.00012913595128338784,0.6856842041015625,0.0019006808288395405,0.31219011545181274,9.582284837961197e-05,Sensor
/home/lmy/iot-device-classification/dataset/sensor/round2_normal/sensor_r2.pcapng,R2,298,2982.0808470249176,4.102973980479874e-05,0.1677350550889969,0.0008064039866439998,0.8313624262809753,5.506962043000385e-05,Sensor
/home/lmy/iot-device-classification/dataset/sensor/round2_normal/sensor_r2.pcapng,R2,299,2991.1060523986816,0.0003536062431521714,0.9798707962036133,0.0065986160188913345,0.013089005835354328,8.799769420875236e-05,Sensor
/home/lmy/iot-device-classification/dataset/sensor/round2_normal/sensor_r2.pcapng,R2,300,3002.280843496322,0.0005580845172517002,0.35639718174934387,0.00886527355760336,0.6340416073799133,0.00013786146882921457,Sensor
/home/lmy/iot-device-classification/dataset/sensor/round2_normal/sensor_r2.pcapng,R2,301,3012.425857067108,2.6540048565948382e-05,0.3451085686683655,0.0003088469966314733,0.6545063853263855,4.967875429429114e-05,Sensor
/home/lmy/iot-device-classification/dataset/sensor/round2_normal/sensor_r2.pcapng,R2,302,3021.115692853928,0.00042516019311733544,0.862043023109436,0.003073603380471468,0.13428544998168945,0.0001727256312733516,Sensor
/home/lmy/iot-device-classification/dataset/sensor/round2_normal/sensor_r2.pcapng,R2,303,3031.705816745758,8.947906462708488e-05,0.9320559501647949,0.005956178996711969,0.06179305911064148,0.00010534486500546336,Sensor
/home/lmy/iot-device-classification/dataset/sensor/round2_normal/sensor_r2.pcapng,R2,304,3042.345588684082,1.6547919585718773e-05,0.9957191348075867,0.0016062131617218256,0.0026145773008465767,4.359018930699676e-05,Sensor
/home/lmy/iot-device-classification/dataset/sensor/round2_normal/sensor_r2.pcapng,R2,305,3050.9771869182587,0.1145637258887291,0.16318701207637787,0.2702544033527374,0.44984495639801025,0.0021498878486454487,Sensor
/home/lmy/iot-device-classification/dataset/sensor/round2_normal/sensor_r2.pcapng,R2,306,3062.500036716461,4.599696330842562e-05,0.8083898425102234,0.0007306035258807242,0.19076880812644958,6.471454980783165e-05,Sensor
/home/lmy/iot-device-classification/dataset/sensor/round2_normal/sensor_r2.pcapng,R2,307,3072.725109577179,0.00013598451914731413,0.8456292152404785,0.0017467027064412832,0.15228058397769928,0.00020750729891005903,Sensor
/home/lmy/iot-device-classification/dataset/sensor/round2_normal/sensor_r2.pcapng,R2,308,3081.1672871112823,7.40207815397298e-06,0.9601762890815735,0.0010631693294271827,0.038730185478925705,2.296561979164835e-05,Sensor
/home/lmy/iot-device-classification/dataset/sensor/round2_normal/sensor_r2.pcapng,R2,309,3090.0653731822968,9.51407400862081e-06,0.9493668079376221,6.803990982007235e-05,0.05053359270095825,2.2037331291357987e-05,Sensor
/home/lmy/iot-device-classification/dataset/sensor/round2_normal/sensor_r2.pcapng,R2,310,3102.0089888572693,6.755101640010253e-05,0.6302299499511719,0.00010622605623211712,0.36952778697013855,6.855108949821442e-05,Sensor
/home/lmy/iot-device-classification/dataset/sensor/round2_normal/sensor_r2.pcapng,R2,311,3111.185669898987,0.003051132895052433,0.08270815014839172,0.0037290435284376144,0.9103191494941711,0.00019258812244515866,Sensor
/home/lmy/iot-device-classification/dataset/sensor/round2_normal/sensor_r2.pcapng,R2,312,3122.810390472412,2.6429774152347818e-05,0.8694267868995667,0.00014382485824171454,0.13033434748649597,6.855701212771237e-05,Sensor
/home/lmy/iot-device-classification/dataset/sensor/round2_normal/sensor_r2.pcapng,R2,313,3133.179714679718,0.0002407472929917276,0.5743384957313538,0.001501724706031382,0.4238090217113495,0.0001100035005947575,Sensor
/home/lmy/iot-device-classification/dataset/sensor/round2_normal/sensor_r2.pcapng,R2,314,3141.216541528702,0.0001719863066682592,0.8482139110565186,0.001338362693786621,0.15021571516990662,6.00280545768328e-05,Sensor
/home/lmy/iot-device-classification/dataset/sensor/round2_normal/sensor_r2.pcapng,R2,315,3151.9268679618835,0.0005692674894817173,0.020955758169293404,0.0011413719039410353,0.977260172367096,7.335341797443107e-05,Sensor
/home/lmy/iot-device-classification/dataset/sensor/round2_normal/sensor_r2.pcapng,R2,316,3162.3262412548065,1.9099032215308398e-05,0.6721052527427673,0.00012614500883501023,0.3277079164981842,4.1590119508327916e-05,Sensor
/home/lmy/iot-device-classification/dataset/sensor/round2_normal/sensor_r2.pcapng,R2,317,3171.247684240341,4.592414916260168e-05,0.9933590292930603,0.00123215198982507,0.0052986242808401585,6.432583904825151e-05,Sensor
/home/lmy/iot-device-classification/dataset/sensor/round2_normal/sensor_r2.pcapng,R2,318,3180.546797513962,0.0006021413719281554,0.009377747774124146,0.0024295486509799957,0.9875269532203674,6.365805893437937e-05,Sensor
/home/lmy/iot-device-classification/dataset/sensor/round2_normal/sensor_r2.pcapng,R2,319,3193.5285770893097,1.8216553144156933e-05,0.6238102316856384,0.00025205136626027524,0.3758871853351593,3.228485365980305e-05,Sensor
/home/lmy/iot-device-classification/dataset/sensor/round2_normal/sensor_r2.pcapng,R2,320,3201.267081975937,0.010242401622235775,0.5474259853363037,0.0016451339470222592,0.44059789180755615,8.86024790816009e-05,Sensor
/home/lmy/iot-device-classification/dataset/sensor/round2_normal/sensor_r2.pcapng,R2,321,3212.2462754249573,2.786882578220684e-05,0.7010473608970642,0.00042545574251562357,0.2984243631362915,7.493203884223476e-05,Sensor
/home/lmy/iot-device-classification/dataset/sensor/round2_normal/sensor_r2.pcapng,R2,322,3223.633684873581,0.0012160310288891196,0.21164235472679138,0.0023278582375496626,0.7845441699028015,0.00026959419483318925,Sensor
/home/lmy/iot-device-classification/dataset/sensor/round2_normal/sensor_r2.pcapng,R2,323,3231.2805058956146,0.00018658384215086699,0.8831350803375244,0.0015765888383612037,0.11507029086351395,3.1410116207553074e-05,Sensor
/home/lmy/iot-device-classification/dataset/sensor/round2_normal/sensor_r2.pcapng,R2,324,3243.4587829113007,0.00011254674609517679,0.6961281299591064,9.914527618093416e-05,0.30357861518859863,8.155242539942265e-05,Sensor
/home/lmy/iot-device-classification/dataset/sensor/round2_normal/sensor_r2.pcapng,R2,325,3254.034036874771,0.0005147093324922025,0.009261411614716053,0.001104117021895945,0.9887608885765076,0.0003588563413359225,Sensor
/home/lmy/iot-device-classification/dataset/sensor/round2_normal/sensor_r2.pcapng,R2,326,3261.2892100811005,5.672042607329786e-05,0.9349665641784668,0.0006435700342990458,0.06426806002855301,6.507036596303806e-05,Sensor
/home/lmy/iot-device-classification/dataset/sensor/round2_normal/sensor_r2.pcapng,R2,327,3274.033725261688,5.014852649765089e-05,0.032418642193078995,0.00020153963123448193,0.9672625660896301,6.70449880999513e-05,Sensor
/home/lmy/iot-device-classification/dataset/sensor/round2_normal/sensor_r2.pcapng,R2,328,3282.96857881546,1.634298860153649e-05,0.38102975487709045,0.0005434509366750717,0.6183682680130005,4.2221035982947797e-05,Sensor
/home/lmy/iot-device-classification/dataset/sensor/round2_normal/sensor_r2.pcapng,R2,329,3291.338315963745,0.005862332880496979,0.10820404440164566,0.003018040210008621,0.8826860785484314,0.00022948996047489345,Sensor
/home/lmy/iot-device-classification/dataset/sensor/round2_normal/sensor_r2.pcapng,R2,330,3304.1127831935883,1.3178909284761176e-05,0.055431731045246124,0.00012960929598193616,0.9443758130073547,4.9626047257333994e-05,Sensor
/home/lmy/iot-device-classification/dataset/sensor/round2_normal/sensor_r2.pcapng,R2,331,3314.333526372909,5.3153275075601414e-05,0.15849074721336365,0.0007149281445890665,0.8405904769897461,0.00015069180517457426,Sensor
/home/lmy/iot-device-classification/dataset/sensor/round2_normal/sensor_r2.pcapng,R2,332,3321.345742225647,0.002510592807084322,0.1238999292254448,0.00228745280764997,0.8712383508682251,6.369879702106118e-05,Sensor
/home/lmy/iot-device-classification/dataset/sensor/round2_normal/sensor_r2.pcapng,R2,333,3332.886128425598,6.084219057811424e-05,0.5944991111755371,8.67133421706967e-05,0.40529900789260864,5.437379877548665e-05,Sensor
/home/lmy/iot-device-classification/dataset/sensor/round2_normal/sensor_r2.pcapng,R2,334,3342.408815145493,0.0001087206183001399,0.546613335609436,0.014770986512303352,0.4382823705673218,0.00022459261526819319,Sensor
/home/lmy/iot-device-classification/dataset/sensor/round2_normal/sensor_r2.pcapng,R2,335,3351.376101255417,0.000133169669425115,0.9473768472671509,0.008475475013256073,0.04393765702843666,7.686341996304691e-05,Sensor
/home/lmy/iot-device-classification/dataset/sensor/round2_normal/sensor_r2.pcapng,R2,336,3364.5327231884003,4.003155117970891e-05,0.9207903146743774,0.0002743811928667128,0.07884667813777924,4.861746492679231e-05,Sensor
/home/lmy/iot-device-classification/dataset/sensor/round2_normal/sensor_r2.pcapng,R2,337,3372.4061958789825,4.230350168654695e-05,0.6490123271942139,0.00044641343993134797,0.3504464328289032,5.2569739636965096e-05,Sensor
/home/lmy/iot-device-classification/dataset/sensor/round2_normal/sensor_r2.pcapng,R2,338,3381.407458782196,6.103589385020314e-06,0.9811486601829529,0.000599683728069067,0.018220486119389534,2.5119688871200196e-05,Sensor
/home/lmy/iot-device-classification/dataset/sensor/round2_normal/sensor_r2.pcapng,R2,339,3394.8326506614685,2.4944623874034733e-05,0.9279568195343018,5.1125087338732556e-05,0.07193512469530106,3.204278982593678e-05,Sensor
/home/lmy/iot-device-classification/dataset/sensor/round2_normal/sensor_r2.pcapng,R2,340,3403.873057603836,3.243772516725585e-05,0.8960248827934265,0.00012762424012180418,0.1037839725613594,3.1136354664340615e-05,Sensor
/home/lmy/iot-device-classification/dataset/sensor/round2_normal/sensor_r2.pcapng,R2,341,3411.4372050762177,0.0006742558325640857,0.8994186520576477,0.0009450051002204418,0.09890048950910568,6.160579505376518e-05,Sensor
/home/lmy/iot-device-classification/dataset/sensor/round2_normal/sensor_r2.pcapng,R2,342,3422.3305826187134,5.545523890759796e-05,0.6331846714019775,0.00015288073336705565,0.36656051874160767,4.6436060074483976e-05,Sensor
/home/lmy/iot-device-classification/dataset/sensor/round2_normal/sensor_r2.pcapng,R2,343,3432.7289204597478,4.817332956008613e-05,0.6021052598953247,0.00010907053365372121,0.3976789116859436,5.8595269365468994e-05,Sensor
/home/lmy/iot-device-classification/dataset/sensor/round2_normal/sensor_r2.pcapng,R2,344,3440.1508922576904,0.00029958231607452035,0.9410688877105713,0.002004375448450446,0.05649121105670929,0.00013592782488558441,Sensor
/home/lmy/iot-device-classification/dataset/sensor/round2_normal/sensor_r2.pcapng,R2,345,3455.111474275589,0.00013875686272513121,0.542022705078125,0.00039980310248211026,0.4572940170764923,0.00014475207717623562,Sensor
/home/lmy/iot-device-classification/dataset/sensor/round2_normal/sensor_r2.pcapng,R2,346,3463.9259531497955,3.5529192246031016e-05,0.863404393196106,0.00020420266082510352,0.13626252114772797,9.338386007584631e-05,Sensor
/home/lmy/iot-device-classification/dataset/sensor/round2_normal/sensor_r2.pcapng,R2,347,3471.4958708286285,0.0023497324436903,0.8795017600059509,0.0036262862849980593,0.11405470222234726,0.0004674411902669817,Sensor
/home/lmy/iot-device-classification/dataset/sensor/round2_normal/sensor_r2.pcapng,R2,348,3480.634381055832,3.0551869713235646e-05,0.9793171882629395,0.00017174721870105714,0.02042100578546524,5.945208249613643e-05,Sensor
/home/lmy/iot-device-classification/dataset/sensor/round2_normal/sensor_r2.pcapng,R2,349,3493.75984621048,0.00024438995751552284,0.8249086141586304,0.0008268480305559933,0.17383453249931335,0.00018560867465566844,Sensor
/home/lmy/iot-device-classification/dataset/sensor/round2_normal/sensor_r2.pcapng,R2,350,3501.526156425476,0.00015756647917442024,0.8803482055664062,0.002890503266826272,0.11653067171573639,7.303264283109456e-05,Sensor
/home/lmy/iot-device-classification/dataset/sensor/round2_normal/sensor_r2.pcapng,R2,351,3513.84428191185,9.910402877721936e-05,0.7961896657943726,0.00022662260744255036,0.2033362090587616,0.00014839923824183643,Sensor
/home/lmy/iot-device-classification/dataset/sensor/round2_normal/sensor_r2.pcapng,R2,352,3520.710800409317,0.0002729124971665442,0.6841023564338684,0.0003211413568351418,0.31512993574142456,0.0001737045095069334,Sensor
/home/lmy/iot-device-classification/dataset/sensor/round2_normal/sensor_r2.pcapng,R2,353,3531.545145511627,0.0007198273669928312,0.47731858491897583,0.0018664572853595018,0.5197871923446655,0.00030793770565651357,Sensor
/home/lmy/iot-device-classification/dataset/sensor/round2_normal/sensor_r2.pcapng,R2,354,3545.0442230701447,3.6776327760890126e-05,0.8890817165374756,0.00019640274695120752,0.11063898354768753,4.6128425310598686e-05,Sensor
/home/lmy/iot-device-classification/dataset/sensor/round2_normal/sensor_r2.pcapng,R2,355,3553.3749539852142,2.1264269889798015e-05,0.837852954864502,0.00014881259994581342,0.1619466096162796,3.0338884243974462e-05,Sensor
/home/lmy/iot-device-classification/dataset/sensor/round2_normal/sensor_r2.pcapng,R2,356,3561.0313444137573,0.0012694904580712318,0.8496447205543518,0.007119070738554001,0.14186887443065643,9.779872198123485e-05,Sensor
/home/lmy/iot-device-classification/dataset/sensor/round2_normal/sensor_r2.pcapng,R2,357,3574.1676847934723,0.00011342347715981305,0.6206843256950378,0.001080092042684555,0.3779962658882141,0.0001258966512978077,Sensor
/home/lmy/iot-device-classification/dataset/sensor/round2_normal/sensor_r2.pcapng,R2,358,3583.7585620880127,0.0009957414586097002,0.7233248949050903,0.001269840868189931,0.27431541681289673,9.408202458871529e-05,Sensor
/home/lmy/iot-device-classification/dataset/sensor/round2_normal/sensor_r2.pcapng,R2,359,3591.5646183490758,0.0002954951487481594,0.992546021938324,0.0030137919820845127,0.0041062491945922375,3.837400799966417e-05,Sensor
/home/lmy/iot-device-classification/dataset/sensor/round2_normal/sensor_r2.pcapng,R2,360,3601.270005941391,1.9737455659196712e-05,0.9256607294082642,8.396041812375188e-05,0.07419543713331223,4.014071964775212e-05,Sensor
/home/lmy/iot-device-classification/dataset/sensor/round2_normal/sensor_r2.pcapng,R2,361,3615.7745842933655,3.51548551407177e-05,0.8099752068519592,0.00041647907346487045,0.18950706720352173,6.608486000914127e-05,Sensor
/home/lmy/iot-device-classification/dataset/sensor/round2_normal/sensor_r2.pcapng,R2,362,3621.593924283981,0.0002468592138029635,0.08094684779644012,0.0029893475584685802,0.915712296962738,0.00010462090722285211,Sensor
/home/lmy/iot-device-classification/dataset/socket/round2_normal/socket_r2.pcapng,R2,0,0.0,7.80532427597791e-05,0.000119885487947613,1.9535747924237512e-05,3.2288811780745164e-05,0.9997501969337463,Socket
/home/lmy/iot-device-classification/dataset/socket/round2_normal/socket_r2.pcapng,R2,1,10.0354585647583,0.00011609833018155769,2.9991164410603233e-05,3.795025622821413e-05,5.1228624215582386e-05,0.9997647404670715,Socket
/home/lmy/iot-device-classification/dataset/socket/round2_normal/socket_r2.pcapng,R2,2,20.081421852111816,0.00014413644385058433,0.00012682385568041354,2.8053118512616493e-05,4.592808909364976e-05,0.99965500831604,Socket
/home/lmy/iot-device-classification/dataset/socket/round2_normal/socket_r2.pcapng,R2,3,30.149226665496823,0.00013290726928971708,9.446105832466856e-05,1.5251204786181916e-05,6.571361154783517e-05,0.9996917247772217,Socket
/home/lmy/iot-device-classification/dataset/socket/round2_normal/socket_r2.pcapng,R2,4,40.24363803863525,3.9316557376878336e-05,0.00018828191969078034,1.415493170497939e-05,3.1188243156066164e-05,0.9997270703315735,Socket
/home/lmy/iot-device-classification/dataset/socket/round2_normal/socket_r2.pcapng,R2,5,50.100953102111816,9.960138413589448e-05,8.698861347511411e-05,3.441895387368277e-05,1.548018553876318e-05,0.999763548374176,Socket
/home/lmy/iot-device-classification/dataset/socket/round2_normal/socket_r2.pcapng,R2,6,60.40126705169678,0.00045016774674877524,0.0004133649345021695,2.0607114493031986e-05,3.766579902730882e-05,0.9990781545639038,Socket
/home/lmy/iot-device-classification/dataset/socket/round2_normal/socket_r2.pcapng,R2,7,70.19221138954163,8.068629540503025e-05,0.00021856553212273866,1.0822848707903177e-05,2.155901529476978e-05,0.9996683597564697,Socket
/home/lmy/iot-device-classification/dataset/socket/round2_normal/socket_r2.pcapng,R2,8,80.1516661643982,3.786870729527436e-05,0.000423399789724499,4.054417149745859e-05,1.339816844847519e-05,0.9994847774505615,Socket
/home/lmy/iot-device-classification/dataset/socket/round2_normal/socket_r2.pcapng,R2,9,90.14341592788696,0.0002889363677240908,0.000590245530474931,1.5065296793181915e-05,2.8218461011420004e-05,0.999077558517456,Socket
/home/lmy/iot-device-classification/dataset/socket/round2_normal/socket_r2.pcapng,R2,10,100.34294390678406,8.893143240129575e-05,0.00017103315622080117,1.0095233847096097e-05,2.0391844373079948e-05,0.9997095465660095,Socket
/home/lmy/iot-device-classification/dataset/socket/round2_normal/socket_r2.pcapng,R2,11,110.20170521736144,0.00010240454867016524,0.00017249130178242922,3.315103822387755e-05,1.3032967217441183e-05,0.9996789693832397,Socket
/home/lmy/iot-device-classification/dataset/socket/round2_normal/socket_r2.pcapng,R2,12,120.1942663192749,0.00033901084680110216,0.0005192502867430449,1.1590869689825922e-05,3.1257230148185045e-05,0.9990988969802856,Socket
/home/lmy/iot-device-classification/dataset/socket/round2_normal/socket_r2.pcapng,R2,13,130.3651101589203,0.0001089183206204325,0.00014898674271535128,2.6684072508942336e-05,2.4482922526658513e-05,0.9996910095214844,Socket
/home/lmy/iot-device-classification/dataset/socket/round2_normal/socket_r2.pcapng,R2,14,140.250905752182,8.830143633531407e-05,0.00014877048670314252,4.15217291447334e-05,1.812136179069057e-05,0.9997032284736633,Socket
/home/lmy/iot-device-classification/dataset/socket/round2_normal/socket_r2.pcapng,R2,15,150.2439162731171,0.00037399641587398946,0.0003787681635003537,1.3339532415557187e-05,5.508997492142953e-05,0.9991788268089294,Socket
/home/lmy/iot-device-classification/dataset/socket/round2_normal/socket_r2.pcapng,R2,16,160.2053942680359,9.891563968267292e-05,0.00011949039617320523,5.067161691840738e-05,2.115024472004734e-05,0.9997097849845886,Socket
/home/lmy/iot-device-classification/dataset/socket/round2_normal/socket_r2.pcapng,R2,17,170.30240631103516,0.00010676270903786644,0.00013709845370613039,3.716913488460705e-05,2.2731917852070183e-05,0.9996962547302246,Socket
/home/lmy/iot-device-classification/dataset/socket/round2_normal/socket_r2.pcapng,R2,18,180.2952525615692,3.540336183505133e-05,0.0006482605240307748,2.1781301256851293e-05,4.3678435758920386e-05,0.9992508292198181,Socket
/home/lmy/iot-device-classification/dataset/socket/round2_normal/socket_r2.pcapng,R2,19,190.2590570449829,8.092281495919451e-05,0.0001499774371040985,3.509906309773214e-05,3.2017604098655283e-05,0.9997019171714783,Socket
/home/lmy/iot-device-classification/dataset/socket/round2_normal/socket_r2.pcapng,R2,20,200.2504050731659,0.00013585852866526693,2.3133545255404897e-05,3.075864151469432e-05,6.783743447158486e-05,0.9997424483299255,Socket
/home/lmy/iot-device-classification/dataset/socket/round2_normal/socket_r2.pcapng,R2,21,210.3134458065033,0.0001296791306231171,1.5217135114653502e-05,2.08811616175808e-05,4.526865450316109e-05,0.9997889399528503,Socket
/home/lmy/iot-device-classification/dataset/socket/round2_normal/socket_r2.pcapng,R2,22,220.3052880764008,0.00013176571519579738,3.0371968023246154e-05,1.2835769666708075e-05,3.160815322189592e-05,0.9997934699058533,Socket
/home/lmy/iot-device-classification/dataset/socket/round2_normal/socket_r2.pcapng,R2,23,230.29807257652283,0.00010829913662746549,0.0002138888230547309,1.363810952170752e-05,1.6982972738333046e-05,0.9996471405029297,Socket
/home/lmy/iot-device-classification/dataset/socket/round2_normal/socket_r2.pcapng,R2,24,240.3627758026123,0.00034036565921269357,6.792847852921113e-05,9.279901860281825e-06,5.320206764736213e-05,0.999529242515564,Socket
/home/lmy/iot-device-classification/dataset/socket/round2_normal/socket_r2.pcapng,R2,25,250.35799193382263,8.985727617982775e-05,3.865428880089894e-05,1.1922100384254009e-05,2.024245804932434e-05,0.9998393058776855,Socket
/home/lmy/iot-device-classification/dataset/socket/round2_normal/socket_r2.pcapng,R2,26,260.3595037460327,6.65212792227976e-05,0.0001765760243870318,1.2277125279069878e-05,1.5531482858932577e-05,0.9997290968894958,Socket
/home/lmy/iot-device-classification/dataset/socket/round2_normal/socket_r2.pcapng,R2,27,270.31142497062683,0.00011226701462874189,1.882963624666445e-05,3.3491163776488975e-05,4.632268974091858e-05,0.9997890591621399,Socket
/home/lmy/iot-device-classification/dataset/socket/round2_normal/socket_r2.pcapng,R2,28,280.4058766365051,8.450813766103238e-05,0.00011157244443893433,2.5417659344384447e-05,5.1839215302607045e-05,0.9997265934944153,Socket
/home/lmy/iot-device-classification/dataset/socket/round2_normal/socket_r2.pcapng,R2,29,290.5044903755188,9.564591891830787e-05,0.0001759135484462604,5.361996227293275e-05,1.7720780306262895e-05,0.999657154083252,Socket
/home/lmy/iot-device-classification/dataset/socket/round2_normal/socket_r2.pcapng,R2,30,300.3603706359863,0.0003466157941147685,7.973611354827881e-05,1.1777238796639722e-05,6.852149090263993e-05,0.9994933605194092,Socket
/home/lmy/iot-device-classification/dataset/socket/round2_normal/socket_r2.pcapng,R2,31,310.3527891635895,6.538586603710428e-05,4.4842337956652045e-05,1.4677954823127948e-05,3.347114397911355e-05,0.999841570854187,Socket
/home/lmy/iot-device-classification/dataset/socket/round2_normal/socket_r2.pcapng,R2,32,320.41764760017395,7.218382961582392e-05,3.805475353146903e-05,1.0473654583620373e-05,4.281116707716137e-05,0.9998364448547363,Socket
/home/lmy/iot-device-classification/dataset/socket/round2_normal/socket_r2.pcapng,R2,33,330.4084310531616,9.382477583130822e-05,8.89931743586203e-06,1.9510587662807666e-05,0.00011265428474871442,0.9997650980949402,Socket
/home/lmy/iot-device-classification/dataset/socket/round2_normal/socket_r2.pcapng,R2,34,340.40340209007263,9.311090980190784e-05,3.499056037981063e-05,2.5974150048568845e-05,2.8979851776966825e-05,0.9998169541358948,Socket
/home/lmy/iot-device-classification/dataset/socket/round2_normal/socket_r2.pcapng,R2,35,350.4670686721802,0.00010747712076408789,2.332251642656047e-05,1.290716500079725e-05,2.9295479180291295e-05,0.9998270869255066,Socket
/home/lmy/iot-device-classification/dataset/socket/round2_normal/socket_r2.pcapng,R2,36,360.4571034908295,0.00010346658382331952,7.482653018087149e-06,5.080111441202462e-05,9.186672104988247e-05,0.9997463822364807,Socket
/home/lmy/iot-device-classification/dataset/socket/round2_normal/socket_r2.pcapng,R2,37,370.4520449638367,9.160355693893507e-05,0.0001322405005339533,1.3452239727484994e-05,2.6974887077813037e-05,0.9997357726097107,Socket
/home/lmy/iot-device-classification/dataset/socket/round2_normal/socket_r2.pcapng,R2,38,380.514390707016,9.466891060583293e-05,1.917354529723525e-05,3.2191113859880716e-05,3.2917061616899446e-05,0.999821126461029,Socket
/home/lmy/iot-device-classification/dataset/socket/round2_normal/socket_r2.pcapng,R2,39,390.5044915676117,0.0003374017251189798,5.9446480008773506e-05,1.491860439273296e-05,3.802129867835902e-05,0.9995501637458801,Socket
/home/lmy/iot-device-classification/dataset/socket/round2_normal/socket_r2.pcapng,R2,40,400.4687297344208,6.891368684591725e-05,3.0186543881427497e-05,3.295565693406388e-05,2.1354022464947775e-05,0.9998465776443481,Socket
/home/lmy/iot-device-classification/dataset/socket/round2_normal/socket_r2.pcapng,R2,41,410.4595935344696,0.00010039644985226914,1.671032077865675e-05,3.027712955372408e-05,4.8022451665019616e-05,0.9998045563697815,Socket
/home/lmy/iot-device-classification/dataset/socket/round2_normal/socket_r2.pcapng,R2,42,420.4510509967804,0.00042292088619433343,4.922939115203917e-05,1.1702207302732859e-05,5.680199319613166e-05,0.9994593262672424,Socket
/home/lmy/iot-device-classification/dataset/socket/round2_normal/socket_r2.pcapng,R2,43,430.0691819190979,0.00010648600436979905,1.057719964592252e-05,3.7620426155626774e-05,2.4479939384036697e-05,0.99982088804245,Socket
/home/lmy/iot-device-classification/dataset/socket/round2_normal/socket_r2.pcapng,R2,44,440.5084993839264,7.084842945914716e-05,1.5158321730268653e-05,5.9345646150177345e-05,2.614383993204683e-05,0.9998284578323364,Socket
/home/lmy/iot-device-classification/dataset/socket/round2_normal/socket_r2.pcapng,R2,45,450.4997470378876,0.0004139041411690414,3.4697630326263607e-05,1.0482429388503078e-05,5.980298010399565e-05,0.9994811415672302,Socket
/home/lmy/iot-device-classification/dataset/socket/round2_normal/socket_r2.pcapng,R2,46,460.05536556243896,6.886925984872505e-05,2.714432957873214e-05,1.8339747839490883e-05,3.1709703762317076e-05,0.9998539686203003,Socket
/home/lmy/iot-device-classification/dataset/socket/round2_normal/socket_r2.pcapng,R2,47,470.2123441696167,9.521873289486393e-05,1.3461619346344378e-05,9.500507076154463e-06,4.418696335051209e-05,0.9998376369476318,Socket
/home/lmy/iot-device-classification/dataset/socket/round2_normal/socket_r2.pcapng,R2,48,480.00242853164673,0.00033780024386942387,4.6364133595488966e-05,1.1822284250229131e-05,4.974496550858021e-05,0.9995542168617249,Socket
/home/lmy/iot-device-classification/dataset/socket/round2_normal/socket_r2.pcapng,R2,49,490.6170339584351,3.722761175595224e-05,0.00011989094491582364,3.2587886380497366e-05,2.7866135496878996e-05,0.999782383441925,Socket
/home/lmy/iot-device-classification/dataset/socket/round2_normal/socket_r2.pcapng,R2,50,500.51661229133606,3.7984125810908154e-05,2.0156794562353753e-05,1.1453734259703197e-05,3.851376459351741e-05,0.9998918771743774,Socket
/home/lmy/iot-device-classification/dataset/socket/round2_normal/socket_r2.pcapng,R2,51,510.57012009620667,0.0004828423261642456,9.096526628127322e-05,1.1778152838815004e-05,5.134756429470144e-05,0.999363124370575,Socket
/home/lmy/iot-device-classification/dataset/socket/round2_normal/socket_r2.pcapng,R2,52,520.3978259563446,8.945225999923423e-05,0.0001399440225213766,2.9403714506770484e-05,2.2007878214935772e-05,0.9997192025184631,Socket
/home/lmy/iot-device-classification/dataset/socket/round2_normal/socket_r2.pcapng,R2,53,530.1960287094116,0.00010093380842590705,1.6965028407867067e-05,3.167055547237396e-05,2.8400510927895084e-05,0.9998220801353455,Socket
/home/lmy/iot-device-classification/dataset/socket/round2_normal/socket_r2.pcapng,R2,54,540.0290551185608,0.00035452289739623666,0.0001010733685689047,8.670161150803324e-06,5.6973887694766745e-05,0.9994787573814392,Socket
/home/lmy/iot-device-classification/dataset/socket/round2_normal/socket_r2.pcapng,R2,55,550.6129779815674,0.00011206744238734245,0.00011067292507505044,1.0059441592602525e-05,3.878070128848776e-05,0.9997283816337585,Socket
/home/lmy/iot-device-classification/dataset/socket/round2_normal/socket_r2.pcapng,R2,56,560.6565310955048,0.00011844656546600163,2.4783676053630188e-05,2.2792046365793794e-05,5.285838051349856e-05,0.99978107213974,Socket
/home/lmy/iot-device-classification/dataset/socket/round2_normal/socket_r2.pcapng,R2,57,570.4344069957733,0.0004247001779731363,6.265466072363779e-05,9.363089702674188e-06,3.707870564539917e-05,0.9994662404060364,Socket
/home/lmy/iot-device-classification/dataset/socket/round2_normal/socket_r2.pcapng,R2,58,580.2362542152405,0.00010331772500649095,2.8590711735887453e-05,1.1871848073496949e-05,3.134988583042286e-05,0.9998249411582947,Socket
/home/lmy/iot-device-classification/dataset/socket/round2_normal/socket_r2.pcapng,R2,59,590.0463454723358,0.00010575220949249342,1.0889993063756265e-05,2.7971242161584087e-05,4.2881038098130375e-05,0.9998125433921814,Socket
/home/lmy/iot-device-classification/dataset/socket/round2_normal/socket_r2.pcapng,R2,60,600.7152976989746,0.00010478504555067047,1.3258108992886264e-05,2.2299918782664463e-05,6.132369890110567e-05,0.9997983574867249,Socket
/home/lmy/iot-device-classification/dataset/socket/round2_normal/socket_r2.pcapng,R2,61,610.7084527015686,0.0003135281440336257,2.2992404410615563e-05,3.853096495731734e-05,4.465946403797716e-05,0.9995803236961365,Socket
/home/lmy/iot-device-classification/dataset/socket/round2_normal/socket_r2.pcapng,R2,62,620.261754989624,0.00010052838479168713,3.716663923114538e-05,3.098954039160162e-05,2.104263512592297e-05,0.9998102784156799,Socket
/home/lmy/iot-device-classification/dataset/socket/round2_normal/socket_r2.pcapng,R2,63,630.4339077472687,0.00010526493861107156,0.000412935420172289,2.1511996237677522e-05,5.8298766816733405e-05,0.9994020462036133,Socket
/home/lmy/iot-device-classification/dataset/socket/round2_normal/socket_r2.pcapng,R2,64,640.861083984375,6.0146048781462014e-05,2.7103922548121773e-05,2.0582248907885514e-05,4.201310366624966e-05,0.9998501539230347,Socket
/home/lmy/iot-device-classification/dataset/socket/round2_normal/socket_r2.pcapng,R2,65,650.7202453613281,0.00010367467621108517,3.248933717259206e-05,1.3379912161326502e-05,3.170531999785453e-05,0.999818742275238,Socket
/home/lmy/iot-device-classification/dataset/socket/round2_normal/socket_r2.pcapng,R2,66,660.7136373519897,0.0001663336151978001,1.5181874914560467e-05,1.7771733837435022e-05,6.844649033155292e-05,0.9997321963310242,Socket
/home/lmy/iot-device-classification/dataset/socket/round2_normal/socket_r2.pcapng,R2,67,670.7668206691742,5.222240724833682e-05,4.5014363422524184e-05,1.9706754756043665e-05,4.347118010628037e-05,0.9998395442962646,Socket
/home/lmy/iot-device-classification/dataset/socket/round2_normal/socket_r2.pcapng,R2,68,680.5104551315308,3.599255796871148e-05,0.00012598390458151698,2.700766890484374e-05,2.4272860173368827e-05,0.9997867941856384,Socket
/home/lmy/iot-device-classification/dataset/socket/round2_normal/socket_r2.pcapng,R2,69,690.7640838623047,0.0003291925822850317,0.0005234038690105081,1.4381901564775035e-05,5.3855164878768846e-05,0.9990791082382202,Socket
/home/lmy/iot-device-classification/dataset/socket/round2_normal/socket_r2.pcapng,R2,70,700.7241053581238,6.968018715269864e-05,4.029477349831723e-05,2.1801384718855843e-05,2.9707422072533518e-05,0.9998384714126587,Socket
/home/lmy/iot-device-classification/dataset/socket/round2_normal/socket_r2.pcapng,R2,71,710.8184490203857,8.955775410868227e-05,0.0001503886451246217,8.392045856453478e-06,2.8769178243237548e-05,0.9997228980064392,Socket
/home/lmy/iot-device-classification/dataset/socket/round2_normal/socket_r2.pcapng,R2,72,720.4883053302765,0.00018591513799037784,5.7295368605991825e-05,1.3309932910487987e-05,4.161697142990306e-05,0.9997017979621887,Socket
/home/lmy/iot-device-classification/dataset/socket/round2_normal/socket_r2.pcapng,R2,73,730.7729177474976,0.0001200249171233736,8.791047730483115e-05,0.00012989599781576544,4.0917388105299324e-05,0.9996212720870972,Socket
/home/lmy/iot-device-classification/dataset/socket/round2_normal/socket_r2.pcapng,R2,74,740.7656590938568,9.963586489902809e-05,0.0001323144242633134,3.1062802008818835e-05,3.078940062550828e-05,0.9997062087059021,Socket
/home/lmy/iot-device-classification/dataset/socket/round2_normal/socket_r2.pcapng,R2,75,750.8296678066254,0.0003408500924706459,5.0902039220090955e-05,4.791650644619949e-05,5.1208397053414956e-05,0.9995090961456299,Socket
/home/lmy/iot-device-classification/dataset/socket/round2_normal/socket_r2.pcapng,R2,76,760.8216223716736,0.00010350420780014247,0.0001335737033514306,2.557492916821502e-05,4.412457565194927e-05,0.9996932744979858,Socket
/home/lmy/iot-device-classification/dataset/socket/round2_normal/socket_r2.pcapng,R2,77,770.8168835639954,1.9551478544599377e-05,0.0002799427602440119,8.019122105906717e-06,4.231048660585657e-05,0.9996501207351685,Socket
/home/lmy/iot-device-classification/dataset/socket/round2_normal/socket_r2.pcapng,R2,78,780.8857326507568,0.00033948131022043526,0.0004862569330725819,1.1288929272268433e-05,3.5877681511919945e-05,0.9991270899772644,Socket
/home/lmy/iot-device-classification/dataset/socket/round2_normal/socket_r2.pcapng,R2,79,790.8712651729584,7.011471461737528e-05,1.0069358722830657e-05,2.5507872123853303e-05,2.553286867623683e-05,0.9998687505722046,Socket
/home/lmy/iot-device-classification/dataset/socket/round2_normal/socket_r2.pcapng,R2,80,800.9677557945251,7.9313300375361e-05,9.27470755414106e-05,1.3652771485794801e-05,2.1540734451264143e-05,0.999792754650116,Socket
/home/lmy/iot-device-classification/dataset/socket/round2_normal/socket_r2.pcapng,R2,81,810.9287626743317,0.0003104150528088212,0.0004228984471410513,1.5635547242709436e-05,4.965726475347765e-05,0.9992013573646545,Socket
/home/lmy/iot-device-classification/dataset/socket/round2_normal/socket_r2.pcapng,R2,82,820.9236838817596,7.974649633979425e-05,4.6677872887812555e-05,2.3267810320248827e-05,3.0428407626459375e-05,0.9998199343681335,Socket
/home/lmy/iot-device-classification/dataset/socket/round2_normal/socket_r2.pcapng,R2,83,830.885570526123,0.00010157731594517827,0.00017165196186397225,3.14067438011989e-05,2.492489875294268e-05,0.9996705055236816,Socket
/home/lmy/iot-device-classification/dataset/socket/round2_normal/socket_r2.pcapng,R2,84,840.8775222301483,0.00033686793176457286,0.0008769177948124707,1.3910924280935433e-05,3.280584132880904e-05,0.9987395405769348,Socket
/home/lmy/iot-device-classification/dataset/socket/round2_normal/socket_r2.pcapng,R2,85,850.9714915752411,5.737600440625101e-05,0.00018594365974422544,1.7454593034926802e-05,4.241108399583027e-05,0.9996968507766724,Socket
/home/lmy/iot-device-classification/dataset/socket/round2_normal/socket_r2.pcapng,R2,86,860.5057051181793,4.4194785004947335e-05,0.000205288699362427,2.7840520488098264e-05,2.83614808722632e-05,0.9996943473815918,Socket
/home/lmy/iot-device-classification/dataset/socket/round2_normal/socket_r2.pcapng,R2,87,870.926198720932,0.0004322358581703156,0.00010217975068371743,9.403249350725673e-06,4.930569411953911e-05,0.9994069337844849,Socket
/home/lmy/iot-device-classification/dataset/socket/round2_normal/socket_r2.pcapng,R2,88,880.9182274341583,0.00028630552696995437,0.0002086239110212773,0.0002595618716441095,3.663361712824553e-05,0.9992088675498962,Socket
/home/lmy/iot-device-classification/dataset/socket/round2_normal/socket_r2.pcapng,R2,89,890.9845218658447,9.84983635134995e-05,0.00011388999701011926,2.5284436560468748e-05,2.655151365615893e-05,0.9997357726097107,Socket
/home/lmy/iot-device-classification/dataset/socket/round2_normal/socket_r2.pcapng,R2,90,900.9814703464508,0.0003067709621973336,7.841993647161871e-05,1.2051644262101036e-05,4.3523486965568736e-05,0.999559223651886,Socket
/home/lmy/iot-device-classification/dataset/socket/round2_normal/socket_r2.pcapng,R2,91,910.9396374225616,8.713371789781377e-05,0.00013715341628994793,1.3738715097133536e-05,3.124754221062176e-05,0.9997307658195496,Socket
/home/lmy/iot-device-classification/dataset/socket/round2_normal/socket_r2.pcapng,R2,92,921.0343472957612,0.00011744583025574684,0.00013921668869443238,2.672947448445484e-05,2.5047715098480694e-05,0.9996916055679321,Socket
/home/lmy/iot-device-classification/dataset/socket/round2_normal/socket_r2.pcapng,R2,93,931.0255441665648,0.00019451604748610407,0.0008904876885935664,1.0953957826131955e-05,2.644077358127106e-05,0.9988775849342346,Socket
/home/lmy/iot-device-classification/dataset/socket/round2_normal/socket_r2.pcapng,R2,94,940.7850654125214,0.00010503218072699383,2.8351401851978153e-05,1.455089841329027e-05,3.745216235984117e-05,0.9998146891593933,Socket
/home/lmy/iot-device-classification/dataset/socket/round2_normal/socket_r2.pcapng,R2,95,950.9829301834106,8.13245351309888e-05,0.00018078667926602066,9.790567673917394e-06,2.7572395993047394e-05,0.9997005462646484,Socket
/home/lmy/iot-device-classification/dataset/socket/round2_normal/socket_r2.pcapng,R2,96,961.0750875473022,0.00038602494169026613,7.771659147692844e-05,1.2623282600543462e-05,3.410959106986411e-05,0.9994895458221436,Socket
/home/lmy/iot-device-classification/dataset/socket/round2_normal/socket_r2.pcapng,R2,97,970.7316403388976,3.7574201996903867e-05,7.215013465611264e-05,5.222550316830166e-05,9.845666500041261e-05,0.9997395873069763,Socket
/home/lmy/iot-device-classification/dataset/socket/round2_normal/socket_r2.pcapng,R2,98,980.014011144638,6.867830961709842e-05,0.00012800315744243562,2.39473538385937e-05,3.156183083774522e-05,0.9997478127479553,Socket
/home/lmy/iot-device-classification/dataset/socket/round2_normal/socket_r2.pcapng,R2,99,990.4816193580627,8.018738299142569e-05,0.00016549063730053604,4.501928560785018e-05,4.2562434828141704e-05,0.999666690826416,Socket
/home/lmy/iot-device-classification/dataset/socket/round2_normal/socket_r2.pcapng,R2,100,1001.0935599803925,7.80218979343772e-05,9.629320265958086e-05,3.8472513551823795e-05,3.4275642974535e-05,0.999752938747406,Socket
/home/lmy/iot-device-classification/dataset/socket/round2_normal/socket_r2.pcapng,R2,101,1011.079916715622,8.249906386481598e-05,2.572967241576407e-05,3.228966306778602e-05,2.1994450435158797e-05,0.9998375177383423,Socket
/home/lmy/iot-device-classification/dataset/socket/round2_normal/socket_r2.pcapng,R2,102,1021.042952299118,0.0001009115221677348,4.2587540519889444e-05,1.2103799235774204e-05,0.00011444504343671724,0.9997299313545227,Socket
/home/lmy/iot-device-classification/dataset/socket/round2_normal/socket_r2.pcapng,R2,103,1031.137945175171,7.420645124511793e-05,3.519557503750548e-05,1.1053707567043602e-05,3.0284893000498414e-05,0.9998492002487183,Socket
/home/lmy/iot-device-classification/dataset/socket/round2_normal/socket_r2.pcapng,R2,104,1041.131029367447,8.569673809688538e-05,0.00015357701340690255,8.918716048356146e-06,3.140897024422884e-05,0.9997203946113586,Socket
/home/lmy/iot-device-classification/dataset/socket/round2_normal/socket_r2.pcapng,R2,105,1051.092408657074,0.00010192905028816313,6.947822839720175e-05,2.3450029402738437e-05,4.157305011176504e-05,0.999763548374176,Socket
/home/lmy/iot-device-classification/dataset/socket/round2_normal/socket_r2.pcapng,R2,106,1061.087486743927,9.569605754222721e-05,0.0001268976484425366,3.1512550776824355e-05,2.718676842050627e-05,0.9997187256813049,Socket
/home/lmy/iot-device-classification/dataset/socket/round2_normal/socket_r2.pcapng,R2,107,1071.2878286838531,0.00010346325143473223,9.168897668132558e-05,2.1705220206058584e-05,2.9797671231790446e-05,0.9997532963752747,Socket
/home/lmy/iot-device-classification/dataset/socket/round2_normal/socket_r2.pcapng,R2,108,1081.1431946754456,0.0003396479005459696,0.00047534058103337884,9.782941560843028e-06,4.0968185203382745e-05,0.9991342425346375,Socket
/home/lmy/iot-device-classification/dataset/socket/round2_normal/socket_r2.pcapng,R2,109,1091.1333918571472,0.00010803931945702061,9.42912811296992e-05,2.969644992845133e-05,3.178249971824698e-05,0.9997361302375793,Socket
/home/lmy/iot-device-classification/dataset/socket/round2_normal/socket_r2.pcapng,R2,110,1101.2008814811709,0.00010237529932055622,9.395220695296302e-05,2.518819019314833e-05,3.4265081922058016e-05,0.9997442364692688,Socket
/home/lmy/iot-device-classification/dataset/socket/round2_normal/socket_r2.pcapng,R2,111,1111.1898877620697,0.0002882064145524055,0.0005437067593447864,7.965697477629874e-06,3.053811451536603e-05,0.999129593372345,Socket
/home/lmy/iot-device-classification/dataset/socket/round2_normal/socket_r2.pcapng,R2,112,1121.190141916275,0.0001501802180428058,0.0001328163780272007,2.7361640604794957e-05,3.271900277468376e-05,0.9996569156646729,Socket
/home/lmy/iot-device-classification/dataset/socket/round2_normal/socket_r2.pcapng,R2,113,1131.1459579467771,0.0001338687725365162,0.00010226605081697926,3.7224464904284105e-05,3.070457751164213e-05,0.9996960163116455,Socket
/home/lmy/iot-device-classification/dataset/socket/round2_normal/socket_r2.pcapng,R2,114,1141.2394366264343,0.0002722740173339844,4.295319740776904e-05,8.19300112198107e-06,8.131968934321776e-05,0.9995952248573303,Socket
/home/lmy/iot-device-classification/dataset/socket/round2_normal/socket_r2.pcapng,R2,115,1151.33495759964,9.838571713771671e-05,0.00010371543612563983,2.1939677026239224e-05,3.053174077649601e-05,0.9997454285621643,Socket
/home/lmy/iot-device-classification/dataset/socket/round2_normal/socket_r2.pcapng,R2,116,1161.196683883667,8.842260285746306e-05,0.00013948409468866885,2.475245673849713e-05,2.3175738533609547e-05,0.9997240900993347,Socket
/home/lmy/iot-device-classification/dataset/socket/round2_normal/socket_r2.pcapng,R2,117,1170.4595029354095,0.00011374241876183078,0.0005444266134873033,1.858514042396564e-05,3.89499036828056e-05,0.9992843270301819,Socket
/home/lmy/iot-device-classification/dataset/socket/round2_normal/socket_r2.pcapng,R2,118,1181.2690711021423,0.00010902816575253382,9.497569408267736e-05,3.0431243430939503e-05,4.3126965465489775e-05,0.999722421169281,Socket
/home/lmy/iot-device-classification/dataset/socket/round2_normal/socket_r2.pcapng,R2,119,1191.2475385665894,8.474112109979615e-05,0.00014612464292440563,2.5262608687626198e-05,2.3898364815977402e-05,0.9997199177742004,Socket
/home/lmy/iot-device-classification/dataset/socket/round2_normal/socket_r2.pcapng,R2,120,1201.2404124736786,0.00033224461367353797,0.00031993124866858125,1.730851727188565e-05,7.236975216073915e-05,0.9992581009864807,Socket
/home/lmy/iot-device-classification/dataset/socket/round2_normal/socket_r2.pcapng,R2,121,1210.0804917812347,9.96421804302372e-05,0.00011048829037463292,2.8041407858836465e-05,3.1311970815295354e-05,0.9997305274009705,Socket
/home/lmy/iot-device-classification/dataset/socket/round2_normal/socket_r2.pcapng,R2,122,1221.3022847175598,6.254580512177199e-05,0.00013919667981099337,9.942488759406842e-06,2.600063817226328e-05,0.9997623562812805,Socket
/home/lmy/iot-device-classification/dataset/socket/round2_normal/socket_r2.pcapng,R2,123,1231.2890632152555,0.0003459258587099612,7.397913577733561e-05,9.98120322037721e-06,4.979918958269991e-05,0.9995203018188477,Socket
/home/lmy/iot-device-classification/dataset/socket/round2_normal/socket_r2.pcapng,R2,124,1241.351010799408,7.308783824555576e-05,6.85062914271839e-05,1.656444146647118e-05,2.9821141652064398e-05,0.9998120665550232,Socket
/home/lmy/iot-device-classification/dataset/socket/round2_normal/socket_r2.pcapng,R2,125,1250.0118081569672,5.980380592518486e-05,0.00018905334582086653,9.608532309357543e-06,2.4422135538770817e-05,0.9997170567512512,Socket
/home/lmy/iot-device-classification/dataset/socket/round2_normal/socket_r2.pcapng,R2,126,1261.3071303367617,0.0002428930310998112,0.00038044300163164735,7.970750630192924e-06,8.760901255300269e-05,0.999281108379364,Socket
/home/lmy/iot-device-classification/dataset/socket/round2_normal/socket_r2.pcapng,R2,127,1270.0467691421509,0.00010969841241603717,2.765686258499045e-05,2.9940410968265496e-05,2.0295919966883957e-05,0.9998124241828918,Socket
/home/lmy/iot-device-classification/dataset/socket/round2_normal/socket_r2.pcapng,R2,128,1280.0516245365145,0.00013651076005771756,0.0001359360321657732,2.4634593501104973e-05,4.6340941480593756e-05,0.9996565580368042,Socket
/home/lmy/iot-device-classification/dataset/socket/round2_normal/socket_r2.pcapng,R2,129,1290.433047056198,0.00013629422755911946,8.140075806295499e-05,1.4713264135934878e-05,6.189690611790866e-05,0.9997056126594543,Socket
/home/lmy/iot-device-classification/dataset/socket/round2_normal/socket_r2.pcapng,R2,130,1301.3483011722565,0.00013500431668944657,0.0001596202637301758,1.14371150630177e-05,4.287301271688193e-05,0.9996510744094849,Socket
/home/lmy/iot-device-classification/dataset/socket/round2_normal/socket_r2.pcapng,R2,131,1310.379272699356,4.482229269342497e-05,0.00021849400945939124,1.0603093869576696e-05,2.9273734980961308e-05,0.9996968507766724,Socket
/home/lmy/iot-device-classification/dataset/socket/round2_normal/socket_r2.pcapng,R2,132,1320.165246963501,0.00011485569120850414,0.00010395859862910584,1.8203319996246137e-05,5.234749914961867e-05,0.9997106194496155,Socket
/home/lmy/iot-device-classification/dataset/socket/round2_normal/socket_r2.pcapng,R2,133,1330.6795358657837,0.00011567986075533554,0.000323561136610806,1.5734896805952303e-05,1.7127846149378456e-05,0.9995279312133789,Socket
/home/lmy/iot-device-classification/dataset/socket/round2_normal/socket_r2.pcapng,R2,134,1341.3596739768982,8.709999383427203e-05,0.00017872235912363976,9.133291314356029e-06,3.421574365347624e-05,0.9996908903121948,Socket
/home/lmy/iot-device-classification/dataset/socket/round2_normal/socket_r2.pcapng,R2,135,1350.5859985351562,0.0003098978486377746,0.0004630110925063491,1.6258372852462344e-05,4.1547704313416034e-05,0.9991693496704102,Socket
/home/lmy/iot-device-classification/dataset/socket/round2_normal/socket_r2.pcapng,R2,136,1360.4181411266327,0.00010503103112569079,0.0001851067936513573,2.7607185984379612e-05,2.7276446417090483e-05,0.99965500831604,Socket
/home/lmy/iot-device-classification/dataset/socket/round2_normal/socket_r2.pcapng,R2,137,1370.1954407691956,0.00011229696247028187,0.0001741643063724041,3.4528711694292724e-05,2.561608562245965e-05,0.9996533393859863,Socket
/home/lmy/iot-device-classification/dataset/socket/round2_normal/socket_r2.pcapng,R2,138,1380.0318031311035,0.00027278962079435587,0.00033869422622956336,1.2604728908627294e-05,4.1016919567482546e-05,0.9993348717689514,Socket
/home/lmy/iot-device-classification/dataset/socket/round2_normal/socket_r2.pcapng,R2,139,1391.4986543655396,3.716765786521137e-05,0.00041694159153848886,1.3022399798501283e-05,3.742510307347402e-05,0.9994953870773315,Socket
/home/lmy/iot-device-classification/dataset/socket/round2_normal/socket_r2.pcapng,R2,140,1400.3320019245148,5.8731027820613235e-05,0.00011496850493131205,2.4243607185781002e-05,1.575790338392835e-05,0.9997863173484802,Socket
/home/lmy/iot-device-classification/dataset/socket/round2_normal/socket_r2.pcapng,R2,141,1410.5867111682892,0.00022523141524288803,0.0005784534732811153,1.1636116141744424e-05,3.6835721402894706e-05,0.9991477727890015,Socket
/home/lmy/iot-device-classification/dataset/socket/round2_normal/socket_r2.pcapng,R2,142,1420.009646654129,0.0001028959741233848,2.7875052182935178e-05,3.121920599369332e-05,3.230739093851298e-05,0.999805748462677,Socket
/home/lmy/iot-device-classification/dataset/socket/round2_normal/socket_r2.pcapng,R2,143,1430.1749272346497,0.00010249658953398466,0.00019216809596400708,2.3178185074357316e-05,2.99128132610349e-05,0.9996522665023804,Socket
/home/lmy/iot-device-classification/dataset/socket/round2_normal/socket_r2.pcapng,R2,144,1440.578197479248,6.293749174801633e-05,0.0007476254249922931,1.6382877220166847e-05,4.825529322260991e-05,0.9991248250007629,Socket
/home/lmy/iot-device-classification/dataset/socket/round2_normal/socket_r2.pcapng,R2,145,1450.8450944423676,9.347113518742844e-05,2.8405806006048806e-05,2.92897875624476e-05,2.5325196475023404e-05,0.9998235106468201,Socket
/home/lmy/iot-device-classification/dataset/socket/round2_normal/socket_r2.pcapng,R2,146,1460.6547937393188,0.00010755819675978273,0.0001662947761360556,3.972790000261739e-05,2.6494990379433148e-05,0.9996598958969116,Socket
/home/lmy/iot-device-classification/dataset/socket/round2_normal/socket_r2.pcapng,R2,147,1470.4391784667969,0.0002551971119828522,0.0006817078683525324,9.152365237241611e-06,4.015409285784699e-05,0.9990137815475464,Socket
/home/lmy/iot-device-classification/dataset/socket/round2_normal/socket_r2.pcapng,R2,148,1481.3650393486023,0.00010418616147944704,0.00010850273247342557,7.673646177863702e-05,3.635367102106102e-05,0.9996742010116577,Socket
/home/lmy/iot-device-classification/dataset/socket/round2_normal/socket_r2.pcapng,R2,149,1490.888999223709,9.233927994500846e-05,0.00017165795725304633,3.3794367482187226e-05,2.3494689230574295e-05,0.9996787309646606,Socket
/home/lmy/iot-device-classification/dataset/socket/round2_normal/socket_r2.pcapng,R2,150,1500.9582090377808,0.0002644423511810601,0.00011903322592843324,9.243915883416776e-06,4.1927174606826156e-05,0.9995653033256531,Socket
/home/lmy/iot-device-classification/dataset/socket/round2_normal/socket_r2.pcapng,R2,151,1510.738403558731,7.910927524790168e-05,7.49499595258385e-05,2.532169128244277e-05,2.872389814001508e-05,0.9997919201850891,Socket
/home/lmy/iot-device-classification/dataset/socket/round2_normal/socket_r2.pcapng,R2,152,1521.3485481739044,9.84658399829641e-05,7.691627979511395e-05,2.4113069230224937e-05,2.4982733521028422e-05,0.9997755885124207,Socket
/home/lmy/iot-device-classification/dataset/socket/round2_normal/socket_r2.pcapng,R2,153,1530.083467721939,0.0003535529540386051,0.000533668848220259,1.1517956409079488e-05,6.053982724552043e-05,0.9990406632423401,Socket
/home/lmy/iot-device-classification/dataset/socket/round2_normal/socket_r2.pcapng,R2,154,1540.0772285461426,8.747432730160654e-05,3.151674536638893e-05,1.5311172319343314e-05,4.3401374568929896e-05,0.9998223185539246,Socket
/home/lmy/iot-device-classification/dataset/socket/round2_normal/socket_r2.pcapng,R2,155,1550.10192155838,7.466436363756657e-05,5.541714926948771e-05,2.750934800133109e-05,3.839336568489671e-05,0.9998040795326233,Socket
/home/lmy/iot-device-classification/dataset/socket/round2_normal/socket_r2.pcapng,R2,156,1560.0111799240112,0.000313658791128546,0.00036791700404137373,2.1741341697634198e-05,7.006995292613283e-05,0.9992265701293945,Socket
/home/lmy/iot-device-classification/dataset/socket/round2_normal/socket_r2.pcapng,R2,157,1570.027687072754,7.173097401391715e-05,3.1912462873151526e-05,3.6818699300056323e-05,3.558575554052368e-05,0.9998239874839783,Socket
/home/lmy/iot-device-classification/dataset/socket/round2_normal/socket_r2.pcapng,R2,158,1580.0900287628174,7.820762402843684e-05,0.00023832981241866946,2.569946627772879e-05,6.017680425429717e-05,0.9995976090431213,Socket
/home/lmy/iot-device-classification/dataset/socket/round2_normal/socket_r2.pcapng,R2,159,1590.0508978366852,0.000406870647566393,0.00045693505671806633,1.1286549124633893e-05,4.17064075008966e-05,0.9990831613540649,Socket
/home/lmy/iot-device-classification/dataset/socket/round2_normal/socket_r2.pcapng,R2,160,1600.1750237941742,8.705304935574532e-05,0.00016510032583028078,4.3314325012033805e-05,3.304214624222368e-05,0.999671459197998,Socket
/home/lmy/iot-device-classification/dataset/socket/round2_normal/socket_r2.pcapng,R2,161,1610.137011051178,0.0001728749630274251,0.00017284249770455062,3.834182643913664e-05,2.8855334676336497e-05,0.9995871186256409,Socket
/home/lmy/iot-device-classification/dataset/socket/round2_normal/socket_r2.pcapng,R2,162,1620.2296471595764,0.00027412077179178596,0.0003717976505868137,2.138986747013405e-05,2.500602204236202e-05,0.9993076324462891,Socket
/home/lmy/iot-device-classification/dataset/socket/round2_normal/socket_r2.pcapng,R2,163,1630.2943840026855,0.00016687950119376183,7.760173321003094e-05,3.512552575557493e-05,2.1891872165724635e-05,0.9996985197067261,Socket
/home/lmy/iot-device-classification/dataset/socket/round2_normal/socket_r2.pcapng,R2,164,1640.4920601844788,9.980892355088145e-05,8.74699981068261e-05,2.253549791930709e-05,2.0305742509663105e-05,0.9997698664665222,Socket
/home/lmy/iot-device-classification/dataset/socket/round2_normal/socket_r2.pcapng,R2,165,1650.381554603577,0.00039558159187436104,0.0003232481540180743,1.8859725969377905e-05,1.920104114105925e-05,0.9992431402206421,Socket
/home/lmy/iot-device-classification/dataset/socket/round2_normal/socket_r2.pcapng,R2,166,1660.4480204582214,7.96798340161331e-05,0.00014801541692577302,1.8508148059481755e-05,1.8631779312272556e-05,0.9997351765632629,Socket
/home/lmy/iot-device-classification/dataset/socket/round2_normal/socket_r2.pcapng,R2,167,1670.543006181717,8.661946776555851e-05,0.00017782655777409673,3.527184890117496e-05,1.609629180165939e-05,0.99968421459198,Socket
/home/lmy/iot-device-classification/dataset/socket/round2_normal/socket_r2.pcapng,R2,168,1680.6360697746277,0.000318683625664562,0.00044093202450312674,1.572723158460576e-05,2.4655866582179442e-05,0.9992000460624695,Socket
/home/lmy/iot-device-classification/dataset/socket/round2_normal/socket_r2.pcapng,R2,169,1690.7010509967804,0.00010816702706506476,0.0001373027916997671,3.153813668177463e-05,3.383515650057234e-05,0.9996892213821411,Socket
/home/lmy/iot-device-classification/dataset/socket/round2_normal/socket_r2.pcapng,R2,170,1700.796108007431,0.00010111367009812966,0.00015905380132608116,3.693661710713059e-05,2.2940090275369585e-05,0.9996799230575562,Socket
/home/lmy/iot-device-classification/dataset/socket/round2_normal/socket_r2.pcapng,R2,171,1710.788036584854,0.0003494299598969519,0.0004707945336122066,1.2826417332689743e-05,2.1883301087655127e-05,0.9991450309753418,Socket
/home/lmy/iot-device-classification/dataset/socket/round2_normal/socket_r2.pcapng,R2,172,1720.8553411960602,0.00010909239063039422,1.4967972674639896e-05,4.226743112667464e-05,2.5899262254824862e-05,0.9998077750205994,Socket
/home/lmy/iot-device-classification/dataset/socket/round2_normal/socket_r2.pcapng,R2,173,1731.055193901062,9.988735109800473e-05,2.946214772236999e-05,2.6932893888442777e-05,3.131656558252871e-05,0.9998124241828918,Socket
/home/lmy/iot-device-classification/dataset/socket/round2_normal/socket_r2.pcapng,R2,174,1741.123067855835,4.248377445037477e-05,0.0003863497113343328,2.0173143639112823e-05,0.00019471137784421444,0.9993563294410706,Socket
/home/lmy/iot-device-classification/dataset/socket/round2_normal/socket_r2.pcapng,R2,175,1751.2136981487274,5.315175440046005e-05,1.4039545931154862e-05,9.703296200314071e-06,4.026241003884934e-05,0.9998828172683716,Socket
/home/lmy/iot-device-classification/dataset/socket/round2_normal/socket_r2.pcapng,R2,176,1760.4831166267395,3.858076161122881e-05,9.164000221062452e-05,5.5472431995440274e-05,1.9268783944426104e-05,0.9997950196266174,Socket
/home/lmy/iot-device-classification/dataset/socket/round2_normal/socket_r2.pcapng,R2,177,1771.2670557498932,0.0005169720971025527,0.00012994068674743176,3.2110867323353887e-05,3.651019505923614e-05,0.9992844462394714,Socket
/home/lmy/iot-device-classification/dataset/socket/round2_normal/socket_r2.pcapng,R2,178,1781.2589399814606,0.00010952048614853993,2.6240008082822897e-05,2.112465153913945e-05,5.6521559599787e-05,0.9997865557670593,Socket
/home/lmy/iot-device-classification/dataset/socket/round2_normal/socket_r2.pcapng,R2,179,1791.3539106845856,9.383110591443256e-05,9.364056495542172e-06,3.882830060319975e-05,2.165956721000839e-05,0.9998363256454468,Socket
/home/lmy/iot-device-classification/dataset/socket/round2_normal/socket_r2.pcapng,R2,180,1801.4189007282257,0.00022554976749233902,4.849811375606805e-05,2.495400076441001e-05,3.184183515259065e-05,0.9996691942214966,Socket
/home/lmy/iot-device-classification/dataset/socket/round2_normal/socket_r2.pcapng,R2,181,1811.513012170792,0.00011133783118566498,0.00016584921104367822,3.8436763134086505e-05,2.1915357137913816e-05,0.9996625185012817,Socket
/home/lmy/iot-device-classification/dataset/socket/round2_normal/socket_r2.pcapng,R2,182,1821.504527807236,0.00012647909170482308,2.168361061194446e-05,2.982927435368765e-05,5.963041985523887e-05,0.9997623562812805,Socket
/home/lmy/iot-device-classification/dataset/socket/round2_normal/socket_r2.pcapng,R2,183,1831.6745018959043,0.00013068913540337235,2.316398786206264e-05,2.5539846319588833e-05,4.474203888094053e-05,0.9997758269309998,Socket
/home/lmy/iot-device-classification/dataset/socket/round2_normal/socket_r2.pcapng,R2,184,1841.6669325828552,8.24761955300346e-05,1.9570448785088956e-05,1.0269248377881013e-05,2.881444561353419e-05,0.9998588562011719,Socket
/home/lmy/iot-device-classification/dataset/socket/round2_normal/socket_r2.pcapng,R2,185,1851.7316510677335,8.250952669186518e-05,2.143286656064447e-05,2.7124966436531395e-05,2.8539368940982968e-05,0.9998403787612915,Socket
/home/lmy/iot-device-classification/dataset/socket/round2_normal/socket_r2.pcapng,R2,186,1861.8239574432373,0.00015415374946314842,7.884195838414598e-06,2.3513968699262477e-05,4.888320108875632e-05,0.9997655749320984,Socket
/home/lmy/iot-device-classification/dataset/socket/round2_normal/socket_r2.pcapng,R2,187,1871.922029018402,0.00012107961811125278,1.0725458196247928e-05,3.9742051740176976e-05,4.606519723893143e-05,0.999782383441925,Socket
/home/lmy/iot-device-classification/dataset/socket/round2_normal/socket_r2.pcapng,R2,188,1881.880867242813,0.0001357340661343187,0.00013562614913098514,2.4492332158843055e-05,2.181877789553255e-05,0.9996823072433472,Socket
/home/lmy/iot-device-classification/dataset/socket/round2_normal/socket_r2.pcapng,R2,189,1891.9750258922577,0.00037076399894431233,4.061787331011146e-05,7.434610779455397e-06,0.00022666370205115527,0.9993545413017273,Socket
/home/lmy/iot-device-classification/dataset/socket/round2_normal/socket_r2.pcapng,R2,190,1902.0742642879488,9.423347364645451e-05,8.591088771936484e-06,2.6866398911806755e-05,4.839389293920249e-05,0.9998219609260559,Socket
/home/lmy/iot-device-classification/dataset/socket/round2_normal/socket_r2.pcapng,R2,191,1912.032825946808,7.45162324164994e-05,1.8009897758020088e-05,2.3166312530520372e-05,3.481936437310651e-05,0.9998494386672974,Socket
/home/lmy/iot-device-classification/dataset/socket/round2_normal/socket_r2.pcapng,R2,192,1921.9224660396576,0.00016646867152303457,0.0004467159742489457,1.2193467227916699e-05,4.0785642340779305e-05,0.9993337988853455,Socket
/home/lmy/iot-device-classification/dataset/socket/round2_normal/socket_r2.pcapng,R2,193,1932.1200103759768,7.607350562466308e-05,9.444508577871602e-06,4.527937198872678e-05,5.9045130910817534e-05,0.9998101592063904,Socket
/home/lmy/iot-device-classification/dataset/socket/round2_normal/socket_r2.pcapng,R2,194,1941.9817597866056,0.00011648536747088656,2.722994759096764e-05,3.849050335702486e-05,1.8812124835676514e-05,0.9997989535331726,Socket
/home/lmy/iot-device-classification/dataset/socket/round2_normal/socket_r2.pcapng,R2,195,1951.9709622859957,0.00037838687421754,4.825417272513732e-05,1.210145273944363e-05,3.26917834172491e-05,0.9995285272598267,Socket
/home/lmy/iot-device-classification/dataset/socket/round2_normal/socket_r2.pcapng,R2,196,1962.036328792572,0.00010796555579872802,3.015707989106886e-05,2.9392936994554475e-05,2.211645733041223e-05,0.9998103976249695,Socket
/home/lmy/iot-device-classification/dataset/socket/round2_normal/socket_r2.pcapng,R2,197,1972.029610157013,7.246887980727479e-05,2.662261795194354e-05,3.829443812719546e-05,2.0771180061274208e-05,0.9998418092727661,Socket
/home/lmy/iot-device-classification/dataset/socket/round2_normal/socket_r2.pcapng,R2,198,1980.4559299945831,0.0001195274235215038,0.0003734897472895682,2.0738587409141473e-05,6.15480967098847e-05,0.9994246959686279,Socket
/home/lmy/iot-device-classification/dataset/socket/round2_normal/socket_r2.pcapng,R2,199,1992.0875451564789,8.715700823813677e-05,0.00015178087051026523,2.6913090550806373e-05,2.4115995984175242e-05,0.9997100234031677,Socket
/home/lmy/iot-device-classification/dataset/socket/round2_normal/socket_r2.pcapng,R2,200,2000.0007433891296,9.953469270840287e-05,2.647529800015036e-05,4.767131031258032e-05,2.1172845663386397e-05,0.9998051524162292,Socket
/home/lmy/iot-device-classification/dataset/socket/round2_normal/socket_r2.pcapng,R2,201,2010.0270237922668,0.00011527466995175928,3.6165914934827015e-05,1.72359559655888e-05,5.767442416981794e-05,0.9997736811637878,Socket
/home/lmy/iot-device-classification/dataset/socket/round2_normal/socket_r2.pcapng,R2,202,2022.0415151119232,4.853900827583857e-05,2.3830443751649e-05,1.0549352737143636e-05,4.88117293571122e-05,0.9998682737350464,Socket
/home/lmy/iot-device-classification/dataset/socket/round2_normal/socket_r2.pcapng,R2,203,2032.1281695365903,0.00010181757534155622,2.672379559953697e-05,2.3362965293927118e-05,4.196884037810378e-05,0.9998061060905457,Socket
/home/lmy/iot-device-classification/dataset/socket/round2_normal/socket_r2.pcapng,R2,204,2040.04226231575,0.000366430904250592,3.880282019963488e-05,1.2070604498148896e-05,0.00010791892418637872,0.999474823474884,Socket
/home/lmy/iot-device-classification/dataset/socket/round2_normal/socket_r2.pcapng,R2,205,2050.1798088550568,7.693041698075831e-05,8.392660674871877e-06,3.3323631214443594e-05,3.455924888839945e-05,0.9998468160629272,Socket
/home/lmy/iot-device-classification/dataset/socket/round2_normal/socket_r2.pcapng,R2,206,2060.061571598053,0.00010600001405691728,0.00025516239111311734,1.5105541933735367e-05,1.4000658666191157e-05,0.9996097683906555,Socket
/home/lmy/iot-device-classification/dataset/socket/round2_normal/socket_r2.pcapng,R2,207,2072.138692378998,8.895764040062204e-05,1.2196050192869734e-05,1.9866498405463062e-05,7.978029316291213e-05,0.9997991919517517,Socket
/home/lmy/iot-device-classification/dataset/socket/round2_normal/socket_r2.pcapng,R2,208,2080.658569335937,9.659716306487098e-05,0.00012400944251567125,5.3605599532602355e-05,3.4236625651828945e-05,0.9996916055679321,Socket
/home/lmy/iot-device-classification/dataset/socket/round2_normal/socket_r2.pcapng,R2,209,2090.4682726860046,0.00010366452625021338,8.335257007274777e-05,4.0553586586611345e-05,6.410102650988847e-05,0.999708354473114,Socket
/home/lmy/iot-device-classification/dataset/socket/round2_normal/socket_r2.pcapng,R2,210,2100.249283313751,0.00033064777380786836,0.00033236827584914863,1.5911267837509513e-05,6.66993364575319e-05,0.9992544054985046,Socket
/home/lmy/iot-device-classification/dataset/socket/round2_normal/socket_r2.pcapng,R2,211,2110.0674319267277,8.111949864542112e-05,1.9584282199502923e-05,2.1344101696740836e-05,2.392086389590986e-05,0.9998539686203003,Socket
/home/lmy/iot-device-classification/dataset/socket/round2_normal/socket_r2.pcapng,R2,212,2120.015231132508,7.854155410313979e-05,6.363213469740003e-05,2.5500679839751683e-05,3.6773264582734555e-05,0.9997956156730652,Socket
/home/lmy/iot-device-classification/dataset/socket/round2_normal/socket_r2.pcapng,R2,213,2130.7778010368347,0.000439594266936183,0.0003276832867413759,1.0247248610539827e-05,6.209497223608196e-05,0.9991604089736938,Socket
/home/lmy/iot-device-classification/dataset/socket/round2_normal/socket_r2.pcapng,R2,214,2140.254076719284,0.00010175440547754988,6.560303881997243e-05,4.353594340500422e-05,2.281652450619731e-05,0.9997662901878357,Socket
/home/lmy/iot-device-classification/dataset/socket/round2_normal/socket_r2.pcapng,R2,215,2150.416357755661,0.0001151752658188343,0.00012153974967077374,3.5344924981473014e-05,2.538083390390966e-05,0.999702513217926,Socket
/home/lmy/iot-device-classification/dataset/socket/round2_normal/socket_r2.pcapng,R2,216,2160.316071748733,8.423556573688984e-05,0.0006093758274801075,1.815793257264886e-05,4.91155224153772e-05,0.9992390871047974,Socket
/home/lmy/iot-device-classification/dataset/socket/round2_normal/socket_r2.pcapng,R2,217,2170.1272258758545,7.127766002668068e-05,0.000134080954012461,4.612128032022156e-05,3.4914850402856246e-05,0.9997135996818542,Socket
/home/lmy/iot-device-classification/dataset/socket/round2_normal/socket_r2.pcapng,R2,218,2180.3989300727844,8.764453377807513e-05,0.0001414081489201635,2.3393091396428645e-05,2.5140387151623145e-05,0.999722421169281,Socket
/home/lmy/iot-device-classification/dataset/socket/round2_normal/socket_r2.pcapng,R2,219,2190.765483379364,3.2960993848973885e-05,0.00031906506046652794,3.4303375286981463e-05,0.0001666692696744576,0.9994470477104187,Socket
/home/lmy/iot-device-classification/dataset/socket/round2_normal/socket_r2.pcapng,R2,220,2200.560525417328,6.489772931672633e-05,8.481195254717022e-05,4.375657590571791e-05,2.5473085770499893e-05,0.99978107213974,Socket
/home/lmy/iot-device-classification/dataset/socket/round2_normal/socket_r2.pcapng,R2,221,2210.341750383377,9.507255163043737e-05,0.0001388369855703786,4.543300747172907e-05,3.369539263076149e-05,0.9996869564056396,Socket
/home/lmy/iot-device-classification/dataset/socket/round2_normal/socket_r2.pcapng,R2,222,2221.266855955124,0.0003406168252695352,0.00032281523454003036,1.0023632967204321e-05,6.27573172096163e-05,0.9992638230323792,Socket
/home/lmy/iot-device-classification/dataset/socket/round2_normal/socket_r2.pcapng,R2,223,2231.0773696899414,8.444570266874507e-05,0.00010992012539645657,4.723801976069808e-05,3.833591836155392e-05,0.99972003698349,Socket
/home/lmy/iot-device-classification/dataset/socket/round2_normal/socket_r2.pcapng,R2,224,2240.8360962867737,0.00010183625272475183,7.666694727959111e-05,3.8484995457110927e-05,3.468658906058408e-05,0.9997482895851135,Socket
/home/lmy/iot-device-classification/dataset/socket/round2_normal/socket_r2.pcapng,R2,225,2250.6671602725983,0.00012798163515981287,0.0005200511077418923,1.2166075975983404e-05,4.4186264858581126e-05,0.9992955923080444,Socket
/home/lmy/iot-device-classification/dataset/socket/round2_normal/socket_r2.pcapng,R2,226,2261.53545832634,0.00011958476534346119,0.0001406484516337514,1.6473881260026246e-05,5.8484849432716146e-05,0.9996647834777832,Socket
/home/lmy/iot-device-classification/dataset/socket/round2_normal/socket_r2.pcapng,R2,227,2271.3258938789368,9.587340900907293e-05,0.00016011216212064028,1.0471177120052744e-05,4.0111270209308714e-05,0.9996935129165649,Socket
/home/lmy/iot-device-classification/dataset/socket/round2_normal/socket_r2.pcapng,R2,228,2281.1314742565155,0.0003408239281270653,0.0002576843253336847,1.5155553228396457e-05,7.695993554079905e-05,0.9993094205856323,Socket
/home/lmy/iot-device-classification/dataset/socket/round2_normal/socket_r2.pcapng,R2,229,2290.927830696106,4.871107739745639e-05,0.0007873682770878077,1.1710084436344914e-05,3.075930362683721e-05,0.9991214871406555,Socket
/home/lmy/iot-device-classification/dataset/socket/round2_normal/socket_r2.pcapng,R2,230,2300.697787284851,7.027034735074267e-05,0.00021614776051137596,1.2270737897779327e-05,2.5289846234954894e-05,0.999675989151001,Socket
/home/lmy/iot-device-classification/dataset/socket/round2_normal/socket_r2.pcapng,R2,231,2311.7450189590454,4.197201633360237e-05,0.00039791438030079007,1.1932411325688008e-05,5.538130062632263e-05,0.9994927644729614,Socket
/home/lmy/iot-device-classification/dataset/socket/round2_normal/socket_r2.pcapng,R2,232,2321.535269021988,0.0001526931009721011,0.00010035024752141908,3.2991414627758786e-05,3.974574792664498e-05,0.9996742010116577,Socket
/home/lmy/iot-device-classification/dataset/socket/round2_normal/socket_r2.pcapng,R2,233,2331.335268974304,0.00011545271263457835,6.130138353910297e-05,1.993114346987568e-05,4.469214036362246e-05,0.9997586607933044,Socket
/home/lmy/iot-device-classification/dataset/socket/round2_normal/socket_r2.pcapng,R2,234,2341.133762359619,0.00013495594612322748,0.000528935284819454,1.1546470886969473e-05,4.6860041038598865e-05,0.9992777705192566,Socket
/home/lmy/iot-device-classification/dataset/socket/round2_normal/socket_r2.pcapng,R2,235,2352.004641532898,9.711550228530541e-05,2.81908596662106e-05,2.3709535525995307e-05,3.011055196111556e-05,0.99982088804245,Socket
/home/lmy/iot-device-classification/dataset/socket/round2_normal/socket_r2.pcapng,R2,236,2361.7968995571136,8.492472989019006e-05,0.00010360647138440982,2.1825289877597243e-05,2.921240229625255e-05,0.9997604489326477,Socket
/home/lmy/iot-device-classification/dataset/socket/round2_normal/socket_r2.pcapng,R2,237,2371.60475730896,0.0003849224594887346,5.9202178817940876e-05,7.977893801580649e-06,4.931463627144694e-05,0.9994986057281494,Socket
/home/lmy/iot-device-classification/dataset/socket/round2_normal/socket_r2.pcapng,R2,238,2381.4249453544617,7.88960896898061e-05,5.847836655448191e-05,2.5967936380766332e-05,4.535367770586163e-05,0.9997913241386414,Socket
/home/lmy/iot-device-classification/dataset/socket/round2_normal/socket_r2.pcapng,R2,239,2390.106268644333,0.00010875835141632706,0.00012139989121351391,2.961690552183427e-05,3.217065386706963e-05,0.9997079968452454,Socket
/home/lmy/iot-device-classification/dataset/socket/round2_normal/socket_r2.pcapng,R2,240,2402.103792667389,0.00030463910661637783,0.00046454640687443316,8.372259799216408e-06,2.8599873985513113e-05,0.9991938471794128,Socket
/home/lmy/iot-device-classification/dataset/socket/round2_normal/socket_r2.pcapng,R2,241,2411.904177904129,7.640564581379294e-05,6.216393376234919e-05,1.8480261132935993e-05,3.159575862810016e-05,0.9998113512992859,Socket
/home/lmy/iot-device-classification/dataset/socket/round2_normal/socket_r2.pcapng,R2,242,2421.694885969162,0.00011229782830923796,0.00011499434185680002,3.045103221666068e-05,3.7310950574465096e-05,0.999704897403717,Socket
/home/lmy/iot-device-classification/dataset/socket/round2_normal/socket_r2.pcapng,R2,243,2430.4269499778748,6.647800910286605e-05,0.0003697836073115468,1.6629030142212287e-05,4.324115434428677e-05,0.9995038509368896,Socket
/home/lmy/iot-device-classification/dataset/socket/round2_normal/socket_r2.pcapng,R2,244,2442.353862285614,0.00012283211981412023,2.8918891985085793e-05,2.308134025952313e-05,3.780997576541267e-05,0.9997873902320862,Socket
/home/lmy/iot-device-classification/dataset/socket/round2_normal/socket_r2.pcapng,R2,245,2452.146227121353,8.993023220682517e-05,2.9476994313881733e-05,2.633028634591028e-05,3.0144150514388457e-05,0.9998241066932678,Socket
/home/lmy/iot-device-classification/dataset/socket/round2_normal/socket_r2.pcapng,R2,246,2462.0533077716827,0.0001843195059336722,0.0003196939651388675,1.5530978998867795e-05,4.212640487821773e-05,0.9994383454322815,Socket
/home/lmy/iot-device-classification/dataset/socket/round2_normal/socket_r2.pcapng,R2,247,2472.846151828766,0.00012499018339440227,0.00017071950423996896,2.924523869296536e-05,3.849629501928575e-05,0.9996365308761597,Socket
/home/lmy/iot-device-classification/dataset/socket/round2_normal/socket_r2.pcapng,R2,248,2480.351410150528,0.00011454206833150238,2.1388879758887924e-05,3.3656393497949466e-05,2.360037797188852e-05,0.999806821346283,Socket
/home/lmy/iot-device-classification/dataset/socket/round2_normal/socket_r2.pcapng,R2,249,2492.4962339401245,0.000348620000295341,0.0002689785906113684,1.0159987141378224e-05,9.127600060310215e-05,0.9992809891700745,Socket
/home/lmy/iot-device-classification/dataset/socket/round2_normal/socket_r2.pcapng,R2,250,2502.3262865543365,7.153671322157606e-05,0.00016775759286247194,9.820490959100425e-06,2.8570715585374273e-05,0.9997223019599915,Socket
/home/lmy/iot-device-classification/dataset/socket/round2_normal/socket_r2.pcapng,R2,251,2512.5575246810918,0.00010895538434851915,0.00013299907732289284,2.1044996174168773e-05,4.526239717961289e-05,0.9996917247772217,Socket
/home/lmy/iot-device-classification/dataset/socket/round2_normal/socket_r2.pcapng,R2,252,2520.874908208847,0.00040211490704678,0.00033049381454475224,1.1250980605836958e-05,4.302453817217611e-05,0.9992130994796753,Socket
/home/lmy/iot-device-classification/dataset/socket/round2_normal/socket_r2.pcapng,R2,253,2532.6106038093567,7.641322008566931e-05,1.4953271602280438e-05,3.8704692997271195e-05,2.731640233832877e-05,0.999842643737793,Socket
/home/lmy/iot-device-classification/dataset/socket/round2_normal/socket_r2.pcapng,R2,254,2542.5826473236084,7.631970220245421e-05,1.624780816200655e-05,1.7024211047100835e-05,5.054151552030817e-05,0.9998397827148438,Socket
/home/lmy/iot-device-classification/dataset/socket/round2_normal/socket_r2.pcapng,R2,255,2552.563263654709,0.00017199879221152514,2.255190884170588e-05,1.5814437574590556e-05,5.1772603910649195e-05,0.9997377991676331,Socket
/home/lmy/iot-device-classification/dataset/socket/round2_normal/socket_r2.pcapng,R2,256,2562.5561578273773,6.575765291927382e-05,0.0001594004570506513,2.9761145924567245e-05,2.427190702292137e-05,0.9997207522392273,Socket
/home/lmy/iot-device-classification/dataset/socket/round2_normal/socket_r2.pcapng,R2,257,2570.4695086479187,6.702522659907117e-05,0.00018432473007123917,1.8118680600309744e-05,2.9292519684531726e-05,0.999701201915741,Socket
/home/lmy/iot-device-classification/dataset/socket/round2_normal/socket_r2.pcapng,R2,258,2582.615383386612,0.00014052695769350976,8.971769420895725e-05,2.0146755559835583e-05,4.1115690692095086e-05,0.9997084736824036,Socket
/home/lmy/iot-device-classification/dataset/socket/round2_normal/socket_r2.pcapng,R2,259,2592.60577917099,5.102788418298587e-05,4.6984619984868914e-05,8.540381531929597e-05,3.081065369769931e-05,0.999785840511322,Socket
/home/lmy/iot-device-classification/dataset/socket/round2_normal/socket_r2.pcapng,R2,260,2602.598147392273,0.0001378311717417091,0.00013433601998258382,1.0065472451969981e-05,3.5725686757359654e-05,0.9996820688247681,Socket
/home/lmy/iot-device-classification/dataset/socket/round2_normal/socket_r2.pcapng,R2,261,2612.662986755371,0.00034168505226261914,0.000251704768743366,1.1578064913919661e-05,3.796192322624847e-05,0.9993570446968079,Socket
/home/lmy/iot-device-classification/dataset/socket/round2_normal/socket_r2.pcapng,R2,262,2622.654541492462,0.0001389613898936659,0.00013878643221687526,2.6955753128277138e-05,3.109575845883228e-05,0.9996641874313354,Socket
/home/lmy/iot-device-classification/dataset/socket/round2_normal/socket_r2.pcapng,R2,263,2630.6819911003117,0.00011274511780356988,7.530223956564441e-05,1.6427966329501942e-05,2.654976378835272e-05,0.9997690320014954,Socket
/home/lmy/iot-device-classification/dataset/socket/round2_normal/socket_r2.pcapng,R2,264,2642.7152206897736,0.00022647152945864946,6.168666004668921e-05,1.0889755685639102e-05,6.467913772212341e-05,0.9996362924575806,Socket
/home/lmy/iot-device-classification/dataset/socket/round2_normal/socket_r2.pcapng,R2,265,2652.705573797226,0.00010191054025199264,5.8205707318848e-05,3.923227632185444e-05,3.462553650024347e-05,0.9997660517692566,Socket
/home/lmy/iot-device-classification/dataset/socket/round2_normal/socket_r2.pcapng,R2,266,2662.6796438694,9.162982314592227e-05,0.0001576427894178778,2.4844473955454305e-05,2.4713723178138025e-05,0.9997010827064514,Socket
/home/lmy/iot-device-classification/dataset/socket/round2_normal/socket_r2.pcapng,R2,267,2672.762639045716,0.0002299845655215904,0.000518833112437278,1.3743979252467398e-05,3.6034318327438086e-05,0.9992014765739441,Socket
/home/lmy/iot-device-classification/dataset/socket/round2_normal/socket_r2.pcapng,R2,268,2682.7557787895203,0.00010240408300887793,8.318305481225252e-05,2.483620664861519e-05,3.1241492251865566e-05,0.9997583031654358,Socket
/home/lmy/iot-device-classification/dataset/socket/round2_normal/socket_r2.pcapng,R2,269,2692.7340857982635,0.0001048032208927907,1.5021010767668486e-05,2.6652955057215877e-05,7.148445001803339e-05,0.9997820258140564,Socket
/home/lmy/iot-device-classification/dataset/socket/round2_normal/socket_r2.pcapng,R2,270,2700.457348585129,7.151556928874925e-05,0.0003704419650603086,3.323854980408214e-05,5.128408156451769e-05,0.999473512172699,Socket
/home/lmy/iot-device-classification/dataset/socket/round2_normal/socket_r2.pcapng,R2,271,2710.104652643204,0.0001079373832908459,1.0037500032922253e-05,3.3630152756813914e-05,2.807129749271553e-05,0.9998202919960022,Socket
/home/lmy/iot-device-classification/dataset/socket/round2_normal/socket_r2.pcapng,R2,272,2722.769948244095,8.002901449799538e-05,5.248172783467453e-06,3.25809778587427e-05,3.909735823981464e-05,0.9998430013656616,Socket
/home/lmy/iot-device-classification/dataset/socket/round2_normal/socket_r2.pcapng,R2,273,2732.7624740600586,0.00023892174067441374,3.6104345781495795e-05,1.3284517081046943e-05,7.202441338449717e-05,0.999639630317688,Socket
/home/lmy/iot-device-classification/dataset/socket/round2_normal/socket_r2.pcapng,R2,274,2740.469830751419,0.00015781461843289435,2.079324985970743e-05,2.397981188551057e-05,4.93630395794753e-05,0.9997480511665344,Socket
/home/lmy/iot-device-classification/dataset/socket/round2_normal/socket_r2.pcapng,R2,275,2752.817604780197,8.481851546093822e-05,1.3350259905564599e-05,1.881557545857504e-05,3.799817932303995e-05,0.999845027923584,Socket
/home/lmy/iot-device-classification/dataset/socket/round2_normal/socket_r2.pcapng,R2,276,2762.808740377426,0.00017817309708334506,1.8808683307725005e-05,1.639852962398436e-05,6.385107553796843e-05,0.9997227787971497,Socket
/home/lmy/iot-device-classification/dataset/socket/round2_normal/socket_r2.pcapng,R2,277,2772.771097421646,8.817121852189302e-05,2.022394801315386e-05,2.448353734507691e-05,2.3241509552462958e-05,0.9998438358306885,Socket
/home/lmy/iot-device-classification/dataset/socket/round2_normal/socket_r2.pcapng,R2,278,2780.6142070293427,9.055725968210027e-05,2.8220771127962507e-05,1.0975077202601824e-05,2.839895932993386e-05,0.9998418092727661,Socket
/home/lmy/iot-device-classification/dataset/socket/round2_normal/socket_r2.pcapng,R2,279,2792.859831094742,0.0002802055678330362,0.000315730256261304,9.972183761419728e-06,7.013762660790235e-05,0.9993239641189575,Socket
/home/lmy/iot-device-classification/dataset/socket/round2_normal/socket_r2.pcapng,R2,280,2800.772248029709,4.761473974213004e-05,0.00015560173778794706,3.073060361202806e-05,0.00018979370361194015,0.9995762705802917,Socket
/home/lmy/iot-device-classification/dataset/socket/round2_normal/socket_r2.pcapng,R2,281,2811.0184469223022,8.39409840409644e-05,1.506110311311204e-05,2.3725735445623286e-05,2.3809738195268437e-05,0.9998534917831421,Socket
/home/lmy/iot-device-classification/dataset/socket/round2_normal/socket_r2.pcapng,R2,282,2822.878627538681,0.0003587975224945694,0.0003959125024266541,9.102578587771859e-06,3.3294196327915415e-05,0.9992029070854187,Socket
/home/lmy/iot-device-classification/dataset/socket/round2_normal/socket_r2.pcapng,R2,283,2832.8727407455444,6.572725396836177e-05,0.00016341867740266025,7.784998160786927e-06,6.889391806907952e-05,0.9996942281723022,Socket
/home/lmy/iot-device-classification/dataset/socket/round2_normal/socket_r2.pcapng,R2,284,2840.1279723644257,0.00011136501416331157,0.0001353307015961036,3.337635280331597e-05,2.5045028451131657e-05,0.9996949434280396,Socket
/home/lmy/iot-device-classification/dataset/socket/round2_normal/socket_r2.pcapng,R2,285,2850.051119565964,0.00045902360579930246,0.0002831524470821023,1.6019634131225757e-05,3.7765039451187477e-05,0.9992040991783142,Socket
/home/lmy/iot-device-classification/dataset/socket/round2_normal/socket_r2.pcapng,R2,286,2860.362610578537,6.732026668032631e-05,8.207917562685907e-05,2.237931767012924e-05,7.498080958612263e-05,0.9997532963752747,Socket
/home/lmy/iot-device-classification/dataset/socket/round2_normal/socket_r2.pcapng,R2,287,2870.598757982254,8.802708180155605e-05,0.00012595500447787344,3.3327043638564646e-05,2.370708534726873e-05,0.9997289776802063,Socket
/home/lmy/iot-device-classification/dataset/socket/round2_normal/socket_r2.pcapng,R2,288,2880.389558315277,9.489668445894495e-05,5.789334318251349e-05,1.1195364095328841e-05,5.5085125495679677e-05,0.9997809529304504,Socket
/home/lmy/iot-device-classification/dataset/socket/round2_normal/socket_r2.pcapng,R2,289,2890.1905257701874,0.00010255107918055728,0.00012296627392061055,2.728239087446127e-05,2.3140975827118382e-05,0.9997240900993347,Socket
/home/lmy/iot-device-classification/dataset/socket/round2_normal/socket_r2.pcapng,R2,290,2900.029383420944,8.789279672782868e-05,0.00014438293874263763,3.830176865449175e-05,2.609682996990159e-05,0.9997033476829529,Socket
/home/lmy/iot-device-classification/dataset/socket/round2_normal/socket_r2.pcapng,R2,291,2910.011787176132,0.0002955786476377398,0.00030326584237627685,9.831165698415134e-06,0.00011786046525230631,0.9992734789848328,Socket
/home/lmy/iot-device-classification/dataset/socket/round2_normal/socket_r2.pcapng,R2,292,2920.026564359665,6.900494190631434e-05,0.00011304744839435443,1.7824973838287406e-05,2.8284483050811104e-05,0.9997718930244446,Socket
/home/lmy/iot-device-classification/dataset/socket/round2_normal/socket_r2.pcapng,R2,293,2930.578349351883,9.35168209252879e-05,8.77089478308335e-05,2.1393650968093425e-05,6.031793600413948e-05,0.9997370839118958,Socket
/home/lmy/iot-device-classification/dataset/socket/round2_normal/socket_r2.pcapng,R2,294,2940.345916748047,0.00039496010867878795,0.0004522709350567311,1.4335651030705776e-05,3.696157000376843e-05,0.9991015195846558,Socket
/home/lmy/iot-device-classification/dataset/socket/round2_normal/socket_r2.pcapng,R2,295,2950.101926326752,8.592729864176363e-05,0.00020348778343759477,1.4025479686097242e-05,2.6480687665753067e-05,0.999670147895813,Socket
/home/lmy/iot-device-classification/dataset/socket/round2_normal/socket_r2.pcapng,R2,296,2960.4530730247498,4.519164212979376e-05,0.0006763593992218375,3.370396007085219e-05,2.534574014134705e-05,0.9992194175720215,Socket
/home/lmy/iot-device-classification/dataset/socket/round2_normal/socket_r2.pcapng,R2,297,2970.808519363404,0.00012216139293741435,5.008995867683552e-05,1.772341965988744e-05,4.7968191211111844e-05,0.9997621178627014,Socket
/home/lmy/iot-device-classification/dataset/socket/round2_normal/socket_r2.pcapng,R2,298,2980.0316462516785,8.999746933113784e-05,7.042054494377226e-05,2.4133578335749917e-05,2.318505539733451e-05,0.9997922778129578,Socket
/home/lmy/iot-device-classification/dataset/socket/round2_normal/socket_r2.pcapng,R2,299,2990.3673231601715,7.582227408420295e-05,0.00010324807226425037,3.5170760384062305e-05,2.8609720175154507e-05,0.9997571110725403,Socket
/home/lmy/iot-device-classification/dataset/socket/round2_normal/socket_r2.pcapng,R2,300,3001.3085639476776,0.0003857767442241311,4.7798228479223326e-05,1.0105909495905507e-05,7.245268352562562e-05,0.9994838237762451,Socket
/home/lmy/iot-device-classification/dataset/socket/round2_normal/socket_r2.pcapng,R2,301,3010.101311445236,6.726991705363616e-05,0.0001283936871914193,1.5261550288414583e-05,2.382548882451374e-05,0.9997652173042297,Socket
/home/lmy/iot-device-classification/dataset/socket/round2_normal/socket_r2.pcapng,R2,302,3020.4513211250305,3.129310789518058e-05,0.00012307641736697406,1.8713930330704898e-05,2.9534059649449773e-05,0.9997974038124084,Socket
/home/lmy/iot-device-classification/dataset/socket/round2_normal/socket_r2.pcapng,R2,303,3030.7292091846466,0.00035121693508699536,9.50459943851456e-05,1.235346462635789e-05,5.554578820010647e-05,0.9994858503341675,Socket
/home/lmy/iot-device-classification/dataset/socket/round2_normal/socket_r2.pcapng,R2,304,3040.012657403946,0.0001175817524199374,0.00022693740902468562,1.338488254987169e-05,0.00010415755241410807,0.9995379447937012,Socket
/home/lmy/iot-device-classification/dataset/socket/round2_normal/socket_r2.pcapng,R2,305,3051.030799150467,9.33564588194713e-05,1.516644078947138e-05,2.53594116657041e-05,2.4804798158584163e-05,0.9998413324356079,Socket
/home/lmy/iot-device-classification/dataset/socket/round2_normal/socket_r2.pcapng,R2,306,3061.3078203201294,0.000564125832170248,0.00047034924500621855,6.024579306540545e-06,0.00010234515502816066,0.9988571405410767,Socket
/home/lmy/iot-device-classification/dataset/socket/round2_normal/socket_r2.pcapng,R2,307,3070.0028619766235,0.0003907661885023117,4.2184659832855687e-05,8.682503903401084e-06,0.00013909584959037602,0.9994193315505981,Socket
/home/lmy/iot-device-classification/dataset/socket/round2_normal/socket_r2.pcapng,R2,308,3080.0214986801147,8.992990478873253e-05,2.9845516110071912e-05,9.69930442806799e-06,2.8236021535121836e-05,0.9998422861099243,Socket
/home/lmy/iot-device-classification/dataset/socket/round2_normal/socket_r2.pcapng,R2,309,3090.036992549896,0.0001430633565178141,0.0002439531235722825,1.0577837201708462e-05,0.00033318912028335035,0.9992691874504089,Socket
/home/lmy/iot-device-classification/dataset/socket/round2_normal/socket_r2.pcapng,R2,310,3100.0231153965,0.00019352944218553603,0.00044612385681830347,1.910535320348572e-05,4.9169681005878374e-05,0.9992920160293579,Socket
/home/lmy/iot-device-classification/dataset/socket/round2_normal/socket_r2.pcapng,R2,311,3110.016274213791,7.880574412411079e-05,0.00017986336024478078,1.0971064511977602e-05,2.5162498786812648e-05,0.9997051358222961,Socket
/home/lmy/iot-device-classification/dataset/socket/round2_normal/socket_r2.pcapng,R2,312,3120.0246818065643,0.000324077409459278,5.6712236983003095e-05,1.4462881154031493e-05,7.898269541328773e-05,0.999525785446167,Socket
/home/lmy/iot-device-classification/dataset/socket/round2_normal/socket_r2.pcapng,R2,313,3130.0305166244507,0.00036936893593519926,0.00018572072440292686,1.5212252037599683e-05,0.0002826873096637428,0.9991469383239746,Socket
/home/lmy/iot-device-classification/dataset/socket/round2_normal/socket_r2.pcapng,R2,314,3140.0253899097443,8.666257781442255e-05,0.0001614473876543343,2.7543161195353605e-05,2.229445453849621e-05,0.9997020363807678,Socket
/home/lmy/iot-device-classification/dataset/socket/round2_normal/socket_r2.pcapng,R2,315,3150.4257078170776,9.738536027725786e-05,0.0005041310214437544,1.9043402062379755e-05,3.7347239413065836e-05,0.9993420243263245,Socket
/home/lmy/iot-device-classification/dataset/socket/round2_normal/socket_r2.pcapng,R2,316,3160.079304218292,8.894989150576293e-05,5.8357298257760704e-05,2.142306766472757e-05,0.00011916394578292966,0.9997120499610901,Socket
/home/lmy/iot-device-classification/dataset/socket/round2_normal/socket_r2.pcapng,R2,317,3170.280893087387,7.768381328787655e-05,0.00014854288019705564,1.811438960430678e-05,2.6216650439891964e-05,0.9997294545173645,Socket
/home/lmy/iot-device-classification/dataset/socket/round2_normal/socket_r2.pcapng,R2,318,3180.371227741241,0.00011236482532694936,0.0005157426930963993,1.909053753479384e-05,6.600914639420807e-05,0.9992868304252625,Socket
/home/lmy/iot-device-classification/dataset/socket/round2_normal/socket_r2.pcapng,R2,319,3190.052129983902,7.996165368240327e-05,5.605771002592519e-05,2.708788997551892e-05,6.531696999445558e-05,0.9997715353965759,Socket
/home/lmy/iot-device-classification/dataset/socket/round2_normal/socket_r2.pcapng,R2,320,3200.428490638733,0.00010342227324144915,0.00011430206359364092,2.7485233658808284e-05,3.809478221228346e-05,0.9997166991233826,Socket
/home/lmy/iot-device-classification/dataset/socket/round2_normal/socket_r2.pcapng,R2,321,3210.4942631721497,8.540169801563025e-05,8.023795089684427e-05,2.0361159840831533e-05,5.5840970162535086e-05,0.9997581839561462,Socket
/home/lmy/iot-device-classification/dataset/socket/round2_normal/socket_r2.pcapng,R2,322,3220.179527759552,0.00012244010576978326,0.0004013741563539952,9.340624274045695e-06,6.922228203620762e-05,0.9993976354598999,Socket
/home/lmy/iot-device-classification/dataset/socket/round2_normal/socket_r2.pcapng,R2,323,3230.68310546875,0.00010158372606383637,0.00016065087402239442,2.6424846510053612e-05,2.9299892048584297e-05,0.9996820688247681,Socket
/home/lmy/iot-device-classification/dataset/socket/round2_normal/socket_r2.pcapng,R2,324,3240.031332015991,0.00012352244812063873,0.0007077316986396909,1.3170789316063747e-05,5.385751501307823e-05,0.9991017580032349,Socket
/home/lmy/iot-device-classification/dataset/socket/round2_normal/socket_r2.pcapng,R2,325,3250.034350156784,0.00013875214790459722,0.0003108118544332683,1.342424911854323e-05,6.254085019463673e-05,0.9994744658470154,Socket
/home/lmy/iot-device-classification/dataset/socket/round2_normal/socket_r2.pcapng,R2,326,3260.83743429184,9.015082468977198e-05,2.521324495319277e-05,2.5303794245701283e-05,3.1552855944028124e-05,0.9998277425765991,Socket
/home/lmy/iot-device-classification/dataset/socket/round2_normal/socket_r2.pcapng,R2,327,3271.1088361740112,8.076662197709084e-05,9.472077363170683e-05,1.947851706063375e-05,3.899563671438955e-05,0.9997660517692566,Socket
/home/lmy/iot-device-classification/dataset/socket/round2_normal/socket_r2.pcapng,R2,328,3280.082531929016,6.664312968496233e-05,0.00046500188182108104,3.24137945426628e-05,7.473385630873963e-05,0.9993612170219421,Socket
/home/lmy/iot-device-classification/dataset/socket/round2_normal/socket_r2.pcapng,R2,329,3290.548143863678,6.16456163697876e-05,8.917331433622167e-05,3.35448858095333e-05,2.0154080630163662e-05,0.9997954964637756,Socket
/home/lmy/iot-device-classification/dataset/socket/round2_normal/socket_r2.pcapng,R2,330,3301.1564478874207,0.00011870940215885639,2.7864565709023736e-05,2.9892431484768167e-05,4.6027642383705825e-05,0.9997774958610535,Socket
/home/lmy/iot-device-classification/dataset/socket/round2_normal/socket_r2.pcapng,R2,331,3310.0241453647614,0.00010877966997213662,0.0010576052591204643,1.232491104019573e-05,6.567737000295892e-05,0.9987555742263794,Socket
/home/lmy/iot-device-classification/dataset/socket/round2_normal/socket_r2.pcapng,R2,332,3321.317907810211,0.0001346155331702903,0.00016098067862913013,4.0317430830327794e-05,2.0627074263757095e-05,0.9996434450149536,Socket
/home/lmy/iot-device-classification/dataset/socket/round2_normal/socket_r2.pcapng,R2,333,3331.4108974933624,0.00011658462608465925,0.00010852744162548333,2.635607961565256e-05,3.066585850319825e-05,0.9997178912162781,Socket
/home/lmy/iot-device-classification/dataset/socket/round2_normal/socket_r2.pcapng,R2,334,3340.1734533309937,0.0001980041415663436,0.0004978426732122898,1.079529283742886e-05,3.597117029130459e-05,0.9992573857307434,Socket
/home/lmy/iot-device-classification/dataset/socket/round2_normal/socket_r2.pcapng,R2,335,3351.4706423282623,7.793014083290473e-05,0.00017451302846893668,1.06432116808719e-05,2.1200046830927022e-05,0.9997157454490662,Socket
/home/lmy/iot-device-classification/dataset/socket/round2_normal/socket_r2.pcapng,R2,336,3361.562556743622,0.0003368958714418113,4.864589936914854e-05,8.941570740716998e-06,8.74371180543676e-05,0.9995180368423462,Socket
/home/lmy/iot-device-classification/dataset/socket/round2_normal/socket_r2.pcapng,R2,337,3370.007563352585,0.00011624922626651824,0.00024006582680158317,1.2121617146476638e-05,7.949068822199479e-05,0.9995520710945129,Socket
/home/lmy/iot-device-classification/dataset/socket/round2_normal/socket_r2.pcapng,R2,338,3380.8027789592743,0.0002326942194486037,0.00017560191918164492,2.5594301405362785e-05,3.2107680453918874e-05,0.999534010887146,Socket
/home/lmy/iot-device-classification/dataset/socket/round2_normal/socket_r2.pcapng,R2,339,3391.81654047966,7.992338214535266e-05,5.2243656682549044e-05,1.287390841753222e-05,2.3339800463872962e-05,0.9998315572738647,Socket
/home/lmy/iot-device-classification/dataset/socket/round2_normal/socket_r2.pcapng,R2,340,3400.0378317832947,0.00026624673046171665,7.176136568887159e-05,1.1967656064371113e-05,5.184333349461667e-05,0.9995982050895691,Socket
/home/lmy/iot-device-classification/dataset/socket/round2_normal/socket_r2.pcapng,R2,341,3410.747766017914,2.8481965273385867e-05,5.253103154245764e-05,3.5851488064508885e-05,0.00019361400336492807,0.9996895790100098,Socket
/home/lmy/iot-device-classification/dataset/socket/round2_normal/socket_r2.pcapng,R2,342,3420.432885169983,8.516581146977842e-05,2.4331908207386732e-05,7.956281478982419e-05,3.682241003843956e-05,0.999774158000946,Socket
/home/lmy/iot-device-classification/dataset/socket/round2_normal/socket_r2.pcapng,R2,343,3430.087561130524,0.0003961026086471975,7.92607243056409e-05,9.933347428159323e-06,3.5037952329730615e-05,0.9994797110557556,Socket
/home/lmy/iot-device-classification/dataset/socket/round2_normal/socket_r2.pcapng,R2,344,3442.128348350525,0.00011578032717807218,0.00015148517559282482,6.655099423369393e-05,2.4566685169702396e-05,0.9996416568756104,Socket
/home/lmy/iot-device-classification/dataset/socket/round2_normal/socket_r2.pcapng,R2,345,3452.22261595726,0.00011258907034061849,0.00025263879797421396,1.6086356481537223e-05,3.7719448300777e-05,0.9995809197425842,Socket
/home/lmy/iot-device-classification/dataset/socket/round2_normal/socket_r2.pcapng,R2,346,3460.137317180633,0.0001034886299748905,0.00011165526666445658,1.777748366293963e-05,3.559216929716058e-05,0.9997314810752869,Socket
/home/lmy/iot-device-classification/dataset/socket/round2_normal/socket_r2.pcapng,R2,347,3472.280057430268,8.601144509157166e-05,0.00012927605712320656,3.205313623766415e-05,1.92443112609908e-05,0.9997333884239197,Socket
/home/lmy/iot-device-classification/dataset/socket/round2_normal/socket_r2.pcapng,R2,348,3482.476382255554,0.00013880118785891682,0.00014294114953372627,5.110892379889265e-05,2.149271131202113e-05,0.9996455907821655,Socket
/home/lmy/iot-device-classification/dataset/socket/round2_normal/socket_r2.pcapng,R2,349,3490.086431980133,0.00035498931538313627,3.4079410397680476e-05,1.5930132576613687e-05,5.0434642616892233e-05,0.9995445609092712,Socket
/home/lmy/iot-device-classification/dataset/socket/round2_normal/socket_r2.pcapng,R2,350,3502.5333054065704,8.70122094056569e-05,2.5146728148683906e-05,2.6609575797920115e-05,3.439930878812447e-05,0.9998268485069275,Socket
/home/lmy/iot-device-classification/dataset/socket/round2_normal/socket_r2.pcapng,R2,351,3512.627951860428,5.177215643925592e-05,0.000145630314364098,3.945272328564897e-05,5.1039452955592424e-05,0.9997120499610901,Socket
/home/lmy/iot-device-classification/dataset/socket/round2_normal/socket_r2.pcapng,R2,352,3520.043740749359,0.0005152403027750552,0.000658984761685133,9.672929081716575e-06,2.1460944481077604e-05,0.998794674873352,Socket
/home/lmy/iot-device-classification/dataset/socket/round2_normal/socket_r2.pcapng,R2,353,3532.684900999069,9.356741793453693e-05,0.0002274877915624529,9.843253792496398e-06,1.7623906387598254e-05,0.9996514320373535,Socket
/home/lmy/iot-device-classification/dataset/socket/round2_normal/socket_r2.pcapng,R2,354,3542.882012605667,0.00010399323946330696,2.9185421226429753e-05,3.971871410612948e-05,1.9815703126369044e-05,0.9998072981834412,Socket
/home/lmy/iot-device-classification/dataset/socket/round2_normal/socket_r2.pcapng,R2,355,3550.0821249485016,0.00011253017146373168,2.1131112589500844e-05,2.1447161998366937e-05,4.821127004106529e-05,0.9997966885566711,Socket
/home/lmy/iot-device-classification/dataset/socket/round2_normal/socket_r2.pcapng,R2,356,3560.437700033188,2.639270678628236e-05,7.100266520865262e-05,9.0144676505588e-06,3.8227601180551574e-05,0.9998553991317749,Socket
/home/lmy/iot-device-classification/dataset/socket/round2_normal/socket_r2.pcapng,R2,357,3570.151825428009,9.583857172401622e-05,2.4627257516840473e-05,3.966751683037728e-05,1.9726752725546248e-05,0.9998201727867126,Socket
/home/lmy/iot-device-classification/dataset/socket/round2_normal/socket_r2.pcapng,R2,358,3580.0314910411835,0.0004728589847218245,6.012805533828214e-05,1.326855181105202e-05,3.509931775624864e-05,0.9994186162948608,Socket
/home/lmy/iot-device-classification/dataset/socket/round2_normal/socket_r2.pcapng,R2,359,3593.091680765152,9.736182255437598e-05,2.573668461991474e-05,2.9196877221693285e-05,3.1413394026458263e-05,0.999816358089447,Socket
/home/lmy/iot-device-classification/dataset/socket/round2_normal/socket_r2.pcapng,R2,360,3600.423567771912,7.761359302094206e-05,9.882383892545477e-05,1.666327989369165e-05,2.0503162886598147e-05,0.9997864365577698,Socket
/home/lmy/iot-device-classification/dataset/socket/round2_normal/socket_r2.pcapng,R2,361,3610.1548252105713,0.000345543900039047,0.00040555864688940346,9.568148925609421e-06,4.778807851835154e-05,0.9991915822029114,Socket
/home/lmy/iot-device-classification/dataset/socket/round2_normal/socket_r2.pcapng,R2,362,3620.242998361588,0.0002080928534269333,0.00020776328165084124,1.2576837434608024e-05,5.451413744594902e-05,0.9995170831680298,Socket
