source_file,round,window_id,window_start,proba_Camera,proba_Light_T1,proba_Light_XM,proba_Sensor,proba_Socket,true_label
/home/lmy/iot-device-classification/dataset/camera/round2_normal/camera_r2.pcapng,R2,0,0.0,0.9932733774185181,0.0009145986405201256,0.0014962314162403345,0.004029151983559132,0.00028657508664764464,Camera
/home/lmy/iot-device-classification/dataset/camera/round2_normal/camera_r2.pcapng,R2,1,10.053329229354858,0.7613429427146912,0.020486610010266304,0.006608633790165186,0.20819391310214996,0.0033679031766951084,Camera
/home/lmy/iot-device-classification/dataset/camera/round2_normal/camera_r2.pcapng,R2,2,20.104656457901,0.8165856599807739,0.0002831408055499196,0.00010940217907773331,0.1827828288078308,0.0002389460860285908,Camera
/home/lmy/iot-device-classification/dataset/camera/round2_normal/camera_r2.pcapng,R2,3,30.16630244255066,0.9990314245223999,0.00017572901560924947,0.0001783471234375611,0.0005160083528608084,9.855736425379291e-05,Camera
/home/lmy/iot-device-classification/dataset/camera/round2_normal/camera_r2.pcapng,R2,4,40.25341510772705,0.9811347723007202,0.001888248953036964,0.000553525926079601,0.016152651980519295,0.00027081885491497815,Camera
/home/lmy/iot-device-classification/dataset/camera/round2_normal/camera_r2.pcapng,R2,5,50.29353189468384,0.99880051612854,0.0002420837845420465,0.00019969827553723007,0.0006211832514964044,0.00013648624008055776,Camera
/home/lmy/iot-device-classification/dataset/camera/round2_normal/camera_r2.pcapng,R2,6,60.37295746803284,0.9991186261177063,6.700041558360681e-05,0.0002401716774329543,0.0005396070773713291,3.463427856331691e-05,Camera
/home/lmy/iot-device-classification/dataset/camera/round2_normal/camera_r2.pcapng,R2,7,70.43794751167297,0.9766119122505188,0.0006930265226401389,0.0009667064878158271,0.021644750609993935,8.355889440281317e-05,Camera
/home/lmy/iot-device-classification/dataset/camera/round2_normal/camera_r2.pcapng,R2,8,80.02296090126038,0.8350248336791992,0.0077689592726528645,0.0007563692051917315,0.15577787160873413,0.0006719169323332608,Camera
/home/lmy/iot-device-classification/dataset/camera/round2_normal/camera_r2.pcapng,R2,9,90.42152571678162,0.8192429542541504,0.05050813406705856,0.0036894562654197216,0.12108513712882996,0.0054743168875575066,Camera
/home/lmy/iot-device-classification/dataset/camera/round2_normal/camera_r2.pcapng,R2,10,100.60725331306458,0.9266088008880615,0.04405174031853676,0.01369212381541729,0.01421425398439169,0.0014331265119835734,Camera
/home/lmy/iot-device-classification/dataset/camera/round2_normal/camera_r2.pcapng,R2,11,110.70771050453186,0.9533188343048096,0.015420173294842243,0.0035704325418919325,0.025247296318411827,0.002443261444568634,Camera
/home/lmy/iot-device-classification/dataset/camera/round2_normal/camera_r2.pcapng,R2,12,120.77042770385742,0.9912477135658264,0.0020869020372629166,0.00106081273406744,0.005306998733431101,0.0002976589894387871,Camera
/home/lmy/iot-device-classification/dataset/camera/round2_normal/camera_r2.pcapng,R2,13,130.84808826446533,0.9997250437736511,2.746824611676857e-05,0.00014256600115913898,8.951755444286391e-05,1.53822147694882e-05,Camera
/home/lmy/iot-device-classification/dataset/camera/round2_normal/camera_r2.pcapng,R2,14,140.3548879623413,0.991974413394928,0.0030630496330559254,0.00046234880574047565,0.0036152121610939503,0.0008849333971738815,Camera
/home/lmy/iot-device-classification/dataset/camera/round2_normal/camera_r2.pcapng,R2,15,150.97891902923584,0.9977211356163025,0.00036015937803313136,0.00021727899729739875,0.0015651966677978635,0.00013626374129671603,Camera
/home/lmy/iot-device-classification/dataset/camera/round2_normal/camera_r2.pcapng,R2,16,161.06526970863342,0.9984330534934998,0.00013270654017105699,0.00013575592311099172,0.0012544819619506598,4.39779760199599e-05,Camera
/home/lmy/iot-device-classification/dataset/camera/round2_normal/camera_r2.pcapng,R2,17,171.09062910079956,0.9997084736824036,0.00012455247633624822,2.0877669157925993e-05,0.00010647789167705923,3.964625648222864e-05,Camera
/home/lmy/iot-device-classification/dataset/camera/round2_normal/camera_r2.pcapng,R2,18,181.10044074058533,0.9981824159622192,0.0002593560784589499,0.000199497037101537,0.001267697080038488,9.108961239689961e-05,Camera
/home/lmy/iot-device-classification/dataset/camera/round2_normal/camera_r2.pcapng,R2,19,190.910010099411,0.9874106049537659,0.0008481174590997398,0.0005266437656246126,0.010990523733198643,0.0002240879985038191,Camera
/home/lmy/iot-device-classification/dataset/camera/round2_normal/camera_r2.pcapng,R2,20,200.6659607887268,0.9988201260566711,0.000678066979162395,5.558698103413917e-05,0.00032417153124697506,0.000122081910376437,Camera
/home/lmy/iot-device-classification/dataset/camera/round2_normal/camera_r2.pcapng,R2,21,211.06676602363584,0.9989521503448486,0.00031191259040497243,0.00019483784853946418,0.0004013050638604909,0.00013973467866890132,Camera
/home/lmy/iot-device-classification/dataset/camera/round2_normal/camera_r2.pcapng,R2,22,220.13962864875796,0.9998132586479187,1.4628127246396616e-05,0.00015308735601138324,7.74352429289138e-06,1.1327880201861262e-05,Camera
/home/lmy/iot-device-classification/dataset/camera/round2_normal/camera_r2.pcapng,R2,23,231.48285961151123,0.9991165995597839,0.0005766439717262983,0.0001626186422072351,6.296050560194999e-05,8.122046710923314e-05,Camera
/home/lmy/iot-device-classification/dataset/camera/round2_normal/camera_r2.pcapng,R2,24,240.18749833106995,0.9992713332176208,7.687367906328291e-05,4.9180573114426807e-05,0.0005703215720131993,3.231091977795586e-05,Camera
/home/lmy/iot-device-classification/dataset/camera/round2_normal/camera_r2.pcapng,R2,25,251.60208368301392,0.9243993759155273,0.0016373519320040941,0.0014609447680413723,0.07209500670433044,0.00040730510954745114,Camera
/home/lmy/iot-device-classification/dataset/camera/round2_normal/camera_r2.pcapng,R2,26,261.6923804283142,0.9999511241912842,1.2080032320227474e-05,6.2241829255071934e-06,1.9165159756084904e-05,1.1394358807592653e-05,Camera
/home/lmy/iot-device-classification/dataset/camera/round2_normal/camera_r2.pcapng,R2,27,271.09666991233826,0.9953442215919495,0.0010446389205753803,0.0006231461302377284,0.0026356896851211786,0.00035230984212830663,Camera
/home/lmy/iot-device-classification/dataset/camera/round2_normal/camera_r2.pcapng,R2,28,280.5524854660034,0.9966955184936523,0.0009643403463996947,0.001334013999439776,0.0008598105050623417,0.00014635587285738438,Camera
/home/lmy/iot-device-classification/dataset/camera/round2_normal/camera_r2.pcapng,R2,29,290.1107532978058,0.8450146913528442,0.09370541572570801,0.003935227636247873,0.05082935839891434,0.00651532644405961,Camera
/home/lmy/iot-device-classification/dataset/camera/round2_normal/camera_r2.pcapng,R2,30,300.50893568992615,0.9858114719390869,0.0004944357788190246,0.0002008666779147461,0.013314764015376568,0.0001784018677426502,Camera
/home/lmy/iot-device-classification/dataset/camera/round2_normal/camera_r2.pcapng,R2,31,310.1326689720154,0.992149829864502,0.0007584334234707057,0.0009679173235781491,0.005971010774374008,0.00015286178677342832,Camera
/home/lmy/iot-device-classification/dataset/camera/round2_normal/camera_r2.pcapng,R2,32,322.10616636276245,0.9965161085128784,0.0011127297766506672,0.000191664817975834,0.0019138517091050744,0.00026560178957879543,Camera
/home/lmy/iot-device-classification/dataset/camera/round2_normal/camera_r2.pcapng,R2,33,331.1276652812958,0.9962942004203796,0.0005543887382373214,0.0004603119450621307,0.0024540149606764317,0.0002370563306612894,Camera
/home/lmy/iot-device-classification/dataset/camera/round2_normal/camera_r2.pcapng,R2,34,340.9529619216919,0.9994992017745972,0.00013914199371356517,0.0002370119618717581,8.596324914833531e-05,3.8709520595148206e-05,Camera
/home/lmy/iot-device-classification/dataset/camera/round2_normal/camera_r2.pcapng,R2,35,352.25591802597046,0.9993639588356018,0.00045163469621911645,0.00013226622832007706,1.901017822092399e-05,3.315516369184479e-05,Camera
/home/lmy/iot-device-classification/dataset/camera/round2_normal/camera_r2.pcapng,R2,36,360.8315064907074,0.9968137145042419,0.0012299963273108006,0.0001731283264234662,0.0016098199412226677,0.00017335648590233177,Camera
/home/lmy/iot-device-classification/dataset/camera/round2_normal/camera_r2.pcapng,R2,37,370.5139310359955,0.9986728429794312,0.00031288046739064157,0.0005971579230390489,0.0003419725107960403,7.51226834836416e-05,Camera
/home/lmy/iot-device-classification/dataset/camera/round2_normal/camera_r2.pcapng,R2,38,382.43871212005615,0.9992362260818481,0.0003962520568165928,3.7770394555991516e-05,0.00026487765717320144,6.48425702820532e-05,Camera
/home/lmy/iot-device-classification/dataset/camera/round2_normal/camera_r2.pcapng,R2,39,391.16196274757385,0.9993724226951599,0.00010701361316023394,0.00013390932872425765,0.00036571978125721216,2.1011846911278553e-05,Camera
/home/lmy/iot-device-classification/dataset/camera/round2_normal/camera_r2.pcapng,R2,40,400.0452923774719,0.9996161460876465,5.2816005336353555e-05,0.00017792249855119735,0.00012792334018740803,2.5181238015647978e-05,Camera
/home/lmy/iot-device-classification/dataset/camera/round2_normal/camera_r2.pcapng,R2,41,412.6356675624848,0.9991056323051453,0.0006079872837290168,0.00014069276221562177,8.207304199459031e-05,6.358943210216239e-05,Camera
/home/lmy/iot-device-classification/dataset/camera/round2_normal/camera_r2.pcapng,R2,42,421.15220284461975,0.9986041188240051,0.0010502879740670323,0.00015383874415419996,0.00013553195458371192,5.623230754281394e-05,Camera
/home/lmy/iot-device-classification/dataset/camera/round2_normal/camera_r2.pcapng,R2,43,430.940012216568,0.999834418296814,4.0638071368448436e-05,4.727226769318804e-05,5.960941780358553e-05,1.80673596332781e-05,Camera
/home/lmy/iot-device-classification/dataset/camera/round2_normal/camera_r2.pcapng,R2,44,442.6917316913605,0.9990828037261963,0.0004877277824562043,0.0001461456122342497,0.00015165554941631854,0.00013167921861167997,Camera
/home/lmy/iot-device-classification/dataset/camera/round2_normal/camera_r2.pcapng,R2,45,451.1935696601868,0.9990966320037842,0.00029025482945144176,0.00016292693908326328,0.00042084517190232873,2.938170473498758e-05,Camera
/home/lmy/iot-device-classification/dataset/camera/round2_normal/camera_r2.pcapng,R2,46,460.4472413063049,0.9998341798782349,2.2894408175488934e-05,0.00012124015484005213,8.491184416925535e-06,1.3113442946632858e-05,Camera
/home/lmy/iot-device-classification/dataset/camera/round2_normal/camera_r2.pcapng,R2,47,470.4268519878388,0.9998055100440979,6.654584285570309e-05,9.276524360757321e-05,9.3279559223447e-06,2.5852366889012046e-05,Camera
/home/lmy/iot-device-classification/dataset/camera/round2_normal/camera_r2.pcapng,R2,48,481.2099220752716,0.9992778897285461,0.00011535637167980894,0.00011568985792109743,0.000441728625446558,4.9378093535779044e-05,Camera
/home/lmy/iot-device-classification/dataset/camera/round2_normal/camera_r2.pcapng,R2,49,491.378582239151,0.9998294115066528,1.2937610335939098e-05,9.430637146579102e-05,5.1566781621659175e-05,1.1748594261007383e-05,Camera
/home/lmy/iot-device-classification/dataset/camera/round2_normal/camera_r2.pcapng,R2,50,502.274872303009,0.9904639720916748,0.0020522831473499537,0.0001570583408465609,0.007206579204648733,0.00012009876081719995,Camera
/home/lmy/iot-device-classification/dataset/camera/round2_normal/camera_r2.pcapng,R2,51,510.5952138900757,0.9985296726226807,0.0004365417698863894,0.0002182058378821239,0.0007481383509002626,6.743791163899004e-05,Camera
/home/lmy/iot-device-classification/dataset/camera/round2_normal/camera_r2.pcapng,R2,52,520.859005689621,0.9764354825019836,0.0037759204860776663,0.0006281619425863028,0.018787454813718796,0.00037302146665751934,Camera
/home/lmy/iot-device-classification/dataset/camera/round2_normal/camera_r2.pcapng,R2,53,530.921037197113,0.9645017385482788,0.0014438352081924677,0.0003017911803908646,0.03345264121890068,0.00029996680677868426,Camera
/home/lmy/iot-device-classification/dataset/camera/round2_normal/camera_r2.pcapng,R2,54,541.2423532009125,0.9060553312301636,0.044841013848781586,0.001417493331246078,0.044804058969020844,0.0028821658343076706,Camera
/home/lmy/iot-device-classification/dataset/camera/round2_normal/camera_r2.pcapng,R2,55,551.7597703933716,0.9943091869354248,0.001596705405972898,0.001146208494901657,0.0027427023742347956,0.00020521537226159126,Camera
/home/lmy/iot-device-classification/dataset/camera/round2_normal/camera_r2.pcapng,R2,56,562.8769211769104,0.9987177848815918,7.45561410440132e-05,1.5530102245975286e-05,0.0011768583208322525,1.5309346053982154e-05,Camera
/home/lmy/iot-device-classification/dataset/camera/round2_normal/camera_r2.pcapng,R2,57,570.9168725013733,0.9996320009231567,0.00016841181786730886,6.48749410174787e-05,0.00011438975343480706,2.0318284441600554e-05,Camera
/home/lmy/iot-device-classification/dataset/camera/round2_normal/camera_r2.pcapng,R2,58,581.2913000583649,0.9998375177383423,8.892093319445848e-05,4.814652493223548e-05,1.25009537441656e-05,1.2877030712843407e-05,Camera
/home/lmy/iot-device-classification/dataset/camera/round2_normal/camera_r2.pcapng,R2,59,591.7171287536621,0.9997678399085999,0.00011391232692403719,4.800306123797782e-05,3.842153091682121e-05,3.184112210874446e-05,Camera
/home/lmy/iot-device-classification/dataset/camera/round2_normal/camera_r2.pcapng,R2,60,601.2717821598053,0.9985962510108948,0.0002853588084690273,0.00018820672994479537,0.0008848814177326858,4.526776683633216e-05,Camera
/home/lmy/iot-device-classification/dataset/camera/round2_normal/camera_r2.pcapng,R2,61,612.1706233024597,0.9998334646224976,1.6111196600832045e-05,0.0001048250196618028,3.497983198030852e-05,1.055909160641022e-05,Camera
/home/lmy/iot-device-classification/dataset/camera/round2_normal/camera_r2.pcapng,R2,62,622.8774116039276,0.9961705803871155,7.20872703823261e-05,1.7397569536115043e-05,0.0037222097162157297,1.7781154383555986e-05,Camera
/home/lmy/iot-device-classification/dataset/camera/round2_normal/camera_r2.pcapng,R2,63,631.2382776737213,0.9993578791618347,5.863100159331225e-05,6.501283496618271e-05,0.0004958908539265394,2.2633255866821855e-05,Camera
/home/lmy/iot-device-classification/dataset/camera/round2_normal/camera_r2.pcapng,R2,64,641.6916179656982,0.9995890259742737,0.00018056803673971444,0.00014638653374277055,4.790347520611249e-05,3.613751687225886e-05,Camera
/home/lmy/iot-device-classification/dataset/camera/round2_normal/camera_r2.pcapng,R2,65,652.9084537029266,0.9990767240524292,0.0004255176172591746,0.0004026036767754704,2.9368569812504575e-05,6.576531450264156e-05,Camera
/home/lmy/iot-device-classification/dataset/camera/round2_normal/camera_r2.pcapng,R2,66,661.3038868904114,0.9620124101638794,0.0080326609313488,0.0010311637306585908,0.02789326012134552,0.0010304574389010668,Camera
/home/lmy/iot-device-classification/dataset/camera/round2_normal/camera_r2.pcapng,R2,67,672.5336236953735,0.9998615980148315,1.9792207240243442e-05,9.853980009211227e-05,9.120122740569059e-06,1.0931463293673005e-05,Camera
/home/lmy/iot-device-classification/dataset/camera/round2_normal/camera_r2.pcapng,R2,68,682.9397687911987,0.9999271631240845,3.4622727980604395e-05,1.750339288264513e-05,6.522339390357956e-06,1.4230944543669466e-05,Camera
/home/lmy/iot-device-classification/dataset/camera/round2_normal/camera_r2.pcapng,R2,69,691.3212056159973,0.9986057877540588,0.00024125764321070164,0.00017799015040509403,0.0009255471522919834,4.941481529385783e-05,Camera
/home/lmy/iot-device-classification/dataset/camera/round2_normal/camera_r2.pcapng,R2,70,701.9608671665192,0.9997357726097107,0.00010905353701673448,0.00010491827561054379,3.090015161433257e-05,1.9316839825478382e-05,Camera
/home/lmy/iot-device-classification/dataset/camera/round2_normal/camera_r2.pcapng,R2,71,710.5933027267456,0.9997320771217346,6.892281089676544e-05,0.00013489980483427644,2.6454586986801587e-05,3.767873204196803e-05,Camera
/home/lmy/iot-device-classification/dataset/camera/round2_normal/camera_r2.pcapng,R2,72,721.3382844924927,0.9977694749832153,0.0009719128138385713,0.00022746740432921797,0.0008290440891869366,0.00020211219089105725,Camera
/home/lmy/iot-device-classification/dataset/camera/round2_normal/camera_r2.pcapng,R2,73,732.9914615154266,0.999915361404419,2.087737084366381e-05,3.64570296369493e-05,1.6866137229953893e-05,1.0381288120697718e-05,Camera
/home/lmy/iot-device-classification/dataset/camera/round2_normal/camera_r2.pcapng,R2,74,743.0018649101257,0.9855386018753052,4.471309875953011e-05,2.938750731118489e-05,0.014352601021528244,3.470006777206436e-05,Camera
/home/lmy/iot-device-classification/dataset/camera/round2_normal/camera_r2.pcapng,R2,75,751.3548667430878,0.9999326467514038,9.819410479394719e-06,1.918360430863686e-05,2.9964463465148583e-05,8.37452807900263e-06,Camera
/home/lmy/iot-device-classification/dataset/camera/round2_normal/camera_r2.pcapng,R2,76,762.2828052043915,0.9996137022972107,0.0002155714901164174,0.00011055346840294078,3.834562448901124e-05,2.187400787079241e-05,Camera
/home/lmy/iot-device-classification/dataset/camera/round2_normal/camera_r2.pcapng,R2,77,772.6826767921448,0.9998743534088135,3.346636731293984e-05,3.5576416848925874e-05,3.4898024750873446e-05,2.1638112229993567e-05,Camera
/home/lmy/iot-device-classification/dataset/camera/round2_normal/camera_r2.pcapng,R2,78,780.3580389022827,0.999228835105896,0.00015303990221582353,0.00014592477236874402,0.0004099381621927023,6.227281119208783e-05,Camera
/home/lmy/iot-device-classification/dataset/camera/round2_normal/camera_r2.pcapng,R2,79,793.0525143146515,0.9996358156204224,0.00010662815475370735,0.00017698640294838697,5.9785488701891154e-05,2.0826120817218907e-05,Camera
/home/lmy/iot-device-classification/dataset/camera/round2_normal/camera_r2.pcapng,R2,80,803.0640075206757,0.9984216690063477,0.0008363772067241371,9.059712465386838e-05,0.0005815940676257014,6.97591167408973e-05,Camera
/home/lmy/iot-device-classification/dataset/camera/round2_normal/camera_r2.pcapng,R2,81,811.3866221904755,0.9995627999305725,6.624902016483247e-05,0.00011915410868823528,0.00020741425396408886,4.436844028532505e-05,Camera
/home/lmy/iot-device-classification/dataset/camera/round2_normal/camera_r2.pcapng,R2,82,823.083886384964,0.993074893951416,0.0033226427622139454,0.0014359245542436838,0.0017222658498212695,0.00044421377242542803,Camera
/home/lmy/iot-device-classification/dataset/camera/round2_normal/camera_r2.pcapng,R2,83,833.0045716762543,0.9947040677070618,0.003468958893790841,0.000269474956439808,0.0010289001511409879,0.000528595526702702,Camera
/home/lmy/iot-device-classification/dataset/camera/round2_normal/camera_r2.pcapng,R2,84,841.4009125232697,0.9997056126594543,2.9035989427939057e-05,5.877055082237348e-05,0.00019176918431185186,1.4759022633370478e-05,Camera
/home/lmy/iot-device-classification/dataset/camera/round2_normal/camera_r2.pcapng,R2,85,853.1160552501678,0.996971607208252,0.0009739718516357243,0.0006509644445031881,0.001269430504180491,0.00013395887799561024,Camera
/home/lmy/iot-device-classification/dataset/camera/round2_normal/camera_r2.pcapng,R2,86,863.1255404949188,0.9999536275863647,1.5061576959851664e-05,1.4765118976356462e-05,8.221514690376353e-06,8.37773950479459e-06,Camera
/home/lmy/iot-device-classification/dataset/camera/round2_normal/camera_r2.pcapng,R2,87,871.4174144268036,0.8837407827377319,0.02349366806447506,0.0075400639325380325,0.08310424536466599,0.0021212163846939802,Camera
/home/lmy/iot-device-classification/dataset/camera/round2_normal/camera_r2.pcapng,R2,88,882.9259614944458,0.999432384967804,0.00027736418996937573,0.00020389117707964033,5.068471364211291e-05,3.562831261660904e-05,Camera
/home/lmy/iot-device-classification/dataset/camera/round2_normal/camera_r2.pcapng,R2,89,891.7979836463928,0.9999607801437378,8.96568781172391e-06,1.4745847693120595e-05,7.803220796631649e-06,7.721140718786046e-06,Camera
/home/lmy/iot-device-classification/dataset/camera/round2_normal/camera_r2.pcapng,R2,90,901.2867312431335,0.9999129772186279,2.666842374310363e-05,3.0832674383418635e-05,1.7759917682269588e-05,1.1779352462326642e-05,Camera
/home/lmy/iot-device-classification/dataset/camera/round2_normal/camera_r2.pcapng,R2,91,913.3030829429626,0.8430335521697998,0.009517897851765156,0.14682172238826752,0.0003399974084459245,0.0002868078590836376,Camera
/home/lmy/iot-device-classification/dataset/camera/round2_normal/camera_r2.pcapng,R2,92,923.1817755699158,0.9990235567092896,2.4971561288111843e-05,3.3841890399344265e-05,0.0008903485722839832,2.724492151173763e-05,Camera
/home/lmy/iot-device-classification/dataset/camera/round2_normal/camera_r2.pcapng,R2,93,930.915230512619,0.9995630383491516,2.4332826797035523e-05,1.6394720660173334e-05,0.0003780580300372094,1.8143287888960913e-05,Camera
/home/lmy/iot-device-classification/dataset/camera/round2_normal/camera_r2.pcapng,R2,94,943.2024521827698,0.996391236782074,0.001951413112692535,0.0007305485778488219,0.0006803820142522454,0.0002463440177962184,Camera
/home/lmy/iot-device-classification/dataset/camera/round2_normal/camera_r2.pcapng,R2,95,953.2094819545746,0.9969820380210876,0.0015999649185687304,0.00036819218075834215,0.0009295574855059385,0.00012022594455629587,Camera
/home/lmy/iot-device-classification/dataset/camera/round2_normal/camera_r2.pcapng,R2,96,961.4582974910736,0.9998132586479187,2.6797690225066617e-05,6.128088716650382e-05,7.640360854566097e-05,2.2337884729495272e-05,Camera
/home/lmy/iot-device-classification/dataset/camera/round2_normal/camera_r2.pcapng,R2,97,973.2285063266754,0.9998242259025574,3.863789243041538e-05,5.999410495860502e-05,5.9131842135684565e-05,1.7989978005061857e-05,Camera
/home/lmy/iot-device-classification/dataset/camera/round2_normal/camera_r2.pcapng,R2,98,983.2378005981444,0.999578058719635,0.0002794139727484435,3.034982000826858e-05,7.640763942617923e-05,3.571522393031046e-05,Camera
/home/lmy/iot-device-classification/dataset/camera/round2_normal/camera_r2.pcapng,R2,99,991.4677090644836,0.9997424483299255,2.9433211238938384e-05,7.001485937507823e-05,0.00014097899838816375,1.712641096673906e-05,Camera
/home/lmy/iot-device-classification/dataset/camera/round2_normal/camera_r2.pcapng,R2,100,1003.258527994156,0.999491810798645,0.00029095038189552724,0.00012037261330988258,5.525553206098266e-05,4.160537355346605e-05,Camera
/home/lmy/iot-device-classification/dataset/camera/round2_normal/camera_r2.pcapng,R2,101,1012.9220654964448,0.9984973669052124,0.0004163155681453645,0.00013980043877381831,0.0008541654096916318,9.23230909393169e-05,Camera
/home/lmy/iot-device-classification/dataset/camera/round2_normal/camera_r2.pcapng,R2,102,1021.4844996929168,0.9826290607452393,0.010078941471874714,0.0034364419989287853,0.0030559042934328318,0.0007996972417458892,Camera
/home/lmy/iot-device-classification/dataset/camera/round2_normal/camera_r2.pcapng,R2,103,1033.285621881485,0.9985307455062866,0.00015865884779486805,0.0008988708723336458,0.0003371003840584308,7.460526830982417e-05,Camera
/home/lmy/iot-device-classification/dataset/camera/round2_normal/camera_r2.pcapng,R2,104,1043.2945547103882,0.9997989535331726,0.0001356789725832641,1.6168203728739172e-05,3.325824945932254e-05,1.5989473467925563e-05,Camera
/home/lmy/iot-device-classification/dataset/camera/round2_normal/camera_r2.pcapng,R2,105,1051.499022245407,0.9964806437492371,0.00021206635574344546,0.0013195073697715998,0.0018978104926645756,9.00351587915793e-05,Camera
/home/lmy/iot-device-classification/dataset/camera/round2_normal/camera_r2.pcapng,R2,106,1063.3147015571594,0.9892886877059937,0.003859370481222868,0.005667137447744608,0.0007938615744933486,0.0003909276856575161,Camera
/home/lmy/iot-device-classification/dataset/camera/round2_normal/camera_r2.pcapng,R2,107,1073.3241927623749,0.9037771224975586,0.03933265805244446,0.01093857642263174,0.04356488958001137,0.002386717824265361,Camera
/home/lmy/iot-device-classification/dataset/camera/round2_normal/camera_r2.pcapng,R2,108,1081.5124173164368,0.9664798378944397,0.01926758885383606,0.0071981726214289665,0.0058914110995829105,0.0011630547232925892,Camera
/home/lmy/iot-device-classification/dataset/camera/round2_normal/camera_r2.pcapng,R2,109,1093.344004392624,0.998914361000061,0.000632881885394454,0.00012374827929306775,0.0002750302664935589,5.395381958805956e-05,Camera
/home/lmy/iot-device-classification/dataset/camera/round2_normal/camera_r2.pcapng,R2,110,1103.3532123565674,0.969982922077179,0.00021723445388488472,5.5769884056644514e-05,0.029667994007468224,7.612210902152583e-05,Camera
/home/lmy/iot-device-classification/dataset/camera/round2_normal/camera_r2.pcapng,R2,111,1111.5240352153778,0.999842643737793,3.3190470276167616e-05,3.6550805816659704e-05,7.265481690410525e-05,1.4911503967596218e-05,Camera
/home/lmy/iot-device-classification/dataset/camera/round2_normal/camera_r2.pcapng,R2,112,1123.372457742691,0.9997463822364807,0.00011745317169697955,2.1805530195706524e-05,8.694490679772571e-05,2.7396677978686057e-05,Camera
/home/lmy/iot-device-classification/dataset/camera/round2_normal/camera_r2.pcapng,R2,113,1130.424103975296,0.9980916380882263,0.00039530626963824034,0.0002751433348748833,0.0011411659652367234,9.673262684373185e-05,Camera
/home/lmy/iot-device-classification/dataset/camera/round2_normal/camera_r2.pcapng,R2,114,1141.5409350395205,0.9996029734611511,3.402583388378844e-05,5.555054667638615e-05,0.0002919650578405708,1.549786247778684e-05,Camera
/home/lmy/iot-device-classification/dataset/camera/round2_normal/camera_r2.pcapng,R2,115,1151.007157087326,0.9993048906326294,8.801055082585663e-05,0.00018707773415371776,0.0003692450700327754,5.0730952352751046e-05,Camera
/home/lmy/iot-device-classification/dataset/camera/round2_normal/camera_r2.pcapng,R2,116,1160.9190518856049,0.9968296885490417,0.0002728403778746724,5.5962897022254765e-05,0.002742196898907423,9.933060937328264e-05,Camera
/home/lmy/iot-device-classification/dataset/camera/round2_normal/camera_r2.pcapng,R2,117,1171.5538074970243,0.98503577709198,0.0011761275818571448,0.011501532047986984,0.002002394525334239,0.00028419840964488685,Camera
/home/lmy/iot-device-classification/dataset/camera/round2_normal/camera_r2.pcapng,R2,118,1182.5023686885834,0.9979440569877625,0.0011774605372920632,0.0003561583871487528,0.00035064417170360684,0.0001716315746307373,Camera
/home/lmy/iot-device-classification/dataset/camera/round2_normal/camera_r2.pcapng,R2,119,1193.4421064853668,0.9950089454650879,0.00121801788918674,0.0005033174529671669,0.0031144183594733477,0.00015529942174907774,Camera
/home/lmy/iot-device-classification/dataset/camera/round2_normal/camera_r2.pcapng,R2,120,1201.569499254227,0.9994980096817017,0.00032213458325713873,2.9861856091883965e-05,0.00010271599603584036,4.720762444776483e-05,Camera
/home/lmy/iot-device-classification/dataset/camera/round2_normal/camera_r2.pcapng,R2,121,1213.4615659713745,0.9694008827209473,0.00684785982593894,0.006990310736000538,0.015673337504267693,0.00108755670953542,Camera
/home/lmy/iot-device-classification/dataset/camera/round2_normal/camera_r2.pcapng,R2,122,1223.4706284999847,0.8848841786384583,0.021082481369376183,0.0071343122981488705,0.08427903801202774,0.0026200613938272,Camera
/home/lmy/iot-device-classification/dataset/camera/round2_normal/camera_r2.pcapng,R2,123,1231.5857756137848,0.9947237968444824,0.0001425927912350744,0.0001304346224060282,0.004932252690196037,7.100006041582674e-05,Camera
/home/lmy/iot-device-classification/dataset/camera/round2_normal/camera_r2.pcapng,R2,124,1243.4929280281067,0.9975817203521729,0.0013510858407244086,0.00047908996930345893,0.00036145333433523774,0.0002266844967380166,Camera
/home/lmy/iot-device-classification/dataset/camera/round2_normal/camera_r2.pcapng,R2,125,1253.501568317413,0.8599300384521484,0.0009852871298789978,0.00011883748811669648,0.13883791863918304,0.00012794992653653026,Camera
/home/lmy/iot-device-classification/dataset/camera/round2_normal/camera_r2.pcapng,R2,126,1261.600768327713,0.9878562092781067,0.0009103555348701775,0.0029942868277430534,0.007954656146466732,0.00028449398814700544,Camera
/home/lmy/iot-device-classification/dataset/camera/round2_normal/camera_r2.pcapng,R2,127,1273.5200200080872,0.9892299771308899,0.0028412218671292067,0.003597558243200183,0.004096429329365492,0.0002347549598198384,Camera
/home/lmy/iot-device-classification/dataset/camera/round2_normal/camera_r2.pcapng,R2,128,1283.5298159122467,0.9980074763298035,0.0005854214541614056,0.0005565514438785613,0.000644498155452311,0.0002060855331365019,Camera
/home/lmy/iot-device-classification/dataset/camera/round2_normal/camera_r2.pcapng,R2,129,1291.6118483543396,0.9979841709136963,3.260101584601216e-05,4.119009099667892e-05,0.0019204724812880158,2.1520560039789416e-05,Camera
/home/lmy/iot-device-classification/dataset/camera/round2_normal/camera_r2.pcapng,R2,130,1303.5507655143738,0.9021850824356079,0.048287272453308105,0.0014727540547028184,0.046082720160484314,0.0019722236320376396,Camera
/home/lmy/iot-device-classification/dataset/camera/round2_normal/camera_r2.pcapng,R2,131,1310.9129676818848,0.9153620004653931,0.005059208255261183,0.000177590933162719,0.07890012115240097,0.0005010326276533306,Camera
/home/lmy/iot-device-classification/dataset/camera/round2_normal/camera_r2.pcapng,R2,132,1321.6277344226835,0.9997610449790955,1.68802998814499e-05,1.730098665575497e-05,0.00019234670617152005,1.2410636372806039e-05,Camera
/home/lmy/iot-device-classification/dataset/camera/round2_normal/camera_r2.pcapng,R2,133,1330.091359615326,0.9997113347053528,3.753786222659983e-05,0.00017466527060605586,5.100087946630083e-05,2.5481611373834312e-05,Camera
/home/lmy/iot-device-classification/dataset/camera/round2_normal/camera_r2.pcapng,R2,134,1343.62934756279,0.34732282161712646,0.0012212375877425075,0.0027266221586614847,0.6483219861984253,0.0004073581949342042,Camera
/home/lmy/iot-device-classification/dataset/camera/round2_normal/camera_r2.pcapng,R2,135,1351.645565032959,0.9996522665023804,1.9826806237688288e-05,1.60494091687724e-05,0.0002982270671054721,1.3670030966750346e-05,Camera
/home/lmy/iot-device-classification/dataset/camera/round2_normal/camera_r2.pcapng,R2,136,1363.610143661499,0.9998657703399658,2.6936771973851137e-05,7.182906847447157e-05,2.1037983970018104e-05,1.4371581528394017e-05,Camera
/home/lmy/iot-device-classification/dataset/camera/round2_normal/camera_r2.pcapng,R2,137,1370.0518736839294,0.9999536275863647,1.9405366401770152e-05,1.5447334590135142e-05,3.940074748243205e-06,7.631998414581176e-06,Camera
/home/lmy/iot-device-classification/dataset/camera/round2_normal/camera_r2.pcapng,R2,138,1381.6601283550262,0.8804928064346313,0.005226601846516132,0.0033255505841225386,0.11015515774488449,0.0007998736691661179,Camera
/home/lmy/iot-device-classification/dataset/camera/round2_normal/camera_r2.pcapng,R2,139,1392.960649251938,0.9986483454704285,0.00021207111421972513,0.0004938759375363588,0.00048702798085287213,0.00015871839423198253,Camera
/home/lmy/iot-device-classification/dataset/camera/round2_normal/camera_r2.pcapng,R2,140,1400.0394723415377,0.9998726844787598,1.1702783922373783e-05,4.3807016481878236e-05,5.8337845985079184e-05,1.3509419659385458e-05,Camera
/home/lmy/iot-device-classification/dataset/camera/round2_normal/camera_r2.pcapng,R2,141,1411.6763532161713,0.9987059831619263,3.610228668549098e-05,7.1009635576047e-05,0.0011651205131784081,2.1755766283604316e-05,Camera
/home/lmy/iot-device-classification/dataset/camera/round2_normal/camera_r2.pcapng,R2,142,1423.6699299812317,0.9995606541633606,0.00020177970873191953,9.817204409046099e-05,9.975455031963065e-05,3.961583206546493e-05,Camera
/home/lmy/iot-device-classification/dataset/camera/round2_normal/camera_r2.pcapng,R2,143,1430.501472711563,0.999554455280304,0.00014364784874487668,0.00024539665901102126,2.088419205392711e-05,3.561340054147877e-05,Camera
/home/lmy/iot-device-classification/dataset/camera/round2_normal/camera_r2.pcapng,R2,144,1441.691505908966,0.9851353764533997,0.0004911056021228433,0.005891067907214165,0.00833834707736969,0.00014412518066819757,Camera
/home/lmy/iot-device-classification/dataset/camera/round2_normal/camera_r2.pcapng,R2,145,1450.0142230987549,0.9710983633995056,0.0028011766262352467,0.0011864147381857038,0.024235079064965248,0.0006789105827920139,Camera
/home/lmy/iot-device-classification/dataset/camera/round2_normal/camera_r2.pcapng,R2,146,1460.071935892105,0.9999792575836182,6.958031917747576e-06,4.206645826343447e-06,3.1694855806563282e-06,6.37455923424568e-06,Camera
/home/lmy/iot-device-classification/dataset/camera/round2_normal/camera_r2.pcapng,R2,147,1470.0209238529203,0.9964888095855713,7.802546315360814e-05,0.00013927926192991436,0.0032554063946008682,3.844819002551958e-05,Camera
/home/lmy/iot-device-classification/dataset/camera/round2_normal/camera_r2.pcapng,R2,148,1480.0417964458466,0.9998534917831421,4.5669006794923916e-05,6.302262772805989e-05,1.968232936633285e-05,1.8076822016155347e-05,Camera
/home/lmy/iot-device-classification/dataset/camera/round2_normal/camera_r2.pcapng,R2,149,1490.0754919052124,0.9999110698699951,3.864913378492929e-05,2.8098113034502603e-05,8.404510481341276e-06,1.3810349628329277e-05,Camera
/home/lmy/iot-device-classification/dataset/camera/round2_normal/camera_r2.pcapng,R2,150,1500.1754784584043,0.9917477369308472,6.714955088682473e-05,0.00010961451334878802,0.008024756796658039,5.068791870144196e-05,Camera
/home/lmy/iot-device-classification/dataset/camera/round2_normal/camera_r2.pcapng,R2,151,1510.2518315315249,0.999776303768158,5.2829203923465684e-05,9.300436067860574e-05,5.541819700738415e-05,2.250675424875226e-05,Camera
/home/lmy/iot-device-classification/dataset/camera/round2_normal/camera_r2.pcapng,R2,152,1520.0883193016052,0.999940037727356,2.3621942091267556e-05,1.331983548880089e-05,1.2061169400112703e-05,1.0995180673489813e-05,Camera
/home/lmy/iot-device-classification/dataset/camera/round2_normal/camera_r2.pcapng,R2,153,1530.324291229248,0.9997132420539856,2.981381658173632e-05,3.399225533939898e-05,0.00020824170496780425,1.4633918908657506e-05,Camera
/home/lmy/iot-device-classification/dataset/camera/round2_normal/camera_r2.pcapng,R2,154,1540.1444492340088,0.9985173344612122,0.00019279219850432128,0.0011427326826378703,9.672406304161996e-05,5.042184056947008e-05,Camera
/home/lmy/iot-device-classification/dataset/camera/round2_normal/camera_r2.pcapng,R2,155,1550.2133028507233,0.9999375343322754,3.266566636739299e-05,1.3778233551420271e-05,5.301334567775484e-06,1.0679312254069373e-05,Camera
/home/lmy/iot-device-classification/dataset/camera/round2_normal/camera_r2.pcapng,R2,156,1560.561782836914,0.9974265694618225,5.829700603499077e-05,7.644136348972097e-05,0.002413898939266801,2.4713075617910363e-05,Camera
/home/lmy/iot-device-classification/dataset/camera/round2_normal/camera_r2.pcapng,R2,157,1570.6017906665802,0.9999501705169678,1.3593335097539239e-05,1.6413667253800668e-05,1.1879587873409037e-05,7.97380562289618e-06,Camera
/home/lmy/iot-device-classification/dataset/camera/round2_normal/camera_r2.pcapng,R2,158,1580.0871908664703,0.9985560774803162,1.746869384078309e-05,7.427345735777635e-06,0.0014067507581785321,1.232111026183702e-05,Camera
/home/lmy/iot-device-classification/dataset/camera/round2_normal/camera_r2.pcapng,R2,159,1590.1081371307373,0.9992743134498596,9.942238102667034e-05,6.486941128969193e-05,0.0005366064724512398,2.4855073206708767e-05,Camera
/home/lmy/iot-device-classification/dataset/camera/round2_normal/camera_r2.pcapng,R2,160,1600.163945198059,0.9998903274536133,1.4893681509420276e-05,6.240359653020278e-05,2.1698469936382025e-05,1.0634355021466035e-05,Camera
/home/lmy/iot-device-classification/dataset/camera/round2_normal/camera_r2.pcapng,R2,161,1610.2463591098783,0.9983744621276855,2.0216040866216645e-05,1.9169134247931652e-05,0.0015664532547816634,1.9646544387796894e-05,Camera
/home/lmy/iot-device-classification/dataset/camera/round2_normal/camera_r2.pcapng,R2,162,1620.3009140491486,0.9999066591262817,3.098715387750417e-05,3.126985757262446e-05,1.9670635083457455e-05,1.142745531979017e-05,Camera
/home/lmy/iot-device-classification/dataset/camera/round2_normal/camera_r2.pcapng,R2,163,1630.364367723465,0.9990255832672119,0.0004799421294592321,0.00030788619187660515,0.00012275548942852765,6.38902056380175e-05,Camera
/home/lmy/iot-device-classification/dataset/camera/round2_normal/camera_r2.pcapng,R2,164,1640.415866136551,0.993205189704895,0.004001630004495382,0.0003503364569041878,0.0021395052317529917,0.00030331703601405025,Camera
/home/lmy/iot-device-classification/dataset/camera/round2_normal/camera_r2.pcapng,R2,165,1650.099946975708,0.9975360631942749,0.0007853059214539826,0.00023453870380762964,0.0013015081640332937,0.000142609715112485,Camera
/home/lmy/iot-device-classification/dataset/camera/round2_normal/camera_r2.pcapng,R2,166,1660.2747735977173,0.9992524981498718,0.0005522231222130358,9.052684617927298e-05,5.1897419325541705e-05,5.285553197609261e-05,Camera
/home/lmy/iot-device-classification/dataset/camera/round2_normal/camera_r2.pcapng,R2,167,1670.5621695518494,0.9995889067649841,0.00029281116439960897,3.7672725738957524e-05,4.881791755906306e-05,3.178824408678338e-05,Camera
/home/lmy/iot-device-classification/dataset/camera/round2_normal/camera_r2.pcapng,R2,168,1680.287879705429,0.9999085664749146,3.281562385382131e-05,3.4921191399917006e-05,9.469845281273592e-06,1.4218213436834048e-05,Camera
/home/lmy/iot-device-classification/dataset/camera/round2_normal/camera_r2.pcapng,R2,169,1690.7651755809784,0.9986972212791443,0.0009465881739743054,0.00020236011187080294,7.782104512443766e-05,7.602992991451174e-05,Camera
/home/lmy/iot-device-classification/dataset/camera/round2_normal/camera_r2.pcapng,R2,170,1700.840870141983,0.9985910058021545,9.043379395734519e-05,0.0011416197521612048,0.00012782090925611556,4.904001616523601e-05,Camera
/home/lmy/iot-device-classification/dataset/camera/round2_normal/camera_r2.pcapng,R2,171,1710.3125059604645,0.9935059547424316,0.0002443435660097748,8.392993186134845e-05,0.006086417008191347,7.932938751764596e-05,Camera
/home/lmy/iot-device-classification/dataset/camera/round2_normal/camera_r2.pcapng,R2,172,1720.479027509689,0.9774413704872131,0.0007267055916599929,0.020270301029086113,0.0013467968674376607,0.00021483672026079148,Camera
/home/lmy/iot-device-classification/dataset/camera/round2_normal/camera_r2.pcapng,R2,173,1731.0160167217257,0.9997915625572205,0.00013160923845134676,2.3947717636474408e-05,2.8576971089933068e-05,2.4351833417313173e-05,Camera
/home/lmy/iot-device-classification/dataset/camera/round2_normal/camera_r2.pcapng,R2,174,1741.0855920314789,0.9998218417167664,1.8067616110784e-05,2.388986285950523e-05,0.00012389708717819303,1.229497320309747e-05,Camera
/home/lmy/iot-device-classification/dataset/camera/round2_normal/camera_r2.pcapng,R2,175,1750.9176754951477,0.9984261989593506,0.00020338813192211092,0.00011839202488772571,0.0011882700491696596,6.375926022883505e-05,Camera
/home/lmy/iot-device-classification/dataset/camera/round2_normal/camera_r2.pcapng,R2,176,1760.2380640506744,0.9998986721038818,4.41309530287981e-05,2.7272482839180157e-05,1.8605383957037702e-05,1.1322455065965187e-05,Camera
/home/lmy/iot-device-classification/dataset/camera/round2_normal/camera_r2.pcapng,R2,177,1771.068736076355,0.9991744160652161,7.3058923589997e-05,2.4396755179623142e-05,0.0007026199018582702,2.545704774092883e-05,Camera
/home/lmy/iot-device-classification/dataset/camera/round2_normal/camera_r2.pcapng,R2,178,1781.3355267047882,0.9990687966346741,0.00023620331194251776,0.00012967806833330542,0.0005178285646252334,4.74818552902434e-05,Camera
/home/lmy/iot-device-classification/dataset/camera/round2_normal/camera_r2.pcapng,R2,179,1791.4084224700928,0.9987186193466187,1.1471266589069273e-05,1.4334613297251053e-05,0.001244166400283575,1.1489956705190707e-05,Camera
/home/lmy/iot-device-classification/dataset/camera/round2_normal/camera_r2.pcapng,R2,180,1801.4464135169983,0.9998161196708679,1.806516775104683e-05,3.5149430914316326e-05,0.00011949785402975976,1.1247961992921773e-05,Camera
/home/lmy/iot-device-classification/dataset/camera/round2_normal/camera_r2.pcapng,R2,181,1811.5264284610748,0.9999653100967407,8.324666850967333e-06,6.927094545972068e-06,1.2968375813215971e-05,6.505709279736038e-06,Camera
/home/lmy/iot-device-classification/dataset/camera/round2_normal/camera_r2.pcapng,R2,182,1821.6065700054169,0.9999538660049438,8.727371096028946e-06,2.5451019610045478e-05,2.601910182420397e-06,9.334359674539883e-06,Camera
/home/lmy/iot-device-classification/dataset/camera/round2_normal/camera_r2.pcapng,R2,183,1831.389788389206,0.999537467956543,7.519689825130627e-05,8.835349581204355e-05,0.0002717226161621511,2.726543607423082e-05,Camera
/home/lmy/iot-device-classification/dataset/camera/round2_normal/camera_r2.pcapng,R2,184,1841.686539888382,0.9935033917427063,0.0002315995079698041,0.0053255874663591385,0.0008328407420776784,0.00010661885607987642,Camera
/home/lmy/iot-device-classification/dataset/camera/round2_normal/camera_r2.pcapng,R2,185,1851.766833305359,0.9999793767929077,5.35627896169899e-06,7.106251359800808e-06,2.853746764230891e-06,5.3363637562142685e-06,Camera
/home/lmy/iot-device-classification/dataset/camera/round2_normal/camera_r2.pcapng,R2,186,1860.509847164154,0.99896240234375,0.00011955101217608899,7.707958138780668e-05,0.0007853521383367479,5.5585249356226996e-05,Camera
/home/lmy/iot-device-classification/dataset/camera/round2_normal/camera_r2.pcapng,R2,187,1871.9368324279783,0.9998834133148193,1.561292083351873e-05,6.546921940753236e-05,2.344724998692982e-05,1.1986515346507076e-05,Camera
/home/lmy/iot-device-classification/dataset/camera/round2_normal/camera_r2.pcapng,R2,188,1881.967279672623,0.9987805485725403,0.00021636582096107304,0.0004797752480953932,0.00037465718924067914,0.00014868548896629363,Camera
/home/lmy/iot-device-classification/dataset/camera/round2_normal/camera_r2.pcapng,R2,189,1891.9326751232147,0.8637688755989075,0.012595822103321552,0.0061197890900075436,0.11639697104692459,0.0011185959447175264,Camera
/home/lmy/iot-device-classification/dataset/camera/round2_normal/camera_r2.pcapng,R2,190,1902.091634511948,0.9999512434005737,1.621712181076873e-05,1.3541000043915119e-05,1.1295471267658286e-05,7.724860552116297e-06,Camera
/home/lmy/iot-device-classification/dataset/camera/round2_normal/camera_r2.pcapng,R2,191,1912.1781225204468,0.999911904335022,2.5490175175946206e-05,2.19463854591595e-05,2.761359792202711e-05,1.2982185580767691e-05,Camera
/home/lmy/iot-device-classification/dataset/camera/round2_normal/camera_r2.pcapng,R2,192,1920.830106496811,0.999755322933197,3.315755020594224e-05,4.7123055992415175e-05,0.00014744990039616823,1.6974672689684667e-05,Camera
/home/lmy/iot-device-classification/dataset/camera/round2_normal/camera_r2.pcapng,R2,193,1932.2996833324432,0.9998413324356079,1.870856067398563e-05,8.473767957184464e-05,3.805660890066065e-05,1.7080961697502062e-05,Camera
/home/lmy/iot-device-classification/dataset/camera/round2_normal/camera_r2.pcapng,R2,194,1940.0105667114256,0.9790255427360535,0.0003419765271246433,9.383570431964472e-05,0.02032586745917797,0.00021281305816955864,Camera
/home/lmy/iot-device-classification/dataset/camera/round2_normal/camera_r2.pcapng,R2,195,1952.4212517738345,0.9995216131210327,0.00018635395099408925,1.4416867998079397e-05,0.00025618390645831823,2.147717896150425e-05,Camera
/home/lmy/iot-device-classification/dataset/camera/round2_normal/camera_r2.pcapng,R2,196,1962.431809425354,0.9990500807762146,9.984194184653461e-05,0.00023891522141639143,0.0005436762585304677,6.742872938048095e-05,Camera
/home/lmy/iot-device-classification/dataset/camera/round2_normal/camera_r2.pcapng,R2,197,1972.5883479118347,0.9465680122375488,0.026013435795903206,0.00468433229252696,0.02044224739074707,0.0022919378243386745,Camera
/home/lmy/iot-device-classification/dataset/camera/round2_normal/camera_r2.pcapng,R2,198,1981.9786231517792,0.9999315738677979,3.150381235172972e-05,1.8405915398034267e-05,1.0331490557291545e-05,8.229287232097704e-06,Camera
/home/lmy/iot-device-classification/dataset/camera/round2_normal/camera_r2.pcapng,R2,199,1991.5498895645144,0.9992069602012634,0.00019985917606391013,0.0004497964109759778,8.904096466721967e-05,5.433619298855774e-05,Camera
/home/lmy/iot-device-classification/dataset/camera/round2_normal/camera_r2.pcapng,R2,200,2000.3638124465945,0.9999098777770996,2.537223008403089e-05,4.1861865611281246e-05,8.755363523960114e-06,1.4134235243545845e-05,Camera
/home/lmy/iot-device-classification/dataset/camera/round2_normal/camera_r2.pcapng,R2,201,2011.9934787750244,0.9913833141326904,0.004687306005507708,0.0022614640183746815,0.001374560291878879,0.0002932699862867594,Camera
/home/lmy/iot-device-classification/dataset/camera/round2_normal/camera_r2.pcapng,R2,202,2020.6680932044983,0.9998310804367065,2.6475607228348963e-05,7.542414823547006e-05,4.77148023492191e-05,1.9304610759718344e-05,Camera
/home/lmy/iot-device-classification/dataset/camera/round2_normal/camera_r2.pcapng,R2,203,2032.9883801937103,0.9997617602348328,0.00017190747894346714,3.403497248655185e-05,1.2138771126046777e-05,2.0197174308123067e-05,Camera
/home/lmy/iot-device-classification/dataset/camera/round2_normal/camera_r2.pcapng,R2,204,2041.467861175537,0.9988270401954651,0.0006280856905505061,0.000238639215240255,0.00024549930822104216,6.071685493225232e-05,Camera
/home/lmy/iot-device-classification/dataset/camera/round2_normal/camera_r2.pcapng,R2,205,2051.867367506027,0.999742329120636,5.631954991258681e-05,9.356049122288823e-05,8.042252738960087e-05,2.7359075829735957e-05,Camera
/home/lmy/iot-device-classification/dataset/camera/round2_normal/camera_r2.pcapng,R2,206,2060.815411567688,0.8455324769020081,0.0017450111918151379,0.0002789289865177125,0.1521524041891098,0.00029113655909895897,Camera
/home/lmy/iot-device-classification/dataset/camera/round2_normal/camera_r2.pcapng,R2,207,2072.0251841545105,0.9987941980361938,0.00040829903446137905,0.0002920461993198842,0.000447712343884632,5.7686924264999107e-05,Camera
/home/lmy/iot-device-classification/dataset/camera/round2_normal/camera_r2.pcapng,R2,208,2083.285264968872,0.99950110912323,9.839460108196363e-05,0.00010065219976240769,0.0002666220534592867,3.3225711376871914e-05,Camera
/home/lmy/iot-device-classification/dataset/camera/round2_normal/camera_r2.pcapng,R2,209,2093.3637657165527,0.9550447463989258,0.025694778189063072,0.002749851904809475,0.01565740816295147,0.0008532002684660256,Camera
/home/lmy/iot-device-classification/dataset/camera/round2_normal/camera_r2.pcapng,R2,210,2101.789255142212,0.9920159578323364,0.0018861534772440791,0.0010415245778858662,0.004724582191556692,0.00033178480225615203,Camera
/home/lmy/iot-device-classification/dataset/camera/round2_normal/camera_r2.pcapng,R2,211,2112.1880729198456,0.9978801012039185,0.0006548011442646384,0.0002735488524194807,0.0010828326921910048,0.00010879237379413098,Camera
/home/lmy/iot-device-classification/dataset/camera/round2_normal/camera_r2.pcapng,R2,212,2121.234741926193,0.9983099699020386,0.0006919837323948741,0.0004049499111715704,0.0004922403604723513,0.00010080452193506062,Camera
/home/lmy/iot-device-classification/dataset/camera/round2_normal/camera_r2.pcapng,R2,213,2130.173230409622,0.9985602498054504,0.00018088211072608829,0.0009594358270987868,0.0002442950790282339,5.5111133406171575e-05,Camera
/home/lmy/iot-device-classification/dataset/camera/round2_normal/camera_r2.pcapng,R2,214,2141.307647705078,0.9876591563224792,0.0013895699521526694,0.0003220103681087494,0.01029827632009983,0.00033102143788710237,Camera
/home/lmy/iot-device-classification/dataset/camera/round2_normal/camera_r2.pcapng,R2,215,2153.72504901886,0.9982877373695374,0.0013403553748503327,0.000172144515090622,8.482900011586025e-05,0.0001149174349848181,Camera
/home/lmy/iot-device-classification/dataset/camera/round2_normal/camera_r2.pcapng,R2,216,2162.067749977112,0.982813835144043,0.0025798166170716286,0.0003091939724981785,0.013993673957884312,0.0003034627006854862,Camera
/home/lmy/iot-device-classification/dataset/camera/round2_normal/camera_r2.pcapng,R2,217,2172.5081238746643,0.999437153339386,0.00014935273793525994,5.5081261962186545e-05,0.00031929934630170465,3.9081078284652904e-05,Camera
/home/lmy/iot-device-classification/dataset/camera/round2_normal/camera_r2.pcapng,R2,218,2181.6755821704865,0.999890923500061,3.765012661460787e-05,9.282826795242727e-06,4.867945972364396e-05,1.3411668078333605e-05,Camera
/home/lmy/iot-device-classification/dataset/camera/round2_normal/camera_r2.pcapng,R2,219,2191.984236478805,0.9998960494995117,7.773618563078344e-05,9.30612350202864e-06,6.931518328201491e-06,9.98692758003017e-06,Camera
/home/lmy/iot-device-classification/dataset/camera/round2_normal/camera_r2.pcapng,R2,220,2201.6270184516907,0.9997590184211731,9.632336877984926e-05,5.8054065448231995e-05,4.4380030885804445e-05,4.226984310662374e-05,Camera
/home/lmy/iot-device-classification/dataset/camera/round2_normal/camera_r2.pcapng,R2,221,2214.0893738269806,0.9981877207756042,0.0016300622373819351,8.93599572009407e-05,4.613660348695703e-05,4.66810270154383e-05,Camera
/home/lmy/iot-device-classification/dataset/camera/round2_normal/camera_r2.pcapng,R2,222,2222.10164809227,0.5916737914085388,0.10418224334716797,0.003330690786242485,0.2975960671901703,0.0032172563951462507,Camera
/home/lmy/iot-device-classification/dataset/camera/round2_normal/camera_r2.pcapng,R2,223,2232.827834129333,0.7617224454879761,0.146665558218956,0.014891582541167736,0.06821881234645844,0.00850159116089344,Camera
/home/lmy/iot-device-classification/dataset/camera/round2_normal/camera_r2.pcapng,R2,224,2240.0532019138336,0.9888575077056885,0.008156483061611652,0.001321269664913416,0.0012750201858580112,0.00038970765308476985,Camera
/home/lmy/iot-device-classification/dataset/camera/round2_normal/camera_r2.pcapng,R2,225,2251.547493934632,0.8399917483329773,0.11998820304870605,0.00549085158854723,0.03322705253958702,0.0013021056074649096,Camera
/home/lmy/iot-device-classification/dataset/camera/round2_normal/camera_r2.pcapng,R2,226,2261.947966337204,0.9540584683418274,0.02321474999189377,0.0014634623657912016,0.02021060511469841,0.0010527292033657432,Camera
/home/lmy/iot-device-classification/dataset/camera/round2_normal/camera_r2.pcapng,R2,227,2274.4740204811096,0.8874486088752747,0.09007982909679413,0.004532170481979847,0.01663462445139885,0.0013047578977420926,Camera
/home/lmy/iot-device-classification/dataset/camera/round2_normal/camera_r2.pcapng,R2,228,2282.12881731987,0.7915999889373779,0.03499500826001167,0.0023907998111099005,0.1699056476354599,0.0011085376609116793,Camera
/home/lmy/iot-device-classification/dataset/camera/round2_normal/camera_r2.pcapng,R2,229,2293.147260904312,0.9957553148269653,0.0015133341075852513,0.00045105782919563353,0.0018706733826547861,0.0004095940967090428,Camera
/home/lmy/iot-device-classification/dataset/camera/round2_normal/camera_r2.pcapng,R2,230,2300.4633750915527,0.9998354911804199,3.8561425753869116e-05,5.428851000033319e-05,4.7399353206856176e-05,2.4290624423883855e-05,Camera
/home/lmy/iot-device-classification/dataset/camera/round2_normal/camera_r2.pcapng,R2,231,2311.8674972057343,0.8424165844917297,0.11885615438222885,0.0025651268661022186,0.032551608979701996,0.0036105946637690067,Camera
/home/lmy/iot-device-classification/dataset/camera/round2_normal/camera_r2.pcapng,R2,232,2322.249433517456,0.9969556331634521,0.0008006210555322468,0.0009741847752593458,0.0010674026561900973,0.00020217240671627223,Camera
/home/lmy/iot-device-classification/dataset/camera/round2_normal/camera_r2.pcapng,R2,233,2330.0429401397705,0.9998513460159302,0.00011279215686954558,1.0756827578006778e-05,1.1744505172828212e-05,1.3305755601322744e-05,Camera
/home/lmy/iot-device-classification/dataset/camera/round2_normal/camera_r2.pcapng,R2,234,2341.95564198494,0.9990988969802856,0.00020088716701138765,4.328121940488927e-05,0.0006282578688114882,2.8666783691733144e-05,Camera
/home/lmy/iot-device-classification/dataset/camera/round2_normal/camera_r2.pcapng,R2,235,2353.467885494232,0.7738917469978333,0.12180855870246887,0.008500595577061176,0.08908543735742569,0.006713650189340115,Camera
/home/lmy/iot-device-classification/dataset/camera/round2_normal/camera_r2.pcapng,R2,236,2360.0239040851598,0.999531626701355,7.081186049617827e-05,0.0001109434015234001,0.00024469391792081296,4.197969246888533e-05,Camera
/home/lmy/iot-device-classification/dataset/camera/round2_normal/camera_r2.pcapng,R2,237,2371.3019688129425,0.9901450872421265,0.0006669817958027124,0.0002404693077551201,0.0088117104023695,0.00013579909864347428,Camera
/home/lmy/iot-device-classification/dataset/camera/round2_normal/camera_r2.pcapng,R2,238,2384.637336730957,0.9947443008422852,0.0008805002435110509,0.0004193013010080904,0.003842882579192519,0.0001130213204305619,Camera
/home/lmy/iot-device-classification/dataset/camera/round2_normal/camera_r2.pcapng,R2,239,2390.2774493694305,0.988105297088623,0.0019482681527733803,6.240893708309159e-05,0.009810695424675941,7.337220449699089e-05,Camera
/home/lmy/iot-device-classification/dataset/camera/round2_normal/camera_r2.pcapng,R2,240,2402.190484523773,0.9942519664764404,0.0035678164567798376,0.00039502131403423846,0.0016279577976092696,0.00015727065328974277,Camera
/home/lmy/iot-device-classification/dataset/camera/round2_normal/camera_r2.pcapng,R2,241,2413.78723359108,0.9422222971916199,0.019910098984837532,0.0006431638030335307,0.03606981411576271,0.001154666068032384,Camera
/home/lmy/iot-device-classification/dataset/camera/round2_normal/camera_r2.pcapng,R2,242,2420.2702271938324,0.9979362487792969,0.0015892121009528637,0.00020360108464956284,0.00017020400264300406,0.00010077273327624425,Camera
/home/lmy/iot-device-classification/dataset/camera/round2_normal/camera_r2.pcapng,R2,243,2432.206829547882,0.8153069615364075,0.018966753035783768,0.0014752330025658011,0.16331379115581512,0.0009372251806780696,Camera
/home/lmy/iot-device-classification/dataset/camera/round2_normal/camera_r2.pcapng,R2,244,2440.5369811058044,0.9907468557357788,0.006561432499438524,0.001929640886373818,0.0005216849385760725,0.00024040535208769143,Camera
/home/lmy/iot-device-classification/dataset/camera/round2_normal/camera_r2.pcapng,R2,245,2450.9151241779327,0.9185457229614258,0.05871002748608589,0.005427744705229998,0.015278036706149578,0.0020384821109473705,Camera
/home/lmy/iot-device-classification/dataset/camera/round2_normal/camera_r2.pcapng,R2,246,2462.2233695983887,0.8854858875274658,0.03196684271097183,0.0011209928197786212,0.08036493510007858,0.0010613934136927128,Camera
/home/lmy/iot-device-classification/dataset/camera/round2_normal/camera_r2.pcapng,R2,247,2470.745864391327,0.8736017346382141,0.07715742290019989,0.01165328361093998,0.03534160926938057,0.0022458876483142376,Camera
/home/lmy/iot-device-classification/dataset/camera/round2_normal/camera_r2.pcapng,R2,248,2480.3635375499725,0.9820653796195984,0.0026095029897987843,0.0010160862002521753,0.013722430914640427,0.0005866599385626614,Camera
/home/lmy/iot-device-classification/dataset/camera/round2_normal/camera_r2.pcapng,R2,249,2491.955008745193,0.9953303337097168,0.0009558163583278656,0.00029445160180330276,0.003009430132806301,0.0004099674697499722,Camera
/home/lmy/iot-device-classification/dataset/camera/round2_normal/camera_r2.pcapng,R2,250,2500.903836965561,0.9941540360450745,0.002676344010978937,0.00033257281756959856,0.0025443313643336296,0.00029271599487401545,Camera
/home/lmy/iot-device-classification/dataset/camera/round2_normal/camera_r2.pcapng,R2,251,2511.3530900478363,0.9973875880241394,0.0007848345558159053,0.00020451443560887128,0.001493980293162167,0.00012913777027279139,Camera
/home/lmy/iot-device-classification/dataset/camera/round2_normal/camera_r2.pcapng,R2,252,2522.2612977027893,0.9996080994606018,8.440380042884499e-05,0.00010691591160139069,0.00018116968567483127,1.948814679053612e-05,Camera
/home/lmy/iot-device-classification/dataset/camera/round2_normal/camera_r2.pcapng,R2,253,2531.064427614212,0.9999203681945801,1.939735739142634e-05,3.053670661756769e-05,1.7149053746834397e-05,1.2579596841533203e-05,Camera
/home/lmy/iot-device-classification/dataset/camera/round2_normal/camera_r2.pcapng,R2,254,2540.8042035102844,0.9998899698257446,1.782864455890376e-05,9.109419806918595e-06,7.055159221636131e-05,1.2472409252950456e-05,Camera
/home/lmy/iot-device-classification/dataset/camera/round2_normal/camera_r2.pcapng,R2,255,2552.2703080177307,0.9966588020324707,0.0021628548856824636,0.000376350712031126,0.0007022338104434311,9.977846639230847e-05,Camera
/home/lmy/iot-device-classification/dataset/camera/round2_normal/camera_r2.pcapng,R2,256,2561.224319934845,0.9980610013008118,0.00020258639415260404,0.00013158231740817428,0.0015433066291734576,6.151009438326582e-05,Camera
/home/lmy/iot-device-classification/dataset/camera/round2_normal/camera_r2.pcapng,R2,257,2571.753851175308,0.9999366998672485,1.1055012691940647e-05,1.5742038158350624e-05,2.4868846594472416e-05,1.1571585673664231e-05,Camera
/home/lmy/iot-device-classification/dataset/camera/round2_normal/camera_r2.pcapng,R2,258,2581.316206216812,0.9995230436325073,9.079485607799143e-05,0.00014719284081365913,0.00019995767797809094,3.89853012165986e-05,Camera
/home/lmy/iot-device-classification/dataset/camera/round2_normal/camera_r2.pcapng,R2,259,2591.465351343155,0.9989939332008362,8.316219464177266e-05,0.00029158691177144647,0.0005837978678755462,4.751707092509605e-05,Camera
/home/lmy/iot-device-classification/dataset/camera/round2_normal/camera_r2.pcapng,R2,260,2601.226948738098,0.9999562501907349,2.5630448362790048e-05,7.5188777373114135e-06,3.3701433039823314e-06,7.169262516981689e-06,Camera
/home/lmy/iot-device-classification/dataset/camera/round2_normal/camera_r2.pcapng,R2,261,2612.3000593185425,0.9998992681503296,1.1587849257921334e-05,3.209993883501738e-05,4.5772871089866385e-05,1.1284086212981492e-05,Camera
/home/lmy/iot-device-classification/dataset/camera/round2_normal/camera_r2.pcapng,R2,262,2624.877833366394,0.9997875094413757,2.3147342290030792e-05,0.00012154160503996536,5.321804928826168e-05,1.4616552107327152e-05,Camera
/home/lmy/iot-device-classification/dataset/camera/round2_normal/camera_r2.pcapng,R2,263,2632.154580116272,0.9976455569267273,0.0008746295934543014,0.00019824414630420506,0.0011406150879338384,0.00014094720245338976,Camera
/home/lmy/iot-device-classification/dataset/camera/round2_normal/camera_r2.pcapng,R2,264,2642.319096326828,0.990408182144165,0.00019406474893912673,0.0001424825459253043,0.009144713170826435,0.00011055272625526413,Camera
/home/lmy/iot-device-classification/dataset/camera/round2_normal/camera_r2.pcapng,R2,265,2651.86630487442,0.9904327392578125,0.004370856564491987,0.0024281286168843508,0.0024993340484797955,0.0002689013781491667,Camera
/home/lmy/iot-device-classification/dataset/camera/round2_normal/camera_r2.pcapng,R2,266,2661.654774427414,0.9987205266952515,8.741852070670575e-05,0.0011393030872568488,1.8918008208856918e-05,3.388680852367543e-05,Camera
/home/lmy/iot-device-classification/dataset/camera/round2_normal/camera_r2.pcapng,R2,267,2672.337949037552,0.9991111159324646,4.106119376956485e-05,8.762301877140999e-05,0.000729645777028054,3.050212762900628e-05,Camera
/home/lmy/iot-device-classification/dataset/camera/round2_normal/camera_r2.pcapng,R2,268,2680.9150743484497,0.9992601275444031,5.821077138534747e-05,7.021077180979773e-05,0.0005766932154074311,3.46958840964362e-05,Camera
/home/lmy/iot-device-classification/dataset/camera/round2_normal/camera_r2.pcapng,R2,269,2690.974287509918,0.9893766641616821,0.00013331278751138598,0.00018208494293503463,0.010214951820671558,9.302898251917213e-05,Camera
/home/lmy/iot-device-classification/dataset/camera/round2_normal/camera_r2.pcapng,R2,270,2702.3494124412537,0.9901103377342224,0.0022197591606527567,0.0010841895127668977,0.006347108632326126,0.0002385777625022456,Camera
/home/lmy/iot-device-classification/dataset/camera/round2_normal/camera_r2.pcapng,R2,271,2712.1863276958466,0.9997207522392273,4.320201696828008e-05,0.00010881960770348087,0.00010393864067737013,2.3212600353872404e-05,Camera
/home/lmy/iot-device-classification/dataset/camera/round2_normal/camera_r2.pcapng,R2,272,2722.074912071228,0.9945908784866333,0.0011148452758789062,0.003904520533978939,0.00020563186262734234,0.00018411234486848116,Camera
/home/lmy/iot-device-classification/dataset/camera/round2_normal/camera_r2.pcapng,R2,273,2732.364284992218,0.9635953307151794,0.011349395848810673,0.004234008491039276,0.020051663741469383,0.0007695785607211292,Camera
/home/lmy/iot-device-classification/dataset/camera/round2_normal/camera_r2.pcapng,R2,274,2742.426201105118,0.9114128351211548,0.035369232296943665,0.00810544565320015,0.04347607493400574,0.0016364404000341892,Camera
/home/lmy/iot-device-classification/dataset/camera/round2_normal/camera_r2.pcapng,R2,275,2751.7942452430725,0.9980429410934448,0.0009154133149422705,0.00031618616776540875,0.0004986891290172935,0.00022677850211039186,Camera
/home/lmy/iot-device-classification/dataset/camera/round2_normal/camera_r2.pcapng,R2,276,2762.391175270081,0.9987107515335083,0.000232308404520154,0.00010227444727206603,0.0009060862939804792,4.861152410740033e-05,Camera
/home/lmy/iot-device-classification/dataset/camera/round2_normal/camera_r2.pcapng,R2,277,2772.586864709854,0.9767982959747314,0.011074507609009743,0.0036537006963044405,0.007903113961219788,0.0005704025970771909,Camera
/home/lmy/iot-device-classification/dataset/camera/round2_normal/camera_r2.pcapng,R2,278,2782.484987258911,0.9988864064216614,0.0006316473591141403,0.00031387334456667304,9.97443130472675e-05,6.837169348727912e-05,Camera
/home/lmy/iot-device-classification/dataset/camera/round2_normal/camera_r2.pcapng,R2,279,2790.0341873168945,0.9998356103897095,8.553391671739519e-05,4.7114350309129804e-05,1.4778125660086516e-05,1.6953048543655314e-05,Camera
/home/lmy/iot-device-classification/dataset/camera/round2_normal/camera_r2.pcapng,R2,280,2800.0600373744965,0.9502411484718323,0.016586096957325935,0.002576566068455577,0.02957390621304512,0.00102225539740175,Camera
/home/lmy/iot-device-classification/dataset/camera/round2_normal/camera_r2.pcapng,R2,281,2810.6854045391083,0.9985949397087097,0.0007767980569042265,4.3801301217172295e-05,0.0005274431314319372,5.6954788306029513e-05,Camera
/home/lmy/iot-device-classification/dataset/camera/round2_normal/camera_r2.pcapng,R2,282,2820.2148718833923,0.9997616410255432,0.00013597520592156798,5.719200999010354e-05,2.510981539671775e-05,2.0130386474193074e-05,Camera
/home/lmy/iot-device-classification/dataset/camera/round2_normal/camera_r2.pcapng,R2,283,2830.389991044998,0.9995830655097961,0.00020055276399943978,0.00010906828538281843,7.33172200853005e-05,3.400890273042023e-05,Camera
/home/lmy/iot-device-classification/dataset/camera/round2_normal/camera_r2.pcapng,R2,284,2840.1235485076904,0.99943608045578,0.0002257295564049855,0.0001797823642846197,9.828007750911638e-05,6.016679617459886e-05,Camera
/home/lmy/iot-device-classification/dataset/camera/round2_normal/camera_r2.pcapng,R2,285,2850.435590028763,0.9999237060546875,1.3031460184720345e-05,2.231105463579297e-05,3.0857190722599626e-05,1.0049746379081625e-05,Camera
/home/lmy/iot-device-classification/dataset/camera/round2_normal/camera_r2.pcapng,R2,286,2865.120695114136,0.9937082529067993,0.0005551025387831032,0.0012417662655934691,0.004397282376885414,9.758309897733852e-05,Camera
/home/lmy/iot-device-classification/dataset/camera/round2_normal/camera_r2.pcapng,R2,287,2874.476404905319,0.9813960194587708,0.014981728978455067,0.0013999028597027063,0.0015065085608512163,0.000715861446224153,Camera
/home/lmy/iot-device-classification/dataset/camera/round2_normal/camera_r2.pcapng,R2,288,2882.5396268367767,0.9987154006958008,0.00038995969225652516,0.0001312200620304793,0.0006945501081645489,6.886709888931364e-05,Camera
/home/lmy/iot-device-classification/dataset/camera/round2_normal/camera_r2.pcapng,R2,289,2895.1511104106903,0.8922303915023804,0.04812200367450714,0.03602304682135582,0.02042284794151783,0.0032016995828598738,Camera
/home/lmy/iot-device-classification/dataset/camera/round2_normal/camera_r2.pcapng,R2,290,2905.180500984192,0.9634599685668945,0.0023953840136528015,0.0003432569501455873,0.033486444503068924,0.0003149226831737906,Camera
/home/lmy/iot-device-classification/dataset/camera/round2_normal/camera_r2.pcapng,R2,291,2910.836339235306,0.9876853227615356,0.009450159966945648,0.001519148936495185,0.0010217454982921481,0.0003235704207327217,Camera
/home/lmy/iot-device-classification/dataset/camera/round2_normal/camera_r2.pcapng,R2,292,2925.181759595871,0.7436675429344177,0.04515809565782547,0.17985554039478302,0.028505908325314522,0.0028129424899816513,Camera
/home/lmy/iot-device-classification/dataset/camera/round2_normal/camera_r2.pcapng,R2,293,2935.192971229553,0.9965638518333435,0.0022873012349009514,0.0003409718628972769,0.0005337045295163989,0.00027419711113907397,Camera
/home/lmy/iot-device-classification/dataset/camera/round2_normal/camera_r2.pcapng,R2,294,2940.3558416366577,0.9951300621032715,0.0012788663152605295,0.0009005361353047192,0.002522213850170374,0.00016827647050376981,Camera
/home/lmy/iot-device-classification/dataset/camera/round2_normal/camera_r2.pcapng,R2,295,2955.211832046509,0.8290985226631165,0.03928833454847336,0.0169378612190485,0.11207842081785202,0.0025969340931624174,Camera
/home/lmy/iot-device-classification/dataset/camera/round2_normal/camera_r2.pcapng,R2,296,2963.7886035442352,0.0915016382932663,0.007302096579223871,0.0008761696517467499,0.8995670676231384,0.0007529500871896744,Camera
/home/lmy/iot-device-classification/dataset/camera/round2_normal/camera_r2.pcapng,R2,297,2970.2596578598022,0.999942421913147,1.1857672689075116e-05,2.296997990924865e-05,1.3589276932179928e-05,9.188652256852947e-06,Camera
/home/lmy/iot-device-classification/dataset/camera/round2_normal/camera_r2.pcapng,R2,298,2981.000792980194,0.9916068315505981,0.00030638804310001433,0.0003468634095042944,0.007631395943462849,0.0001085614858311601,Camera
/home/lmy/iot-device-classification/dataset/camera/round2_normal/camera_r2.pcapng,R2,299,2995.2521436214447,0.9999310970306396,2.0921786926919594e-05,1.3054941518930718e-05,2.0876623239018954e-05,1.4097541679802816e-05,Camera
/home/lmy/iot-device-classification/dataset/camera/round2_normal/camera_r2.pcapng,R2,300,3000.7576143741608,0.9919400811195374,0.001439693383872509,0.0018688031705096364,0.004266228061169386,0.0004852151032537222,Camera
/home/lmy/iot-device-classification/dataset/camera/round2_normal/camera_r2.pcapng,R2,301,3010.0839614868164,0.7732717990875244,0.006970794405788183,0.15833361446857452,0.05904870107769966,0.0023750998079776764,Camera
/home/lmy/iot-device-classification/dataset/camera/round2_normal/camera_r2.pcapng,R2,302,3020.015249967575,0.9996582269668579,5.126333417138085e-05,7.903060759417713e-05,0.00016924091323744506,4.2291350837331265e-05,Camera
/home/lmy/iot-device-classification/dataset/camera/round2_normal/camera_r2.pcapng,R2,303,3030.3657536506653,0.9929419755935669,0.0010790185770019889,0.001147219561971724,0.004499932751059532,0.0003319292445667088,Camera
/home/lmy/iot-device-classification/dataset/camera/round2_normal/camera_r2.pcapng,R2,304,3040.080572843552,0.9134753942489624,0.013894844800233841,0.0030234744772315025,0.06843358278274536,0.0011727538658306003,Camera
/home/lmy/iot-device-classification/dataset/camera/round2_normal/camera_r2.pcapng,R2,305,3050.1431787014008,0.722901463508606,0.00030018846155144274,0.00026955941575579345,0.276346355676651,0.00018241911311633885,Camera
/home/lmy/iot-device-classification/dataset/camera/round2_normal/camera_r2.pcapng,R2,306,3060.037881135941,0.995894193649292,1.5040541256894358e-05,3.002566700160969e-05,0.004041954409331083,1.8808119421009906e-05,Camera
/home/lmy/iot-device-classification/dataset/camera/round2_normal/camera_r2.pcapng,R2,307,3070.197279214859,0.8421450853347778,0.006749218329787254,0.003465489950031042,0.14662444591522217,0.0010158023796975613,Camera
/home/lmy/iot-device-classification/dataset/camera/round2_normal/camera_r2.pcapng,R2,308,3080.4923326969147,0.0096227852627635,0.013712638057768345,0.00233038910664618,0.973463773727417,0.0008704092469997704,Camera
/home/lmy/iot-device-classification/dataset/camera/round2_normal/camera_r2.pcapng,R2,309,3090.337866783142,0.8613771200180054,0.04734676331281662,0.0840492770075798,0.004780814051628113,0.0024459869600832462,Camera
/home/lmy/iot-device-classification/dataset/camera/round2_normal/camera_r2.pcapng,R2,310,3105.3635880947118,0.7691219449043274,0.055518124252557755,0.00587480841204524,0.16768011450767517,0.0018049958162009716,Camera
/home/lmy/iot-device-classification/dataset/camera/round2_normal/camera_r2.pcapng,R2,311,3110.339599609375,0.6999949216842651,0.00027292160666547716,0.00013096482143737376,0.2995031177997589,9.811740892473608e-05,Camera
/home/lmy/iot-device-classification/dataset/camera/round2_normal/camera_r2.pcapng,R2,312,3121.587995290756,0.38312971591949463,0.07639005035161972,0.024852963164448738,0.5087243318557739,0.006902934052050114,Camera
/home/lmy/iot-device-classification/dataset/camera/round2_normal/camera_r2.pcapng,R2,313,3130.548703193665,0.9983202815055847,4.1236904507968575e-05,0.00010818787995958701,0.0015036732656881213,2.6573408831609413e-05,Camera
/home/lmy/iot-device-classification/dataset/camera/round2_normal/camera_r2.pcapng,R2,314,3140.651015996933,0.9907264709472656,0.0005605663172900677,0.00014374458987731487,0.00848724227398634,8.200558659154922e-05,Camera
/home/lmy/iot-device-classification/dataset/camera/round2_normal/camera_r2.pcapng,R2,315,3150.0371539592743,0.993171215057373,0.003914793487638235,0.0008477888768538833,0.0015713439788669348,0.0004948665737174451,Camera
/home/lmy/iot-device-classification/dataset/camera/round2_normal/camera_r2.pcapng,R2,316,3160.065385818481,0.9907352924346924,0.0008659239392727613,0.0003248449065722525,0.007817627862095833,0.00025630503660067916,Camera
/home/lmy/iot-device-classification/dataset/camera/round2_normal/camera_r2.pcapng,R2,317,3170.100455522537,0.9998888969421387,2.370631045778282e-05,2.687168489501346e-05,4.580173845170066e-05,1.4703013221151195e-05,Camera
/home/lmy/iot-device-classification/dataset/camera/round2_normal/camera_r2.pcapng,R2,318,3180.180648088455,0.9973798394203186,0.000873909390065819,0.00023728793894406408,0.00125121942255646,0.00025777460541576147,Camera
/home/lmy/iot-device-classification/dataset/camera/round2_normal/camera_r2.pcapng,R2,319,3190.26198887825,0.9996777772903442,2.010191929002758e-05,0.00014644156908616424,0.00014022571849636734,1.546733437862713e-05,Camera
/home/lmy/iot-device-classification/dataset/camera/round2_normal/camera_r2.pcapng,R2,320,3200.3445069789886,0.9785061478614807,2.2179721781867556e-05,1.1312261449347716e-05,0.021442390978336334,1.800869904400315e-05,Camera
/home/lmy/iot-device-classification/dataset/camera/round2_normal/camera_r2.pcapng,R2,321,3210.3866999149323,0.9988172650337219,0.0005592876696027815,0.00031545283854939044,0.00019845749193336815,0.00010950941214105114,Camera
/home/lmy/iot-device-classification/dataset/camera/round2_normal/camera_r2.pcapng,R2,322,3220.421141147613,0.9898680448532104,0.00010854416177608073,0.00040719652315601707,0.00953548215329647,8.068318129517138e-05,Camera
/home/lmy/iot-device-classification/dataset/camera/round2_normal/camera_r2.pcapng,R2,323,3230.5054128170013,0.992554247379303,0.002011552220210433,0.0005871974281035364,0.004638438578695059,0.00020853703608736396,Camera
/home/lmy/iot-device-classification/dataset/camera/round2_normal/camera_r2.pcapng,R2,324,3241.2304408550262,0.9742753505706787,0.016202257946133614,0.0024200049228966236,0.006393549032509327,0.000708904059138149,Camera
/home/lmy/iot-device-classification/dataset/camera/round2_normal/camera_r2.pcapng,R2,325,3250.621038913727,0.9996702671051025,2.111794674419798e-05,0.00012853731459472328,0.00016515949391759932,1.4929733879398555e-05,Camera
/home/lmy/iot-device-classification/dataset/camera/round2_normal/camera_r2.pcapng,R2,326,3260.660785198212,0.99883633852005,3.6154826375423e-05,2.317119469807949e-05,0.001079427544027567,2.4932760425144807e-05,Camera
/home/lmy/iot-device-classification/dataset/camera/round2_normal/camera_r2.pcapng,R2,327,3270.7317979335785,0.9998935461044312,4.3245436245342717e-05,4.2593819671310484e-05,8.416538548772223e-06,1.2159212928963825e-05,Camera
/home/lmy/iot-device-classification/dataset/camera/round2_normal/camera_r2.pcapng,R2,328,3280.772343635559,0.7413176894187927,0.07593409717082977,0.026996174827218056,0.15217894315719604,0.0035730742383748293,Camera
/home/lmy/iot-device-classification/dataset/camera/round2_normal/camera_r2.pcapng,R2,329,3290.8538897037506,0.6391879916191101,0.0008577283006161451,0.00013545823458116502,0.3597022294998169,0.00011661883036140352,Camera
/home/lmy/iot-device-classification/dataset/camera/round2_normal/camera_r2.pcapng,R2,330,3300.9314148426056,0.9996815919876099,5.6228276662295684e-05,2.3109490939532407e-05,0.00021865140297450125,2.0444938854780048e-05,Camera
/home/lmy/iot-device-classification/dataset/camera/round2_normal/camera_r2.pcapng,R2,331,3311.0110173225403,0.9954114556312561,0.001082029310055077,0.0006062275497242808,0.0027578421868383884,0.0001424011425115168,Camera
/home/lmy/iot-device-classification/dataset/camera/round2_normal/camera_r2.pcapng,R2,332,3321.021496295929,0.9532628059387207,0.0171346515417099,0.0033866690937429667,0.024724187329411507,0.0014916416257619858,Camera
/home/lmy/iot-device-classification/dataset/camera/round2_normal/camera_r2.pcapng,R2,333,3331.1088683605194,0.9998311996459961,7.152643229346722e-05,4.349071969045326e-05,3.508187728584744e-05,1.8665867173695005e-05,Camera
/home/lmy/iot-device-classification/dataset/camera/round2_normal/camera_r2.pcapng,R2,334,3341.1620395183563,0.9742143154144287,0.003256279742345214,0.002098715165629983,0.020105155184864998,0.00032545614521950483,Camera
/home/lmy/iot-device-classification/dataset/camera/round2_normal/camera_r2.pcapng,R2,335,3351.330676794052,0.9999622106552124,9.21679657039931e-06,5.754400717705721e-06,1.4925323739589658e-05,7.90277681517182e-06,Camera
/home/lmy/iot-device-classification/dataset/camera/round2_normal/camera_r2.pcapng,R2,336,3361.262679576874,0.9997482895851135,4.7932771849446e-05,0.0001206793895107694,6.681030936306342e-05,1.6302768926834688e-05,Camera
/home/lmy/iot-device-classification/dataset/camera/round2_normal/camera_r2.pcapng,R2,337,3371.342203140259,0.9905672669410706,0.0003882009186781943,0.008531994186341763,0.0003968921082559973,0.00011559187987586483,Camera
/home/lmy/iot-device-classification/dataset/camera/round2_normal/camera_r2.pcapng,R2,338,3381.41390824318,0.9999477863311768,1.913346568471752e-05,9.688179488875903e-06,1.4374487363966182e-05,8.968512702267617e-06,Camera
/home/lmy/iot-device-classification/dataset/camera/round2_normal/camera_r2.pcapng,R2,339,3392.3465251922607,0.9986214637756348,0.0006687334971502423,0.0004365829227026552,0.00014828558778390288,0.00012494689144659787,Camera
/home/lmy/iot-device-classification/dataset/camera/round2_normal/camera_r2.pcapng,R2,340,3401.532694339752,0.9997451901435852,1.757973041094374e-05,0.00011332172289257869,0.0001089233992388472,1.495710512244841e-05,Camera
/home/lmy/iot-device-classification/dataset/camera/round2_normal/camera_r2.pcapng,R2,341,3411.6661236286163,0.9964872598648071,0.0013414310524240136,0.0003310236206743866,0.0017231922829523683,0.00011708065721904859,Camera
/home/lmy/iot-device-classification/dataset/camera/round2_normal/camera_r2.pcapng,R2,342,3421.684412717819,0.9967840909957886,0.00173703592736274,0.0006938373553566635,0.0006685747066512704,0.00011649229418253526,Camera
/home/lmy/iot-device-classification/dataset/camera/round2_normal/camera_r2.pcapng,R2,343,3431.75385761261,0.9984083771705627,0.00030496882391162217,0.000639809004496783,0.0005749000119976699,7.195641228463501e-05,Camera
/home/lmy/iot-device-classification/dataset/camera/round2_normal/camera_r2.pcapng,R2,344,3441.788556098938,0.994236171245575,0.0028196682687848806,0.00028607097920030355,0.002455688314512372,0.00020236661657691002,Camera
/home/lmy/iot-device-classification/dataset/camera/round2_normal/camera_r2.pcapng,R2,345,3451.8637878894806,0.964668869972229,0.010511266067624092,0.0009816049132496119,0.022817688062787056,0.0010206092847511172,Camera
/home/lmy/iot-device-classification/dataset/camera/round2_normal/camera_r2.pcapng,R2,346,3460.9223339557648,0.9585736989974976,0.0022535508032888174,0.00021746230777353048,0.03866562619805336,0.00028965581441298127,Camera
/home/lmy/iot-device-classification/dataset/camera/round2_normal/camera_r2.pcapng,R2,347,3472.0139288902283,0.9991273283958435,0.00022122994414530694,0.00014930657926015556,0.00044079479994252324,6.138179742265493e-05,Camera
/home/lmy/iot-device-classification/dataset/camera/round2_normal/camera_r2.pcapng,R2,348,3482.064101219177,0.9997407793998718,5.845216219313443e-05,0.00011014781193807721,6.10489078098908e-05,2.9545910365413874e-05,Camera
/home/lmy/iot-device-classification/dataset/camera/round2_normal/camera_r2.pcapng,R2,349,3492.1539199352264,0.9997155070304871,1.8629671103553846e-05,0.00015722990792710334,9.365536971017718e-05,1.5010375136625953e-05,Camera
/home/lmy/iot-device-classification/dataset/camera/round2_normal/camera_r2.pcapng,R2,350,3502.213504552841,0.9981964230537415,0.0006905990303494036,0.0002382212260272354,0.0007387061486952007,0.00013603034312836826,Camera
/home/lmy/iot-device-classification/dataset/camera/round2_normal/camera_r2.pcapng,R2,351,3512.034941673279,0.9775242805480957,0.012419034726917744,0.0008874739287421107,0.0077741313725709915,0.0013950857101008296,Camera
/home/lmy/iot-device-classification/dataset/camera/round2_normal/camera_r2.pcapng,R2,352,3522.4215927124023,0.9960252046585083,0.0017937165684998035,0.0008356342441402376,0.0012283544056117535,0.00011704791540978476,Camera
/home/lmy/iot-device-classification/dataset/camera/round2_normal/camera_r2.pcapng,R2,353,3532.374751806259,0.9936742782592773,0.002815136220306158,0.0006208550767041743,0.0027065672911703587,0.00018319897935725749,Camera
/home/lmy/iot-device-classification/dataset/camera/round2_normal/camera_r2.pcapng,R2,354,3542.454386472702,0.9989522695541382,0.00025046541122719646,2.5302018912043422e-05,0.0007391224498860538,3.286193168605678e-05,Camera
/home/lmy/iot-device-classification/dataset/camera/round2_normal/camera_r2.pcapng,R2,355,3552.545018672943,0.8799863457679749,0.09313873946666718,0.014906425960361958,0.00918624084442854,0.0027822614647448063,Camera
/home/lmy/iot-device-classification/dataset/camera/round2_normal/camera_r2.pcapng,R2,356,3563.2424240112305,0.9739296436309814,4.94689229526557e-05,1.9574081306927837e-05,0.025976452976465225,2.4887231120374054e-05,Camera
/home/lmy/iot-device-classification/dataset/camera/round2_normal/camera_r2.pcapng,R2,357,3572.628823041916,0.9988546371459961,0.0004908728878945112,0.00032244957401417196,0.00019245347357355058,0.00013961127842776477,Camera
/home/lmy/iot-device-classification/dataset/camera/round2_normal/camera_r2.pcapng,R2,358,3582.6948940753937,0.9584556221961975,0.017236502841114998,0.002951303729787469,0.020606284961104393,0.0007502727676182985,Camera
/home/lmy/iot-device-classification/dataset/camera/round2_normal/camera_r2.pcapng,R2,359,3590.925525188446,0.9443156719207764,0.004904210101813078,0.00034561281790956855,0.04997952654957771,0.0004549725854303688,Camera
/home/lmy/iot-device-classification/dataset/camera/round2_normal/camera_r2.pcapng,R2,360,3602.820072889328,0.9749448895454407,0.0036635855212807655,0.0004814817220903933,0.020373959094285965,0.0005361040821298957,Camera
/home/lmy/iot-device-classification/dataset/camera/round2_normal/camera_r2.pcapng,R2,361,3612.919867992401,0.9964859485626221,0.0019850940443575382,0.0004528085992205888,0.0009722374961711466,0.00010393542470410466,Camera
/home/lmy/iot-device-classification/dataset/light_T1/round2_normal/light_T1_r2.pcapng,R2,0,0.0,0.00018029031343758106,0.9920759201049805,0.004662594757974148,0.0026017038617283106,0.0004795012064278126,Light_T1
/home/lmy/iot-device-classification/dataset/light_T1/round2_normal/light_T1_r2.pcapng,R2,1,10.081433296203612,0.01500242855399847,0.668103039264679,0.19016124308109283,0.11943547427654266,0.007297819945961237,Light_T1
/home/lmy/iot-device-classification/dataset/light_T1/round2_normal/light_T1_r2.pcapng,R2,2,20.122397422790527,0.00010118458158103749,0.9983994364738464,0.0009377157548442483,0.0003334647335577756,0.00022823248582426459,Light_T1
/home/lmy/iot-device-classification/dataset/light_T1/round2_normal/light_T1_r2.pcapng,R2,3,30.073687314987183,6.554248830070719e-05,0.997524082660675,0.0007383649353869259,0.0015182221541181207,0.0001537312928121537,Light_T1
/home/lmy/iot-device-classification/dataset/light_T1/round2_normal/light_T1_r2.pcapng,R2,4,40.24433612823486,0.00038171588676050305,0.7460805773735046,0.0008576886611990631,0.2522335648536682,0.0004464166413526982,Light_T1
/home/lmy/iot-device-classification/dataset/light_T1/round2_normal/light_T1_r2.pcapng,R2,5,50.27580189704895,0.0005284803919494152,0.990330696105957,0.0022266581654548645,0.006090210285037756,0.0008239987073466182,Light_T1
/home/lmy/iot-device-classification/dataset/light_T1/round2_normal/light_T1_r2.pcapng,R2,6,60.3568274974823,7.678829570068046e-05,0.999136745929718,0.0001780114253051579,0.0004756424168590456,0.00013284641318023205,Light_T1
/home/lmy/iot-device-classification/dataset/light_T1/round2_normal/light_T1_r2.pcapng,R2,7,70.49751687049866,0.002255507977679372,0.8595601320266724,0.08732739835977554,0.04795713722705841,0.002899785991758108,Light_T1
/home/lmy/iot-device-classification/dataset/light_T1/round2_normal/light_T1_r2.pcapng,R2,8,80.4786765575409,0.00017672839749138802,0.8757923245429993,0.00152261380571872,0.12213248014450073,0.0003758172388188541,Light_T1
/home/lmy/iot-device-classification/dataset/light_T1/round2_normal/light_T1_r2.pcapng,R2,9,90.56966304779051,0.00016145819972734898,0.31730198860168457,0.6804906129837036,0.0015944200567901134,0.0004515158652793616,Light_T1
/home/lmy/iot-device-classification/dataset/light_T1/round2_normal/light_T1_r2.pcapng,R2,10,100.64229893684389,4.983254984836094e-05,0.9765565395355225,0.010058026760816574,0.013215473853051662,0.0001201435734401457,Light_T1
/home/lmy/iot-device-classification/dataset/light_T1/round2_normal/light_T1_r2.pcapng,R2,11,110.69036531448364,4.7160647227428854e-05,0.954058825969696,0.04434124752879143,0.001432456891052425,0.00012033640086883679,Light_T1
/home/lmy/iot-device-classification/dataset/light_T1/round2_normal/light_T1_r2.pcapng,R2,12,120.76410412788393,0.00020765038789249957,0.9975820779800415,0.001122717629186809,0.0008823084062896669,0.00020517990924417973,Light_T1
/home/lmy/iot-device-classification/dataset/light_T1/round2_normal/light_T1_r2.pcapng,R2,13,130.82824182510376,0.0007681420538574457,0.011042501777410507,0.9767564535140991,0.010683943517506123,0.0007489511626772583,Light_T1
/home/lmy/iot-device-classification/dataset/light_T1/round2_normal/light_T1_r2.pcapng,R2,14,140.89281582832336,8.343211084138602e-05,0.9785779714584351,0.0009677975904196501,0.02016795612871647,0.00020283354388084263,Light_T1
/home/lmy/iot-device-classification/dataset/light_T1/round2_normal/light_T1_r2.pcapng,R2,15,150.7223150730133,0.00012035274266963825,0.6571476459503174,0.006102450657635927,0.3363054096698761,0.00032412976725026965,Light_T1
/home/lmy/iot-device-classification/dataset/light_T1/round2_normal/light_T1_r2.pcapng,R2,16,161.05147743225098,0.0009857844561338425,0.45164045691490173,0.20122948288917542,0.3438318073749542,0.002312447177246213,Light_T1
/home/lmy/iot-device-classification/dataset/light_T1/round2_normal/light_T1_r2.pcapng,R2,17,170.18091773986816,0.0013927905820310116,0.3663012981414795,0.6240989565849304,0.005612884648144245,0.002594080986455083,Light_T1
/home/lmy/iot-device-classification/dataset/light_T1/round2_normal/light_T1_r2.pcapng,R2,18,181.22476410865784,0.006079403217881918,0.7863473296165466,0.15966904163360596,0.03354356810450554,0.014360622502863407,Light_T1
/home/lmy/iot-device-classification/dataset/light_T1/round2_normal/light_T1_r2.pcapng,R2,19,191.2066602706909,0.008031251840293407,0.3389996886253357,0.08889937400817871,0.5622159242630005,0.0018537790747359395,Light_T1
/home/lmy/iot-device-classification/dataset/light_T1/round2_normal/light_T1_r2.pcapng,R2,20,201.2770550251007,0.002885815454646945,0.9625805020332336,0.007091814652085304,0.02387401834130287,0.0035678064450621605,Light_T1
/home/lmy/iot-device-classification/dataset/light_T1/round2_normal/light_T1_r2.pcapng,R2,21,211.3571298122406,7.854154682718217e-05,0.2253355234861374,0.0012793816858902574,0.7730441093444824,0.0002623812761157751,Light_T1
/home/lmy/iot-device-classification/dataset/light_T1/round2_normal/light_T1_r2.pcapng,R2,22,221.42986726760864,4.411777626955882e-05,0.006381584331393242,0.0016228313324972987,0.9918665289878845,8.497916132910177e-05,Light_T1
/home/lmy/iot-device-classification/dataset/light_T1/round2_normal/light_T1_r2.pcapng,R2,23,231.52436780929563,0.0018092795507982373,0.4781411588191986,0.5086377859115601,0.00650721974670887,0.004904577042907476,Light_T1
/home/lmy/iot-device-classification/dataset/light_T1/round2_normal/light_T1_r2.pcapng,R2,24,241.56386137008667,0.0004000082262791693,0.9706454277038574,0.025822920724749565,0.002254095859825611,0.0008774951566010714,Light_T1
/home/lmy/iot-device-classification/dataset/light_T1/round2_normal/light_T1_r2.pcapng,R2,25,250.5556285381317,0.000152567372424528,0.024635974317789078,0.0039323861710727215,0.9709803462028503,0.0002987192419823259,Light_T1
/home/lmy/iot-device-classification/dataset/light_T1/round2_normal/light_T1_r2.pcapng,R2,26,261.3937485218048,0.004093037452548742,0.7161137461662292,0.036569301038980484,0.23797540366649628,0.00524848373606801,Light_T1
/home/lmy/iot-device-classification/dataset/light_T1/round2_normal/light_T1_r2.pcapng,R2,27,271.773809671402,0.00031274394132196903,0.9460299015045166,0.047456756234169006,0.005457892548292875,0.0007427317905239761,Light_T1
/home/lmy/iot-device-classification/dataset/light_T1/round2_normal/light_T1_r2.pcapng,R2,28,282.5278351306915,7.477835606550798e-05,0.032921187579631805,0.0010835429420694709,0.9657771587371826,0.00014329765690490603,Light_T1
/home/lmy/iot-device-classification/dataset/light_T1/round2_normal/light_T1_r2.pcapng,R2,29,292.0007178783417,8.026615250855684e-05,0.7963294982910156,0.0074998922646045685,0.19584636390209198,0.00024404446594417095,Light_T1
/home/lmy/iot-device-classification/dataset/light_T1/round2_normal/light_T1_r2.pcapng,R2,30,301.95359659194946,0.0002417365030851215,0.9973772764205933,0.0005039672250859439,0.001755125937052071,0.00012191158748464659,Light_T1
/home/lmy/iot-device-classification/dataset/light_T1/round2_normal/light_T1_r2.pcapng,R2,31,310.8771641254425,0.00017739991017151624,0.8877481818199158,0.0664120614528656,0.04515499994158745,0.0005073461798019707,Light_T1
/home/lmy/iot-device-classification/dataset/light_T1/round2_normal/light_T1_r2.pcapng,R2,32,322.032990694046,0.0001286995247937739,0.9986053109169006,0.0006447944324463606,0.0004776272689923644,0.0001435823505744338,Light_T1
/home/lmy/iot-device-classification/dataset/light_T1/round2_normal/light_T1_r2.pcapng,R2,33,332.38393092155457,0.00017709797248244286,0.12865370512008667,0.0009438134729862213,0.8699657320976257,0.00025966059183701873,Light_T1
/home/lmy/iot-device-classification/dataset/light_T1/round2_normal/light_T1_r2.pcapng,R2,34,341.42994451522827,0.009178402833640575,0.6263701319694519,0.02020125836133957,0.3421267867088318,0.0021233975421637297,Light_T1
/home/lmy/iot-device-classification/dataset/light_T1/round2_normal/light_T1_r2.pcapng,R2,35,350.3954920768738,0.0013585970737040043,0.3917655646800995,0.02143448404967785,0.5821072459220886,0.0033341292291879654,Light_T1
/home/lmy/iot-device-classification/dataset/light_T1/round2_normal/light_T1_r2.pcapng,R2,36,362.3245565891266,0.00016458907339256257,0.9602182507514954,0.03876566141843796,0.00043100776383653283,0.00042045771260745823,Light_T1
/home/lmy/iot-device-classification/dataset/light_T1/round2_normal/light_T1_r2.pcapng,R2,37,371.1979289054871,0.00027694745222106576,0.005850731395184994,0.4186382591724396,0.5743749141693115,0.000859136984217912,Light_T1
/home/lmy/iot-device-classification/dataset/light_T1/round2_normal/light_T1_r2.pcapng,R2,38,382.47854924201965,9.969837265089154e-05,0.9956004619598389,0.002626317786052823,0.0013660078402608633,0.0003074583364650607,Light_T1
/home/lmy/iot-device-classification/dataset/light_T1/round2_normal/light_T1_r2.pcapng,R2,39,392.65023374557495,0.00013634735660161823,0.1119244247674942,0.00029987882589921355,0.8875932097434998,4.609772440744564e-05,Light_T1
/home/lmy/iot-device-classification/dataset/light_T1/round2_normal/light_T1_r2.pcapng,R2,40,401.4312198162079,0.00018445584282744676,0.9964644908905029,0.0007581334211863577,0.002501812996342778,9.104183845920488e-05,Light_T1
/home/lmy/iot-device-classification/dataset/light_T1/round2_normal/light_T1_r2.pcapng,R2,41,410.7183997631073,4.057726982864551e-05,0.9917895793914795,0.007026928011327982,0.0010298624401912093,0.0001129865922848694,Light_T1
/home/lmy/iot-device-classification/dataset/light_T1/round2_normal/light_T1_r2.pcapng,R2,42,422.6604495048523,0.00030253524892032146,0.9984264373779297,0.0008671418181620538,0.00027518815477378666,0.0001287691411562264,Light_T1
/home/lmy/iot-device-classification/dataset/light_T1/round2_normal/light_T1_r2.pcapng,R2,43,431.5204424858093,0.00034179724752902985,0.9729570746421814,0.013388466089963913,0.01302853412926197,0.0002841335372067988,Light_T1
/home/lmy/iot-device-classification/dataset/light_T1/round2_normal/light_T1_r2.pcapng,R2,44,441.39876985549927,0.0001586303988005966,0.9915087223052979,0.0011625649640336633,0.0067784590646624565,0.000391584966564551,Light_T1
/home/lmy/iot-device-classification/dataset/light_T1/round2_normal/light_T1_r2.pcapng,R2,45,452.7126591205597,0.00023687491193413734,0.519819438457489,0.4759124517440796,0.0035684509202837944,0.00046280433889478445,Light_T1
/home/lmy/iot-device-classification/dataset/light_T1/round2_normal/light_T1_r2.pcapng,R2,46,462.7228662967682,7.684031152166426e-05,0.8223583102226257,0.17721080780029297,0.00015292804164346308,0.00020114323706366122,Light_T1
/home/lmy/iot-device-classification/dataset/light_T1/round2_normal/light_T1_r2.pcapng,R2,47,471.05090618133545,0.00011763683869503438,0.959006667137146,0.038466740399599075,0.002096767770126462,0.0003121359914075583,Light_T1
/home/lmy/iot-device-classification/dataset/light_T1/round2_normal/light_T1_r2.pcapng,R2,48,481.44139194488525,0.0006403758889064193,0.9668406248092651,0.019669154658913612,0.01148682739585638,0.0013629820896312594,Light_T1
/home/lmy/iot-device-classification/dataset/light_T1/round2_normal/light_T1_r2.pcapng,R2,49,491.4371244907379,0.000354447343852371,0.9970700740814209,0.00026610272470861673,0.0022573424503207207,5.195899211685173e-05,Light_T1
/home/lmy/iot-device-classification/dataset/light_T1/round2_normal/light_T1_r2.pcapng,R2,50,502.7656600475311,0.0018905788892880082,0.8891503214836121,0.0969134271144867,0.00837134663015604,0.0036743180826306343,Light_T1
/home/lmy/iot-device-classification/dataset/light_T1/round2_normal/light_T1_r2.pcapng,R2,51,510.6332814693451,0.0003636417386587709,0.9498492479324341,0.044408585876226425,0.004539580550044775,0.0008389807189814746,Light_T1
/home/lmy/iot-device-classification/dataset/light_T1/round2_normal/light_T1_r2.pcapng,R2,52,520.9685122966766,8.986333705252036e-05,0.9967610239982605,0.0006011701771058142,0.002496080007404089,5.1905200962210074e-05,Light_T1
/home/lmy/iot-device-classification/dataset/light_T1/round2_normal/light_T1_r2.pcapng,R2,53,531.3740339279175,5.003236947231926e-05,0.997852087020874,0.0018569357926025987,0.0001356369466520846,0.00010532966553000733,Light_T1
/home/lmy/iot-device-classification/dataset/light_T1/round2_normal/light_T1_r2.pcapng,R2,54,542.8090763092041,6.736735667800531e-05,0.9981274008750916,0.0012562094489112496,0.00039099546847864985,0.00015797374362591654,Light_T1
/home/lmy/iot-device-classification/dataset/light_T1/round2_normal/light_T1_r2.pcapng,R2,55,552.1678185462952,2.9747719963779673e-05,0.9877296090126038,0.011277047917246819,0.0008938540704548359,6.974642747081816e-05,Light_T1
/home/lmy/iot-device-classification/dataset/light_T1/round2_normal/light_T1_r2.pcapng,R2,56,560.4868125915527,9.117591253016144e-05,0.1611642688512802,0.001988152740523219,0.8365089297294617,0.0002474705397617072,Light_T1
/home/lmy/iot-device-classification/dataset/light_T1/round2_normal/light_T1_r2.pcapng,R2,57,570.8866467475891,8.983539009932429e-05,0.85826575756073,0.13818690180778503,0.0032318560406565666,0.0002256713341921568,Light_T1
/home/lmy/iot-device-classification/dataset/light_T1/round2_normal/light_T1_r2.pcapng,R2,58,581.4430186748505,0.00012908922508358955,0.9921420812606812,0.0030076135881245136,0.004522914066910744,0.0001982682733796537,Light_T1
/home/lmy/iot-device-classification/dataset/light_T1/round2_normal/light_T1_r2.pcapng,R2,59,591.6882290840149,0.0001943916140589863,0.7977359890937805,0.1904161274433136,0.01119058858603239,0.00046288868179544806,Light_T1
/home/lmy/iot-device-classification/dataset/light_T1/round2_normal/light_T1_r2.pcapng,R2,60,602.0889029502869,0.00025613358593545854,0.9853551387786865,0.007732769008725882,0.0060489424504339695,0.0006070598610676825,Light_T1
/home/lmy/iot-device-classification/dataset/light_T1/round2_normal/light_T1_r2.pcapng,R2,61,612.4897012710571,0.0008091333438642323,0.7426466345787048,0.1391918659210205,0.11512807756662369,0.002224281895905733,Light_T1
/home/lmy/iot-device-classification/dataset/light_T1/round2_normal/light_T1_r2.pcapng,R2,62,621.4087979793549,0.007276431191712618,0.4696723222732544,0.033306822180747986,0.4871877431869507,0.0025567265693098307,Light_T1
/home/lmy/iot-device-classification/dataset/light_T1/round2_normal/light_T1_r2.pcapng,R2,63,632.9048271179199,0.0003544976352714002,0.644487738609314,0.35245463252067566,0.0018794668139889836,0.0008236777503043413,Light_T1
/home/lmy/iot-device-classification/dataset/light_T1/round2_normal/light_T1_r2.pcapng,R2,64,641.611709356308,0.00023845149553380907,0.3703499436378479,0.6144906282424927,0.014313976280391216,0.00060700171161443,Light_T1
/home/lmy/iot-device-classification/dataset/light_T1/round2_normal/light_T1_r2.pcapng,R2,65,652.9263761043549,0.0005958123365417123,0.9082130193710327,0.08826638758182526,0.001911163330078125,0.0010135611519217491,Light_T1
/home/lmy/iot-device-classification/dataset/light_T1/round2_normal/light_T1_r2.pcapng,R2,66,662.4265151023865,0.00013671035412698984,0.9808321595191956,0.016977986320853233,0.0016517781186848879,0.00040137211908586323,Light_T1
/home/lmy/iot-device-classification/dataset/light_T1/round2_normal/light_T1_r2.pcapng,R2,67,670.4774038791656,0.0007430400000885129,0.9431373476982117,0.04396691918373108,0.011747702024877071,0.0004049566632602364,Light_T1
/home/lmy/iot-device-classification/dataset/light_T1/round2_normal/light_T1_r2.pcapng,R2,68,681.1357381343842,0.00046722847037017345,0.9935226440429688,0.0026577964890748262,0.002912364434450865,0.0004399795725475997,Light_T1
/home/lmy/iot-device-classification/dataset/light_T1/round2_normal/light_T1_r2.pcapng,R2,69,691.5352778434753,8.579724817536771e-05,0.7180575728416443,0.2633897662162781,0.018161850050091743,0.0003049803781323135,Light_T1
/home/lmy/iot-device-classification/dataset/light_T1/round2_normal/light_T1_r2.pcapng,R2,70,702.9807569980621,0.00044018804328516126,0.2254241555929184,0.7472742199897766,0.025926614180207253,0.0009348104940727353,Light_T1
/home/lmy/iot-device-classification/dataset/light_T1/round2_normal/light_T1_r2.pcapng,R2,71,711.417891740799,0.000732596789021045,0.6501460075378418,0.3291987180709839,0.01936248131096363,0.0005602017045021057,Light_T1
/home/lmy/iot-device-classification/dataset/light_T1/round2_normal/light_T1_r2.pcapng,R2,72,721.2819330692291,0.0005759891355410218,0.9652058482170105,0.03222905099391937,0.0009118287707678974,0.0010772383539006114,Light_T1
/home/lmy/iot-device-classification/dataset/light_T1/round2_normal/light_T1_r2.pcapng,R2,73,733.0125613212585,0.00036955915857106447,0.822169303894043,0.17541782557964325,0.0017084283754229546,0.0003348960308358073,Light_T1
/home/lmy/iot-device-classification/dataset/light_T1/round2_normal/light_T1_r2.pcapng,R2,74,743.0233397483826,0.0030108068604022264,0.8730456829071045,0.05473360791802406,0.06266707181930542,0.006542814429849386,Light_T1
/home/lmy/iot-device-classification/dataset/light_T1/round2_normal/light_T1_r2.pcapng,R2,75,753.0336911678314,0.00019153229368384928,0.8538801074028015,0.1419091671705246,0.0036447332240641117,0.0003744295390788466,Light_T1
/home/lmy/iot-device-classification/dataset/light_T1/round2_normal/light_T1_r2.pcapng,R2,76,761.319078207016,8.714022260392085e-05,0.5165882706642151,0.4819236695766449,0.0012943027541041374,0.0001066243858076632,Light_T1
/home/lmy/iot-device-classification/dataset/light_T1/round2_normal/light_T1_r2.pcapng,R2,77,770.3507785797119,2.2623729819315486e-05,0.995978832244873,0.003192443400621414,0.0007446113741025329,6.143952487036586e-05,Light_T1
/home/lmy/iot-device-classification/dataset/light_T1/round2_normal/light_T1_r2.pcapng,R2,78,783.0664486885071,0.00014223558537196368,0.9980208873748779,0.0011465204879641533,0.0005545083549804986,0.0001358249573968351,Light_T1
/home/lmy/iot-device-classification/dataset/light_T1/round2_normal/light_T1_r2.pcapng,R2,79,790.2610740661621,0.00011830693256342784,0.7527968883514404,0.24498070776462555,0.0018791065085679293,0.00022493315918836743,Light_T1
/home/lmy/iot-device-classification/dataset/light_T1/round2_normal/light_T1_r2.pcapng,R2,80,801.4338278770447,0.0001891227875603363,0.9972232580184937,0.0013373743277043104,0.0009245504625141621,0.0003256682539358735,Light_T1
/home/lmy/iot-device-classification/dataset/light_T1/round2_normal/light_T1_r2.pcapng,R2,81,813.099357843399,0.0004464205412659794,0.6212351322174072,0.3665342330932617,0.010780277661979198,0.0010039989138022065,Light_T1
/home/lmy/iot-device-classification/dataset/light_T1/round2_normal/light_T1_r2.pcapng,R2,82,823.244270324707,0.003322400152683258,0.704555869102478,0.27374836802482605,0.016157502308487892,0.0022157984785735607,Light_T1
/home/lmy/iot-device-classification/dataset/light_T1/round2_normal/light_T1_r2.pcapng,R2,83,832.992538690567,0.00010345659393351525,0.9982818365097046,0.0012833462096750736,0.0002664827916305512,6.491409294540063e-05,Light_T1
/home/lmy/iot-device-classification/dataset/light_T1/round2_normal/light_T1_r2.pcapng,R2,84,840.011260509491,0.0001941480441018939,0.9963272213935852,0.0027794991619884968,0.00035250812652520835,0.0003465816262178123,Light_T1
/home/lmy/iot-device-classification/dataset/light_T1/round2_normal/light_T1_r2.pcapng,R2,85,851.4628553390503,0.0010625559370964766,0.0051076714880764484,0.24281276762485504,0.7503175139427185,0.0006994964205659926,Light_T1
/home/lmy/iot-device-classification/dataset/light_T1/round2_normal/light_T1_r2.pcapng,R2,86,862.10902094841,6.864035822218284e-05,0.995392918586731,0.0011805598624050617,0.0031085179653018713,0.0002493600477464497,Light_T1
/home/lmy/iot-device-classification/dataset/light_T1/round2_normal/light_T1_r2.pcapng,R2,87,870.3380229473114,0.00013136721099726856,0.9742544889450073,0.024728797376155853,0.0006338920211419463,0.0002514839288778603,Light_T1
/home/lmy/iot-device-classification/dataset/light_T1/round2_normal/light_T1_r2.pcapng,R2,88,883.1754846572876,0.0009273411124013364,0.40008145570755005,0.5817843079566956,0.016058960929512978,0.001147892908193171,Light_T1
/home/lmy/iot-device-classification/dataset/light_T1/round2_normal/light_T1_r2.pcapng,R2,89,891.430207490921,0.0001008173348964192,0.025529779493808746,0.000882086344063282,0.9733187556266785,0.0001685298338998109,Light_T1
/home/lmy/iot-device-classification/dataset/light_T1/round2_normal/light_T1_r2.pcapng,R2,90,900.4152913093567,0.00020941923139616847,0.9989380240440369,0.0005724119255319238,0.0001417833991581574,0.00013834083802066743,Light_T1
/home/lmy/iot-device-classification/dataset/light_T1/round2_normal/light_T1_r2.pcapng,R2,91,913.2069385051728,0.004294578451663256,0.23986127972602844,0.5315025448799133,0.22158938646316528,0.002752192784100771,Light_T1
/home/lmy/iot-device-classification/dataset/light_T1/round2_normal/light_T1_r2.pcapng,R2,92,922.4334559440612,8.032782352529466e-05,0.998005211353302,0.0006445104954764247,0.0010622882982715964,0.00020764002692885697,Light_T1
/home/lmy/iot-device-classification/dataset/light_T1/round2_normal/light_T1_r2.pcapng,R2,93,930.5772354602814,0.0002042385603999719,0.8358681201934814,0.1622544378042221,0.001045492012053728,0.0006276506464928389,Light_T1
/home/lmy/iot-device-classification/dataset/light_T1/round2_normal/light_T1_r2.pcapng,R2,94,941.2345163822174,0.03348745405673981,0.011222715489566326,0.001379671972244978,0.952014148235321,0.0018960434244945645,Light_T1
/home/lmy/iot-device-classification/dataset/light_T1/round2_normal/light_T1_r2.pcapng,R2,95,953.2564177513124,0.0005440263776108623,0.873659074306488,0.10549189150333405,0.019573528319597244,0.0007314750109799206,Light_T1
/home/lmy/iot-device-classification/dataset/light_T1/round2_normal/light_T1_r2.pcapng,R2,96,960.8261804580688,0.0006764509598724544,0.9945589900016785,0.0024648187682032585,0.0014786648098379374,0.000821012887172401,Light_T1
/home/lmy/iot-device-classification/dataset/light_T1/round2_normal/light_T1_r2.pcapng,R2,97,973.2815873622894,0.019681081175804138,0.5448887348175049,0.13246628642082214,0.2966183125972748,0.006345591973513365,Light_T1
/home/lmy/iot-device-classification/dataset/light_T1/round2_normal/light_T1_r2.pcapng,R2,98,981.4457938671112,0.02012035623192787,0.8226360082626343,0.09721745550632477,0.04631933942437172,0.013706840574741364,Light_T1
/home/lmy/iot-device-classification/dataset/light_T1/round2_normal/light_T1_r2.pcapng,R2,99,990.9941470623016,0.00035519979428499937,0.21121811866760254,0.004997799638658762,0.7828367948532104,0.0005920722614973783,Light_T1
/home/lmy/iot-device-classification/dataset/light_T1/round2_normal/light_T1_r2.pcapng,R2,100,1003.319257736206,0.00222641765139997,0.08212701976299286,0.2660053074359894,0.6465588808059692,0.003082361537963152,Light_T1
/home/lmy/iot-device-classification/dataset/light_T1/round2_normal/light_T1_r2.pcapng,R2,101,1013.331794977188,0.00015882818843238056,0.8369267582893372,0.120697021484375,0.04186815023422241,0.0003492353134788573,Light_T1
/home/lmy/iot-device-classification/dataset/light_T1/round2_normal/light_T1_r2.pcapng,R2,102,1021.1618313789368,0.00013976184709463269,0.9986816048622131,0.0004849382094107568,0.0005811643204651773,0.00011249013186898082,Light_T1
/home/lmy/iot-device-classification/dataset/light_T1/round2_normal/light_T1_r2.pcapng,R2,103,1031.4982059001925,8.754114242037758e-05,0.46730101108551025,0.5316383838653564,0.0008764447993598878,9.667270205682144e-05,Light_T1
/home/lmy/iot-device-classification/dataset/light_T1/round2_normal/light_T1_r2.pcapng,R2,104,1043.3685677051544,3.043883953068871e-05,0.9683024883270264,0.031165003776550293,0.0004305025504436344,7.149475277401507e-05,Light_T1
/home/lmy/iot-device-classification/dataset/light_T1/round2_normal/light_T1_r2.pcapng,R2,105,1051.3291184902191,6.146445957710966e-05,0.9894356727600098,0.003560636891052127,0.006785848177969456,0.00015637664182577282,Light_T1
/home/lmy/iot-device-classification/dataset/light_T1/round2_normal/light_T1_r2.pcapng,R2,106,1061.5029077529907,0.0165579654276371,0.7594292163848877,0.013372085988521576,0.20929738879203796,0.0013433259446173906,Light_T1
/home/lmy/iot-device-classification/dataset/light_T1/round2_normal/light_T1_r2.pcapng,R2,107,1071.4665129184723,0.00034541243803687394,0.9682801365852356,0.028914466500282288,0.0015370656037703156,0.0009228662238456309,Light_T1
/home/lmy/iot-device-classification/dataset/light_T1/round2_normal/light_T1_r2.pcapng,R2,108,1081.6541092395782,7.59024333092384e-05,0.9935759902000427,0.006114790681749582,6.044248220860027e-05,0.00017293139535468072,Light_T1
/home/lmy/iot-device-classification/dataset/light_T1/round2_normal/light_T1_r2.pcapng,R2,109,1093.4291591644287,0.00010293192462995648,0.9933848977088928,0.005373125430196524,0.0009629891719669104,0.00017605454195290804,Light_T1
/home/lmy/iot-device-classification/dataset/light_T1/round2_normal/light_T1_r2.pcapng,R2,110,1103.4418606758118,4.681706559495069e-05,0.9974591135978699,0.0021573405247181654,0.00017574198136571795,0.00016103692178148776,Light_T1
/home/lmy/iot-device-classification/dataset/light_T1/round2_normal/light_T1_r2.pcapng,R2,111,1111.7393636703491,0.00019014278950635344,0.81014484167099,0.18816442787647247,0.0009788057068362832,0.0005217995494604111,Light_T1
/home/lmy/iot-device-classification/dataset/light_T1/round2_normal/light_T1_r2.pcapng,R2,112,1121.5134127140043,0.004904302302747965,0.4909302592277527,0.46893614530563354,0.03231794387102127,0.0029114047065377235,Light_T1
/home/lmy/iot-device-classification/dataset/light_T1/round2_normal/light_T1_r2.pcapng,R2,113,1133.476440668106,0.013800366781651974,0.9796360731124878,0.0018852648790925741,0.0031609393190592527,0.0015173000283539295,Light_T1
/home/lmy/iot-device-classification/dataset/light_T1/round2_normal/light_T1_r2.pcapng,R2,114,1141.4835016727448,3.8987622247077525e-05,0.9474811553955078,0.05222049355506897,0.0001395932922605425,0.00011972212087130174,Light_T1
/home/lmy/iot-device-classification/dataset/light_T1/round2_normal/light_T1_r2.pcapng,R2,115,1153.499081850052,7.5322677730582654e-06,0.9986237287521362,0.00020455241610761732,0.0011509247124195099,1.322388015978504e-05,Light_T1
/home/lmy/iot-device-classification/dataset/light_T1/round2_normal/light_T1_r2.pcapng,R2,116,1161.4818894863129,2.059652251773514e-05,0.9998691082000732,1.678929038462229e-05,6.43709790892899e-05,2.912022318923846e-05,Light_T1
/home/lmy/iot-device-classification/dataset/light_T1/round2_normal/light_T1_r2.pcapng,R2,117,1172.1503727436066,9.53065900830552e-05,0.965703010559082,0.033690184354782104,0.0003404231392778456,0.0001711275108391419,Light_T1
/home/lmy/iot-device-classification/dataset/light_T1/round2_normal/light_T1_r2.pcapng,R2,118,1183.5342545509338,0.0005023892153985798,0.9209924936294556,0.06160428375005722,0.01615736447274685,0.000743391050491482,Light_T1
/home/lmy/iot-device-classification/dataset/light_T1/round2_normal/light_T1_r2.pcapng,R2,119,1193.5449380874634,0.0019323390442878008,0.856673002243042,0.13336557149887085,0.006271565333008766,0.0017574828816577792,Light_T1
/home/lmy/iot-device-classification/dataset/light_T1/round2_normal/light_T1_r2.pcapng,R2,120,1202.3929965496063,0.00043177089537493885,0.9931256771087646,0.005570042412728071,0.00042787165148183703,0.0004445653466973454,Light_T1
/home/lmy/iot-device-classification/dataset/light_T1/round2_normal/light_T1_r2.pcapng,R2,121,1211.525989294052,0.008408757857978344,0.60695481300354,0.1082671657204628,0.2748446464538574,0.0015246424591168761,Light_T1
/home/lmy/iot-device-classification/dataset/light_T1/round2_normal/light_T1_r2.pcapng,R2,122,1223.5793550014496,0.0001647226163186133,0.41779625415802,0.0005148095078766346,0.5813538432121277,0.0001703490415820852,Light_T1
/home/lmy/iot-device-classification/dataset/light_T1/round2_normal/light_T1_r2.pcapng,R2,123,1232.6373200416565,0.00012056785635650158,0.9938567280769348,0.005291343666613102,0.00047135938075371087,0.00026000544312410057,Light_T1
/home/lmy/iot-device-classification/dataset/light_T1/round2_normal/light_T1_r2.pcapng,R2,124,1243.6025581359863,0.0001867019454948604,0.9597367644309998,0.0031569867860525846,0.0367550402879715,0.0001645412266952917,Light_T1
/home/lmy/iot-device-classification/dataset/light_T1/round2_normal/light_T1_r2.pcapng,R2,125,1251.4944024086,0.0006006509647704661,0.8750600218772888,0.12033778429031372,0.0029957543592900038,0.001005747588351369,Light_T1
/home/lmy/iot-device-classification/dataset/light_T1/round2_normal/light_T1_r2.pcapng,R2,126,1262.8010113239288,0.00025019198074005544,0.9564365148544312,0.0014884935226291418,0.041432857513427734,0.00039196317084133625,Light_T1
/home/lmy/iot-device-classification/dataset/light_T1/round2_normal/light_T1_r2.pcapng,R2,127,1273.6376054286957,5.3301817388273776e-05,0.939895510673523,0.0027927211485803127,0.05708988755941391,0.00016861628682818264,Light_T1
/home/lmy/iot-device-classification/dataset/light_T1/round2_normal/light_T1_r2.pcapng,R2,128,1283.6470398902893,0.0008111341157928109,0.892065167427063,0.0012567752273753285,0.1054781824350357,0.00038868383853696287,Light_T1
/home/lmy/iot-device-classification/dataset/light_T1/round2_normal/light_T1_r2.pcapng,R2,129,1292.9662556648254,7.401573384413496e-05,0.09977956116199493,0.8978798985481262,0.0020487525034695864,0.00021774982451461256,Light_T1
/home/lmy/iot-device-classification/dataset/light_T1/round2_normal/light_T1_r2.pcapng,R2,130,1301.537944316864,0.0008499197429046035,0.19161611795425415,0.09842098504304886,0.7077375650405884,0.001375389751046896,Light_T1
/home/lmy/iot-device-classification/dataset/light_T1/round2_normal/light_T1_r2.pcapng,R2,131,1310.5910844802856,0.00035417385515756905,0.04857189580798149,0.9487531781196594,0.0019310450879856944,0.00038969606976024806,Light_T1
/home/lmy/iot-device-classification/dataset/light_T1/round2_normal/light_T1_r2.pcapng,R2,132,1323.6923642158508,9.849818161455914e-05,0.8862500190734863,0.0009228904964402318,0.11247940361499786,0.000249191012699157,Light_T1
/home/lmy/iot-device-classification/dataset/light_T1/round2_normal/light_T1_r2.pcapng,R2,133,1333.7033457756042,0.0002697933232411742,0.043194033205509186,0.8686553239822388,0.08730694651603699,0.0005739076295867562,Light_T1
/home/lmy/iot-device-classification/dataset/light_T1/round2_normal/light_T1_r2.pcapng,R2,134,1341.5051760673523,0.00010826525249285623,0.9980733394622803,0.0005381786031648517,0.0010602344991639256,0.00022001515026204288,Light_T1
/home/lmy/iot-device-classification/dataset/light_T1/round2_normal/light_T1_r2.pcapng,R2,135,1353.726098537445,0.0008147575426846743,0.7116886973381042,0.11162493377923965,0.17459477484226227,0.0012767823645845056,Light_T1
/home/lmy/iot-device-classification/dataset/light_T1/round2_normal/light_T1_r2.pcapng,R2,136,1361.4673144817352,0.0008223678451031446,0.3371395170688629,0.0336141400039196,0.6275932788848877,0.0008307280950248241,Light_T1
/home/lmy/iot-device-classification/dataset/light_T1/round2_normal/light_T1_r2.pcapng,R2,137,1370.498390197754,0.0014932514168322086,0.11357671767473221,0.8002448081970215,0.082396499812603,0.0022887231316417456,Light_T1
/home/lmy/iot-device-classification/dataset/light_T1/round2_normal/light_T1_r2.pcapng,R2,138,1383.7594537734983,0.0006685605621896684,0.9917649626731873,0.0028576806653290987,0.004365445114672184,0.00034328075707890093,Light_T1
/home/lmy/iot-device-classification/dataset/light_T1/round2_normal/light_T1_r2.pcapng,R2,139,1391.549045085907,0.0016260688425973058,0.9392553567886353,0.013341866433620453,0.04490737244486809,0.0008693644194863737,Light_T1
/home/lmy/iot-device-classification/dataset/light_T1/round2_normal/light_T1_r2.pcapng,R2,140,1403.6979253292084,0.0007032167632132769,0.946444571018219,0.027957582846283913,0.023139486089348793,0.0017551245400682092,Light_T1
/home/lmy/iot-device-classification/dataset/light_T1/round2_normal/light_T1_r2.pcapng,R2,141,1413.7933797836304,0.00042043972644023597,0.9776212573051453,0.0069820270873606205,0.014050825498998165,0.0009255193290300667,Light_T1
/home/lmy/iot-device-classification/dataset/light_T1/round2_normal/light_T1_r2.pcapng,R2,142,1421.5535809993744,0.004192765336483717,0.8637524247169495,0.032588496804237366,0.09731440991163254,0.0021519605070352554,Light_T1
/home/lmy/iot-device-classification/dataset/light_T1/round2_normal/light_T1_r2.pcapng,R2,143,1431.5148973464966,0.002116608200594783,0.8422679305076599,0.09390705823898315,0.05758959800004959,0.00411877129226923,Light_T1
/home/lmy/iot-device-classification/dataset/light_T1/round2_normal/light_T1_r2.pcapng,R2,144,1443.8262832164764,0.0004883477813564241,0.9980576634407043,0.0005488453316502273,0.0007589871529489756,0.00014607392949983478,Light_T1
/home/lmy/iot-device-classification/dataset/light_T1/round2_normal/light_T1_r2.pcapng,R2,145,1453.832765340805,5.516752935363911e-05,0.9837256073951721,0.012279155664145947,0.003816455602645874,0.00012363935820758343,Light_T1
/home/lmy/iot-device-classification/dataset/light_T1/round2_normal/light_T1_r2.pcapng,R2,146,1463.8299567699432,0.0001712744851829484,0.9942838549613953,0.004439015872776508,0.0007797397556714714,0.0003261421516072005,Light_T1
/home/lmy/iot-device-classification/dataset/light_T1/round2_normal/light_T1_r2.pcapng,R2,147,1473.8309626579285,0.0010640406981110573,0.3475944697856903,0.6285868287086487,0.020224379375576973,0.0025302686262875795,Light_T1
/home/lmy/iot-device-classification/dataset/light_T1/round2_normal/light_T1_r2.pcapng,R2,148,1481.521099567413,0.00018379828543402255,0.7173796892166138,0.0048716007731854916,0.2772740423679352,0.0002908212481997907,Light_T1
/home/lmy/iot-device-classification/dataset/light_T1/round2_normal/light_T1_r2.pcapng,R2,149,1493.837729692459,0.0002568831841927022,0.9934436082839966,0.005289774853736162,0.0008091730414889753,0.0002005047135753557,Light_T1
/home/lmy/iot-device-classification/dataset/light_T1/round2_normal/light_T1_r2.pcapng,R2,150,1503.8355276584623,0.0015351118054240942,0.9416641592979431,0.011524505913257599,0.04317374899983406,0.0021024513989686966,Light_T1
/home/lmy/iot-device-classification/dataset/light_T1/round2_normal/light_T1_r2.pcapng,R2,151,1510.2199544906616,0.0008810569415800273,0.043119024485349655,0.0034218761138617992,0.9521761536598206,0.0004018667386844754,Light_T1
/home/lmy/iot-device-classification/dataset/light_T1/round2_normal/light_T1_r2.pcapng,R2,152,1520.0437042713163,0.0005031097098253667,0.990429699420929,0.004662592429667711,0.003687049960717559,0.0007175318896770477,Light_T1
/home/lmy/iot-device-classification/dataset/light_T1/round2_normal/light_T1_r2.pcapng,R2,153,1530.1172749996183,0.00011995016393484548,0.9963042736053467,0.002640188904479146,0.000829571217764169,0.00010607059084577486,Light_T1
/home/lmy/iot-device-classification/dataset/light_T1/round2_normal/light_T1_r2.pcapng,R2,154,1540.1111204624176,0.00011693722626660019,0.8714130520820618,0.0029226867482066154,0.12527179718017578,0.00027551405946724117,Light_T1
/home/lmy/iot-device-classification/dataset/light_T1/round2_normal/light_T1_r2.pcapng,R2,155,1550.271098613739,0.001073730061762035,0.7086907029151917,0.27444225549697876,0.014654332771897316,0.0011390048312023282,Light_T1
/home/lmy/iot-device-classification/dataset/light_T1/round2_normal/light_T1_r2.pcapng,R2,156,1560.3103621006012,0.00035381733323447406,0.9479173421859741,0.008756202645599842,0.04210871085524559,0.0008638740982860327,Light_T1
/home/lmy/iot-device-classification/dataset/light_T1/round2_normal/light_T1_r2.pcapng,R2,157,1570.0014231204989,0.00035260507138445973,0.3275858163833618,0.007775862701237202,0.6639805436134338,0.0003051763924304396,Light_T1
/home/lmy/iot-device-classification/dataset/light_T1/round2_normal/light_T1_r2.pcapng,R2,158,1580.0016441345217,0.0037905839271843433,0.9519444704055786,0.015175210312008858,0.025734907016158104,0.003354818793013692,Light_T1
/home/lmy/iot-device-classification/dataset/light_T1/round2_normal/light_T1_r2.pcapng,R2,159,1590.168693304062,0.0006100012105889618,0.8691821098327637,0.12668576836585999,0.0023451773449778557,0.0011769457487389445,Light_T1
/home/lmy/iot-device-classification/dataset/light_T1/round2_normal/light_T1_r2.pcapng,R2,160,1600.0936658382416,0.00010800953168654814,0.16228580474853516,0.0013577897334471345,0.8360216021537781,0.00022681185510009527,Light_T1
/home/lmy/iot-device-classification/dataset/light_T1/round2_normal/light_T1_r2.pcapng,R2,161,1610.1332290172577,0.00078723015030846,0.4746367037296295,0.5170614123344421,0.0069868918508291245,0.0005278055905364454,Light_T1
/home/lmy/iot-device-classification/dataset/light_T1/round2_normal/light_T1_r2.pcapng,R2,162,1620.1005895137787,0.00019365908519830555,0.9958273768424988,0.003062809817492962,0.0006892544915899634,0.00022682773123960942,Light_T1
/home/lmy/iot-device-classification/dataset/light_T1/round2_normal/light_T1_r2.pcapng,R2,163,1630.1643526554108,0.13518580794334412,0.0010232932399958372,0.0010469532571732998,0.8623220920562744,0.00042184063931927085,Light_T1
/home/lmy/iot-device-classification/dataset/light_T1/round2_normal/light_T1_r2.pcapng,R2,164,1640.2567279338837,0.0006907006609253585,0.9958586096763611,0.002423520665615797,0.0007002611528150737,0.00032685871701687574,Light_T1
/home/lmy/iot-device-classification/dataset/light_T1/round2_normal/light_T1_r2.pcapng,R2,165,1650.2920129299164,8.608485222794116e-05,0.5829466581344604,0.40718188881874084,0.00951362494379282,0.0002717493043746799,Light_T1
/home/lmy/iot-device-classification/dataset/light_T1/round2_normal/light_T1_r2.pcapng,R2,166,1660.3606116771698,0.00013261305866762996,0.9774247407913208,0.010665921494364738,0.011492755264043808,0.0002839693333953619,Light_T1
/home/lmy/iot-device-classification/dataset/light_T1/round2_normal/light_T1_r2.pcapng,R2,167,1670.4075934886932,0.00020550387853290886,0.9972075819969177,0.0007384932832792401,0.0016377472784370184,0.00021063160966150463,Light_T1
/home/lmy/iot-device-classification/dataset/light_T1/round2_normal/light_T1_r2.pcapng,R2,168,1680.5242788791656,0.00013692524225916713,0.9824824333190918,0.016526121646165848,0.0005540804704651237,0.00030040284036658704,Light_T1
/home/lmy/iot-device-classification/dataset/light_T1/round2_normal/light_T1_r2.pcapng,R2,169,1690.522656917572,0.0007608645828440785,0.6715320944786072,0.04577088728547096,0.28056952357292175,0.0013665868900716305,Light_T1
/home/lmy/iot-device-classification/dataset/light_T1/round2_normal/light_T1_r2.pcapng,R2,170,1700.322029352188,0.0005592797533608973,0.8814495205879211,0.11469019949436188,0.0024914820678532124,0.0008094750228337944,Light_T1
/home/lmy/iot-device-classification/dataset/light_T1/round2_normal/light_T1_r2.pcapng,R2,171,1710.8585917949677,0.00017741644114721566,0.9976953864097595,0.0017250939272344112,0.00023207732010632753,0.0001699705608189106,Light_T1
/home/lmy/iot-device-classification/dataset/light_T1/round2_normal/light_T1_r2.pcapng,R2,172,1720.759200334549,0.00013201116234995425,0.7699872851371765,0.22563694417476654,0.004073960706591606,0.0001697948173386976,Light_T1
/home/lmy/iot-device-classification/dataset/light_T1/round2_normal/light_T1_r2.pcapng,R2,173,1730.808777332306,0.0004574732738547027,0.993533730506897,0.0034007553476840258,0.001783281099051237,0.0008248041267506778,Light_T1
/home/lmy/iot-device-classification/dataset/light_T1/round2_normal/light_T1_r2.pcapng,R2,174,1740.9040386676788,0.0005011789035052061,0.9796314835548401,0.017640918493270874,0.0017689503729343414,0.00045747632975690067,Light_T1
/home/lmy/iot-device-classification/dataset/light_T1/round2_normal/light_T1_r2.pcapng,R2,175,1750.9120285511017,0.40241605043411255,0.12099974602460861,0.04497787356376648,0.42712080478668213,0.004485532641410828,Light_T1
/home/lmy/iot-device-classification/dataset/light_T1/round2_normal/light_T1_r2.pcapng,R2,176,1760.623416185379,0.00017946824664250016,0.9916700124740601,0.0069861081428825855,0.0007662114221602678,0.00039824421401135623,Light_T1
/home/lmy/iot-device-classification/dataset/light_T1/round2_normal/light_T1_r2.pcapng,R2,177,1771.0806646347046,0.0006332127959467471,0.9854913949966431,0.010737165808677673,0.002462781732901931,0.0006754343630746007,Light_T1
/home/lmy/iot-device-classification/dataset/light_T1/round2_normal/light_T1_r2.pcapng,R2,178,1781.1388638019562,0.0021916558034718037,0.49353519082069397,0.06808388978242874,0.4342697262763977,0.0019195107743144035,Light_T1
/home/lmy/iot-device-classification/dataset/light_T1/round2_normal/light_T1_r2.pcapng,R2,179,1791.1787354946136,0.0005485074943862855,0.02764226868748665,0.9707944989204407,0.0005776710459031165,0.00043706438736990094,Light_T1
/home/lmy/iot-device-classification/dataset/light_T1/round2_normal/light_T1_r2.pcapng,R2,180,1801.257154226303,0.00023303719353862107,0.8456170558929443,0.1528138965368271,0.0007639855029992759,0.0005720611661672592,Light_T1
/home/lmy/iot-device-classification/dataset/light_T1/round2_normal/light_T1_r2.pcapng,R2,181,1810.538724899292,0.0009763287380337715,0.34451842308044434,0.5173711776733398,0.13393478095531464,0.0031992504373192787,Light_T1
/home/lmy/iot-device-classification/dataset/light_T1/round2_normal/light_T1_r2.pcapng,R2,182,1820.9458599090576,0.001092044753022492,0.5686703324317932,0.008836587890982628,0.4205061197280884,0.0008949105977080762,Light_T1
/home/lmy/iot-device-classification/dataset/light_T1/round2_normal/light_T1_r2.pcapng,R2,183,1831.4539320468905,0.0004449145926628262,0.9872430562973022,0.00999712198972702,0.0018028951017186046,0.0005120127461850643,Light_T1
/home/lmy/iot-device-classification/dataset/light_T1/round2_normal/light_T1_r2.pcapng,R2,184,1841.4080545902248,0.0001726251357467845,0.787418782711029,0.004498728085309267,0.207678884267807,0.00023092659830581397,Light_T1
/home/lmy/iot-device-classification/dataset/light_T1/round2_normal/light_T1_r2.pcapng,R2,185,1851.6343364715576,0.0026610761415213346,0.8839355707168579,0.09445610642433167,0.013558958657085896,0.005388281308114529,Light_T1
/home/lmy/iot-device-classification/dataset/light_T1/round2_normal/light_T1_r2.pcapng,R2,186,1860.4535233974457,0.00015302735846489668,0.9785367250442505,0.02023835852742195,0.0007840908947400749,0.0002877824008464813,Light_T1
/home/lmy/iot-device-classification/dataset/light_T1/round2_normal/light_T1_r2.pcapng,R2,187,1870.855064868927,0.001556622446514666,0.3761235177516937,0.5945059657096863,0.024667421355843544,0.0031464588828384876,Light_T1
/home/lmy/iot-device-classification/dataset/light_T1/round2_normal/light_T1_r2.pcapng,R2,188,1881.3661472797396,0.00025161358644254506,0.9843299984931946,0.013736844062805176,0.0012032329104840755,0.00047825888032093644,Light_T1
/home/lmy/iot-device-classification/dataset/light_T1/round2_normal/light_T1_r2.pcapng,R2,189,1891.8392748832705,0.0008030952885746956,0.9266629219055176,0.03699173033237457,0.03363024443387985,0.0019120106007903814,Light_T1
/home/lmy/iot-device-classification/dataset/light_T1/round2_normal/light_T1_r2.pcapng,R2,190,1901.9094414711,0.0003316693182568997,0.8354598879814148,0.035438451915979385,0.12810118496418,0.0006687542190775275,Light_T1
/home/lmy/iot-device-classification/dataset/light_T1/round2_normal/light_T1_r2.pcapng,R2,191,1911.9797372817995,0.00014757055032532662,0.31910574436187744,0.6757993698120117,0.004580272827297449,0.0003670100122690201,Light_T1
/home/lmy/iot-device-classification/dataset/light_T1/round2_normal/light_T1_r2.pcapng,R2,192,1922.0678174495697,0.0002646258508320898,0.9062088131904602,0.08545001596212387,0.007471079938113689,0.0006054475670680404,Light_T1
/home/lmy/iot-device-classification/dataset/light_T1/round2_normal/light_T1_r2.pcapng,R2,193,1931.403644323349,0.00040580183849669993,0.9903301000595093,0.006125791929662228,0.00286935456097126,0.00026891069137491286,Light_T1
/home/lmy/iot-device-classification/dataset/light_T1/round2_normal/light_T1_r2.pcapng,R2,194,1942.16841840744,0.00028702555573545396,0.8645450472831726,0.13341160118579865,0.0012336476938799024,0.0005226518260315061,Light_T1
/home/lmy/iot-device-classification/dataset/light_T1/round2_normal/light_T1_r2.pcapng,R2,195,1951.9676113128664,0.002072762930765748,0.8088746666908264,0.11665201187133789,0.06761353462934494,0.004787021782249212,Light_T1
/home/lmy/iot-device-classification/dataset/light_T1/round2_normal/light_T1_r2.pcapng,R2,196,1961.44255900383,0.001259692944586277,0.44490113854408264,0.5070139765739441,0.04536069184541702,0.001464469009079039,Light_T1
/home/lmy/iot-device-classification/dataset/light_T1/round2_normal/light_T1_r2.pcapng,R2,197,1970.4746479988096,0.009441603906452656,0.6610032916069031,0.2976313829421997,0.02035113237798214,0.011572596617043018,Light_T1
/home/lmy/iot-device-classification/dataset/light_T1/round2_normal/light_T1_r2.pcapng,R2,198,1982.4489316940308,8.139986312016845e-05,0.9919915795326233,0.007061817683279514,0.0006683093961328268,0.00019695096125360578,Light_T1
/home/lmy/iot-device-classification/dataset/light_T1/round2_normal/light_T1_r2.pcapng,R2,199,1991.49151968956,0.001668220036663115,0.18839848041534424,0.6289454102516174,0.17690536379814148,0.004082533065229654,Light_T1
/home/lmy/iot-device-classification/dataset/light_T1/round2_normal/light_T1_r2.pcapng,R2,200,2002.5809516906736,0.0002533646475058049,0.9467402696609497,0.05207350477576256,0.0006725870189256966,0.0002602633030619472,Light_T1
/home/lmy/iot-device-classification/dataset/light_T1/round2_normal/light_T1_r2.pcapng,R2,201,2012.3034918308256,0.0016918695764616132,0.9349279403686523,0.030422063544392586,0.03008696250617504,0.002871164120733738,Light_T1
/home/lmy/iot-device-classification/dataset/light_T1/round2_normal/light_T1_r2.pcapng,R2,202,2021.40881061554,0.01227919477969408,0.08260533958673477,0.01699507050216198,0.8866803646087646,0.001440014922991395,Light_T1
/home/lmy/iot-device-classification/dataset/light_T1/round2_normal/light_T1_r2.pcapng,R2,203,2031.0168986320496,0.00037354763480834663,0.9876153469085693,0.009518440812826157,0.0017241004388779402,0.0007686250028200448,Light_T1
/home/lmy/iot-device-classification/dataset/light_T1/round2_normal/light_T1_r2.pcapng,R2,204,2041.4180750846865,0.0002015033533098176,0.9550106525421143,0.04341709613800049,0.0008041944820433855,0.0005665806820616126,Light_T1
/home/lmy/iot-device-classification/dataset/light_T1/round2_normal/light_T1_r2.pcapng,R2,205,2052.9352951049805,0.00014424294931814075,0.8994159698486328,0.07814877480268478,0.02182520553469658,0.00046580316848121583,Light_T1
/home/lmy/iot-device-classification/dataset/light_T1/round2_normal/light_T1_r2.pcapng,R2,206,2061.3734912872314,0.00813667569309473,0.6103799343109131,0.36341071128845215,0.01050882413983345,0.007563892751932144,Light_T1
/home/lmy/iot-device-classification/dataset/light_T1/round2_normal/light_T1_r2.pcapng,R2,207,2073.019562959671,0.0019530404824763536,0.85848069190979,0.051847875118255615,0.083791084587574,0.003927302546799183,Light_T1
/home/lmy/iot-device-classification/dataset/light_T1/round2_normal/light_T1_r2.pcapng,R2,208,2083.110192298889,0.012491082772612572,0.6812765598297119,0.010997452773153782,0.293508917093277,0.0017259917221963406,Light_T1
/home/lmy/iot-device-classification/dataset/light_T1/round2_normal/light_T1_r2.pcapng,R2,209,2091.343019247055,0.00010635590297169983,0.9968600273132324,0.0022016640286892653,0.0005716102896258235,0.00026038408395834267,Light_T1
/home/lmy/iot-device-classification/dataset/light_T1/round2_normal/light_T1_r2.pcapng,R2,210,2103.262964963913,0.0004630889743566513,0.7292680740356445,0.26798731088638306,0.0010861714836210012,0.0011953318025916815,Light_T1
/home/lmy/iot-device-classification/dataset/light_T1/round2_normal/light_T1_r2.pcapng,R2,211,2111.418713569641,0.0007355340057983994,0.6376505494117737,0.05576376989483833,0.30508971214294434,0.0007604034035466611,Light_T1
/home/lmy/iot-device-classification/dataset/light_T1/round2_normal/light_T1_r2.pcapng,R2,212,2122.5448365211487,9.858045086730272e-05,0.126802459359169,0.004151579923927784,0.8687391877174377,0.00020820499048568308,Light_T1
/home/lmy/iot-device-classification/dataset/light_T1/round2_normal/light_T1_r2.pcapng,R2,213,2130.8655047416687,0.00020803287043236196,0.9911655783653259,0.0068202088586986065,0.0012503264006227255,0.0005558786797337234,Light_T1
/home/lmy/iot-device-classification/dataset/light_T1/round2_normal/light_T1_r2.pcapng,R2,214,2143.34606385231,0.0012401910498738289,0.4177088439464569,0.12587830424308777,0.4528185725212097,0.002354077296331525,Light_T1
/home/lmy/iot-device-classification/dataset/light_T1/round2_normal/light_T1_r2.pcapng,R2,215,2151.3803386688232,0.0011110109044238925,0.9693899154663086,0.026687590405344963,0.0018519125878810883,0.0009595701703801751,Light_T1
/home/lmy/iot-device-classification/dataset/light_T1/round2_normal/light_T1_r2.pcapng,R2,216,2163.6355962753296,0.0001152217882918194,0.9456399083137512,0.05362845957279205,0.00035717591526918113,0.00025920727057382464,Light_T1
/home/lmy/iot-device-classification/dataset/light_T1/round2_normal/light_T1_r2.pcapng,R2,217,2172.4698445796967,0.0008155680261552334,0.434440553188324,0.07445751875638962,0.489410400390625,0.0008759031188674271,Light_T1
/home/lmy/iot-device-classification/dataset/light_T1/round2_normal/light_T1_r2.pcapng,R2,218,2180.788937807083,0.00011760898632928729,0.9871318340301514,0.011843373067677021,0.0006052179378457367,0.0003019629220943898,Light_T1
/home/lmy/iot-device-classification/dataset/light_T1/round2_normal/light_T1_r2.pcapng,R2,219,2191.189629793167,0.0003193627344444394,0.6796935796737671,0.3143562078475952,0.005128088872879744,0.0005027430597692728,Light_T1
/home/lmy/iot-device-classification/dataset/light_T1/round2_normal/light_T1_r2.pcapng,R2,220,2201.4237756729126,0.0008747799438424408,0.5468773245811462,0.06682000309228897,0.3846280574798584,0.0007998039363883436,Light_T1
/home/lmy/iot-device-classification/dataset/light_T1/round2_normal/light_T1_r2.pcapng,R2,221,2211.990196228028,8.964502194430679e-05,0.955435574054718,0.03947193920612335,0.004691822919994593,0.00031096566817723215,Light_T1
/home/lmy/iot-device-classification/dataset/light_T1/round2_normal/light_T1_r2.pcapng,R2,222,2224.000850439072,5.6181743275374174e-05,0.4012925624847412,0.5984413027763367,0.00013789854710921645,7.202103734016418e-05,Light_T1
/home/lmy/iot-device-classification/dataset/light_T1/round2_normal/light_T1_r2.pcapng,R2,223,2230.079281568527,0.00015838885155972093,0.8599192500114441,0.0022988799028098583,0.13728705048561096,0.0003364181029610336,Light_T1
/home/lmy/iot-device-classification/dataset/light_T1/round2_normal/light_T1_r2.pcapng,R2,224,2241.1122193336487,0.0003216284094378352,0.9929303526878357,0.005579509772360325,0.0008114906959235668,0.00035700772423297167,Light_T1
/home/lmy/iot-device-classification/dataset/light_T1/round2_normal/light_T1_r2.pcapng,R2,225,2253.591821670532,0.0003614324959926307,0.9737542867660522,0.023860666900873184,0.0014172493247315288,0.0006062925094738603,Light_T1
/home/lmy/iot-device-classification/dataset/light_T1/round2_normal/light_T1_r2.pcapng,R2,226,2263.995038986206,0.0006388328620232642,0.187813863158226,0.7811521887779236,0.02877514250576496,0.0016200231621041894,Light_T1
/home/lmy/iot-device-classification/dataset/light_T1/round2_normal/light_T1_r2.pcapng,R2,227,2271.341774702072,0.0001757881254889071,0.9217332005500793,0.029773056507110596,0.04783095046877861,0.00048703813808970153,Light_T1
/home/lmy/iot-device-classification/dataset/light_T1/round2_normal/light_T1_r2.pcapng,R2,228,2284.463119983673,0.0002978509874083102,0.8254956007003784,0.16909734904766083,0.004105385858565569,0.0010037680622190237,Light_T1
/home/lmy/iot-device-classification/dataset/light_T1/round2_normal/light_T1_r2.pcapng,R2,229,2291.426505088806,0.00014740656479261816,0.20720043778419495,0.011047330684959888,0.7813689708709717,0.00023580226115882397,Light_T1
/home/lmy/iot-device-classification/dataset/light_T1/round2_normal/light_T1_r2.pcapng,R2,230,2301.434414625168,0.00011792574514402077,0.9948601722717285,0.004682000260800123,0.00026133967912755907,7.857795571908355e-05,Light_T1
/home/lmy/iot-device-classification/dataset/light_T1/round2_normal/light_T1_r2.pcapng,R2,231,2311.8367681503296,0.0004330185183789581,0.9958534240722656,0.0018762062536552548,0.0016189449233934283,0.00021839274268131703,Light_T1
/home/lmy/iot-device-classification/dataset/light_T1/round2_normal/light_T1_r2.pcapng,R2,232,2322.2373881340027,0.0003731339529622346,0.9716364741325378,0.012210382148623466,0.015461526811122894,0.0003184411907568574,Light_T1
/home/lmy/iot-device-classification/dataset/light_T1/round2_normal/light_T1_r2.pcapng,R2,233,2331.3880562782288,0.0017724786885082722,0.9458274245262146,0.021054035052657127,0.027941597625613213,0.0034044021740555763,Light_T1
/home/lmy/iot-device-classification/dataset/light_T1/round2_normal/light_T1_r2.pcapng,R2,234,2344.6040472984314,0.00011339007323840633,0.9885627031326294,0.010493651032447815,0.0005964610609225929,0.000233848302741535,Light_T1
/home/lmy/iot-device-classification/dataset/light_T1/round2_normal/light_T1_r2.pcapng,R2,235,2353.437134742737,4.555858686217107e-05,0.994929850101471,0.0017933150520548224,0.003142937319353223,8.827813144307584e-05,Light_T1
/home/lmy/iot-device-classification/dataset/light_T1/round2_normal/light_T1_r2.pcapng,R2,236,2363.83518576622,1.354384767182637e-05,0.9976713061332703,0.0021853598300367594,8.91873351065442e-05,4.056260877405293e-05,Light_T1
/home/lmy/iot-device-classification/dataset/light_T1/round2_normal/light_T1_r2.pcapng,R2,237,2372.226051092148,0.0032180906273424625,0.8911027908325195,0.06610553711652756,0.03659604489803314,0.0029775137081742287,Light_T1
/home/lmy/iot-device-classification/dataset/light_T1/round2_normal/light_T1_r2.pcapng,R2,238,2381.428659439087,0.0003186360700055957,0.9221821427345276,0.06573124974966049,0.01141261961311102,0.0003553350979927927,Light_T1
/home/lmy/iot-device-classification/dataset/light_T1/round2_normal/light_T1_r2.pcapng,R2,239,2390.843173265457,0.00014700992323923856,0.9703688621520996,0.0014557079412043095,0.02781642973423004,0.00021195286535657942,Light_T1
/home/lmy/iot-device-classification/dataset/light_T1/round2_normal/light_T1_r2.pcapng,R2,240,2403.3587918281555,0.00012669099669437855,0.9976215958595276,0.0013946493854746222,0.0005994577659294009,0.0002576434053480625,Light_T1
/home/lmy/iot-device-classification/dataset/light_T1/round2_normal/light_T1_r2.pcapng,R2,241,2413.7562749385834,2.8789578209398314e-05,0.9939194917678833,0.0048673939891159534,0.001098368433304131,8.599006105214357e-05,Light_T1
/home/lmy/iot-device-classification/dataset/light_T1/round2_normal/light_T1_r2.pcapng,R2,242,2421.3898570537567,0.0003325627476442605,0.9654626846313477,0.03253888711333275,0.0012457214761525393,0.0004200897237751633,Light_T1
/home/lmy/iot-device-classification/dataset/light_T1/round2_normal/light_T1_r2.pcapng,R2,243,2434.557160615921,6.891169323353097e-05,0.9981247782707214,0.0009668589918874204,0.0006346835871227086,0.00020471909374464303,Light_T1
/home/lmy/iot-device-classification/dataset/light_T1/round2_normal/light_T1_r2.pcapng,R2,244,2442.8769257068634,0.0003843336889985949,0.48995107412338257,0.5008974671363831,0.007574026472866535,0.0011930660111829638,Light_T1
/home/lmy/iot-device-classification/dataset/light_T1/round2_normal/light_T1_r2.pcapng,R2,245,2454.716394901276,5.319870251696557e-05,0.9987980127334595,0.0008421601378358901,0.00019877302111126482,0.00010786610801005736,Light_T1
/home/lmy/iot-device-classification/dataset/light_T1/round2_normal/light_T1_r2.pcapng,R2,246,2463.6772513389587,0.00012762002006638795,0.9985107779502869,0.0005728490650653839,0.0005295391310937703,0.0002592007804196328,Light_T1
/home/lmy/iot-device-classification/dataset/light_T1/round2_normal/light_T1_r2.pcapng,R2,247,2471.431020498276,5.367887206375599e-05,0.9897266030311584,0.009149428457021713,0.0009895184775814414,8.078551763901487e-05,Light_T1
/home/lmy/iot-device-classification/dataset/light_T1/round2_normal/light_T1_r2.pcapng,R2,248,2484.477052688598,6.719391967635602e-05,0.22392940521240234,0.000704375037457794,0.7751533389091492,0.00014571374049410224,Light_T1
/home/lmy/iot-device-classification/dataset/light_T1/round2_normal/light_T1_r2.pcapng,R2,249,2492.8000898361206,0.0004789021040778607,0.9932916164398193,0.0035278925206512213,0.0021714598406106234,0.0005301155615597963,Light_T1
/home/lmy/iot-device-classification/dataset/light_T1/round2_normal/light_T1_r2.pcapng,R2,250,2503.1978030204773,3.34927681251429e-05,0.09090382605791092,0.908388078212738,0.0006235565524548292,5.105586024001241e-05,Light_T1
/home/lmy/iot-device-classification/dataset/light_T1/round2_normal/light_T1_r2.pcapng,R2,251,2511.3908157348637,0.0003146151721011847,0.7740892171859741,0.20170556008815765,0.02356577105820179,0.0003248272987548262,Light_T1
/home/lmy/iot-device-classification/dataset/light_T1/round2_normal/light_T1_r2.pcapng,R2,252,2523.9992084503174,0.000177109643118456,0.9313107132911682,0.06623834371566772,0.001787656801752746,0.00048618996515870094,Light_T1
/home/lmy/iot-device-classification/dataset/light_T1/round2_normal/light_T1_r2.pcapng,R2,253,2534.400569677353,3.9175120036816224e-05,0.9561268091201782,0.04268142953515053,0.0010550656588748097,9.750310709932819e-05,Light_T1
/home/lmy/iot-device-classification/dataset/light_T1/round2_normal/light_T1_r2.pcapng,R2,254,2541.099276542664,3.9174545236164704e-05,0.0204234067350626,0.00041311769746243954,0.9790635704994202,6.068415314075537e-05,Light_T1
/home/lmy/iot-device-classification/dataset/light_T1/round2_normal/light_T1_r2.pcapng,R2,255,2553.123117923737,8.91259333002381e-05,0.9860987663269043,0.01308878231793642,0.0004929971182718873,0.0002303528890479356,Light_T1
/home/lmy/iot-device-classification/dataset/light_T1/round2_normal/light_T1_r2.pcapng,R2,256,2561.431973695755,0.0004208573664072901,0.9623963236808777,0.03114224597811699,0.005624386947602034,0.0004162066034041345,Light_T1
/home/lmy/iot-device-classification/dataset/light_T1/round2_normal/light_T1_r2.pcapng,R2,257,2570.700761795044,0.00035268202191218734,0.1585259735584259,0.012374875135719776,0.8281084895133972,0.0006379803526215255,Light_T1
/home/lmy/iot-device-classification/dataset/light_T1/round2_normal/light_T1_r2.pcapng,R2,258,2584.327855825424,0.00011906267172889784,0.9805362224578857,0.017617380246520042,0.0013964985264465213,0.0003308620071038604,Light_T1
/home/lmy/iot-device-classification/dataset/light_T1/round2_normal/light_T1_r2.pcapng,R2,259,2594.72468662262,0.0001134137564804405,0.9947134852409363,0.004053705371916294,0.0010001996997743845,0.00011923135753022507,Light_T1
/home/lmy/iot-device-classification/dataset/light_T1/round2_normal/light_T1_r2.pcapng,R2,260,2601.39187169075,0.0007036447059363127,0.9419116973876953,0.0558684803545475,0.0009012816590256989,0.0006149232503958046,Light_T1
/home/lmy/iot-device-classification/dataset/light_T1/round2_normal/light_T1_r2.pcapng,R2,261,2614.879992246628,0.0005316754686646163,0.9585902690887451,0.0328453853726387,0.0063991425558924675,0.0016335087129846215,Light_T1
/home/lmy/iot-device-classification/dataset/light_T1/round2_normal/light_T1_r2.pcapng,R2,262,2623.8383979797363,0.0023298566229641438,0.9329470992088318,0.02613718993961811,0.03708597645163536,0.0014998792903497815,Light_T1
/home/lmy/iot-device-classification/dataset/light_T1/round2_normal/light_T1_r2.pcapng,R2,263,2631.660370111465,0.0005615543341264129,0.9944803714752197,0.003767798887565732,0.0007697521359659731,0.00042054985533468425,Light_T1
/home/lmy/iot-device-classification/dataset/light_T1/round2_normal/light_T1_r2.pcapng,R2,264,2644.640610218048,0.00028885153005830944,0.9955138564109802,0.003027615835890174,0.0008151722140610218,0.0003545481013134122,Light_T1
/home/lmy/iot-device-classification/dataset/light_T1/round2_normal/light_T1_r2.pcapng,R2,265,2651.432745695114,0.007195289712399244,0.562526524066925,0.16262519359588623,0.2636031210422516,0.004049910698086023,Light_T1
/home/lmy/iot-device-classification/dataset/light_T1/round2_normal/light_T1_r2.pcapng,R2,266,2661.980084657669,0.000929222151171416,0.7018188834190369,0.0015083181206136942,0.2954379618167877,0.0003056748246308416,Light_T1
/home/lmy/iot-device-classification/dataset/light_T1/round2_normal/light_T1_r2.pcapng,R2,267,2674.9391226768494,0.0009430121281184256,0.7681795954704285,0.055270079523324966,0.17393484711647034,0.0016724761808291078,Light_T1
/home/lmy/iot-device-classification/dataset/light_T1/round2_normal/light_T1_r2.pcapng,R2,268,2684.9497067928314,0.00039529477362520993,0.957965612411499,0.038837309926748276,0.002469791565090418,0.0003319263050798327,Light_T1
/home/lmy/iot-device-classification/dataset/light_T1/round2_normal/light_T1_r2.pcapng,R2,269,2691.403678894043,0.0003662831149995327,0.9949323534965515,0.0032176326494663954,0.0008857558132149279,0.0005979980924166739,Light_T1
/home/lmy/iot-device-classification/dataset/light_T1/round2_normal/light_T1_r2.pcapng,R2,270,2704.100862979889,0.0001807602820917964,0.8769920468330383,0.12258286774158478,0.00013690642663277686,0.00010738082346506417,Light_T1
/home/lmy/iot-device-classification/dataset/light_T1/round2_normal/light_T1_r2.pcapng,R2,271,2714.980617284775,0.0006432508816942573,0.9322860240936279,0.06218663603067398,0.004175133071839809,0.0007089160499162972,Light_T1
/home/lmy/iot-device-classification/dataset/light_T1/round2_normal/light_T1_r2.pcapng,R2,272,2722.270353078842,7.902291690697894e-05,0.9987986087799072,0.00095320341642946,0.00010085059329867363,6.82998652337119e-05,Light_T1
/home/lmy/iot-device-classification/dataset/light_T1/round2_normal/light_T1_r2.pcapng,R2,273,2735.110841751098,0.004730747547000647,0.029621165245771408,0.8749309778213501,0.07535718381404877,0.015359916724264622,Light_T1
/home/lmy/iot-device-classification/dataset/light_T1/round2_normal/light_T1_r2.pcapng,R2,274,2741.4325749874115,6.110401591286063e-05,0.9974954128265381,0.0009953661356121302,0.001382534159347415,6.557605229318142e-05,Light_T1
/home/lmy/iot-device-classification/dataset/light_T1/round2_normal/light_T1_r2.pcapng,R2,275,2752.4600672721863,0.00047359164454974234,0.9874693155288696,0.0058845640160143375,0.00551950465887785,0.0006530057289637625,Light_T1
/home/lmy/iot-device-classification/dataset/light_T1/round2_normal/light_T1_r2.pcapng,R2,276,2765.0299174785614,0.0016345677431672812,0.12130700051784515,0.8589602112770081,0.015111269429326057,0.00298698665574193,Light_T1
/home/lmy/iot-device-classification/dataset/light_T1/round2_normal/light_T1_r2.pcapng,R2,277,2775.038736343384,0.00010217392991762608,0.9898543953895569,0.0025074630975723267,0.0073937298730015755,0.00014221068704500794,Light_T1
/home/lmy/iot-device-classification/dataset/light_T1/round2_normal/light_T1_r2.pcapng,R2,278,2781.39088010788,0.003942760638892651,0.638177752494812,0.020215339958667755,0.33569079637527466,0.0019733712542802095,Light_T1
/home/lmy/iot-device-classification/dataset/light_T1/round2_normal/light_T1_r2.pcapng,R2,279,2794.7808129787445,0.00016688063624314964,0.32112473249435425,0.6665114760398865,0.01187653187662363,0.0003204161475878209,Light_T1
/home/lmy/iot-device-classification/dataset/light_T1/round2_normal/light_T1_r2.pcapng,R2,280,2804.7978644371037,5.246109503787011e-05,0.012635482475161552,0.9865147471427917,0.0006719555822201073,0.00012539344606921077,Light_T1
/home/lmy/iot-device-classification/dataset/light_T1/round2_normal/light_T1_r2.pcapng,R2,281,2815.0806539058685,0.0006044232868589461,0.4462825655937195,0.5126250982284546,0.03996453434228897,0.0005234248237684369,Light_T1
/home/lmy/iot-device-classification/dataset/light_T1/round2_normal/light_T1_r2.pcapng,R2,282,2823.6698985099792,0.002170936670154333,0.2667861580848694,0.5995097756385803,0.12823398411273956,0.0032991324551403522,Light_T1
/home/lmy/iot-device-classification/dataset/light_T1/round2_normal/light_T1_r2.pcapng,R2,283,2831.430093050003,0.00045050447806715965,0.01838046871125698,0.8940613269805908,0.08658532053232193,0.0005224114865995944,Light_T1
/home/lmy/iot-device-classification/dataset/light_T1/round2_normal/light_T1_r2.pcapng,R2,284,2845.110908508301,0.0016565960831940174,0.8908581137657166,0.10349389910697937,0.0023167117033153772,0.001674648025073111,Light_T1
/home/lmy/iot-device-classification/dataset/light_T1/round2_normal/light_T1_r2.pcapng,R2,285,2855.1197912693024,0.0003899307339452207,0.996269702911377,0.0009709596633911133,0.002130955457687378,0.00023843557573854923,Light_T1
/home/lmy/iot-device-classification/dataset/light_T1/round2_normal/light_T1_r2.pcapng,R2,286,2865.119833469391,0.00041344811324961483,0.92281174659729,0.0653066337108612,0.010949989780783653,0.0005181861342862248,Light_T1
/home/lmy/iot-device-classification/dataset/light_T1/round2_normal/light_T1_r2.pcapng,R2,287,2871.391262292862,0.0013722219737246633,0.6969423294067383,0.292059063911438,0.009089693427085876,0.0005366927944123745,Light_T1
/home/lmy/iot-device-classification/dataset/light_T1/round2_normal/light_T1_r2.pcapng,R2,288,2881.4295148849487,0.0008130508940666914,0.0036614725831896067,0.7622185945510864,0.23123282194137573,0.0020740923937410116,Light_T1
/home/lmy/iot-device-classification/dataset/light_T1/round2_normal/light_T1_r2.pcapng,R2,289,2895.159012079239,6.252726598177105e-05,0.009604984894394875,0.9452282786369324,0.04492425173521042,0.00017996701353695244,Light_T1
/home/lmy/iot-device-classification/dataset/light_T1/round2_normal/light_T1_r2.pcapng,R2,290,2905.1716907024384,3.8132857298478484e-05,0.9948295950889587,0.004863467067480087,0.0001469984999857843,0.00012176171003375202,Light_T1
/home/lmy/iot-device-classification/dataset/light_T1/round2_normal/light_T1_r2.pcapng,R2,291,2916.3900578022003,0.011189819313585758,0.7876416444778442,0.19202053546905518,0.0036710428539663553,0.005476962774991989,Light_T1
/home/lmy/iot-device-classification/dataset/light_T1/round2_normal/light_T1_r2.pcapng,R2,292,2921.43217420578,0.0006062727770768106,0.2307659089565277,0.7430611848831177,0.02449539117515087,0.001071204082109034,Light_T1
/home/lmy/iot-device-classification/dataset/light_T1/round2_normal/light_T1_r2.pcapng,R2,293,2935.2010502815247,3.187860420439392e-05,0.9986345171928406,0.0011439298978075385,9.402314753970131e-05,9.558762394590303e-05,Light_T1
/home/lmy/iot-device-classification/dataset/light_T1/round2_normal/light_T1_r2.pcapng,R2,294,2945.2095181941986,4.770053055835888e-05,0.9985982775688171,0.0008446674910373986,0.0003787445311900228,0.0001305830228375271,Light_T1
/home/lmy/iot-device-classification/dataset/light_T1/round2_normal/light_T1_r2.pcapng,R2,295,2955.219544649124,0.0001115467821364291,0.22327838838100433,0.011629500426352024,0.7647906541824341,0.00018991781689692289,Light_T1
/home/lmy/iot-device-classification/dataset/light_T1/round2_normal/light_T1_r2.pcapng,R2,296,2961.389438152313,0.00030924254679121077,0.8375216722488403,0.004395870491862297,0.1570652276277542,0.000707930710632354,Light_T1
/home/lmy/iot-device-classification/dataset/light_T1/round2_normal/light_T1_r2.pcapng,R2,297,2973.8984882831573,0.00033575744600966573,0.9104657173156738,0.08717207610607147,0.0011580897262319922,0.0008683528867550194,Light_T1
/home/lmy/iot-device-classification/dataset/light_T1/round2_normal/light_T1_r2.pcapng,R2,298,2985.2492434978485,0.001003368990495801,0.4459990859031677,0.1008472666144371,0.45072126388549805,0.001429007388651371,Light_T1
/home/lmy/iot-device-classification/dataset/light_T1/round2_normal/light_T1_r2.pcapng,R2,299,2995.2594060897827,5.7378118071937934e-05,0.9977124929428101,0.0017462994437664747,0.000284713925793767,0.00019914675795007497,Light_T1
/home/lmy/iot-device-classification/dataset/light_T1/round2_normal/light_T1_r2.pcapng,R2,300,3005.273759365082,0.0007801463943906128,0.4594164490699768,0.011402534320950508,0.52740478515625,0.000996125745587051,Light_T1
/home/lmy/iot-device-classification/dataset/light_T1/round2_normal/light_T1_r2.pcapng,R2,301,3011.432945728302,0.00021936121629551053,0.01079967524856329,0.001443150918930769,0.9873139262199402,0.00022395752603188157,Light_T1
/home/lmy/iot-device-classification/dataset/light_T1/round2_normal/light_T1_r2.pcapng,R2,302,3024.141117811203,0.00024373260384891182,0.9909991025924683,0.007772311568260193,0.0008264087955467403,0.00015852664364501834,Light_T1
/home/lmy/iot-device-classification/dataset/light_T1/round2_normal/light_T1_r2.pcapng,R2,303,3030.1612243652344,0.0007383906049653888,0.9953464865684509,0.001471911440603435,0.002147848717868328,0.00029539919341914356,Light_T1
/home/lmy/iot-device-classification/dataset/light_T1/round2_normal/light_T1_r2.pcapng,R2,304,3040.0367937088013,8.674371201777831e-05,0.014572218991816044,0.009553158655762672,0.9756263494491577,0.0001615914370631799,Light_T1
/home/lmy/iot-device-classification/dataset/light_T1/round2_normal/light_T1_r2.pcapng,R2,305,3050.037605524063,0.00046943273628130555,0.9744686484336853,0.023057829588651657,0.0011367204133421183,0.0008673846023157239,Light_T1
/home/lmy/iot-device-classification/dataset/light_T1/round2_normal/light_T1_r2.pcapng,R2,306,3060.0393080711365,0.0005182000459171832,0.9885373115539551,0.007548406720161438,0.0028733115177601576,0.0005227167857810855,Light_T1
/home/lmy/iot-device-classification/dataset/light_T1/round2_normal/light_T1_r2.pcapng,R2,307,3070.084319114685,5.343319207895547e-05,0.009761259891092777,0.0012238207273185253,0.9887999296188354,0.00016155089542735368,Light_T1
/home/lmy/iot-device-classification/dataset/light_T1/round2_normal/light_T1_r2.pcapng,R2,308,3080.08390212059,0.00010518369526835158,0.9967619180679321,0.002944898558780551,0.00010997409845003858,7.802095205988735e-05,Light_T1
/home/lmy/iot-device-classification/dataset/light_T1/round2_normal/light_T1_r2.pcapng,R2,309,3090.284759044647,0.0009533637203276157,0.06924629956483841,0.2827048599720001,0.6456730961799622,0.0014223880134522915,Light_T1
/home/lmy/iot-device-classification/dataset/light_T1/round2_normal/light_T1_r2.pcapng,R2,310,3100.2848887443542,0.0003861776494886726,0.4365851879119873,0.027118442580103874,0.5353404879570007,0.0005697128362953663,Light_T1
/home/lmy/iot-device-classification/dataset/light_T1/round2_normal/light_T1_r2.pcapng,R2,311,3110.1166863441467,0.0005217849975451827,0.6970296502113342,0.2993728518486023,0.002775839762762189,0.0002999203570652753,Light_T1
/home/lmy/iot-device-classification/dataset/light_T1/round2_normal/light_T1_r2.pcapng,R2,312,3120.375426530838,0.0022669965401291847,0.49076128005981445,0.4321224093437195,0.07049188762903214,0.004357434343546629,Light_T1
/home/lmy/iot-device-classification/dataset/light_T1/round2_normal/light_T1_r2.pcapng,R2,313,3130.0702378749847,0.0016163784312084317,0.3106955587863922,0.42545875906944275,0.26002341508865356,0.0022058894392102957,Light_T1
/home/lmy/iot-device-classification/dataset/light_T1/round2_normal/light_T1_r2.pcapng,R2,314,3140.5764198303223,0.006660268176347017,0.014781905338168144,0.03353504464030266,0.939269483089447,0.005753283388912678,Light_T1
/home/lmy/iot-device-classification/dataset/light_T1/round2_normal/light_T1_r2.pcapng,R2,315,3150.018163442612,0.00032328040106222034,0.5838648676872253,0.4113159775733948,0.003958087880164385,0.0005378462956286967,Light_T1
/home/lmy/iot-device-classification/dataset/light_T1/round2_normal/light_T1_r2.pcapng,R2,316,3161.1643917560577,0.00022951251594349742,0.9145944118499756,0.06299581378698349,0.021793846040964127,0.00038638728437945247,Light_T1
/home/lmy/iot-device-classification/dataset/light_T1/round2_normal/light_T1_r2.pcapng,R2,317,3170.277452468872,1.3425627003016416e-05,0.02351587638258934,0.00023668550420552492,0.9761937856674194,4.026346141472459e-05,Light_T1
/home/lmy/iot-device-classification/dataset/light_T1/round2_normal/light_T1_r2.pcapng,R2,318,3180.1664321422577,0.000155748421093449,0.9903929829597473,0.006498024333268404,0.0024617130402475595,0.0004914533928968012,Light_T1
/home/lmy/iot-device-classification/dataset/light_T1/round2_normal/light_T1_r2.pcapng,R2,319,3190.268508434296,0.006266207434237003,0.5650758743286133,0.3706629276275635,0.054714448750019073,0.003280566306784749,Light_T1
/home/lmy/iot-device-classification/dataset/light_T1/round2_normal/light_T1_r2.pcapng,R2,320,3200.296185731888,0.0014878351939842105,0.9508457183837891,0.010903027839958668,0.034918412566185,0.0018449726048856974,Light_T1
/home/lmy/iot-device-classification/dataset/light_T1/round2_normal/light_T1_r2.pcapng,R2,321,3210.367684364319,0.0002072309871437028,0.7899166345596313,0.20704251527786255,0.002167531754821539,0.0006660835351794958,Light_T1
/home/lmy/iot-device-classification/dataset/light_T1/round2_normal/light_T1_r2.pcapng,R2,322,3220.448003768921,8.47800838528201e-05,0.9712256193161011,0.021974576637148857,0.006467015016824007,0.0002479347458574921,Light_T1
/home/lmy/iot-device-classification/dataset/light_T1/round2_normal/light_T1_r2.pcapng,R2,323,3230.517600297928,0.00036477003595791757,0.8628575801849365,0.13491934537887573,0.0010667744791135192,0.0007916050963103771,Light_T1
/home/lmy/iot-device-classification/dataset/light_T1/round2_normal/light_T1_r2.pcapng,R2,324,3240.5893592834477,0.00018536916468292475,0.8862757682800293,0.0013114485191181302,0.11203601211309433,0.00019139757205266505,Light_T1
/home/lmy/iot-device-classification/dataset/light_T1/round2_normal/light_T1_r2.pcapng,R2,325,3250.6495146751404,0.00320206000469625,0.79302978515625,0.025087740272283554,0.17498593032360077,0.0036944819148629904,Light_T1
/home/lmy/iot-device-classification/dataset/light_T1/round2_normal/light_T1_r2.pcapng,R2,326,3260.698927879333,0.0009325147257186472,0.9242904782295227,0.06802504509687424,0.004116862080991268,0.0026351269334554672,Light_T1
/home/lmy/iot-device-classification/dataset/light_T1/round2_normal/light_T1_r2.pcapng,R2,327,3270.778807401657,0.00015543685003649443,0.5056856870651245,0.4916938245296478,0.0020746844820678234,0.00039041246054694057,Light_T1
/home/lmy/iot-device-classification/dataset/light_T1/round2_normal/light_T1_r2.pcapng,R2,328,3280.8198590278625,0.0001623631251277402,0.4165918231010437,0.004661803133785725,0.5783547163009644,0.00022932032879907638,Light_T1
/home/lmy/iot-device-classification/dataset/light_T1/round2_normal/light_T1_r2.pcapng,R2,329,3290.889787197113,0.015423810109496117,0.22669783234596252,0.4594181180000305,0.2553791403770447,0.04308108985424042,Light_T1
/home/lmy/iot-device-classification/dataset/light_T1/round2_normal/light_T1_r2.pcapng,R2,330,3300.9715161323547,0.00016175319615285844,0.9976262450218201,0.0017256488790735602,0.0002741702483035624,0.0002122129953932017,Light_T1
/home/lmy/iot-device-classification/dataset/light_T1/round2_normal/light_T1_r2.pcapng,R2,331,3311.0109119415283,0.0004271284269634634,0.5246850252151489,0.38835543394088745,0.08563198149204254,0.0009004127932712436,Light_T1
/home/lmy/iot-device-classification/dataset/light_T1/round2_normal/light_T1_r2.pcapng,R2,332,3321.09056019783,0.003911085892468691,0.8776941299438477,0.09312424063682556,0.01573142409324646,0.00953915249556303,Light_T1
/home/lmy/iot-device-classification/dataset/light_T1/round2_normal/light_T1_r2.pcapng,R2,333,3331.181523799896,0.0005114187952131033,0.940798819065094,0.057593684643507004,0.0006036206614226103,0.0004925001412630081,Light_T1
/home/lmy/iot-device-classification/dataset/light_T1/round2_normal/light_T1_r2.pcapng,R2,334,3341.261286497116,0.0005048263701610267,0.8736050128936768,0.031431231647729874,0.0938481017947197,0.0006108102388679981,Light_T1
/home/lmy/iot-device-classification/dataset/light_T1/round2_normal/light_T1_r2.pcapng,R2,335,3351.331820964813,0.004025750327855349,0.8842569589614868,0.10497516393661499,0.0047787888906896114,0.001963327405974269,Light_T1
/home/lmy/iot-device-classification/dataset/light_T1/round2_normal/light_T1_r2.pcapng,R2,336,3361.37179851532,0.00022350704239215702,0.9848421812057495,0.011068321764469147,0.003167734481394291,0.0006982177728787065,Light_T1
/home/lmy/iot-device-classification/dataset/light_T1/round2_normal/light_T1_r2.pcapng,R2,337,3371.4224231243134,0.0015423636650666595,0.24470284581184387,0.5775078535079956,0.17328350245952606,0.0029634328093379736,Light_T1
/home/lmy/iot-device-classification/dataset/light_T1/round2_normal/light_T1_r2.pcapng,R2,338,3381.5020809173584,0.0002312774013262242,0.997470498085022,0.001508351182565093,0.0005925344303250313,0.00019740554853342474,Light_T1
/home/lmy/iot-device-classification/dataset/light_T1/round2_normal/light_T1_r2.pcapng,R2,339,3391.582926750183,0.000320710358209908,0.395297646522522,0.6030293703079224,0.0010434600990265608,0.0003088485973421484,Light_T1
/home/lmy/iot-device-classification/dataset/light_T1/round2_normal/light_T1_r2.pcapng,R2,340,3401.6128594875336,0.0005731956916861236,0.5476698875427246,0.18081185221672058,0.2700488567352295,0.0008961959392763674,Light_T1
/home/lmy/iot-device-classification/dataset/light_T1/round2_normal/light_T1_r2.pcapng,R2,341,3411.4058542251587,0.00027334224432706833,0.7729726433753967,0.22083799540996552,0.005581824574619532,0.00033421165426261723,Light_T1
/home/lmy/iot-device-classification/dataset/light_T1/round2_normal/light_T1_r2.pcapng,R2,342,3421.743453502655,0.0008705361979082227,0.7880631685256958,0.025028787553310394,0.18398123979568481,0.00205620308406651,Light_T1
/home/lmy/iot-device-classification/dataset/light_T1/round2_normal/light_T1_r2.pcapng,R2,343,3431.8256409168243,0.0002468160237185657,0.9645566344261169,0.030462419614195824,0.004120723344385624,0.0006134600262157619,Light_T1
/home/lmy/iot-device-classification/dataset/light_T1/round2_normal/light_T1_r2.pcapng,R2,344,3441.9042341709137,0.0007435684092342854,0.9943438768386841,0.002631406532600522,0.0019674445502460003,0.00031370355281978846,Light_T1
/home/lmy/iot-device-classification/dataset/light_T1/round2_normal/light_T1_r2.pcapng,R2,345,3451.9439985752106,0.0028963014483451843,0.491068035364151,0.4768866002559662,0.025823267176747322,0.0033257631585001945,Light_T1
/home/lmy/iot-device-classification/dataset/light_T1/round2_normal/light_T1_r2.pcapng,R2,346,3461.4524614810944,0.0004045812238473445,0.0016015894943848252,0.009987026453018188,0.9876888990402222,0.00031786866020411253,Light_T1
/home/lmy/iot-device-classification/dataset/light_T1/round2_normal/light_T1_r2.pcapng,R2,347,3472.094345808029,0.0004879807820543647,0.9630260467529297,0.03593164309859276,0.00023185530153568834,0.00032246517366729677,Light_T1
/home/lmy/iot-device-classification/dataset/light_T1/round2_normal/light_T1_r2.pcapng,R2,348,3482.176838874817,0.0003360242990311235,0.6932845711708069,0.028428100049495697,0.2773137390613556,0.0006375550292432308,Light_T1
/home/lmy/iot-device-classification/dataset/light_T1/round2_normal/light_T1_r2.pcapng,R2,349,3491.620827198029,0.001475148368626833,0.3246770203113556,0.6329407691955566,0.03933154046535492,0.0015754810301586986,Light_T1
/home/lmy/iot-device-classification/dataset/light_T1/round2_normal/light_T1_r2.pcapng,R2,350,3501.4078040122986,0.0003896905400324613,0.9830611348152161,0.014614330604672432,0.001072581042535603,0.0008622681489214301,Light_T1
/home/lmy/iot-device-classification/dataset/light_T1/round2_normal/light_T1_r2.pcapng,R2,351,3512.3356478214264,0.00020692430553026497,0.9972311854362488,0.001744614914059639,0.0006895608967170119,0.00012767630687449127,Light_T1
/home/lmy/iot-device-classification/dataset/light_T1/round2_normal/light_T1_r2.pcapng,R2,352,3522.4555196762085,0.00028871683753095567,0.5800963640213013,0.13540019094944,0.28376272320747375,0.0004520035581663251,Light_T1
/home/lmy/iot-device-classification/dataset/light_T1/round2_normal/light_T1_r2.pcapng,R2,353,3530.006614923477,0.00016690966731403023,0.9307428002357483,0.015582681633532047,0.05316673591732979,0.000340854050591588,Light_T1
/home/lmy/iot-device-classification/dataset/light_T1/round2_normal/light_T1_r2.pcapng,R2,354,3542.5357501506805,0.00434851972386241,0.8979328274726868,0.07694876939058304,0.01689152605831623,0.003878337098285556,Light_T1
/home/lmy/iot-device-classification/dataset/light_T1/round2_normal/light_T1_r2.pcapng,R2,355,3551.4477813243866,0.0002630266535561532,0.10575862228870392,0.8858346343040466,0.007765753194689751,0.0003779661492444575,Light_T1
/home/lmy/iot-device-classification/dataset/light_T1/round2_normal/light_T1_r2.pcapng,R2,356,3560.040723800659,0.00023378647165372968,0.30136188864707947,0.06901175528764725,0.6288999915122986,0.0004926009569317102,Light_T1
/home/lmy/iot-device-classification/dataset/light_T1/round2_normal/light_T1_r2.pcapng,R2,357,3572.3382782936096,0.000809052842669189,0.8932940363883972,0.10395030677318573,0.001247092499397695,0.00069953448837623,Light_T1
/home/lmy/iot-device-classification/dataset/light_T1/round2_normal/light_T1_r2.pcapng,R2,358,3582.816834926605,5.751705975853838e-05,0.9677782654762268,0.01734914816915989,0.014687938615679741,0.0001271340443054214,Light_T1
/home/lmy/iot-device-classification/dataset/light_T1/round2_normal/light_T1_r2.pcapng,R2,359,3590.055619239807,0.0001108536307583563,0.8648279309272766,0.12282911688089371,0.011980364099144936,0.00025169976288452744,Light_T1
/home/lmy/iot-device-classification/dataset/light_T1/round2_normal/light_T1_r2.pcapng,R2,360,3602.983729839325,0.00017423045937903225,0.9912850260734558,0.0013150539016351104,0.006904706824570894,0.0003209411515854299,Light_T1
/home/lmy/iot-device-classification/dataset/light_T1/round2_normal/light_T1_r2.pcapng,R2,361,3613.027407884598,0.00029072287725284696,0.015413436107337475,0.030540935695171356,0.9534005522727966,0.00035438869963400066,Light_T1
/home/lmy/iot-device-classification/dataset/light_T1/round2_normal/light_T1_r2.pcapng,R2,362,3620.0675797462463,0.02212485298514366,0.028477832674980164,0.001304762321524322,0.9474626779556274,0.0006298812804743648,Light_T1
/home/lmy/iot-device-classification/dataset/light_xm/round2_normal/light_xm_r2.pcapng,R2,0,0.0,0.0001754823315422982,0.767699658870697,0.2316175401210785,0.00030311490991152823,0.00020422243687789887,Light_XM
/home/lmy/iot-device-classification/dataset/light_xm/round2_normal/light_xm_r2.pcapng,R2,1,11.603658437728882,0.00013105203106533736,0.8947598338127136,0.10359891504049301,0.0012816456146538258,0.00022855900169815868,Light_XM
/home/lmy/iot-device-classification/dataset/light_xm/round2_normal/light_xm_r2.pcapng,R2,2,23.14648962020874,0.0003099885070696473,0.2513403296470642,0.7460144758224487,0.0020073296036571264,0.0003278496442362666,Light_XM
/home/lmy/iot-device-classification/dataset/light_xm/round2_normal/light_xm_r2.pcapng,R2,3,32.234774351119995,1.7921247490448877e-05,0.00011706790974130854,0.9997033476829529,0.0001221111015183851,3.9542632293887436e-05,Light_XM
/home/lmy/iot-device-classification/dataset/light_xm/round2_normal/light_xm_r2.pcapng,R2,4,41.66246724128723,0.00014621454465668648,0.35098424553871155,0.6433014869689941,0.005328768864274025,0.00023933479678817093,Light_XM
/home/lmy/iot-device-classification/dataset/light_xm/round2_normal/light_xm_r2.pcapng,R2,5,53.38636016845703,1.1912012269021943e-05,0.1056828498840332,0.8941349983215332,0.00012689483992289752,4.335422272561118e-05,Light_XM
/home/lmy/iot-device-classification/dataset/light_xm/round2_normal/light_xm_r2.pcapng,R2,6,63.3742253780365,4.897110193269327e-05,0.07722441107034683,0.9226164817810059,5.8324298152001575e-05,5.185061672818847e-05,Light_XM
/home/lmy/iot-device-classification/dataset/light_xm/round2_normal/light_xm_r2.pcapng,R2,7,71.6906168460846,0.0006363381980918348,0.12129182368516922,0.8594930171966553,0.01764482632279396,0.0009339847601950169,Light_XM
/home/lmy/iot-device-classification/dataset/light_xm/round2_normal/light_xm_r2.pcapng,R2,8,83.49330306053162,0.0006444650352932513,0.48204144835472107,0.5084863305091858,0.007991312071681023,0.0008364184177480638,Light_XM
/home/lmy/iot-device-classification/dataset/light_xm/round2_normal/light_xm_r2.pcapng,R2,9,92.9167890548706,9.004964522318915e-05,0.4384872019290924,0.5604202747344971,0.0007923548691906035,0.0002101592835970223,Light_XM
/home/lmy/iot-device-classification/dataset/light_xm/round2_normal/light_xm_r2.pcapng,R2,10,100.51754593849182,4.757892384077422e-05,0.04824557527899742,0.9512524008750916,0.0003823409497272223,7.2102302510757e-05,Light_XM
/home/lmy/iot-device-classification/dataset/light_xm/round2_normal/light_xm_r2.pcapng,R2,11,113.67904281616212,3.934845153708011e-05,0.03340078145265579,0.9660496115684509,0.00042742781806737185,8.2799480878748e-05,Light_XM
/home/lmy/iot-device-classification/dataset/light_xm/round2_normal/light_xm_r2.pcapng,R2,12,123.7737114429474,0.00023789494298398495,0.48952579498291016,0.5076164603233337,0.002184092067182064,0.00043575451127253473,Light_XM
/home/lmy/iot-device-classification/dataset/light_xm/round2_normal/light_xm_r2.pcapng,R2,13,131.7607307434082,0.00014355350867845118,0.8436340689659119,0.15081699192523956,0.005204214248806238,0.0002012014592764899,Light_XM
/home/lmy/iot-device-classification/dataset/light_xm/round2_normal/light_xm_r2.pcapng,R2,14,143.87319159507751,0.0005560474237427115,0.7908754348754883,0.20788726210594177,0.0005020673270337284,0.00017916107026394457,Light_XM
/home/lmy/iot-device-classification/dataset/light_xm/round2_normal/light_xm_r2.pcapng,R2,15,153.2479808330536,0.00030390784377232194,0.4107624292373657,0.5815126895904541,0.007065365090966225,0.0003556168230716139,Light_XM
/home/lmy/iot-device-classification/dataset/light_xm/round2_normal/light_xm_r2.pcapng,R2,16,161.7976336479187,4.794551932718605e-05,0.9976794123649597,0.0005948070902377367,0.0015738672809675336,0.00010395654680905864,Light_XM
/home/lmy/iot-device-classification/dataset/light_xm/round2_normal/light_xm_r2.pcapng,R2,17,174.0368950366974,0.00017196712724398822,0.6395227909088135,0.3510396480560303,0.008922358974814415,0.00034318279358558357,Light_XM
/home/lmy/iot-device-classification/dataset/light_xm/round2_normal/light_xm_r2.pcapng,R2,18,184.07671642303467,1.8265949620399624e-05,0.03867610916495323,0.9612119197845459,7.045015081530437e-05,2.3209584469441324e-05,Light_XM
/home/lmy/iot-device-classification/dataset/light_xm/round2_normal/light_xm_r2.pcapng,R2,19,191.8262059688568,9.081810276256874e-05,0.8863651156425476,0.11268405616283417,0.0007428318494930863,0.00011715471191564575,Light_XM
/home/lmy/iot-device-classification/dataset/light_xm/round2_normal/light_xm_r2.pcapng,R2,20,204.23128151893616,2.3457771021639928e-05,0.021924683824181557,0.977963924407959,6.448000203818083e-05,2.3433734895661473e-05,Light_XM
/home/lmy/iot-device-classification/dataset/light_xm/round2_normal/light_xm_r2.pcapng,R2,21,212.03473091125488,0.00026370646082796156,0.20525182783603668,0.7933648824691772,0.0009308974258601665,0.00018865958554670215,Light_XM
/home/lmy/iot-device-classification/dataset/light_xm/round2_normal/light_xm_r2.pcapng,R2,22,221.8657670021057,0.00012133107520639896,0.4743277132511139,0.5242742896080017,0.0010852880077436566,0.00019139479263685644,Light_XM
/home/lmy/iot-device-classification/dataset/light_xm/round2_normal/light_xm_r2.pcapng,R2,23,234.37344026565552,3.6344419640954584e-05,0.39030566811561584,0.6071084141731262,0.0024346087593585253,0.0001149136369349435,Light_XM
/home/lmy/iot-device-classification/dataset/light_xm/round2_normal/light_xm_r2.pcapng,R2,24,242.6943678855896,0.00033175715361721814,0.810410737991333,0.18184366822242737,0.0066315908916294575,0.0007822572370059788,Light_XM
/home/lmy/iot-device-classification/dataset/light_xm/round2_normal/light_xm_r2.pcapng,R2,25,251.90243196487427,5.1406004786258563e-05,0.9124311208724976,0.08623496443033218,0.001182375242933631,0.00010008009849116206,Light_XM
/home/lmy/iot-device-classification/dataset/light_xm/round2_normal/light_xm_r2.pcapng,R2,26,264.2095994949341,3.9558206481160596e-05,0.006659792736172676,0.9932118654251099,6.329068128252402e-05,2.5463139536441304e-05,Light_XM
/home/lmy/iot-device-classification/dataset/light_xm/round2_normal/light_xm_r2.pcapng,R2,27,272.5356311798096,8.179969154298306e-05,0.8479905128479004,0.14957182109355927,0.002088339300826192,0.00026755023282021284,Light_XM
/home/lmy/iot-device-classification/dataset/light_xm/round2_normal/light_xm_r2.pcapng,R2,28,281.93178820610046,0.00027719541685655713,0.805545449256897,0.1756102293729782,0.01799280382692814,0.0005743560031987727,Light_XM
/home/lmy/iot-device-classification/dataset/light_xm/round2_normal/light_xm_r2.pcapng,R2,29,293.8183398246765,0.00040204188553616405,0.24189670383930206,0.7573757767677307,0.0002293644502060488,9.609261178411543e-05,Light_XM
/home/lmy/iot-device-classification/dataset/light_xm/round2_normal/light_xm_r2.pcapng,R2,30,304.15025305747986,0.005059450399130583,0.7433336973190308,0.24881970882415771,0.00236687483265996,0.00042022831621579826,Light_XM
/home/lmy/iot-device-classification/dataset/light_xm/round2_normal/light_xm_r2.pcapng,R2,31,310.2698678970337,0.000272418896201998,0.9186580181121826,0.07895830273628235,0.0018093433463945985,0.00030194310238584876,Light_XM
/home/lmy/iot-device-classification/dataset/light_xm/round2_normal/light_xm_r2.pcapng,R2,32,323.0055410861969,2.7772790417657234e-05,0.025897694751620293,0.9739730954170227,7.743625610601157e-05,2.4021552235353738e-05,Light_XM
/home/lmy/iot-device-classification/dataset/light_xm/round2_normal/light_xm_r2.pcapng,R2,33,333.5216815471649,0.0002444299461785704,0.7888615131378174,0.20222921669483185,0.008300607092678547,0.00036429823376238346,Light_XM
/home/lmy/iot-device-classification/dataset/light_xm/round2_normal/light_xm_r2.pcapng,R2,34,342.0093212127685,4.282848021830432e-05,0.3862958550453186,0.6125718355178833,0.0009828648762777448,0.000106606945337262,Light_XM
/home/lmy/iot-device-classification/dataset/light_xm/round2_normal/light_xm_r2.pcapng,R2,35,354.2194304466248,5.216301724431105e-05,0.028345368802547455,0.9711046814918518,0.0004126786661799997,8.514660294167697e-05,Light_XM
/home/lmy/iot-device-classification/dataset/light_xm/round2_normal/light_xm_r2.pcapng,R2,36,360.289489030838,1.9439661627984606e-05,0.04100513830780983,0.9585416316986084,0.0003713862970471382,6.237646448425949e-05,Light_XM
/home/lmy/iot-device-classification/dataset/light_xm/round2_normal/light_xm_r2.pcapng,R2,37,372.0240700244904,0.004365032538771629,0.9265925288200378,0.02557532861828804,0.04193401709198952,0.0015331374015659094,Light_XM
/home/lmy/iot-device-classification/dataset/light_xm/round2_normal/light_xm_r2.pcapng,R2,38,380.9569046497345,0.00019883652566932142,0.11562103033065796,0.8831029534339905,0.0008314168662764132,0.00024583141203038394,Light_XM
/home/lmy/iot-device-classification/dataset/light_xm/round2_normal/light_xm_r2.pcapng,R2,39,394.1720576286316,0.0009842856088653207,0.899325966835022,0.06160656362771988,0.03706315904855728,0.001019974472001195,Light_XM
/home/lmy/iot-device-classification/dataset/light_xm/round2_normal/light_xm_r2.pcapng,R2,40,400.53301072120667,0.00019993356545455754,0.5105594992637634,0.486799031496048,0.002167203463613987,0.00027435916126705706,Light_XM
/home/lmy/iot-device-classification/dataset/light_xm/round2_normal/light_xm_r2.pcapng,R2,41,415.3385963439941,6.87990041114972e-06,0.03263743594288826,0.9672712683677673,6.1831007769797e-05,2.2528354747919366e-05,Light_XM
/home/lmy/iot-device-classification/dataset/light_xm/round2_normal/light_xm_r2.pcapng,R2,42,423.64972043037415,2.122203841281589e-05,0.24031057953834534,0.7592487335205078,0.00035406736424192786,6.538232264574617e-05,Light_XM
/home/lmy/iot-device-classification/dataset/light_xm/round2_normal/light_xm_r2.pcapng,R2,43,432.1755132675171,4.361143510323018e-05,0.9443124532699585,0.05243702605366707,0.0030858530662953854,0.00012106860958738253,Light_XM
/home/lmy/iot-device-classification/dataset/light_xm/round2_normal/light_xm_r2.pcapng,R2,44,440.7406449317932,0.0005268327076919377,0.2919444739818573,0.7063035368919373,0.0009636873146519065,0.00026146080926992,Light_XM
/home/lmy/iot-device-classification/dataset/light_xm/round2_normal/light_xm_r2.pcapng,R2,45,455.01666951179504,5.489455816132249e-06,0.007648036349564791,0.9921147227287292,0.00021842941350769252,1.3260744708532002e-05,Light_XM
/home/lmy/iot-device-classification/dataset/light_xm/round2_normal/light_xm_r2.pcapng,R2,46,462.0816683769226,1.1981652278336696e-05,0.9914538860321045,0.00844564102590084,6.316263898042962e-05,2.536128886276856e-05,Light_XM
/home/lmy/iot-device-classification/dataset/light_xm/round2_normal/light_xm_r2.pcapng,R2,47,473.5387644767761,0.00014538651157636195,0.9496820569038391,0.04894554987549782,0.0008940655970945954,0.00033290983992628753,Light_XM
/home/lmy/iot-device-classification/dataset/light_xm/round2_normal/light_xm_r2.pcapng,R2,48,481.04029965400696,6.348916940623894e-05,0.6086717844009399,0.390869140625,0.0003138736356049776,8.174895629053935e-05,Light_XM
/home/lmy/iot-device-classification/dataset/light_xm/round2_normal/light_xm_r2.pcapng,R2,49,492.0880286693573,2.2360974980983883e-05,0.9806821346282959,0.01890413463115692,0.0003443123714532703,4.708744017989375e-05,Light_XM
/home/lmy/iot-device-classification/dataset/light_xm/round2_normal/light_xm_r2.pcapng,R2,50,506.12729239463806,7.084266144374851e-06,0.0636206567287445,0.9363141655921936,3.050043414987158e-05,2.7626230803434737e-05,Light_XM
/home/lmy/iot-device-classification/dataset/light_xm/round2_normal/light_xm_r2.pcapng,R2,51,514.1094024181366,0.00014727722737006843,0.9633656144142151,0.034748077392578125,0.0014013678301125765,0.0003376901731826365,Light_XM
/home/lmy/iot-device-classification/dataset/light_xm/round2_normal/light_xm_r2.pcapng,R2,52,521.1890659332275,0.000323129614116624,0.0014376931358128786,0.9360790848731995,0.0613897368311882,0.0007703537703491747,Light_XM
/home/lmy/iot-device-classification/dataset/light_xm/round2_normal/light_xm_r2.pcapng,R2,53,534.1559271812439,0.00023561900889035314,0.828982412815094,0.1701059490442276,0.0005645870696753263,0.00011146679753437638,Light_XM
/home/lmy/iot-device-classification/dataset/light_xm/round2_normal/light_xm_r2.pcapng,R2,54,546.3195931911469,1.3741552720603067e-05,0.001236550509929657,0.9985887408256531,0.0001300106814596802,3.087500226683915e-05,Light_XM
/home/lmy/iot-device-classification/dataset/light_xm/round2_normal/light_xm_r2.pcapng,R2,55,552.1379358768463,0.00046106631634756923,0.8589945435523987,0.12886135280132294,0.011187661439180374,0.0004954247851856053,Light_XM
/home/lmy/iot-device-classification/dataset/light_xm/round2_normal/light_xm_r2.pcapng,R2,56,561.5020067691803,6.767618469893932e-05,0.5785295963287354,0.42124050855636597,0.00011574304517125711,4.648996764444746e-05,Light_XM
/home/lmy/iot-device-classification/dataset/light_xm/round2_normal/light_xm_r2.pcapng,R2,57,572.533664226532,5.733581929234788e-05,0.12026353925466537,0.8795052766799927,0.00011855482443934307,5.527368193725124e-05,Light_XM
/home/lmy/iot-device-classification/dataset/light_xm/round2_normal/light_xm_r2.pcapng,R2,58,582.1646823883057,2.626675268402323e-05,0.9928410053253174,0.006340117193758488,0.0007300269789993763,6.259117799345404e-05,Light_XM
/home/lmy/iot-device-classification/dataset/light_xm/round2_normal/light_xm_r2.pcapng,R2,59,593.7531559467316,0.00014423776883631945,0.49826687574386597,0.5011579394340515,0.00036769371945410967,6.324134301394224e-05,Light_XM
/home/lmy/iot-device-classification/dataset/light_xm/round2_normal/light_xm_r2.pcapng,R2,60,606.6349542140961,5.3105490223970264e-05,0.5657667517662048,0.43274107575416565,0.0012695847544819117,0.0001694347884040326,Light_XM
/home/lmy/iot-device-classification/dataset/light_xm/round2_normal/light_xm_r2.pcapng,R2,61,612.1887631416321,0.003968982957303524,0.8594819903373718,0.1198364794254303,0.014088978059589863,0.0026235764380544424,Light_XM
/home/lmy/iot-device-classification/dataset/light_xm/round2_normal/light_xm_r2.pcapng,R2,62,624.145649433136,0.0003664099785964936,0.04835289716720581,0.9504446983337402,0.0007424796931445599,9.347086597699672e-05,Light_XM
/home/lmy/iot-device-classification/dataset/light_xm/round2_normal/light_xm_r2.pcapng,R2,63,634.079647064209,6.996279262239113e-05,0.07142842561006546,0.9281497597694397,0.0002988108026329428,5.310026608640328e-05,Light_XM
/home/lmy/iot-device-classification/dataset/light_xm/round2_normal/light_xm_r2.pcapng,R2,64,642.1905438899994,0.00030819320818409324,0.9938581585884094,0.005413136910647154,0.0002888985036406666,0.00013159537047613412,Light_XM
/home/lmy/iot-device-classification/dataset/light_xm/round2_normal/light_xm_r2.pcapng,R2,65,654.4702010154724,1.004097157419892e-05,0.20085670053958893,0.7990530133247375,4.372840339783579e-05,3.64861662092153e-05,Light_XM
/home/lmy/iot-device-classification/dataset/light_xm/round2_normal/light_xm_r2.pcapng,R2,66,664.0776648521423,0.0001972991303773597,0.8856592774391174,0.11204471439123154,0.0016515078023076057,0.0004472102737054229,Light_XM
/home/lmy/iot-device-classification/dataset/light_xm/round2_normal/light_xm_r2.pcapng,R2,67,672.1997900009155,0.00013575203774962574,0.9537314772605896,0.0420890711247921,0.0038644783198833466,0.00017924037820193917,Light_XM
/home/lmy/iot-device-classification/dataset/light_xm/round2_normal/light_xm_r2.pcapng,R2,68,682.1321589946747,7.764440670143813e-05,0.50400310754776,0.49564915895462036,0.00019651146430987865,7.356190326390788e-05,Light_XM
/home/lmy/iot-device-classification/dataset/light_xm/round2_normal/light_xm_r2.pcapng,R2,69,696.0769183635712,2.1340760213206522e-05,0.0625416710972786,0.9365788698196411,0.0008253821288235486,3.270894012530334e-05,Light_XM
/home/lmy/iot-device-classification/dataset/light_xm/round2_normal/light_xm_r2.pcapng,R2,70,702.1113910675049,4.263752271072008e-05,0.9198680520057678,0.07795079052448273,0.002014336409047246,0.00012416992103680968,Light_XM
/home/lmy/iot-device-classification/dataset/light_xm/round2_normal/light_xm_r2.pcapng,R2,71,710.0750658512115,0.0002278004976687953,0.630354642868042,0.36861082911491394,0.0005014745402149856,0.000305244728224352,Light_XM
/home/lmy/iot-device-classification/dataset/light_xm/round2_normal/light_xm_r2.pcapng,R2,72,724.8498909473419,8.066275040619075e-05,0.049383360892534256,0.9499729871749878,0.0004068171256221831,0.00015625373634975404,Light_XM
/home/lmy/iot-device-classification/dataset/light_xm/round2_normal/light_xm_r2.pcapng,R2,73,732.255707025528,0.0006919132429175079,0.030532358214259148,0.8301256895065308,0.1369418501853943,0.001708155614323914,Light_XM
/home/lmy/iot-device-classification/dataset/light_xm/round2_normal/light_xm_r2.pcapng,R2,74,745.9873909950256,6.417266558855772e-05,0.04689890518784523,0.9527993202209473,0.00020009875879622996,3.7474943383131176e-05,Light_XM
/home/lmy/iot-device-classification/dataset/light_xm/round2_normal/light_xm_r2.pcapng,R2,75,754.086094379425,1.2015801985398866e-05,0.018937285989522934,0.9809281229972839,9.609200060367584e-05,2.648590088938363e-05,Light_XM
/home/lmy/iot-device-classification/dataset/light_xm/round2_normal/light_xm_r2.pcapng,R2,76,762.2842998504639,5.319548290572129e-05,0.9532856941223145,0.023012101650238037,0.023463089019060135,0.0001858878822531551,Light_XM
/home/lmy/iot-device-classification/dataset/light_xm/round2_normal/light_xm_r2.pcapng,R2,77,770.0429646968842,5.8109581004828215e-05,0.37343788146972656,0.6257038116455078,0.0006461006123572588,0.00015411677304655313,Light_XM
/home/lmy/iot-device-classification/dataset/light_xm/round2_normal/light_xm_r2.pcapng,R2,78,785.502783536911,2.712807872740086e-05,0.16297857463359833,0.8366643190383911,0.00022223532141651958,0.00010780030424939469,Light_XM
/home/lmy/iot-device-classification/dataset/light_xm/round2_normal/light_xm_r2.pcapng,R2,79,792.2939715385437,0.0010593236656859517,0.7734315395355225,0.18508847057819366,0.03843943029642105,0.001981305656954646,Light_XM
/home/lmy/iot-device-classification/dataset/light_xm/round2_normal/light_xm_r2.pcapng,R2,80,800.5949609279633,0.00023951202456373721,0.9191471338272095,0.07672032713890076,0.0034236658830195665,0.0004694091621786356,Light_XM
/home/lmy/iot-device-classification/dataset/light_xm/round2_normal/light_xm_r2.pcapng,R2,81,814.9637179374695,4.3539461330510676e-05,0.13993233442306519,0.8596045970916748,0.00030934312962926924,0.00011022917897207662,Light_XM
/home/lmy/iot-device-classification/dataset/light_xm/round2_normal/light_xm_r2.pcapng,R2,82,822.3788075447083,7.319986616494134e-05,0.16604968905448914,0.831965982913971,0.0017226316267624497,0.00018847058527171612,Light_XM
/home/lmy/iot-device-classification/dataset/light_xm/round2_normal/light_xm_r2.pcapng,R2,83,830.7732248306274,0.00011883518163813278,0.18902625143527985,0.8105371594429016,0.00025502065545879304,6.273412145674229e-05,Light_XM
/home/lmy/iot-device-classification/dataset/light_xm/round2_normal/light_xm_r2.pcapng,R2,84,844.1773953437805,0.00023527455050498247,0.49084779620170593,0.508148729801178,0.0004179795505478978,0.0003502308973111212,Light_XM
/home/lmy/iot-device-classification/dataset/light_xm/round2_normal/light_xm_r2.pcapng,R2,85,852.4394772052765,0.0015350946923717856,0.5173221230506897,0.04708880931138992,0.4316924810409546,0.002361541846767068,Light_XM
/home/lmy/iot-device-classification/dataset/light_xm/round2_normal/light_xm_r2.pcapng,R2,86,861.0128388404846,0.00015545121277682483,0.5607324242591858,0.43821054697036743,0.0007886894163675606,0.00011291620467090979,Light_XM
/home/lmy/iot-device-classification/dataset/light_xm/round2_normal/light_xm_r2.pcapng,R2,87,870.8811190128326,7.779092265991494e-05,0.10754256695508957,0.8920875787734985,0.00021964163170196116,7.240864215418696e-05,Light_XM
/home/lmy/iot-device-classification/dataset/light_xm/round2_normal/light_xm_r2.pcapng,R2,88,882.3303153514862,4.100924343219958e-05,0.9574856162071228,0.03738964721560478,0.004963202867656946,0.00012047827476635575,Light_XM
/home/lmy/iot-device-classification/dataset/light_xm/round2_normal/light_xm_r2.pcapng,R2,89,893.8773591518402,3.094124258495867e-05,0.9940614104270935,0.005043270066380501,0.0008301282650791109,3.4182688978035e-05,Light_XM
/home/lmy/iot-device-classification/dataset/light_xm/round2_normal/light_xm_r2.pcapng,R2,90,901.117022037506,0.00011601496225921437,0.4936390519142151,0.5054841637611389,0.00048742705257609487,0.00027332076570019126,Light_XM
/home/lmy/iot-device-classification/dataset/light_xm/round2_normal/light_xm_r2.pcapng,R2,91,910.9821357727052,7.495171303162351e-05,0.9547695517539978,0.04069709777832031,0.004274809267371893,0.00018357299268245697,Light_XM
/home/lmy/iot-device-classification/dataset/light_xm/round2_normal/light_xm_r2.pcapng,R2,92,927.096384048462,6.272341852309182e-05,0.2752792537212372,0.7239740490913391,0.00046805167221464217,0.00021585238573607057,Light_XM
/home/lmy/iot-device-classification/dataset/light_xm/round2_normal/light_xm_r2.pcapng,R2,93,933.80828332901,0.0002905729052145034,0.7300548553466797,0.26587769389152527,0.002919109771028161,0.0008577436674386263,Light_XM
/home/lmy/iot-device-classification/dataset/light_xm/round2_normal/light_xm_r2.pcapng,R2,94,942.5449192523956,0.011637987568974495,0.05647861585021019,0.9107605218887329,0.01992565020918846,0.0011972154024988413,Light_XM
/home/lmy/iot-device-classification/dataset/light_xm/round2_normal/light_xm_r2.pcapng,R2,95,950.323576450348,0.00011244966299273074,0.9019649624824524,0.09670965373516083,0.0009345830185338855,0.0002783617819659412,Light_XM
/home/lmy/iot-device-classification/dataset/light_xm/round2_normal/light_xm_r2.pcapng,R2,96,960.9684662818908,7.050386193441227e-05,0.5657516717910767,0.433700293302536,0.0003940461028832942,8.352388249477372e-05,Light_XM
/home/lmy/iot-device-classification/dataset/light_xm/round2_normal/light_xm_r2.pcapng,R2,97,972.5810341835022,6.635797763010487e-05,0.9824513792991638,0.01179861556738615,0.0055136969313025475,0.00016997120110318065,Light_XM
/home/lmy/iot-device-classification/dataset/light_xm/round2_normal/light_xm_r2.pcapng,R2,98,984.3140630722046,0.001275320420973003,0.8016664981842041,0.1302187144756317,0.06595795601606369,0.0008815253968350589,Light_XM
/home/lmy/iot-device-classification/dataset/light_xm/round2_normal/light_xm_r2.pcapng,R2,99,991.1202359199524,8.765717939240858e-05,0.3779280483722687,0.6201218962669373,0.0016098617343232036,0.00025256286608055234,Light_XM
/home/lmy/iot-device-classification/dataset/light_xm/round2_normal/light_xm_r2.pcapng,R2,100,1000.983696460724,0.0001143285189755261,0.9812828302383423,0.010324575938284397,0.008137920871376991,0.00014035905769560486,Light_XM
/home/lmy/iot-device-classification/dataset/light_xm/round2_normal/light_xm_r2.pcapng,R2,101,1010.0186548233032,6.748608575435355e-05,0.8929871916770935,0.10647223144769669,0.00030012227944098413,0.0001730326475808397,Light_XM
/home/lmy/iot-device-classification/dataset/light_xm/round2_normal/light_xm_r2.pcapng,R2,102,1021.7672700881958,8.026044815778732e-05,0.2759978771209717,0.7232191562652588,0.000511382007971406,0.0001913201849674806,Light_XM
/home/lmy/iot-device-classification/dataset/light_xm/round2_normal/light_xm_r2.pcapng,R2,103,1030.258647441864,0.000312713353196159,0.9643661975860596,0.016109898686408997,0.018757082521915436,0.000454078457551077,Light_XM
/home/lmy/iot-device-classification/dataset/light_xm/round2_normal/light_xm_r2.pcapng,R2,104,1040.4781012535095,1.9975306713604368e-05,0.10521821677684784,0.8943966627120972,0.0003129418764729053,5.2176455938024446e-05,Light_XM
/home/lmy/iot-device-classification/dataset/light_xm/round2_normal/light_xm_r2.pcapng,R2,105,1055.1814467906952,6.332543125608936e-05,0.1335471123456955,0.8658954501152039,0.00038966129068285227,0.00010445149382576346,Light_XM
/home/lmy/iot-device-classification/dataset/light_xm/round2_normal/light_xm_r2.pcapng,R2,106,1061.8701984882357,0.0019407517975196242,0.009113934822380543,0.40658363699913025,0.5785117149353027,0.003849975299090147,Light_XM
/home/lmy/iot-device-classification/dataset/light_xm/round2_normal/light_xm_r2.pcapng,R2,107,1070.1081295013428,0.0001100362278521061,0.10180738568305969,0.8977950215339661,0.00020791568385902792,7.963524694787338e-05,Light_XM
/home/lmy/iot-device-classification/dataset/light_xm/round2_normal/light_xm_r2.pcapng,R2,108,1080.0390448570251,0.0001470077841077,0.5943692922592163,0.40340831875801086,0.0019503406947478652,0.00012503845209721476,Light_XM
/home/lmy/iot-device-classification/dataset/light_xm/round2_normal/light_xm_r2.pcapng,R2,109,1090.0299880504608,6.705859414068982e-05,0.09932668507099152,0.8989089131355286,0.001596124959178269,0.00010122715320903808,Light_XM
/home/lmy/iot-device-classification/dataset/light_xm/round2_normal/light_xm_r2.pcapng,R2,110,1100.255526304245,9.421741560800001e-05,0.15477469563484192,0.8446288704872131,0.00043269433081150055,6.95075505063869e-05,Light_XM
/home/lmy/iot-device-classification/dataset/light_xm/round2_normal/light_xm_r2.pcapng,R2,111,1110.1516931056976,0.00017340786871500313,0.6922995448112488,0.3067009150981903,0.0004977815551683307,0.0003283561673015356,Light_XM
/home/lmy/iot-device-classification/dataset/light_xm/round2_normal/light_xm_r2.pcapng,R2,112,1120.0174922943115,0.0012870031641796231,0.3514649271965027,0.23140446841716766,0.41413402557373047,0.001709598582237959,Light_XM
/home/lmy/iot-device-classification/dataset/light_xm/round2_normal/light_xm_r2.pcapng,R2,113,1130.497404336929,0.00016346800839528441,0.010268699377775192,0.9866439700126648,0.0025552953593432903,0.0003685604315251112,Light_XM
/home/lmy/iot-device-classification/dataset/light_xm/round2_normal/light_xm_r2.pcapng,R2,114,1140.0600235462189,0.0002405575360171497,0.3200100362300873,0.6671240925788879,0.012432276271283627,0.00019304241868667305,Light_XM
/home/lmy/iot-device-classification/dataset/light_xm/round2_normal/light_xm_r2.pcapng,R2,115,1150.0195899009705,0.753814697265625,0.015685975551605225,0.02237418107688427,0.20598432421684265,0.002140842843800783,Light_XM
/home/lmy/iot-device-classification/dataset/light_xm/round2_normal/light_xm_r2.pcapng,R2,116,1160.049557209015,0.00010345190821681172,0.913378894329071,0.08274476230144501,0.0035990187898278236,0.00017387900152243674,Light_XM
/home/lmy/iot-device-classification/dataset/light_xm/round2_normal/light_xm_r2.pcapng,R2,117,1170.1342606544497,1.4427941096073482e-05,0.08848590403795242,0.9113871455192566,7.603342237416655e-05,3.644399475888349e-05,Light_XM
/home/lmy/iot-device-classification/dataset/light_xm/round2_normal/light_xm_r2.pcapng,R2,118,1180.1778151988983,0.00017267942894250154,0.9227681159973145,0.07327020913362503,0.00355318165384233,0.00023587582109030336,Light_XM
/home/lmy/iot-device-classification/dataset/light_xm/round2_normal/light_xm_r2.pcapng,R2,119,1190.246060371399,0.0005938529502600431,0.5030401945114136,0.46317338943481445,0.031728096306324005,0.0014644470065832138,Light_XM
/home/lmy/iot-device-classification/dataset/light_xm/round2_normal/light_xm_r2.pcapng,R2,120,1200.336189508438,8.690809772815555e-05,0.33489423990249634,0.6644704937934875,0.0003151842684019357,0.0002331790019525215,Light_XM
/home/lmy/iot-device-classification/dataset/light_xm/round2_normal/light_xm_r2.pcapng,R2,121,1210.4220943450928,0.0008981002611108124,0.002514187479391694,0.0020854996982961893,0.9942401647567749,0.0002621063031256199,Light_XM
/home/lmy/iot-device-classification/dataset/light_xm/round2_normal/light_xm_r2.pcapng,R2,122,1220.442971944809,3.831592039205134e-05,0.08374124765396118,0.9147073030471802,0.0013972749002277851,0.0001158847298938781,Light_XM
/home/lmy/iot-device-classification/dataset/light_xm/round2_normal/light_xm_r2.pcapng,R2,123,1230.5174071788788,2.588724237284623e-05,0.06294994056224823,0.9369281530380249,4.834717765334062e-05,4.772362080984749e-05,Light_XM
/home/lmy/iot-device-classification/dataset/light_xm/round2_normal/light_xm_r2.pcapng,R2,124,1240.595602273941,8.495718793710694e-05,0.8855500221252441,0.08117129653692245,0.032928310334682465,0.0002654528652783483,Light_XM
/home/lmy/iot-device-classification/dataset/light_xm/round2_normal/light_xm_r2.pcapng,R2,125,1251.2881574630735,3.1309242331190035e-05,0.06278558820486069,0.9369347095489502,0.0001796187716536224,6.875678081996739e-05,Light_XM
/home/lmy/iot-device-classification/dataset/light_xm/round2_normal/light_xm_r2.pcapng,R2,126,1260.6809630393982,6.453807873185724e-05,0.33390623331069946,0.6654636859893799,0.00040978891775012016,0.00015582591004204005,Light_XM
/home/lmy/iot-device-classification/dataset/light_xm/round2_normal/light_xm_r2.pcapng,R2,127,1270.732727766037,0.0003253320755902678,0.6154143810272217,0.2016977220773697,0.18174828588962555,0.0008142782025970519,Light_XM
/home/lmy/iot-device-classification/dataset/light_xm/round2_normal/light_xm_r2.pcapng,R2,128,1280.8249735832214,3.64296865882352e-05,0.06297339498996735,0.9360724687576294,0.0008235822897404432,9.41012185649015e-05,Light_XM
/home/lmy/iot-device-classification/dataset/light_xm/round2_normal/light_xm_r2.pcapng,R2,129,1290.8436324596405,2.6862717277253978e-05,0.311294287443161,0.6883088946342468,0.0002836011699400842,8.631606033304706e-05,Light_XM
/home/lmy/iot-device-classification/dataset/light_xm/round2_normal/light_xm_r2.pcapng,R2,130,1300.9445223808289,0.0011402227682992816,0.04348066821694374,0.22804374992847443,0.7250234484672546,0.002311982912942767,Light_XM
/home/lmy/iot-device-classification/dataset/light_xm/round2_normal/light_xm_r2.pcapng,R2,131,1310.973115682602,0.0001048940175678581,0.7034432291984558,0.29618456959724426,0.00020551495254039764,6.179416959639639e-05,Light_XM
/home/lmy/iot-device-classification/dataset/light_xm/round2_normal/light_xm_r2.pcapng,R2,132,1321.044653892517,0.00016452719864901155,0.13129451870918274,0.8638975024223328,0.004545409232378006,9.800580301089212e-05,Light_XM
/home/lmy/iot-device-classification/dataset/light_xm/round2_normal/light_xm_r2.pcapng,R2,133,1331.12290930748,3.7650184822268784e-05,0.9943523406982422,0.0018619593465700746,0.0036661182530224323,8.196669659810141e-05,Light_XM
/home/lmy/iot-device-classification/dataset/light_xm/round2_normal/light_xm_r2.pcapng,R2,134,1341.1632039546969,0.00031430719536729157,0.7738736867904663,0.22470173239707947,0.0009415445965714753,0.00016873801359906793,Light_XM
/home/lmy/iot-device-classification/dataset/light_xm/round2_normal/light_xm_r2.pcapng,R2,135,1351.2213063240051,9.822044376051053e-05,0.16855938732624054,0.8301193714141846,0.0011000257218256593,0.00012297159992158413,Light_XM
/home/lmy/iot-device-classification/dataset/light_xm/round2_normal/light_xm_r2.pcapng,R2,136,1361.320544719696,0.003910176921635866,0.8855193257331848,0.041705869138240814,0.06654287129640579,0.002321689622476697,Light_XM
/home/lmy/iot-device-classification/dataset/light_xm/round2_normal/light_xm_r2.pcapng,R2,137,1371.3574945926666,0.00016883938224054873,0.8858569264411926,0.11333443224430084,0.0005432008765637875,9.663247328717262e-05,Light_XM
/home/lmy/iot-device-classification/dataset/light_xm/round2_normal/light_xm_r2.pcapng,R2,138,1381.396803855896,0.00017296281293965876,0.05380122363567352,0.9324524402618408,0.013193638995289803,0.0003797132521867752,Light_XM
/home/lmy/iot-device-classification/dataset/light_xm/round2_normal/light_xm_r2.pcapng,R2,139,1391.474713087082,4.2046725866384804e-05,0.9519858360290527,0.037337157875299454,0.010515140369534492,0.00011986133176833391,Light_XM
/home/lmy/iot-device-classification/dataset/light_xm/round2_normal/light_xm_r2.pcapng,R2,140,1401.522890329361,3.994337748736143e-05,0.11680502444505692,0.8829786777496338,0.0001362089824397117,4.0201332012657076e-05,Light_XM
/home/lmy/iot-device-classification/dataset/light_xm/round2_normal/light_xm_r2.pcapng,R2,141,1411.6256203651428,0.00013475808373186737,0.9824413657188416,0.01711334101855755,0.00017905965796671808,0.00013150893209967762,Light_XM
/home/lmy/iot-device-classification/dataset/light_xm/round2_normal/light_xm_r2.pcapng,R2,142,1421.6692476272583,0.0023227459751069546,0.9204550981521606,0.06259893625974655,0.013043871149420738,0.0015793496277183294,Light_XM
/home/lmy/iot-device-classification/dataset/light_xm/round2_normal/light_xm_r2.pcapng,R2,143,1431.717033147812,9.495542326476425e-05,0.6656482815742493,0.3329971730709076,0.001162152853794396,9.745049464982003e-05,Light_XM
/home/lmy/iot-device-classification/dataset/light_xm/round2_normal/light_xm_r2.pcapng,R2,144,1441.795301914215,2.703784775803797e-05,0.15985378623008728,0.8397438526153564,0.0003092516853939742,6.604003283428028e-05,Light_XM
/home/lmy/iot-device-classification/dataset/light_xm/round2_normal/light_xm_r2.pcapng,R2,145,1451.8438482284546,0.0005265120998956263,0.6469509601593018,0.23026931285858154,0.12132282555103302,0.0009304128470830619,Light_XM
/home/lmy/iot-device-classification/dataset/light_xm/round2_normal/light_xm_r2.pcapng,R2,146,1461.931884765625,0.0002005768910748884,0.5184093117713928,0.4809393584728241,0.0003521933394949883,9.856789984041825e-05,Light_XM
/home/lmy/iot-device-classification/dataset/light_xm/round2_normal/light_xm_r2.pcapng,R2,147,1471.4922835826874,0.0002488788159098476,0.8027164340019226,0.19580648839473724,0.0009484237525612116,0.00027984732878394425,Light_XM
/home/lmy/iot-device-classification/dataset/light_xm/round2_normal/light_xm_r2.pcapng,R2,148,1482.0272300243378,0.00011530326446518302,0.9407162666320801,0.04496872052550316,0.01401508692651987,0.00018457963597029448,Light_XM
/home/lmy/iot-device-classification/dataset/light_xm/round2_normal/light_xm_r2.pcapng,R2,149,1492.035075187683,1.801437247195281e-05,0.9864687919616699,0.013224015943706036,0.0002573481178842485,3.187986294506118e-05,Light_XM
/home/lmy/iot-device-classification/dataset/light_xm/round2_normal/light_xm_r2.pcapng,R2,150,1502.1461334228516,0.0001088073622668162,0.0030874195508658886,0.5330379605293274,0.46354180574417114,0.0002239697496406734,Light_XM
/home/lmy/iot-device-classification/dataset/light_xm/round2_normal/light_xm_r2.pcapng,R2,151,1512.2554304599762,3.393686711206101e-05,0.9836634397506714,0.014265491627156734,0.0019258596003055573,0.00011122060095658526,Light_XM
/home/lmy/iot-device-classification/dataset/light_xm/round2_normal/light_xm_r2.pcapng,R2,152,1522.2891623973846,0.00028260203544050455,0.7873457074165344,0.20816628634929657,0.003933217376470566,0.0002721846103668213,Light_XM
/home/lmy/iot-device-classification/dataset/light_xm/round2_normal/light_xm_r2.pcapng,R2,153,1532.3364934921265,0.00012529919331427664,0.6023824214935303,0.39500993490219116,0.002237858483567834,0.00024447645409964025,Light_XM
/home/lmy/iot-device-classification/dataset/light_xm/round2_normal/light_xm_r2.pcapng,R2,154,1542.4143035411837,3.141005436191335e-05,0.9849612712860107,0.004778154660016298,0.010158155113458633,7.098618516465649e-05,Light_XM
/home/lmy/iot-device-classification/dataset/light_xm/round2_normal/light_xm_r2.pcapng,R2,155,1552.319048166275,0.00019796685955952853,0.4720625877380371,0.5266196131706238,0.0009369463077746332,0.00018286080739926547,Light_XM
/home/lmy/iot-device-classification/dataset/light_xm/round2_normal/light_xm_r2.pcapng,R2,156,1562.530678510666,0.0001381308538839221,0.9369658827781677,0.06206609308719635,0.0005170117947272956,0.00031284181750379503,Light_XM
/home/lmy/iot-device-classification/dataset/light_xm/round2_normal/light_xm_r2.pcapng,R2,157,1572.5581288337708,6.470410880865529e-05,0.9950705766677856,0.0008693091804161668,0.0038638911210000515,0.00013159266381990165,Light_XM
/home/lmy/iot-device-classification/dataset/light_xm/round2_normal/light_xm_r2.pcapng,R2,158,1582.5957350730896,6.16631077718921e-05,0.8051042556762695,0.19419074058532715,0.0005509002367034554,9.249836148228496e-05,Light_XM
/home/lmy/iot-device-classification/dataset/light_xm/round2_normal/light_xm_r2.pcapng,R2,159,1592.803819656372,0.0008153407252393663,0.9273930788040161,0.046542249619960785,0.024542156606912613,0.0007071575382724404,Light_XM
/home/lmy/iot-device-classification/dataset/light_xm/round2_normal/light_xm_r2.pcapng,R2,160,1602.7513539791107,0.0003383322327863425,0.021198010072112083,0.855275571346283,0.12246426939964294,0.0007238081307150424,Light_XM
/home/lmy/iot-device-classification/dataset/light_xm/round2_normal/light_xm_r2.pcapng,R2,161,1612.7889392375946,5.614283509203233e-05,0.12612798810005188,0.8731322288513184,0.0005559301935136318,0.00012770076864399016,Light_XM
/home/lmy/iot-device-classification/dataset/light_xm/round2_normal/light_xm_r2.pcapng,R2,162,1622.8681559562683,0.00023511085601057857,0.6377663612365723,0.36106982827186584,0.0007295274990610778,0.00019913032883778214,Light_XM
/home/lmy/iot-device-classification/dataset/light_xm/round2_normal/light_xm_r2.pcapng,R2,163,1632.889900445938,0.0008405519183725119,0.9305593371391296,0.03757884353399277,0.030276698991656303,0.0007445638184435666,Light_XM
/home/lmy/iot-device-classification/dataset/light_xm/round2_normal/light_xm_r2.pcapng,R2,164,1642.9743242263794,3.310685860924423e-05,0.9845565557479858,0.014957167208194733,0.0003533476556185633,9.98480900307186e-05,Light_XM
/home/lmy/iot-device-classification/dataset/light_xm/round2_normal/light_xm_r2.pcapng,R2,165,1653.028013944626,5.6267603213200346e-05,0.18588575720787048,0.813232421875,0.0007085414254106581,0.00011700497998390347,Light_XM
/home/lmy/iot-device-classification/dataset/light_xm/round2_normal/light_xm_r2.pcapng,R2,166,1662.9521126747131,2.5014560378622264e-05,0.9897434115409851,0.005023077595978975,0.005153337959200144,5.519752448890358e-05,Light_XM
/home/lmy/iot-device-classification/dataset/light_xm/round2_normal/light_xm_r2.pcapng,R2,167,1673.0052881240845,0.00010838954767677933,0.43843936920166016,0.5596741437911987,0.0015856805257499218,0.00019237754167988896,Light_XM
/home/lmy/iot-device-classification/dataset/light_xm/round2_normal/light_xm_r2.pcapng,R2,168,1683.2103762626648,8.294517465401441e-05,0.16193701326847076,0.8377681970596313,0.00012920743029098958,8.262092887889594e-05,Light_XM
/home/lmy/iot-device-classification/dataset/light_xm/round2_normal/light_xm_r2.pcapng,R2,169,1692.9942390918732,7.174868369475007e-05,0.9633761048316956,0.03054030053317547,0.005854100454598665,0.00015771265316288918,Light_XM
/home/lmy/iot-device-classification/dataset/light_xm/round2_normal/light_xm_r2.pcapng,R2,170,1703.3974652290344,0.00012378655083011836,0.18684957921504974,0.8125371336936951,0.00035172791103832424,0.0001377835578750819,Light_XM
/home/lmy/iot-device-classification/dataset/light_xm/round2_normal/light_xm_r2.pcapng,R2,171,1713.3799350261688,0.036452941596508026,0.05769549310207367,0.8780615925788879,0.02400902844965458,0.0037808974739164114,Light_XM
/home/lmy/iot-device-classification/dataset/light_xm/round2_normal/light_xm_r2.pcapng,R2,172,1722.9973466396332,0.00023640650033485144,0.9714566469192505,0.023917609825730324,0.004032491706311703,0.00035678825224749744,Light_XM
/home/lmy/iot-device-classification/dataset/light_xm/round2_normal/light_xm_r2.pcapng,R2,173,1733.5009472370148,5.534604861168191e-05,0.7100511193275452,0.28954607248306274,0.00027707169647328556,7.032995927147567e-05,Light_XM
/home/lmy/iot-device-classification/dataset/light_xm/round2_normal/light_xm_r2.pcapng,R2,174,1743.5456228256226,2.9553353670053184e-05,0.2961595356464386,0.7028162479400635,0.0009191736462526023,7.554468902526423e-05,Light_XM
/home/lmy/iot-device-classification/dataset/light_xm/round2_normal/light_xm_r2.pcapng,R2,175,1753.0120706558228,0.0001209864640259184,0.9845675230026245,0.012306260876357555,0.0027855297084897757,0.00021967485372442752,Light_XM
/home/lmy/iot-device-classification/dataset/light_xm/round2_normal/light_xm_r2.pcapng,R2,176,1763.6400408744812,5.605334445135668e-05,0.14736494421958923,0.8521225452423096,0.00033424870343878865,0.00012223307567182928,Light_XM
/home/lmy/iot-device-classification/dataset/light_xm/round2_normal/light_xm_r2.pcapng,R2,177,1772.4923644065857,0.00012933740799780935,0.9080207347869873,0.08969174325466156,0.001985437935218215,0.00017271528486162424,Light_XM
/home/lmy/iot-device-classification/dataset/light_xm/round2_normal/light_xm_r2.pcapng,R2,178,1783.0673580169678,4.420776167535223e-05,0.954708456993103,0.04300140216946602,0.002134922193363309,0.00011103564611403272,Light_XM
/home/lmy/iot-device-classification/dataset/light_xm/round2_normal/light_xm_r2.pcapng,R2,179,1793.83891582489,0.0003254706971347332,0.18586891889572144,0.8064090609550476,0.007140804547816515,0.00025577814085409045,Light_XM
/home/lmy/iot-device-classification/dataset/light_xm/round2_normal/light_xm_r2.pcapng,R2,180,1803.9508430957796,0.0002671355614438653,0.4609576463699341,0.5321893095970154,0.006044601555913687,0.000541290151886642,Light_XM
/home/lmy/iot-device-classification/dataset/light_xm/round2_normal/light_xm_r2.pcapng,R2,181,1813.1155333518984,6.114981806604192e-05,0.9947296380996704,0.003726708935573697,0.001332045765593648,0.00015044037718325853,Light_XM
/home/lmy/iot-device-classification/dataset/light_xm/round2_normal/light_xm_r2.pcapng,R2,182,1824.0241646766665,0.0009090066305361688,0.7562128305435181,0.21101082861423492,0.030266040936112404,0.0016012261621654034,Light_XM
/home/lmy/iot-device-classification/dataset/light_xm/round2_normal/light_xm_r2.pcapng,R2,183,1831.5051536560056,5.261750993668102e-05,0.13465873897075653,0.8649626970291138,0.00024968705838546157,7.62498821131885e-05,Light_XM
/home/lmy/iot-device-classification/dataset/light_xm/round2_normal/light_xm_r2.pcapng,R2,184,1843.1495988368988,5.275696094031446e-05,0.5653835535049438,0.43353044986724854,0.0008996879914775491,0.00013354049588087946,Light_XM
/home/lmy/iot-device-classification/dataset/light_xm/round2_normal/light_xm_r2.pcapng,R2,185,1854.1728303432465,2.8931595807080157e-05,0.3893692195415497,0.6105085611343384,5.796351979370229e-05,3.5312838008394465e-05,Light_XM
/home/lmy/iot-device-classification/dataset/light_xm/round2_normal/light_xm_r2.pcapng,R2,186,1864.262109041214,1.8531842215452343e-05,0.04683217406272888,0.9530960321426392,3.378849214641377e-05,1.9488144971546717e-05,Light_XM
/home/lmy/iot-device-classification/dataset/light_xm/round2_normal/light_xm_r2.pcapng,R2,187,1873.192920446396,0.0001964467519428581,0.860717236995697,0.12186063081026077,0.016732199117541313,0.0004934836179018021,Light_XM
/home/lmy/iot-device-classification/dataset/light_xm/round2_normal/light_xm_r2.pcapng,R2,188,1882.575979232788,4.6085620851954445e-05,0.07532802224159241,0.9241431355476379,0.0003451257070992142,0.00013765986659564078,Light_XM
/home/lmy/iot-device-classification/dataset/light_xm/round2_normal/light_xm_r2.pcapng,R2,189,1894.4280450344088,0.00016535747272428125,0.3405143916606903,0.6009774208068848,0.05815442278981209,0.00018839245603885502,Light_XM
/home/lmy/iot-device-classification/dataset/light_xm/round2_normal/light_xm_r2.pcapng,R2,190,1900.7996244430544,0.00016802047321107239,0.9778814315795898,0.02036556415259838,0.0013782244641333818,0.00020676136773545295,Light_XM
/home/lmy/iot-device-classification/dataset/light_xm/round2_normal/light_xm_r2.pcapng,R2,191,1914.5215456485748,3.710007149493322e-05,0.074843630194664,0.924816370010376,0.00018990589887835085,0.0001129992087953724,Light_XM
/home/lmy/iot-device-classification/dataset/light_xm/round2_normal/light_xm_r2.pcapng,R2,192,1921.8780925273893,0.00036292863660492003,0.8715165257453918,0.12422846257686615,0.00324498419649899,0.0006470612133853137,Light_XM
/home/lmy/iot-device-classification/dataset/light_xm/round2_normal/light_xm_r2.pcapng,R2,193,1933.181611061096,0.00016742471780162305,0.0325215607881546,0.9481227397918701,0.018941586837172508,0.0002467262966092676,Light_XM
/home/lmy/iot-device-classification/dataset/light_xm/round2_normal/light_xm_r2.pcapng,R2,194,1944.7266495227811,1.7274154743063264e-05,0.013169845566153526,0.986746609210968,4.8457004595547915e-05,1.78452846739674e-05,Light_XM
/home/lmy/iot-device-classification/dataset/light_xm/round2_normal/light_xm_r2.pcapng,R2,195,1954.108199119568,2.4143164409906603e-05,0.034553784877061844,0.965281069278717,6.699984078295529e-05,7.405280484817922e-05,Light_XM
/home/lmy/iot-device-classification/dataset/light_xm/round2_normal/light_xm_r2.pcapng,R2,196,1963.1757895946505,0.0017069788882508874,0.8667663335800171,0.10954320430755615,0.020153606310486794,0.0018299068324267864,Light_XM
/home/lmy/iot-device-classification/dataset/light_xm/round2_normal/light_xm_r2.pcapng,R2,197,1974.18159365654,0.000728257407899946,0.7946850657463074,0.20376713573932648,0.0005781216314062476,0.00024146074429154396,Light_XM
/home/lmy/iot-device-classification/dataset/light_xm/round2_normal/light_xm_r2.pcapng,R2,198,1985.013401031494,9.464159666094929e-05,0.161014586687088,0.8380696773529053,0.0006043159519322217,0.00021679859491996467,Light_XM
/home/lmy/iot-device-classification/dataset/light_xm/round2_normal/light_xm_r2.pcapng,R2,199,1993.17813205719,0.00017468188889324665,0.9943284392356873,0.0034202735405415297,0.0018609896069392562,0.0002156095433747396,Light_XM
/home/lmy/iot-device-classification/dataset/light_xm/round2_normal/light_xm_r2.pcapng,R2,200,2004.4112088680267,5.5197921028593555e-05,0.36825132369995117,0.6308552026748657,0.000704059493727982,0.00013421609764918685,Light_XM
/home/lmy/iot-device-classification/dataset/light_xm/round2_normal/light_xm_r2.pcapng,R2,201,2014.097396850586,2.5480381736997515e-05,0.07802572101354599,0.9213711619377136,0.0005215125856921077,5.615548070636578e-05,Light_XM
/home/lmy/iot-device-classification/dataset/light_xm/round2_normal/light_xm_r2.pcapng,R2,202,2023.1647067070007,0.009923255071043968,0.7285400629043579,0.14718958735466003,0.11130443960428238,0.003042613621801138,Light_XM
/home/lmy/iot-device-classification/dataset/light_xm/round2_normal/light_xm_r2.pcapng,R2,203,2032.7541370391848,9.625486563891172e-05,0.4002905786037445,0.5993621945381165,0.00016731924552004784,8.360423089470714e-05,Light_XM
/home/lmy/iot-device-classification/dataset/light_xm/round2_normal/light_xm_r2.pcapng,R2,204,2045.421337127685,3.4569686249597e-05,0.12648555636405945,0.8724259734153748,0.0010033907601609826,5.0443621148588136e-05,Light_XM
/home/lmy/iot-device-classification/dataset/light_xm/round2_normal/light_xm_r2.pcapng,R2,205,2053.135052680969,7.424785144394264e-05,0.9712565541267395,0.024178100749850273,0.004293543286621571,0.00019758306734729558,Light_XM
/home/lmy/iot-device-classification/dataset/light_xm/round2_normal/light_xm_r2.pcapng,R2,206,2065.5581860542297,0.0005030155298300087,0.5797096490859985,0.40439507365226746,0.014960146509110928,0.0004321450542192906,Light_XM
/home/lmy/iot-device-classification/dataset/light_xm/round2_normal/light_xm_r2.pcapng,R2,207,2072.43256354332,0.0001013754153973423,0.3879735767841339,0.6108309030532837,0.0008523929864168167,0.00024170188407879323,Light_XM
/home/lmy/iot-device-classification/dataset/light_xm/round2_normal/light_xm_r2.pcapng,R2,208,2081.504953622818,0.00011948162864428014,0.9611998200416565,0.037779077887535095,0.000701083627063781,0.00020050151215400547,Light_XM
/home/lmy/iot-device-classification/dataset/light_xm/round2_normal/light_xm_r2.pcapng,R2,209,2093.7394235134125,3.468380600679666e-05,0.00637240894138813,0.9933264255523682,0.00019246054580435157,7.401596667477861e-05,Light_XM
/home/lmy/iot-device-classification/dataset/light_xm/round2_normal/light_xm_r2.pcapng,R2,210,2103.990377187729,7.482518412871286e-05,0.07777142524719238,0.9217921495437622,0.0002824707771651447,7.919773634057492e-05,Light_XM
/home/lmy/iot-device-classification/dataset/light_xm/round2_normal/light_xm_r2.pcapng,R2,211,2113.106039047241,6.979514728300273e-05,0.9257561564445496,0.07283319532871246,0.0011629452928900719,0.00017794911400415003,Light_XM
/home/lmy/iot-device-classification/dataset/light_xm/round2_normal/light_xm_r2.pcapng,R2,212,2124.9367592334747,8.086418529273942e-05,0.43226951360702515,0.5667606592178345,0.0007097877678461373,0.00017918924277182668,Light_XM
/home/lmy/iot-device-classification/dataset/light_xm/round2_normal/light_xm_r2.pcapng,R2,213,2133.635888814926,0.00039563162135891616,0.9135595560073853,0.07593054324388504,0.009361376985907555,0.0007529441500082612,Light_XM
/home/lmy/iot-device-classification/dataset/light_xm/round2_normal/light_xm_r2.pcapng,R2,214,2143.10702085495,2.204163683927618e-05,0.9936542510986328,0.00595603184774518,0.00030407175654545426,6.361509440466762e-05,Light_XM
/home/lmy/iot-device-classification/dataset/light_xm/round2_normal/light_xm_r2.pcapng,R2,215,2154.148110151291,0.0027359123341739178,0.2186359465122223,0.7735612392425537,0.003794399555772543,0.0012724758125841618,Light_XM
/home/lmy/iot-device-classification/dataset/light_xm/round2_normal/light_xm_r2.pcapng,R2,216,2164.605553627014,1.15050352178514e-05,0.10775148868560791,0.8921306133270264,6.799137190682814e-05,3.837634722003713e-05,Light_XM
/home/lmy/iot-device-classification/dataset/light_xm/round2_normal/light_xm_r2.pcapng,R2,217,2173.3001000881195,0.00010454850416863337,0.9612072110176086,0.03649492189288139,0.0019914680160582066,0.0002018339146161452,Light_XM
/home/lmy/iot-device-classification/dataset/light_xm/round2_normal/light_xm_r2.pcapng,R2,218,2186.3613152503967,1.8177401216235012e-05,0.026790251955389977,0.9731329083442688,3.656277840491384e-05,2.2093738152761944e-05,Light_XM
/home/lmy/iot-device-classification/dataset/light_xm/round2_normal/light_xm_r2.pcapng,R2,219,2191.442274570465,0.00042689350084401667,0.6188819408416748,0.3789941370487213,0.001076243002898991,0.0006207458791323006,Light_XM
/home/lmy/iot-device-classification/dataset/light_xm/round2_normal/light_xm_r2.pcapng,R2,220,2203.366185903549,6.53233437333256e-05,0.8976523876190186,0.09833333641290665,0.0038186367601156235,0.00013031947310082614,Light_XM
/home/lmy/iot-device-classification/dataset/light_xm/round2_normal/light_xm_r2.pcapng,R2,221,2216.676575899124,4.3385265598772094e-05,0.5309908390045166,0.4678652286529541,0.0009469930082559586,0.00015354079368989915,Light_XM
/home/lmy/iot-device-classification/dataset/light_xm/round2_normal/light_xm_r2.pcapng,R2,222,2225.0022752285004,0.00016204295388888568,0.5568633675575256,0.4408254027366638,0.0016886285739019513,0.0004605238209478557,Light_XM
/home/lmy/iot-device-classification/dataset/light_xm/round2_normal/light_xm_r2.pcapng,R2,223,2233.530346632004,6.048744762665592e-05,0.9821164011955261,0.011420270428061485,0.006229954306036234,0.00017290432879235595,Light_XM
/home/lmy/iot-device-classification/dataset/light_xm/round2_normal/light_xm_r2.pcapng,R2,224,2241.7147409915924,0.0005346760153770447,0.9144110679626465,0.08240079879760742,0.001943314215168357,0.0007101385854184628,Light_XM
/home/lmy/iot-device-classification/dataset/light_xm/round2_normal/light_xm_r2.pcapng,R2,225,2255.5821676254272,0.0003793069627135992,0.3602891266345978,0.6272108554840088,0.011694039218127728,0.0004266749892849475,Light_XM
/home/lmy/iot-device-classification/dataset/light_xm/round2_normal/light_xm_r2.pcapng,R2,226,2263.4574887752533,5.286895247991197e-05,0.9960691928863525,0.0015524837654083967,0.0022358365822583437,8.96588244359009e-05,Light_XM
/home/lmy/iot-device-classification/dataset/light_xm/round2_normal/light_xm_r2.pcapng,R2,227,2271.8900911808014,4.3660926166921854e-05,0.12507803738117218,0.8726354837417603,0.002119591226801276,0.00012326215801294893,Light_XM
/home/lmy/iot-device-classification/dataset/light_xm/round2_normal/light_xm_r2.pcapng,R2,228,2284.2494473457336,0.008935053832828999,0.8566440343856812,0.10687054693698883,0.02112746611237526,0.006422845181077719,Light_XM
/home/lmy/iot-device-classification/dataset/light_xm/round2_normal/light_xm_r2.pcapng,R2,229,2293.5027227401733,0.00617332523688674,0.8422716856002808,0.005073728039860725,0.14526888728141785,0.0012123680207878351,Light_XM
/home/lmy/iot-device-classification/dataset/light_xm/round2_normal/light_xm_r2.pcapng,R2,230,2300.0136370658875,4.9717800720827654e-05,0.3581773638725281,0.64156174659729,0.00015113445988390595,6.002627560519613e-05,Light_XM
/home/lmy/iot-device-classification/dataset/light_xm/round2_normal/light_xm_r2.pcapng,R2,231,2314.251138448715,0.00015912747767288238,0.911981463432312,0.08620388805866241,0.0015137529699131846,0.00014177690900396556,Light_XM
/home/lmy/iot-device-classification/dataset/light_xm/round2_normal/light_xm_r2.pcapng,R2,232,2323.5277552604675,2.0499159290920943e-05,0.9946738481521606,0.004164740908890963,0.0010745878098532557,6.630671123275533e-05,Light_XM
/home/lmy/iot-device-classification/dataset/light_xm/round2_normal/light_xm_r2.pcapng,R2,233,2332.240679502487,0.0003170626296196133,0.9952644109725952,0.003419221844524145,0.0006103609339334071,0.0003888999344781041,Light_XM
/home/lmy/iot-device-classification/dataset/light_xm/round2_normal/light_xm_r2.pcapng,R2,234,2340.066620826721,0.0001344743650406599,0.025910597294569016,0.9730646014213562,0.0007726883632130921,0.00011765056842705235,Light_XM
/home/lmy/iot-device-classification/dataset/light_xm/round2_normal/light_xm_r2.pcapng,R2,235,2353.554414749145,6.042463792255148e-05,0.9708295464515686,0.02184397168457508,0.007153060287237167,0.00011304677900625393,Light_XM
/home/lmy/iot-device-classification/dataset/light_xm/round2_normal/light_xm_r2.pcapng,R2,236,2362.414903640747,0.00025080310297198594,0.48096197843551636,0.5182275772094727,0.00034138443879783154,0.00021827891760040075,Light_XM
/home/lmy/iot-device-classification/dataset/light_xm/round2_normal/light_xm_r2.pcapng,R2,237,2372.6603105068207,0.00011298195749986917,0.20930473506450653,0.7902109026908875,0.0002683167695067823,0.00010302400187356398,Light_XM
/home/lmy/iot-device-classification/dataset/light_xm/round2_normal/light_xm_r2.pcapng,R2,238,2382.808373451233,8.963520667748526e-05,0.9790704250335693,0.014644775539636612,0.006035445258021355,0.0001597572845639661,Light_XM
/home/lmy/iot-device-classification/dataset/light_xm/round2_normal/light_xm_r2.pcapng,R2,239,2392.588686466217,0.00013178990047890693,0.46310171484947205,0.4789973199367523,0.05738387629389763,0.00038532307371497154,Light_XM
/home/lmy/iot-device-classification/dataset/light_xm/round2_normal/light_xm_r2.pcapng,R2,240,2406.0537028312683,5.898951712879352e-06,0.011940180324018002,0.9879729747772217,6.47378692519851e-05,1.6203232007683255e-05,Light_XM
/home/lmy/iot-device-classification/dataset/light_xm/round2_normal/light_xm_r2.pcapng,R2,241,2413.6314203739166,1.5574747521895915e-05,0.9834555387496948,0.015980757772922516,0.0005102109280414879,3.799326077569276e-05,Light_XM
/home/lmy/iot-device-classification/dataset/light_xm/round2_normal/light_xm_r2.pcapng,R2,242,2422.843548297882,0.0006818257388658822,0.8913329243659973,0.10258352011442184,0.004566296935081482,0.000835386395920068,Light_XM
/home/lmy/iot-device-classification/dataset/light_xm/round2_normal/light_xm_r2.pcapng,R2,243,2434.3085815906525,0.00015569610695820302,0.9691300988197327,0.014160700142383575,0.016329430043697357,0.0002240805624751374,Light_XM
/home/lmy/iot-device-classification/dataset/light_xm/round2_normal/light_xm_r2.pcapng,R2,244,2440.216879606247,0.0002273374266223982,0.9912258982658386,0.0014351254794746637,0.006894832942634821,0.00021684188686776906,Light_XM
/home/lmy/iot-device-classification/dataset/light_xm/round2_normal/light_xm_r2.pcapng,R2,245,2450.0458199977875,0.00014494749484583735,0.8929386734962463,0.10618339478969574,0.0006009262287989259,0.00013208171003498137,Light_XM
/home/lmy/iot-device-classification/dataset/light_xm/round2_normal/light_xm_r2.pcapng,R2,246,2464.323947906494,0.00019105843966826797,0.4424913227558136,0.5473942756652832,0.009605204686522484,0.0003180952335242182,Light_XM
/home/lmy/iot-device-classification/dataset/light_xm/round2_normal/light_xm_r2.pcapng,R2,247,2473.721449613571,0.0001091914891730994,0.913413941860199,0.08434316515922546,0.0018817633390426636,0.0002519919944461435,Light_XM
/home/lmy/iot-device-classification/dataset/light_xm/round2_normal/light_xm_r2.pcapng,R2,248,2480.695337533951,5.00716341775842e-05,0.265057235956192,0.7347549796104431,8.88770300662145e-05,4.885932139586657e-05,Light_XM
/home/lmy/iot-device-classification/dataset/light_xm/round2_normal/light_xm_r2.pcapng,R2,249,2497.3588874340057,6.0848542489111423e-05,0.4138875901699066,0.5823844075202942,0.003527791704982519,0.00013930973364040256,Light_XM
/home/lmy/iot-device-classification/dataset/light_xm/round2_normal/light_xm_r2.pcapng,R2,250,2503.494690895081,6.977441807975993e-05,0.9590361714363098,0.035484980791807175,0.005215206183493137,0.00019388254440855235,Light_XM
/home/lmy/iot-device-classification/dataset/light_xm/round2_normal/light_xm_r2.pcapng,R2,251,2510.7162294387817,0.00014612681115977466,0.20086324214935303,0.7986673712730408,0.00022895964502822608,9.431633225176483e-05,Light_XM
/home/lmy/iot-device-classification/dataset/light_xm/round2_normal/light_xm_r2.pcapng,R2,252,2526.4701960086823,0.40421155095100403,0.4391310513019562,0.0842895433306694,0.059756454080343246,0.012611379846930504,Light_XM
/home/lmy/iot-device-classification/dataset/light_xm/round2_normal/light_xm_r2.pcapng,R2,253,2533.49622631073,4.219284528517164e-05,0.7691055536270142,0.0013869964750483632,0.22940337657928467,6.18802077951841e-05,Light_XM
/home/lmy/iot-device-classification/dataset/light_xm/round2_normal/light_xm_r2.pcapng,R2,254,2540.883027076721,6.157301686471328e-05,0.8494411110877991,0.14982880651950836,0.0006038476130925119,6.471136293839663e-05,Light_XM
/home/lmy/iot-device-classification/dataset/light_xm/round2_normal/light_xm_r2.pcapng,R2,255,2554.071232318878,0.004953841678798199,0.9528917074203491,0.0027444299776107073,0.03901790827512741,0.0003921235620509833,Light_XM
/home/lmy/iot-device-classification/dataset/light_xm/round2_normal/light_xm_r2.pcapng,R2,256,2560.139673948288,0.0001658428373048082,0.5338476300239563,0.0013252878561615944,0.4645286500453949,0.00013258180115371943,Light_XM
/home/lmy/iot-device-classification/dataset/light_xm/round2_normal/light_xm_r2.pcapng,R2,257,2571.715159893036,8.74333709361963e-05,0.9896809458732605,0.007649287581443787,0.002460937015712261,0.0001213874711538665,Light_XM
/home/lmy/iot-device-classification/dataset/light_xm/round2_normal/light_xm_r2.pcapng,R2,258,2580.5018174648285,0.0004650789196603,0.8411719799041748,0.15619459748268127,0.00204037269577384,0.00012795526708941907,Light_XM
/home/lmy/iot-device-classification/dataset/light_xm/round2_normal/light_xm_r2.pcapng,R2,259,2590.1282818317413,1.6842208424350247e-05,0.9932352900505066,0.005454069469124079,0.001225956017151475,6.788317114114761e-05,Light_XM
/home/lmy/iot-device-classification/dataset/light_xm/round2_normal/light_xm_r2.pcapng,R2,260,2601.915321111679,0.00025917409220710397,0.2650168538093567,0.7308459281921387,0.003493228927254677,0.0003848287451546639,Light_XM
/home/lmy/iot-device-classification/dataset/light_xm/round2_normal/light_xm_r2.pcapng,R2,261,2611.791841506958,0.00012464329483918846,0.7668280005455017,0.23218463361263275,0.0007436487940140069,0.00011914412607438862,Light_XM
/home/lmy/iot-device-classification/dataset/light_xm/round2_normal/light_xm_r2.pcapng,R2,262,2620.5891613960266,2.944315019703936e-05,0.9868576526641846,0.012037869542837143,0.0009964960627257824,7.851760892663151e-05,Light_XM
/home/lmy/iot-device-classification/dataset/light_xm/round2_normal/light_xm_r2.pcapng,R2,263,2636.680546283722,2.9575609005405568e-05,0.2728992700576782,0.7266173362731934,0.0003262095560785383,0.0001276508701266721,Light_XM
/home/lmy/iot-device-classification/dataset/light_xm/round2_normal/light_xm_r2.pcapng,R2,264,2644.0443754196167,5.0223876314703375e-05,0.9114061594009399,0.08668111264705658,0.001718310173600912,0.0001441926578991115,Light_XM
/home/lmy/iot-device-classification/dataset/light_xm/round2_normal/light_xm_r2.pcapng,R2,265,2651.8777618408203,0.0001265334285562858,0.9885176420211792,0.0013259976403787732,0.009783931076526642,0.0002458615053910762,Light_XM
/home/lmy/iot-device-classification/dataset/light_xm/round2_normal/light_xm_r2.pcapng,R2,266,2660.6349222660065,0.00015087504289112985,0.9709571003913879,0.027973024174571037,0.0008240118040703237,9.495100675849244e-05,Light_XM
/home/lmy/iot-device-classification/dataset/light_xm/round2_normal/light_xm_r2.pcapng,R2,267,2670.0068638324738,0.000315155484713614,0.9621458649635315,0.034693874418735504,0.002524815732613206,0.00032029495923779905,Light_XM
/home/lmy/iot-device-classification/dataset/light_xm/round2_normal/light_xm_r2.pcapng,R2,268,2682.1672122478485,9.359783871332183e-05,0.9880907535552979,0.009644048288464546,0.0019804565235972404,0.00019107766274828464,Light_XM
/home/lmy/iot-device-classification/dataset/light_xm/round2_normal/light_xm_r2.pcapng,R2,269,2691.884984254837,4.9411977670388296e-05,0.9896199107170105,0.00021488960192073137,0.01007117424160242,4.465558231458999e-05,Light_XM
/home/lmy/iot-device-classification/dataset/light_xm/round2_normal/light_xm_r2.pcapng,R2,270,2700.1763372421265,9.76619849097915e-05,0.5281085968017578,0.4702843427658081,0.001304477802477777,0.0002049653703579679,Light_XM
/home/lmy/iot-device-classification/dataset/light_xm/round2_normal/light_xm_r2.pcapng,R2,271,2710.049780845642,0.00012433956726454198,0.968612551689148,0.015138598158955574,0.01582615077495575,0.00029834138695150614,Light_XM
/home/lmy/iot-device-classification/dataset/light_xm/round2_normal/light_xm_r2.pcapng,R2,272,2728.156874895096,0.000554538972210139,0.9648932218551636,0.015822533518075943,0.017574474215507507,0.0011552356882020831,Light_XM
/home/lmy/iot-device-classification/dataset/light_xm/round2_normal/light_xm_r2.pcapng,R2,273,2730.308806657791,0.00021714936883654445,0.9319149255752563,0.06212642788887024,0.005392115563154221,0.0003494037373457104,Light_XM
/home/lmy/iot-device-classification/dataset/light_xm/round2_normal/light_xm_r2.pcapng,R2,274,2740.202795267105,0.00024451743229292333,0.9773644804954529,0.01941002905368805,0.002724618650972843,0.000256346189416945,Light_XM
/home/lmy/iot-device-classification/dataset/light_xm/round2_normal/light_xm_r2.pcapng,R2,275,2750.177409172058,8.703397179488093e-05,0.34021881222724915,0.6591628789901733,0.00046113741700537503,7.010397530393675e-05,Light_XM
/home/lmy/iot-device-classification/dataset/light_xm/round2_normal/light_xm_r2.pcapng,R2,276,2760.05424952507,0.0001643901487113908,0.12562790513038635,0.8625392913818359,0.011530361138284206,0.00013804491027258337,Light_XM
/home/lmy/iot-device-classification/dataset/light_xm/round2_normal/light_xm_r2.pcapng,R2,277,2770.0629708766937,2.0411640434758738e-05,0.9908570647239685,0.0033269887790083885,0.0057387216947972775,5.677762601408176e-05,Light_XM
/home/lmy/iot-device-classification/dataset/light_xm/round2_normal/light_xm_r2.pcapng,R2,278,2780.078015089035,0.0004066589171998203,0.993362545967102,0.004513051826506853,0.0016169591108337045,0.00010081630171043798,Light_XM
/home/lmy/iot-device-classification/dataset/light_xm/round2_normal/light_xm_r2.pcapng,R2,279,2790.0362265110016,0.00020402594236657023,0.9721840620040894,0.027286307886242867,0.00021078567078802735,0.00011482163245091215,Light_XM
/home/lmy/iot-device-classification/dataset/light_xm/round2_normal/light_xm_r2.pcapng,R2,280,2800.1115260124207,0.00010251707135466859,0.9772579073905945,0.01778438687324524,0.004679546691477299,0.00017563886649440974,Light_XM
/home/lmy/iot-device-classification/dataset/light_xm/round2_normal/light_xm_r2.pcapng,R2,281,2810.17089343071,0.000187606958206743,0.8818886876106262,0.1063932478427887,0.01102867629379034,0.000501776987221092,Light_XM
/home/lmy/iot-device-classification/dataset/light_xm/round2_normal/light_xm_r2.pcapng,R2,282,2820.2237465381622,4.018776962766424e-05,0.9968734383583069,0.002553062979131937,0.0004333913675509393,9.996760491048917e-05,Light_XM
/home/lmy/iot-device-classification/dataset/light_xm/round2_normal/light_xm_r2.pcapng,R2,283,2830.311231136322,0.0005389234866015613,0.8305948972702026,0.0044946796260774136,0.1637260615825653,0.000645453343167901,Light_XM
/home/lmy/iot-device-classification/dataset/light_xm/round2_normal/light_xm_r2.pcapng,R2,284,2840.345153093338,0.00015362311387434602,0.4871721565723419,0.5003973245620728,0.011878087185323238,0.0003987850795965642,Light_XM
/home/lmy/iot-device-classification/dataset/light_xm/round2_normal/light_xm_r2.pcapng,R2,285,2850.404805421829,0.0007135352934710681,0.6615695953369141,0.1853393018245697,0.15161503851413727,0.0007625636062584817,Light_XM
/home/lmy/iot-device-classification/dataset/light_xm/round2_normal/light_xm_r2.pcapng,R2,286,2860.492600440979,0.00016924377996474504,0.7228385806083679,0.03196568042039871,0.24452735483646393,0.0004991368041373789,Light_XM
/home/lmy/iot-device-classification/dataset/light_xm/round2_normal/light_xm_r2.pcapng,R2,287,2870.5660679340363,5.556102405535057e-05,0.002193660009652376,0.9943060278892517,0.0033156920690089464,0.00012909113138448447,Light_XM
/home/lmy/iot-device-classification/dataset/light_xm/round2_normal/light_xm_r2.pcapng,R2,288,2880.625625371933,0.00016439378669019789,0.9582843780517578,0.03968197852373123,0.0014876385685056448,0.0003815928939729929,Light_XM
/home/lmy/iot-device-classification/dataset/light_xm/round2_normal/light_xm_r2.pcapng,R2,289,2890.683032274246,0.00018667294352781028,0.9514856934547424,0.024479754269123077,0.023415563628077507,0.0004322668246459216,Light_XM
/home/lmy/iot-device-classification/dataset/light_xm/round2_normal/light_xm_r2.pcapng,R2,290,2900.732597351074,0.00011206108320038766,0.8341256976127625,0.16506265103816986,0.0005664580967277288,0.00013315123214852065,Light_XM
/home/lmy/iot-device-classification/dataset/light_xm/round2_normal/light_xm_r2.pcapng,R2,291,2910.824589729309,0.00019166561833117157,0.4064878821372986,0.5872482061386108,0.00568564934656024,0.000386588741093874,Light_XM
/home/lmy/iot-device-classification/dataset/light_xm/round2_normal/light_xm_r2.pcapng,R2,292,2920.870623588562,0.0003461213782429695,0.1636037975549698,0.01187417097389698,0.8236344456672668,0.0005414525512605906,Light_XM
/home/lmy/iot-device-classification/dataset/light_xm/round2_normal/light_xm_r2.pcapng,R2,293,2931.011352777481,0.00010703736188588664,0.8487629890441895,0.15042369067668915,0.0005947969038970768,0.000111535751784686,Light_XM
/home/lmy/iot-device-classification/dataset/light_xm/round2_normal/light_xm_r2.pcapng,R2,294,2940.99509716034,8.958256512414664e-05,0.41768789291381836,0.5820888876914978,5.9083657106384635e-05,7.45921497582458e-05,Light_XM
/home/lmy/iot-device-classification/dataset/light_xm/round2_normal/light_xm_r2.pcapng,R2,295,2951.1085319519043,5.511100243893452e-05,0.9690407514572144,0.02415231429040432,0.006578594446182251,0.00017323521024081856,Light_XM
/home/lmy/iot-device-classification/dataset/light_xm/round2_normal/light_xm_r2.pcapng,R2,296,2961.138027906418,0.00046333528007380664,0.3620342016220093,0.6226984858512878,0.014259861782193184,0.000544080336112529,Light_XM
/home/lmy/iot-device-classification/dataset/light_xm/round2_normal/light_xm_r2.pcapng,R2,297,2971.277267217636,9.930743544828147e-05,0.7654785513877869,0.23400546610355377,0.00030369070009328425,0.00011300573532935232,Light_XM
/home/lmy/iot-device-classification/dataset/light_xm/round2_normal/light_xm_r2.pcapng,R2,298,2981.281041622162,0.00017368968110531569,0.8536267280578613,0.139181986451149,0.006787106394767761,0.00023043699911795557,Light_XM
/home/lmy/iot-device-classification/dataset/light_xm/round2_normal/light_xm_r2.pcapng,R2,299,2991.475614786148,5.3386793297249824e-05,0.9853997826576233,0.004427311941981316,0.009999972768127918,0.0001194731958094053,Light_XM
/home/lmy/iot-device-classification/dataset/light_xm/round2_normal/light_xm_r2.pcapng,R2,300,3001.4458496570587,0.00016835454152897,0.6983398199081421,0.196651428937912,0.10450642555952072,0.00033398205414414406,Light_XM
/home/lmy/iot-device-classification/dataset/light_xm/round2_normal/light_xm_r2.pcapng,R2,301,3011.50253200531,9.09594091353938e-05,0.7546419501304626,0.010273616760969162,0.23484668135643005,0.00014683892368339002,Light_XM
/home/lmy/iot-device-classification/dataset/light_xm/round2_normal/light_xm_r2.pcapng,R2,302,3021.584065437317,0.00011559551057871431,0.545941948890686,0.45285725593566895,0.0008441987447440624,0.00024104079056996852,Light_XM
/home/lmy/iot-device-classification/dataset/light_xm/round2_normal/light_xm_r2.pcapng,R2,303,3031.6170179843903,0.0015751766040921211,0.849244236946106,0.14822271466255188,0.0006265479023568332,0.00033132167300209403,Light_XM
/home/lmy/iot-device-classification/dataset/light_xm/round2_normal/light_xm_r2.pcapng,R2,304,3041.6646020412445,1.2860515198553912e-05,0.9865933060646057,0.001278633251786232,0.012076585553586483,3.86613464797847e-05,Light_XM
/home/lmy/iot-device-classification/dataset/light_xm/round2_normal/light_xm_r2.pcapng,R2,305,3051.750479698181,0.0002705149236135185,0.35876378417015076,0.6292786598205566,0.011206631548702717,0.0004803836636710912,Light_XM
/home/lmy/iot-device-classification/dataset/light_xm/round2_normal/light_xm_r2.pcapng,R2,306,3061.872005939484,0.00010197127994615585,0.9075969457626343,0.0918181985616684,0.00038580625550821424,9.711700840853155e-05,Light_XM
/home/lmy/iot-device-classification/dataset/light_xm/round2_normal/light_xm_r2.pcapng,R2,307,3071.900321483612,0.0001423366484232247,0.8680278658866882,0.03724653273820877,0.09420182555913925,0.00038150118780322373,Light_XM
/home/lmy/iot-device-classification/dataset/light_xm/round2_normal/light_xm_r2.pcapng,R2,308,3081.937094449997,8.091788913588971e-05,0.2960105538368225,0.7032414674758911,0.0005083167343400419,0.000158758950419724,Light_XM
/home/lmy/iot-device-classification/dataset/light_xm/round2_normal/light_xm_r2.pcapng,R2,309,3091.957583665848,7.035348244244233e-05,0.5332860946655273,0.45019352436065674,0.016261840239167213,0.0001881922216853127,Light_XM
/home/lmy/iot-device-classification/dataset/light_xm/round2_normal/light_xm_r2.pcapng,R2,310,3102.062719345093,7.311955414479598e-05,0.9910470843315125,0.0008397373603656888,0.007944519631564617,9.559534373693168e-05,Light_XM
/home/lmy/iot-device-classification/dataset/light_xm/round2_normal/light_xm_r2.pcapng,R2,311,3111.959956407547,4.0405066101811826e-05,0.43638676404953003,0.5598630905151367,0.0036012972705066204,0.00010845737415365875,Light_XM
/home/lmy/iot-device-classification/dataset/light_xm/round2_normal/light_xm_r2.pcapng,R2,312,3122.318622589112,2.764545388345141e-05,0.17773452401161194,0.8221091032028198,8.788573177298531e-05,4.087962588528171e-05,Light_XM
/home/lmy/iot-device-classification/dataset/light_xm/round2_normal/light_xm_r2.pcapng,R2,313,3132.267417192459,6.106505315983668e-05,0.9615827798843384,0.00417651841416955,0.03397861123085022,0.0002009599411394447,Light_XM
/home/lmy/iot-device-classification/dataset/light_xm/round2_normal/light_xm_r2.pcapng,R2,314,3142.307316303253,6.955757999094203e-05,0.270049124956131,0.7295693159103394,0.00023607045295648277,7.58598034735769e-05,Light_XM
/home/lmy/iot-device-classification/dataset/light_xm/round2_normal/light_xm_r2.pcapng,R2,315,3152.4144802093506,9.83641657512635e-05,0.8997973203659058,0.09986145794391632,0.00018736330093815923,5.545001840800978e-05,Light_XM
/home/lmy/iot-device-classification/dataset/light_xm/round2_normal/light_xm_r2.pcapng,R2,316,3162.5015094280243,1.598679409653414e-05,0.9962014555931091,0.0013372635003179312,0.0024180570617318153,2.721217242651619e-05,Light_XM
/home/lmy/iot-device-classification/dataset/light_xm/round2_normal/light_xm_r2.pcapng,R2,317,3172.5355927944183,9.929128282237798e-05,0.384326308965683,0.6149071455001831,0.0005773312295787036,8.991632057586685e-05,Light_XM
/home/lmy/iot-device-classification/dataset/light_xm/round2_normal/light_xm_r2.pcapng,R2,318,3182.6463646888733,8.180442091543227e-05,0.9422926902770996,0.05488443002104759,0.002663786057382822,7.73151550674811e-05,Light_XM
/home/lmy/iot-device-classification/dataset/light_xm/round2_normal/light_xm_r2.pcapng,R2,319,3192.684433221817,0.9031590223312378,0.06343238800764084,0.019388169050216675,0.01043475791811943,0.0035856468603014946,Light_XM
/home/lmy/iot-device-classification/dataset/light_xm/round2_normal/light_xm_r2.pcapng,R2,320,3202.762677907944,0.00020672685059253126,0.9215099215507507,0.0775369256734848,0.0006483640754595399,9.811217023525387e-05,Light_XM
/home/lmy/iot-device-classification/dataset/light_xm/round2_normal/light_xm_r2.pcapng,R2,321,3212.859755516052,9.615249291528016e-05,0.20071548223495483,0.7988994717597961,0.0002007040602620691,8.820782386464998e-05,Light_XM
/home/lmy/iot-device-classification/dataset/light_xm/round2_normal/light_xm_r2.pcapng,R2,322,3222.8548934459686,1.9650326066766866e-05,0.9926296472549438,0.004861496854573488,0.002432457637041807,5.677508670487441e-05,Light_XM
/home/lmy/iot-device-classification/dataset/light_xm/round2_normal/light_xm_r2.pcapng,R2,323,3232.938750743866,0.000217161956243217,0.8648872375488281,0.13393300771713257,0.0007659458206035197,0.00019662667182274163,Light_XM
/home/lmy/iot-device-classification/dataset/light_xm/round2_normal/light_xm_r2.pcapng,R2,324,3243.014138698578,6.544703501276672e-05,0.7836788296699524,0.2155928909778595,0.0005661098402924836,9.6671145001892e-05,Light_XM
/home/lmy/iot-device-classification/dataset/light_xm/round2_normal/light_xm_r2.pcapng,R2,325,3253.0879855155945,1.8497827113606036e-05,0.9985404014587402,0.0010944956447929144,0.00030322145903483033,4.342280954006128e-05,Light_XM
/home/lmy/iot-device-classification/dataset/light_xm/round2_normal/light_xm_r2.pcapng,R2,326,3263.1271574497223,8.976391836768016e-05,0.37247133255004883,0.6270506978034973,0.00030542074819095433,8.277652523247525e-05,Light_XM
/home/lmy/iot-device-classification/dataset/light_xm/round2_normal/light_xm_r2.pcapng,R2,327,3272.524531841278,1.763341060723178e-05,0.9793944954872131,0.01922568865120411,0.0013006057124584913,6.159632903290913e-05,Light_XM
/home/lmy/iot-device-classification/dataset/light_xm/round2_normal/light_xm_r2.pcapng,R2,328,3283.236911058426,0.00015164402429945767,0.9706013798713684,0.028189942240715027,0.0008881944231688976,0.00016878274618647993,Light_XM
/home/lmy/iot-device-classification/dataset/light_xm/round2_normal/light_xm_r2.pcapng,R2,329,3292.1280171871185,0.00011441761307651177,0.9258667230606079,0.0736084058880806,0.0002868610026780516,0.00012358416279312223,Light_XM
/home/lmy/iot-device-classification/dataset/light_xm/round2_normal/light_xm_r2.pcapng,R2,330,3303.40980386734,0.00012592074926942587,0.8741779327392578,0.12468650937080383,0.0008952852222137153,0.00011432252358645201,Light_XM
/home/lmy/iot-device-classification/dataset/light_xm/round2_normal/light_xm_r2.pcapng,R2,331,3313.4544904232025,5.440474342321977e-05,0.9925238490104675,0.0007544614491052926,0.006524925585836172,0.00014236987044569105,Light_XM
/home/lmy/iot-device-classification/dataset/light_xm/round2_normal/light_xm_r2.pcapng,R2,332,3323.516639471054,0.00015577941667288542,0.16503459215164185,0.834477961063385,0.00023445820261258632,9.718981164041907e-05,Light_XM
/home/lmy/iot-device-classification/dataset/light_xm/round2_normal/light_xm_r2.pcapng,R2,333,3333.5944771766663,0.000253163103479892,0.9238442182540894,0.06787903606891632,0.007593546062707901,0.00042999981087632477,Light_XM
/home/lmy/iot-device-classification/dataset/light_xm/round2_normal/light_xm_r2.pcapng,R2,334,3343.631558895111,6.489582301583141e-05,0.9623361229896545,0.03656568005681038,0.0009529030648991466,8.044790592975914e-05,Light_XM
/home/lmy/iot-device-classification/dataset/light_xm/round2_normal/light_xm_r2.pcapng,R2,335,3353.7083151340485,0.00011291101691313088,0.18814443051815033,0.8114717602729797,0.0002097003598464653,6.116670556366444e-05,Light_XM
/home/lmy/iot-device-classification/dataset/light_xm/round2_normal/light_xm_r2.pcapng,R2,336,3363.787456035614,0.0010841621551662683,0.906731367111206,0.06220252066850662,0.029093511402606964,0.0008884022245183587,Light_XM
/home/lmy/iot-device-classification/dataset/light_xm/round2_normal/light_xm_r2.pcapng,R2,337,3373.862365245819,0.00010253005166305229,0.8804839849472046,0.0036430922336876392,0.11555019021034241,0.00022014313435647637,Light_XM
/home/lmy/iot-device-classification/dataset/light_xm/round2_normal/light_xm_r2.pcapng,R2,338,3383.8984880447388,0.1498660147190094,0.17905397713184357,0.5397458672523499,0.11054334789514542,0.020790794864296913,Light_XM
/home/lmy/iot-device-classification/dataset/light_xm/round2_normal/light_xm_r2.pcapng,R2,339,3390.0583460330963,0.00018893413653131574,0.7802897691726685,0.21670088171958923,0.0026275962591171265,0.00019280388369224966,Light_XM
/home/lmy/iot-device-classification/dataset/light_xm/round2_normal/light_xm_r2.pcapng,R2,340,3404.0607516765594,5.8641802752390504e-05,0.9039794206619263,0.01569894328713417,0.08008826524019241,0.0001746883208397776,Light_XM
/home/lmy/iot-device-classification/dataset/light_xm/round2_normal/light_xm_r2.pcapng,R2,341,3414.184970855713,7.157216168707237e-05,0.16536499559879303,0.8342033624649048,0.0002787243283819407,8.133688243106008e-05,Light_XM
/home/lmy/iot-device-classification/dataset/light_xm/round2_normal/light_xm_r2.pcapng,R2,342,3424.167196035385,8.249712846009061e-05,0.9617906212806702,0.037566542625427246,0.0005085102166049182,5.184785550227389e-05,Light_XM
/home/lmy/iot-device-classification/dataset/light_xm/round2_normal/light_xm_r2.pcapng,R2,343,3434.240665435791,8.355577301699668e-05,0.8611602187156677,0.10307524353265762,0.035518843680620193,0.00016219026292674243,Light_XM
/home/lmy/iot-device-classification/dataset/light_xm/round2_normal/light_xm_r2.pcapng,R2,344,3444.3967547416687,0.0001829378743423149,0.3681749701499939,0.6209871768951416,0.010374525561928749,0.00028040778124704957,Light_XM
/home/lmy/iot-device-classification/dataset/light_xm/round2_normal/light_xm_r2.pcapng,R2,345,3454.0271830558777,0.0001982988032978028,0.8764433264732361,0.12002570182085037,0.002833659527823329,0.0004990699235349894,Light_XM
/home/lmy/iot-device-classification/dataset/light_xm/round2_normal/light_xm_r2.pcapng,R2,346,3464.270911216736,0.00012913446698803455,0.9380248188972473,0.014267095364630222,0.04727727174758911,0.00030166967189870775,Light_XM
/home/lmy/iot-device-classification/dataset/light_xm/round2_normal/light_xm_r2.pcapng,R2,347,3474.5283274650574,0.00012054321996401995,0.5865218639373779,0.4124261140823364,0.0008333902223967016,9.807284368434921e-05,Light_XM
/home/lmy/iot-device-classification/dataset/light_xm/round2_normal/light_xm_r2.pcapng,R2,348,3484.5431480407715,8.637340215500444e-05,0.6532604098320007,0.34603774547576904,0.0004826779186259955,0.00013284888700582087,Light_XM
/home/lmy/iot-device-classification/dataset/light_xm/round2_normal/light_xm_r2.pcapng,R2,349,3494.337672233581,0.00019651491311378777,0.7975521683692932,0.05410968139767647,0.1476215422153473,0.0005201558233238757,Light_XM
/home/lmy/iot-device-classification/dataset/light_xm/round2_normal/light_xm_r2.pcapng,R2,350,3504.163938760757,0.00046267439029179513,0.4612141251564026,0.5362489819526672,0.0017254314152523875,0.0003488220681902021,Light_XM
/home/lmy/iot-device-classification/dataset/light_xm/round2_normal/light_xm_r2.pcapng,R2,351,3514.095274209976,0.0003059688024222851,0.5275564193725586,0.45863986015319824,0.012393072247505188,0.0011046541621908545,Light_XM
/home/lmy/iot-device-classification/dataset/light_xm/round2_normal/light_xm_r2.pcapng,R2,352,3524.409143447876,2.511030834284611e-05,0.9949883222579956,0.0022964351810514927,0.002637833124026656,5.232753755990416e-05,Light_XM
/home/lmy/iot-device-classification/dataset/light_xm/round2_normal/light_xm_r2.pcapng,R2,353,3534.9150738716125,0.0003895192639902234,0.8668379783630371,0.12878872454166412,0.003759650979191065,0.00022406340576708317,Light_XM
/home/lmy/iot-device-classification/dataset/light_xm/round2_normal/light_xm_r2.pcapng,R2,354,3544.0892815589905,0.00016256351955235004,0.7935872077941895,0.2056257277727127,0.0004828413075301796,0.00014168444613460451,Light_XM
/home/lmy/iot-device-classification/dataset/light_xm/round2_normal/light_xm_r2.pcapng,R2,355,3554.3612942695618,0.00020584212325047702,0.9543153047561646,0.041438572108745575,0.0037369204219430685,0.00030340280500240624,Light_XM
/home/lmy/iot-device-classification/dataset/light_xm/round2_normal/light_xm_r2.pcapng,R2,356,3565.113913536072,0.00013301539001986384,0.18068183958530426,0.8180568218231201,0.0008070615585893393,0.0003212883311789483,Light_XM
/home/lmy/iot-device-classification/dataset/light_xm/round2_normal/light_xm_r2.pcapng,R2,357,3572.51921749115,0.00027021183632314205,0.7207900285720825,0.27849361300468445,0.00024204383953474462,0.00020406543626450002,Light_XM
/home/lmy/iot-device-classification/dataset/light_xm/round2_normal/light_xm_r2.pcapng,R2,358,3584.3800823688507,0.002383317332714796,0.8585955500602722,0.11885704100131989,0.018810495734214783,0.0013536082115024328,Light_XM
/home/lmy/iot-device-classification/dataset/light_xm/round2_normal/light_xm_r2.pcapng,R2,359,3593.8043570518494,8.037388033699244e-05,0.977993905544281,0.021313149482011795,0.0004961807280778885,0.0001163922279374674,Light_XM
/home/lmy/iot-device-classification/dataset/light_xm/round2_normal/light_xm_r2.pcapng,R2,360,3602.6649763584137,8.568036719225347e-05,0.962508499622345,0.020456068217754364,0.01677527464926243,0.0001744280889397487,Light_XM
/home/lmy/iot-device-classification/dataset/light_xm/round2_normal/light_xm_r2.pcapng,R2,361,3614.419595479965,0.0002736150345299393,0.5994382500648499,0.35266831517219543,0.04697997495532036,0.000639862148091197,Light_XM
/home/lmy/iot-device-classification/dataset/light_xm/round2_normal/light_xm_r2.pcapng,R2,362,3626.805492401123,0.047160133719444275,0.43001604080200195,0.0034500251058489084,0.5170186758041382,0.002355133881792426,Light_XM
/home/lmy/iot-device-classification/dataset/light_xm/round2_normal/light_xm_r2.pcapng,R2,363,3630.625636339188,0.00048008933663368225,0.9462184906005859,0.05041727051138878,0.002544867107644677,0.0003392932703718543,Light_XM
/home/lmy/iot-device-classification/dataset/light_xm/round2_normal/light_xm_r2.pcapng,R2,364,3644.452465057373,0.013616637326776981,0.1368331015110016,0.002949652960523963,0.845964252948761,0.0006363699212670326,Light_XM
/home/lmy/iot-device-classification/dataset/sensor/round2_normal/sensor_r2.pcapng,R2,0,0.0,0.0009292747708968818,0.013307382352650166,0.000912864925339818,0.9845468401908875,0.0003035719564650208,Sensor
/home/lmy/iot-device-classification/dataset/sensor/round2_normal/sensor_r2.pcapng,R2,1,12.231725692749023,0.017424991354346275,0.00533100264146924,0.004674780182540417,0.9719570875167847,0.0006121699116192758,Sensor
/home/lmy/iot-device-classification/dataset/sensor/round2_normal/sensor_r2.pcapng,R2,2,22.19470477104187,1.1356686627550516e-05,0.000750020844861865,0.0001643178693484515,0.9990517497062683,2.2547268599737436e-05,Sensor
/home/lmy/iot-device-classification/dataset/sensor/round2_normal/sensor_r2.pcapng,R2,3,31.93545627593994,0.00033564676414243877,0.12482031434774399,0.02795584313571453,0.8458531498908997,0.0010350989177823067,Sensor
/home/lmy/iot-device-classification/dataset/sensor/round2_normal/sensor_r2.pcapng,R2,4,41.02510976791382,4.894112134934403e-05,0.9936097860336304,0.0015674614114686847,0.004678720608353615,9.515501733403653e-05,Sensor
/home/lmy/iot-device-classification/dataset/sensor/round2_normal/sensor_r2.pcapng,R2,5,50.13455557823181,0.0025296425446867943,0.015227149240672588,0.011873995885252953,0.9697943925857544,0.0005748156690970063,Sensor
/home/lmy/iot-device-classification/dataset/sensor/round2_normal/sensor_r2.pcapng,R2,6,61.059731245040894,0.000467414443846792,0.03802749887108803,0.005356585141271353,0.955244779586792,0.0009036806877702475,Sensor
/home/lmy/iot-device-classification/dataset/sensor/round2_normal/sensor_r2.pcapng,R2,7,72.29636287689209,4.6920558816054836e-05,0.0008709342801012099,0.9903987646102905,0.008621247485280037,6.214493623701856e-05,Sensor
/home/lmy/iot-device-classification/dataset/sensor/round2_normal/sensor_r2.pcapng,R2,8,82.3048255443573,1.8351795006310567e-05,0.01483477745205164,0.0001318451832048595,0.9849787354469299,3.631660365499556e-05,Sensor
/home/lmy/iot-device-classification/dataset/sensor/round2_normal/sensor_r2.pcapng,R2,9,92.31539797782898,0.0001356327993562445,0.0014520232798531651,0.00013364620099309832,0.998222291469574,5.638121365336701e-05,Sensor
/home/lmy/iot-device-classification/dataset/sensor/round2_normal/sensor_r2.pcapng,R2,10,100.58269190788268,0.00016136480553541332,0.00018349871970713139,0.001094121253117919,0.9984772801399231,8.378516213269904e-05,Sensor
/home/lmy/iot-device-classification/dataset/sensor/round2_normal/sensor_r2.pcapng,R2,11,110.98202657699584,0.0012860645074397326,0.03131164237856865,0.006153870839625597,0.9607784152030945,0.0004699894052464515,Sensor
/home/lmy/iot-device-classification/dataset/sensor/round2_normal/sensor_r2.pcapng,R2,12,122.3495707511902,0.00010376438876846805,0.003738116007298231,0.06710578501224518,0.9287863373756409,0.00026600618730299175,Sensor
/home/lmy/iot-device-classification/dataset/sensor/round2_normal/sensor_r2.pcapng,R2,13,130.01233792304993,0.005069415550678968,0.007706635165959597,0.011459398083388805,0.974514365196228,0.00125015655066818,Sensor
/home/lmy/iot-device-classification/dataset/sensor/round2_normal/sensor_r2.pcapng,R2,14,140.10409450531006,1.9507375327521004e-05,9.028380736708641e-05,9.500668966211379e-05,0.9997702240943909,2.493929787306115e-05,Sensor
/home/lmy/iot-device-classification/dataset/sensor/round2_normal/sensor_r2.pcapng,R2,15,152.38108110427856,4.912109216093086e-05,0.0004756520502269268,0.0003060912131331861,0.9991455078125,2.359354039072059e-05,Sensor
/home/lmy/iot-device-classification/dataset/sensor/round2_normal/sensor_r2.pcapng,R2,16,162.39047288894653,0.0007550757145509124,0.047395434230566025,0.06676284968852997,0.8846156597137451,0.0004709312052000314,Sensor
/home/lmy/iot-device-classification/dataset/sensor/round2_normal/sensor_r2.pcapng,R2,17,170.49036240577698,2.16291518881917e-05,0.02398126944899559,0.0001440462510799989,0.9758265614509583,2.6519981474848464e-05,Sensor
/home/lmy/iot-device-classification/dataset/sensor/round2_normal/sensor_r2.pcapng,R2,18,181.7045476436615,0.0005417147185653448,0.01164922583848238,0.004584034904837608,0.9825314879417419,0.0006935439887456596,Sensor
/home/lmy/iot-device-classification/dataset/sensor/round2_normal/sensor_r2.pcapng,R2,19,190.02887868881223,0.0002358258789172396,0.25075146555900574,0.0010521867079660296,0.7477779388427734,0.0001826099760364741,Sensor
/home/lmy/iot-device-classification/dataset/sensor/round2_normal/sensor_r2.pcapng,R2,20,202.43132066726685,0.000182057949132286,0.009935401380062103,0.00022132869344204664,0.9895582795143127,0.00010292779188603163,Sensor
/home/lmy/iot-device-classification/dataset/sensor/round2_normal/sensor_r2.pcapng,R2,21,212.4412748813629,9.370424777443986e-06,5.725778464693576e-05,0.0002447106526233256,0.9996694326400757,1.9233099010307342e-05,Sensor
/home/lmy/iot-device-classification/dataset/sensor/round2_normal/sensor_r2.pcapng,R2,22,221.22432684898376,8.859822264639661e-05,0.00046385350287891924,0.002172929933294654,0.9971784353256226,9.61291734711267e-05,Sensor
/home/lmy/iot-device-classification/dataset/sensor/round2_normal/sensor_r2.pcapng,R2,23,231.62305426597595,0.0010375402634963393,0.004552213009446859,0.007931484840810299,0.9857131242752075,0.0007655754452571273,Sensor
/home/lmy/iot-device-classification/dataset/sensor/round2_normal/sensor_r2.pcapng,R2,24,242.46893787384036,1.2521018106781412e-05,0.0006665161345154047,4.0029448427958414e-05,0.999263346195221,1.7595706594875082e-05,Sensor
/home/lmy/iot-device-classification/dataset/sensor/round2_normal/sensor_r2.pcapng,R2,25,252.4785759449005,0.00016845007485244423,0.013493211939930916,0.9649650454521179,0.02114732190966606,0.0002259631728520617,Sensor
/home/lmy/iot-device-classification/dataset/sensor/round2_normal/sensor_r2.pcapng,R2,26,262.48790287971497,1.1211347555217799e-05,5.700133624486625e-05,0.0006520608440041542,0.9992528557777405,2.6827970941667445e-05,Sensor
/home/lmy/iot-device-classification/dataset/sensor/round2_normal/sensor_r2.pcapng,R2,27,271.1400830745697,7.3930190410465e-05,0.0007492327713407576,0.00012486783089116216,0.9990085959434509,4.3405605538282543e-05,Sensor
/home/lmy/iot-device-classification/dataset/sensor/round2_normal/sensor_r2.pcapng,R2,28,282.5055465698242,0.0004015798040200025,0.0799117162823677,0.5843417644500732,0.33463460206985474,0.000710332824382931,Sensor
/home/lmy/iot-device-classification/dataset/sensor/round2_normal/sensor_r2.pcapng,R2,29,291.9372820854187,0.00010133811156265438,0.001458696206100285,0.0012566541554406285,0.9970291256904602,0.00015421080752275884,Sensor
/home/lmy/iot-device-classification/dataset/sensor/round2_normal/sensor_r2.pcapng,R2,30,302.5250279903412,4.447487663128413e-05,0.00010632137855282053,7.144665869418532e-05,0.9997615218162537,1.6203905033762567e-05,Sensor
/home/lmy/iot-device-classification/dataset/sensor/round2_normal/sensor_r2.pcapng,R2,31,312.5336563587189,0.0007355781854130328,0.01707865670323372,0.0833434909582138,0.898453414440155,0.0003888724895659834,Sensor
/home/lmy/iot-device-classification/dataset/sensor/round2_normal/sensor_r2.pcapng,R2,32,322.15154123306274,4.584466660162434e-05,0.0002526302123442292,0.019871914759278297,0.9797354936599731,9.405602759215981e-05,Sensor
/home/lmy/iot-device-classification/dataset/sensor/round2_normal/sensor_r2.pcapng,R2,33,331.4558804035187,5.940067694609752e-06,0.0005169009091332555,0.00011244754568906501,0.9993484616279602,1.6272069842671044e-05,Sensor
/home/lmy/iot-device-classification/dataset/sensor/round2_normal/sensor_r2.pcapng,R2,34,342.3497862815857,0.000268948613665998,0.13100528717041016,0.6793540120124817,0.18884122371673584,0.0005305363447405398,Sensor
/home/lmy/iot-device-classification/dataset/sensor/round2_normal/sensor_r2.pcapng,R2,35,352.5727677345276,4.897466715192422e-05,0.0012651848373934627,0.000136243412271142,0.9985203146934509,2.9243466997286305e-05,Sensor
/home/lmy/iot-device-classification/dataset/sensor/round2_normal/sensor_r2.pcapng,R2,36,362.5824410915375,4.7080000513233244e-05,0.00015418120892718434,5.9657158999470994e-05,0.999722421169281,1.6601701645413414e-05,Sensor
/home/lmy/iot-device-classification/dataset/sensor/round2_normal/sensor_r2.pcapng,R2,37,372.5916764736176,6.604103691643104e-05,0.00047769444063305855,0.0006072157993912697,0.9987899661064148,5.915309156989679e-05,Sensor
/home/lmy/iot-device-classification/dataset/sensor/round2_normal/sensor_r2.pcapng,R2,38,381.3845255374909,0.0012853143271058798,0.02340896800160408,0.04501309618353844,0.929763674736023,0.0005289497785270214,Sensor
/home/lmy/iot-device-classification/dataset/sensor/round2_normal/sensor_r2.pcapng,R2,39,390.23874950408936,0.0002334945456823334,0.0010236093075945973,0.00026155461091548204,0.9984329342842102,4.845056537305936e-05,Sensor
/home/lmy/iot-device-classification/dataset/sensor/round2_normal/sensor_r2.pcapng,R2,40,402.1729271411896,0.0003774917568080127,0.0059318761341273785,0.0024033552035689354,0.9910008311271667,0.000286468566628173,Sensor
/home/lmy/iot-device-classification/dataset/sensor/round2_normal/sensor_r2.pcapng,R2,41,412.57277607917786,0.00040990315028466284,0.017692793160676956,0.001345713622868061,0.979929506778717,0.000622102408669889,Sensor
/home/lmy/iot-device-classification/dataset/sensor/round2_normal/sensor_r2.pcapng,R2,42,422.6405274868012,3.2958153042272897e-06,4.7745128540555015e-05,3.508205190883018e-05,0.9999057054519653,8.122677172650583e-06,Sensor
/home/lmy/iot-device-classification/dataset/sensor/round2_normal/sensor_r2.pcapng,R2,43,430.4788019657135,0.00018111392273567617,0.0004322474997024983,0.020205533131957054,0.9790007472038269,0.00018031132640317082,Sensor
/home/lmy/iot-device-classification/dataset/sensor/round2_normal/sensor_r2.pcapng,R2,44,442.6610748767853,4.5841206883778796e-05,0.00017612174269743264,4.098612043890171e-05,0.9997202754020691,1.674606573942583e-05,Sensor
/home/lmy/iot-device-classification/dataset/sensor/round2_normal/sensor_r2.pcapng,R2,45,452.0923044681549,6.649543502135202e-05,0.0004707704356405884,0.0001364678901154548,0.9992721676826477,5.414255065261386e-05,Sensor
/home/lmy/iot-device-classification/dataset/sensor/round2_normal/sensor_r2.pcapng,R2,46,462.49242997169495,0.00022315808746498078,0.003457690356299281,0.00042975155520252883,0.9956766963005066,0.00021267571719363332,Sensor
/home/lmy/iot-device-classification/dataset/sensor/round2_normal/sensor_r2.pcapng,R2,47,470.71716833114624,6.195558671606705e-05,0.0007481895736418664,9.110408427659422e-05,0.9990513920783997,4.73963373224251e-05,Sensor
/home/lmy/iot-device-classification/dataset/sensor/round2_normal/sensor_r2.pcapng,R2,48,482.700243473053,1.0594548257358838e-05,0.0003135511069558561,0.00016579664952587336,0.9994933605194092,1.6713662262191065e-05,Sensor
/home/lmy/iot-device-classification/dataset/sensor/round2_normal/sensor_r2.pcapng,R2,49,492.7101972103119,9.415058593731374e-05,0.03238383308053017,0.003327338257804513,0.9640831351280212,0.00011155682295793667,Sensor
/home/lmy/iot-device-classification/dataset/sensor/round2_normal/sensor_r2.pcapng,R2,50,502.7203652858734,0.0010149426525458694,0.0053971451707184315,0.02126406505703926,0.9714121222496033,0.0009117312147282064,Sensor
/home/lmy/iot-device-classification/dataset/sensor/round2_normal/sensor_r2.pcapng,R2,51,510.9567174911499,1.2548361155495513e-05,0.00010455138544784859,0.00018476013792678714,0.9996745586395264,2.3599528503837064e-05,Sensor
/home/lmy/iot-device-classification/dataset/sensor/round2_normal/sensor_r2.pcapng,R2,52,522.7427225112915,0.00028340070275589824,0.0005896922084502876,0.8062797784805298,0.1924590766429901,0.00038808977114968,Sensor
/home/lmy/iot-device-classification/dataset/sensor/round2_normal/sensor_r2.pcapng,R2,53,532.7516090869904,4.694374729297124e-05,0.00010736322292359546,6.427259359043092e-05,0.9997633099555969,1.8101325622410513e-05,Sensor
/home/lmy/iot-device-classification/dataset/sensor/round2_normal/sensor_r2.pcapng,R2,54,542.7606384754181,2.419772863504477e-05,0.00010670013580238447,1.389591761835618e-05,0.9998394250869751,1.577123475726694e-05,Sensor
/home/lmy/iot-device-classification/dataset/sensor/round2_normal/sensor_r2.pcapng,R2,55,551.1177084445953,0.0001647068711463362,0.0015721687814220786,0.3387176990509033,0.6591660380363464,0.00037938711466267705,Sensor
/home/lmy/iot-device-classification/dataset/sensor/round2_normal/sensor_r2.pcapng,R2,56,562.7820229530334,0.0001555822673253715,0.00048225163482129574,0.0004281588480807841,0.9988861680030823,4.780920426128432e-05,Sensor
/home/lmy/iot-device-classification/dataset/sensor/round2_normal/sensor_r2.pcapng,R2,57,572.7918756008148,0.0004344090702943504,0.0038859471678733826,0.0004214358050376177,0.9950653910636902,0.00019285999587737024,Sensor
/home/lmy/iot-device-classification/dataset/sensor/round2_normal/sensor_r2.pcapng,R2,58,582.8039767742157,5.644566408591345e-05,0.001874733017757535,0.00200841692276299,0.9959932565689087,6.712280446663499e-05,Sensor
/home/lmy/iot-device-classification/dataset/sensor/round2_normal/sensor_r2.pcapng,R2,59,591.4383327960968,6.871007644804195e-05,0.0006378285470418632,0.00013482922804541886,0.9991310238838196,2.7609194148681127e-05,Sensor
/home/lmy/iot-device-classification/dataset/sensor/round2_normal/sensor_r2.pcapng,R2,60,602.8227722644806,0.0001342349569313228,0.0033427204471081495,0.0017471585888415575,0.9945175051689148,0.0002583616878837347,Sensor
/home/lmy/iot-device-classification/dataset/sensor/round2_normal/sensor_r2.pcapng,R2,61,612.832789182663,0.00013728906924370676,0.0007792961550876498,0.0005108427139930427,0.9984679818153381,0.00010454447328811511,Sensor
/home/lmy/iot-device-classification/dataset/sensor/round2_normal/sensor_r2.pcapng,R2,62,622.137327671051,0.0035672008525580168,0.024569179862737656,0.8346009850502014,0.13494597375392914,0.00231667491607368,Sensor
/home/lmy/iot-device-classification/dataset/sensor/round2_normal/sensor_r2.pcapng,R2,63,632.239795923233,0.00014404792455025017,0.0019041773630306125,0.0003680722729768604,0.9975226521492004,6.1022765294183046e-05,Sensor
/home/lmy/iot-device-classification/dataset/sensor/round2_normal/sensor_r2.pcapng,R2,64,642.4123089313507,0.00042797147762030363,0.00946783646941185,0.17846497893333435,0.8110385537147522,0.0006007250631228089,Sensor
/home/lmy/iot-device-classification/dataset/sensor/round2_normal/sensor_r2.pcapng,R2,65,650.3996846675873,0.0006187994149513543,0.18655431270599365,0.01877685636281967,0.793337881565094,0.000712199485860765,Sensor
/home/lmy/iot-device-classification/dataset/sensor/round2_normal/sensor_r2.pcapng,R2,66,661.9181847572327,3.369581827428192e-05,0.00013749932986684144,0.00025119719794020057,0.9995337724685669,4.382404586067423e-05,Sensor
/home/lmy/iot-device-classification/dataset/sensor/round2_normal/sensor_r2.pcapng,R2,67,672.8934950828552,9.591619163984433e-05,0.0007229343755170703,0.40551337599754333,0.5935081243515015,0.00015962928591761738,Sensor
/home/lmy/iot-device-classification/dataset/sensor/round2_normal/sensor_r2.pcapng,R2,68,682.9021186828613,1.8915043256129138e-05,0.0003806492022704333,4.341505336924456e-05,0.9995424747467041,1.4524591279041488e-05,Sensor
/home/lmy/iot-device-classification/dataset/sensor/round2_normal/sensor_r2.pcapng,R2,69,692.9119896888733,2.938856414402835e-05,0.0012627177638933063,5.5617947509745136e-05,0.9986306428909302,2.164925535907969e-05,Sensor
/home/lmy/iot-device-classification/dataset/sensor/round2_normal/sensor_r2.pcapng,R2,70,702.2385060787201,0.003820067038759589,0.013901403173804283,0.4544234275817871,0.5256709456443787,0.0021841370034962893,Sensor
/home/lmy/iot-device-classification/dataset/sensor/round2_normal/sensor_r2.pcapng,R2,71,712.9324824810028,1.6033292922656983e-05,0.00012815305672120303,4.716673356597312e-05,0.9997947812080383,1.3862986634194385e-05,Sensor
/home/lmy/iot-device-classification/dataset/sensor/round2_normal/sensor_r2.pcapng,R2,72,722.9446935653687,2.362071245443076e-05,4.176648144493811e-05,3.8030881114536896e-05,0.9998841285705566,1.2495671398937702e-05,Sensor
/home/lmy/iot-device-classification/dataset/sensor/round2_normal/sensor_r2.pcapng,R2,73,732.9527766704559,7.983625255292282e-05,0.001074825064279139,0.00474304286763072,0.993974506855011,0.00012785129365511239,Sensor
/home/lmy/iot-device-classification/dataset/sensor/round2_normal/sensor_r2.pcapng,R2,74,740.5281891822815,0.0006099013844504952,0.006051813717931509,0.9363039135932922,0.05578649416565895,0.0012478939024731517,Sensor
/home/lmy/iot-device-classification/dataset/sensor/round2_normal/sensor_r2.pcapng,R2,75,752.9729859828949,4.61534145870246e-05,7.139108492992818e-05,9.338311792816967e-05,0.9997711777687073,1.7914551790454425e-05,Sensor
/home/lmy/iot-device-classification/dataset/sensor/round2_normal/sensor_r2.pcapng,R2,76,762.9843528270721,8.139451529132202e-05,0.001196391647681594,0.0008375809993594885,0.9978183507919312,6.63305982016027e-05,Sensor
/home/lmy/iot-device-classification/dataset/sensor/round2_normal/sensor_r2.pcapng,R2,77,770.6973631381989,3.0239267289289273e-05,0.00031508266692981124,0.000154755893163383,0.999482274055481,1.766684181347955e-05,Sensor
/home/lmy/iot-device-classification/dataset/sensor/round2_normal/sensor_r2.pcapng,R2,78,782.7180740833282,5.450934622786008e-05,0.0014084670692682266,4.582270412356593e-05,0.9984717965126038,1.9380267985980026e-05,Sensor
/home/lmy/iot-device-classification/dataset/sensor/round2_normal/sensor_r2.pcapng,R2,79,793.0122995376587,0.0024715461768209934,0.014574011787772179,0.07376506924629211,0.9080500602722168,0.0011393659515306354,Sensor
/home/lmy/iot-device-classification/dataset/sensor/round2_normal/sensor_r2.pcapng,R2,80,803.021938085556,4.5576216507470235e-05,0.00015998062735889107,3.330692561576143e-05,0.9997431635856628,1.7951897461898625e-05,Sensor
/home/lmy/iot-device-classification/dataset/sensor/round2_normal/sensor_r2.pcapng,R2,81,813.0429999828339,0.0001812198752304539,0.0015515547711402178,7.428380922647193e-05,0.9981443881988525,4.8518810217501596e-05,Sensor
/home/lmy/iot-device-classification/dataset/sensor/round2_normal/sensor_r2.pcapng,R2,82,823.0380578041077,2.290349038958084e-05,0.0009964419296011329,0.0033099220599979162,0.9956313371658325,3.939470843761228e-05,Sensor
/home/lmy/iot-device-classification/dataset/sensor/round2_normal/sensor_r2.pcapng,R2,83,833.0527613162994,0.0001456866302760318,0.0004459537158254534,0.0002396625786786899,0.9991195797920227,4.906597314402461e-05,Sensor
/home/lmy/iot-device-classification/dataset/sensor/round2_normal/sensor_r2.pcapng,R2,84,843.0621116161346,3.507864676066674e-05,0.00015597371384501457,0.02119438908994198,0.9785416722297668,7.296230614883825e-05,Sensor
/home/lmy/iot-device-classification/dataset/sensor/round2_normal/sensor_r2.pcapng,R2,85,853.0723254680634,6.438179116230458e-05,0.0003500656457617879,0.0056562265381217,0.9938534498214722,7.592022302560508e-05,Sensor
/home/lmy/iot-device-classification/dataset/sensor/round2_normal/sensor_r2.pcapng,R2,86,863.0827257633209,0.0008684649365022779,0.04227110370993614,0.01500171422958374,0.9409300684928894,0.0009286131244152784,Sensor
/home/lmy/iot-device-classification/dataset/sensor/round2_normal/sensor_r2.pcapng,R2,87,873.0945248603821,7.697072760493029e-06,0.00029017505585215986,4.973574323230423e-05,0.9996329545974731,1.93649666471174e-05,Sensor
/home/lmy/iot-device-classification/dataset/sensor/round2_normal/sensor_r2.pcapng,R2,88,883.1016252040863,9.480892185820267e-05,0.00038539001252502203,0.006049674469977617,0.993363618850708,0.00010649066098267213,Sensor
/home/lmy/iot-device-classification/dataset/sensor/round2_normal/sensor_r2.pcapng,R2,89,893.1124033927917,0.0009488229406997561,0.0015871294308453798,0.0006789136677980423,0.9965305924415588,0.0002545054885558784,Sensor
/home/lmy/iot-device-classification/dataset/sensor/round2_normal/sensor_r2.pcapng,R2,90,903.1222839355468,3.259230652474798e-05,0.0004634932556655258,1.61071202455787e-05,0.9994680285453796,1.975945087906439e-05,Sensor
/home/lmy/iot-device-classification/dataset/sensor/round2_normal/sensor_r2.pcapng,R2,91,913.1319596767426,0.0003241373924538493,0.004927428439259529,0.093795046210289,0.9003057479858398,0.0006476710550487041,Sensor
/home/lmy/iot-device-classification/dataset/sensor/round2_normal/sensor_r2.pcapng,R2,92,922.1348292827606,0.0005994708044454455,0.006885034963488579,0.5286685228347778,0.46320292353630066,0.0006440349970944226,Sensor
/home/lmy/iot-device-classification/dataset/sensor/round2_normal/sensor_r2.pcapng,R2,93,933.1514210700988,4.481986616156064e-05,0.00029962649568915367,0.00018412736244499683,0.9994396567344666,3.1716823286842555e-05,Sensor
/home/lmy/iot-device-classification/dataset/sensor/round2_normal/sensor_r2.pcapng,R2,94,942.3550815582277,6.884720642119646e-05,0.0014496223302558064,0.008967380039393902,0.9893267154693604,0.0001874018635135144,Sensor
/home/lmy/iot-device-classification/dataset/sensor/round2_normal/sensor_r2.pcapng,R2,95,953.1718587875366,2.6348852770752273e-06,6.161468627396971e-05,3.096771615673788e-05,0.9998981952667236,6.630718871747376e-06,Sensor
/home/lmy/iot-device-classification/dataset/sensor/round2_normal/sensor_r2.pcapng,R2,96,963.187185049057,0.00041689869249239564,0.0007539375801570714,0.0020752137061208487,0.9966465830802917,0.00010738420678535476,Sensor
/home/lmy/iot-device-classification/dataset/sensor/round2_normal/sensor_r2.pcapng,R2,97,971.8347039222716,0.00039130408549681306,0.0020132488571107388,0.0021996167488396168,0.9951266050338745,0.00026917553623206913,Sensor
/home/lmy/iot-device-classification/dataset/sensor/round2_normal/sensor_r2.pcapng,R2,98,980.4113380908966,0.00014500680845230818,0.00033757995697669685,0.07603531330823898,0.9233347773551941,0.00014737689343746752,Sensor
/home/lmy/iot-device-classification/dataset/sensor/round2_normal/sensor_r2.pcapng,R2,99,993.2116060256958,0.0002691745467018336,0.0012745687272399664,0.00013581830717157573,0.9982290863990784,9.142416092799976e-05,Sensor
/home/lmy/iot-device-classification/dataset/sensor/round2_normal/sensor_r2.pcapng,R2,100,1003.222226381302,0.00014345515228342265,0.00013587165449280292,0.0011767782270908356,0.9984878301620483,5.603722820524126e-05,Sensor
/home/lmy/iot-device-classification/dataset/sensor/round2_normal/sensor_r2.pcapng,R2,101,1013.2331926822662,8.744980004848912e-05,0.0006331210024654865,0.0012900925939902663,0.9978390336036682,0.0001503356033936143,Sensor
/home/lmy/iot-device-classification/dataset/sensor/round2_normal/sensor_r2.pcapng,R2,102,1023.2424399852752,5.4044088756199926e-05,0.00012783131387550384,0.00010564178228378296,0.9996929168701172,1.9569197320379317e-05,Sensor
/home/lmy/iot-device-classification/dataset/sensor/round2_normal/sensor_r2.pcapng,R2,103,1033.2531135082245,2.223551200586371e-05,0.00010274568194290623,0.0030788041185587645,0.9967527985572815,4.341635212767869e-05,Sensor
/home/lmy/iot-device-classification/dataset/sensor/round2_normal/sensor_r2.pcapng,R2,104,1043.263772726059,0.08090808242559433,0.20746368169784546,0.3209493160247803,0.36875244975090027,0.021926498040556908,Sensor
/home/lmy/iot-device-classification/dataset/sensor/round2_normal/sensor_r2.pcapng,R2,105,1053.2732281684875,4.657023055187892e-06,3.871634908136912e-05,4.6024928451515734e-05,0.999896764755249,1.3807161849399563e-05,Sensor
/home/lmy/iot-device-classification/dataset/sensor/round2_normal/sensor_r2.pcapng,R2,106,1063.2834527492523,0.0005136936088092625,0.00033753167372196913,0.8341375589370728,0.16484272480010986,0.0001684636081336066,Sensor
/home/lmy/iot-device-classification/dataset/sensor/round2_normal/sensor_r2.pcapng,R2,107,1073.2963104248047,2.1518675566767342e-05,0.00015345821157097816,0.0001379010791424662,0.9996703863143921,1.677999898674898e-05,Sensor
/home/lmy/iot-device-classification/dataset/sensor/round2_normal/sensor_r2.pcapng,R2,108,1082.3359315395355,0.0012897010892629623,0.09047238528728485,0.0007220396073535085,0.9072160720825195,0.0002998265845235437,Sensor
/home/lmy/iot-device-classification/dataset/sensor/round2_normal/sensor_r2.pcapng,R2,109,1090.132818698883,8.031637116800994e-05,0.0003910009399987757,0.025431716814637184,0.9740031361579895,9.378032700624317e-05,Sensor
/home/lmy/iot-device-classification/dataset/sensor/round2_normal/sensor_r2.pcapng,R2,110,1103.3248331546783,6.331464101094753e-05,0.0007761709275655448,0.000307811627862975,0.998816967010498,3.576612289180048e-05,Sensor
/home/lmy/iot-device-classification/dataset/sensor/round2_normal/sensor_r2.pcapng,R2,111,1113.3345754146576,0.00013257702812552452,0.0003266983840148896,0.007397476118057966,0.9919840693473816,0.00015915371477603912,Sensor
/home/lmy/iot-device-classification/dataset/sensor/round2_normal/sensor_r2.pcapng,R2,112,1123.345861673355,2.2449548851000145e-05,0.00025208506849594414,0.012943883426487446,0.986741840839386,3.979033135692589e-05,Sensor
/home/lmy/iot-device-classification/dataset/sensor/round2_normal/sensor_r2.pcapng,R2,113,1133.3565616607666,0.0009912450332194567,0.014836501330137253,0.055041130632162094,0.927951455116272,0.0011796819744631648,Sensor
/home/lmy/iot-device-classification/dataset/sensor/round2_normal/sensor_r2.pcapng,R2,114,1143.365463256836,0.00013205553113948554,0.0009092413238249719,0.00023580226115882397,0.9986096620559692,0.00011325985542498529,Sensor
/home/lmy/iot-device-classification/dataset/sensor/round2_normal/sensor_r2.pcapng,R2,115,1150.0370435714722,0.00011880216334247962,0.0024178274907171726,0.000322649342706427,0.9970400929450989,0.0001006595921353437,Sensor
/home/lmy/iot-device-classification/dataset/sensor/round2_normal/sensor_r2.pcapng,R2,116,1160.037424325943,0.0016053366707637906,0.001576902694068849,0.9890009164810181,0.007300043944269419,0.0005167252966202796,Sensor
/home/lmy/iot-device-classification/dataset/sensor/round2_normal/sensor_r2.pcapng,R2,117,1170.1366801261902,4.322306631365791e-05,0.00033418371458537877,4.442913268576376e-05,0.9995545744895935,2.354376010771375e-05,Sensor
/home/lmy/iot-device-classification/dataset/sensor/round2_normal/sensor_r2.pcapng,R2,118,1180.037889957428,5.078037065686658e-05,0.00042810774175450206,0.002022519474849105,0.997443437576294,5.521132698049769e-05,Sensor
/home/lmy/iot-device-classification/dataset/sensor/round2_normal/sensor_r2.pcapng,R2,119,1190.2378754615784,0.0004690732166636735,0.006794514134526253,0.022239454090595245,0.9703434109687805,0.00015358808741439134,Sensor
/home/lmy/iot-device-classification/dataset/sensor/round2_normal/sensor_r2.pcapng,R2,120,1200.337159156799,2.189212136727292e-05,0.00012019237328786403,3.597356044338085e-05,0.9998043179512024,1.7630653019296005e-05,Sensor
/home/lmy/iot-device-classification/dataset/sensor/round2_normal/sensor_r2.pcapng,R2,121,1210.437654256821,0.000351233669789508,0.003038558177649975,0.011038749478757381,0.9851062297821045,0.0004652781644836068,Sensor
/home/lmy/iot-device-classification/dataset/sensor/round2_normal/sensor_r2.pcapng,R2,122,1220.3922095298767,0.00023896415950730443,0.0026364277582615614,0.02285750024020672,0.9741206765174866,0.00014647511125076562,Sensor
/home/lmy/iot-device-classification/dataset/sensor/round2_normal/sensor_r2.pcapng,R2,123,1230.5384831428528,5.693067942047492e-05,0.0013010973343625665,0.0005633461405523121,0.997947633266449,0.00013103718811180443,Sensor
/home/lmy/iot-device-classification/dataset/sensor/round2_normal/sensor_r2.pcapng,R2,124,1240.437581539154,0.0009285802952945232,0.04192817956209183,0.7820322513580322,0.17408911883831024,0.001021872041746974,Sensor
/home/lmy/iot-device-classification/dataset/sensor/round2_normal/sensor_r2.pcapng,R2,125,1250.5406119823456,0.0004540648078545928,0.002945054555311799,0.18814685940742493,0.8077673316001892,0.0006867124466225505,Sensor
/home/lmy/iot-device-classification/dataset/sensor/round2_normal/sensor_r2.pcapng,R2,126,1260.6372423171997,3.20769140671473e-05,0.00014220754383131862,0.0007726954645477235,0.9990191459655762,3.384199953870848e-05,Sensor
/home/lmy/iot-device-classification/dataset/sensor/round2_normal/sensor_r2.pcapng,R2,127,1270.7921879291534,0.00035021573421545327,0.00029467002605088055,0.19108088314533234,0.80802983045578,0.0002443442936055362,Sensor
/home/lmy/iot-device-classification/dataset/sensor/round2_normal/sensor_r2.pcapng,R2,128,1280.7376618385315,0.00014760410704184324,0.001919978647492826,0.020541556179523468,0.9771950840950012,0.00019581557717174292,Sensor
/home/lmy/iot-device-classification/dataset/sensor/round2_normal/sensor_r2.pcapng,R2,129,1290.8376200199127,0.0001026144964271225,0.00014577202091459185,0.1022137999534607,0.8974898457527161,4.793811240233481e-05,Sensor
/home/lmy/iot-device-classification/dataset/sensor/round2_normal/sensor_r2.pcapng,R2,130,1300.738027095795,0.00012533096014522016,0.0003978934255428612,0.02282554842531681,0.9765385985374451,0.0001126734132412821,Sensor
/home/lmy/iot-device-classification/dataset/sensor/round2_normal/sensor_r2.pcapng,R2,131,1311.0935571193695,1.90050013770815e-05,4.465492384042591e-05,0.0005013379268348217,0.9994139671325684,2.100660822179634e-05,Sensor
/home/lmy/iot-device-classification/dataset/sensor/round2_normal/sensor_r2.pcapng,R2,132,1320.9932844638824,0.00014962298155296594,0.002164289355278015,0.00036379319499246776,0.9971700310707092,0.00015227067342493683,Sensor
/home/lmy/iot-device-classification/dataset/sensor/round2_normal/sensor_r2.pcapng,R2,133,1331.1378524303436,6.962443876545876e-05,0.0002805348776746541,0.0026957851368933916,0.9968715310096741,8.258870366262272e-05,Sensor
/home/lmy/iot-device-classification/dataset/sensor/round2_normal/sensor_r2.pcapng,R2,134,1340.2557859420776,0.0005527427420020103,0.0065097627229988575,0.6743438243865967,0.3178190290927887,0.0007746139308437705,Sensor
/home/lmy/iot-device-classification/dataset/sensor/round2_normal/sensor_r2.pcapng,R2,135,1350.6440951824188,0.0005123013979755342,0.007302074693143368,0.10278698801994324,0.8881892561912537,0.0012093797558918595,Sensor
/home/lmy/iot-device-classification/dataset/sensor/round2_normal/sensor_r2.pcapng,R2,136,1361.056119680405,0.0001743166649248451,0.0004114948387723416,0.5945176482200623,0.40467676520347595,0.00021981025929562747,Sensor
/home/lmy/iot-device-classification/dataset/sensor/round2_normal/sensor_r2.pcapng,R2,137,1370.0055301189425,0.00013397831935435534,0.001369392964988947,0.9779963493347168,0.02023717202246189,0.00026313590933568776,Sensor
/home/lmy/iot-device-classification/dataset/sensor/round2_normal/sensor_r2.pcapng,R2,138,1381.3919978141785,0.00047207719762809575,0.0006431518704630435,0.77744060754776,0.22102028131484985,0.00042388963629491627,Sensor
/home/lmy/iot-device-classification/dataset/sensor/round2_normal/sensor_r2.pcapng,R2,139,1391.5376896858215,0.0001541421952424571,0.00012116540892748162,0.08432263880968094,0.9152835011482239,0.00011851358431158587,Sensor
/home/lmy/iot-device-classification/dataset/sensor/round2_normal/sensor_r2.pcapng,R2,140,1400.0374732017517,7.68712125136517e-05,0.00013873749412596226,0.7991626858711243,0.20050741732120514,0.00011422273382777348,Sensor
/home/lmy/iot-device-classification/dataset/sensor/round2_normal/sensor_r2.pcapng,R2,141,1410.9757425785065,0.00011328702385071665,0.00046356115490198135,0.1794421374797821,0.8197806477546692,0.0002003258268814534,Sensor
/home/lmy/iot-device-classification/dataset/sensor/round2_normal/sensor_r2.pcapng,R2,142,1421.6375694274902,0.00012395712838042527,0.00021135607676114887,0.8720825910568237,0.12747758626937866,0.00010447529348311946,Sensor
/home/lmy/iot-device-classification/dataset/sensor/round2_normal/sensor_r2.pcapng,R2,143,1430.0660786628723,5.310364213073626e-05,3.55802258127369e-05,0.03589732199907303,0.9639701247215271,4.385454667499289e-05,Sensor
/home/lmy/iot-device-classification/dataset/sensor/round2_normal/sensor_r2.pcapng,R2,144,1440.0962414741516,0.0009713207837194204,0.000991522567346692,0.011505166068673134,0.985706090927124,0.0008259789901785553,Sensor
/home/lmy/iot-device-classification/dataset/sensor/round2_normal/sensor_r2.pcapng,R2,145,1451.9378354549408,4.708639607997611e-05,0.00011889313464052975,0.049144916236400604,0.9506219029426575,6.724487320752814e-05,Sensor
/home/lmy/iot-device-classification/dataset/sensor/round2_normal/sensor_r2.pcapng,R2,146,1460.090796470642,0.00010772631503641605,0.0011266566580161452,0.2720070779323578,0.7265462279319763,0.00021229418052826077,Sensor
/home/lmy/iot-device-classification/dataset/sensor/round2_normal/sensor_r2.pcapng,R2,147,1472.0380795001984,2.8095133529859595e-05,0.00013058855256531388,0.0033722203224897385,0.9964486360549927,2.047390262305271e-05,Sensor
/home/lmy/iot-device-classification/dataset/sensor/round2_normal/sensor_r2.pcapng,R2,148,1481.6983976364136,6.467029015766457e-05,0.0003569476830307394,0.04701797664165497,0.9524166584014893,0.0001437630271539092,Sensor
/home/lmy/iot-device-classification/dataset/sensor/round2_normal/sensor_r2.pcapng,R2,149,1490.0169944763184,0.0002320120547665283,0.00033244179212488234,0.36467456817626953,0.6344484686851501,0.00031248218147084117,Sensor
/home/lmy/iot-device-classification/dataset/sensor/round2_normal/sensor_r2.pcapng,R2,150,1500.4153978824615,0.00217058346606791,0.010656330734491348,0.4244941771030426,0.5616492033004761,0.0010296597611159086,Sensor
/home/lmy/iot-device-classification/dataset/sensor/round2_normal/sensor_r2.pcapng,R2,151,1512.3382449150083,0.00017543214198667556,0.00038052664604038,0.6567165851593018,0.34254521131515503,0.0001822221529437229,Sensor
/home/lmy/iot-device-classification/dataset/sensor/round2_normal/sensor_r2.pcapng,R2,152,1520.179562330246,6.816970562795177e-05,0.0018727496499195695,0.21535226702690125,0.7825257778167725,0.0001810956309782341,Sensor
/home/lmy/iot-device-classification/dataset/sensor/round2_normal/sensor_r2.pcapng,R2,153,1531.618066072464,0.0003163052024319768,0.0015569815877825022,0.00025241266121156514,0.9977686405181885,0.00010567963909124956,Sensor
/home/lmy/iot-device-classification/dataset/sensor/round2_normal/sensor_r2.pcapng,R2,154,1542.3575658798218,3.792345160036348e-05,0.00046538555761799216,0.0011856952914968133,0.998275637626648,3.541342812241055e-05,Sensor
/home/lmy/iot-device-classification/dataset/sensor/round2_normal/sensor_r2.pcapng,R2,155,1550.1842975616455,3.193935117451474e-05,0.0003396322426851839,0.01122439093887806,0.9883406162261963,6.341082189464942e-05,Sensor
/home/lmy/iot-device-classification/dataset/sensor/round2_normal/sensor_r2.pcapng,R2,156,1562.537816286087,5.302338468027301e-05,9.98673785943538e-05,0.00024808902526274323,0.9995781779289246,2.0899527953588404e-05,Sensor
/home/lmy/iot-device-classification/dataset/sensor/round2_normal/sensor_r2.pcapng,R2,157,1572.7381262779236,1.3137504538462963e-05,0.0001581366523168981,0.0024667992256581783,0.9973383545875549,2.3548262106487527e-05,Sensor
/home/lmy/iot-device-classification/dataset/sensor/round2_normal/sensor_r2.pcapng,R2,158,1580.0023875236511,0.00010344195470679551,0.00020265895000193268,0.3769890069961548,0.6225104928016663,0.00019443333439994603,Sensor
/home/lmy/iot-device-classification/dataset/sensor/round2_normal/sensor_r2.pcapng,R2,159,1591.9384062290192,1.585416066518519e-05,0.00010249740444123745,0.0004213722422719002,0.9994257688522339,3.457422280916944e-05,Sensor
/home/lmy/iot-device-classification/dataset/sensor/round2_normal/sensor_r2.pcapng,R2,160,1602.8373262882233,6.29216228844598e-05,0.00015410779451485723,0.0002041403786279261,0.9995323419570923,4.65396951767616e-05,Sensor
/home/lmy/iot-device-classification/dataset/sensor/round2_normal/sensor_r2.pcapng,R2,161,1610.2226831912994,0.003386031836271286,0.35123538970947266,0.01676514744758606,0.622380793094635,0.006232645828276873,Sensor
/home/lmy/iot-device-classification/dataset/sensor/round2_normal/sensor_r2.pcapng,R2,162,1621.0601472854614,4.088300920557231e-05,0.0004652054631151259,0.0026220306754112244,0.9967812299728394,9.063115430762991e-05,Sensor
/home/lmy/iot-device-classification/dataset/sensor/round2_normal/sensor_r2.pcapng,R2,163,1633.138241291046,3.1376188417198136e-05,0.0002701773482840508,0.0011343378573656082,0.9985054731369019,5.870368840987794e-05,Sensor
/home/lmy/iot-device-classification/dataset/sensor/round2_normal/sensor_r2.pcapng,R2,164,1640.232638835907,0.0010067481780424714,0.005993332713842392,0.45128652453422546,0.540346086025238,0.0013673048233613372,Sensor
/home/lmy/iot-device-classification/dataset/sensor/round2_normal/sensor_r2.pcapng,R2,165,1653.23739027977,0.00016218582459259778,0.0002193972177337855,0.00011388138227630407,0.999467670917511,3.682369424495846e-05,Sensor
/home/lmy/iot-device-classification/dataset/sensor/round2_normal/sensor_r2.pcapng,R2,166,1663.1362612247467,6.649048009421676e-05,0.006446873303502798,0.019232403486967087,0.9741170406341553,0.0001371730031678453,Sensor
/home/lmy/iot-device-classification/dataset/sensor/round2_normal/sensor_r2.pcapng,R2,167,1670.2448363304138,7.460781489498913e-05,0.000949191628023982,0.04673290625214577,0.9520760774612427,0.00016722557484172285,Sensor
/home/lmy/iot-device-classification/dataset/sensor/round2_normal/sensor_r2.pcapng,R2,168,1681.377715587616,0.00016510668501723558,0.0012324989074841142,0.02447664923965931,0.9736754298210144,0.0004503667587414384,Sensor
/home/lmy/iot-device-classification/dataset/sensor/round2_normal/sensor_r2.pcapng,R2,169,1693.5371067523956,0.00012572712148539722,0.0002540692803449929,0.00838155671954155,0.9911143183708191,0.00012438946578186005,Sensor
/home/lmy/iot-device-classification/dataset/sensor/round2_normal/sensor_r2.pcapng,R2,170,1700.0012803077698,0.00029604541487060487,0.004083656240254641,0.958689272403717,0.03648202866315842,0.00044894457096233964,Sensor
/home/lmy/iot-device-classification/dataset/sensor/round2_normal/sensor_r2.pcapng,R2,171,1710.4976859092712,4.815268039237708e-05,0.0010654482757672668,0.0004117419011890888,0.9984093308448792,6.538492743857205e-05,Sensor
/home/lmy/iot-device-classification/dataset/sensor/round2_normal/sensor_r2.pcapng,R2,172,1723.5363974571228,0.00046285681310109794,0.008024933747947216,0.00026598561089485884,0.9911394715309143,0.00010676365491235629,Sensor
/home/lmy/iot-device-classification/dataset/sensor/round2_normal/sensor_r2.pcapng,R2,173,1730.0211250782013,4.421220000949688e-05,0.0008940463303588331,0.012471064925193787,0.9865137934684753,7.6884294685442e-05,Sensor
/home/lmy/iot-device-classification/dataset/sensor/round2_normal/sensor_r2.pcapng,R2,174,1743.7359035015106,1.5813073332537897e-05,0.00041214810335077345,6.436771218432114e-05,0.999477207660675,3.045934317924548e-05,Sensor
/home/lmy/iot-device-classification/dataset/sensor/round2_normal/sensor_r2.pcapng,R2,175,1753.9264016151428,0.00024926624610088766,0.004194608889520168,0.00023338677419815212,0.9952111840248108,0.00011157831613672897,Sensor
/home/lmy/iot-device-classification/dataset/sensor/round2_normal/sensor_r2.pcapng,R2,176,1760.1257247924805,0.0004675376694649458,0.8827747702598572,0.00036285899113863707,0.11618597060441971,0.00020883273100480437,Sensor
/home/lmy/iot-device-classification/dataset/sensor/round2_normal/sensor_r2.pcapng,R2,177,1770.818685054779,0.0011522071436047554,0.006302433554083109,0.020945915952324867,0.9705750942230225,0.0010242735734209418,Sensor
/home/lmy/iot-device-classification/dataset/sensor/round2_normal/sensor_r2.pcapng,R2,178,1783.8502752780914,0.002866827417165041,0.008020282723009586,0.007899248972535133,0.9803951382637024,0.0008184717735275626,Sensor
/home/lmy/iot-device-classification/dataset/sensor/round2_normal/sensor_r2.pcapng,R2,179,1790.0578179359436,0.0008239870658144355,0.003169731004163623,0.04161316901445389,0.9532133340835571,0.001179771381430328,Sensor
/home/lmy/iot-device-classification/dataset/sensor/round2_normal/sensor_r2.pcapng,R2,180,1802.01637673378,0.0006127806846052408,0.003048944752663374,0.030860088765621185,0.9646376967430115,0.0008405466214753687,Sensor
/home/lmy/iot-device-classification/dataset/sensor/round2_normal/sensor_r2.pcapng,R2,181,1814.0381307601929,5.154505561222322e-05,0.0011004687985405326,0.0011352767469361424,0.9976131916046143,9.957909060176462e-05,Sensor
/home/lmy/iot-device-classification/dataset/sensor/round2_normal/sensor_r2.pcapng,R2,182,1820.089231967926,0.0010548599530011415,0.2641778588294983,0.11167524755001068,0.6213915348052979,0.0017005257541313767,Sensor
/home/lmy/iot-device-classification/dataset/sensor/round2_normal/sensor_r2.pcapng,R2,183,1834.0581948757167,5.720176704926416e-05,0.0003217702324036509,0.07502436637878418,0.9244545698165894,0.00014211169036570936,Sensor
/home/lmy/iot-device-classification/dataset/sensor/round2_normal/sensor_r2.pcapng,R2,184,1841.03816318512,7.928230479592457e-05,0.004575752187520266,0.9847806692123413,0.010384135879576206,0.00018015688692685217,Sensor
/home/lmy/iot-device-classification/dataset/sensor/round2_normal/sensor_r2.pcapng,R2,185,1850.132957458496,0.0007743147434666753,0.9748537540435791,0.011984691955149174,0.011979018338024616,0.00040818695561029017,Sensor
/home/lmy/iot-device-classification/dataset/sensor/round2_normal/sensor_r2.pcapng,R2,186,1862.3369076251984,0.000172332365764305,0.17069809138774872,0.011566567234694958,0.8171471357345581,0.000415815447922796,Sensor
/home/lmy/iot-device-classification/dataset/sensor/round2_normal/sensor_r2.pcapng,R2,187,1871.5158326625824,0.0007447326788678765,0.0015741786919534206,0.00030552170937880874,0.9971115589141846,0.0002639293088577688,Sensor
/home/lmy/iot-device-classification/dataset/sensor/round2_normal/sensor_r2.pcapng,R2,188,1880.1483306884768,0.005015166476368904,0.1616344302892685,0.0006272620521485806,0.8320035338401794,0.0007195903453975916,Sensor
/home/lmy/iot-device-classification/dataset/sensor/round2_normal/sensor_r2.pcapng,R2,189,1894.1181173324585,0.00013472759746946394,0.00027057519764639437,0.00019650252943392843,0.999371349811554,2.681644218682777e-05,Sensor
/home/lmy/iot-device-classification/dataset/sensor/round2_normal/sensor_r2.pcapng,R2,190,1904.1279184818268,0.00015994523710105568,0.0014148373156785965,0.000338805461069569,0.9979962110519409,9.017828415380791e-05,Sensor
/home/lmy/iot-device-classification/dataset/sensor/round2_normal/sensor_r2.pcapng,R2,191,1910.177742242813,0.0007595494389533997,0.023611556738615036,0.2695273756980896,0.7043488025665283,0.0017527686432003975,Sensor
/home/lmy/iot-device-classification/dataset/sensor/round2_normal/sensor_r2.pcapng,R2,192,1922.6538956165316,0.0026308749802410603,0.017601240426301956,0.14186818897724152,0.834556519985199,0.0033432513009756804,Sensor
/home/lmy/iot-device-classification/dataset/sensor/round2_normal/sensor_r2.pcapng,R2,193,1934.1597447395325,2.7036228857468814e-05,0.00016906201199162751,0.0004535780753940344,0.9993199110031128,3.04233417409705e-05,Sensor
/home/lmy/iot-device-classification/dataset/sensor/round2_normal/sensor_r2.pcapng,R2,194,1940.2169597148893,2.8313857910688967e-05,9.19570229598321e-05,0.9845031499862671,0.015344605781137943,3.1960335036274046e-05,Sensor
/home/lmy/iot-device-classification/dataset/sensor/round2_normal/sensor_r2.pcapng,R2,195,1954.178229093552,0.000371581845683977,0.012995115481317043,0.03684188425540924,0.9488109946250916,0.0009804349392652512,Sensor
/home/lmy/iot-device-classification/dataset/sensor/round2_normal/sensor_r2.pcapng,R2,196,1960.240731716156,0.000573116063605994,0.009547846391797066,0.12306882441043854,0.8659752011299133,0.0008350535645149648,Sensor
/home/lmy/iot-device-classification/dataset/sensor/round2_normal/sensor_r2.pcapng,R2,197,1970.237728834152,0.001003337325528264,0.0030731018632650375,0.508296012878418,0.48717400431632996,0.00045356168993748724,Sensor
/home/lmy/iot-device-classification/dataset/sensor/round2_normal/sensor_r2.pcapng,R2,198,1982.981423854828,0.0003230582515243441,0.0005435458151623607,0.0010716421529650688,0.9979448914527893,0.00011691995314322412,Sensor
/home/lmy/iot-device-classification/dataset/sensor/round2_normal/sensor_r2.pcapng,R2,199,1990.319840669632,2.898569255194161e-05,0.00012355245416983962,0.0008522826828993857,0.9989680051803589,2.717897223192267e-05,Sensor
/home/lmy/iot-device-classification/dataset/sensor/round2_normal/sensor_r2.pcapng,R2,200,2000.2724680900571,0.00025864350027404726,0.0028802177403122187,0.1525992453098297,0.8437680602073669,0.0004938317579217255,Sensor
/home/lmy/iot-device-classification/dataset/sensor/round2_normal/sensor_r2.pcapng,R2,201,2014.237991809845,0.00027622864581644535,0.0011843201937153935,0.006767009384930134,0.9915170669555664,0.00025539277703501284,Sensor
/home/lmy/iot-device-classification/dataset/sensor/round2_normal/sensor_r2.pcapng,R2,202,2020.721114873886,0.00021151863620616496,0.0006415890529751778,0.0057371542789042,0.993311882019043,9.784360736375675e-05,Sensor
/home/lmy/iot-device-classification/dataset/sensor/round2_normal/sensor_r2.pcapng,R2,203,2030.3091189861295,0.0002288341347593814,0.0004634233773685992,0.49801596999168396,0.5010752081871033,0.00021656046737916768,Sensor
/home/lmy/iot-device-classification/dataset/sensor/round2_normal/sensor_r2.pcapng,R2,204,2043.293646812439,0.0001558330113766715,0.000732667394913733,0.03898673504590988,0.9598955512046814,0.00022925331722944975,Sensor
/home/lmy/iot-device-classification/dataset/sensor/round2_normal/sensor_r2.pcapng,R2,205,2050.799802780152,0.00042244591168127954,0.000451478932518512,0.8732413649559021,0.1256462186574936,0.00023851572768762708,Sensor
/home/lmy/iot-device-classification/dataset/sensor/round2_normal/sensor_r2.pcapng,R2,206,2060.3322355747223,0.00030586394132114947,0.0006148672546260059,0.004048298113048077,0.9947408437728882,0.0002900729014072567,Sensor
/home/lmy/iot-device-classification/dataset/sensor/round2_normal/sensor_r2.pcapng,R2,207,2072.4143483638763,0.0003930609382223338,0.0021408211905509233,0.006720053497701883,0.9901162981987,0.0006297061336226761,Sensor
/home/lmy/iot-device-classification/dataset/sensor/round2_normal/sensor_r2.pcapng,R2,208,2081.039716720581,0.0009641285869292915,0.00255800923332572,0.0023847180418670177,0.9937183856964111,0.00037472290568985045,Sensor
/home/lmy/iot-device-classification/dataset/sensor/round2_normal/sensor_r2.pcapng,R2,209,2090.3731367588043,0.0006978667224757373,0.0006335696671158075,0.93795245885849,0.06041113659739494,0.0003049274382647127,Sensor
/home/lmy/iot-device-classification/dataset/sensor/round2_normal/sensor_r2.pcapng,R2,210,2104.404913187027,1.1622532838373445e-05,6.649129500146955e-05,0.0008386147674173117,0.999065101146698,1.8136393919121474e-05,Sensor
/home/lmy/iot-device-classification/dataset/sensor/round2_normal/sensor_r2.pcapng,R2,211,2111.1210272312164,0.00037694122875109315,0.002579011721536517,0.7996202111244202,0.19670628011226654,0.0007175207138061523,Sensor
/home/lmy/iot-device-classification/dataset/sensor/round2_normal/sensor_r2.pcapng,R2,212,2120.3875131607056,6.059048973838799e-05,0.00022034165158402175,0.052374303340911865,0.9472332000732422,0.00011156461550854146,Sensor
/home/lmy/iot-device-classification/dataset/sensor/round2_normal/sensor_r2.pcapng,R2,213,2132.7354328632355,2.5712603019201197e-05,0.00018649912090040743,0.0006494193221442401,0.9990904331207275,4.7930476284818724e-05,Sensor
/home/lmy/iot-device-classification/dataset/sensor/round2_normal/sensor_r2.pcapng,R2,214,2142.354312419892,0.0038860130589455366,0.004841073416173458,0.01946171745657921,0.9704917073249817,0.0013194708153605461,Sensor
/home/lmy/iot-device-classification/dataset/sensor/round2_normal/sensor_r2.pcapng,R2,215,2150.417341709137,7.173425547080114e-05,0.0007605046848766506,0.9830790758132935,0.015923814848065376,0.00016483190120197833,Sensor
/home/lmy/iot-device-classification/dataset/sensor/round2_normal/sensor_r2.pcapng,R2,216,2160.0007951259613,0.00019918203179258853,0.0020361393690109253,0.00023381471692118794,0.9973821043968201,0.0001487288682255894,Sensor
/home/lmy/iot-device-classification/dataset/sensor/round2_normal/sensor_r2.pcapng,R2,217,2174.332620859146,4.796415305463597e-05,0.0003576158778741956,0.00023889877775218338,0.9992786049842834,7.687292236369103e-05,Sensor
/home/lmy/iot-device-classification/dataset/sensor/round2_normal/sensor_r2.pcapng,R2,218,2180.447206258774,0.0008515464724041522,0.2765503227710724,0.010864882729947567,0.7105844616889954,0.0011487981537356973,Sensor
/home/lmy/iot-device-classification/dataset/sensor/round2_normal/sensor_r2.pcapng,R2,219,2194.416723012924,3.07666850858368e-05,0.00024725464754737914,7.304408063646406e-05,0.999607264995575,4.1728282667463645e-05,Sensor
/home/lmy/iot-device-classification/dataset/sensor/round2_normal/sensor_r2.pcapng,R2,220,2203.463985681534,3.504399137455039e-05,0.0004450171545613557,0.00024098421272356063,0.9992296695709229,4.9297323130303994e-05,Sensor
/home/lmy/iot-device-classification/dataset/sensor/round2_normal/sensor_r2.pcapng,R2,221,2210.478011608124,0.0011540717678144574,0.005366624798625708,0.11076701432466507,0.8823291659355164,0.00038311132811941206,Sensor
/home/lmy/iot-device-classification/dataset/sensor/round2_normal/sensor_r2.pcapng,R2,222,2224.252061605453,5.4532567446585745e-05,0.00047257079859264195,0.0004317951970733702,0.9989961981773376,4.489578350330703e-05,Sensor
/home/lmy/iot-device-classification/dataset/sensor/round2_normal/sensor_r2.pcapng,R2,223,2233.831289291382,0.00017932307673618197,0.00039679527981206775,0.00045515410602092743,0.9988879561424255,8.08384211268276e-05,Sensor
/home/lmy/iot-device-classification/dataset/sensor/round2_normal/sensor_r2.pcapng,R2,224,2240.514602661133,0.00032390907290391624,0.003997998312115669,0.039242155849933624,0.9562757611274719,0.00016011594561859965,Sensor
/home/lmy/iot-device-classification/dataset/sensor/round2_normal/sensor_r2.pcapng,R2,225,2253.381736278534,0.0003416338295210153,0.0006439487915486097,0.0010155737400054932,0.9978922009468079,0.00010667905735317618,Sensor
/home/lmy/iot-device-classification/dataset/sensor/round2_normal/sensor_r2.pcapng,R2,226,2262.239445924759,8.907595656637568e-06,1.3508622032532003e-05,3.7740861444035545e-05,0.9999271631240845,1.2622595932043623e-05,Sensor
/home/lmy/iot-device-classification/dataset/sensor/round2_normal/sensor_r2.pcapng,R2,227,2270.5380549430847,0.029604732990264893,0.000309666182147339,0.0017357334727421403,0.9681841731071472,0.0001657343382248655,Sensor
/home/lmy/iot-device-classification/dataset/sensor/round2_normal/sensor_r2.pcapng,R2,228,2284.5077657699585,1.2236583643243648e-05,0.00011680489842547104,0.00015847878239583224,0.9996916055679321,2.086411950585898e-05,Sensor
/home/lmy/iot-device-classification/dataset/sensor/round2_normal/sensor_r2.pcapng,R2,229,2294.5183222293854,5.082754069007933e-05,6.534806016134098e-05,0.00015860320127103478,0.9997076392173767,1.7516682419227436e-05,Sensor
/home/lmy/iot-device-classification/dataset/sensor/round2_normal/sensor_r2.pcapng,R2,230,2300.5692884922028,0.001614788663573563,0.007417784072458744,0.25443586707115173,0.7357707619667053,0.0007608199957758188,Sensor
/home/lmy/iot-device-classification/dataset/sensor/round2_normal/sensor_r2.pcapng,R2,231,2312.5585906505585,1.003742636385141e-05,4.3652056774590164e-05,1.886538666440174e-05,0.9999158382415771,1.1556510798982345e-05,Sensor
/home/lmy/iot-device-classification/dataset/sensor/round2_normal/sensor_r2.pcapng,R2,232,2324.547295570373,0.0061644092202186584,0.0020307893864810467,0.03360084071755409,0.9578888416290283,0.00031515437876805663,Sensor
/home/lmy/iot-device-classification/dataset/sensor/round2_normal/sensor_r2.pcapng,R2,233,2330.6002559661865,4.259116394678131e-05,9.996318112825975e-05,0.0015659242635592818,0.9982410669326782,5.048963430454023e-05,Sensor
/home/lmy/iot-device-classification/dataset/sensor/round2_normal/sensor_r2.pcapng,R2,234,2344.56795501709,1.9084214727627113e-05,0.00019322519074194133,0.00016221551049966365,0.9995905756950378,3.488708534860052e-05,Sensor
/home/lmy/iot-device-classification/dataset/sensor/round2_normal/sensor_r2.pcapng,R2,235,2354.5784409046173,0.00014633532555308193,0.00020254874834790826,0.004315478261560202,0.995186984539032,0.00014868030848447233,Sensor
/home/lmy/iot-device-classification/dataset/sensor/round2_normal/sensor_r2.pcapng,R2,236,2360.6294651031494,8.435191557509825e-05,0.0002491986670065671,0.9715339541435242,0.02802916429936886,0.00010337102139601484,Sensor
/home/lmy/iot-device-classification/dataset/sensor/round2_normal/sensor_r2.pcapng,R2,237,2374.597867488861,7.587855361634865e-05,0.0003348040336277336,2.989832682942506e-05,0.9995284080505371,3.1022758776089177e-05,Sensor
/home/lmy/iot-device-classification/dataset/sensor/round2_normal/sensor_r2.pcapng,R2,238,2384.415050268173,2.9547603844548576e-05,0.00044887387775816023,0.00019674719078466296,0.9992566704750061,6.818276597186923e-05,Sensor
/home/lmy/iot-device-classification/dataset/sensor/round2_normal/sensor_r2.pcapng,R2,239,2390.6633579730988,0.00020094447245355695,0.0004086306435056031,0.00902620516717434,0.9902741312980652,9.01016901480034e-05,Sensor
/home/lmy/iot-device-classification/dataset/sensor/round2_normal/sensor_r2.pcapng,R2,240,2404.6284005641937,5.623903234663885e-06,2.4147921067196876e-05,0.00010606842261040583,0.999853253364563,1.0858536370506044e-05,Sensor
/home/lmy/iot-device-classification/dataset/sensor/round2_normal/sensor_r2.pcapng,R2,241,2413.1979479789734,0.0006307142321020365,0.004490865394473076,0.09217006713151932,0.9015238285064697,0.0011845092521980405,Sensor
/home/lmy/iot-device-classification/dataset/sensor/round2_normal/sensor_r2.pcapng,R2,242,2420.6983835697174,0.00040419510332867503,0.005320396739989519,0.7120031118392944,0.2817249894142151,0.0005473032360896468,Sensor
/home/lmy/iot-device-classification/dataset/sensor/round2_normal/sensor_r2.pcapng,R2,243,2434.658080816269,3.456893318798393e-05,5.4439260566141456e-05,6.37335324427113e-05,0.9998295307159424,1.7644941181060858e-05,Sensor
/home/lmy/iot-device-classification/dataset/sensor/round2_normal/sensor_r2.pcapng,R2,244,2442.351074695587,3.84874947485514e-05,0.0006481876480393112,0.9972373247146606,0.0019766634795814753,9.9256714747753e-05,Sensor
/home/lmy/iot-device-classification/dataset/sensor/round2_normal/sensor_r2.pcapng,R2,245,2450.0007116794586,0.0004755909903906286,0.0026477936189621687,0.8887655138969421,0.10766530781984329,0.00044573628110811114,Sensor
/home/lmy/iot-device-classification/dataset/sensor/round2_normal/sensor_r2.pcapng,R2,246,2462.904205083847,6.079026934457943e-05,0.00014892486797180027,0.0037563617806881666,0.9959810972213745,5.282506754156202e-05,Sensor
/home/lmy/iot-device-classification/dataset/sensor/round2_normal/sensor_r2.pcapng,R2,247,2474.7012543678284,9.768108429852873e-05,0.00011975283268839121,0.00029755057767033577,0.9994528889656067,3.2118550734594464e-05,Sensor
/home/lmy/iot-device-classification/dataset/sensor/round2_normal/sensor_r2.pcapng,R2,248,2480.753606081009,0.0006121178157627583,0.008814736269414425,0.21714898943901062,0.7728708982467651,0.0005532782524824142,Sensor
/home/lmy/iot-device-classification/dataset/sensor/round2_normal/sensor_r2.pcapng,R2,249,2490.0138027668,8.944814908318222e-06,0.0002571452932897955,8.829609214444645e-06,0.9997156262397766,9.43229315453209e-06,Sensor
/home/lmy/iot-device-classification/dataset/sensor/round2_normal/sensor_r2.pcapng,R2,250,2503.829626560211,0.0005027573788538575,0.0008506392478011549,0.001171064330264926,0.9973908066749573,8.474518108414486e-05,Sensor
/home/lmy/iot-device-classification/dataset/sensor/round2_normal/sensor_r2.pcapng,R2,251,2510.767545938492,0.0011385533725842834,0.00288252136670053,0.15413525700569153,0.8412064909934998,0.000637140532489866,Sensor
/home/lmy/iot-device-classification/dataset/sensor/round2_normal/sensor_r2.pcapng,R2,252,2520.791375875473,0.00378343160264194,0.00017637117707636207,0.0089577566832304,0.9869412779808044,0.0001412113633705303,Sensor
/home/lmy/iot-device-classification/dataset/sensor/round2_normal/sensor_r2.pcapng,R2,253,2534.131119966507,7.337612714763964e-06,0.001404816866852343,4.320301741245203e-05,0.9985318183898926,1.2859306480095256e-05,Sensor
/home/lmy/iot-device-classification/dataset/sensor/round2_normal/sensor_r2.pcapng,R2,254,2540.9080607891083,3.802614446613006e-05,0.0009787189774215221,0.009189559146761894,0.989726722240448,6.698933430016041e-05,Sensor
/home/lmy/iot-device-classification/dataset/sensor/round2_normal/sensor_r2.pcapng,R2,255,2554.7780640125275,3.5689710784936324e-05,0.00046819893759675324,4.860252738581039e-05,0.9994319081306458,1.553970832901541e-05,Sensor
/home/lmy/iot-device-classification/dataset/sensor/round2_normal/sensor_r2.pcapng,R2,256,2564.78773188591,0.0002300814667250961,0.0023336587473750114,0.0034554721787571907,0.9935880899429321,0.00039272269350476563,Sensor
/home/lmy/iot-device-classification/dataset/sensor/round2_normal/sensor_r2.pcapng,R2,257,2570.223222017288,0.0019668738823384047,0.21856993436813354,0.13592852652072906,0.6391859650611877,0.004348706919699907,Sensor
/home/lmy/iot-device-classification/dataset/sensor/round2_normal/sensor_r2.pcapng,R2,258,2584.8070528507237,3.3402360713807866e-05,0.00011812285811174661,4.242251816322096e-05,0.9997881054878235,1.7918151570484042e-05,Sensor
/home/lmy/iot-device-classification/dataset/sensor/round2_normal/sensor_r2.pcapng,R2,259,2593.8454592227936,3.815261152340099e-05,5.10344652866479e-05,3.4978034818777815e-05,0.9998488426208496,2.6960449758917093e-05,Sensor
/home/lmy/iot-device-classification/dataset/sensor/round2_normal/sensor_r2.pcapng,R2,260,2600.797019481659,0.00015376531518995762,0.004616438876837492,0.09446994215250015,0.9004861116409302,0.00027369914459995925,Sensor
/home/lmy/iot-device-classification/dataset/sensor/round2_normal/sensor_r2.pcapng,R2,261,2614.797312259674,6.795297667849809e-05,0.00042332641896791756,1.2660412721743342e-05,0.9994664788246155,2.963958468171768e-05,Sensor
/home/lmy/iot-device-classification/dataset/sensor/round2_normal/sensor_r2.pcapng,R2,262,2624.846641778946,0.0006301297107711434,0.05688203126192093,0.2826307415962219,0.6584959030151367,0.0013611724134534597,Sensor
/home/lmy/iot-device-classification/dataset/sensor/round2_normal/sensor_r2.pcapng,R2,263,2630.8174200057983,0.00013806700007990003,0.00036407183506526053,0.006028618663549423,0.9933722019195557,9.705531556392089e-05,Sensor
/home/lmy/iot-device-classification/dataset/sensor/round2_normal/sensor_r2.pcapng,R2,264,2644.868290662765,0.00040828733472153544,0.0010613134363666177,0.46568578481674194,0.5324741005897522,0.00037047590012662113,Sensor
/home/lmy/iot-device-classification/dataset/sensor/round2_normal/sensor_r2.pcapng,R2,265,2650.2724499702454,0.00038344491622410715,0.0041252076625823975,0.0017632958479225636,0.9935704469680786,0.0001576006761752069,Sensor
/home/lmy/iot-device-classification/dataset/sensor/round2_normal/sensor_r2.pcapng,R2,266,2660.838038444519,1.8316175555810332e-05,6.301402754615992e-05,0.0010447161039337516,0.9988337159156799,4.028277544421144e-05,Sensor
/home/lmy/iot-device-classification/dataset/sensor/round2_normal/sensor_r2.pcapng,R2,267,2670.128659963608,3.661456503323279e-05,0.00023215854889713228,0.00016384678019676358,0.999535322189331,3.208445923519321e-05,Sensor
/home/lmy/iot-device-classification/dataset/sensor/round2_normal/sensor_r2.pcapng,R2,268,2680.083897352218,0.002566680544987321,0.002102773869410157,0.012686440721154213,0.9821364283561707,0.0005076606757938862,Sensor
/home/lmy/iot-device-classification/dataset/sensor/round2_normal/sensor_r2.pcapng,R2,269,2690.2289867401123,0.00024205382214859128,0.0012611937709152699,0.12529195845127106,0.8729459047317505,0.00025890220422297716,Sensor
/home/lmy/iot-device-classification/dataset/sensor/round2_normal/sensor_r2.pcapng,R2,270,2700.1287970542908,1.0839715287147556e-05,3.9826252759667113e-05,0.00026238668942824006,0.9996672868728638,1.966795025509782e-05,Sensor
/home/lmy/iot-device-classification/dataset/sensor/round2_normal/sensor_r2.pcapng,R2,271,2710.3825323581696,0.0003211516886949539,0.0016205812571570277,0.005898032337427139,0.991905927658081,0.00025424943305552006,Sensor
/home/lmy/iot-device-classification/dataset/sensor/round2_normal/sensor_r2.pcapng,R2,272,2720.4282507896423,0.0002464800782036036,0.0016537163173779845,0.4542137086391449,0.5434884428977966,0.0003976736916229129,Sensor
/home/lmy/iot-device-classification/dataset/sensor/round2_normal/sensor_r2.pcapng,R2,273,2730.5287380218506,3.082460898440331e-05,8.759551565162838e-05,0.00014832742454018444,0.9997151494026184,1.803962186386343e-05,Sensor
/home/lmy/iot-device-classification/dataset/sensor/round2_normal/sensor_r2.pcapng,R2,274,2740.4284315109253,0.0013381653698161244,0.007091375067830086,0.4347928762435913,0.5558488368988037,0.0009287791908718646,Sensor
/home/lmy/iot-device-classification/dataset/sensor/round2_normal/sensor_r2.pcapng,R2,275,2750.628122806549,0.0009426609613001347,0.026209484785795212,0.043807610869407654,0.927501380443573,0.0015388671308755875,Sensor
/home/lmy/iot-device-classification/dataset/sensor/round2_normal/sensor_r2.pcapng,R2,276,2760.627763032913,4.2569986362650525e-06,7.777906284900382e-05,5.825415428262204e-05,0.9998503923416138,9.337257324659731e-06,Sensor
/home/lmy/iot-device-classification/dataset/sensor/round2_normal/sensor_r2.pcapng,R2,277,2770.8474481105804,0.000649792724289,0.0013593955663964152,0.0024183609057217836,0.9954248070716858,0.00014762017235625535,Sensor
/home/lmy/iot-device-classification/dataset/sensor/round2_normal/sensor_r2.pcapng,R2,278,2780.730411529541,0.0002446869621053338,0.0007491413271054626,0.07419821619987488,0.9246300458908081,0.00017791020218282938,Sensor
/home/lmy/iot-device-classification/dataset/sensor/round2_normal/sensor_r2.pcapng,R2,279,2790.9825100898743,0.00011552151408977807,0.0003928757505491376,0.0006158756441436708,0.9987596273422241,0.00011605784675339237,Sensor
/home/lmy/iot-device-classification/dataset/sensor/round2_normal/sensor_r2.pcapng,R2,280,2800.882675886154,0.0005708220996893942,0.0009336850489489734,0.0012558787129819393,0.9970645308494568,0.0001751015952322632,Sensor
/home/lmy/iot-device-classification/dataset/sensor/round2_normal/sensor_r2.pcapng,R2,281,2810.951873779297,0.0009374776273034513,0.0032655156683176756,0.20623447000980377,0.7887359261512756,0.0008266310323961079,Sensor
/home/lmy/iot-device-classification/dataset/sensor/round2_normal/sensor_r2.pcapng,R2,282,2821.1817560195923,0.00024056273105088621,0.001362383016385138,0.03537363559007645,0.9625222682952881,0.000501104281283915,Sensor
/home/lmy/iot-device-classification/dataset/sensor/round2_normal/sensor_r2.pcapng,R2,283,2831.2272112369537,0.0001975546038011089,0.0002805498952511698,7.474223821191117e-05,0.9994124174118042,3.472411117400043e-05,Sensor
/home/lmy/iot-device-classification/dataset/sensor/round2_normal/sensor_r2.pcapng,R2,284,2840.957471609116,5.6375618441961706e-05,0.0003540651814546436,0.2282295674085617,0.7712603807449341,9.963892080122605e-05,Sensor
/home/lmy/iot-device-classification/dataset/sensor/round2_normal/sensor_r2.pcapng,R2,285,2851.284272670746,5.952148057986051e-05,0.00013629996101371944,0.0001977409701794386,0.9995198249816895,8.66377740749158e-05,Sensor
/home/lmy/iot-device-classification/dataset/sensor/round2_normal/sensor_r2.pcapng,R2,286,2861.283433675766,0.0003518860903568566,0.0004085957771167159,0.0003602362994570285,0.9986454844474792,0.00023383842199109495,Sensor
/home/lmy/iot-device-classification/dataset/sensor/round2_normal/sensor_r2.pcapng,R2,287,2870.9860622882843,0.000291681382805109,0.0007334946421906352,0.028625089675188065,0.9702062606811523,0.00014345611270982772,Sensor
/home/lmy/iot-device-classification/dataset/sensor/round2_normal/sensor_r2.pcapng,R2,288,2881.326436281204,1.3348641914490145e-05,0.00028697619563899934,0.0001837039744714275,0.9994959831237793,1.999260530283209e-05,Sensor
/home/lmy/iot-device-classification/dataset/sensor/round2_normal/sensor_r2.pcapng,R2,289,2891.589533805847,0.00016777304699644446,0.0005367975099943578,0.025066031143069267,0.9740492701530457,0.00018008383631240577,Sensor
/home/lmy/iot-device-classification/dataset/sensor/round2_normal/sensor_r2.pcapng,R2,290,2901.016261577606,0.0001585368881933391,0.00261015840806067,0.9313550591468811,0.06563013792037964,0.00024606712395325303,Sensor
/home/lmy/iot-device-classification/dataset/sensor/round2_normal/sensor_r2.pcapng,R2,291,2911.826956272125,1.0440927326271776e-05,3.233762254239991e-05,0.00029719772282987833,0.9996414184570312,1.8630369595484808e-05,Sensor
/home/lmy/iot-device-classification/dataset/sensor/round2_normal/sensor_r2.pcapng,R2,292,2921.626389980316,7.93472099758219e-06,2.7092359232483432e-05,0.0001881065109046176,0.9997619986534119,1.492003048042534e-05,Sensor
/home/lmy/iot-device-classification/dataset/sensor/round2_normal/sensor_r2.pcapng,R2,293,2931.0470774173737,0.0002717800089158118,0.00037581275682896376,0.010936937294900417,0.9882594347000122,0.0001560164091642946,Sensor
/home/lmy/iot-device-classification/dataset/sensor/round2_normal/sensor_r2.pcapng,R2,294,2941.8005187511444,6.141916674096137e-05,0.00046919993474148214,0.0002811616286635399,0.9990863800048828,0.00010186175495618954,Sensor
/home/lmy/iot-device-classification/dataset/sensor/round2_normal/sensor_r2.pcapng,R2,295,2951.926488637924,0.0002874988713301718,0.0006987635279074311,0.001879403949715197,0.9969087243080139,0.00022566992265637964,Sensor
/home/lmy/iot-device-classification/dataset/sensor/round2_normal/sensor_r2.pcapng,R2,296,2961.0757944583893,8.149661152856424e-05,0.0002685867657419294,0.010561765171587467,0.9889844655990601,0.00010361659951740876,Sensor
/home/lmy/iot-device-classification/dataset/sensor/round2_normal/sensor_r2.pcapng,R2,297,2972.0806679725647,0.00047085294499993324,0.0005837882636114955,0.01595477946102619,0.9825729131698608,0.0004176597576588392,Sensor
/home/lmy/iot-device-classification/dataset/sensor/round2_normal/sensor_r2.pcapng,R2,298,2982.0808470249176,9.217211481882259e-05,0.00024136487627401948,0.01335133146494627,0.9862048029899597,0.00011029148299712688,Sensor
/home/lmy/iot-device-classification/dataset/sensor/round2_normal/sensor_r2.pcapng,R2,299,2991.1060523986816,0.001106965122744441,0.006294380873441696,0.3465963900089264,0.6442376375198364,0.0017646538326516747,Sensor
/home/lmy/iot-device-classification/dataset/sensor/round2_normal/sensor_r2.pcapng,R2,300,3002.280843496322,7.261987775564194e-05,0.00014211681263986975,0.006363095249980688,0.9933595061302185,6.267739809118211e-05,Sensor
/home/lmy/iot-device-classification/dataset/sensor/round2_normal/sensor_r2.pcapng,R2,301,3012.425857067108,1.5173321116890293e-05,7.810530223650858e-05,0.00613170163705945,0.9937521815299988,2.288670111738611e-05,Sensor
/home/lmy/iot-device-classification/dataset/sensor/round2_normal/sensor_r2.pcapng,R2,302,3021.115692853928,0.00014277179434429854,0.00034153604065068066,0.010654529556632042,0.9886656999588013,0.00019552088633645326,Sensor
/home/lmy/iot-device-classification/dataset/sensor/round2_normal/sensor_r2.pcapng,R2,303,3031.705816745758,0.012986569665372372,0.021634558215737343,0.017159920185804367,0.9462873339653015,0.001931599690578878,Sensor
/home/lmy/iot-device-classification/dataset/sensor/round2_normal/sensor_r2.pcapng,R2,304,3042.345588684082,0.0003938597801607102,0.041903283447027206,0.031166566535830498,0.9257392287254333,0.0007971333689056337,Sensor
/home/lmy/iot-device-classification/dataset/sensor/round2_normal/sensor_r2.pcapng,R2,305,3050.9771869182587,0.0032775935251265764,0.002101253718137741,0.5886503458023071,0.4047871232032776,0.0011836420744657516,Sensor
/home/lmy/iot-device-classification/dataset/sensor/round2_normal/sensor_r2.pcapng,R2,306,3062.500036716461,9.955897985491902e-05,0.0023008938878774643,0.006491262465715408,0.9909616112709045,0.0001466768590034917,Sensor
/home/lmy/iot-device-classification/dataset/sensor/round2_normal/sensor_r2.pcapng,R2,307,3072.725109577179,6.401102291420102e-05,0.0001564816921018064,0.002016633516177535,0.9976983666419983,6.447094347095117e-05,Sensor
/home/lmy/iot-device-classification/dataset/sensor/round2_normal/sensor_r2.pcapng,R2,308,3081.1672871112823,0.0014628675999119878,0.029381830245256424,0.11955806612968445,0.8474070429801941,0.0021901316940784454,Sensor
/home/lmy/iot-device-classification/dataset/sensor/round2_normal/sensor_r2.pcapng,R2,309,3090.0653731822968,1.1618704775173683e-05,0.00018016360991168767,6.262674287427217e-05,0.9997251629829407,2.0378514818730764e-05,Sensor
/home/lmy/iot-device-classification/dataset/sensor/round2_normal/sensor_r2.pcapng,R2,310,3102.0089888572693,7.415571599267423e-05,0.00024371485051233321,0.001472710631787777,0.9981265664100647,8.279905887320638e-05,Sensor
/home/lmy/iot-device-classification/dataset/sensor/round2_normal/sensor_r2.pcapng,R2,311,3111.185669898987,0.0012033003149554133,0.0002461564727127552,0.008424775674939156,0.9899660348892212,0.00015975556743796915,Sensor
/home/lmy/iot-device-classification/dataset/sensor/round2_normal/sensor_r2.pcapng,R2,312,3122.810390472412,0.00020944933930877596,0.0010098752100020647,0.028789198026061058,0.9697673916816711,0.00022408724180422723,Sensor
/home/lmy/iot-device-classification/dataset/sensor/round2_normal/sensor_r2.pcapng,R2,313,3133.179714679718,0.0020805587992072105,0.0011819208739325404,0.22241871058940887,0.7739906907081604,0.0003281413810327649,Sensor
/home/lmy/iot-device-classification/dataset/sensor/round2_normal/sensor_r2.pcapng,R2,314,3141.216541528702,0.0008304172661155462,0.0025257456582039595,0.7240900993347168,0.2714404761791229,0.001113243750296533,Sensor
/home/lmy/iot-device-classification/dataset/sensor/round2_normal/sensor_r2.pcapng,R2,315,3151.9268679618835,0.001566896215081215,0.000566797680221498,0.0010111482115462422,0.9963940978050232,0.0004610395117197186,Sensor
/home/lmy/iot-device-classification/dataset/sensor/round2_normal/sensor_r2.pcapng,R2,316,3162.3262412548065,1.598125891177915e-05,4.720639844890684e-05,0.0018043478485196829,0.9980947375297546,3.7671125028282404e-05,Sensor
/home/lmy/iot-device-classification/dataset/sensor/round2_normal/sensor_r2.pcapng,R2,317,3171.247684240341,0.0007711885846219957,0.007254775147885084,0.004028853494673967,0.9869576692581177,0.0009874998359009624,Sensor
/home/lmy/iot-device-classification/dataset/sensor/round2_normal/sensor_r2.pcapng,R2,318,3180.546797513962,0.05819155275821686,0.007450835779309273,0.044315218925476074,0.8893631100654602,0.0006793159409426153,Sensor
/home/lmy/iot-device-classification/dataset/sensor/round2_normal/sensor_r2.pcapng,R2,319,3193.5285770893097,8.739476470509544e-05,0.0003423592133913189,0.20828410983085632,0.7910299897193909,0.00025612118770368397,Sensor
/home/lmy/iot-device-classification/dataset/sensor/round2_normal/sensor_r2.pcapng,R2,320,3201.267081975937,0.0002833183389157057,0.0017998155672103167,0.008378605358302593,0.9894305467605591,0.00010775375994853675,Sensor
/home/lmy/iot-device-classification/dataset/sensor/round2_normal/sensor_r2.pcapng,R2,321,3212.2462754249573,1.6225989384111017e-05,0.00021317528444342315,1.3887748536944855e-05,0.999733030796051,2.3689235604251735e-05,Sensor
/home/lmy/iot-device-classification/dataset/sensor/round2_normal/sensor_r2.pcapng,R2,322,3223.633684873581,0.00029671864467673004,0.0020040690433233976,0.00010558339999988675,0.9975085258483887,8.512960630469024e-05,Sensor
/home/lmy/iot-device-classification/dataset/sensor/round2_normal/sensor_r2.pcapng,R2,323,3231.2805058956146,0.00019917992176488042,0.006871851626783609,0.2590101957321167,0.7335727214813232,0.00034602926461957395,Sensor
/home/lmy/iot-device-classification/dataset/sensor/round2_normal/sensor_r2.pcapng,R2,324,3243.4587829113007,0.0005605138139799237,0.011013093404471874,0.00022212398471310735,0.987991988658905,0.0002122752193827182,Sensor
/home/lmy/iot-device-classification/dataset/sensor/round2_normal/sensor_r2.pcapng,R2,325,3254.034036874771,0.0006272176979109645,0.3101768493652344,0.0004338358121458441,0.6886317133903503,0.00013037322787567973,Sensor
/home/lmy/iot-device-classification/dataset/sensor/round2_normal/sensor_r2.pcapng,R2,326,3261.2892100811005,0.0021316581405699253,0.03417972847819328,0.6259325742721558,0.33553311228752136,0.0022229719907045364,Sensor
/home/lmy/iot-device-classification/dataset/sensor/round2_normal/sensor_r2.pcapng,R2,327,3274.033725261688,1.5094420632522088e-05,0.0003253727627452463,2.4216167730628513e-05,0.9996247291564941,1.0583751645754091e-05,Sensor
/home/lmy/iot-device-classification/dataset/sensor/round2_normal/sensor_r2.pcapng,R2,328,3282.96857881546,0.0002636527642607689,0.0004841779882553965,0.0026049704756587744,0.9962900876998901,0.0003571095585357398,Sensor
/home/lmy/iot-device-classification/dataset/sensor/round2_normal/sensor_r2.pcapng,R2,329,3291.338315963745,0.047429606318473816,0.0013809220399707556,0.013982189819216728,0.9363308548927307,0.00087643665028736,Sensor
/home/lmy/iot-device-classification/dataset/sensor/round2_normal/sensor_r2.pcapng,R2,330,3304.1127831935883,1.6325830074492842e-06,2.921713712566998e-05,6.849703368061455e-06,0.9999587535858154,3.55167185261962e-06,Sensor
/home/lmy/iot-device-classification/dataset/sensor/round2_normal/sensor_r2.pcapng,R2,331,3314.333526372909,7.050524345686426e-06,0.0004250876954756677,7.841883780201897e-05,0.9994766116142273,1.2906997653772123e-05,Sensor
/home/lmy/iot-device-classification/dataset/sensor/round2_normal/sensor_r2.pcapng,R2,332,3321.345742225647,0.0015061466256156564,0.009114129468798637,0.021579569205641747,0.9675003290176392,0.0002998712589032948,Sensor
/home/lmy/iot-device-classification/dataset/sensor/round2_normal/sensor_r2.pcapng,R2,333,3332.886128425598,0.0002716753806453198,0.0011227898066863418,0.06561672687530518,0.9327769875526428,0.00021177317830733955,Sensor
/home/lmy/iot-device-classification/dataset/sensor/round2_normal/sensor_r2.pcapng,R2,334,3342.408815145493,0.0002864421403501183,0.29520314931869507,0.00756128691136837,0.6964269876480103,0.0005221035680733621,Sensor
/home/lmy/iot-device-classification/dataset/sensor/round2_normal/sensor_r2.pcapng,R2,335,3351.376101255417,0.00024331908207386732,0.0034936831798404455,0.005260165315121412,0.9906688332557678,0.0003339815011713654,Sensor
/home/lmy/iot-device-classification/dataset/sensor/round2_normal/sensor_r2.pcapng,R2,336,3364.5327231884003,3.018143070221413e-05,0.000208145851502195,1.5486559277633205e-05,0.9997268319129944,1.934041029016953e-05,Sensor
/home/lmy/iot-device-classification/dataset/sensor/round2_normal/sensor_r2.pcapng,R2,337,3372.4061958789825,0.000600579078309238,0.0013600258389487863,0.33188048005104065,0.6653316617012024,0.0008272671257145703,Sensor
/home/lmy/iot-device-classification/dataset/sensor/round2_normal/sensor_r2.pcapng,R2,338,3381.407458782196,0.0002687742526177317,0.0012072110548615456,0.03066212683916092,0.9671971201896667,0.0006647821865044534,Sensor
/home/lmy/iot-device-classification/dataset/sensor/round2_normal/sensor_r2.pcapng,R2,339,3394.8326506614685,0.00012081939348718151,0.0027342617977410555,0.0003496435238048434,0.996724545955658,7.075752364471555e-05,Sensor
/home/lmy/iot-device-classification/dataset/sensor/round2_normal/sensor_r2.pcapng,R2,340,3403.873057603836,5.255526411929168e-05,0.00015982909826561809,0.0005788226262666285,0.9991496801376343,5.905735815758817e-05,Sensor
/home/lmy/iot-device-classification/dataset/sensor/round2_normal/sensor_r2.pcapng,R2,341,3411.4372050762177,0.0009522521868348122,0.02090335823595524,0.017798449844121933,0.9596161246299744,0.0007298560230992734,Sensor
/home/lmy/iot-device-classification/dataset/sensor/round2_normal/sensor_r2.pcapng,R2,342,3422.3305826187134,4.059344792040065e-05,0.0002527093456592411,2.5867318981909193e-05,0.9996532201766968,2.7613878046395257e-05,Sensor
/home/lmy/iot-device-classification/dataset/sensor/round2_normal/sensor_r2.pcapng,R2,343,3432.7289204597478,4.286247713025659e-05,0.00014513345377054065,5.3651932830689475e-05,0.999724805355072,3.349229882587679e-05,Sensor
/home/lmy/iot-device-classification/dataset/sensor/round2_normal/sensor_r2.pcapng,R2,344,3440.1508922576904,0.0006683564861305058,0.02096383273601532,0.09231443703174591,0.8850060105323792,0.0010473770089447498,Sensor
/home/lmy/iot-device-classification/dataset/sensor/round2_normal/sensor_r2.pcapng,R2,345,3455.111474275589,7.651599298696965e-05,0.0003511211834847927,8.010568126337603e-05,0.9994588494300842,3.341490082675591e-05,Sensor
/home/lmy/iot-device-classification/dataset/sensor/round2_normal/sensor_r2.pcapng,R2,346,3463.9259531497955,0.0004821776819881052,0.0010161004029214382,0.039274364709854126,0.9587040543556213,0.0005232916446402669,Sensor
/home/lmy/iot-device-classification/dataset/sensor/round2_normal/sensor_r2.pcapng,R2,347,3471.4958708286285,0.0006917877472005785,0.3076231777667999,0.014306984841823578,0.6760404109954834,0.0013377030845731497,Sensor
/home/lmy/iot-device-classification/dataset/sensor/round2_normal/sensor_r2.pcapng,R2,348,3480.634381055832,3.356408706167713e-05,0.0001978258806047961,0.0005382316303439438,0.999171257019043,5.90950803598389e-05,Sensor
/home/lmy/iot-device-classification/dataset/sensor/round2_normal/sensor_r2.pcapng,R2,349,3493.75984621048,0.0015879615675657988,0.0012743443949148059,0.00013965355174150318,0.9968652129173279,0.0001328435610048473,Sensor
/home/lmy/iot-device-classification/dataset/sensor/round2_normal/sensor_r2.pcapng,R2,350,3501.526156425476,0.0032859346829354763,0.01779329590499401,0.4013935327529907,0.5739254951477051,0.0036017638631165028,Sensor
/home/lmy/iot-device-classification/dataset/sensor/round2_normal/sensor_r2.pcapng,R2,351,3513.84428191185,0.0001910461432999,0.0007617615046910942,0.02882872335612774,0.9699908494949341,0.0002276049490319565,Sensor
/home/lmy/iot-device-classification/dataset/sensor/round2_normal/sensor_r2.pcapng,R2,352,3520.710800409317,5.092240826343186e-05,0.00011212031677132472,0.00022789261129219085,0.9995821118354797,2.699106880754698e-05,Sensor
/home/lmy/iot-device-classification/dataset/sensor/round2_normal/sensor_r2.pcapng,R2,353,3531.545145511627,0.0006999505567364395,0.0016267509199678898,0.2828407883644104,0.7139202356338501,0.0009122204501181841,Sensor
/home/lmy/iot-device-classification/dataset/sensor/round2_normal/sensor_r2.pcapng,R2,354,3545.0442230701447,2.834472616086714e-05,0.00014729394752066582,0.0006265101837925613,0.9991418123245239,5.603389217867516e-05,Sensor
/home/lmy/iot-device-classification/dataset/sensor/round2_normal/sensor_r2.pcapng,R2,355,3553.3749539852142,3.015614493051544e-05,0.00044308931683190167,0.0003504545020405203,0.9991188645362854,5.7399956858716905e-05,Sensor
/home/lmy/iot-device-classification/dataset/sensor/round2_normal/sensor_r2.pcapng,R2,356,3561.0313444137573,0.00011780794739024714,8.810962754068896e-05,0.018573738634586334,0.9811546206474304,6.569530523847789e-05,Sensor
/home/lmy/iot-device-classification/dataset/sensor/round2_normal/sensor_r2.pcapng,R2,357,3574.1676847934723,0.00014211059897206724,0.0003506175708025694,0.00016864242206793278,0.999299168586731,3.945531352655962e-05,Sensor
/home/lmy/iot-device-classification/dataset/sensor/round2_normal/sensor_r2.pcapng,R2,358,3583.7585620880127,0.004861846100538969,0.0030470751225948334,0.020321885123848915,0.9703179001808167,0.0014512797351926565,Sensor
/home/lmy/iot-device-classification/dataset/sensor/round2_normal/sensor_r2.pcapng,R2,359,3591.5646183490758,0.00013018354366067797,0.0007282528677023947,0.9026060700416565,0.09635095298290253,0.0001844713551690802,Sensor
/home/lmy/iot-device-classification/dataset/sensor/round2_normal/sensor_r2.pcapng,R2,360,3601.270005941391,2.1269343051244505e-05,0.00012604582298081368,0.0001519946235930547,0.9996650218963623,3.5660912544699386e-05,Sensor
/home/lmy/iot-device-classification/dataset/sensor/round2_normal/sensor_r2.pcapng,R2,361,3615.7745842933655,0.000445008568931371,0.0015023365849629045,0.0027889225166291,0.9946957230567932,0.0005680404719896615,Sensor
/home/lmy/iot-device-classification/dataset/sensor/round2_normal/sensor_r2.pcapng,R2,362,3621.593924283981,0.0002527817850932479,0.0012487944914028049,0.0003315821522846818,0.9980162382125854,0.00015053650713525712,Sensor
/home/lmy/iot-device-classification/dataset/socket/round2_normal/socket_r2.pcapng,R2,0,0.0,0.001480824314057827,4.471305146580562e-05,8.262596384156495e-05,0.00018762005493044853,0.998204231262207,Socket
/home/lmy/iot-device-classification/dataset/socket/round2_normal/socket_r2.pcapng,R2,1,10.0354585647583,0.0012700753286480904,3.773135176743381e-05,3.3054049708880484e-05,2.362446866754908e-05,0.998635470867157,Socket
/home/lmy/iot-device-classification/dataset/socket/round2_normal/socket_r2.pcapng,R2,2,20.081421852111816,0.0015074696857482195,2.3397442419081926e-05,6.107323133619502e-05,2.1490159269887954e-05,0.9983866214752197,Socket
/home/lmy/iot-device-classification/dataset/socket/round2_normal/socket_r2.pcapng,R2,3,30.149226665496823,0.0014175879769027233,4.559167427942157e-05,7.2490634011046495e-06,0.00018057394481729716,0.9983489513397217,Socket
/home/lmy/iot-device-classification/dataset/socket/round2_normal/socket_r2.pcapng,R2,4,40.24363803863525,0.0008331456920132041,3.937729707104154e-05,4.002758578280918e-05,4.115512274438515e-05,0.999046266078949,Socket
/home/lmy/iot-device-classification/dataset/socket/round2_normal/socket_r2.pcapng,R2,5,50.100953102111816,0.0003737668157555163,6.652992306044325e-05,1.240073106600903e-05,6.0169237258378416e-05,0.9994871616363525,Socket
/home/lmy/iot-device-classification/dataset/socket/round2_normal/socket_r2.pcapng,R2,6,60.40126705169678,0.0028878292068839073,5.865993443876505e-05,1.5718924259999767e-05,0.0003607707913033664,0.996677041053772,Socket
/home/lmy/iot-device-classification/dataset/socket/round2_normal/socket_r2.pcapng,R2,7,70.19221138954163,0.0011689187958836555,2.5198503863066435e-05,5.2620416681747884e-05,2.1753005057689734e-05,0.9987315535545349,Socket
/home/lmy/iot-device-classification/dataset/socket/round2_normal/socket_r2.pcapng,R2,8,80.1516661643982,0.00044312261161394417,8.676639117766172e-05,0.0001459289196645841,3.2559466490056366e-05,0.9992915391921997,Socket
/home/lmy/iot-device-classification/dataset/socket/round2_normal/socket_r2.pcapng,R2,9,90.14341592788696,0.0029775374568998814,2.6489560696063563e-05,2.1442101569846272e-05,0.0004091270675417036,0.9965654015541077,Socket
/home/lmy/iot-device-classification/dataset/socket/round2_normal/socket_r2.pcapng,R2,10,100.34294390678406,0.0017235325649380684,2.9088661904097535e-05,5.711743142455816e-05,1.7963920981856063e-05,0.9981722831726074,Socket
/home/lmy/iot-device-classification/dataset/socket/round2_normal/socket_r2.pcapng,R2,11,110.20170521736144,0.0010879917535930872,1.8452430595061742e-05,0.00010167388245463371,1.9663126295199618e-05,0.9987722039222717,Socket
/home/lmy/iot-device-classification/dataset/socket/round2_normal/socket_r2.pcapng,R2,12,120.1942663192749,0.002314356155693531,3.6581062886398286e-05,1.4210617337084841e-05,0.0002628532238304615,0.997372031211853,Socket
/home/lmy/iot-device-classification/dataset/socket/round2_normal/socket_r2.pcapng,R2,13,130.3651101589203,0.0008886720170266926,1.7777516404748894e-05,4.6685978304594755e-05,2.457219125062693e-05,0.9990222454071045,Socket
/home/lmy/iot-device-classification/dataset/socket/round2_normal/socket_r2.pcapng,R2,14,140.250905752182,0.0013477331958711147,2.6058856747113168e-05,4.7833629650995135e-05,2.0313729692134075e-05,0.9985581040382385,Socket
/home/lmy/iot-device-classification/dataset/socket/round2_normal/socket_r2.pcapng,R2,15,150.2439162731171,0.0005656052380800247,2.819912879203912e-05,1.2144880201958586e-05,0.00019225267169531435,0.9992018342018127,Socket
/home/lmy/iot-device-classification/dataset/socket/round2_normal/socket_r2.pcapng,R2,16,160.2053942680359,0.000590295298025012,1.732998134684749e-05,0.0009899690048769116,1.737042111926712e-05,0.9983850717544556,Socket
/home/lmy/iot-device-classification/dataset/socket/round2_normal/socket_r2.pcapng,R2,17,170.30240631103516,0.00042637530714273453,2.299707557540387e-05,4.593434277921915e-05,1.778592195478268e-05,0.9994869232177734,Socket
/home/lmy/iot-device-classification/dataset/socket/round2_normal/socket_r2.pcapng,R2,18,180.2952525615692,0.00011715431173797697,0.00010480774653842673,1.1507272574817762e-05,0.00040283860289491713,0.9993637204170227,Socket
/home/lmy/iot-device-classification/dataset/socket/round2_normal/socket_r2.pcapng,R2,19,190.2590570449829,0.00037723552668467164,2.4309871150762774e-05,4.253814768162556e-05,1.9277385945315473e-05,0.9995366334915161,Socket
/home/lmy/iot-device-classification/dataset/socket/round2_normal/socket_r2.pcapng,R2,20,200.2504050731659,0.0006719763041473925,3.947552613681182e-05,3.527895387378521e-05,1.7861597370938398e-05,0.9992353916168213,Socket
/home/lmy/iot-device-classification/dataset/socket/round2_normal/socket_r2.pcapng,R2,21,210.3134458065033,0.00041759476880542934,6.712184404022992e-05,6.810954346292419e-06,0.00013957569899503142,0.9993689656257629,Socket
/home/lmy/iot-device-classification/dataset/socket/round2_normal/socket_r2.pcapng,R2,22,220.3052880764008,0.000461208401247859,2.3972914277692325e-05,2.511137427063659e-05,1.7714253772282973e-05,0.9994719624519348,Socket
/home/lmy/iot-device-classification/dataset/socket/round2_normal/socket_r2.pcapng,R2,23,230.29807257652283,0.000956748437602073,2.3257789507624693e-05,2.4220282284659334e-05,1.704368150967639e-05,0.9989787340164185,Socket
/home/lmy/iot-device-classification/dataset/socket/round2_normal/socket_r2.pcapng,R2,24,240.3627758026123,0.0025387045461684465,3.681427915580571e-05,1.48192075357656e-05,0.00026039007934741676,0.9971492886543274,Socket
/home/lmy/iot-device-classification/dataset/socket/round2_normal/socket_r2.pcapng,R2,25,250.35799193382263,0.00025528849801048636,2.8582900995388627e-05,2.3107879314920865e-05,1.5433310181833804e-05,0.9996776580810547,Socket
/home/lmy/iot-device-classification/dataset/socket/round2_normal/socket_r2.pcapng,R2,26,260.3595037460327,0.0003031598462257534,2.6646650439943187e-05,2.5332332370453514e-05,1.7398557247361168e-05,0.9996274709701538,Socket
/home/lmy/iot-device-classification/dataset/socket/round2_normal/socket_r2.pcapng,R2,27,270.31142497062683,0.00019600805535446852,9.108251833822578e-05,6.753985417162767e-06,0.00015174261352512985,0.9995543360710144,Socket
/home/lmy/iot-device-classification/dataset/socket/round2_normal/socket_r2.pcapng,R2,28,280.4058766365051,0.0004293673555366695,3.788295725826174e-05,3.105326686636545e-05,3.563997961464338e-05,0.9994661211967468,Socket
/home/lmy/iot-device-classification/dataset/socket/round2_normal/socket_r2.pcapng,R2,29,290.5044903755188,0.0002117288822773844,1.8678121705306694e-05,5.074693763162941e-05,1.7163694792543538e-05,0.9997016787528992,Socket
/home/lmy/iot-device-classification/dataset/socket/round2_normal/socket_r2.pcapng,R2,30,300.3603706359863,0.0011792421573773026,3.248303255531937e-05,9.71300141827669e-06,0.00035425747046247125,0.9984242916107178,Socket
/home/lmy/iot-device-classification/dataset/socket/round2_normal/socket_r2.pcapng,R2,31,310.3527891635895,0.00015117412840481848,4.8355079343309626e-05,2.632216092024464e-05,2.215495624113828e-05,0.9997519850730896,Socket
/home/lmy/iot-device-classification/dataset/socket/round2_normal/socket_r2.pcapng,R2,32,320.41764760017395,0.00018306256970390677,0.00012020418216707185,1.4029744306753855e-05,3.280234886915423e-05,0.9996498823165894,Socket
/home/lmy/iot-device-classification/dataset/socket/round2_normal/socket_r2.pcapng,R2,33,330.4084310531616,0.0007087033009156585,0.0001086729098460637,5.96965583099518e-06,0.0003273367474321276,0.9988492727279663,Socket
/home/lmy/iot-device-classification/dataset/socket/round2_normal/socket_r2.pcapng,R2,34,340.40340209007263,0.0004660455451812595,3.0650280677946284e-05,2.49928289122181e-05,2.2471749616670422e-05,0.9994558691978455,Socket
/home/lmy/iot-device-classification/dataset/socket/round2_normal/socket_r2.pcapng,R2,35,350.4670686721802,0.000591187970712781,3.4457123547326773e-05,1.688416159595363e-05,2.173496613977477e-05,0.9993357062339783,Socket
/home/lmy/iot-device-classification/dataset/socket/round2_normal/socket_r2.pcapng,R2,36,360.4571034908295,0.0010607861913740635,0.0001701883738860488,9.926303391694091e-06,0.0001710979122435674,0.9985880255699158,Socket
/home/lmy/iot-device-classification/dataset/socket/round2_normal/socket_r2.pcapng,R2,37,370.4520449638367,0.0006580431945621967,2.5688847017590888e-05,2.4078000933513977e-05,2.0022869648528285e-05,0.9992721676826477,Socket
/home/lmy/iot-device-classification/dataset/socket/round2_normal/socket_r2.pcapng,R2,38,380.514390707016,0.00032678013667464256,8.272056584246457e-05,9.484325346420519e-06,4.1279559809481725e-05,0.9995397329330444,Socket
/home/lmy/iot-device-classification/dataset/socket/round2_normal/socket_r2.pcapng,R2,39,390.5044915676117,0.0011888339649885893,3.884780016960576e-05,1.5921650629024953e-05,0.00016498581680934876,0.9985913634300232,Socket
/home/lmy/iot-device-classification/dataset/socket/round2_normal/socket_r2.pcapng,R2,40,400.4687297344208,0.0004860802146140486,7.510200521210209e-05,3.670827209134586e-05,1.5402076314785518e-05,0.9993866682052612,Socket
/home/lmy/iot-device-classification/dataset/socket/round2_normal/socket_r2.pcapng,R2,41,410.4595935344696,0.00048713787691667676,5.07676595589146e-05,3.8085421692812815e-05,1.9617582438513637e-05,0.9994044303894043,Socket
/home/lmy/iot-device-classification/dataset/socket/round2_normal/socket_r2.pcapng,R2,42,420.4510509967804,0.001306940452195704,3.9456735976273194e-05,9.82007804850582e-06,0.00026302822516299784,0.9983807802200317,Socket
/home/lmy/iot-device-classification/dataset/socket/round2_normal/socket_r2.pcapng,R2,43,430.0691819190979,0.0003943989868275821,4.4934429752174765e-05,3.65911255357787e-05,2.0659264919231646e-05,0.9995033740997314,Socket
/home/lmy/iot-device-classification/dataset/socket/round2_normal/socket_r2.pcapng,R2,44,440.5084993839264,8.614426769781858e-05,0.00010082172957481816,1.4208280845195986e-05,5.0227528845425695e-05,0.9997486472129822,Socket
/home/lmy/iot-device-classification/dataset/socket/round2_normal/socket_r2.pcapng,R2,45,450.4997470378876,0.0005227603251114488,5.8782690757652745e-05,1.5382334822788835e-05,0.00021349139569792897,0.999189555644989,Socket
/home/lmy/iot-device-classification/dataset/socket/round2_normal/socket_r2.pcapng,R2,46,460.05536556243896,0.0005054455250501633,3.7769208574900404e-05,2.7684798624250107e-05,1.547414831293281e-05,0.9994136095046997,Socket
/home/lmy/iot-device-classification/dataset/socket/round2_normal/socket_r2.pcapng,R2,47,470.2123441696167,0.0007611020701006055,4.668506153393537e-05,3.0521423468599096e-05,1.2366370356176049e-05,0.9991493225097656,Socket
/home/lmy/iot-device-classification/dataset/socket/round2_normal/socket_r2.pcapng,R2,48,480.00242853164673,0.0019449734827503562,3.693609687616117e-05,1.2481320482038427e-05,0.00021611814736388624,0.9977895021438599,Socket
/home/lmy/iot-device-classification/dataset/socket/round2_normal/socket_r2.pcapng,R2,49,490.6170339584351,0.00010400916653452441,0.0002680254401639104,2.8190117518533953e-05,9.31948161451146e-05,0.9995065927505493,Socket
/home/lmy/iot-device-classification/dataset/socket/round2_normal/socket_r2.pcapng,R2,50,500.51661229133606,0.00027766963467001915,0.0003084831405431032,7.541522791143507e-05,2.7819591196021065e-05,0.9993106126785278,Socket
/home/lmy/iot-device-classification/dataset/socket/round2_normal/socket_r2.pcapng,R2,51,510.57012009620667,0.002176210517063737,4.553435428533703e-05,1.0407417903479654e-05,0.0002289664844283834,0.9975389242172241,Socket
/home/lmy/iot-device-classification/dataset/socket/round2_normal/socket_r2.pcapng,R2,52,520.3978259563446,0.0007265618769451976,1.653263097978197e-05,5.970908750896342e-05,1.3888015928387176e-05,0.9991832375526428,Socket
/home/lmy/iot-device-classification/dataset/socket/round2_normal/socket_r2.pcapng,R2,53,530.1960287094116,0.0009742160909809172,2.4476414182572626e-05,2.399180448264815e-05,2.5723744329297915e-05,0.9989515542984009,Socket
/home/lmy/iot-device-classification/dataset/socket/round2_normal/socket_r2.pcapng,R2,54,540.0290551185608,0.0031293081119656563,3.2237185223493725e-05,2.018579289142508e-05,0.00026634972891770303,0.9965518712997437,Socket
/home/lmy/iot-device-classification/dataset/socket/round2_normal/socket_r2.pcapng,R2,55,550.6129779815674,0.0005393957835622132,2.30980476771947e-05,1.9024684661417268e-05,1.848192732722964e-05,0.9994000196456909,Socket
/home/lmy/iot-device-classification/dataset/socket/round2_normal/socket_r2.pcapng,R2,56,560.6565310955048,0.0008552526705898345,2.546016730775591e-05,4.594860365614295e-05,1.660067937336862e-05,0.9990567564964294,Socket
/home/lmy/iot-device-classification/dataset/socket/round2_normal/socket_r2.pcapng,R2,57,570.4344069957733,0.001124316593632102,6.368751201080158e-05,1.2280485861992929e-05,0.00014937983360141516,0.9986503720283508,Socket
/home/lmy/iot-device-classification/dataset/socket/round2_normal/socket_r2.pcapng,R2,58,580.2362542152405,0.00030090761720202863,4.4437285396270454e-05,2.2123967937659472e-05,1.2788615094905253e-05,0.999619722366333,Socket
/home/lmy/iot-device-classification/dataset/socket/round2_normal/socket_r2.pcapng,R2,59,590.0463454723358,0.0006967115332372487,6.33950621704571e-05,5.365604010876268e-05,1.0081334949063603e-05,0.9991760849952698,Socket
/home/lmy/iot-device-classification/dataset/socket/round2_normal/socket_r2.pcapng,R2,60,600.7152976989746,0.00027055590180680156,0.00011109480692539364,6.912115622981219e-06,0.00012935700942762196,0.9994820952415466,Socket
/home/lmy/iot-device-classification/dataset/socket/round2_normal/socket_r2.pcapng,R2,61,610.7084527015686,0.0007006870582699776,0.00010246200690744445,2.2370957594830543e-05,2.1481055227923207e-05,0.9991530179977417,Socket
/home/lmy/iot-device-classification/dataset/socket/round2_normal/socket_r2.pcapng,R2,62,620.261754989624,0.0005660591414198279,3.376005042809993e-05,4.909159542876296e-05,1.3817477338307071e-05,0.9993372559547424,Socket
/home/lmy/iot-device-classification/dataset/socket/round2_normal/socket_r2.pcapng,R2,63,630.4339077472687,0.00031598142231814563,0.000113347326987423,5.101101487525739e-05,0.0003827136242762208,0.9991369843482971,Socket
/home/lmy/iot-device-classification/dataset/socket/round2_normal/socket_r2.pcapng,R2,64,640.861083984375,0.0006885734619572759,7.062101940391585e-05,7.019197073532268e-05,1.3263995242596138e-05,0.9991573095321655,Socket
/home/lmy/iot-device-classification/dataset/socket/round2_normal/socket_r2.pcapng,R2,65,650.7202453613281,0.0006933305994607508,3.217757330276072e-05,3.5249540815129876e-05,1.3922084690420888e-05,0.9992252588272095,Socket
/home/lmy/iot-device-classification/dataset/socket/round2_normal/socket_r2.pcapng,R2,66,660.7136373519897,0.0005148687632754445,8.236701978603378e-05,6.19718775851652e-06,0.00014483515406027436,0.999251663684845,Socket
/home/lmy/iot-device-classification/dataset/socket/round2_normal/socket_r2.pcapng,R2,67,670.7668206691742,0.00015796057414263487,7.566637941636145e-05,2.4633875000290573e-05,1.718413295748178e-05,0.9997245669364929,Socket
/home/lmy/iot-device-classification/dataset/socket/round2_normal/socket_r2.pcapng,R2,68,680.5104551315308,0.0001223645667778328,9.792357741389424e-05,0.0001566367136547342,1.873585097200703e-05,0.9996044039726257,Socket
/home/lmy/iot-device-classification/dataset/socket/round2_normal/socket_r2.pcapng,R2,69,690.7640838623047,0.0005936882807873189,2.0165562091278844e-05,1.8381961126578972e-05,0.0001506792614236474,0.9992170333862305,Socket
/home/lmy/iot-device-classification/dataset/socket/round2_normal/socket_r2.pcapng,R2,70,700.7241053581238,0.0005995462997816503,3.641055809566751e-05,5.992572914692573e-05,1.347243414784316e-05,0.9992905855178833,Socket
/home/lmy/iot-device-classification/dataset/socket/round2_normal/socket_r2.pcapng,R2,71,710.8184490203857,0.0004950570873916149,2.882047920138575e-05,2.6607600375427864e-05,1.442041957488982e-05,0.9994351267814636,Socket
/home/lmy/iot-device-classification/dataset/socket/round2_normal/socket_r2.pcapng,R2,72,720.4883053302765,0.0011798657942563295,4.057240948895924e-05,1.7556776583660394e-05,0.00014311853738036007,0.9986188411712646,Socket
/home/lmy/iot-device-classification/dataset/socket/round2_normal/socket_r2.pcapng,R2,73,730.7729177474976,0.0002097424876410514,1.5873671145527624e-05,4.3269556044833735e-05,3.4174729080405086e-05,0.9996969699859619,Socket
/home/lmy/iot-device-classification/dataset/socket/round2_normal/socket_r2.pcapng,R2,74,740.7656590938568,0.0003817040123976767,2.2193484255694784e-05,4.719881326309405e-05,1.639775473449845e-05,0.9995325803756714,Socket
/home/lmy/iot-device-classification/dataset/socket/round2_normal/socket_r2.pcapng,R2,75,750.8296678066254,0.0006103476043790579,7.902670040493831e-05,2.4216358724515885e-05,0.00018181004270445555,0.9991045594215393,Socket
/home/lmy/iot-device-classification/dataset/socket/round2_normal/socket_r2.pcapng,R2,76,760.8216223716736,0.0004971896414645016,3.4063337807310745e-05,4.429788896231912e-05,1.671739482844714e-05,0.9994077682495117,Socket
/home/lmy/iot-device-classification/dataset/socket/round2_normal/socket_r2.pcapng,R2,77,770.8168835639954,0.00012685648107435554,2.7370848329155706e-05,0.00010185333667322993,4.7192381316563115e-05,0.9996967315673828,Socket
/home/lmy/iot-device-classification/dataset/socket/round2_normal/socket_r2.pcapng,R2,78,780.8857326507568,0.0011641712626442313,4.315819751354866e-05,1.5837709725019522e-05,0.00016440186300314963,0.9986124038696289,Socket
/home/lmy/iot-device-classification/dataset/socket/round2_normal/socket_r2.pcapng,R2,79,790.8712651729584,0.0008150953217409551,5.2161845815135166e-05,4.5135599066270515e-05,1.123276069847634e-05,0.9990763664245605,Socket
/home/lmy/iot-device-classification/dataset/socket/round2_normal/socket_r2.pcapng,R2,80,800.9677557945251,0.00011193742830073461,4.924309905618429e-05,8.65826768858824e-06,3.6242781789042056e-05,0.9997939467430115,Socket
/home/lmy/iot-device-classification/dataset/socket/round2_normal/socket_r2.pcapng,R2,81,810.9287626743317,0.0017368108965456486,3.181849388056435e-05,1.7498428860562854e-05,0.00023730788961984217,0.9979766011238098,Socket
/home/lmy/iot-device-classification/dataset/socket/round2_normal/socket_r2.pcapng,R2,82,820.9236838817596,0.0001694616803433746,4.5551612856797874e-05,1.1676908798108343e-05,3.8818161556264386e-05,0.9997344613075256,Socket
/home/lmy/iot-device-classification/dataset/socket/round2_normal/socket_r2.pcapng,R2,83,830.885570526123,0.00042913577635772526,2.2077107132645324e-05,5.316770693752915e-05,1.3595513337349985e-05,0.9994820952415466,Socket
/home/lmy/iot-device-classification/dataset/socket/round2_normal/socket_r2.pcapng,R2,84,840.8775222301483,0.0006023317109793425,5.2601175411837175e-05,1.8526943676988594e-05,0.00022293195070233196,0.9991036057472229,Socket
/home/lmy/iot-device-classification/dataset/socket/round2_normal/socket_r2.pcapng,R2,85,850.9714915752411,0.00014024993288330734,3.3202319173142314e-05,3.392359576537274e-05,3.085271964664571e-05,0.9997617602348328,Socket
/home/lmy/iot-device-classification/dataset/socket/round2_normal/socket_r2.pcapng,R2,86,860.5057051181793,0.00015015905955806375,3.7622950912918895e-05,0.00011960905976593494,6.409725756384432e-05,0.9996285438537598,Socket
/home/lmy/iot-device-classification/dataset/socket/round2_normal/socket_r2.pcapng,R2,87,870.926198720932,0.0011662566103041172,3.862542143906467e-05,1.690870340098627e-05,0.0001999592932406813,0.9985783100128174,Socket
/home/lmy/iot-device-classification/dataset/socket/round2_normal/socket_r2.pcapng,R2,88,880.9182274341583,0.0020064145792275667,4.236511085764505e-05,6.829987978562713e-05,2.0914445485686883e-05,0.9978620409965515,Socket
/home/lmy/iot-device-classification/dataset/socket/round2_normal/socket_r2.pcapng,R2,89,890.9845218658447,0.0002711738634388894,2.018334635067731e-05,5.234148557065055e-05,2.8994918466196395e-05,0.9996272325515747,Socket
/home/lmy/iot-device-classification/dataset/socket/round2_normal/socket_r2.pcapng,R2,90,900.9814703464508,0.0010223446879535913,4.127442298340611e-05,1.55562211148208e-05,0.0002028961171163246,0.9987179040908813,Socket
/home/lmy/iot-device-classification/dataset/socket/round2_normal/socket_r2.pcapng,R2,91,910.9396374225616,0.0004511854494921863,2.4130371457431465e-05,2.7420745027484372e-05,2.095959280268289e-05,0.9994763731956482,Socket
/home/lmy/iot-device-classification/dataset/socket/round2_normal/socket_r2.pcapng,R2,92,921.0343472957612,0.0006470183143392205,1.9522261936799623e-05,3.394439409021288e-05,1.4636858395533636e-05,0.9992849230766296,Socket
/home/lmy/iot-device-classification/dataset/socket/round2_normal/socket_r2.pcapng,R2,93,931.0255441665648,0.0011166310869157314,4.563052789308131e-05,1.3052386748313438e-05,0.000543131900485605,0.9982815980911255,Socket
/home/lmy/iot-device-classification/dataset/socket/round2_normal/socket_r2.pcapng,R2,94,940.7850654125214,0.00028914172435179353,2.8192451281938702e-05,2.7482834411785007e-05,2.1056090190541e-05,0.9996341466903687,Socket
/home/lmy/iot-device-classification/dataset/socket/round2_normal/socket_r2.pcapng,R2,95,950.9829301834106,0.0003797390090767294,2.205466262239497e-05,5.346451871446334e-05,1.9273438738309778e-05,0.9995254278182983,Socket
/home/lmy/iot-device-classification/dataset/socket/round2_normal/socket_r2.pcapng,R2,96,961.0750875473022,0.0029802550561726093,3.59992882295046e-05,1.0061065950139891e-05,0.0002979752025566995,0.9966757297515869,Socket
/home/lmy/iot-device-classification/dataset/socket/round2_normal/socket_r2.pcapng,R2,97,970.7316403388976,0.0004825875221285969,4.066391920787282e-05,1.494820935477037e-05,0.0002874112979043275,0.9991744160652161,Socket
/home/lmy/iot-device-classification/dataset/socket/round2_normal/socket_r2.pcapng,R2,98,980.014011144638,0.0004940052749589086,1.9149769286741503e-05,4.801559407496825e-05,1.633314968785271e-05,0.999422550201416,Socket
/home/lmy/iot-device-classification/dataset/socket/round2_normal/socket_r2.pcapng,R2,99,990.4816193580627,0.0004739874566439539,0.0001425910013495013,9.627476174500771e-06,0.00043317824020050466,0.998940646648407,Socket
/home/lmy/iot-device-classification/dataset/socket/round2_normal/socket_r2.pcapng,R2,100,1001.0935599803925,0.0010607336880639195,1.655991218285635e-05,0.000758218695409596,3.468232534942217e-05,0.9981297850608826,Socket
/home/lmy/iot-device-classification/dataset/socket/round2_normal/socket_r2.pcapng,R2,101,1011.079916715622,0.00041662948206067085,2.457561822666321e-05,4.40650837845169e-05,1.4824478967057075e-05,0.9994999170303345,Socket
/home/lmy/iot-device-classification/dataset/socket/round2_normal/socket_r2.pcapng,R2,102,1021.042952299118,0.0007221781415864825,4.606406218954362e-05,7.755701517453417e-06,0.0002649085072334856,0.9989590644836426,Socket
/home/lmy/iot-device-classification/dataset/socket/round2_normal/socket_r2.pcapng,R2,103,1031.137945175171,0.0009386194287799299,2.3904773115646094e-05,3.079980888287537e-05,1.8588902094052173e-05,0.9989880919456482,Socket
/home/lmy/iot-device-classification/dataset/socket/round2_normal/socket_r2.pcapng,R2,104,1041.131029367447,0.0006050571100786328,2.1507334167836234e-05,2.7515225156093948e-05,1.95221982721705e-05,0.9993264675140381,Socket
/home/lmy/iot-device-classification/dataset/socket/round2_normal/socket_r2.pcapng,R2,105,1051.092408657074,0.0008111257338896394,4.55352092103567e-05,1.1641775927273557e-05,0.0002051467017736286,0.99892657995224,Socket
/home/lmy/iot-device-classification/dataset/socket/round2_normal/socket_r2.pcapng,R2,106,1061.087486743927,0.0009306235588155687,2.8348087653284892e-05,4.9435508117312565e-05,1.808136767067481e-05,0.9989734888076782,Socket
/home/lmy/iot-device-classification/dataset/socket/round2_normal/socket_r2.pcapng,R2,107,1071.2878286838531,0.0005052558844909072,2.1680823920178227e-05,3.752442717086524e-05,1.526947380625643e-05,0.9994202852249146,Socket
/home/lmy/iot-device-classification/dataset/socket/round2_normal/socket_r2.pcapng,R2,108,1081.1431946754456,0.0009231207659468055,3.685060437419452e-05,1.3960005162516609e-05,0.0002683269849512726,0.9987577199935913,Socket
/home/lmy/iot-device-classification/dataset/socket/round2_normal/socket_r2.pcapng,R2,109,1091.1333918571472,0.0013575622579082847,2.1580619431915693e-05,4.28493985964451e-05,1.853646790550556e-05,0.9985595345497131,Socket
/home/lmy/iot-device-classification/dataset/socket/round2_normal/socket_r2.pcapng,R2,110,1101.2008814811709,0.0013954404275864363,2.2343956516124308e-05,3.966505028074607e-05,1.9553028323571198e-05,0.9985230565071106,Socket
/home/lmy/iot-device-classification/dataset/socket/round2_normal/socket_r2.pcapng,R2,111,1111.1898877620697,0.0020831082947552204,3.935750646633096e-05,2.198553193011321e-05,0.00022137680207379162,0.9976341724395752,Socket
/home/lmy/iot-device-classification/dataset/socket/round2_normal/socket_r2.pcapng,R2,112,1121.190141916275,0.0010803771438077092,1.8776314391288906e-05,2.492037856427487e-05,2.3339749532169662e-05,0.9988526105880737,Socket
/home/lmy/iot-device-classification/dataset/socket/round2_normal/socket_r2.pcapng,R2,113,1131.1459579467771,0.0008901898982003331,2.2758855266147293e-05,3.365465818205848e-05,2.066371962428093e-05,0.999032735824585,Socket
/home/lmy/iot-device-classification/dataset/socket/round2_normal/socket_r2.pcapng,R2,114,1141.2394366264343,0.0009916785638779402,8.82744207046926e-05,1.6042686183936894e-05,0.0002469028113409877,0.9986571073532104,Socket
/home/lmy/iot-device-classification/dataset/socket/round2_normal/socket_r2.pcapng,R2,115,1151.33495759964,0.00048755647731013596,2.3191174477688037e-05,3.405106326681562e-05,1.6861516996868886e-05,0.9994383454322815,Socket
/home/lmy/iot-device-classification/dataset/socket/round2_normal/socket_r2.pcapng,R2,116,1161.196683883667,0.0011502020061016083,2.427870458632242e-05,4.537243512459099e-05,1.6453899661428295e-05,0.9987636804580688,Socket
/home/lmy/iot-device-classification/dataset/socket/round2_normal/socket_r2.pcapng,R2,117,1170.4595029354095,0.0006535274442285299,0.00010334794205846265,1.7587850379641168e-05,0.0003226632543373853,0.9989029169082642,Socket
/home/lmy/iot-device-classification/dataset/socket/round2_normal/socket_r2.pcapng,R2,118,1181.2690711021423,0.0013449155958369374,2.4053531888057478e-05,4.106733831577003e-05,3.807798566413112e-05,0.9985519051551819,Socket
/home/lmy/iot-device-classification/dataset/socket/round2_normal/socket_r2.pcapng,R2,119,1191.2475385665894,0.001114926184527576,2.4282420781673864e-05,4.379618985694833e-05,1.8574775822344236e-05,0.9987983703613281,Socket
/home/lmy/iot-device-classification/dataset/socket/round2_normal/socket_r2.pcapng,R2,120,1201.2404124736786,0.0028489050455391407,5.160415093996562e-05,1.0967245543724857e-05,0.00034689047606661916,0.9967415928840637,Socket
/home/lmy/iot-device-classification/dataset/socket/round2_normal/socket_r2.pcapng,R2,121,1210.0804917812347,0.001490203314460814,2.2990723664406687e-05,4.270151111995801e-05,2.3858285203459673e-05,0.998420238494873,Socket
/home/lmy/iot-device-classification/dataset/socket/round2_normal/socket_r2.pcapng,R2,122,1221.3022847175598,0.0008821056690067053,3.826087049674243e-05,2.4099665097310208e-05,2.2467515009338968e-05,0.9990330934524536,Socket
/home/lmy/iot-device-classification/dataset/socket/round2_normal/socket_r2.pcapng,R2,123,1231.2890632152555,0.00208900379948318,3.853460293612443e-05,1.2175589290563948e-05,0.00030754049657844007,0.9975528120994568,Socket
/home/lmy/iot-device-classification/dataset/socket/round2_normal/socket_r2.pcapng,R2,124,1241.351010799408,0.0002418331423541531,3.055668275919743e-05,1.3042155842413194e-05,5.943361247773282e-05,0.9996551275253296,Socket
/home/lmy/iot-device-classification/dataset/socket/round2_normal/socket_r2.pcapng,R2,125,1250.0118081569672,0.0004719532444141805,3.573519643396139e-05,2.4607072191429324e-05,1.907924706756603e-05,0.9994485974311829,Socket
/home/lmy/iot-device-classification/dataset/socket/round2_normal/socket_r2.pcapng,R2,126,1261.3071303367617,0.0014674769481644034,7.698644185438752e-05,1.2574261745612603e-05,0.00024311871675308794,0.9981998205184937,Socket
/home/lmy/iot-device-classification/dataset/socket/round2_normal/socket_r2.pcapng,R2,127,1270.0467691421509,0.0015666326507925987,1.8739152437774464e-05,3.995814040536061e-05,1.6643296476104297e-05,0.9983579516410828,Socket
/home/lmy/iot-device-classification/dataset/socket/round2_normal/socket_r2.pcapng,R2,128,1280.0516245365145,0.0009237508638761938,1.7283615306951106e-05,3.6736124457092956e-05,1.9240780602558516e-05,0.999002993106842,Socket
/home/lmy/iot-device-classification/dataset/socket/round2_normal/socket_r2.pcapng,R2,129,1290.433047056198,0.0008991907234303653,5.188501745578833e-05,9.121918083110359e-06,0.000210897225770168,0.9988289475440979,Socket
/home/lmy/iot-device-classification/dataset/socket/round2_normal/socket_r2.pcapng,R2,130,1301.3483011722565,0.0008041377877816558,2.559614040364977e-05,1.5371142580988817e-05,3.128532262053341e-05,0.9991236329078674,Socket
/home/lmy/iot-device-classification/dataset/socket/round2_normal/socket_r2.pcapng,R2,131,1310.379272699356,0.0001857587631093338,0.00010138361540157348,1.8756765712169e-05,2.3166108803707175e-05,0.9996709823608398,Socket
/home/lmy/iot-device-classification/dataset/socket/round2_normal/socket_r2.pcapng,R2,132,1320.165246963501,0.0012653248850256205,5.115254316478968e-05,7.596478553750785e-06,0.0002645620843395591,0.9984112977981567,Socket
/home/lmy/iot-device-classification/dataset/socket/round2_normal/socket_r2.pcapng,R2,133,1330.6795358657837,0.0013024152722209692,1.9769164282479323e-05,2.6204103050986305e-05,1.6975645849015564e-05,0.9986346364021301,Socket
/home/lmy/iot-device-classification/dataset/socket/round2_normal/socket_r2.pcapng,R2,134,1341.3596739768982,0.00030931533547118306,2.3806660465197638e-05,2.6093841370311566e-05,1.7621307051740587e-05,0.99962317943573,Socket
/home/lmy/iot-device-classification/dataset/socket/round2_normal/socket_r2.pcapng,R2,135,1350.5859985351562,0.0017904569394886494,3.2425657991552725e-05,1.831106419558637e-05,0.0001703566376818344,0.9979884624481201,Socket
/home/lmy/iot-device-classification/dataset/socket/round2_normal/socket_r2.pcapng,R2,136,1360.4181411266327,0.00023869612778071314,2.000599488383159e-05,4.169106250628829e-05,2.335745739401318e-05,0.9996762275695801,Socket
/home/lmy/iot-device-classification/dataset/socket/round2_normal/socket_r2.pcapng,R2,137,1370.1954407691956,0.0011005009291693568,1.7788366676541045e-05,4.7949186409823596e-05,1.853394860518165e-05,0.9988152980804443,Socket
/home/lmy/iot-device-classification/dataset/socket/round2_normal/socket_r2.pcapng,R2,138,1380.0318031311035,0.002755198860540986,2.5463508791290224e-05,1.728026836644858e-05,0.0002643167972564697,0.9969377517700195,Socket
/home/lmy/iot-device-classification/dataset/socket/round2_normal/socket_r2.pcapng,R2,139,1391.4986543655396,0.00010986028064507991,7.405060750897974e-05,2.788739584502764e-05,2.5288523829658516e-05,0.9997629523277283,Socket
/home/lmy/iot-device-classification/dataset/socket/round2_normal/socket_r2.pcapng,R2,140,1400.3320019245148,0.0002063003630610183,4.9232214223593473e-05,1.0465122613823041e-05,5.6203934946097434e-05,0.9996777772903442,Socket
/home/lmy/iot-device-classification/dataset/socket/round2_normal/socket_r2.pcapng,R2,141,1410.5867111682892,0.0015159338945522904,3.083928459091112e-05,3.8313548429869115e-05,0.0002639367594383657,0.9981510043144226,Socket
/home/lmy/iot-device-classification/dataset/socket/round2_normal/socket_r2.pcapng,R2,142,1420.009646654129,0.0005844381521455944,2.508994293748401e-05,4.5398926886264235e-05,1.7269327145186253e-05,0.9993277788162231,Socket
/home/lmy/iot-device-classification/dataset/socket/round2_normal/socket_r2.pcapng,R2,143,1430.1749272346497,0.0009858994744718075,1.9411734683671966e-05,5.231091927271336e-05,1.9972236259491183e-05,0.9989224672317505,Socket
/home/lmy/iot-device-classification/dataset/socket/round2_normal/socket_r2.pcapng,R2,144,1440.578197479248,0.0004428246757015586,4.822390837944113e-05,1.7336980818072334e-05,0.00038134484202601016,0.9991102814674377,Socket
/home/lmy/iot-device-classification/dataset/socket/round2_normal/socket_r2.pcapng,R2,145,1450.8450944423676,0.0006414956296794116,2.7351026801625267e-05,3.681097223307006e-05,1.8642407667357475e-05,0.9992757439613342,Socket
/home/lmy/iot-device-classification/dataset/socket/round2_normal/socket_r2.pcapng,R2,146,1460.6547937393188,0.0005926251178607345,1.8817394447978586e-05,5.414844781626016e-05,2.007920920732431e-05,0.9993143081665039,Socket
/home/lmy/iot-device-classification/dataset/socket/round2_normal/socket_r2.pcapng,R2,147,1470.4391784667969,0.0016589435981586576,3.630381979746744e-05,1.4234131413104478e-05,0.0003641292278189212,0.9979263544082642,Socket
/home/lmy/iot-device-classification/dataset/socket/round2_normal/socket_r2.pcapng,R2,148,1481.3650393486023,0.0006718580843880773,1.6938740373007022e-05,5.0966122216777876e-05,2.1567102521657944e-05,0.9992387294769287,Socket
/home/lmy/iot-device-classification/dataset/socket/round2_normal/socket_r2.pcapng,R2,149,1490.888999223709,0.0005080412374809384,2.5862020265776664e-05,5.438691732706502e-05,1.940607398864813e-05,0.9993922710418701,Socket
/home/lmy/iot-device-classification/dataset/socket/round2_normal/socket_r2.pcapng,R2,150,1500.9582090377808,0.0010222634300589561,3.718697189469822e-05,1.304163561144378e-05,0.00037943138158880174,0.9985480904579163,Socket
/home/lmy/iot-device-classification/dataset/socket/round2_normal/socket_r2.pcapng,R2,151,1510.738403558731,0.00023587259056512266,5.2652074373327196e-05,1.3266700989333913e-05,5.308163235895336e-05,0.9996451139450073,Socket
/home/lmy/iot-device-classification/dataset/socket/round2_normal/socket_r2.pcapng,R2,152,1521.3485481739044,0.00012752876500599086,3.742540502571501e-05,1.4396697224583477e-05,5.5094260460464284e-05,0.9997655749320984,Socket
/home/lmy/iot-device-classification/dataset/socket/round2_normal/socket_r2.pcapng,R2,153,1530.083467721939,0.0016141420928761363,3.046805431949906e-05,9.62486956268549e-06,0.00038594522629864514,0.9979598522186279,Socket
/home/lmy/iot-device-classification/dataset/socket/round2_normal/socket_r2.pcapng,R2,154,1540.0772285461426,0.001050639315508306,2.2233836716623046e-05,2.4470402422593907e-05,4.3966145312879235e-05,0.9988586902618408,Socket
/home/lmy/iot-device-classification/dataset/socket/round2_normal/socket_r2.pcapng,R2,155,1550.10192155838,0.00033221012563444674,3.448883580858819e-05,1.0496915820112918e-05,5.671830876963213e-05,0.9995660185813904,Socket
/home/lmy/iot-device-classification/dataset/socket/round2_normal/socket_r2.pcapng,R2,156,1560.0111799240112,0.0014935984509065747,3.2090880267787725e-05,1.3873549505660776e-05,0.0003189306880813092,0.9981415271759033,Socket
/home/lmy/iot-device-classification/dataset/socket/round2_normal/socket_r2.pcapng,R2,157,1570.027687072754,0.00025524068041704595,2.933951145678293e-05,4.1146013245452195e-05,3.0495377359329723e-05,0.9996438026428223,Socket
/home/lmy/iot-device-classification/dataset/socket/round2_normal/socket_r2.pcapng,R2,158,1580.0900287628174,0.0015602167695760727,2.1962341634207405e-05,2.8520593332359567e-05,0.00016002883785404265,0.9982293248176575,Socket
/home/lmy/iot-device-classification/dataset/socket/round2_normal/socket_r2.pcapng,R2,159,1590.0508978366852,0.0028334364760667086,4.2572253732942045e-05,1.346858698525466e-05,0.0002666382642928511,0.9968439340591431,Socket
/home/lmy/iot-device-classification/dataset/socket/round2_normal/socket_r2.pcapng,R2,160,1600.1750237941742,0.003207140602171421,4.503555464907549e-05,4.5950175262987614e-05,2.2522748622577637e-05,0.996679425239563,Socket
/home/lmy/iot-device-classification/dataset/socket/round2_normal/socket_r2.pcapng,R2,161,1610.137011051178,0.001792857889086008,2.088735709548928e-05,4.299193824408576e-05,2.4269351342809387e-05,0.9981189370155334,Socket
/home/lmy/iot-device-classification/dataset/socket/round2_normal/socket_r2.pcapng,R2,162,1620.2296471595764,0.0032531260512769222,5.9424528444651514e-05,8.870358215062879e-06,0.0002247432857984677,0.9964538812637329,Socket
/home/lmy/iot-device-classification/dataset/socket/round2_normal/socket_r2.pcapng,R2,163,1630.2943840026855,0.000590846233535558,6.654587195953354e-05,0.00013320583093445748,4.115582851227373e-05,0.9991682767868042,Socket
/home/lmy/iot-device-classification/dataset/socket/round2_normal/socket_r2.pcapng,R2,164,1640.4920601844788,0.0002430443128105253,3.568027022993192e-05,1.362938382953871e-05,4.346326386439614e-05,0.9996641874313354,Socket
/home/lmy/iot-device-classification/dataset/socket/round2_normal/socket_r2.pcapng,R2,165,1650.381554603577,0.0024222321808338165,4.3346510210540146e-05,1.5112394976313226e-05,0.00013147376012057066,0.9973878264427185,Socket
/home/lmy/iot-device-classification/dataset/socket/round2_normal/socket_r2.pcapng,R2,166,1660.4480204582214,0.001275635208003223,2.8541784558910877e-05,1.7031055904226378e-05,2.4082040908979252e-05,0.9986547231674194,Socket
/home/lmy/iot-device-classification/dataset/socket/round2_normal/socket_r2.pcapng,R2,167,1670.543006181717,0.0011247416259720922,1.9738436094485223e-05,4.2267747630830854e-05,2.0599813069566153e-05,0.9987926483154297,Socket
/home/lmy/iot-device-classification/dataset/socket/round2_normal/socket_r2.pcapng,R2,168,1680.6360697746277,0.002428184263408184,3.7603876990033314e-05,2.9837550755473785e-05,0.0003425322356633842,0.997161865234375,Socket
/home/lmy/iot-device-classification/dataset/socket/round2_normal/socket_r2.pcapng,R2,169,1690.7010509967804,0.0011394851608201861,1.9494711523293518e-05,4.3137624743394554e-05,1.7781512724468485e-05,0.9987800717353821,Socket
/home/lmy/iot-device-classification/dataset/socket/round2_normal/socket_r2.pcapng,R2,170,1700.796108007431,0.0010261473944410682,1.8541933968663216e-05,0.00010420210310257971,1.988005533348769e-05,0.9988312125205994,Socket
/home/lmy/iot-device-classification/dataset/socket/round2_normal/socket_r2.pcapng,R2,171,1710.788036584854,0.0024165273644030094,3.925630880985409e-05,3.194206874468364e-05,0.00026772840647026896,0.9972445964813232,Socket
/home/lmy/iot-device-classification/dataset/socket/round2_normal/socket_r2.pcapng,R2,172,1720.8553411960602,0.0010873011779040098,6.660009239567444e-05,4.459177944227122e-05,1.4319241927296389e-05,0.9987872242927551,Socket
/home/lmy/iot-device-classification/dataset/socket/round2_normal/socket_r2.pcapng,R2,173,1731.055193901062,0.000673936796374619,2.2776201149099506e-05,4.9602454964770004e-05,1.6117479390231892e-05,0.9992375373840332,Socket
/home/lmy/iot-device-classification/dataset/socket/round2_normal/socket_r2.pcapng,R2,174,1741.123067855835,0.0013365919003263116,3.650922735687345e-05,1.1207332136109471e-05,0.0013359637232497334,0.9972796440124512,Socket
/home/lmy/iot-device-classification/dataset/socket/round2_normal/socket_r2.pcapng,R2,175,1751.2136981487274,0.0003207862901035696,7.298549462575465e-05,2.5734676455613226e-05,1.9523688024492003e-05,0.9995610117912292,Socket
/home/lmy/iot-device-classification/dataset/socket/round2_normal/socket_r2.pcapng,R2,176,1760.4831166267395,0.0002907175512518734,9.035800758283585e-05,4.401539626996964e-05,2.358575329708401e-05,0.9995513558387756,Socket
/home/lmy/iot-device-classification/dataset/socket/round2_normal/socket_r2.pcapng,R2,177,1771.2670557498932,0.0010222059208899736,3.875678885378875e-05,1.315421650360804e-05,0.00024356514040846378,0.9986823201179504,Socket
/home/lmy/iot-device-classification/dataset/socket/round2_normal/socket_r2.pcapng,R2,178,1781.2589399814606,0.000857850827742368,4.2521704017417505e-05,3.7229379813652486e-05,1.7003014363581315e-05,0.9990454316139221,Socket
/home/lmy/iot-device-classification/dataset/socket/round2_normal/socket_r2.pcapng,R2,179,1791.3539106845856,0.0011366887483745813,6.191014836076647e-05,4.363565312814899e-05,1.3371246495808009e-05,0.9987443685531616,Socket
/home/lmy/iot-device-classification/dataset/socket/round2_normal/socket_r2.pcapng,R2,180,1801.4189007282257,0.002544989110901952,6.216995097929612e-05,1.3212355042924173e-05,0.00021220077178440988,0.9971674084663391,Socket
/home/lmy/iot-device-classification/dataset/socket/round2_normal/socket_r2.pcapng,R2,181,1811.513012170792,0.001149524818174541,2.243913695565425e-05,4.337595237302594e-05,1.672188227530569e-05,0.9987679123878479,Socket
/home/lmy/iot-device-classification/dataset/socket/round2_normal/socket_r2.pcapng,R2,182,1821.504527807236,0.0011003944091498852,5.0348364311503246e-05,3.063724216190167e-05,1.6719694031053223e-05,0.9988019466400146,Socket
/home/lmy/iot-device-classification/dataset/socket/round2_normal/socket_r2.pcapng,R2,183,1831.6745018959043,0.0008341102511622012,7.178882515290752e-05,5.981309641356347e-06,0.0004264433227945119,0.9986616373062134,Socket
/home/lmy/iot-device-classification/dataset/socket/round2_normal/socket_r2.pcapng,R2,184,1841.6669325828552,0.0012899923603981733,5.014858834329061e-05,2.2720530978403986e-05,1.1242460459470749e-05,0.9986258745193481,Socket
/home/lmy/iot-device-classification/dataset/socket/round2_normal/socket_r2.pcapng,R2,185,1851.7316510677335,0.0003513990086503327,0.00013062807556707412,1.1991466635663528e-05,4.673856892623007e-05,0.9994592070579529,Socket
/home/lmy/iot-device-classification/dataset/socket/round2_normal/socket_r2.pcapng,R2,186,1861.8239574432373,0.0006547071388922632,0.00015750806778669357,6.143193331809016e-06,0.00011193477985216305,0.9990697503089905,Socket
/home/lmy/iot-device-classification/dataset/socket/round2_normal/socket_r2.pcapng,R2,187,1871.922029018402,0.0016159036895260215,4.434220682014711e-05,4.2940329876728356e-05,1.6464517102576792e-05,0.99828040599823,Socket
/home/lmy/iot-device-classification/dataset/socket/round2_normal/socket_r2.pcapng,R2,188,1881.880867242813,0.0014073344646021724,3.6226672818884254e-05,1.8037342670140788e-05,2.81323282251833e-05,0.9985103011131287,Socket
/home/lmy/iot-device-classification/dataset/socket/round2_normal/socket_r2.pcapng,R2,189,1891.9750258922577,0.003114014631137252,9.22669205465354e-05,1.0111407391377725e-05,0.0004978606593795121,0.9962856769561768,Socket
/home/lmy/iot-device-classification/dataset/socket/round2_normal/socket_r2.pcapng,R2,190,1902.0742642879488,0.0016563348472118378,4.5295579184312373e-05,4.3827432818943635e-05,1.4279335118771996e-05,0.9982402324676514,Socket
/home/lmy/iot-device-classification/dataset/socket/round2_normal/socket_r2.pcapng,R2,191,1912.032825946808,0.000372664857422933,0.00013363025209400803,1.3352751011552755e-05,4.7431578423129395e-05,0.9994328618049622,Socket
/home/lmy/iot-device-classification/dataset/socket/round2_normal/socket_r2.pcapng,R2,192,1921.9224660396576,0.001857889350503683,3.467544956947677e-05,1.505969248682959e-05,0.00018809390894602984,0.9979043006896973,Socket
/home/lmy/iot-device-classification/dataset/socket/round2_normal/socket_r2.pcapng,R2,193,1932.1200103759768,0.0013361412566155195,6.34570824331604e-05,4.501162766246125e-05,3.1529987609246746e-05,0.9985238909721375,Socket
/home/lmy/iot-device-classification/dataset/socket/round2_normal/socket_r2.pcapng,R2,194,1941.9817597866056,0.0013990022707730532,3.1649487937102094e-05,4.5134511310607195e-05,1.868857361841947e-05,0.9985055923461914,Socket
/home/lmy/iot-device-classification/dataset/socket/round2_normal/socket_r2.pcapng,R2,195,1951.9709622859957,0.002333008451387286,7.385380013147369e-05,1.0729519999586046e-05,0.00018174939032178372,0.9974006414413452,Socket
/home/lmy/iot-device-classification/dataset/socket/round2_normal/socket_r2.pcapng,R2,196,1962.036328792572,0.0012610646663233638,5.8444096794119105e-05,4.127512147533707e-05,1.4873972759232856e-05,0.998624324798584,Socket
/home/lmy/iot-device-classification/dataset/socket/round2_normal/socket_r2.pcapng,R2,197,1972.029610157013,0.0012772631598636508,3.356431989232078e-05,5.0529310101410374e-05,1.6041183698689565e-05,0.9986226558685303,Socket
/home/lmy/iot-device-classification/dataset/socket/round2_normal/socket_r2.pcapng,R2,198,1980.4559299945831,0.0006630888674408197,8.111390343401581e-05,1.100195095204981e-05,0.00040893410914577544,0.9988358616828918,Socket
/home/lmy/iot-device-classification/dataset/socket/round2_normal/socket_r2.pcapng,R2,199,1992.0875451564789,0.0011187366908416152,1.9056384189752862e-05,4.265629831934348e-05,1.624795186216943e-05,0.9988032579421997,Socket
/home/lmy/iot-device-classification/dataset/socket/round2_normal/socket_r2.pcapng,R2,200,2000.0007433891296,0.0013797894353047013,4.2447525629540905e-05,4.005500522907823e-05,1.7976582967094146e-05,0.9985197186470032,Socket
/home/lmy/iot-device-classification/dataset/socket/round2_normal/socket_r2.pcapng,R2,201,2010.0270237922668,0.0018240900244563818,4.422571510076523e-05,1.68201768246945e-05,0.00029448585701175034,0.9978203773498535,Socket
/home/lmy/iot-device-classification/dataset/socket/round2_normal/socket_r2.pcapng,R2,202,2022.0415151119232,0.0009555313154123724,6.028719144524075e-05,2.4817720259306952e-05,1.7602797015570104e-05,0.9989417195320129,Socket
/home/lmy/iot-device-classification/dataset/socket/round2_normal/socket_r2.pcapng,R2,203,2032.1281695365903,0.0013109116116538644,3.999246109742671e-05,4.1979063098551705e-05,1.5613371942890808e-05,0.9985914826393127,Socket
/home/lmy/iot-device-classification/dataset/socket/round2_normal/socket_r2.pcapng,R2,204,2040.04226231575,0.0023568819742649794,6.394781667040661e-05,5.753755431214813e-06,0.0003135155711788684,0.9972598552703857,Socket
/home/lmy/iot-device-classification/dataset/socket/round2_normal/socket_r2.pcapng,R2,205,2050.1798088550568,0.0003735752252396196,0.00012100859748898074,1.3157229659555014e-05,3.7084977520862594e-05,0.9994551539421082,Socket
/home/lmy/iot-device-classification/dataset/socket/round2_normal/socket_r2.pcapng,R2,206,2060.061571598053,0.0009725065901875496,2.296370075782761e-05,5.8948699006577954e-05,2.0720684915431775e-05,0.9989247918128967,Socket
/home/lmy/iot-device-classification/dataset/socket/round2_normal/socket_r2.pcapng,R2,207,2072.138692378998,0.0007921667420305312,0.0002510507183615118,9.733011211210396e-06,0.00013430217222776264,0.9988127946853638,Socket
/home/lmy/iot-device-classification/dataset/socket/round2_normal/socket_r2.pcapng,R2,208,2080.658569335937,0.0012211420107632875,1.6039466572692618e-05,8.10038109193556e-05,1.7599921193323098e-05,0.9986642599105835,Socket
/home/lmy/iot-device-classification/dataset/socket/round2_normal/socket_r2.pcapng,R2,209,2090.4682726860046,0.0016093871090561152,1.4677629224024713e-05,9.228791168425232e-05,1.9157372662448324e-05,0.998264491558075,Socket
/home/lmy/iot-device-classification/dataset/socket/round2_normal/socket_r2.pcapng,R2,210,2100.249283313751,0.001976728904992342,6.624963862122968e-05,9.16567660169676e-06,0.0002194611879531294,0.9977284073829651,Socket
/home/lmy/iot-device-classification/dataset/socket/round2_normal/socket_r2.pcapng,R2,211,2110.0674319267277,0.00033389110467396677,8.654568227939308e-05,1.0035209925263189e-05,4.226420060149394e-05,0.9995273351669312,Socket
/home/lmy/iot-device-classification/dataset/socket/round2_normal/socket_r2.pcapng,R2,212,2120.015231132508,0.0003686606069095433,7.877009193180129e-05,1.3144070180715062e-05,8.068045281106606e-05,0.9994587302207947,Socket
/home/lmy/iot-device-classification/dataset/socket/round2_normal/socket_r2.pcapng,R2,213,2130.7778010368347,0.0016822279430925846,2.0926860088366084e-05,8.822321433399338e-06,0.00041433071601204574,0.9978736639022827,Socket
/home/lmy/iot-device-classification/dataset/socket/round2_normal/socket_r2.pcapng,R2,214,2140.254076719284,0.00044558566878549755,5.275316652841866e-05,1.9001938198925927e-05,6.308454612735659e-05,0.9994195699691772,Socket
/home/lmy/iot-device-classification/dataset/socket/round2_normal/socket_r2.pcapng,R2,215,2150.416357755661,0.0006163717480376363,2.7208800020162016e-05,4.280732537154108e-05,1.4926861695130356e-05,0.9992986917495728,Socket
/home/lmy/iot-device-classification/dataset/socket/round2_normal/socket_r2.pcapng,R2,216,2160.316071748733,0.0002953083021566272,0.0001354877749690786,0.00028968520928174257,0.00029142145649529994,0.9989880919456482,Socket
/home/lmy/iot-device-classification/dataset/socket/round2_normal/socket_r2.pcapng,R2,217,2170.1272258758545,0.00024116181884892285,1.4999710401752964e-05,9.281067468691617e-05,1.7725698853610083e-05,0.9996333122253418,Socket
/home/lmy/iot-device-classification/dataset/socket/round2_normal/socket_r2.pcapng,R2,218,2180.3989300727844,0.0011809335555881262,1.6034899090300314e-05,4.621374682756141e-05,1.688246447884012e-05,0.9987398982048035,Socket
/home/lmy/iot-device-classification/dataset/socket/round2_normal/socket_r2.pcapng,R2,219,2190.765483379364,0.0004915750469081104,4.178564631729387e-05,2.6414720196044073e-05,0.0007149101002141833,0.9987253546714783,Socket
/home/lmy/iot-device-classification/dataset/socket/round2_normal/socket_r2.pcapng,R2,220,2200.560525417328,0.00055063416948542,1.967858406715095e-05,6.97924624546431e-05,1.78258942469256e-05,0.9993420243263245,Socket
/home/lmy/iot-device-classification/dataset/socket/round2_normal/socket_r2.pcapng,R2,221,2210.341750383377,0.0007615283830091357,1.5113193512661383e-05,7.91586353443563e-05,1.4717578778800089e-05,0.9991294741630554,Socket
/home/lmy/iot-device-classification/dataset/socket/round2_normal/socket_r2.pcapng,R2,222,2221.266855955124,0.0022833237890154123,3.363255018484779e-05,2.3999953555176035e-05,0.0002190160157624632,0.997439980506897,Socket
/home/lmy/iot-device-classification/dataset/socket/round2_normal/socket_r2.pcapng,R2,223,2231.0773696899414,0.0006858945125713944,1.268748746952042e-05,8.698748570168391e-05,1.4812621884630062e-05,0.9991996884346008,Socket
/home/lmy/iot-device-classification/dataset/socket/round2_normal/socket_r2.pcapng,R2,224,2240.8360962867737,0.0008482106495648623,1.5436819012393244e-05,0.0001431307609891519,1.93570158444345e-05,0.9989738464355469,Socket
/home/lmy/iot-device-classification/dataset/socket/round2_normal/socket_r2.pcapng,R2,225,2250.6671602725983,0.0021932306699454784,1.4459089470619801e-05,2.325759305676911e-05,0.00027152933762408793,0.9974974989891052,Socket
/home/lmy/iot-device-classification/dataset/socket/round2_normal/socket_r2.pcapng,R2,226,2261.53545832634,0.0009470544173382223,1.891243300633505e-05,2.6067864382639527e-05,2.26713418669533e-05,0.998985230922699,Socket
/home/lmy/iot-device-classification/dataset/socket/round2_normal/socket_r2.pcapng,R2,227,2271.3258938789368,0.0010286950273439288,9.063206562132109e-06,3.3653668651822954e-05,1.8477552657714114e-05,0.9989100694656372,Socket
/home/lmy/iot-device-classification/dataset/socket/round2_normal/socket_r2.pcapng,R2,228,2281.1314742565155,0.0027544985059648752,3.113782440777868e-05,1.2886462172900792e-05,0.00021685041429009289,0.9969846606254578,Socket
/home/lmy/iot-device-classification/dataset/socket/round2_normal/socket_r2.pcapng,R2,229,2290.927830696106,0.00024838000535964966,3.206858673365787e-05,3.903966353391297e-05,2.199590380769223e-05,0.999658465385437,Socket
/home/lmy/iot-device-classification/dataset/socket/round2_normal/socket_r2.pcapng,R2,230,2300.697787284851,0.0009787873132154346,3.25941109622363e-05,3.0226670787669718e-05,1.6293768567265943e-05,0.9989420771598816,Socket
/home/lmy/iot-device-classification/dataset/socket/round2_normal/socket_r2.pcapng,R2,231,2311.7450189590454,0.0014018609654158354,3.01006202789722e-05,1.5496305422857404e-05,0.00041983576375059783,0.9981327652931213,Socket
/home/lmy/iot-device-classification/dataset/socket/round2_normal/socket_r2.pcapng,R2,232,2321.535269021988,0.001231615780852735,1.2074127880623564e-05,5.117822365718894e-05,1.542853169667069e-05,0.9986897110939026,Socket
/home/lmy/iot-device-classification/dataset/socket/round2_normal/socket_r2.pcapng,R2,233,2331.335268974304,0.0005376004846766591,3.923150143236853e-05,1.1328255823173095e-05,5.65134032513015e-05,0.9993553757667542,Socket
/home/lmy/iot-device-classification/dataset/socket/round2_normal/socket_r2.pcapng,R2,234,2341.133762359619,0.0019999968353658915,2.262495763716288e-05,2.1482293959707022e-05,0.00022693513892591,0.9977290034294128,Socket
/home/lmy/iot-device-classification/dataset/socket/round2_normal/socket_r2.pcapng,R2,235,2352.004641532898,0.001202853280119598,2.6015919502242468e-05,6.749078602297232e-05,1.3192779988457914e-05,0.9986904263496399,Socket
/home/lmy/iot-device-classification/dataset/socket/round2_normal/socket_r2.pcapng,R2,236,2361.7968995571136,0.0015384522266685963,1.8768620066111907e-05,5.78114741074387e-05,1.6864820281625725e-05,0.9983680844306946,Socket
/home/lmy/iot-device-classification/dataset/socket/round2_normal/socket_r2.pcapng,R2,237,2371.60475730896,0.0028127834666520357,2.8638434741878882e-05,1.3619241144624539e-05,0.00020898395450785756,0.9969359636306763,Socket
/home/lmy/iot-device-classification/dataset/socket/round2_normal/socket_r2.pcapng,R2,238,2381.4249453544617,0.00045000077807344496,4.638221798813902e-05,0.00011729996185749769,6.762566044926643e-05,0.9993187189102173,Socket
/home/lmy/iot-device-classification/dataset/socket/round2_normal/socket_r2.pcapng,R2,239,2390.106268644333,0.0010635615326464176,1.643217183300294e-05,5.1299164624651894e-05,1.988660733331926e-05,0.9988487958908081,Socket
/home/lmy/iot-device-classification/dataset/socket/round2_normal/socket_r2.pcapng,R2,240,2402.103792667389,0.0026697744615375996,2.84980906144483e-05,1.816375515772961e-05,0.00022612565953750163,0.9970574378967285,Socket
/home/lmy/iot-device-classification/dataset/socket/round2_normal/socket_r2.pcapng,R2,241,2411.904177904129,0.00036567694041877985,4.767864083987661e-05,1.5223089576466009e-05,4.4494263420347124e-05,0.9995269775390625,Socket
/home/lmy/iot-device-classification/dataset/socket/round2_normal/socket_r2.pcapng,R2,242,2421.694885969162,0.0011713274288922548,1.979154876607936e-05,4.680678102886304e-05,2.019183557422366e-05,0.9987419247627258,Socket
/home/lmy/iot-device-classification/dataset/socket/round2_normal/socket_r2.pcapng,R2,243,2430.4269499778748,0.00041788240196183324,6.58855788060464e-05,1.772228097252082e-05,0.00037822622107341886,0.99912029504776,Socket
/home/lmy/iot-device-classification/dataset/socket/round2_normal/socket_r2.pcapng,R2,244,2442.353862285614,0.0015979453455656767,2.2253929273574613e-05,4.70149825559929e-05,1.965907540579792e-05,0.9983131885528564,Socket
/home/lmy/iot-device-classification/dataset/socket/round2_normal/socket_r2.pcapng,R2,245,2452.146227121353,0.0012028333730995655,6.129932444309816e-05,4.9700774980010465e-05,1.2280353985261172e-05,0.9986739158630371,Socket
/home/lmy/iot-device-classification/dataset/socket/round2_normal/socket_r2.pcapng,R2,246,2462.0533077716827,0.0016749249771237373,5.295899245538749e-05,1.8559318050392903e-05,0.0003300654061604291,0.9979234933853149,Socket
/home/lmy/iot-device-classification/dataset/socket/round2_normal/socket_r2.pcapng,R2,247,2472.846151828766,0.0016022037016227841,1.8192167772212997e-05,4.960475780535489e-05,2.1490877770702355e-05,0.998308539390564,Socket
/home/lmy/iot-device-classification/dataset/socket/round2_normal/socket_r2.pcapng,R2,248,2480.351410150528,0.0014814069727435708,1.763037835189607e-05,4.409530447446741e-05,1.925956894410774e-05,0.9984375834465027,Socket
/home/lmy/iot-device-classification/dataset/socket/round2_normal/socket_r2.pcapng,R2,249,2492.4962339401245,0.002634742297232151,4.8547983169555664e-05,1.635759872442577e-05,0.00017371414287481457,0.9971266388893127,Socket
/home/lmy/iot-device-classification/dataset/socket/round2_normal/socket_r2.pcapng,R2,250,2502.3262865543365,0.0013712445506826043,2.169582512578927e-05,2.8634065529331565e-05,1.8146029105992056e-05,0.9985602498054504,Socket
/home/lmy/iot-device-classification/dataset/socket/round2_normal/socket_r2.pcapng,R2,251,2512.5575246810918,0.0015191964339464903,1.43553625093773e-05,5.040972973802127e-05,1.6666857845848426e-05,0.9983993172645569,Socket
/home/lmy/iot-device-classification/dataset/socket/round2_normal/socket_r2.pcapng,R2,252,2520.874908208847,0.0033344998955726624,2.4588794985902496e-05,1.283413075725548e-05,0.0002754577435553074,0.9963526725769043,Socket
/home/lmy/iot-device-classification/dataset/socket/round2_normal/socket_r2.pcapng,R2,253,2532.6106038093567,0.0003565802762750536,5.6448123359587044e-05,1.7289612515014596e-05,3.891298547387123e-05,0.9995307922363281,Socket
/home/lmy/iot-device-classification/dataset/socket/round2_normal/socket_r2.pcapng,R2,254,2542.5826473236084,0.0004633739881683141,4.3971434934064746e-05,9.820621016842779e-06,4.4736698328051716e-05,0.9994381070137024,Socket
/home/lmy/iot-device-classification/dataset/socket/round2_normal/socket_r2.pcapng,R2,255,2552.563263654709,0.0015866145258769393,0.00012849598715547472,6.886567462061066e-06,0.00017315232253167778,0.9981048107147217,Socket
/home/lmy/iot-device-classification/dataset/socket/round2_normal/socket_r2.pcapng,R2,256,2562.5561578273773,0.0012629427947103977,1.7806270989240147e-05,7.169327000156045e-05,1.5188693396339659e-05,0.9986323714256287,Socket
/home/lmy/iot-device-classification/dataset/socket/round2_normal/socket_r2.pcapng,R2,257,2570.4695086479187,0.0008952868520282209,3.706859934027307e-05,4.9322177801514044e-05,3.498407022561878e-05,0.9989833235740662,Socket
/home/lmy/iot-device-classification/dataset/socket/round2_normal/socket_r2.pcapng,R2,258,2582.615383386612,0.0016042530769482255,6.107779336161911e-05,8.234602319134865e-06,0.0001565132406540215,0.9981698989868164,Socket
/home/lmy/iot-device-classification/dataset/socket/round2_normal/socket_r2.pcapng,R2,259,2592.60577917099,0.00044799671741202474,6.059886436560191e-05,8.310441626235843e-05,2.5396902856300585e-05,0.9993828535079956,Socket
/home/lmy/iot-device-classification/dataset/socket/round2_normal/socket_r2.pcapng,R2,260,2602.598147392273,0.0012502650497481227,1.8498718418413773e-05,2.8709033358609304e-05,1.6864105418790132e-05,0.9986856579780579,Socket
/home/lmy/iot-device-classification/dataset/socket/round2_normal/socket_r2.pcapng,R2,261,2612.662986755371,0.0020209206268191338,4.008003816124983e-05,1.6130265066749416e-05,0.00016947365656960756,0.9977534413337708,Socket
/home/lmy/iot-device-classification/dataset/socket/round2_normal/socket_r2.pcapng,R2,262,2622.654541492462,0.0016784064937382936,2.38601969613228e-05,3.912144529749639e-05,1.729446739773266e-05,0.9982413053512573,Socket
/home/lmy/iot-device-classification/dataset/socket/round2_normal/socket_r2.pcapng,R2,263,2630.6819911003117,0.00016345824406016618,3.856351031572558e-05,9.23299103305908e-06,3.646596087492071e-05,0.9997522234916687,Socket
/home/lmy/iot-device-classification/dataset/socket/round2_normal/socket_r2.pcapng,R2,264,2642.7152206897736,0.0011867382563650608,2.6554045689408667e-05,1.1801853361248504e-05,0.0002731419517658651,0.9985017776489258,Socket
/home/lmy/iot-device-classification/dataset/socket/round2_normal/socket_r2.pcapng,R2,265,2652.705573797226,0.0001176282821688801,3.442802335484885e-05,0.0002463915152475238,5.230362148722634e-05,0.9995492100715637,Socket
/home/lmy/iot-device-classification/dataset/socket/round2_normal/socket_r2.pcapng,R2,266,2662.6796438694,0.0008228512015193701,1.9526840333128348e-05,0.00010673424549167976,1.4731552255398128e-05,0.9990361928939819,Socket
/home/lmy/iot-device-classification/dataset/socket/round2_normal/socket_r2.pcapng,R2,267,2672.762639045716,0.00099947617854923,3.803192521445453e-05,4.0537699533160776e-05,0.0002149581559933722,0.9987069368362427,Socket
/home/lmy/iot-device-classification/dataset/socket/round2_normal/socket_r2.pcapng,R2,268,2682.7557787895203,0.0005840929807163775,1.85472090379335e-05,4.849417746299878e-05,1.7158747141365893e-05,0.9993316531181335,Socket
/home/lmy/iot-device-classification/dataset/socket/round2_normal/socket_r2.pcapng,R2,269,2692.7340857982635,0.00034119008341804147,4.637039819499478e-05,4.1187617171090096e-05,1.9299810446682386e-05,0.9995519518852234,Socket
/home/lmy/iot-device-classification/dataset/socket/round2_normal/socket_r2.pcapng,R2,270,2700.457348585129,0.0001711518707452342,8.723635255591944e-05,2.4931832740548998e-05,0.0003210178401786834,0.9993956089019775,Socket
/home/lmy/iot-device-classification/dataset/socket/round2_normal/socket_r2.pcapng,R2,271,2710.104652643204,0.0001501869410276413,4.55440349469427e-05,4.2257175664417446e-05,1.4648549040430225e-05,0.9997473359107971,Socket
/home/lmy/iot-device-classification/dataset/socket/round2_normal/socket_r2.pcapng,R2,272,2722.769948244095,9.133984713116661e-05,0.00011277373414486647,1.3129632861819118e-05,2.7861224225489423e-05,0.9997548460960388,Socket
/home/lmy/iot-device-classification/dataset/socket/round2_normal/socket_r2.pcapng,R2,273,2732.7624740600586,0.0003680259978864342,6.578487227670848e-05,1.4808085325057618e-05,8.981391147244722e-05,0.9994615912437439,Socket
/home/lmy/iot-device-classification/dataset/socket/round2_normal/socket_r2.pcapng,R2,274,2740.469830751419,0.0002625508059281856,3.172055585309863e-05,1.9608200091170147e-05,2.970025707327295e-05,0.9996564388275146,Socket
/home/lmy/iot-device-classification/dataset/socket/round2_normal/socket_r2.pcapng,R2,275,2752.817604780197,0.00017246395873371512,3.4808374039130285e-05,2.2384050680557266e-05,1.543696089356672e-05,0.9997549653053284,Socket
/home/lmy/iot-device-classification/dataset/socket/round2_normal/socket_r2.pcapng,R2,276,2762.808740377426,0.00025533747975714505,0.00010357171413488686,5.877112016605679e-06,0.000210191763471812,0.9994250535964966,Socket
/home/lmy/iot-device-classification/dataset/socket/round2_normal/socket_r2.pcapng,R2,277,2772.771097421646,0.0005684159696102142,2.226188917120453e-05,4.266282121534459e-05,1.620971306692809e-05,0.9993504881858826,Socket
/home/lmy/iot-device-classification/dataset/socket/round2_normal/socket_r2.pcapng,R2,278,2780.6142070293427,0.0006676047341898084,2.5464320060564205e-05,2.342599145777058e-05,2.7545314878807403e-05,0.9992559552192688,Socket
/home/lmy/iot-device-classification/dataset/socket/round2_normal/socket_r2.pcapng,R2,279,2792.859831094742,0.0009149558027274907,4.517752677202225e-05,1.2510304259194527e-05,0.00024287975975312293,0.9987844824790955,Socket
/home/lmy/iot-device-classification/dataset/socket/round2_normal/socket_r2.pcapng,R2,280,2800.772248029709,0.0021148170344531536,3.9256665331777185e-05,3.359399124747142e-05,0.0006660894141532481,0.9971461892127991,Socket
/home/lmy/iot-device-classification/dataset/socket/round2_normal/socket_r2.pcapng,R2,281,2811.0184469223022,0.0002456927322782576,6.0959369875490665e-05,1.1056895345973317e-05,4.4490585423773155e-05,0.9996378421783447,Socket
/home/lmy/iot-device-classification/dataset/socket/round2_normal/socket_r2.pcapng,R2,282,2822.878627538681,0.002333044772967696,3.687846765387803e-05,1.971486199181527e-05,0.00023231479281093925,0.9973781108856201,Socket
/home/lmy/iot-device-classification/dataset/socket/round2_normal/socket_r2.pcapng,R2,283,2832.8727407455444,0.0009075361303985119,2.875015343306586e-05,2.5980609279940836e-05,3.11481453536544e-05,0.9990065693855286,Socket
/home/lmy/iot-device-classification/dataset/socket/round2_normal/socket_r2.pcapng,R2,284,2840.1279723644257,0.0016337771667167544,1.643850737309549e-05,5.028140003560111e-05,1.896152025437914e-05,0.9982805252075195,Socket
/home/lmy/iot-device-classification/dataset/socket/round2_normal/socket_r2.pcapng,R2,285,2850.051119565964,0.0032198894768953323,2.1448267943924293e-05,1.3258352737466339e-05,0.00020897809008602053,0.996536374092102,Socket
/home/lmy/iot-device-classification/dataset/socket/round2_normal/socket_r2.pcapng,R2,286,2860.362610578537,0.0003074094420298934,2.8764718081220053e-05,1.2119728125981055e-05,0.0002553515660110861,0.9993963241577148,Socket
/home/lmy/iot-device-classification/dataset/socket/round2_normal/socket_r2.pcapng,R2,287,2870.598757982254,0.0004132654576096684,1.9287601389805786e-05,5.3071238653501496e-05,2.3051941752783023e-05,0.9994913339614868,Socket
/home/lmy/iot-device-classification/dataset/socket/round2_normal/socket_r2.pcapng,R2,288,2880.389558315277,0.0005219615413807333,5.814569158246741e-05,6.729716460540658e-06,0.0003235864860471338,0.9990895986557007,Socket
/home/lmy/iot-device-classification/dataset/socket/round2_normal/socket_r2.pcapng,R2,289,2890.1905257701874,0.0013673169305548072,1.638802859815769e-05,4.595714926836081e-05,2.031961048487574e-05,0.9985499978065491,Socket
/home/lmy/iot-device-classification/dataset/socket/round2_normal/socket_r2.pcapng,R2,290,2900.029383420944,0.0006813202635385096,2.3796654204488732e-05,4.718311902252026e-05,1.5094803529791534e-05,0.9992326498031616,Socket
/home/lmy/iot-device-classification/dataset/socket/round2_normal/socket_r2.pcapng,R2,291,2910.011787176132,0.0011185341281816363,3.0015076845302247e-05,1.2274024811631534e-05,0.0005419255467131734,0.9982972741127014,Socket
/home/lmy/iot-device-classification/dataset/socket/round2_normal/socket_r2.pcapng,R2,292,2920.026564359665,0.0010612632613629103,2.2344258468365297e-05,3.998827742179856e-05,2.173478242184501e-05,0.9988546371459961,Socket
/home/lmy/iot-device-classification/dataset/socket/round2_normal/socket_r2.pcapng,R2,293,2930.578349351883,0.0015034237876534462,2.3555367079097778e-05,2.9113583877915516e-05,3.941126851714216e-05,0.9984045624732971,Socket
/home/lmy/iot-device-classification/dataset/socket/round2_normal/socket_r2.pcapng,R2,294,2940.345916748047,0.001309448853135109,1.403557962476043e-05,1.9998506104457192e-05,0.00018612512212712318,0.9984703660011292,Socket
/home/lmy/iot-device-classification/dataset/socket/round2_normal/socket_r2.pcapng,R2,295,2950.101926326752,0.0012889616191387177,2.049187241937034e-05,3.1892024708213285e-05,2.1034999008406885e-05,0.9986376166343689,Socket
/home/lmy/iot-device-classification/dataset/socket/round2_normal/socket_r2.pcapng,R2,296,2960.4530730247498,0.0001832553680287674,6.297577056102455e-05,5.249167588772252e-05,2.9719038138864562e-05,0.9996715784072876,Socket
/home/lmy/iot-device-classification/dataset/socket/round2_normal/socket_r2.pcapng,R2,297,2970.808519363404,0.0006297442014329135,5.195424455450848e-05,6.641928848694079e-06,0.0001643798459554091,0.9991472959518433,Socket
/home/lmy/iot-device-classification/dataset/socket/round2_normal/socket_r2.pcapng,R2,298,2980.0316462516785,0.0002327685506315902,3.5429708077572286e-05,1.4404621651920024e-05,5.569289714912884e-05,0.9996616840362549,Socket
/home/lmy/iot-device-classification/dataset/socket/round2_normal/socket_r2.pcapng,R2,299,2990.3673231601715,0.00042889939504675567,2.2210449969861656e-05,4.6442266466328874e-05,3.1565490644425154e-05,0.9994708895683289,Socket
/home/lmy/iot-device-classification/dataset/socket/round2_normal/socket_r2.pcapng,R2,300,3001.3085639476776,0.0010342472232878208,0.00010876286251004785,8.0415311458637e-06,0.0002153630048269406,0.9986335635185242,Socket
/home/lmy/iot-device-classification/dataset/socket/round2_normal/socket_r2.pcapng,R2,301,3010.101311445236,0.00016881841293070465,1.5089269254531246e-05,2.6383901058579795e-05,4.0913007978815585e-05,0.9997487664222717,Socket
/home/lmy/iot-device-classification/dataset/socket/round2_normal/socket_r2.pcapng,R2,302,3020.4513211250305,0.00012136955047026277,7.912247383501381e-05,1.2219361451570876e-05,7.363028998952359e-05,0.9997135996818542,Socket
/home/lmy/iot-device-classification/dataset/socket/round2_normal/socket_r2.pcapng,R2,303,3030.7292091846466,0.00218256376683712,2.043670065177139e-05,3.184087836416438e-05,0.00014701324107591063,0.9976181387901306,Socket
/home/lmy/iot-device-classification/dataset/socket/round2_normal/socket_r2.pcapng,R2,304,3040.012657403946,0.0007168181473389268,3.712101170094684e-05,1.4228139662009198e-05,0.0002756397007033229,0.9989562034606934,Socket
/home/lmy/iot-device-classification/dataset/socket/round2_normal/socket_r2.pcapng,R2,305,3051.030799150467,0.00024862863938324153,6.092348849051632e-05,1.0899026165134273e-05,4.48570899607148e-05,0.9996346235275269,Socket
/home/lmy/iot-device-classification/dataset/socket/round2_normal/socket_r2.pcapng,R2,306,3061.3078203201294,0.0013730479404330254,1.560999771754723e-05,1.6792471797089092e-05,0.00021790208120364696,0.9983766078948975,Socket
/home/lmy/iot-device-classification/dataset/socket/round2_normal/socket_r2.pcapng,R2,307,3070.0028619766235,0.0011604471364989877,2.1954470867058262e-05,6.3494449022982735e-06,0.0004960059886798263,0.9983152151107788,Socket
/home/lmy/iot-device-classification/dataset/socket/round2_normal/socket_r2.pcapng,R2,308,3080.0214986801147,0.0012247104896232486,2.566425064287614e-05,2.2096766770118847e-05,3.305546852061525e-05,0.9986944794654846,Socket
/home/lmy/iot-device-classification/dataset/socket/round2_normal/socket_r2.pcapng,R2,309,3090.036992549896,0.002251880709081888,2.421782301098574e-05,1.100628014683025e-05,0.000685711158439517,0.9970272183418274,Socket
/home/lmy/iot-device-classification/dataset/socket/round2_normal/socket_r2.pcapng,R2,310,3100.0231153965,0.0011316207237541676,3.5444634704617783e-05,2.1918320271652192e-05,0.00019304898160044104,0.9986180067062378,Socket
/home/lmy/iot-device-classification/dataset/socket/round2_normal/socket_r2.pcapng,R2,311,3110.016274213791,0.000499575340654701,2.746883728832472e-05,2.536745523684658e-05,1.9428100131335668e-05,0.9994280934333801,Socket
/home/lmy/iot-device-classification/dataset/socket/round2_normal/socket_r2.pcapng,R2,312,3120.0246818065643,0.0028854019474238157,1.8765686036203988e-05,2.6300120225641876e-05,0.00014940272376406938,0.996920108795166,Socket
/home/lmy/iot-device-classification/dataset/socket/round2_normal/socket_r2.pcapng,R2,313,3130.0305166244507,0.0018303852993994951,2.4096205379464664e-05,8.762795914663002e-06,0.0005607833154499531,0.9975759387016296,Socket
/home/lmy/iot-device-classification/dataset/socket/round2_normal/socket_r2.pcapng,R2,314,3140.0253899097443,0.0005076323868706822,2.1116309653734788e-05,4.391097536426969e-05,1.657403481658548e-05,0.9994107484817505,Socket
/home/lmy/iot-device-classification/dataset/socket/round2_normal/socket_r2.pcapng,R2,315,3150.4257078170776,0.001011882908642292,4.041446663904935e-05,1.8306718629901297e-05,7.805374480085447e-05,0.9988512992858887,Socket
/home/lmy/iot-device-classification/dataset/socket/round2_normal/socket_r2.pcapng,R2,316,3160.079304218292,0.0002293730212841183,4.0699855162529275e-05,1.0021812158811372e-05,0.0003221151710022241,0.9993977546691895,Socket
/home/lmy/iot-device-classification/dataset/socket/round2_normal/socket_r2.pcapng,R2,317,3170.280893087387,0.0004796883440576494,2.178050999646075e-05,0.00011782463116105646,1.935436921485234e-05,0.9993613362312317,Socket
/home/lmy/iot-device-classification/dataset/socket/round2_normal/socket_r2.pcapng,R2,318,3180.371227741241,0.000752776104491204,1.8116099454346113e-05,3.5949396988144144e-05,0.0001357268774881959,0.9990574717521667,Socket
/home/lmy/iot-device-classification/dataset/socket/round2_normal/socket_r2.pcapng,R2,319,3190.052129983902,0.0003771153569687158,9.204811067320406e-05,1.0537884008954279e-05,0.00020827986008953303,0.9993120431900024,Socket
/home/lmy/iot-device-classification/dataset/socket/round2_normal/socket_r2.pcapng,R2,320,3200.428490638733,0.000682593323290348,1.6124971807585098e-05,0.00011475145583972335,1.9236626030760817e-05,0.9991673231124878,Socket
/home/lmy/iot-device-classification/dataset/socket/round2_normal/socket_r2.pcapng,R2,321,3210.4942631721497,0.00014259321324061602,4.399325553094968e-05,9.33007959247334e-06,0.00023427662381436676,0.999569833278656,Socket
/home/lmy/iot-device-classification/dataset/socket/round2_normal/socket_r2.pcapng,R2,322,3220.179527759552,0.001321776071563363,2.9487830033758655e-05,1.7717968148645014e-05,0.00023672828683629632,0.9983943104743958,Socket
/home/lmy/iot-device-classification/dataset/socket/round2_normal/socket_r2.pcapng,R2,323,3230.68310546875,0.0005191551172174513,2.324970228073653e-05,4.248628465575166e-05,2.072163078992162e-05,0.999394416809082,Socket
/home/lmy/iot-device-classification/dataset/socket/round2_normal/socket_r2.pcapng,R2,324,3240.031332015991,0.0008653330150991678,1.7717969967634417e-05,3.320402538520284e-05,0.00020061999384779483,0.998883068561554,Socket
/home/lmy/iot-device-classification/dataset/socket/round2_normal/socket_r2.pcapng,R2,325,3250.034350156784,0.0007570545421913266,2.9371032724156976e-05,1.933896965056192e-05,0.00018808801542036235,0.9990062117576599,Socket
/home/lmy/iot-device-classification/dataset/socket/round2_normal/socket_r2.pcapng,R2,326,3260.83743429184,0.0004063896485604346,3.283563637523912e-05,4.361667379271239e-05,1.6433756172773428e-05,0.9995007514953613,Socket
/home/lmy/iot-device-classification/dataset/socket/round2_normal/socket_r2.pcapng,R2,327,3271.1088361740112,0.00017401453806087375,4.230577906128019e-05,1.0710142305470072e-05,0.00023029734438750893,0.9995427131652832,Socket
/home/lmy/iot-device-classification/dataset/socket/round2_normal/socket_r2.pcapng,R2,328,3280.082531929016,0.00019514696032274514,0.00010738402488641441,3.195941462763585e-05,0.0002738008042797446,0.9993916749954224,Socket
/home/lmy/iot-device-classification/dataset/socket/round2_normal/socket_r2.pcapng,R2,329,3290.548143863678,0.00026301402249373496,6.585925439139828e-05,1.529477594885975e-05,5.997902917442843e-05,0.9995958209037781,Socket
/home/lmy/iot-device-classification/dataset/socket/round2_normal/socket_r2.pcapng,R2,330,3301.1564478874207,0.0008424114203080535,3.203826418030076e-05,3.9615850255358964e-05,1.850875560194254e-05,0.999067485332489,Socket
/home/lmy/iot-device-classification/dataset/socket/round2_normal/socket_r2.pcapng,R2,331,3310.0241453647614,0.0003602535871323198,8.320709457620978e-05,1.615728069737088e-05,0.0004902906948700547,0.9990500807762146,Socket
/home/lmy/iot-device-classification/dataset/socket/round2_normal/socket_r2.pcapng,R2,332,3321.317907810211,0.001204900210723281,2.1998490410624072e-05,0.0008222400210797787,1.4168498637445737e-05,0.9979367256164551,Socket
/home/lmy/iot-device-classification/dataset/socket/round2_normal/socket_r2.pcapng,R2,333,3331.4108974933624,0.0005095279775559902,1.7934347852133214e-05,2.8618474971153773e-05,2.1475661924341694e-05,0.9994224309921265,Socket
/home/lmy/iot-device-classification/dataset/socket/round2_normal/socket_r2.pcapng,R2,334,3340.1734533309937,0.0022226644214242697,6.68656502966769e-05,1.1340021046635229e-05,0.0002381020167376846,0.9974609613418579,Socket
/home/lmy/iot-device-classification/dataset/socket/round2_normal/socket_r2.pcapng,R2,335,3351.4706423282623,0.0012046695919707417,3.160981577821076e-05,2.3611162760062143e-05,1.86083070730092e-05,0.9987214207649231,Socket
/home/lmy/iot-device-classification/dataset/socket/round2_normal/socket_r2.pcapng,R2,336,3361.562556743622,0.0027826575096696615,2.7777152354246937e-05,1.836339470173698e-05,0.00018024923338089138,0.9969909191131592,Socket
/home/lmy/iot-device-classification/dataset/socket/round2_normal/socket_r2.pcapng,R2,337,3370.007563352585,0.0019135078182443976,3.255982664995827e-05,1.804108796932269e-05,0.000376849522581324,0.9976590871810913,Socket
/home/lmy/iot-device-classification/dataset/socket/round2_normal/socket_r2.pcapng,R2,338,3380.8027789592743,0.0007932469015941024,3.720506720128469e-05,1.925716787809506e-05,2.8572674636961892e-05,0.9991217255592346,Socket
/home/lmy/iot-device-classification/dataset/socket/round2_normal/socket_r2.pcapng,R2,339,3391.81654047966,0.0009372879285365343,2.789692734950222e-05,2.027405207627453e-05,2.2233842173591256e-05,0.9989922642707825,Socket
/home/lmy/iot-device-classification/dataset/socket/round2_normal/socket_r2.pcapng,R2,340,3400.0378317832947,0.0014913901686668396,5.548967601498589e-05,1.1148482371936552e-05,0.00027700900682248175,0.9981649518013,Socket
/home/lmy/iot-device-classification/dataset/socket/round2_normal/socket_r2.pcapng,R2,341,3410.747766017914,0.0012932290555909276,3.082258263020776e-05,2.74259909929242e-05,0.00015486164193134755,0.9984936714172363,Socket
/home/lmy/iot-device-classification/dataset/socket/round2_normal/socket_r2.pcapng,R2,342,3420.432885169983,0.0003562633937690407,4.597506267600693e-05,0.0001628156896913424,3.7463323678821325e-05,0.9993975162506104,Socket
/home/lmy/iot-device-classification/dataset/socket/round2_normal/socket_r2.pcapng,R2,343,3430.087561130524,0.0010154335759580135,4.307370545575395e-05,6.591797955479706e-06,0.00031172987655736506,0.9986231327056885,Socket
/home/lmy/iot-device-classification/dataset/socket/round2_normal/socket_r2.pcapng,R2,344,3442.128348350525,0.0004047319234814495,4.6914294216549024e-05,2.2554808310815133e-05,2.7520271032699384e-05,0.9994982481002808,Socket
/home/lmy/iot-device-classification/dataset/socket/round2_normal/socket_r2.pcapng,R2,345,3452.22261595726,0.0008600105065852404,3.8291444070637226e-05,1.603048440301791e-05,5.692510603694245e-05,0.9990288019180298,Socket
/home/lmy/iot-device-classification/dataset/socket/round2_normal/socket_r2.pcapng,R2,346,3460.137317180633,0.00038666039472445846,5.606152262771502e-05,6.997075615799986e-06,0.00023314991267398,0.9993171691894531,Socket
/home/lmy/iot-device-classification/dataset/socket/round2_normal/socket_r2.pcapng,R2,347,3472.280057430268,0.000547217670828104,2.20490346691804e-05,4.312324745114893e-05,1.627310848562047e-05,0.999371349811554,Socket
/home/lmy/iot-device-classification/dataset/socket/round2_normal/socket_r2.pcapng,R2,348,3482.476382255554,0.0005847974098287523,3.573717549443245e-05,2.2231401089811698e-05,2.1949716028757393e-05,0.9993352293968201,Socket
/home/lmy/iot-device-classification/dataset/socket/round2_normal/socket_r2.pcapng,R2,349,3490.086431980133,0.000805147283244878,7.782807369949296e-05,8.608166353951674e-06,0.00018383532005827874,0.9989245533943176,Socket
/home/lmy/iot-device-classification/dataset/socket/round2_normal/socket_r2.pcapng,R2,350,3502.5333054065704,0.00046454439871013165,4.167690349277109e-05,5.519466503756121e-05,1.4185534382704645e-05,0.9994244575500488,Socket
/home/lmy/iot-device-classification/dataset/socket/round2_normal/socket_r2.pcapng,R2,351,3512.627951860428,0.0005750893615186214,6.424159073503688e-05,7.49582759453915e-05,2.16748085222207e-05,0.9992640614509583,Socket
/home/lmy/iot-device-classification/dataset/socket/round2_normal/socket_r2.pcapng,R2,352,3520.043740749359,0.001026596873998642,4.6211000153562054e-05,1.1775587154261302e-05,0.00021203265350777656,0.9987033605575562,Socket
/home/lmy/iot-device-classification/dataset/socket/round2_normal/socket_r2.pcapng,R2,353,3532.684900999069,0.000961294979788363,2.2616537535213865e-05,2.4558168661314994e-05,1.7511290934635326e-05,0.998974084854126,Socket
/home/lmy/iot-device-classification/dataset/socket/round2_normal/socket_r2.pcapng,R2,354,3542.882012605667,0.0006732711335644126,3.863545134663582e-05,4.4390573748387396e-05,1.922145747812465e-05,0.9992244243621826,Socket
/home/lmy/iot-device-classification/dataset/socket/round2_normal/socket_r2.pcapng,R2,355,3550.0821249485016,0.0009926145430654287,5.6603632401674986e-05,6.21220306129544e-06,0.00025728382752276957,0.9986873269081116,Socket
/home/lmy/iot-device-classification/dataset/socket/round2_normal/socket_r2.pcapng,R2,356,3560.437700033188,0.00024013774236664176,0.0001561156677780673,2.485188451828435e-05,2.1080903024994768e-05,0.9995577931404114,Socket
/home/lmy/iot-device-classification/dataset/socket/round2_normal/socket_r2.pcapng,R2,357,3570.151825428009,0.0005962083232589066,4.411891131894663e-05,3.8017285987734795e-05,1.7894719348987564e-05,0.9993036985397339,Socket
/home/lmy/iot-device-classification/dataset/socket/round2_normal/socket_r2.pcapng,R2,358,3580.0314910411835,0.0012771186884492636,5.4870099120307714e-05,7.330029347940581e-06,0.00026057305512949824,0.9984001517295837,Socket
/home/lmy/iot-device-classification/dataset/socket/round2_normal/socket_r2.pcapng,R2,359,3593.091680765152,0.0006047390634194016,3.0700379284098744e-05,4.681391510530375e-05,1.5867366528254934e-05,0.9993019104003906,Socket
/home/lmy/iot-device-classification/dataset/socket/round2_normal/socket_r2.pcapng,R2,360,3600.423567771912,0.0002845035050995648,3.340441617183387e-05,0.0001572331675561145,2.980981116706971e-05,0.9994950294494629,Socket
/home/lmy/iot-device-classification/dataset/socket/round2_normal/socket_r2.pcapng,R2,361,3610.1548252105713,0.0018721745582297444,5.2598898037103936e-05,1.732677628751844e-05,0.0002468037710059434,0.9978111386299133,Socket
/home/lmy/iot-device-classification/dataset/socket/round2_normal/socket_r2.pcapng,R2,362,3620.242998361588,0.001209189067594707,1.4198949429555796e-05,2.8009870220557787e-05,3.7567486288025975e-05,0.9987109899520874,Socket
