source_file,round,window_id,window_start,proba_Camera,proba_Light_T1,proba_Light_XM,proba_Sensor,proba_Socket,true_label
/home/lmy/iot-device-classification/dataset/camera/round2_normal/camera_r2.pcapng,R2,0,0.0,0.9984526457488678,0.00047221468770694357,0.0008251877195601343,0.00012426217632525096,0.00012568966753984378,Camera
/home/lmy/iot-device-classification/dataset/camera/round2_normal/camera_r2.pcapng,R2,1,10.053329229354858,0.6401466544137833,0.10126888563774375,0.015968095796716385,0.23812754456428414,0.004488819587472384,Camera
/home/lmy/iot-device-classification/dataset/camera/round2_normal/camera_r2.pcapng,R2,2,20.104656457901,0.9821620507908713,0.008136388725332037,0.002894361088743899,0.006001060726557758,0.0008061386684952013,Camera
/home/lmy/iot-device-classification/dataset/camera/round2_normal/camera_r2.pcapng,R2,3,30.16630244255066,0.9988949431484356,0.00023964529278857274,0.0007003422626965119,7.249023807777873e-05,9.257905800168326e-05,Camera
/home/lmy/iot-device-classification/dataset/camera/round2_normal/camera_r2.pcapng,R2,4,40.25341510772705,0.9045026753720894,0.03859460631627616,0.040825833735058235,0.013736603958809974,0.002340280617766246,Camera
/home/lmy/iot-device-classification/dataset/camera/round2_normal/camera_r2.pcapng,R2,5,50.29353189468384,0.9853082460779132,0.00872486063053566,0.0037368150103930095,0.001614084248813556,0.0006159940323444423,Camera
/home/lmy/iot-device-classification/dataset/camera/round2_normal/camera_r2.pcapng,R2,6,60.37295746803284,0.9528194479743386,0.008269761971637318,0.027143326424200264,0.01048437496633152,0.0012830886634922955,Camera
/home/lmy/iot-device-classification/dataset/camera/round2_normal/camera_r2.pcapng,R2,7,70.43794751167297,0.9991064941444989,0.0002818451348726874,0.000396156916861261,0.00012412541503452172,9.137838873272436e-05,Camera
/home/lmy/iot-device-classification/dataset/camera/round2_normal/camera_r2.pcapng,R2,8,80.02296090126038,0.9755632904516172,0.010100080314328212,0.0012716933910731038,0.012085588957153752,0.0009793468858279295,Camera
/home/lmy/iot-device-classification/dataset/camera/round2_normal/camera_r2.pcapng,R2,9,90.42152571678162,0.9143047072571062,0.03175571497026257,0.012963242151187996,0.03841051623168189,0.0025658193897613655,Camera
/home/lmy/iot-device-classification/dataset/camera/round2_normal/camera_r2.pcapng,R2,10,100.60725331306458,0.9618433631823393,0.020166807434715134,0.012320264439403058,0.004481572696051746,0.0011879922474909376,Camera
/home/lmy/iot-device-classification/dataset/camera/round2_normal/camera_r2.pcapng,R2,11,110.70771050453186,0.9849937024728681,0.008856860084962958,0.0017286855440661083,0.0037328112808302817,0.0006879406172723452,Camera
/home/lmy/iot-device-classification/dataset/camera/round2_normal/camera_r2.pcapng,R2,12,120.77042770385742,0.9967162405395292,0.0013550362934393275,0.001259147693427362,0.00043093617648083416,0.0002386392971230086,Camera
/home/lmy/iot-device-classification/dataset/camera/round2_normal/camera_r2.pcapng,R2,13,130.84808826446533,0.9970324348395776,0.0010658232167957428,0.001501788285788782,0.00020220552508806502,0.00019774813274965687,Camera
/home/lmy/iot-device-classification/dataset/camera/round2_normal/camera_r2.pcapng,R2,14,140.3548879623413,0.938506589486099,0.043220555851836824,0.0035431105575682094,0.01311263051490227,0.001617113589593546,Camera
/home/lmy/iot-device-classification/dataset/camera/round2_normal/camera_r2.pcapng,R2,15,150.97891902923584,0.9979321817142496,0.0007317075997570051,0.0009614386836146279,0.00020802848309301448,0.00016664351928599193,Camera
/home/lmy/iot-device-classification/dataset/camera/round2_normal/camera_r2.pcapng,R2,16,161.06526970863342,0.9951612445111185,0.0020721305713400574,0.0021387795831987796,0.0003467850634433065,0.00028106027089954555,Camera
/home/lmy/iot-device-classification/dataset/camera/round2_normal/camera_r2.pcapng,R2,17,171.09062910079956,0.9922531092735467,0.0048752374172590564,0.0020463736390736466,0.00048659910350126945,0.0003386805666191936,Camera
/home/lmy/iot-device-classification/dataset/camera/round2_normal/camera_r2.pcapng,R2,18,181.10044074058533,0.9973784006256133,0.0006090468720423198,0.001471749449993229,0.00035631595781691357,0.00018448709453432164,Camera
/home/lmy/iot-device-classification/dataset/camera/round2_normal/camera_r2.pcapng,R2,19,190.910010099411,0.9706109813494588,0.02021872335663513,0.006060610271481801,0.0021749992968518378,0.0009346857255721601,Camera
/home/lmy/iot-device-classification/dataset/camera/round2_normal/camera_r2.pcapng,R2,20,200.6659607887268,0.8517674438544172,0.1268552733240924,0.007826835161253834,0.011757355290174234,0.0017930923700621652,Camera
/home/lmy/iot-device-classification/dataset/camera/round2_normal/camera_r2.pcapng,R2,21,211.06676602363584,0.9969931807274465,0.0012272583836632847,0.0012373073849908211,0.0003171683531471432,0.0002250851507523625,Camera
/home/lmy/iot-device-classification/dataset/camera/round2_normal/camera_r2.pcapng,R2,22,220.13962864875796,0.9934207380517774,0.0024154627090597547,0.003538051828089357,0.00031465938908850063,0.00031108802198472117,Camera
/home/lmy/iot-device-classification/dataset/camera/round2_normal/camera_r2.pcapng,R2,23,231.48285961151123,0.9980463966512504,0.0007753083872762117,0.0008555336064271609,0.0001698718065962712,0.00015288954845000275,Camera
/home/lmy/iot-device-classification/dataset/camera/round2_normal/camera_r2.pcapng,R2,24,240.18749833106995,0.9897221818977133,0.005765578614816473,0.0027546401165927568,0.0012433879045243856,0.0005142114663532705,Camera
/home/lmy/iot-device-classification/dataset/camera/round2_normal/camera_r2.pcapng,R2,25,251.60208368301392,0.2535648510892955,0.23809350498835571,0.017237962475649796,0.48664276182062266,0.004460919626076239,Camera
/home/lmy/iot-device-classification/dataset/camera/round2_normal/camera_r2.pcapng,R2,26,261.6923804283142,0.992675600444051,0.0044798310875536875,0.001730559981790049,0.0007481660121715942,0.00036584247443349955,Camera
/home/lmy/iot-device-classification/dataset/camera/round2_normal/camera_r2.pcapng,R2,27,271.09666991233826,0.988613290657523,0.006512025379528776,0.003036525339129219,0.0012818798179521707,0.0005562788058669883,Camera
/home/lmy/iot-device-classification/dataset/camera/round2_normal/camera_r2.pcapng,R2,28,280.5524854660034,0.9485601352098402,0.03616810842575973,0.012252003899273676,0.00187924456298861,0.0011405079021379052,Camera
/home/lmy/iot-device-classification/dataset/camera/round2_normal/camera_r2.pcapng,R2,29,290.1107532978058,0.7822964029519398,0.07539449513087092,0.005789510101598753,0.13325225371245042,0.003267338103140198,Camera
/home/lmy/iot-device-classification/dataset/camera/round2_normal/camera_r2.pcapng,R2,30,300.50893568992615,0.9824465068783237,0.01135575458512881,0.0025651792632636022,0.002905440956218128,0.0007271183170655388,Camera
/home/lmy/iot-device-classification/dataset/camera/round2_normal/camera_r2.pcapng,R2,31,310.1326689720154,0.9195163806758315,0.042800014814210675,0.024249857212946334,0.011438894878688589,0.001994852418322785,Camera
/home/lmy/iot-device-classification/dataset/camera/round2_normal/camera_r2.pcapng,R2,32,322.10616636276245,0.9811706766347931,0.01285537016928818,0.003232332243676725,0.0021305811156918744,0.0006110398365501588,Camera
/home/lmy/iot-device-classification/dataset/camera/round2_normal/camera_r2.pcapng,R2,33,331.1276652812958,0.9985390210699855,0.000385777535940914,0.0008631544185663719,9.54921678305603e-05,0.00011655480767682255,Camera
/home/lmy/iot-device-classification/dataset/camera/round2_normal/camera_r2.pcapng,R2,34,340.9529619216919,0.9917172547635049,0.004320093898566267,0.003176030256434681,0.0004112386961257017,0.0003753823853683968,Camera
/home/lmy/iot-device-classification/dataset/camera/round2_normal/camera_r2.pcapng,R2,35,352.25591802597046,0.9976275345925577,0.001031314002008998,0.0008428407596649849,0.00031388918943784966,0.00018442145633052346,Camera
/home/lmy/iot-device-classification/dataset/camera/round2_normal/camera_r2.pcapng,R2,36,360.8315064907074,0.9730784545381693,0.015699064410656043,0.0025080921680583554,0.007651570958193123,0.0010628179249234729,Camera
/home/lmy/iot-device-classification/dataset/camera/round2_normal/camera_r2.pcapng,R2,37,370.5139310359955,0.9776746680209517,0.013759475347870635,0.0068768463089812736,0.0009749078984870742,0.0007141024237094763,Camera
/home/lmy/iot-device-classification/dataset/camera/round2_normal/camera_r2.pcapng,R2,38,382.43871212005615,0.9908236974507206,0.005143509767919467,0.001570772813727614,0.0020062901637483053,0.0004557298038840097,Camera
/home/lmy/iot-device-classification/dataset/camera/round2_normal/camera_r2.pcapng,R2,39,391.16196274757385,0.9909427022315694,0.004255344532890528,0.0017208691520876715,0.0025761743299404895,0.000504909753511999,Camera
/home/lmy/iot-device-classification/dataset/camera/round2_normal/camera_r2.pcapng,R2,40,400.0452923774719,0.9922208279594926,0.003396885523024265,0.0037156030926813366,0.00031063434252116633,0.00035604908228084446,Camera
/home/lmy/iot-device-classification/dataset/camera/round2_normal/camera_r2.pcapng,R2,41,412.6356675624848,0.9985605589029103,0.0005826869308653291,0.000561823112034261,0.00016842111984165375,0.00012650993434830572,Camera
/home/lmy/iot-device-classification/dataset/camera/round2_normal/camera_r2.pcapng,R2,42,421.15220284461975,0.9529827599362857,0.014975342661949437,0.014624204178610283,0.01589870597548415,0.0015189872476706202,Camera
/home/lmy/iot-device-classification/dataset/camera/round2_normal/camera_r2.pcapng,R2,43,430.940012216568,0.9795756243427803,0.01075232071009147,0.007948728131024476,0.001018993619262765,0.0007043331968410941,Camera
/home/lmy/iot-device-classification/dataset/camera/round2_normal/camera_r2.pcapng,R2,44,442.6917316913605,0.9875187986903021,0.008607846468893786,0.0025034331046451426,0.0008978947310175401,0.0004720270051414498,Camera
/home/lmy/iot-device-classification/dataset/camera/round2_normal/camera_r2.pcapng,R2,45,451.1935696601868,0.9936090689131752,0.0033074711328555536,0.0015066915481095338,0.0011878355373537365,0.0003889328685059291,Camera
/home/lmy/iot-device-classification/dataset/camera/round2_normal/camera_r2.pcapng,R2,46,460.4472413063049,0.9992896606557242,0.0001168307164398209,0.0005008556373932062,3.271065809188212e-05,5.994233235095891e-05,Camera
/home/lmy/iot-device-classification/dataset/camera/round2_normal/camera_r2.pcapng,R2,47,470.4268519878388,0.9976933593873638,0.0010395787634081086,0.0009301400675510606,0.0001783650041035439,0.0001585567775734596,Camera
/home/lmy/iot-device-classification/dataset/camera/round2_normal/camera_r2.pcapng,R2,48,481.2099220752716,0.9970459545098979,0.0012490656700796668,0.0010876203041908926,0.0003961254731369068,0.00022123404269478678,Camera
/home/lmy/iot-device-classification/dataset/camera/round2_normal/camera_r2.pcapng,R2,49,491.378582239151,0.999341513369662,0.00012598602754397965,0.000429393407524098,4.125501184229605e-05,6.185218342767487e-05,Camera
/home/lmy/iot-device-classification/dataset/camera/round2_normal/camera_r2.pcapng,R2,50,502.274872303009,0.9990642175923007,0.00029128012933884973,0.0003599854124894258,0.00018250978258412727,0.00010200708328720377,Camera
/home/lmy/iot-device-classification/dataset/camera/round2_normal/camera_r2.pcapng,R2,51,510.5952138900757,0.9986029356571253,0.0004016367752937192,0.0007778437335498562,0.00010490264849633669,0.00011268118553482127,Camera
/home/lmy/iot-device-classification/dataset/camera/round2_normal/camera_r2.pcapng,R2,52,520.859005689621,0.9946069576387176,0.0029497985296361865,0.0015161314364383629,0.000600638195091152,0.0003264742001168735,Camera
/home/lmy/iot-device-classification/dataset/camera/round2_normal/camera_r2.pcapng,R2,53,530.921037197113,0.9983681776983901,0.0006147120331531416,0.0006131917382832154,0.00025613761405860277,0.00014778091611492846,Camera
/home/lmy/iot-device-classification/dataset/camera/round2_normal/camera_r2.pcapng,R2,54,541.2423532009125,0.9364421537495627,0.04783717340510225,0.0059587972912096545,0.0080815752367898,0.0016803003173355053,Camera
/home/lmy/iot-device-classification/dataset/camera/round2_normal/camera_r2.pcapng,R2,55,551.7597703933716,0.9518966899385405,0.01940456078079674,0.019895615132673565,0.007425886423154809,0.001377247724834293,Camera
/home/lmy/iot-device-classification/dataset/camera/round2_normal/camera_r2.pcapng,R2,56,562.8769211769104,0.9986548804088872,0.000537990494964263,0.00043051334505066056,0.00024892867263771054,0.000127687078460301,Camera
/home/lmy/iot-device-classification/dataset/camera/round2_normal/camera_r2.pcapng,R2,57,570.9168725013733,0.9982652200822668,0.0006001393027191696,0.0007874464766385607,0.0002002306796308657,0.00014696345874436753,Camera
/home/lmy/iot-device-classification/dataset/camera/round2_normal/camera_r2.pcapng,R2,58,581.2913000583649,0.9972775251064262,0.0007681719493748324,0.0016811713804919567,0.00011125501183780284,0.00016187655186950553,Camera
/home/lmy/iot-device-classification/dataset/camera/round2_normal/camera_r2.pcapng,R2,59,591.7171287536621,0.997666936888269,0.0009626973028461875,0.0010278971674226966,0.00017839784898266182,0.00016407079247946383,Camera
/home/lmy/iot-device-classification/dataset/camera/round2_normal/camera_r2.pcapng,R2,60,601.2717821598053,0.9676041774505248,0.004387502828802951,0.022860433135641203,0.004277532823735049,0.0008703537612957656,Camera
/home/lmy/iot-device-classification/dataset/camera/round2_normal/camera_r2.pcapng,R2,61,612.1706233024597,0.9996155366576664,6.28279834445341e-05,0.00024716174161386876,3.141666744901971e-05,4.3056949826106136e-05,Camera
/home/lmy/iot-device-classification/dataset/camera/round2_normal/camera_r2.pcapng,R2,62,622.8774116039276,0.9995518920510218,0.00010593711996667594,0.00020706016191074917,7.781800784054147e-05,5.7292659260402006e-05,Camera
/home/lmy/iot-device-classification/dataset/camera/round2_normal/camera_r2.pcapng,R2,63,631.2382776737213,0.9997480474286884,3.5238560363020326e-05,0.00016044527861732772,2.4288513450578863e-05,3.198021888082609e-05,Camera
/home/lmy/iot-device-classification/dataset/camera/round2_normal/camera_r2.pcapng,R2,64,641.6916179656982,0.9986000400282212,0.00035160476549216655,0.0008601440751394509,7.898003219635977e-05,0.0001092310989509822,Camera
/home/lmy/iot-device-classification/dataset/camera/round2_normal/camera_r2.pcapng,R2,65,652.9084537029266,0.996785871169672,0.0016786249422689695,0.001115620978745329,0.0002255177632716597,0.00019436514604189578,Camera
/home/lmy/iot-device-classification/dataset/camera/round2_normal/camera_r2.pcapng,R2,66,661.3038868904114,0.6409373077059596,0.051801152904771976,0.040503562563059745,0.26237004462121977,0.0043879322049888295,Camera
/home/lmy/iot-device-classification/dataset/camera/round2_normal/camera_r2.pcapng,R2,67,672.5336236953735,0.9958546256028826,0.001605675674983903,0.002107942720877093,0.00019709491049872593,0.00023466109075754755,Camera
/home/lmy/iot-device-classification/dataset/camera/round2_normal/camera_r2.pcapng,R2,68,682.9397687911987,0.9962755084468469,0.0018741536558028737,0.0011987282600806367,0.00041468282096251735,0.00023692681630729003,Camera
/home/lmy/iot-device-classification/dataset/camera/round2_normal/camera_r2.pcapng,R2,69,691.3212056159973,0.9933456510677494,0.003151530674252383,0.0018535539174569708,0.0012347563581066024,0.0004145079824345214,Camera
/home/lmy/iot-device-classification/dataset/camera/round2_normal/camera_r2.pcapng,R2,70,701.9608671665192,0.9976902469810128,0.0007418747506663656,0.0012680045574028145,0.00014065158884417936,0.00015922212207371094,Camera
/home/lmy/iot-device-classification/dataset/camera/round2_normal/camera_r2.pcapng,R2,71,710.5933027267456,0.9889331266443588,0.007113843221490573,0.002809401804323728,0.0006951744576736447,0.00044845387215339494,Camera
/home/lmy/iot-device-classification/dataset/camera/round2_normal/camera_r2.pcapng,R2,72,721.3382844924927,0.9894118196680587,0.00513057895822828,0.0015057759356607331,0.003291509524377381,0.000660315913675105,Camera
/home/lmy/iot-device-classification/dataset/camera/round2_normal/camera_r2.pcapng,R2,73,732.9914615154266,0.9968724652449762,0.0006288933802817349,0.002066947214734023,0.000250475558289415,0.00018121860171870993,Camera
/home/lmy/iot-device-classification/dataset/camera/round2_normal/camera_r2.pcapng,R2,74,743.0018649101257,0.9359583208040745,0.020854494779061955,0.00206366912363203,0.039689066718657774,0.0014344485745738666,Camera
/home/lmy/iot-device-classification/dataset/camera/round2_normal/camera_r2.pcapng,R2,75,751.3548667430878,0.9974060473025488,0.0009349513196470935,0.0010941451007787507,0.0003625913557367406,0.0002022649212886102,Camera
/home/lmy/iot-device-classification/dataset/camera/round2_normal/camera_r2.pcapng,R2,76,762.2828052043915,0.9973171842858065,0.0009402210110187629,0.00141988929150038,0.00014942674827398287,0.0001732786634001689,Camera
/home/lmy/iot-device-classification/dataset/camera/round2_normal/camera_r2.pcapng,R2,77,772.6826767921448,0.9732566288379148,0.017795425916859987,0.005227313070528617,0.0028819814883969124,0.0008386506862996918,Camera
/home/lmy/iot-device-classification/dataset/camera/round2_normal/camera_r2.pcapng,R2,78,780.3580389022827,0.9908793656613215,0.005689137698933834,0.0022152898579388598,0.0007974600501895193,0.000418746731616541,Camera
/home/lmy/iot-device-classification/dataset/camera/round2_normal/camera_r2.pcapng,R2,79,793.0525143146515,0.998913432078725,0.0002639701909861461,0.0006565380597394593,7.219635120956459e-05,9.38633193399497e-05,Camera
/home/lmy/iot-device-classification/dataset/camera/round2_normal/camera_r2.pcapng,R2,80,803.0640075206757,0.9993926556400727,0.00015469404435066984,0.00030779679171634346,7.639035291810315e-05,6.846317094217406e-05,Camera
/home/lmy/iot-device-classification/dataset/camera/round2_normal/camera_r2.pcapng,R2,81,811.3866221904755,0.9957900312952759,0.0018324679918683459,0.0016003690429486172,0.0004938392748299078,0.0002832923950771093,Camera
/home/lmy/iot-device-classification/dataset/camera/round2_normal/camera_r2.pcapng,R2,82,823.083886384964,0.9977408814446193,0.0007891905386902344,0.0011316558540112006,0.0001718212505667717,0.00016645091211250245,Camera
/home/lmy/iot-device-classification/dataset/camera/round2_normal/camera_r2.pcapng,R2,83,833.0045716762543,0.9395451508635246,0.042824496607880305,0.0052212492907342456,0.01073262610731034,0.0016764771305504125,Camera
/home/lmy/iot-device-classification/dataset/camera/round2_normal/camera_r2.pcapng,R2,84,841.4009125232697,0.9977709126887866,0.0008542539984723779,0.0006470262897424066,0.0005342509212947443,0.0001935561017038908,Camera
/home/lmy/iot-device-classification/dataset/camera/round2_normal/camera_r2.pcapng,R2,85,853.1160552501678,0.9877432205319155,0.007154859462109683,0.0038950745854775494,0.000709831653862472,0.0004970137666347386,Camera
/home/lmy/iot-device-classification/dataset/camera/round2_normal/camera_r2.pcapng,R2,86,863.1255404949188,0.9961178794275035,0.002217086174002818,0.0010375439449209142,0.0003940758902265635,0.00023341456334589393,Camera
/home/lmy/iot-device-classification/dataset/camera/round2_normal/camera_r2.pcapng,R2,87,871.4174144268036,0.4693460249424456,0.07058175217508328,0.2661978388728232,0.18949829152520964,0.004376092484438195,Camera
/home/lmy/iot-device-classification/dataset/camera/round2_normal/camera_r2.pcapng,R2,88,882.9259614944458,0.9996676976140968,4.0499657230799785e-05,0.00024055476356313964,1.7291098902638325e-05,3.3956866206713424e-05,Camera
/home/lmy/iot-device-classification/dataset/camera/round2_normal/camera_r2.pcapng,R2,89,891.7979836463928,0.9991726548038322,0.0002679511484401434,0.00040324298813152815,7.660869365377614e-05,7.954236594241525e-05,Camera
/home/lmy/iot-device-classification/dataset/camera/round2_normal/camera_r2.pcapng,R2,90,901.2867312431335,0.9995181526371448,8.657827607977996e-05,0.00030009899013810264,4.292674337720579e-05,5.22433532601595e-05,Camera
/home/lmy/iot-device-classification/dataset/camera/round2_normal/camera_r2.pcapng,R2,91,913.3030829429626,0.017496039514564726,0.11129656673721282,0.8170807405336012,0.0524968915565137,0.0016297616581074398,Camera
/home/lmy/iot-device-classification/dataset/camera/round2_normal/camera_r2.pcapng,R2,92,923.1817755699158,0.999734744825503,4.74545050774168e-05,0.00013807146036325023,4.195327839420514e-05,3.777593066212726e-05,Camera
/home/lmy/iot-device-classification/dataset/camera/round2_normal/camera_r2.pcapng,R2,93,930.915230512619,0.996663500008424,0.0015877259241699115,0.0011677828110833296,0.00035524662073394946,0.0002257446355890281,Camera
/home/lmy/iot-device-classification/dataset/camera/round2_normal/camera_r2.pcapng,R2,94,943.2024521827698,0.9961918604731684,0.0015318261536146484,0.0017941982439390798,0.0002464428793829473,0.0002356722498947935,Camera
/home/lmy/iot-device-classification/dataset/camera/round2_normal/camera_r2.pcapng,R2,95,953.2094819545746,0.9966556650631443,0.001552038235048557,0.0007933220847082627,0.0007460516318457441,0.0002529229852530467,Camera
/home/lmy/iot-device-classification/dataset/camera/round2_normal/camera_r2.pcapng,R2,96,961.4582974910736,0.9941319426039338,0.0026472663149931077,0.002454194479099201,0.00043875858969116144,0.00032783801228266626,Camera
/home/lmy/iot-device-classification/dataset/camera/round2_normal/camera_r2.pcapng,R2,97,973.2285063266754,0.9961174204803195,0.0014250231640962196,0.0020258740723808075,0.00020408437412157573,0.0002275979090818102,Camera
/home/lmy/iot-device-classification/dataset/camera/round2_normal/camera_r2.pcapng,R2,98,983.2378005981444,0.9913127368988361,0.00596748013457859,0.0012465308747839127,0.0010930927449388855,0.0003801593468624616,Camera
/home/lmy/iot-device-classification/dataset/camera/round2_normal/camera_r2.pcapng,R2,99,991.4677090644836,0.998691744793809,0.00041157698445091443,0.0005478071454351603,0.0002205116021111937,0.00012835947419382058,Camera
/home/lmy/iot-device-classification/dataset/camera/round2_normal/camera_r2.pcapng,R2,100,1003.258527994156,0.9959003656688397,0.0015126095176477765,0.0020128435430982632,0.00032436076772738806,0.000249820502686831,Camera
/home/lmy/iot-device-classification/dataset/camera/round2_normal/camera_r2.pcapng,R2,101,1012.9220654964448,0.9983130360403952,0.0006293544729581577,0.0007455951880075726,0.00017259596849029008,0.00013941833014888874,Camera
/home/lmy/iot-device-classification/dataset/camera/round2_normal/camera_r2.pcapng,R2,102,1021.4844996929168,0.9971698682327699,0.0011183033270538187,0.0013460042728457994,0.00018840904608233267,0.00017741512124831423,Camera
/home/lmy/iot-device-classification/dataset/camera/round2_normal/camera_r2.pcapng,R2,103,1033.285621881485,0.9941042742799322,0.002284790387224178,0.0027381594732662383,0.0005411026639659957,0.0003316731956114937,Camera
/home/lmy/iot-device-classification/dataset/camera/round2_normal/camera_r2.pcapng,R2,104,1043.2945547103882,0.9891954368286445,0.007557117390370632,0.0015055445322420431,0.0012980033964450864,0.0004438978522977095,Camera
/home/lmy/iot-device-classification/dataset/camera/round2_normal/camera_r2.pcapng,R2,105,1051.499022245407,0.9973702253391996,0.0010472058404742022,0.0009517763168771811,0.00042311480156688767,0.00020767770188227086,Camera
/home/lmy/iot-device-classification/dataset/camera/round2_normal/camera_r2.pcapng,R2,106,1063.3147015571594,0.9995750290808334,7.231324003319946e-05,0.0002792312539385059,2.8670795263698215e-05,4.4755629931232184e-05,Camera
/home/lmy/iot-device-classification/dataset/camera/round2_normal/camera_r2.pcapng,R2,107,1073.3241927623749,0.9898238414467151,0.005267212796436202,0.00157174707854071,0.002818243999175485,0.0005189546791326749,Camera
/home/lmy/iot-device-classification/dataset/camera/round2_normal/camera_r2.pcapng,R2,108,1081.5124173164368,0.9755745850266172,0.004683362142646624,0.015322367125624101,0.0036391357592167693,0.0007805499458955101,Camera
/home/lmy/iot-device-classification/dataset/camera/round2_normal/camera_r2.pcapng,R2,109,1093.344004392624,0.9968307920655554,0.0013213106925042267,0.0014194184719751907,0.0002191536627692982,0.0002093251071960406,Camera
/home/lmy/iot-device-classification/dataset/camera/round2_normal/camera_r2.pcapng,R2,110,1103.3532123565674,0.9946035296093947,0.0017349489861937704,0.00046577367002402845,0.0028710263165347503,0.0003247214178526723,Camera
/home/lmy/iot-device-classification/dataset/camera/round2_normal/camera_r2.pcapng,R2,111,1111.5240352153778,0.9994441933685133,9.034378957840498e-05,0.0003766025272733924,3.52285161980684e-05,5.363179843701592e-05,Camera
/home/lmy/iot-device-classification/dataset/camera/round2_normal/camera_r2.pcapng,R2,112,1123.372457742691,0.9957782301102115,0.0016707167758729321,0.0020053334994967914,0.0002882603251271474,0.00025745928929145546,Camera
/home/lmy/iot-device-classification/dataset/camera/round2_normal/camera_r2.pcapng,R2,113,1130.424103975296,0.9924172875818148,0.004332799680472263,0.00196081033543279,0.0008883874263053246,0.0004007149759749239,Camera
/home/lmy/iot-device-classification/dataset/camera/round2_normal/camera_r2.pcapng,R2,114,1141.5409350395205,0.997426299661976,0.0010193059461164624,0.001103738337652622,0.00026069339730018276,0.0001899626569547332,Camera
/home/lmy/iot-device-classification/dataset/camera/round2_normal/camera_r2.pcapng,R2,115,1151.007157087326,0.9951027194982782,0.002173500099009955,0.0017928787114624548,0.0006162826670613378,0.000314619024188191,Camera
/home/lmy/iot-device-classification/dataset/camera/round2_normal/camera_r2.pcapng,R2,116,1160.9190518856049,0.9966179893456124,0.001861637105463491,0.0009126515144632897,0.0003838750854161648,0.00022384694904468828,Camera
/home/lmy/iot-device-classification/dataset/camera/round2_normal/camera_r2.pcapng,R2,117,1171.5538074970243,0.9823272427777924,0.011244602290279607,0.004938271994761359,0.0008834626861296312,0.0006064202510372039,Camera
/home/lmy/iot-device-classification/dataset/camera/round2_normal/camera_r2.pcapng,R2,118,1182.5023686885834,0.9423502497186032,0.03472551418396337,0.019548232797436522,0.0020455529448571994,0.00133045035513976,Camera
/home/lmy/iot-device-classification/dataset/camera/round2_normal/camera_r2.pcapng,R2,119,1193.4421064853668,0.9910932294231386,0.005196336118189071,0.0014520517171930768,0.0017855430169917519,0.0004728397244877351,Camera
/home/lmy/iot-device-classification/dataset/camera/round2_normal/camera_r2.pcapng,R2,120,1201.569499254227,0.9774645721752527,0.01207617843968921,0.008645038714154658,0.0010479699673190382,0.0007662407035844626,Camera
/home/lmy/iot-device-classification/dataset/camera/round2_normal/camera_r2.pcapng,R2,121,1213.4615659713745,0.8746275169818792,0.05944474878094487,0.0242220232476506,0.03864253261271199,0.003063178376813531,Camera
/home/lmy/iot-device-classification/dataset/camera/round2_normal/camera_r2.pcapng,R2,122,1223.4706284999847,0.9647126210102599,0.020005257122011844,0.0029151996469185507,0.01126159506785242,0.0011053271529571345,Camera
/home/lmy/iot-device-classification/dataset/camera/round2_normal/camera_r2.pcapng,R2,123,1231.5857756137848,0.9955030678400639,0.00215207233225608,0.0014749363422060147,0.000576348212129281,0.0002935752733447388,Camera
/home/lmy/iot-device-classification/dataset/camera/round2_normal/camera_r2.pcapng,R2,124,1243.4929280281067,0.9817418333713738,0.01064898537633923,0.005866898657089432,0.0010535813040755385,0.0006887012911220875,Camera
/home/lmy/iot-device-classification/dataset/camera/round2_normal/camera_r2.pcapng,R2,125,1253.501568317413,0.853208182391772,0.045742843023773246,0.004101458105622974,0.09478549358997623,0.0021620228888554987,Camera
/home/lmy/iot-device-classification/dataset/camera/round2_normal/camera_r2.pcapng,R2,126,1261.600768327713,0.9668946597023144,0.020911545203980943,0.009801285858932396,0.0014401913560858877,0.0009523178786865402,Camera
/home/lmy/iot-device-classification/dataset/camera/round2_normal/camera_r2.pcapng,R2,127,1273.5200200080872,0.0654532801590254,0.4080829675514242,0.24636181279721253,0.2757957732190179,0.004306166273319874,Camera
/home/lmy/iot-device-classification/dataset/camera/round2_normal/camera_r2.pcapng,R2,128,1283.5298159122467,0.9700935167923782,0.015442238336622734,0.01304503780923292,0.0006621279775164852,0.0007570790842496372,Camera
/home/lmy/iot-device-classification/dataset/camera/round2_normal/camera_r2.pcapng,R2,129,1291.6118483543396,0.9963780299521123,0.0014949550481599988,0.001347240607681912,0.0005179839195869531,0.0002617904724589865,Camera
/home/lmy/iot-device-classification/dataset/camera/round2_normal/camera_r2.pcapng,R2,130,1303.5507655143738,0.8725673812641797,0.09032553912244637,0.021585184903944666,0.0130493143845157,0.0024725803249135525,Camera
/home/lmy/iot-device-classification/dataset/camera/round2_normal/camera_r2.pcapng,R2,131,1310.9129676818848,0.9389743004366465,0.022769135472129887,0.002086105843368773,0.03479375812098569,0.0013767001268691265,Camera
/home/lmy/iot-device-classification/dataset/camera/round2_normal/camera_r2.pcapng,R2,132,1321.6277344226835,0.980637235839254,0.010943822734579367,0.005944580560403871,0.0017165856855641374,0.0007577751801986514,Camera
/home/lmy/iot-device-classification/dataset/camera/round2_normal/camera_r2.pcapng,R2,133,1330.091359615326,0.9821973266706502,0.008903453129354815,0.0076883388586835005,0.000609400156695766,0.0006014811846158156,Camera
/home/lmy/iot-device-classification/dataset/camera/round2_normal/camera_r2.pcapng,R2,134,1343.62934756279,0.051193262524299024,0.02558066592786929,0.0006100495520297104,0.921711935412704,0.0009040865830979105,Camera
/home/lmy/iot-device-classification/dataset/camera/round2_normal/camera_r2.pcapng,R2,135,1351.645565032959,0.9869607949811092,0.00768032002037451,0.002229974970929656,0.0025193692319076854,0.0006095407956787924,Camera
/home/lmy/iot-device-classification/dataset/camera/round2_normal/camera_r2.pcapng,R2,136,1363.610143661499,0.9873654226686668,0.0058981853180938675,0.0057582682261786275,0.0004835032654045053,0.0004946205216559784,Camera
/home/lmy/iot-device-classification/dataset/camera/round2_normal/camera_r2.pcapng,R2,137,1370.0518736839294,0.9973378918317254,0.0009476114342119709,0.0013738015843508273,0.00017135139515131776,0.0001693437545604189,Camera
/home/lmy/iot-device-classification/dataset/camera/round2_normal/camera_r2.pcapng,R2,138,1381.6601283550262,0.9353068084480071,0.04486805349548879,0.011397195885995805,0.006892705354358822,0.0015352368161493527,Camera
/home/lmy/iot-device-classification/dataset/camera/round2_normal/camera_r2.pcapng,R2,139,1392.960649251938,0.9343475801884705,0.04494958784837316,0.017453958702397698,0.0019589941474093347,0.0012898791133496253,Camera
/home/lmy/iot-device-classification/dataset/camera/round2_normal/camera_r2.pcapng,R2,140,1400.0394723415377,0.9620017490017745,0.02173855296338058,0.014778853059668133,0.00062606552130031,0.00085477945387641,Camera
/home/lmy/iot-device-classification/dataset/camera/round2_normal/camera_r2.pcapng,R2,141,1411.6763532161713,0.9980051560688008,0.0005755142006371881,0.0011287217496067266,0.00014274122164903433,0.00014786675930606577,Camera
/home/lmy/iot-device-classification/dataset/camera/round2_normal/camera_r2.pcapng,R2,142,1423.6699299812317,0.9831187737936851,0.009421098189859757,0.006214317484028478,0.0006521905613287644,0.000593619971098015,Camera
/home/lmy/iot-device-classification/dataset/camera/round2_normal/camera_r2.pcapng,R2,143,1430.501472711563,0.9929285785485745,0.004381836323928319,0.0018670359813497215,0.0004988443981173338,0.00032370474802992654,Camera
/home/lmy/iot-device-classification/dataset/camera/round2_normal/camera_r2.pcapng,R2,144,1441.691505908966,0.6736663878532071,0.13717066008446505,0.04368518386503714,0.14069686454263894,0.004780903654651858,Camera
/home/lmy/iot-device-classification/dataset/camera/round2_normal/camera_r2.pcapng,R2,145,1450.0142230987549,0.7664601267123429,0.12137153993354216,0.08162967835404927,0.026756080921104583,0.0037825740789612125,Camera
/home/lmy/iot-device-classification/dataset/camera/round2_normal/camera_r2.pcapng,R2,146,1460.071935892105,0.9976245119689373,0.0010195467041631823,0.0009982899659139318,0.00019445658310836725,0.00016319477787702134,Camera
/home/lmy/iot-device-classification/dataset/camera/round2_normal/camera_r2.pcapng,R2,147,1470.0209238529203,0.9882602282151521,0.005590002379543596,0.0028104698396031772,0.00273640091612423,0.0006028986495765471,Camera
/home/lmy/iot-device-classification/dataset/camera/round2_normal/camera_r2.pcapng,R2,148,1480.0417964458466,0.993998076900799,0.002263324246242741,0.003232728626075351,0.00022078760671860077,0.0002850826201642508,Camera
/home/lmy/iot-device-classification/dataset/camera/round2_normal/camera_r2.pcapng,R2,149,1490.0754919052124,0.9991426121023708,0.00022808041899669378,0.0004937995451736487,5.8810322147969265e-05,7.66976113109579e-05,Camera
/home/lmy/iot-device-classification/dataset/camera/round2_normal/camera_r2.pcapng,R2,150,1500.1754784584043,0.9948817267946697,0.0023692835771263656,0.0015108431402754497,0.0008989658749962478,0.00033918061293237485,Camera
/home/lmy/iot-device-classification/dataset/camera/round2_normal/camera_r2.pcapng,R2,151,1510.2518315315249,0.9806079967149215,0.010965317501289118,0.006839539542262682,0.0009121576250072161,0.0006749886165195016,Camera
/home/lmy/iot-device-classification/dataset/camera/round2_normal/camera_r2.pcapng,R2,152,1520.0883193016052,0.9963000968801524,0.0017542589427900282,0.0015346237463688224,0.0002015480372982557,0.0002094723933903476,Camera
/home/lmy/iot-device-classification/dataset/camera/round2_normal/camera_r2.pcapng,R2,153,1530.324291229248,0.9870377027926427,0.005224670416126918,0.0021381544650472487,0.004960423346505262,0.0006390489796779229,Camera
/home/lmy/iot-device-classification/dataset/camera/round2_normal/camera_r2.pcapng,R2,154,1540.1444492340088,0.9734455636118204,0.011359501371343138,0.013581131970968,0.000863256662717673,0.0007505463831508508,Camera
/home/lmy/iot-device-classification/dataset/camera/round2_normal/camera_r2.pcapng,R2,155,1550.2133028507233,0.9902227644890915,0.005761875306590781,0.0030042729015771095,0.0006121286586303644,0.00039895864411008817,Camera
/home/lmy/iot-device-classification/dataset/camera/round2_normal/camera_r2.pcapng,R2,156,1560.561782836914,0.9844548872079734,0.008145910145477758,0.002168675292501102,0.004513756931944195,0.0007167704221037032,Camera
/home/lmy/iot-device-classification/dataset/camera/round2_normal/camera_r2.pcapng,R2,157,1570.6017906665802,0.9907982035505135,0.0035241116679616555,0.004797828304251867,0.0004749790840966311,0.0004048773931761357,Camera
/home/lmy/iot-device-classification/dataset/camera/round2_normal/camera_r2.pcapng,R2,158,1580.0871908664703,0.997018121605472,0.0012967195348887923,0.0005940995943939586,0.0008607275901202969,0.00023033167512503922,Camera
/home/lmy/iot-device-classification/dataset/camera/round2_normal/camera_r2.pcapng,R2,159,1590.1081371307373,0.9992159676959644,0.0002228650948643299,0.0003481242649169996,0.00012605283536444172,8.699010888980174e-05,Camera
/home/lmy/iot-device-classification/dataset/camera/round2_normal/camera_r2.pcapng,R2,160,1600.163945198059,0.9976158095842266,0.000643933078270664,0.0014896296679852044,0.00010203779683107106,0.00014858987268634774,Camera
/home/lmy/iot-device-classification/dataset/camera/round2_normal/camera_r2.pcapng,R2,161,1610.2463591098783,0.9997538222794591,4.175427985702328e-05,0.0001285841739633238,4.0252094526188845e-05,3.5587172194483813e-05,Camera
/home/lmy/iot-device-classification/dataset/camera/round2_normal/camera_r2.pcapng,R2,162,1620.3009140491486,0.99945312554788,0.00010928656087737666,0.0003316210198146724,4.85519164211288e-05,5.741495500689373e-05,Camera
/home/lmy/iot-device-classification/dataset/camera/round2_normal/camera_r2.pcapng,R2,163,1630.364367723465,0.985752734385481,0.005740849397602195,0.007148476506331943,0.0008022662455809271,0.0005556734650037378,Camera
/home/lmy/iot-device-classification/dataset/camera/round2_normal/camera_r2.pcapng,R2,164,1640.415866136551,0.9921407949351181,0.004663001408959388,0.0020621931340093582,0.0007349238980913364,0.0003990866238215754,Camera
/home/lmy/iot-device-classification/dataset/camera/round2_normal/camera_r2.pcapng,R2,165,1650.099946975708,0.9953219853593485,0.002345205731751325,0.001459349243688891,0.0005607840661469028,0.000312675599064457,Camera
/home/lmy/iot-device-classification/dataset/camera/round2_normal/camera_r2.pcapng,R2,166,1660.2747735977173,0.9892743003020554,0.005884858594583804,0.0037898126423863377,0.0005876066959331116,0.00046342176504160623,Camera
/home/lmy/iot-device-classification/dataset/camera/round2_normal/camera_r2.pcapng,R2,167,1670.5621695518494,0.9960183487905726,0.0019256882302974444,0.001092712312033877,0.0006922954022166922,0.00027095526487952735,Camera
/home/lmy/iot-device-classification/dataset/camera/round2_normal/camera_r2.pcapng,R2,168,1680.287879705429,0.9558884482325029,0.015776150714794594,0.02239689842622627,0.00468409776933868,0.0012544048571377288,Camera
/home/lmy/iot-device-classification/dataset/camera/round2_normal/camera_r2.pcapng,R2,169,1690.7651755809784,0.9847617453256721,0.005938421180202407,0.00784516247870057,0.0008762256461657079,0.0005784453692593186,Camera
/home/lmy/iot-device-classification/dataset/camera/round2_normal/camera_r2.pcapng,R2,170,1700.840870141983,0.9957383908974166,0.0019399453129707437,0.0017943007800014078,0.00028029927357167754,0.0002470637360396221,Camera
/home/lmy/iot-device-classification/dataset/camera/round2_normal/camera_r2.pcapng,R2,171,1710.3125059604645,0.9912214395359026,0.0048605538479669,0.0023137675056229476,0.0011439551612028116,0.0004602839493048007,Camera
/home/lmy/iot-device-classification/dataset/camera/round2_normal/camera_r2.pcapng,R2,172,1720.479027509689,0.970295953678925,0.020621818481244683,0.0067464023698277035,0.0014782099228891632,0.0008576155471133783,Camera
/home/lmy/iot-device-classification/dataset/camera/round2_normal/camera_r2.pcapng,R2,173,1731.0160167217257,0.9900203665288083,0.006864662561257837,0.0017967787152476996,0.0009054620775921434,0.00041273011709418395,Camera
/home/lmy/iot-device-classification/dataset/camera/round2_normal/camera_r2.pcapng,R2,174,1741.0855920314789,0.9952263005126687,0.00231976970873611,0.0011756176603553443,0.0009553868791333269,0.0003229252391064838,Camera
/home/lmy/iot-device-classification/dataset/camera/round2_normal/camera_r2.pcapng,R2,175,1750.9176754951477,0.9939928033068322,0.0031823777180682283,0.001774187242366894,0.0006900030463261542,0.00036062868640676654,Camera
/home/lmy/iot-device-classification/dataset/camera/round2_normal/camera_r2.pcapng,R2,176,1760.2380640506744,0.9665854360771341,0.024652415397004194,0.0037875100841519727,0.003997044969225032,0.0009775934724847648,Camera
/home/lmy/iot-device-classification/dataset/camera/round2_normal/camera_r2.pcapng,R2,177,1771.068736076355,0.9881464218549182,0.007446831046532927,0.0019343086724083653,0.0019271958527399503,0.0005452425734004966,Camera
/home/lmy/iot-device-classification/dataset/camera/round2_normal/camera_r2.pcapng,R2,178,1781.3355267047882,0.9800997424321425,0.01082421751005719,0.007452012700987048,0.0009171614697611499,0.0007068658870522942,Camera
/home/lmy/iot-device-classification/dataset/camera/round2_normal/camera_r2.pcapng,R2,179,1791.4084224700928,0.9964172833843815,0.0013486487608839691,0.00046194678148282303,0.0015149934597834841,0.00025712761346803126,Camera
/home/lmy/iot-device-classification/dataset/camera/round2_normal/camera_r2.pcapng,R2,180,1801.4464135169983,0.996087622717905,0.0018091792168842267,0.0013273836432180063,0.0005096440436150144,0.00026617037837786353,Camera
/home/lmy/iot-device-classification/dataset/camera/round2_normal/camera_r2.pcapng,R2,181,1811.5264284610748,0.9994272869381079,0.0001411368135595513,0.00028876080071893294,7.626770227461259e-05,6.654774533902058e-05,Camera
/home/lmy/iot-device-classification/dataset/camera/round2_normal/camera_r2.pcapng,R2,182,1821.6065700054169,0.9984347179513935,0.0006192518676958751,0.0006625600264691102,0.0001548613484571282,0.00012860880598434388,Camera
/home/lmy/iot-device-classification/dataset/camera/round2_normal/camera_r2.pcapng,R2,183,1831.389788389206,0.9919732499275881,0.004206833685004499,0.001863181597129493,0.0014945793781597778,0.00046215541211821733,Camera
/home/lmy/iot-device-classification/dataset/camera/round2_normal/camera_r2.pcapng,R2,184,1841.686539888382,0.9682854454428108,0.019780920073620572,0.009306768982132532,0.0016601666682465638,0.0009666988331893203,Camera
/home/lmy/iot-device-classification/dataset/camera/round2_normal/camera_r2.pcapng,R2,185,1851.766833305359,0.9979369376733542,0.0008749168270969702,0.0008237481537212636,0.00020835376271944475,0.00015604358310783906,Camera
/home/lmy/iot-device-classification/dataset/camera/round2_normal/camera_r2.pcapng,R2,186,1860.509847164154,0.9714369358105849,0.019039542307934917,0.003680940543841568,0.00484674147561597,0.0009958398620224622,Camera
/home/lmy/iot-device-classification/dataset/camera/round2_normal/camera_r2.pcapng,R2,187,1871.9368324279783,0.9986202354423461,0.0003798430277010279,0.0008284155475214995,6.906364471862797e-05,0.00010244233771265227,Camera
/home/lmy/iot-device-classification/dataset/camera/round2_normal/camera_r2.pcapng,R2,188,1881.967279672623,0.989265712644402,0.005901838681818751,0.0036700847739511294,0.0007090063801149196,0.00045335751971323815,Camera
/home/lmy/iot-device-classification/dataset/camera/round2_normal/camera_r2.pcapng,R2,189,1891.9326751232147,0.9383112278756675,0.029536380950243267,0.014016110148070913,0.016284484110299348,0.0018517969157191075,Camera
/home/lmy/iot-device-classification/dataset/camera/round2_normal/camera_r2.pcapng,R2,190,1902.091634511948,0.9933907324895161,0.00261371068007446,0.003379090296126303,0.00030040246459591395,0.0003160640696872371,Camera
/home/lmy/iot-device-classification/dataset/camera/round2_normal/camera_r2.pcapng,R2,191,1912.1781225204468,0.9983862950257587,0.0006148768917621441,0.00045595536934737606,0.00039133170387871424,0.00015154100925311985,Camera
/home/lmy/iot-device-classification/dataset/camera/round2_normal/camera_r2.pcapng,R2,192,1920.830106496811,0.9958706233285962,0.0017184806004890126,0.0016415012018738135,0.0004899858840755359,0.00027940898496549207,Camera
/home/lmy/iot-device-classification/dataset/camera/round2_normal/camera_r2.pcapng,R2,193,1932.2996833324432,0.9874683743071386,0.006158386523527025,0.005383579209043068,0.0004988343007936505,0.000490825659497733,Camera
/home/lmy/iot-device-classification/dataset/camera/round2_normal/camera_r2.pcapng,R2,194,1940.0105667114256,0.9968986312756065,0.0013559068489025165,0.0006079220834730504,0.0008934854862257624,0.000244054305792292,Camera
/home/lmy/iot-device-classification/dataset/camera/round2_normal/camera_r2.pcapng,R2,195,1952.4212517738345,0.5064556433287896,0.05460101102347087,0.004208694995680253,0.4318328856305339,0.0029017650215254443,Camera
/home/lmy/iot-device-classification/dataset/camera/round2_normal/camera_r2.pcapng,R2,196,1962.431809425354,0.9858574660452741,0.00844857315133253,0.003478218696059799,0.0015887193820689329,0.0006270227252647237,Camera
/home/lmy/iot-device-classification/dataset/camera/round2_normal/camera_r2.pcapng,R2,197,1972.5883479118347,0.9788862078441839,0.013543221957338128,0.0021597740878976745,0.004623671413989534,0.0007871246965908149,Camera
/home/lmy/iot-device-classification/dataset/camera/round2_normal/camera_r2.pcapng,R2,198,1981.9786231517792,0.9966875725115935,0.0013524978662628462,0.0013094412667109115,0.0004160322173544321,0.00023445613807821005,Camera
/home/lmy/iot-device-classification/dataset/camera/round2_normal/camera_r2.pcapng,R2,199,1991.5498895645144,0.9984965745653878,0.0004373819453890121,0.0008545840031236082,9.46041829094918e-05,0.00011685530319020449,Camera
/home/lmy/iot-device-classification/dataset/camera/round2_normal/camera_r2.pcapng,R2,200,2000.3638124465945,0.9816937426520631,0.010831405811190074,0.005409268204267828,0.001420162699443283,0.0006454206330356739,Camera
/home/lmy/iot-device-classification/dataset/camera/round2_normal/camera_r2.pcapng,R2,201,2011.9934787750244,0.9974703823786304,0.000985285967467033,0.0010661762946024334,0.0002842770124302642,0.00019387834687008412,Camera
/home/lmy/iot-device-classification/dataset/camera/round2_normal/camera_r2.pcapng,R2,202,2020.6680932044983,0.9863982187333485,0.006982965016112465,0.0054678782423570075,0.0006132528046303321,0.0005376852035517679,Camera
/home/lmy/iot-device-classification/dataset/camera/round2_normal/camera_r2.pcapng,R2,203,2032.9883801937103,0.9983681215017811,0.0007005063775414039,0.000617062950696961,0.0001807085455761869,0.0001336006244042611,Camera
/home/lmy/iot-device-classification/dataset/camera/round2_normal/camera_r2.pcapng,R2,204,2041.467861175537,0.9928583629735266,0.003557491456726191,0.001988030175303373,0.0011771552724103968,0.0004189601220334982,Camera
/home/lmy/iot-device-classification/dataset/camera/round2_normal/camera_r2.pcapng,R2,205,2051.867367506027,0.9915184554866356,0.0039376110136761806,0.003678473037698758,0.00046328726608019406,0.00040217319590940683,Camera
/home/lmy/iot-device-classification/dataset/camera/round2_normal/camera_r2.pcapng,R2,206,2060.815411567688,0.9910486122289538,0.003017493935029884,0.0005818002023190651,0.004928910711065316,0.0004231829226318681,Camera
/home/lmy/iot-device-classification/dataset/camera/round2_normal/camera_r2.pcapng,R2,207,2072.0251841545105,0.9932798665423882,0.003577052146037414,0.002100270823089354,0.0006751024693664268,0.0003677080191186909,Camera
/home/lmy/iot-device-classification/dataset/camera/round2_normal/camera_r2.pcapng,R2,208,2083.285264968872,0.9853423978919729,0.007740058759926125,0.005527152784655958,0.0007943055781672254,0.0005960849852777275,Camera
/home/lmy/iot-device-classification/dataset/camera/round2_normal/camera_r2.pcapng,R2,209,2093.3637657165527,0.9952193788034165,0.00204087583365793,0.0007500642428841603,0.0016687582837184283,0.00032092283632303417,Camera
/home/lmy/iot-device-classification/dataset/camera/round2_normal/camera_r2.pcapng,R2,210,2101.789255142212,0.9947062579809929,0.0025057183342184416,0.0016346277756816637,0.0008065471836470594,0.00034684872545987725,Camera
/home/lmy/iot-device-classification/dataset/camera/round2_normal/camera_r2.pcapng,R2,211,2112.1880729198456,0.9896774758148793,0.005265241259268924,0.003930359150695428,0.0006468031389468114,0.0004801206362095718,Camera
/home/lmy/iot-device-classification/dataset/camera/round2_normal/camera_r2.pcapng,R2,212,2121.234741926193,0.994980188434401,0.002685548351344782,0.0011964871090619656,0.0008206329849705612,0.0003171431202217576,Camera
/home/lmy/iot-device-classification/dataset/camera/round2_normal/camera_r2.pcapng,R2,213,2130.173230409622,0.9963017006318858,0.0016481943063272895,0.0014628386635774742,0.0003459025487893452,0.00024136384941994562,Camera
/home/lmy/iot-device-classification/dataset/camera/round2_normal/camera_r2.pcapng,R2,214,2141.307647705078,0.5576480613153375,0.14907481671830547,0.014264126671173983,0.27405350216874336,0.0049594931264396154,Camera
/home/lmy/iot-device-classification/dataset/camera/round2_normal/camera_r2.pcapng,R2,215,2153.72504901886,0.9997256227055201,4.7221958769588394e-05,0.00016365315542078468,2.8219496443327875e-05,3.52826838461693e-05,Camera
/home/lmy/iot-device-classification/dataset/camera/round2_normal/camera_r2.pcapng,R2,216,2162.067749977112,0.9988310634285349,0.00038430725620985554,0.00047152607774981857,0.00019444266460530476,0.00011866057290039412,Camera
/home/lmy/iot-device-classification/dataset/camera/round2_normal/camera_r2.pcapng,R2,217,2172.5081238746643,0.9992522780237773,0.00019876015782231365,0.0004068553182504355,6.80557836870056e-05,7.405071646295297e-05,Camera
/home/lmy/iot-device-classification/dataset/camera/round2_normal/camera_r2.pcapng,R2,218,2181.6755821704865,0.9990575668125915,0.0002886262766416954,0.00028830515616281807,0.00026035880354462724,0.00010514295105947476,Camera
/home/lmy/iot-device-classification/dataset/camera/round2_normal/camera_r2.pcapng,R2,219,2191.984236478805,0.9979168346398695,0.0006426997557316443,0.0011120892082496351,0.00017531319476366542,0.00015306320138544418,Camera
/home/lmy/iot-device-classification/dataset/camera/round2_normal/camera_r2.pcapng,R2,220,2201.6270184516907,0.24682461732563982,0.1495829013304342,0.39682065674088035,0.20148940177907637,0.005282422823969339,Camera
/home/lmy/iot-device-classification/dataset/camera/round2_normal/camera_r2.pcapng,R2,221,2214.0893738269806,0.9993873579302577,0.00016269822910966512,0.0003186107058588435,6.555393649499225e-05,6.577919827869839e-05,Camera
/home/lmy/iot-device-classification/dataset/camera/round2_normal/camera_r2.pcapng,R2,222,2222.10164809227,0.6906956748622435,0.04170047156300409,0.018646273767954812,0.24514967262018886,0.0038079071866086796,Camera
/home/lmy/iot-device-classification/dataset/camera/round2_normal/camera_r2.pcapng,R2,223,2232.827834129333,0.2965750024304204,0.19033535785636813,0.10961987215487393,0.39753371731240855,0.005936050245929047,Camera
/home/lmy/iot-device-classification/dataset/camera/round2_normal/camera_r2.pcapng,R2,224,2240.0532019138336,0.9939944929315436,0.0035280298857575773,0.0011688647168317883,0.0009591414461962939,0.0003494710196706805,Camera
/home/lmy/iot-device-classification/dataset/camera/round2_normal/camera_r2.pcapng,R2,225,2251.547493934632,0.27635074283777783,0.164450881221294,0.10215933735687639,0.45163671705691205,0.005402321527139645,Camera
/home/lmy/iot-device-classification/dataset/camera/round2_normal/camera_r2.pcapng,R2,226,2261.947966337204,0.9343028643336382,0.04493519116738953,0.006487203717956272,0.012652232550726457,0.0016225082302896744,Camera
/home/lmy/iot-device-classification/dataset/camera/round2_normal/camera_r2.pcapng,R2,227,2274.4740204811096,0.9849718675276593,0.008985614657126441,0.0015421587462800088,0.0038356043084837223,0.0006647547604506546,Camera
/home/lmy/iot-device-classification/dataset/camera/round2_normal/camera_r2.pcapng,R2,228,2282.12881731987,0.6832134160938318,0.06225992868023604,0.024098330422088407,0.22674633864393617,0.0036819861599073967,Camera
/home/lmy/iot-device-classification/dataset/camera/round2_normal/camera_r2.pcapng,R2,229,2293.147260904312,0.973307093825649,0.018844368856821513,0.003415581305220675,0.0034785284541690277,0.0009544275581400478,Camera
/home/lmy/iot-device-classification/dataset/camera/round2_normal/camera_r2.pcapng,R2,230,2300.4633750915527,0.9972638573302002,0.000983080926676898,0.001424390719534435,0.00015453003711135804,0.00017414098647695935,Camera
/home/lmy/iot-device-classification/dataset/camera/round2_normal/camera_r2.pcapng,R2,231,2311.8674972057343,0.7647075006618387,0.18946804908499265,0.009219041782301821,0.0333006352278556,0.0033047732430112535,Camera
/home/lmy/iot-device-classification/dataset/camera/round2_normal/camera_r2.pcapng,R2,232,2322.249433517456,0.9820186701026228,0.0119173696291951,0.0038584541079545076,0.001526342961869488,0.0006791631983580613,Camera
/home/lmy/iot-device-classification/dataset/camera/round2_normal/camera_r2.pcapng,R2,233,2330.0429401397705,0.9953727919430221,0.002653817803890749,0.0014656061420933858,0.0002700781294527612,0.0002377059815409885,Camera
/home/lmy/iot-device-classification/dataset/camera/round2_normal/camera_r2.pcapng,R2,234,2341.95564198494,0.9851442876762826,0.009166098123820228,0.003723191917543142,0.0013264571579726667,0.0006399651243810828,Camera
/home/lmy/iot-device-classification/dataset/camera/round2_normal/camera_r2.pcapng,R2,235,2353.467885494232,0.5293187825696074,0.30646477046302556,0.02114511988608888,0.13785212049619314,0.005219206585085018,Camera
/home/lmy/iot-device-classification/dataset/camera/round2_normal/camera_r2.pcapng,R2,236,2360.0239040851598,0.9838812066128947,0.010497573253153678,0.003685965891344485,0.0013073642512559764,0.0006278899913511703,Camera
/home/lmy/iot-device-classification/dataset/camera/round2_normal/camera_r2.pcapng,R2,237,2371.3019688129425,0.967194179120826,0.013398552110307785,0.005919801663755544,0.01230112065059646,0.0011863464545140224,Camera
/home/lmy/iot-device-classification/dataset/camera/round2_normal/camera_r2.pcapng,R2,238,2384.637336730957,0.9829099749183008,0.009866102266150402,0.0041561691631293975,0.00239196092757011,0.0006757927248494468,Camera
/home/lmy/iot-device-classification/dataset/camera/round2_normal/camera_r2.pcapng,R2,239,2390.2774493694305,0.484980979498611,0.10787635493907739,0.13484440443634613,0.2698578906246293,0.002440370501336155,Camera
/home/lmy/iot-device-classification/dataset/camera/round2_normal/camera_r2.pcapng,R2,240,2402.190484523773,0.7484021944155047,0.11737669845897036,0.09105176113681548,0.039700174748453915,0.003469171240255728,Camera
/home/lmy/iot-device-classification/dataset/camera/round2_normal/camera_r2.pcapng,R2,241,2413.78723359108,0.7898121488601264,0.06663711412659469,0.052781586219710054,0.08804466063269457,0.0027244901608745186,Camera
/home/lmy/iot-device-classification/dataset/camera/round2_normal/camera_r2.pcapng,R2,242,2420.2702271938324,0.9834399292526116,0.011607199638745071,0.0027319265852985817,0.0016477999384727205,0.0005731445848721525,Camera
/home/lmy/iot-device-classification/dataset/camera/round2_normal/camera_r2.pcapng,R2,243,2432.206829547882,0.6498373353334583,0.07142112027844283,0.015772053148533353,0.2593323436516442,0.0036371475879212784,Camera
/home/lmy/iot-device-classification/dataset/camera/round2_normal/camera_r2.pcapng,R2,244,2440.5369811058044,0.9685392830135102,0.016712998078850416,0.011217563477252154,0.002605128060867838,0.0009250273695197289,Camera
/home/lmy/iot-device-classification/dataset/camera/round2_normal/camera_r2.pcapng,R2,245,2450.9151241779327,0.9668000003825941,0.022387350388504246,0.002652785680546774,0.007134165496734743,0.0010256980516202185,Camera
/home/lmy/iot-device-classification/dataset/camera/round2_normal/camera_r2.pcapng,R2,246,2462.2233695983887,0.32446316962863747,0.1619550908468561,0.02056665187036194,0.4881349441430282,0.0048801435111162405,Camera
/home/lmy/iot-device-classification/dataset/camera/round2_normal/camera_r2.pcapng,R2,247,2470.745864391327,0.5097406546512041,0.2298045060327131,0.14413945508504356,0.11058505960139521,0.005730324629644005,Camera
/home/lmy/iot-device-classification/dataset/camera/round2_normal/camera_r2.pcapng,R2,248,2480.3635375499725,0.9934102253080537,0.003740387341898755,0.001535498906633306,0.0009270634275996225,0.00038682501581460433,Camera
/home/lmy/iot-device-classification/dataset/camera/round2_normal/camera_r2.pcapng,R2,249,2491.955008745193,0.6985990174877965,0.1984277894227282,0.01645548119084209,0.08218207070055372,0.004335641198079467,Camera
/home/lmy/iot-device-classification/dataset/camera/round2_normal/camera_r2.pcapng,R2,250,2500.903836965561,0.9806797114684955,0.011657505765222361,0.0054985212056319335,0.0014692349214579057,0.000695026639192188,Camera
/home/lmy/iot-device-classification/dataset/camera/round2_normal/camera_r2.pcapng,R2,251,2511.3530900478363,0.9915794425839127,0.005039606612754537,0.0014280816535291016,0.001508739377253251,0.00044412977255042514,Camera
/home/lmy/iot-device-classification/dataset/camera/round2_normal/camera_r2.pcapng,R2,252,2522.2612977027893,0.9952145708814373,0.0022038338633244025,0.0011373752244321386,0.0011176371674142243,0.00032658286339191234,Camera
/home/lmy/iot-device-classification/dataset/camera/round2_normal/camera_r2.pcapng,R2,253,2531.064427614212,0.9983076474985273,0.00048453536210039976,0.0009612544799040857,0.0001182593672466001,0.0001283032922215216,Camera
/home/lmy/iot-device-classification/dataset/camera/round2_normal/camera_r2.pcapng,R2,254,2540.8042035102844,0.9996875287231669,5.896666954042807e-05,0.00016082698838423674,4.916663878364098e-05,4.351098012475118e-05,Camera
/home/lmy/iot-device-classification/dataset/camera/round2_normal/camera_r2.pcapng,R2,255,2552.2703080177307,0.9929658209509546,0.0031393285837596585,0.002977412105851783,0.0005716557542276481,0.0003457826052065095,Camera
/home/lmy/iot-device-classification/dataset/camera/round2_normal/camera_r2.pcapng,R2,256,2561.224319934845,0.9720587024157804,0.016102926345654932,0.010108089862858079,0.0009465674204504221,0.0007837139552559458,Camera
/home/lmy/iot-device-classification/dataset/camera/round2_normal/camera_r2.pcapng,R2,257,2571.753851175308,0.9956103209185005,0.0022958687869408276,0.0014281932565725687,0.0004017217628437442,0.0002638952751424973,Camera
/home/lmy/iot-device-classification/dataset/camera/round2_normal/camera_r2.pcapng,R2,258,2581.316206216812,0.9963461337286175,0.001625121691866112,0.0011611710706641155,0.0006027229450106395,0.00026485056384162656,Camera
/home/lmy/iot-device-classification/dataset/camera/round2_normal/camera_r2.pcapng,R2,259,2591.465351343155,0.9708232724010893,0.01997989442076729,0.006857547337063433,0.0014730384933783287,0.000866247347701843,Camera
/home/lmy/iot-device-classification/dataset/camera/round2_normal/camera_r2.pcapng,R2,260,2601.226948738098,0.9987337383893841,0.0004010429441686184,0.0006629403316399399,9.643592902132968e-05,0.00010584240578586205,Camera
/home/lmy/iot-device-classification/dataset/camera/round2_normal/camera_r2.pcapng,R2,261,2612.3000593185425,0.9984371108924706,0.0004645494913092137,0.0008667457182061732,0.00010889310996599166,0.0001227007880482923,Camera
/home/lmy/iot-device-classification/dataset/camera/round2_normal/camera_r2.pcapng,R2,262,2624.877833366394,0.9933688686174819,0.002924013412465806,0.0029158533572073105,0.0004421974600326273,0.0003490671528124524,Camera
/home/lmy/iot-device-classification/dataset/camera/round2_normal/camera_r2.pcapng,R2,263,2632.154580116272,0.9928073085581504,0.004126717280262279,0.0012971071063554024,0.0013612489479286666,0.00040761810730341946,Camera
/home/lmy/iot-device-classification/dataset/camera/round2_normal/camera_r2.pcapng,R2,264,2642.319096326828,0.9986663058344267,0.0004437511615953352,0.0005256957540061191,0.00023286127897594652,0.0001313859709958962,Camera
/home/lmy/iot-device-classification/dataset/camera/round2_normal/camera_r2.pcapng,R2,265,2651.86630487442,0.9757504359670304,0.015307181487573068,0.006586067885424413,0.0015525622564465619,0.0008037524035257692,Camera
/home/lmy/iot-device-classification/dataset/camera/round2_normal/camera_r2.pcapng,R2,266,2661.654774427414,0.9994285223768877,0.00012713600533909836,0.00034905385795951744,3.887298063661097e-05,5.641477917695871e-05,Camera
/home/lmy/iot-device-classification/dataset/camera/round2_normal/camera_r2.pcapng,R2,267,2672.337949037552,0.9974838624455632,0.0010142202467687338,0.0008625071454240786,0.000434349198101696,0.00020506096414234755,Camera
/home/lmy/iot-device-classification/dataset/camera/round2_normal/camera_r2.pcapng,R2,268,2680.9150743484497,0.9874949031066038,0.006885598503642041,0.004602672738559676,0.0005329972513794609,0.0004838283998148764,Camera
/home/lmy/iot-device-classification/dataset/camera/round2_normal/camera_r2.pcapng,R2,269,2690.974287509918,0.9962269369682846,0.001452053792137551,0.0004948606101312687,0.0015604760427982505,0.00026567258664826827,Camera
/home/lmy/iot-device-classification/dataset/camera/round2_normal/camera_r2.pcapng,R2,270,2702.3494124412537,0.9834437822156794,0.009792302907446369,0.004339810916008454,0.0017587460646059903,0.0006653578962599342,Camera
/home/lmy/iot-device-classification/dataset/camera/round2_normal/camera_r2.pcapng,R2,271,2712.1863276958466,0.9959657786469872,0.0017435340361945937,0.0017728497963131343,0.00027376981266332296,0.00024406770784180746,Camera
/home/lmy/iot-device-classification/dataset/camera/round2_normal/camera_r2.pcapng,R2,272,2722.074912071228,0.9943586876673022,0.0031593182806207913,0.0013814532709695133,0.000770510322001709,0.00033003045910575405,Camera
/home/lmy/iot-device-classification/dataset/camera/round2_normal/camera_r2.pcapng,R2,273,2732.364284992218,0.9522407003100981,0.03222320173592945,0.009454634132138841,0.004791532553739783,0.0012899312680938076,Camera
/home/lmy/iot-device-classification/dataset/camera/round2_normal/camera_r2.pcapng,R2,274,2742.426201105118,0.5106906422918122,0.15340386082927285,0.10107814284503243,0.229675632703322,0.005151721330560486,Camera
/home/lmy/iot-device-classification/dataset/camera/round2_normal/camera_r2.pcapng,R2,275,2751.7942452430725,0.9871541872479924,0.008637580994763406,0.001989591639701254,0.0016916881497797192,0.0005269519677629612,Camera
/home/lmy/iot-device-classification/dataset/camera/round2_normal/camera_r2.pcapng,R2,276,2762.391175270081,0.9917519854836978,0.004569885449002418,0.0020812673826888185,0.001148996873373691,0.0004478648112371387,Camera
/home/lmy/iot-device-classification/dataset/camera/round2_normal/camera_r2.pcapng,R2,277,2772.586864709854,0.7318129224597066,0.11512027113153306,0.09064674705232044,0.05822126477655464,0.004198794579885115,Camera
/home/lmy/iot-device-classification/dataset/camera/round2_normal/camera_r2.pcapng,R2,278,2782.484987258911,0.96766717613537,0.01176414929271899,0.016831697370163972,0.0027484507808458614,0.0009885264209012123,Camera
/home/lmy/iot-device-classification/dataset/camera/round2_normal/camera_r2.pcapng,R2,279,2790.0341873168945,0.9973338390525815,0.0009248554279435292,0.001347360352088346,0.00020469036131128554,0.00018925480607542912,Camera
/home/lmy/iot-device-classification/dataset/camera/round2_normal/camera_r2.pcapng,R2,280,2800.0600373744965,0.9213661848986026,0.04484251968682743,0.021443266257158047,0.010433245335871451,0.0019147838215406662,Camera
/home/lmy/iot-device-classification/dataset/camera/round2_normal/camera_r2.pcapng,R2,281,2810.6854045391083,0.9962936163628322,0.0018996461599084403,0.0011337403964374424,0.0004259549700200877,0.00024704211080174413,Camera
/home/lmy/iot-device-classification/dataset/camera/round2_normal/camera_r2.pcapng,R2,282,2820.2148718833923,0.9955657286901387,0.0019608432553537463,0.0018809082235175687,0.0003245361007273053,0.0002679837302628515,Camera
/home/lmy/iot-device-classification/dataset/camera/round2_normal/camera_r2.pcapng,R2,283,2830.389991044998,0.9723649662246883,0.016226645775629323,0.009437623851920205,0.0011639351897778942,0.0008068289579844659,Camera
/home/lmy/iot-device-classification/dataset/camera/round2_normal/camera_r2.pcapng,R2,284,2840.1235485076904,0.9923784382828521,0.004008492448156571,0.0025543929361510013,0.0006562658475040547,0.0004024104853363428,Camera
/home/lmy/iot-device-classification/dataset/camera/round2_normal/camera_r2.pcapng,R2,285,2850.435590028763,0.9977637221614889,0.0007016229774565143,0.0011868549003245259,0.0001818859461145051,0.00016591401461558554,Camera
/home/lmy/iot-device-classification/dataset/camera/round2_normal/camera_r2.pcapng,R2,286,2865.120695114136,0.9581963874408568,0.0319161892487428,0.0058089626101108386,0.003039189207577221,0.0010392714927125101,Camera
/home/lmy/iot-device-classification/dataset/camera/round2_normal/camera_r2.pcapng,R2,287,2874.476404905319,0.9830800479191812,0.01168231170796734,0.0022925342315385506,0.0023049857727675187,0.0006401203685454339,Camera
/home/lmy/iot-device-classification/dataset/camera/round2_normal/camera_r2.pcapng,R2,288,2882.5396268367767,0.9865503688240468,0.008911575436135499,0.002583444403101291,0.001399441342922334,0.0005551699937940589,Camera
/home/lmy/iot-device-classification/dataset/camera/round2_normal/camera_r2.pcapng,R2,289,2895.1511104106903,0.9749121804078921,0.013742560332421017,0.008274157675926513,0.002168856702514616,0.0009022448812455782,Camera
/home/lmy/iot-device-classification/dataset/camera/round2_normal/camera_r2.pcapng,R2,290,2905.180500984192,0.9766025613054714,0.007016616288364991,0.001149624004762221,0.014468393540172816,0.0007628048612287043,Camera
/home/lmy/iot-device-classification/dataset/camera/round2_normal/camera_r2.pcapng,R2,291,2910.836339235306,0.9795745886905403,0.013228216387781487,0.005206571835789542,0.0012799995154182512,0.0007106235704706136,Camera
/home/lmy/iot-device-classification/dataset/camera/round2_normal/camera_r2.pcapng,R2,292,2925.181759595871,0.838924603595328,0.10141842241684353,0.029973428877585005,0.026685596920513886,0.0029979481897296836,Camera
/home/lmy/iot-device-classification/dataset/camera/round2_normal/camera_r2.pcapng,R2,293,2935.192971229553,0.9891836384465618,0.007161962054279726,0.0024386865495973917,0.0007883205929852482,0.0004273923565758316,Camera
/home/lmy/iot-device-classification/dataset/camera/round2_normal/camera_r2.pcapng,R2,294,2940.3558416366577,0.9672595409420803,0.013693732703099372,0.014653713008442842,0.003314987933207795,0.00107802541316963,Camera
/home/lmy/iot-device-classification/dataset/camera/round2_normal/camera_r2.pcapng,R2,295,2955.211832046509,0.630673083688437,0.040486850537576835,0.1401290680115077,0.18487832721907846,0.0038326705434001576,Camera
/home/lmy/iot-device-classification/dataset/camera/round2_normal/camera_r2.pcapng,R2,296,2963.7886035442352,0.4789824921509108,0.037232031242218265,0.00412995286405389,0.4771561985749109,0.0024993251679061674,Camera
/home/lmy/iot-device-classification/dataset/camera/round2_normal/camera_r2.pcapng,R2,297,2970.2596578598022,0.9997425096339768,2.97245975516362e-05,0.00018383127924586146,1.546584354296307e-05,2.8468645682475174e-05,Camera
/home/lmy/iot-device-classification/dataset/camera/round2_normal/camera_r2.pcapng,R2,298,2981.000792980194,0.998767304321867,0.0003763955379982548,0.0005946851864437663,0.0001498887548293832,0.00011172619886143063,Camera
/home/lmy/iot-device-classification/dataset/camera/round2_normal/camera_r2.pcapng,R2,299,2995.2521436214447,0.9979801318633065,0.0009036765597655031,0.0007794067191564221,0.00018603235035203423,0.00015075250741968936,Camera
/home/lmy/iot-device-classification/dataset/camera/round2_normal/camera_r2.pcapng,R2,300,3000.7576143741608,0.998716882267499,0.0004285515624147884,0.0006565676996712248,9.307400362603133e-05,0.00010492446678915014,Camera
/home/lmy/iot-device-classification/dataset/camera/round2_normal/camera_r2.pcapng,R2,301,3010.0839614868164,0.9961013118627818,0.001986580722646281,0.0013513726096042844,0.00032408084951266895,0.0002366539554548563,Camera
/home/lmy/iot-device-classification/dataset/camera/round2_normal/camera_r2.pcapng,R2,302,3020.015249967575,0.9983167810709181,0.00061871503351804,0.0007601605130659387,0.00016484604884765792,0.00013949733365020383,Camera
/home/lmy/iot-device-classification/dataset/camera/round2_normal/camera_r2.pcapng,R2,303,3030.3657536506653,0.9971511326589155,0.0009885127199574968,0.0014287088341702657,0.00024353660410655068,0.00018810918284994544,Camera
/home/lmy/iot-device-classification/dataset/camera/round2_normal/camera_r2.pcapng,R2,304,3040.080572843552,0.6178185066443032,0.012872829402230359,0.18558449656723414,0.18243727354920475,0.0012868938370275622,Camera
/home/lmy/iot-device-classification/dataset/camera/round2_normal/camera_r2.pcapng,R2,305,3050.1431787014008,0.4525989681934178,0.0690454564825321,0.0014903581488190406,0.47451899220699545,0.0023462249682357473,Camera
/home/lmy/iot-device-classification/dataset/camera/round2_normal/camera_r2.pcapng,R2,306,3060.037881135941,0.9996493870926106,6.83368623700162e-05,0.00020154291942439684,3.7770949083839926e-05,4.296217651089116e-05,Camera
/home/lmy/iot-device-classification/dataset/camera/round2_normal/camera_r2.pcapng,R2,307,3070.197279214859,0.8608051552869301,0.04363281500853763,0.05733854111037235,0.03644537078679266,0.001778117807367151,Camera
/home/lmy/iot-device-classification/dataset/camera/round2_normal/camera_r2.pcapng,R2,308,3080.4923326969147,0.10624018843775204,0.05520682810644044,0.0020417347414618658,0.8348241626033184,0.0016870861110273385,Camera
/home/lmy/iot-device-classification/dataset/camera/round2_normal/camera_r2.pcapng,R2,309,3090.337866783142,0.9736394573573972,0.014312189239332307,0.008330747660658305,0.0028944919970790963,0.0008231137455330515,Camera
/home/lmy/iot-device-classification/dataset/camera/round2_normal/camera_r2.pcapng,R2,310,3105.3635880947118,0.5607157932992209,0.10218249625359983,0.014535781408882474,0.3186938713506811,0.0038720576876157195,Camera
/home/lmy/iot-device-classification/dataset/camera/round2_normal/camera_r2.pcapng,R2,311,3110.339599609375,0.9819475606083234,0.007220521639127947,0.0009450594804427521,0.009231496571680627,0.0006553617004253526,Camera
/home/lmy/iot-device-classification/dataset/camera/round2_normal/camera_r2.pcapng,R2,312,3121.587995290756,0.7936516597056229,0.06082974030816251,0.014703046691639876,0.12785391314906377,0.0029616401455109364,Camera
/home/lmy/iot-device-classification/dataset/camera/round2_normal/camera_r2.pcapng,R2,313,3130.548703193665,0.9989273547019515,0.00031218727065422745,0.0005438426484719223,0.00011370603082699903,0.00010290934809528991,Camera
/home/lmy/iot-device-classification/dataset/camera/round2_normal/camera_r2.pcapng,R2,314,3140.651015996933,0.9903424707499883,0.0032958338672425995,0.0005665132675195423,0.00533967338047666,0.0004555087347727746,Camera
/home/lmy/iot-device-classification/dataset/camera/round2_normal/camera_r2.pcapng,R2,315,3150.0371539592743,0.9965224749851302,0.0015205992507666194,0.001441190207136763,0.00028170175538973924,0.00023403380157672134,Camera
/home/lmy/iot-device-classification/dataset/camera/round2_normal/camera_r2.pcapng,R2,316,3160.065385818481,0.9952100240868526,0.002446086025516712,0.0016758768117427695,0.0003799698073145012,0.0002880432685735326,Camera
/home/lmy/iot-device-classification/dataset/camera/round2_normal/camera_r2.pcapng,R2,317,3170.100455522537,0.9993076244699568,0.0001735285597921524,0.00038915923318361774,6.0548210976304674e-05,6.913952609111151e-05,Camera
/home/lmy/iot-device-classification/dataset/camera/round2_normal/camera_r2.pcapng,R2,318,3180.180648088455,0.9885649681550165,0.006903867140812971,0.003154623477398426,0.000889294218932722,0.0004872470078396268,Camera
/home/lmy/iot-device-classification/dataset/camera/round2_normal/camera_r2.pcapng,R2,319,3190.26198887825,0.9969530494399992,0.0011660556139317334,0.00145680596496131,0.00022028007860170958,0.00020380890250613958,Camera
/home/lmy/iot-device-classification/dataset/camera/round2_normal/camera_r2.pcapng,R2,320,3200.3445069789886,0.9962387835533167,0.0012952723772760944,0.0004404085874412665,0.0017656175506705985,0.0002599179312956169,Camera
/home/lmy/iot-device-classification/dataset/camera/round2_normal/camera_r2.pcapng,R2,321,3210.3866999149323,0.9994747944971473,9.246780405519301e-05,0.00034457066277397295,3.5085079019857586e-05,5.308195700362726e-05,Camera
/home/lmy/iot-device-classification/dataset/camera/round2_normal/camera_r2.pcapng,R2,322,3220.421141147613,0.9899118719924956,0.006509617716937835,0.002228184868918135,0.0009091231760657878,0.0004412022455826003,Camera
/home/lmy/iot-device-classification/dataset/camera/round2_normal/camera_r2.pcapng,R2,323,3230.5054128170013,0.9825690940782698,0.012063885281565778,0.0017290720632636282,0.00299130027391919,0.0006466483029815755,Camera
/home/lmy/iot-device-classification/dataset/camera/round2_normal/camera_r2.pcapng,R2,324,3241.2304408550262,0.9930290758389773,0.0036269264881590374,0.0024682446362121442,0.0005379762768613569,0.0003377767597903139,Camera
/home/lmy/iot-device-classification/dataset/camera/round2_normal/camera_r2.pcapng,R2,325,3250.621038913727,0.9991068143089697,0.00021187958899699226,0.0005342421014968758,6.538472211681999e-05,8.16792784194627e-05,Camera
/home/lmy/iot-device-classification/dataset/camera/round2_normal/camera_r2.pcapng,R2,326,3260.660785198212,0.9989423520574464,0.0003869313672549724,0.0003915715670817827,0.00017232060068587903,0.00010682440753090127,Camera
/home/lmy/iot-device-classification/dataset/camera/round2_normal/camera_r2.pcapng,R2,327,3270.7317979335785,0.9979743974490721,0.0003545749732888997,0.0013985934570159401,0.0001414321173907512,0.00013100200323221868,Camera
/home/lmy/iot-device-classification/dataset/camera/round2_normal/camera_r2.pcapng,R2,328,3280.772343635559,0.9887474552716359,0.0058447738429971054,0.0029824975650853086,0.001874709771745187,0.0005505635485365595,Camera
/home/lmy/iot-device-classification/dataset/camera/round2_normal/camera_r2.pcapng,R2,329,3290.8538897037506,0.9900766225306021,0.0029551295662845925,0.0005702957087418463,0.0059486111208822065,0.0004493410734891815,Camera
/home/lmy/iot-device-classification/dataset/camera/round2_normal/camera_r2.pcapng,R2,330,3300.9314148426056,0.9955252602762623,0.0019058246929268474,0.0017797668255254495,0.0004949869864016095,0.000294161218883701,Camera
/home/lmy/iot-device-classification/dataset/camera/round2_normal/camera_r2.pcapng,R2,331,3311.0110173225403,0.9977974072705724,0.0008191311538599039,0.0010644046276922022,0.00016045152639737907,0.0001586054214781611,Camera
/home/lmy/iot-device-classification/dataset/camera/round2_normal/camera_r2.pcapng,R2,332,3321.021496295929,0.9932734005807273,0.0035271572147727924,0.0010573044602217127,0.0017514734924204511,0.00039066425185796085,Camera
/home/lmy/iot-device-classification/dataset/camera/round2_normal/camera_r2.pcapng,R2,333,3331.1088683605194,0.99931755904456,0.00014747237306592738,0.00042062798144299764,4.844578772410576e-05,6.589481320685667e-05,Camera
/home/lmy/iot-device-classification/dataset/camera/round2_normal/camera_r2.pcapng,R2,334,3341.1620395183563,0.7898968207074218,0.08896726853875399,0.07054379063168273,0.048307246243153704,0.0022848738789876797,Camera
/home/lmy/iot-device-classification/dataset/camera/round2_normal/camera_r2.pcapng,R2,335,3351.330676794052,0.9976625297519105,0.001093291434096905,0.0009181332103803086,0.0001680371318115977,0.00015800847180050346,Camera
/home/lmy/iot-device-classification/dataset/camera/round2_normal/camera_r2.pcapng,R2,336,3361.262679576874,0.999666475659739,4.512785664325566e-05,0.00023230254418452376,2.0698815395835366e-05,3.539512403752404e-05,Camera
/home/lmy/iot-device-classification/dataset/camera/round2_normal/camera_r2.pcapng,R2,337,3371.342203140259,0.9930965109881675,0.003353364375307837,0.0026438262679042623,0.000542374317109125,0.0003639240515115707,Camera
/home/lmy/iot-device-classification/dataset/camera/round2_normal/camera_r2.pcapng,R2,338,3381.41390824318,0.9934834310955366,0.0037227866117407163,0.0016239162963199263,0.0008117395821725529,0.00035812641423001553,Camera
/home/lmy/iot-device-classification/dataset/camera/round2_normal/camera_r2.pcapng,R2,339,3392.3465251922607,0.9998088743591103,1.8271556272840215e-05,0.00014144915127796697,9.95531328198107e-06,2.144962005686174e-05,Camera
/home/lmy/iot-device-classification/dataset/camera/round2_normal/camera_r2.pcapng,R2,340,3401.532694339752,0.9991784178819185,0.00018040196732414457,0.0005111295622655306,5.5146765888223403e-05,7.490382260354229e-05,Camera
/home/lmy/iot-device-classification/dataset/camera/round2_normal/camera_r2.pcapng,R2,341,3411.6661236286163,0.9904583474772352,0.005846928916827202,0.0011654458275081254,0.0020717124264862715,0.0004575653519432884,Camera
/home/lmy/iot-device-classification/dataset/camera/round2_normal/camera_r2.pcapng,R2,342,3421.684412717819,0.9936752475990287,0.0031903333726464003,0.0021554775708003166,0.000625254942436101,0.0003536865150884379,Camera
/home/lmy/iot-device-classification/dataset/camera/round2_normal/camera_r2.pcapng,R2,343,3431.75385761261,0.9959487129777843,0.0018186173123213806,0.0016724696986273008,0.0003142708742568765,0.00024592913701028564,Camera
/home/lmy/iot-device-classification/dataset/camera/round2_normal/camera_r2.pcapng,R2,344,3441.788556098938,0.9917741495472873,0.004685342116104493,0.0012528698933990036,0.001843420183781862,0.00044421825942754907,Camera
/home/lmy/iot-device-classification/dataset/camera/round2_normal/camera_r2.pcapng,R2,345,3451.8637878894806,0.9954249239112861,0.002417567287881844,0.0014491091067778301,0.00043281431877636284,0.0002755853752778322,Camera
/home/lmy/iot-device-classification/dataset/camera/round2_normal/camera_r2.pcapng,R2,346,3460.9223339557648,0.9611792296939519,0.02018990012927074,0.009872423384631011,0.007480288995859095,0.0012781577962872887,Camera
/home/lmy/iot-device-classification/dataset/camera/round2_normal/camera_r2.pcapng,R2,347,3472.0139288902283,0.9968504875315659,0.001441009609315593,0.0011792771634160282,0.0003199003409458251,0.00020932535475665754,Camera
/home/lmy/iot-device-classification/dataset/camera/round2_normal/camera_r2.pcapng,R2,348,3482.064101219177,0.9994779430728155,0.00011967520742466488,0.0002965350745273403,4.8844198781101173e-05,5.700244645135754e-05,Camera
/home/lmy/iot-device-classification/dataset/camera/round2_normal/camera_r2.pcapng,R2,349,3492.1539199352264,0.9995867117366757,6.892980080416577e-05,0.0002738766175356337,2.7021236296525425e-05,4.3460608687762195e-05,Camera
/home/lmy/iot-device-classification/dataset/camera/round2_normal/camera_r2.pcapng,R2,350,3502.213504552841,0.996084037705917,0.002028739405411121,0.0010842884512170209,0.0005403275327081263,0.00026260690474659863,Camera
/home/lmy/iot-device-classification/dataset/camera/round2_normal/camera_r2.pcapng,R2,351,3512.034941673279,0.9443922059690163,0.04094363210550089,0.006316343258950796,0.006708022851978655,0.0016397958145532641,Camera
/home/lmy/iot-device-classification/dataset/camera/round2_normal/camera_r2.pcapng,R2,352,3522.4215927124023,0.996707795378945,0.001434329510380121,0.001397381238747319,0.0002541776193289904,0.00020631625259836443,Camera
/home/lmy/iot-device-classification/dataset/camera/round2_normal/camera_r2.pcapng,R2,353,3532.374751806259,0.9899159318536418,0.006015187673363148,0.0014297080358677407,0.0021370131503187905,0.0005021592868085843,Camera
/home/lmy/iot-device-classification/dataset/camera/round2_normal/camera_r2.pcapng,R2,354,3542.454386472702,0.9958487168682953,0.0019035601257564603,0.0014484922306588833,0.0005240396917435958,0.0002751910835458312,Camera
/home/lmy/iot-device-classification/dataset/camera/round2_normal/camera_r2.pcapng,R2,355,3552.545018672943,0.48015265361054316,0.2630751925770151,0.17785684931594067,0.07350166769114506,0.0054136368053561605,Camera
/home/lmy/iot-device-classification/dataset/camera/round2_normal/camera_r2.pcapng,R2,356,3563.2424240112305,0.06522499819873737,0.04604365214417985,0.0010226928197579984,0.8864585589384822,0.0012500978988424722,Camera
/home/lmy/iot-device-classification/dataset/camera/round2_normal/camera_r2.pcapng,R2,357,3572.628823041916,0.9826029820470411,0.0034918068119661164,0.011449111604981951,0.0018338417780382893,0.0006222577579727545,Camera
/home/lmy/iot-device-classification/dataset/camera/round2_normal/camera_r2.pcapng,R2,358,3582.6948940753937,0.8061648129108044,0.0488768311381397,0.040573373957771795,0.10121043929702915,0.003174542696254873,Camera
/home/lmy/iot-device-classification/dataset/camera/round2_normal/camera_r2.pcapng,R2,359,3590.925525188446,0.9124243758085844,0.02312211978568607,0.010176079474930669,0.052299555177973515,0.001977869752825402,Camera
/home/lmy/iot-device-classification/dataset/camera/round2_normal/camera_r2.pcapng,R2,360,3602.820072889328,0.9619068097969865,0.017026329103730812,0.01238110308498194,0.00736909207193161,0.0013166659423690078,Camera
/home/lmy/iot-device-classification/dataset/camera/round2_normal/camera_r2.pcapng,R2,361,3612.919867992401,0.9374285146423644,0.014621970861185002,0.036920975441373204,0.00950548047464837,0.0015230585804288032,Camera
/home/lmy/iot-device-classification/dataset/light_T1/round2_normal/light_T1_r2.pcapng,R2,0,0.0,0.004788807603007466,0.6467781986636031,0.22409280869549364,0.12403073488553323,0.0003094501523624305,Light_T1
/home/lmy/iot-device-classification/dataset/light_T1/round2_normal/light_T1_r2.pcapng,R2,1,10.081433296203612,0.003761476386896473,0.37178863506827725,0.22547700126988007,0.3974465442513063,0.0015263430236398337,Light_T1
/home/lmy/iot-device-classification/dataset/light_T1/round2_normal/light_T1_r2.pcapng,R2,2,20.122397422790527,0.017056144971488586,0.6960186432575839,0.02942609037000323,0.2561318451808574,0.0013672762200667569,Light_T1
/home/lmy/iot-device-classification/dataset/light_T1/round2_normal/light_T1_r2.pcapng,R2,3,30.073687314987183,0.012038812345931925,0.37244331108842854,0.39536556899778663,0.2196210626296072,0.0005312449382457893,Light_T1
/home/lmy/iot-device-classification/dataset/light_T1/round2_normal/light_T1_r2.pcapng,R2,4,40.24433612823486,0.004697920455820211,0.6637772311526311,0.12827633363052113,0.20194136688009906,0.0013071478809284977,Light_T1
/home/lmy/iot-device-classification/dataset/light_T1/round2_normal/light_T1_r2.pcapng,R2,5,50.27580189704895,0.00765239047439446,0.9080949113427392,0.023865349905855808,0.059635158498554934,0.0007521897784556023,Light_T1
/home/lmy/iot-device-classification/dataset/light_T1/round2_normal/light_T1_r2.pcapng,R2,6,60.3568274974823,0.011922347039848678,0.7248586594459699,0.06007620257294733,0.20223289182222734,0.0009098991190066511,Light_T1
/home/lmy/iot-device-classification/dataset/light_T1/round2_normal/light_T1_r2.pcapng,R2,7,70.49751687049866,0.014642650595964056,0.2743958904290594,0.2986056298134056,0.4115398591388209,0.0008159700227499901,Light_T1
/home/lmy/iot-device-classification/dataset/light_T1/round2_normal/light_T1_r2.pcapng,R2,8,80.4786765575409,0.007342269923432086,0.3638495067178959,0.014008272919428397,0.614244504814608,0.0005554456246355542,Light_T1
/home/lmy/iot-device-classification/dataset/light_T1/round2_normal/light_T1_r2.pcapng,R2,9,90.56966304779051,0.0016299474610535743,0.1951322315020248,0.7739684131539859,0.028542794256152283,0.0007266136267833912,Light_T1
/home/lmy/iot-device-classification/dataset/light_T1/round2_normal/light_T1_r2.pcapng,R2,10,100.64229893684389,0.01023798175352722,0.23628938980734113,0.5391886448994849,0.21357885191287548,0.0007051316267711702,Light_T1
/home/lmy/iot-device-classification/dataset/light_T1/round2_normal/light_T1_r2.pcapng,R2,11,110.69036531448364,0.004506007767061692,0.16802607327498667,0.03835295483771503,0.7887394283858331,0.0003755357344034621,Light_T1
/home/lmy/iot-device-classification/dataset/light_T1/round2_normal/light_T1_r2.pcapng,R2,12,120.76410412788393,0.02361140986916155,0.7142646461586026,0.0228006601615126,0.2377540374916456,0.0015692463190775609,Light_T1
/home/lmy/iot-device-classification/dataset/light_T1/round2_normal/light_T1_r2.pcapng,R2,13,130.82824182510376,0.013889402631512083,0.3681987723400783,0.43639458026276595,0.18046923568004586,0.0010480090855977515,Light_T1
/home/lmy/iot-device-classification/dataset/light_T1/round2_normal/light_T1_r2.pcapng,R2,14,140.89281582832336,0.0090639505609853,0.7439020643159249,0.0021189066081286913,0.24405886393448878,0.0008562145804725336,Light_T1
/home/lmy/iot-device-classification/dataset/light_T1/round2_normal/light_T1_r2.pcapng,R2,15,150.7223150730133,0.013954361598102217,0.13667916120606413,0.008349652269814335,0.8402611913449084,0.0007556335811109568,Light_T1
/home/lmy/iot-device-classification/dataset/light_T1/round2_normal/light_T1_r2.pcapng,R2,16,161.05147743225098,0.018291112506142525,0.492136706246397,0.244004064145323,0.24397202250449562,0.0015960945976417487,Light_T1
/home/lmy/iot-device-classification/dataset/light_T1/round2_normal/light_T1_r2.pcapng,R2,17,170.18091773986816,0.01295204538457304,0.3388221355353267,0.44486084397840053,0.2028420765274708,0.0005228985742289111,Light_T1
/home/lmy/iot-device-classification/dataset/light_T1/round2_normal/light_T1_r2.pcapng,R2,18,181.22476410865784,0.003244065261005142,0.7741293905775588,0.12663816516294016,0.095606592637499,0.0003817863609967735,Light_T1
/home/lmy/iot-device-classification/dataset/light_T1/round2_normal/light_T1_r2.pcapng,R2,19,191.2066602706909,0.0054649765510650546,0.5304813500399796,0.19653965957710948,0.26600334446076773,0.0015106693710780787,Light_T1
/home/lmy/iot-device-classification/dataset/light_T1/round2_normal/light_T1_r2.pcapng,R2,20,201.2770550251007,0.011799187205613933,0.8595716034637366,0.008165954410486672,0.11955942537528284,0.0009038295448799158,Light_T1
/home/lmy/iot-device-classification/dataset/light_T1/round2_normal/light_T1_r2.pcapng,R2,21,211.3571298122406,0.004106416462495949,0.06875053539354382,0.00022748568338196108,0.9265130493529485,0.0004025131076298194,Light_T1
/home/lmy/iot-device-classification/dataset/light_T1/round2_normal/light_T1_r2.pcapng,R2,22,221.42986726760864,0.029475055555125508,0.672854802290706,0.012093973320994704,0.2835896185306064,0.001986550302567214,Light_T1
/home/lmy/iot-device-classification/dataset/light_T1/round2_normal/light_T1_r2.pcapng,R2,23,231.52436780929563,0.0030479188777386562,0.8220785513966512,0.09679076700382498,0.0777015773388817,0.0003811853829035536,Light_T1
/home/lmy/iot-device-classification/dataset/light_T1/round2_normal/light_T1_r2.pcapng,R2,24,241.56386137008667,0.011021200933341064,0.693226361452161,0.04683174663950549,0.24804069469696297,0.000879996278029413,Light_T1
/home/lmy/iot-device-classification/dataset/light_T1/round2_normal/light_T1_r2.pcapng,R2,25,250.5556285381317,0.0072865345296364145,0.40396727926699677,0.01695467765667998,0.5710785314336068,0.0007129771130801464,Light_T1
/home/lmy/iot-device-classification/dataset/light_T1/round2_normal/light_T1_r2.pcapng,R2,26,261.3937485218048,0.014159788401430392,0.6876897536260446,0.002643688723053401,0.29444007249626447,0.0010666967532072516,Light_T1
/home/lmy/iot-device-classification/dataset/light_T1/round2_normal/light_T1_r2.pcapng,R2,27,271.773809671402,0.05696374047488407,0.6186182563691162,0.06166237883665221,0.25977807545750103,0.002977548861846434,Light_T1
/home/lmy/iot-device-classification/dataset/light_T1/round2_normal/light_T1_r2.pcapng,R2,28,282.5278351306915,0.020229561100250208,0.285259626476336,0.004092925828128976,0.6888235939125859,0.0015942926826990583,Light_T1
/home/lmy/iot-device-classification/dataset/light_T1/round2_normal/light_T1_r2.pcapng,R2,29,292.0007178783417,0.01918618171003043,0.7492694214523565,0.009548856300132955,0.2203553841456327,0.0016401563918473556,Light_T1
/home/lmy/iot-device-classification/dataset/light_T1/round2_normal/light_T1_r2.pcapng,R2,30,301.95359659194946,0.029914087676799362,0.7775120668432195,0.009704128983211036,0.18124851387471186,0.0016212026220583443,Light_T1
/home/lmy/iot-device-classification/dataset/light_T1/round2_normal/light_T1_r2.pcapng,R2,31,310.8771641254425,0.009765280835127855,0.26719823070723936,0.5380728679503165,0.18434350358084825,0.0006201169264680956,Light_T1
/home/lmy/iot-device-classification/dataset/light_T1/round2_normal/light_T1_r2.pcapng,R2,32,322.032990694046,0.003212998188026161,0.7448975717967578,0.18285354296459913,0.06881403989394523,0.00022184715667187679,Light_T1
/home/lmy/iot-device-classification/dataset/light_T1/round2_normal/light_T1_r2.pcapng,R2,33,332.38393092155457,0.002740883797241224,0.038677157401562585,0.00010322256180635659,0.9582154362485701,0.0002632999908197268,Light_T1
/home/lmy/iot-device-classification/dataset/light_T1/round2_normal/light_T1_r2.pcapng,R2,34,341.42994451522827,0.00586109779789916,0.5236873997643683,0.14224725316731482,0.3265542347930936,0.001650014477324139,Light_T1
/home/lmy/iot-device-classification/dataset/light_T1/round2_normal/light_T1_r2.pcapng,R2,35,350.3954920768738,0.008848076626524655,0.20639984906149147,0.00671136410550881,0.7773645218957568,0.0006761883107182487,Light_T1
/home/lmy/iot-device-classification/dataset/light_T1/round2_normal/light_T1_r2.pcapng,R2,36,362.3245565891266,0.010652764378048029,0.49147977125587955,0.040966100857029605,0.4559466425572779,0.000954720951764744,Light_T1
/home/lmy/iot-device-classification/dataset/light_T1/round2_normal/light_T1_r2.pcapng,R2,37,371.1979289054871,0.014451359086242163,0.1262125006653312,0.5234396013120083,0.33521571283235213,0.0006808261040661767,Light_T1
/home/lmy/iot-device-classification/dataset/light_T1/round2_normal/light_T1_r2.pcapng,R2,38,382.47854924201965,0.0044507962744914165,0.6600598882951497,0.2137980077485769,0.12139696601316174,0.00029434166862035363,Light_T1
/home/lmy/iot-device-classification/dataset/light_T1/round2_normal/light_T1_r2.pcapng,R2,39,392.65023374557495,0.003292825742927108,0.028054016151691164,0.00012104427184591235,0.9682520571217234,0.00028005671181235905,Light_T1
/home/lmy/iot-device-classification/dataset/light_T1/round2_normal/light_T1_r2.pcapng,R2,40,401.4312198162079,0.010537717100191319,0.17805089690991327,0.5944118265873823,0.2164525504923916,0.0005470089101214229,Light_T1
/home/lmy/iot-device-classification/dataset/light_T1/round2_normal/light_T1_r2.pcapng,R2,41,410.7183997631073,0.006939540112831264,0.3751440346573746,0.44551640231319595,0.1719679507265019,0.0004320721900962858,Light_T1
/home/lmy/iot-device-classification/dataset/light_T1/round2_normal/light_T1_r2.pcapng,R2,42,422.6604495048523,0.010823892686536982,0.3035534477724593,0.2931856807040608,0.3919047428254645,0.0005322360114784165,Light_T1
/home/lmy/iot-device-classification/dataset/light_T1/round2_normal/light_T1_r2.pcapng,R2,43,431.5204424858093,0.01580991979784771,0.18722775681050224,0.37048062515472,0.42586253958114034,0.0006191586557897759,Light_T1
/home/lmy/iot-device-classification/dataset/light_T1/round2_normal/light_T1_r2.pcapng,R2,44,441.39876985549927,0.0049677574541599325,0.6381047852659162,0.26638465718220167,0.09024988548467468,0.0002929146130474276,Light_T1
/home/lmy/iot-device-classification/dataset/light_T1/round2_normal/light_T1_r2.pcapng,R2,45,452.7126591205597,0.009189351277300776,0.4498307120139773,0.3962735853317265,0.14414529503256485,0.0005610563444306123,Light_T1
/home/lmy/iot-device-classification/dataset/light_T1/round2_normal/light_T1_r2.pcapng,R2,46,462.7228662967682,0.0007328966416958383,0.7887643328015126,0.16771705089043032,0.04233903947731461,0.0004466801890467533,Light_T1
/home/lmy/iot-device-classification/dataset/light_T1/round2_normal/light_T1_r2.pcapng,R2,47,471.05090618133545,0.005943904671862827,0.5731496421918592,0.27692565944337444,0.1436258737076688,0.00035491998523477005,Light_T1
/home/lmy/iot-device-classification/dataset/light_T1/round2_normal/light_T1_r2.pcapng,R2,48,481.44139194488525,0.009817325854735135,0.45555664570416493,0.370655956409277,0.16345729899005296,0.0005127730417699485,Light_T1
/home/lmy/iot-device-classification/dataset/light_T1/round2_normal/light_T1_r2.pcapng,R2,49,491.4371244907379,0.009559310023868174,0.22993515211724191,0.32539320989852033,0.4345878457500184,0.0005244822103509878,Light_T1
/home/lmy/iot-device-classification/dataset/light_T1/round2_normal/light_T1_r2.pcapng,R2,50,502.7656600475311,0.005296440241426876,0.6058360772141375,0.2957778095413606,0.09277900664636568,0.00031066635670933343,Light_T1
/home/lmy/iot-device-classification/dataset/light_T1/round2_normal/light_T1_r2.pcapng,R2,51,510.6332814693451,0.005327273365049051,0.6483829555337045,0.25242503322200005,0.09356827618480854,0.0002964616944378,Light_T1
/home/lmy/iot-device-classification/dataset/light_T1/round2_normal/light_T1_r2.pcapng,R2,52,520.9685122966766,0.008082957398868282,0.1613442256183801,0.17743804014699485,0.6526820459061923,0.00045273092956439576,Light_T1
/home/lmy/iot-device-classification/dataset/light_T1/round2_normal/light_T1_r2.pcapng,R2,53,531.3740339279175,0.007717482731750167,0.5824406137577437,0.3241015246120713,0.08540397243669413,0.00033640646174059967,Light_T1
/home/lmy/iot-device-classification/dataset/light_T1/round2_normal/light_T1_r2.pcapng,R2,54,542.8090763092041,0.005696777704057639,0.7267658910389403,0.15450502559564455,0.11263841495892526,0.00039389070243204795,Light_T1
/home/lmy/iot-device-classification/dataset/light_T1/round2_normal/light_T1_r2.pcapng,R2,55,552.1678185462952,0.0013658278378802242,0.7654345895599043,0.1401568665667674,0.09244692184201805,0.0005957941934299859,Light_T1
/home/lmy/iot-device-classification/dataset/light_T1/round2_normal/light_T1_r2.pcapng,R2,56,560.4868125915527,0.006515715149093817,0.2915093820044147,0.0006788654460283004,0.7005952663116131,0.0007007710888502016,Light_T1
/home/lmy/iot-device-classification/dataset/light_T1/round2_normal/light_T1_r2.pcapng,R2,57,570.8866467475891,0.010189549740479219,0.38058095220713,0.3677837806805516,0.24094347503205335,0.0005022423397857128,Light_T1
/home/lmy/iot-device-classification/dataset/light_T1/round2_normal/light_T1_r2.pcapng,R2,58,581.4430186748505,0.0009461566030486413,0.789869931196472,0.11350027595499158,0.09516440456949227,0.0005192316759954376,Light_T1
/home/lmy/iot-device-classification/dataset/light_T1/round2_normal/light_T1_r2.pcapng,R2,59,591.6882290840149,0.000819501401067061,0.8612043665654313,0.08129361246575303,0.056301840436722234,0.0003806791310264768,Light_T1
/home/lmy/iot-device-classification/dataset/light_T1/round2_normal/light_T1_r2.pcapng,R2,60,602.0889029502869,0.006749506325623887,0.8559362122687648,0.043066663147022705,0.09373012756320616,0.0005174906953824681,Light_T1
/home/lmy/iot-device-classification/dataset/light_T1/round2_normal/light_T1_r2.pcapng,R2,61,612.4897012710571,0.0017290076738753085,0.5521872421325993,0.23270002811368193,0.21235954319641223,0.0010241788834311958,Light_T1
/home/lmy/iot-device-classification/dataset/light_T1/round2_normal/light_T1_r2.pcapng,R2,62,621.4087979793549,0.02563950565789598,0.10728105561071392,0.005026898115086764,0.8610951766271093,0.0009573639891939227,Light_T1
/home/lmy/iot-device-classification/dataset/light_T1/round2_normal/light_T1_r2.pcapng,R2,63,632.9048271179199,0.0010348835816623827,0.8301281608696226,0.08068565313847018,0.08767722521293542,0.0004740771973093288,Light_T1
/home/lmy/iot-device-classification/dataset/light_T1/round2_normal/light_T1_r2.pcapng,R2,64,641.611709356308,0.00941519990703885,0.13784072266443045,0.7345988445479921,0.11768614611515177,0.00045908676538689567,Light_T1
/home/lmy/iot-device-classification/dataset/light_T1/round2_normal/light_T1_r2.pcapng,R2,65,652.9263761043549,0.007989456781901508,0.9073585100885009,0.03905994732037324,0.04500045748446605,0.0005916283247582627,Light_T1
/home/lmy/iot-device-classification/dataset/light_T1/round2_normal/light_T1_r2.pcapng,R2,66,662.4265151023865,0.007568983793072361,0.5348144077278644,0.3371061153306374,0.12012194468969171,0.00038854845873411537,Light_T1
/home/lmy/iot-device-classification/dataset/light_T1/round2_normal/light_T1_r2.pcapng,R2,67,670.4774038791656,0.005448318224535907,0.6002875247071109,0.13444834199962627,0.25923825025310215,0.0005775648156248682,Light_T1
/home/lmy/iot-device-classification/dataset/light_T1/round2_normal/light_T1_r2.pcapng,R2,68,681.1357381343842,0.00534164991914775,0.6460392033511683,0.23609562319186228,0.11221715658376855,0.00030636695405326724,Light_T1
/home/lmy/iot-device-classification/dataset/light_T1/round2_normal/light_T1_r2.pcapng,R2,69,691.5352778434753,0.00911030222579785,0.5354491427449019,0.212314949955528,0.2416754602859369,0.0014501447878352963,Light_T1
/home/lmy/iot-device-classification/dataset/light_T1/round2_normal/light_T1_r2.pcapng,R2,70,702.9807569980621,0.0021985448397843638,0.432830010120797,0.4458425741577126,0.11806652181761941,0.0010623490640865522,Light_T1
/home/lmy/iot-device-classification/dataset/light_T1/round2_normal/light_T1_r2.pcapng,R2,71,711.417891740799,0.008905384193568809,0.5351085352467374,0.14203876035085078,0.3129883237652558,0.0009589964435873613,Light_T1
/home/lmy/iot-device-classification/dataset/light_T1/round2_normal/light_T1_r2.pcapng,R2,72,721.2819330692291,0.012252740903339058,0.3275510703709981,0.43856299483909006,0.22109075327935168,0.0005424406072211694,Light_T1
/home/lmy/iot-device-classification/dataset/light_T1/round2_normal/light_T1_r2.pcapng,R2,73,733.0125613212585,0.0016409729668518374,0.7142650184699743,0.15069295945228608,0.13262620412938197,0.0007748449815057161,Light_T1
/home/lmy/iot-device-classification/dataset/light_T1/round2_normal/light_T1_r2.pcapng,R2,74,743.0233397483826,0.0026854058875195666,0.7445067278389762,0.1581052866238137,0.09407485546714099,0.0006277241825496269,Light_T1
/home/lmy/iot-device-classification/dataset/light_T1/round2_normal/light_T1_r2.pcapng,R2,75,753.0336911678314,0.01042057314455385,0.31497183776037285,0.198507699258464,0.47535879212284027,0.0007410977137689946,Light_T1
/home/lmy/iot-device-classification/dataset/light_T1/round2_normal/light_T1_r2.pcapng,R2,76,761.319078207016,0.0019418193928333776,0.5500333448540097,0.3730598298849791,0.07411755438414129,0.0008474514840365402,Light_T1
/home/lmy/iot-device-classification/dataset/light_T1/round2_normal/light_T1_r2.pcapng,R2,77,770.3507785797119,0.005887286165695722,0.49888239784946026,0.40456780378027396,0.0903161234255603,0.00034638877900989505,Light_T1
/home/lmy/iot-device-classification/dataset/light_T1/round2_normal/light_T1_r2.pcapng,R2,78,783.0664486885071,0.0060533101161095925,0.8564256369068465,0.05740023015862609,0.07961034039516925,0.0005104824232486201,Light_T1
/home/lmy/iot-device-classification/dataset/light_T1/round2_normal/light_T1_r2.pcapng,R2,79,790.2610740661621,0.002759344657031793,0.6055475566415468,0.2752862934223898,0.1153435244625106,0.0010632808165210623,Light_T1
/home/lmy/iot-device-classification/dataset/light_T1/round2_normal/light_T1_r2.pcapng,R2,80,801.4338278770447,0.013343492962167138,0.31784378400200514,0.4739943723707425,0.1942775994532929,0.0005407512117922978,Light_T1
/home/lmy/iot-device-classification/dataset/light_T1/round2_normal/light_T1_r2.pcapng,R2,81,813.099357843399,0.0030301795524956816,0.5204932924497656,0.16341538466522937,0.3119487474224912,0.0011123959100181676,Light_T1
/home/lmy/iot-device-classification/dataset/light_T1/round2_normal/light_T1_r2.pcapng,R2,82,823.244270324707,0.02153035012488117,0.7226576113447686,0.03644633073800733,0.21747717110505949,0.0018885366872835457,Light_T1
/home/lmy/iot-device-classification/dataset/light_T1/round2_normal/light_T1_r2.pcapng,R2,83,832.992538690567,0.009360072883393671,0.6343726345714464,0.06472425208633595,0.2901080951457485,0.0014349453130755331,Light_T1
/home/lmy/iot-device-classification/dataset/light_T1/round2_normal/light_T1_r2.pcapng,R2,84,840.011260509491,0.009554592302420301,0.46881299236458157,0.3905682985779011,0.13064637221476014,0.0004177445403371353,Light_T1
/home/lmy/iot-device-classification/dataset/light_T1/round2_normal/light_T1_r2.pcapng,R2,85,851.4628553390503,0.012907264725310763,0.3021694564883564,0.013361906079249272,0.67046040682341,0.0011009658836736592,Light_T1
/home/lmy/iot-device-classification/dataset/light_T1/round2_normal/light_T1_r2.pcapng,R2,86,862.10902094841,0.006379072418906071,0.5977048785667479,0.24617382505777458,0.1493723422339529,0.0003698817226185382,Light_T1
/home/lmy/iot-device-classification/dataset/light_T1/round2_normal/light_T1_r2.pcapng,R2,87,870.3380229473114,0.013815534975908622,0.24673247184472202,0.5426592546777784,0.19625468564656773,0.0005380528550232256,Light_T1
/home/lmy/iot-device-classification/dataset/light_T1/round2_normal/light_T1_r2.pcapng,R2,88,883.1754846572876,0.0018636967452603152,0.5274909252787469,0.1282447225280859,0.34139754999687083,0.0010031054510359553,Light_T1
/home/lmy/iot-device-classification/dataset/light_T1/round2_normal/light_T1_r2.pcapng,R2,89,891.430207490921,0.004387172040259546,0.04373407303567858,0.00020303698946434534,0.9513310169077662,0.00034470102683140054,Light_T1
/home/lmy/iot-device-classification/dataset/light_T1/round2_normal/light_T1_r2.pcapng,R2,90,900.4152913093567,0.002856331391241041,0.7707939853382203,0.16878665561950748,0.057366511756884425,0.00019651589414682418,Light_T1
/home/lmy/iot-device-classification/dataset/light_T1/round2_normal/light_T1_r2.pcapng,R2,91,913.2069385051728,0.015670972374013742,0.46117428338584715,0.009730099492048255,0.5118887489272288,0.0015358958208621396,Light_T1
/home/lmy/iot-device-classification/dataset/light_T1/round2_normal/light_T1_r2.pcapng,R2,92,922.4334559440612,0.005187780434796765,0.6516680939788044,0.21702880266219687,0.1257991563742506,0.00031616654995141155,Light_T1
/home/lmy/iot-device-classification/dataset/light_T1/round2_normal/light_T1_r2.pcapng,R2,93,930.5772354602814,0.007323002887503721,0.47477609653545455,0.397781760850786,0.11970688279043745,0.00041225693581833174,Light_T1
/home/lmy/iot-device-classification/dataset/light_T1/round2_normal/light_T1_r2.pcapng,R2,94,941.2345163822174,0.10467863845235025,0.3522917270705634,0.038463618661414366,0.5015118312671385,0.003054184548533424,Light_T1
/home/lmy/iot-device-classification/dataset/light_T1/round2_normal/light_T1_r2.pcapng,R2,95,953.2564177513124,0.003158671964024851,0.7094747063243706,0.07155450330353096,0.21480334999066097,0.0010087684174128473,Light_T1
/home/lmy/iot-device-classification/dataset/light_T1/round2_normal/light_T1_r2.pcapng,R2,96,960.8261804580688,0.025248122056837567,0.7939426141051694,0.07187203564922985,0.10769728796017865,0.0012399402285844855,Light_T1
/home/lmy/iot-device-classification/dataset/light_T1/round2_normal/light_T1_r2.pcapng,R2,97,973.2815873622894,0.016401290753654412,0.6613319133782202,0.006005686789299692,0.3148773844407099,0.0013837246381159013,Light_T1
/home/lmy/iot-device-classification/dataset/light_T1/round2_normal/light_T1_r2.pcapng,R2,98,981.4457938671112,0.011450894748085872,0.38260286381820635,0.454529689116595,0.15076848647774604,0.000648065839366605,Light_T1
/home/lmy/iot-device-classification/dataset/light_T1/round2_normal/light_T1_r2.pcapng,R2,99,990.9941470623016,0.006541114604215353,0.18065163703585788,0.0006773805354764488,0.811500191610665,0.000629676213785302,Light_T1
/home/lmy/iot-device-classification/dataset/light_T1/round2_normal/light_T1_r2.pcapng,R2,100,1003.319257736206,0.008447715411852286,0.14500434518703006,0.0008575257361585804,0.8449224345313797,0.0007679791335793078,Light_T1
/home/lmy/iot-device-classification/dataset/light_T1/round2_normal/light_T1_r2.pcapng,R2,101,1013.331794977188,0.008452996514184245,0.2536122661762482,0.5055828556998262,0.231849919193544,0.0005019624161973184,Light_T1
/home/lmy/iot-device-classification/dataset/light_T1/round2_normal/light_T1_r2.pcapng,R2,102,1021.1618313789368,0.004983800048811121,0.6616219107796305,0.24993666689431224,0.08317692495578866,0.00028069732145747273,Light_T1
/home/lmy/iot-device-classification/dataset/light_T1/round2_normal/light_T1_r2.pcapng,R2,103,1031.4982059001925,0.007588340402914653,0.14057043100728459,0.7670312499270019,0.0843776123896758,0.0004323662731230296,Light_T1
/home/lmy/iot-device-classification/dataset/light_T1/round2_normal/light_T1_r2.pcapng,R2,104,1043.3685677051544,0.010120726929965565,0.15446990095651056,0.47251102235765363,0.3623376566377343,0.0005606931181358449,Light_T1
/home/lmy/iot-device-classification/dataset/light_T1/round2_normal/light_T1_r2.pcapng,R2,105,1051.3291184902191,0.010938590215448038,0.31779330359547886,0.2929698746124676,0.37777759425165497,0.0005206373249506527,Light_T1
/home/lmy/iot-device-classification/dataset/light_T1/round2_normal/light_T1_r2.pcapng,R2,106,1061.5029077529907,0.016131853766147824,0.1575864451577976,0.16118463420371146,0.6644394617933946,0.0006576050789485305,Light_T1
/home/lmy/iot-device-classification/dataset/light_T1/round2_normal/light_T1_r2.pcapng,R2,107,1071.4665129184723,0.021409280537149356,0.6922623867059936,0.05186557035784002,0.23282818549637596,0.0016345769026410262,Light_T1
/home/lmy/iot-device-classification/dataset/light_T1/round2_normal/light_T1_r2.pcapng,R2,108,1081.6541092395782,0.005534796975232364,0.5194211533722491,0.38357038400770316,0.09114363857538525,0.0003300270694301202,Light_T1
/home/lmy/iot-device-classification/dataset/light_T1/round2_normal/light_T1_r2.pcapng,R2,109,1093.4291591644287,0.013715577764147327,0.18568926904583208,0.47670750364320963,0.32328844194167977,0.0005992076051311312,Light_T1
/home/lmy/iot-device-classification/dataset/light_T1/round2_normal/light_T1_r2.pcapng,R2,110,1103.4418606758118,0.007089088259239101,0.48223364138785674,0.3546551215780926,0.15562295184477082,0.00039919693004078277,Light_T1
/home/lmy/iot-device-classification/dataset/light_T1/round2_normal/light_T1_r2.pcapng,R2,111,1111.7393636703491,0.0048743459146980755,0.5786293839897756,0.34903587777516365,0.06717411548424318,0.0002862768361195601,Light_T1
/home/lmy/iot-device-classification/dataset/light_T1/round2_normal/light_T1_r2.pcapng,R2,112,1121.5134127140043,0.007300892472166951,0.3741320540609942,0.3926185211046574,0.22543576233093188,0.0005127700312494638,Light_T1
/home/lmy/iot-device-classification/dataset/light_T1/round2_normal/light_T1_r2.pcapng,R2,113,1133.476440668106,0.007890310686559418,0.6163356721664238,0.2871789721307826,0.08826397189532868,0.00033107312090557085,Light_T1
/home/lmy/iot-device-classification/dataset/light_T1/round2_normal/light_T1_r2.pcapng,R2,114,1141.4835016727448,0.005479019024364127,0.2729670793605215,0.6705254473431627,0.05072245796212686,0.00030599630982483815,Light_T1
/home/lmy/iot-device-classification/dataset/light_T1/round2_normal/light_T1_r2.pcapng,R2,115,1153.499081850052,0.0075810696438800935,0.19562937312361564,0.25351122358446365,0.542789960341425,0.0004883733066155675,Light_T1
/home/lmy/iot-device-classification/dataset/light_T1/round2_normal/light_T1_r2.pcapng,R2,116,1161.4818894863129,0.0038271027223250784,0.7004619985082473,0.22908308332418556,0.06638739180343087,0.000240423641811186,Light_T1
/home/lmy/iot-device-classification/dataset/light_T1/round2_normal/light_T1_r2.pcapng,R2,117,1172.1503727436066,0.0044132595277387035,0.6491753745721679,0.2811501225858923,0.06499866065687304,0.0002625826573282555,Light_T1
/home/lmy/iot-device-classification/dataset/light_T1/round2_normal/light_T1_r2.pcapng,R2,118,1183.5342545509338,0.007531945408700681,0.512269604732327,0.21202277857058208,0.26761957725960434,0.0005560940287858641,Light_T1
/home/lmy/iot-device-classification/dataset/light_T1/round2_normal/light_T1_r2.pcapng,R2,119,1193.5449380874634,0.00677388879928408,0.4116177752831021,0.48149305189042874,0.09974075290057556,0.00037453112660956365,Light_T1
/home/lmy/iot-device-classification/dataset/light_T1/round2_normal/light_T1_r2.pcapng,R2,120,1202.3929965496063,0.005426678670456587,0.653231333304385,0.24141889439774905,0.09962422347312716,0.00029887015428218855,Light_T1
/home/lmy/iot-device-classification/dataset/light_T1/round2_normal/light_T1_r2.pcapng,R2,121,1211.525989294052,0.014439228917488016,0.4798885833149105,0.2590560194720968,0.24586130990697305,0.0007548583885316077,Light_T1
/home/lmy/iot-device-classification/dataset/light_T1/round2_normal/light_T1_r2.pcapng,R2,122,1223.5793550014496,0.00182373758293357,0.027212551687213177,7.70740114072804e-05,0.9706853403566913,0.00020129636175466095,Light_T1
/home/lmy/iot-device-classification/dataset/light_T1/round2_normal/light_T1_r2.pcapng,R2,123,1232.6373200416565,0.003436817522306328,0.7369563406533115,0.1894861310340651,0.06989514025928842,0.00022557053102882993,Light_T1
/home/lmy/iot-device-classification/dataset/light_T1/round2_normal/light_T1_r2.pcapng,R2,124,1243.6025581359863,0.014596716014674063,0.14807061097397872,0.3948180446115045,0.44191544681748135,0.0005991815823614126,Light_T1
/home/lmy/iot-device-classification/dataset/light_T1/round2_normal/light_T1_r2.pcapng,R2,125,1251.4944024086,0.007063459706103769,0.260300460739455,0.5758591108571567,0.15614879391997039,0.0006281747773141756,Light_T1
/home/lmy/iot-device-classification/dataset/light_T1/round2_normal/light_T1_r2.pcapng,R2,126,1262.8010113239288,0.00521466696142335,0.5983145813509231,0.15513024593286115,0.24098825574618934,0.0003522500086031034,Light_T1
/home/lmy/iot-device-classification/dataset/light_T1/round2_normal/light_T1_r2.pcapng,R2,127,1273.6376054286957,0.019115217839575146,0.418486602407847,0.00518189621734577,0.5556327424322305,0.0015835411030014693,Light_T1
/home/lmy/iot-device-classification/dataset/light_T1/round2_normal/light_T1_r2.pcapng,R2,128,1283.6470398902893,0.006279084470218383,0.18438347084728687,0.0005708677724181898,0.8081482747691281,0.000618302140948562,Light_T1
/home/lmy/iot-device-classification/dataset/light_T1/round2_normal/light_T1_r2.pcapng,R2,129,1292.9662556648254,0.0032159639128429896,0.31099330713063783,0.6377636844345422,0.04730459449550617,0.0007224500264708945,Light_T1
/home/lmy/iot-device-classification/dataset/light_T1/round2_normal/light_T1_r2.pcapng,R2,130,1301.537944316864,0.011905221251682687,0.3468629402147424,0.49310237692487185,0.14744974303485872,0.0006797185738445104,Light_T1
/home/lmy/iot-device-classification/dataset/light_T1/round2_normal/light_T1_r2.pcapng,R2,131,1310.5910844802856,0.0070912588006472885,0.07436304348002677,0.8608586350899746,0.05735609483525829,0.0003309677940931236,Light_T1
/home/lmy/iot-device-classification/dataset/light_T1/round2_normal/light_T1_r2.pcapng,R2,132,1323.6923642158508,0.005975318298894131,0.38977837034950186,0.021878085041106648,0.581823604708186,0.0005446216023114143,Light_T1
/home/lmy/iot-device-classification/dataset/light_T1/round2_normal/light_T1_r2.pcapng,R2,133,1333.7033457756042,0.003644289571095666,0.4589972469557115,0.31696439919054603,0.2191265767480502,0.0012674875345966006,Light_T1
/home/lmy/iot-device-classification/dataset/light_T1/round2_normal/light_T1_r2.pcapng,R2,134,1341.5051760673523,0.010057756155776101,0.49236564216616496,0.3602720610618941,0.13686027412488636,0.00044426649127830625,Light_T1
/home/lmy/iot-device-classification/dataset/light_T1/round2_normal/light_T1_r2.pcapng,R2,135,1353.726098537445,0.006771976630556919,0.35502002972858393,0.04246392336502277,0.5951727725236141,0.0005712977522222291,Light_T1
/home/lmy/iot-device-classification/dataset/light_T1/round2_normal/light_T1_r2.pcapng,R2,136,1361.4673144817352,0.020190539946853894,0.3545281815807567,0.1601602913111436,0.4635416924657252,0.0015792946955207096,Light_T1
/home/lmy/iot-device-classification/dataset/light_T1/round2_normal/light_T1_r2.pcapng,R2,137,1370.498390197754,0.014100631732331916,0.38610949945106343,0.4067966836357136,0.19209988466285452,0.0008933005180365294,Light_T1
/home/lmy/iot-device-classification/dataset/light_T1/round2_normal/light_T1_r2.pcapng,R2,138,1383.7594537734983,0.019085892459271656,0.2245381807454206,0.27102020422407336,0.484516297458686,0.0008394251125484615,Light_T1
/home/lmy/iot-device-classification/dataset/light_T1/round2_normal/light_T1_r2.pcapng,R2,139,1391.549045085907,0.006816852390658619,0.30674622045368144,0.27783715065458775,0.40723997412425483,0.001359802376817278,Light_T1
/home/lmy/iot-device-classification/dataset/light_T1/round2_normal/light_T1_r2.pcapng,R2,140,1403.6979253292084,0.006972430631719843,0.4518439691231181,0.4054508744570682,0.13530159963182856,0.00043112615626530456,Light_T1
/home/lmy/iot-device-classification/dataset/light_T1/round2_normal/light_T1_r2.pcapng,R2,141,1413.7933797836304,0.01568188548916711,0.23638772452416343,0.405745635496284,0.3414349645558431,0.000749789934542335,Light_T1
/home/lmy/iot-device-classification/dataset/light_T1/round2_normal/light_T1_r2.pcapng,R2,142,1421.5535809993744,0.0121177810151086,0.3238869901824677,0.5057831533303799,0.1576158422933808,0.0005962331786630126,Light_T1
/home/lmy/iot-device-classification/dataset/light_T1/round2_normal/light_T1_r2.pcapng,R2,143,1431.5148973464966,0.007348132052709486,0.44558294966140427,0.405843603434062,0.14079909253066467,0.0004262223211596902,Light_T1
/home/lmy/iot-device-classification/dataset/light_T1/round2_normal/light_T1_r2.pcapng,R2,144,1443.8262832164764,0.010940248463802075,0.38798384930045265,0.44552433192304486,0.15504310580414893,0.0005084645085515409,Light_T1
/home/lmy/iot-device-classification/dataset/light_T1/round2_normal/light_T1_r2.pcapng,R2,145,1453.832765340805,0.01090862771033606,0.293544004483553,0.5613054361938671,0.1334906787672011,0.0007512528450427223,Light_T1
/home/lmy/iot-device-classification/dataset/light_T1/round2_normal/light_T1_r2.pcapng,R2,146,1463.8299567699432,0.006166254162689824,0.4969629588653948,0.40012262965442064,0.09639940888556503,0.00034874843192977267,Light_T1
/home/lmy/iot-device-classification/dataset/light_T1/round2_normal/light_T1_r2.pcapng,R2,147,1473.8309626579285,0.013871671733871343,0.2616374951950793,0.45111277554462403,0.27271841931926594,0.0006596382071594579,Light_T1
/home/lmy/iot-device-classification/dataset/light_T1/round2_normal/light_T1_r2.pcapng,R2,148,1481.521099567413,0.012782909123899108,0.6976277477637489,0.08375346927529824,0.20464585426893672,0.001190019568117073,Light_T1
/home/lmy/iot-device-classification/dataset/light_T1/round2_normal/light_T1_r2.pcapng,R2,149,1493.837729692459,0.011024386655873505,0.3285614652590767,0.5219958240915687,0.13795405266782784,0.00046427132565334927,Light_T1
/home/lmy/iot-device-classification/dataset/light_T1/round2_normal/light_T1_r2.pcapng,R2,150,1503.8355276584623,0.011612190944199784,0.8302056548081272,0.031181243380160234,0.12601860397993567,0.0009823068875770362,Light_T1
/home/lmy/iot-device-classification/dataset/light_T1/round2_normal/light_T1_r2.pcapng,R2,151,1510.2199544906616,0.029222926027159483,0.5846076608737717,0.0055306344148184465,0.37892135812903527,0.001717420555215176,Light_T1
/home/lmy/iot-device-classification/dataset/light_T1/round2_normal/light_T1_r2.pcapng,R2,152,1520.0437042713163,0.0022621318606819048,0.6885321840049671,0.1848642053948719,0.123837469642354,0.0005040090971252464,Light_T1
/home/lmy/iot-device-classification/dataset/light_T1/round2_normal/light_T1_r2.pcapng,R2,153,1530.1172749996183,0.0069146381079565195,0.5187722042333075,0.32779399826638833,0.14613505691567655,0.0003841024766710714,Light_T1
/home/lmy/iot-device-classification/dataset/light_T1/round2_normal/light_T1_r2.pcapng,R2,154,1540.1111204624176,0.0038226079964707367,0.4842209531462817,0.015936798750463436,0.49498245716288847,0.00103718294389554,Light_T1
/home/lmy/iot-device-classification/dataset/light_T1/round2_normal/light_T1_r2.pcapng,R2,155,1550.271098613739,0.0013278008141159763,0.8142440954682059,0.11927142251316956,0.06461873807332591,0.0005379431311826952,Light_T1
/home/lmy/iot-device-classification/dataset/light_T1/round2_normal/light_T1_r2.pcapng,R2,156,1560.3103621006012,0.01620725502119177,0.7410125740729216,0.004877578640508156,0.23660933980907284,0.001293252456305658,Light_T1
/home/lmy/iot-device-classification/dataset/light_T1/round2_normal/light_T1_r2.pcapng,R2,157,1570.0014231204989,0.0059450212780556054,0.8470945895784507,0.010054098237172453,0.13599405611232118,0.0009122347939999941,Light_T1
/home/lmy/iot-device-classification/dataset/light_T1/round2_normal/light_T1_r2.pcapng,R2,158,1580.0016441345217,0.001626954103603234,0.769512459255626,0.11285547613004057,0.11535956709477525,0.0006455434159549552,Light_T1
/home/lmy/iot-device-classification/dataset/light_T1/round2_normal/light_T1_r2.pcapng,R2,159,1590.168693304062,0.001469582821690208,0.672629361192038,0.08740811180274945,0.23770425713143425,0.0007886870520880146,Light_T1
/home/lmy/iot-device-classification/dataset/light_T1/round2_normal/light_T1_r2.pcapng,R2,160,1600.0936658382416,0.022162090201829136,0.6118101465564034,0.02904903551660678,0.3346034046761648,0.002375323048995833,Light_T1
/home/lmy/iot-device-classification/dataset/light_T1/round2_normal/light_T1_r2.pcapng,R2,161,1610.1332290172577,0.00193170483038455,0.6906474773199857,0.1123370251548148,0.19428762483571757,0.0007961678590975527,Light_T1
/home/lmy/iot-device-classification/dataset/light_T1/round2_normal/light_T1_r2.pcapng,R2,162,1620.1005895137787,0.006566196908598461,0.9332489398162834,0.020174364743889762,0.0395307076000565,0.0004797909311719277,Light_T1
/home/lmy/iot-device-classification/dataset/light_T1/round2_normal/light_T1_r2.pcapng,R2,163,1630.1643526554108,0.09459416226333817,0.6007018255867952,0.026699627226905415,0.27466575083348116,0.0033386340894801026,Light_T1
/home/lmy/iot-device-classification/dataset/light_T1/round2_normal/light_T1_r2.pcapng,R2,164,1640.2567279338837,0.00456483190679101,0.7486579861942931,0.10245202777689616,0.1436764530335098,0.0006487010885098765,Light_T1
/home/lmy/iot-device-classification/dataset/light_T1/round2_normal/light_T1_r2.pcapng,R2,165,1650.2920129299164,0.018632901381275806,0.7785268275232425,0.038518132326585096,0.16248091351616673,0.0018412252527296754,Light_T1
/home/lmy/iot-device-classification/dataset/light_T1/round2_normal/light_T1_r2.pcapng,R2,166,1660.3606116771698,0.003345074865549543,0.47573252438082697,0.320093895370986,0.199434191265719,0.001394314116918408,Light_T1
/home/lmy/iot-device-classification/dataset/light_T1/round2_normal/light_T1_r2.pcapng,R2,167,1670.4075934886932,0.024766251800001235,0.5228615270614979,0.2038297215012748,0.24694343279530973,0.0015990668419164876,Light_T1
/home/lmy/iot-device-classification/dataset/light_T1/round2_normal/light_T1_r2.pcapng,R2,168,1680.5242788791656,0.00852686777878617,0.52596828785818,0.2294874790596557,0.2354044996677739,0.00061286563560434,Light_T1
/home/lmy/iot-device-classification/dataset/light_T1/round2_normal/light_T1_r2.pcapng,R2,169,1690.522656917572,0.0035330260052468133,0.7727664372004321,0.06820609473477152,0.15441788206756882,0.001076559991980688,Light_T1
/home/lmy/iot-device-classification/dataset/light_T1/round2_normal/light_T1_r2.pcapng,R2,170,1700.322029352188,0.0022194978754956777,0.6219815895593287,0.16088526368554174,0.21420270529905067,0.0007109435805832428,Light_T1
/home/lmy/iot-device-classification/dataset/light_T1/round2_normal/light_T1_r2.pcapng,R2,171,1710.8585917949677,0.019344013267974792,0.804030177932817,0.0524695869034191,0.1229665749092437,0.0011896469865457736,Light_T1
/home/lmy/iot-device-classification/dataset/light_T1/round2_normal/light_T1_r2.pcapng,R2,172,1720.759200334549,0.0021974008005841254,0.18972079258811742,0.7362706914776017,0.07084872461619003,0.0009623905175068735,Light_T1
/home/lmy/iot-device-classification/dataset/light_T1/round2_normal/light_T1_r2.pcapng,R2,173,1730.808777332306,0.006864491438224557,0.7294967415228802,0.10356133831641309,0.15945798823988114,0.000619440482600886,Light_T1
/home/lmy/iot-device-classification/dataset/light_T1/round2_normal/light_T1_r2.pcapng,R2,174,1740.9040386676788,0.01156157405201422,0.7098524979222657,0.0741864056450392,0.20288063353027053,0.0015188888504103096,Light_T1
/home/lmy/iot-device-classification/dataset/light_T1/round2_normal/light_T1_r2.pcapng,R2,175,1750.9120285511017,0.9852074399822471,0.008815800360196326,0.00481807559023339,0.0006207924729299987,0.0005378915943932587,Light_T1
/home/lmy/iot-device-classification/dataset/light_T1/round2_normal/light_T1_r2.pcapng,R2,176,1760.623416185379,0.00300474082505609,0.6585201736326045,0.11201297875359105,0.2255042346945776,0.0009578720941707712,Light_T1
/home/lmy/iot-device-classification/dataset/light_T1/round2_normal/light_T1_r2.pcapng,R2,177,1771.0806646347046,0.010133804663251299,0.8508045317620018,0.01971264689537747,0.1184738264932782,0.0008751901860913759,Light_T1
/home/lmy/iot-device-classification/dataset/light_T1/round2_normal/light_T1_r2.pcapng,R2,178,1781.1388638019562,0.014721138275039588,0.526552949885807,0.01685800346413042,0.4400898006529422,0.0017781077220808419,Light_T1
/home/lmy/iot-device-classification/dataset/light_T1/round2_normal/light_T1_r2.pcapng,R2,179,1791.1787354946136,0.0014691780438254966,0.5895994631468506,0.35582783975130616,0.05239255478273375,0.0007109642752840629,Light_T1
/home/lmy/iot-device-classification/dataset/light_T1/round2_normal/light_T1_r2.pcapng,R2,180,1801.257154226303,0.004812185449224393,0.7097319395395878,0.04585997793124537,0.23879341953036734,0.0008024775495751374,Light_T1
/home/lmy/iot-device-classification/dataset/light_T1/round2_normal/light_T1_r2.pcapng,R2,181,1810.538724899292,0.002116857300243073,0.4028986473579958,0.5267326340983998,0.06732107653835442,0.0009307847050068121,Light_T1
/home/lmy/iot-device-classification/dataset/light_T1/round2_normal/light_T1_r2.pcapng,R2,182,1820.9458599090576,0.0059768821169325645,0.22241828003891775,0.0005254274660724753,0.7704512635956925,0.0006281467823847502,Light_T1
/home/lmy/iot-device-classification/dataset/light_T1/round2_normal/light_T1_r2.pcapng,R2,183,1831.4539320468905,0.04054854999342166,0.7500837075127991,0.04359023739222937,0.16352845923355389,0.00224904586799599,Light_T1
/home/lmy/iot-device-classification/dataset/light_T1/round2_normal/light_T1_r2.pcapng,R2,184,1841.4080545902248,0.005073458670969021,0.8046609338512405,0.04568479178157906,0.1434637456920652,0.0011170700041461925,Light_T1
/home/lmy/iot-device-classification/dataset/light_T1/round2_normal/light_T1_r2.pcapng,R2,185,1851.6343364715576,0.006375055522596423,0.8463612851036059,0.0405883149722226,0.10603464710374676,0.0006406972978282655,Light_T1
/home/lmy/iot-device-classification/dataset/light_T1/round2_normal/light_T1_r2.pcapng,R2,186,1860.4535233974457,0.0040184838578441965,0.6860145013300271,0.22671834836509433,0.0829885519262864,0.00026011452074799495,Light_T1
/home/lmy/iot-device-classification/dataset/light_T1/round2_normal/light_T1_r2.pcapng,R2,187,1870.855064868927,0.010763557960217735,0.3215028865234644,0.5008945957243149,0.16597111011000154,0.000867849682001294,Light_T1
/home/lmy/iot-device-classification/dataset/light_T1/round2_normal/light_T1_r2.pcapng,R2,188,1881.3661472797396,0.005097435594466089,0.6844392499654981,0.193435207212455,0.11633250063356687,0.0006956065940140333,Light_T1
/home/lmy/iot-device-classification/dataset/light_T1/round2_normal/light_T1_r2.pcapng,R2,189,1891.8392748832705,0.021520404850640537,0.8847282905370039,0.012730905341277514,0.0798187598146685,0.001201639456409311,Light_T1
/home/lmy/iot-device-classification/dataset/light_T1/round2_normal/light_T1_r2.pcapng,R2,190,1901.9094414711,0.004469850585998383,0.5249289512240823,0.11989282584861943,0.34926853987639367,0.0014398324649062236,Light_T1
/home/lmy/iot-device-classification/dataset/light_T1/round2_normal/light_T1_r2.pcapng,R2,191,1911.9797372817995,0.0015047799464486026,0.6711393562969614,0.20135137866003466,0.12520598178300188,0.0007985033135534719,Light_T1
/home/lmy/iot-device-classification/dataset/light_T1/round2_normal/light_T1_r2.pcapng,R2,192,1922.0678174495697,0.0008070840649348595,0.8622993609141666,0.07383895762651457,0.06264698232887862,0.00040761506550523547,Light_T1
/home/lmy/iot-device-classification/dataset/light_T1/round2_normal/light_T1_r2.pcapng,R2,193,1931.403644323349,0.0012573312114532644,0.6217190042680537,0.1625509855500408,0.2136376256646776,0.0008350533057745441,Light_T1
/home/lmy/iot-device-classification/dataset/light_T1/round2_normal/light_T1_r2.pcapng,R2,194,1942.16841840744,0.0061560644787459476,0.437135190460664,0.229914681011468,0.32615185945029573,0.0006422045988263565,Light_T1
/home/lmy/iot-device-classification/dataset/light_T1/round2_normal/light_T1_r2.pcapng,R2,195,1951.9676113128664,0.00998095034212129,0.42349538760837474,0.3054797521282553,0.26047616467496515,0.0005677452462836696,Light_T1
/home/lmy/iot-device-classification/dataset/light_T1/round2_normal/light_T1_r2.pcapng,R2,196,1961.44255900383,0.0028250258843195842,0.25510630066168666,0.6261229499174229,0.11476811351345559,0.0011776100231152256,Light_T1
/home/lmy/iot-device-classification/dataset/light_T1/round2_normal/light_T1_r2.pcapng,R2,197,1970.4746479988096,0.009330067736283129,0.5586736283681509,0.3018645229842451,0.1291575416308591,0.0009742392804616757,Light_T1
/home/lmy/iot-device-classification/dataset/light_T1/round2_normal/light_T1_r2.pcapng,R2,198,1982.4489316940308,0.0069638607240424906,0.5148571480804371,0.24746777081377352,0.23027838398491893,0.00043283639682792455,Light_T1
/home/lmy/iot-device-classification/dataset/light_T1/round2_normal/light_T1_r2.pcapng,R2,199,1991.49151968956,0.03129830606851001,0.6652650328619644,0.030403414253608887,0.2705662487549787,0.0024669980609378418,Light_T1
/home/lmy/iot-device-classification/dataset/light_T1/round2_normal/light_T1_r2.pcapng,R2,200,2002.5809516906736,0.007133172034528426,0.8427195124387908,0.02761063521446479,0.12167668892362271,0.000859991388593111,Light_T1
/home/lmy/iot-device-classification/dataset/light_T1/round2_normal/light_T1_r2.pcapng,R2,201,2012.3034918308256,0.007560821838703443,0.08637849627235464,0.06406178548431651,0.8414803951294453,0.0005185012751801053,Light_T1
/home/lmy/iot-device-classification/dataset/light_T1/round2_normal/light_T1_r2.pcapng,R2,202,2021.40881061554,0.02474517222951799,0.6120576924871096,0.037586602314181136,0.32403221241430785,0.001578320554883344,Light_T1
/home/lmy/iot-device-classification/dataset/light_T1/round2_normal/light_T1_r2.pcapng,R2,203,2031.0168986320496,0.005927801588385849,0.926988996959333,0.024565432652485526,0.04204337996255556,0.00047438883724018344,Light_T1
/home/lmy/iot-device-classification/dataset/light_T1/round2_normal/light_T1_r2.pcapng,R2,204,2041.4180750846865,0.0019016639186907605,0.7996570382846481,0.08929523574206993,0.10873512705694086,0.00041093499765028406,Light_T1
/home/lmy/iot-device-classification/dataset/light_T1/round2_normal/light_T1_r2.pcapng,R2,205,2052.9352951049805,0.007873116605379147,0.4745793826622269,0.2762524828823386,0.24031513073383018,0.0009798871162249854,Light_T1
/home/lmy/iot-device-classification/dataset/light_T1/round2_normal/light_T1_r2.pcapng,R2,206,2061.3734912872314,0.009536610150571926,0.3679678294082549,0.5279592712920665,0.09391863179011277,0.0006176573589938544,Light_T1
/home/lmy/iot-device-classification/dataset/light_T1/round2_normal/light_T1_r2.pcapng,R2,207,2073.019562959671,0.0383564332113885,0.664456017158903,0.01995258721985032,0.274830241937432,0.002404720472426126,Light_T1
/home/lmy/iot-device-classification/dataset/light_T1/round2_normal/light_T1_r2.pcapng,R2,208,2083.110192298889,0.01895388066215396,0.24923837757269582,0.02653775244913781,0.7032922437127,0.00197774560331215,Light_T1
/home/lmy/iot-device-classification/dataset/light_T1/round2_normal/light_T1_r2.pcapng,R2,209,2091.343019247055,0.007834638965895832,0.4850788798901705,0.3354405102038702,0.17119341706954577,0.0004525538705177438,Light_T1
/home/lmy/iot-device-classification/dataset/light_T1/round2_normal/light_T1_r2.pcapng,R2,210,2103.262964963913,0.0017113957785473352,0.6559863152249648,0.1269897609363859,0.21460881560854728,0.0007037124515547049,Light_T1
/home/lmy/iot-device-classification/dataset/light_T1/round2_normal/light_T1_r2.pcapng,R2,211,2111.418713569641,0.002450976356472433,0.40063202684697946,0.4607724231988803,0.1349939406808381,0.00115063291682967,Light_T1
/home/lmy/iot-device-classification/dataset/light_T1/round2_normal/light_T1_r2.pcapng,R2,212,2122.5448365211487,0.004743711913290241,0.08628734965796418,0.00027305241256286926,0.9082493064107097,0.0004465796054731105,Light_T1
/home/lmy/iot-device-classification/dataset/light_T1/round2_normal/light_T1_r2.pcapng,R2,213,2130.8655047416687,0.008746482911417393,0.47066485445733613,0.31653336109034347,0.20360508647034373,0.000450215070559195,Light_T1
/home/lmy/iot-device-classification/dataset/light_T1/round2_normal/light_T1_r2.pcapng,R2,214,2143.34606385231,0.0032893155691113515,0.3136817387135903,0.07652841904136572,0.6052902228836788,0.001210303792253803,Light_T1
/home/lmy/iot-device-classification/dataset/light_T1/round2_normal/light_T1_r2.pcapng,R2,215,2151.3803386688232,0.021232092014954122,0.5217252359555539,0.26248284188550536,0.1931970066333148,0.0013628235106718017,Light_T1
/home/lmy/iot-device-classification/dataset/light_T1/round2_normal/light_T1_r2.pcapng,R2,216,2163.6355962753296,0.0075590446253593485,0.6340202886877877,0.02694277088739629,0.3303192373029269,0.001158658496529798,Light_T1
/home/lmy/iot-device-classification/dataset/light_T1/round2_normal/light_T1_r2.pcapng,R2,217,2172.4698445796967,0.003148101375212582,0.25776051901712604,0.0598617127468304,0.6779388259567886,0.0012908409040423663,Light_T1
/home/lmy/iot-device-classification/dataset/light_T1/round2_normal/light_T1_r2.pcapng,R2,218,2180.788937807083,0.006177587468789954,0.9074647538689294,0.01735975877437061,0.06836812314701782,0.0006297767408922365,Light_T1
/home/lmy/iot-device-classification/dataset/light_T1/round2_normal/light_T1_r2.pcapng,R2,219,2191.189629793167,0.0030018040016091324,0.35756219636664044,0.5901384205216192,0.048208169568013326,0.0010894095421178636,Light_T1
/home/lmy/iot-device-classification/dataset/light_T1/round2_normal/light_T1_r2.pcapng,R2,220,2201.4237756729126,0.003942490383811299,0.428202847615133,0.2769051090770473,0.28939754436608445,0.0015520085579239405,Light_T1
/home/lmy/iot-device-classification/dataset/light_T1/round2_normal/light_T1_r2.pcapng,R2,221,2211.990196228028,0.02010547951813739,0.693068730396385,0.08376938045188753,0.20167457243337295,0.0013818372002172496,Light_T1
/home/lmy/iot-device-classification/dataset/light_T1/round2_normal/light_T1_r2.pcapng,R2,222,2224.000850439072,0.001498816545624555,0.30813834363748116,0.6395291147082398,0.050045294137728624,0.0007884309709258378,Light_T1
/home/lmy/iot-device-classification/dataset/light_T1/round2_normal/light_T1_r2.pcapng,R2,223,2230.079281568527,0.01477470872867723,0.6739864247871954,0.028096517178603977,0.2812417187581396,0.001900630547383786,Light_T1
/home/lmy/iot-device-classification/dataset/light_T1/round2_normal/light_T1_r2.pcapng,R2,224,2241.1122193336487,0.007529119772020061,0.5379120889589494,0.29866997479983476,0.15549243555061276,0.0003963809185830526,Light_T1
/home/lmy/iot-device-classification/dataset/light_T1/round2_normal/light_T1_r2.pcapng,R2,225,2253.591821670532,0.010766228160906466,0.26898096064969024,0.4198811161796655,0.2998283327278787,0.0005433622818589732,Light_T1
/home/lmy/iot-device-classification/dataset/light_T1/round2_normal/light_T1_r2.pcapng,R2,226,2263.995038986206,0.0024559387106740573,0.5241945257696909,0.31353328485010995,0.15869665306077965,0.0011195976087452766,Light_T1
/home/lmy/iot-device-classification/dataset/light_T1/round2_normal/light_T1_r2.pcapng,R2,227,2271.341774702072,0.009018456259832497,0.8660702633148372,0.005107675274208213,0.11889950185476642,0.0009041032963558255,Light_T1
/home/lmy/iot-device-classification/dataset/light_T1/round2_normal/light_T1_r2.pcapng,R2,228,2284.463119983673,0.01927010008115581,0.5618124324745372,0.08504736256694409,0.3315790864528057,0.0022910184245573824,Light_T1
/home/lmy/iot-device-classification/dataset/light_T1/round2_normal/light_T1_r2.pcapng,R2,229,2291.426505088806,0.025558825377154985,0.7592151100981809,0.022839699889875453,0.19043961356694972,0.0019467510678389927,Light_T1
/home/lmy/iot-device-classification/dataset/light_T1/round2_normal/light_T1_r2.pcapng,R2,230,2301.434414625168,0.002589903913768459,0.5771845558977924,0.13832747223106012,0.2810509344711169,0.0008471334862620959,Light_T1
/home/lmy/iot-device-classification/dataset/light_T1/round2_normal/light_T1_r2.pcapng,R2,231,2311.8367681503296,0.015750984658039847,0.6617195598397185,0.053072733355813924,0.26798214270780296,0.0014745794386248677,Light_T1
/home/lmy/iot-device-classification/dataset/light_T1/round2_normal/light_T1_r2.pcapng,R2,232,2322.2373881340027,0.0023490234867278594,0.3730742362658989,0.287952699428413,0.3353507552367024,0.00127328558225784,Light_T1
/home/lmy/iot-device-classification/dataset/light_T1/round2_normal/light_T1_r2.pcapng,R2,233,2331.3880562782288,0.0021079278728162103,0.7322409577612845,0.1487193240116847,0.11641254801135228,0.0005192423428624043,Light_T1
/home/lmy/iot-device-classification/dataset/light_T1/round2_normal/light_T1_r2.pcapng,R2,234,2344.6040472984314,0.003959459189819649,0.7039467323818129,0.138427086188012,0.15273305522477282,0.0009336670155826034,Light_T1
/home/lmy/iot-device-classification/dataset/light_T1/round2_normal/light_T1_r2.pcapng,R2,235,2353.437134742737,0.0017688784069173863,0.6176182203395135,0.0960787218724581,0.2836252499395213,0.0009089294415896995,Light_T1
/home/lmy/iot-device-classification/dataset/light_T1/round2_normal/light_T1_r2.pcapng,R2,236,2363.83518576622,0.007812832052402005,0.4814154646927137,0.3930053814266618,0.1173757218727269,0.00039059995549569184,Light_T1
/home/lmy/iot-device-classification/dataset/light_T1/round2_normal/light_T1_r2.pcapng,R2,237,2372.226051092148,0.03693621604693643,0.16843593983346478,0.36062375967809973,0.4330194889202089,0.000984595521290178,Light_T1
/home/lmy/iot-device-classification/dataset/light_T1/round2_normal/light_T1_r2.pcapng,R2,238,2381.428659439087,0.010118443323171926,0.3422945771864272,0.558662569497307,0.08825652322763455,0.0006678867654593411,Light_T1
/home/lmy/iot-device-classification/dataset/light_T1/round2_normal/light_T1_r2.pcapng,R2,239,2390.843173265457,0.011996020718637732,0.7866594271320394,0.005311071959101447,0.19504706869085184,0.0009864114993696604,Light_T1
/home/lmy/iot-device-classification/dataset/light_T1/round2_normal/light_T1_r2.pcapng,R2,240,2403.3587918281555,0.004409254332938252,0.7490045331182816,0.1501105668861301,0.09615195448929821,0.0003236911733520031,Light_T1
/home/lmy/iot-device-classification/dataset/light_T1/round2_normal/light_T1_r2.pcapng,R2,241,2413.7562749385834,0.0015070606576081532,0.6826782907345365,0.17918471391255475,0.13581099541502983,0.0008189392802707261,Light_T1
/home/lmy/iot-device-classification/dataset/light_T1/round2_normal/light_T1_r2.pcapng,R2,242,2421.3898570537567,0.007431475566787316,0.571962653374448,0.29332452452446384,0.12621065113895005,0.0010706953953509314,Light_T1
/home/lmy/iot-device-classification/dataset/light_T1/round2_normal/light_T1_r2.pcapng,R2,243,2434.557160615921,0.00451114570445077,0.6760286268146813,0.21407012594289174,0.10509989200167405,0.0002902095363021294,Light_T1
/home/lmy/iot-device-classification/dataset/light_T1/round2_normal/light_T1_r2.pcapng,R2,244,2442.8769257068634,0.008314687620879372,0.13846895295401052,0.7271668121554584,0.12561584225927827,0.00043370501037332914,Light_T1
/home/lmy/iot-device-classification/dataset/light_T1/round2_normal/light_T1_r2.pcapng,R2,245,2454.716394901276,0.005774040029292476,0.5665564409856341,0.2646575559467021,0.16265430499636357,0.00035765804200772993,Light_T1
/home/lmy/iot-device-classification/dataset/light_T1/round2_normal/light_T1_r2.pcapng,R2,246,2463.6772513389587,0.01061670207634524,0.45465801458824806,0.36874389254643897,0.16551481867924464,0.00046657210972323755,Light_T1
/home/lmy/iot-device-classification/dataset/light_T1/round2_normal/light_T1_r2.pcapng,R2,247,2471.431020498276,0.010804760483150272,0.14029591317399467,0.7210824979590144,0.12734379151983374,0.00047303686400693314,Light_T1
/home/lmy/iot-device-classification/dataset/light_T1/round2_normal/light_T1_r2.pcapng,R2,248,2484.477052688598,0.0010293358861073883,0.011037947300649857,6.808401263489653e-05,0.9877552142654008,0.0001094185352071156,Light_T1
/home/lmy/iot-device-classification/dataset/light_T1/round2_normal/light_T1_r2.pcapng,R2,249,2492.8000898361206,0.011919490107420098,0.36155452298667184,0.4304611782686385,0.19556662122260154,0.0004981874146680814,Light_T1
/home/lmy/iot-device-classification/dataset/light_T1/round2_normal/light_T1_r2.pcapng,R2,250,2503.1978030204773,0.005835460549089404,0.4018834376410233,0.48654484930041103,0.10476107354201815,0.0009751789674580361,Light_T1
/home/lmy/iot-device-classification/dataset/light_T1/round2_normal/light_T1_r2.pcapng,R2,251,2511.3908157348637,0.010904172458719708,0.4912499873423809,0.18413770288211787,0.3130016871240121,0.0007064501927693685,Light_T1
/home/lmy/iot-device-classification/dataset/light_T1/round2_normal/light_T1_r2.pcapng,R2,252,2523.9992084503174,0.004657119935844805,0.6667606617396851,0.21165598777408035,0.11662581484129553,0.0003004157090942223,Light_T1
/home/lmy/iot-device-classification/dataset/light_T1/round2_normal/light_T1_r2.pcapng,R2,253,2534.400569677353,0.010543107534307311,0.19036215224952066,0.5059708927241888,0.2925684030240066,0.0005554444679765023,Light_T1
/home/lmy/iot-device-classification/dataset/light_T1/round2_normal/light_T1_r2.pcapng,R2,254,2541.099276542664,0.005166775736659291,0.13570234048200522,0.0004472638565991209,0.8581413543552958,0.0005422655694406601,Light_T1
/home/lmy/iot-device-classification/dataset/light_T1/round2_normal/light_T1_r2.pcapng,R2,255,2553.123117923737,0.00788283130428696,0.3774648344187319,0.4890480757029513,0.12517668152468187,0.00042757704934799206,Light_T1
/home/lmy/iot-device-classification/dataset/light_T1/round2_normal/light_T1_r2.pcapng,R2,256,2561.431973695755,0.010952915858997925,0.11186982818756723,0.7412397587095491,0.13541981957843288,0.0005176776654529222,Light_T1
/home/lmy/iot-device-classification/dataset/light_T1/round2_normal/light_T1_r2.pcapng,R2,257,2570.700761795044,0.007877770944255673,0.05969446217409774,0.0004129881939400056,0.9314697521205849,0.0005450265671217933,Light_T1
/home/lmy/iot-device-classification/dataset/light_T1/round2_normal/light_T1_r2.pcapng,R2,258,2584.327855825424,0.0007769076972721587,0.8452650838177101,0.07842406428596027,0.07514959132663296,0.00038435287242437186,Light_T1
/home/lmy/iot-device-classification/dataset/light_T1/round2_normal/light_T1_r2.pcapng,R2,259,2594.72468662262,0.001009452669604367,0.7219381170064598,0.10426601812142318,0.17214651284292795,0.0006398993595846926,Light_T1
/home/lmy/iot-device-classification/dataset/light_T1/round2_normal/light_T1_r2.pcapng,R2,260,2601.39187169075,0.0019628127456731525,0.7442795944352015,0.14741462306708716,0.10589259523984867,0.0004503745121894132,Light_T1
/home/lmy/iot-device-classification/dataset/light_T1/round2_normal/light_T1_r2.pcapng,R2,261,2614.879992246628,0.014926003070559938,0.26634754330325444,0.3103606023571269,0.4077229465683124,0.000642904700746159,Light_T1
/home/lmy/iot-device-classification/dataset/light_T1/round2_normal/light_T1_r2.pcapng,R2,262,2623.8383979797363,0.02257239566679629,0.6266976092480392,0.026182140727442668,0.3225129507645208,0.002034903593200862,Light_T1
/home/lmy/iot-device-classification/dataset/light_T1/round2_normal/light_T1_r2.pcapng,R2,263,2631.660370111465,0.006432153103231785,0.8432519668638493,0.05340764004907893,0.09639356619627967,0.0005146737875604745,Light_T1
/home/lmy/iot-device-classification/dataset/light_T1/round2_normal/light_T1_r2.pcapng,R2,264,2644.640610218048,0.007924707035614027,0.42389011780468255,0.1843426080935047,0.3827263077515887,0.0011162593146099968,Light_T1
/home/lmy/iot-device-classification/dataset/light_T1/round2_normal/light_T1_r2.pcapng,R2,265,2651.432745695114,0.015774623487436672,0.30141730307626513,0.4465969966899346,0.2349364201097507,0.0012746566366129187,Light_T1
/home/lmy/iot-device-classification/dataset/light_T1/round2_normal/light_T1_r2.pcapng,R2,266,2661.980084657669,0.0053501126262706445,0.0816739466766772,0.015222587325875487,0.8974335995522992,0.00031975381887750713,Light_T1
/home/lmy/iot-device-classification/dataset/light_T1/round2_normal/light_T1_r2.pcapng,R2,267,2674.9391226768494,0.03561078224058962,0.6000175713031068,0.014955301831912078,0.3471044302571919,0.0023119143671993664,Light_T1
/home/lmy/iot-device-classification/dataset/light_T1/round2_normal/light_T1_r2.pcapng,R2,268,2684.9497067928314,0.01149815901435872,0.1680008739161917,0.27897856210088134,0.5409170230852981,0.0006053818832701061,Light_T1
/home/lmy/iot-device-classification/dataset/light_T1/round2_normal/light_T1_r2.pcapng,R2,269,2691.403678894043,0.01306910318959371,0.5532956419541929,0.3200229260210539,0.11285440800172997,0.0007579208334295779,Light_T1
/home/lmy/iot-device-classification/dataset/light_T1/round2_normal/light_T1_r2.pcapng,R2,270,2704.100862979889,0.0032131735840088,0.4741382044550453,0.4918663052318988,0.029848548841035542,0.0009337678880114985,Light_T1
/home/lmy/iot-device-classification/dataset/light_T1/round2_normal/light_T1_r2.pcapng,R2,271,2714.980617284775,0.002577694930882129,0.5565166734365632,0.1085950941197392,0.33113745447059434,0.0011730830422210696,Light_T1
/home/lmy/iot-device-classification/dataset/light_T1/round2_normal/light_T1_r2.pcapng,R2,272,2722.270353078842,0.002673330268911897,0.8204556982011562,0.0548103239452742,0.12158734451329509,0.0004733030713626529,Light_T1
/home/lmy/iot-device-classification/dataset/light_T1/round2_normal/light_T1_r2.pcapng,R2,273,2735.110841751098,0.003959084521773249,0.6874543348754445,0.06291708424417321,0.24466884197789449,0.0010006543807145566,Light_T1
/home/lmy/iot-device-classification/dataset/light_T1/round2_normal/light_T1_r2.pcapng,R2,274,2741.4325749874115,0.008240461376766078,0.1699537011368682,0.6115358578866436,0.20977759668328508,0.0004923829164371024,Light_T1
/home/lmy/iot-device-classification/dataset/light_T1/round2_normal/light_T1_r2.pcapng,R2,275,2752.4600672721863,0.003580174372069429,0.7865535797090576,0.08909217534717363,0.12035441339638767,0.0004196571753116611,Light_T1
/home/lmy/iot-device-classification/dataset/light_T1/round2_normal/light_T1_r2.pcapng,R2,276,2765.0299174785614,0.0038013255964278432,0.8870322509026156,0.02922950865454661,0.07937763032628974,0.0005592845201199498,Light_T1
/home/lmy/iot-device-classification/dataset/light_T1/round2_normal/light_T1_r2.pcapng,R2,277,2775.038736343384,0.0017498964636918713,0.5654951098388953,0.024304905325770575,0.40769038026392834,0.0007597081077140266,Light_T1
/home/lmy/iot-device-classification/dataset/light_T1/round2_normal/light_T1_r2.pcapng,R2,278,2781.39088010788,0.010903439591455939,0.4079318653501061,0.0019290696168965762,0.5782938052957564,0.0009418201457849215,Light_T1
/home/lmy/iot-device-classification/dataset/light_T1/round2_normal/light_T1_r2.pcapng,R2,279,2794.7808129787445,0.0017888984313653565,0.4422872809701302,0.5189548970111189,0.036179657624844784,0.0007892659625408737,Light_T1
/home/lmy/iot-device-classification/dataset/light_T1/round2_normal/light_T1_r2.pcapng,R2,280,2804.7978644371037,0.001396561700897147,0.6951777467106114,0.23980501547029273,0.06295167043409125,0.0006690056841074612,Light_T1
/home/lmy/iot-device-classification/dataset/light_T1/round2_normal/light_T1_r2.pcapng,R2,281,2815.0806539058685,0.02379408579601381,0.8425052467618643,0.024315545607612454,0.10756791844343308,0.0018172033910764506,Light_T1
/home/lmy/iot-device-classification/dataset/light_T1/round2_normal/light_T1_r2.pcapng,R2,282,2823.6698985099792,0.009579373662483846,0.4731607798373414,0.36015141900586567,0.1565232772762506,0.0005851502180586119,Light_T1
/home/lmy/iot-device-classification/dataset/light_T1/round2_normal/light_T1_r2.pcapng,R2,283,2831.430093050003,0.003412696435061939,0.45954563126174774,0.42305348896847594,0.11297711483324761,0.001011068501466922,Light_T1
/home/lmy/iot-device-classification/dataset/light_T1/round2_normal/light_T1_r2.pcapng,R2,284,2845.110908508301,0.00681009844126599,0.7597002989436714,0.04956717374736087,0.18313663087988277,0.0007857979878190694,Light_T1
/home/lmy/iot-device-classification/dataset/light_T1/round2_normal/light_T1_r2.pcapng,R2,285,2855.1197912693024,0.029752434234637408,0.7288055293271193,0.09975083841812053,0.1395507184524887,0.0021404795676339167,Light_T1
/home/lmy/iot-device-classification/dataset/light_T1/round2_normal/light_T1_r2.pcapng,R2,286,2865.119833469391,0.01269748489140826,0.358058074121134,0.14869676694304818,0.47958043452934046,0.0009672395150690515,Light_T1
/home/lmy/iot-device-classification/dataset/light_T1/round2_normal/light_T1_r2.pcapng,R2,287,2871.391262292862,0.003915480432863987,0.41697108260854404,0.20161944594682335,0.37597734452185944,0.0015166464899090725,Light_T1
/home/lmy/iot-device-classification/dataset/light_T1/round2_normal/light_T1_r2.pcapng,R2,288,2881.4295148849487,0.012087210721380795,0.8758266501483919,0.00836951241210208,0.10261370562587425,0.0011029210922510716,Light_T1
/home/lmy/iot-device-classification/dataset/light_T1/round2_normal/light_T1_r2.pcapng,R2,289,2895.159012079239,0.0030952332353655714,0.31014830546519423,0.5172873530129787,0.1681811482173682,0.0012879600690933516,Light_T1
/home/lmy/iot-device-classification/dataset/light_T1/round2_normal/light_T1_r2.pcapng,R2,290,2905.1716907024384,0.007027280369955961,0.7302349165735352,0.07603673124199087,0.1859970115702615,0.0007040602442561725,Light_T1
/home/lmy/iot-device-classification/dataset/light_T1/round2_normal/light_T1_r2.pcapng,R2,291,2916.3900578022003,0.010470689892308059,0.31603131604558915,0.2927870435858149,0.3801587004642262,0.0005522500120618181,Light_T1
/home/lmy/iot-device-classification/dataset/light_T1/round2_normal/light_T1_r2.pcapng,R2,292,2921.43217420578,0.003049006321982097,0.29916761028434824,0.631955854431865,0.0648043068746745,0.0010232220871302714,Light_T1
/home/lmy/iot-device-classification/dataset/light_T1/round2_normal/light_T1_r2.pcapng,R2,293,2935.2010502815247,0.00883942586729916,0.6107438086813669,0.06443503844634887,0.31502804951951485,0.0009536774854701288,Light_T1
/home/lmy/iot-device-classification/dataset/light_T1/round2_normal/light_T1_r2.pcapng,R2,294,2945.2095181941986,0.01250875163455136,0.5316677108547508,0.11792404829965741,0.33708252559102714,0.000816963620013281,Light_T1
/home/lmy/iot-device-classification/dataset/light_T1/round2_normal/light_T1_r2.pcapng,R2,295,2955.219544649124,0.01921242622983615,0.3058535412690322,0.012418033338651865,0.6605419640518408,0.001974035110639044,Light_T1
/home/lmy/iot-device-classification/dataset/light_T1/round2_normal/light_T1_r2.pcapng,R2,296,2961.389438152313,0.006821860398459532,0.16793329087346584,0.0006438485875908945,0.8239605602713779,0.0006404398691058212,Light_T1
/home/lmy/iot-device-classification/dataset/light_T1/round2_normal/light_T1_r2.pcapng,R2,297,2973.8984882831573,0.006370699210433737,0.5824197992896509,0.04729615229449931,0.3625960280700944,0.0013173211353216564,Light_T1
/home/lmy/iot-device-classification/dataset/light_T1/round2_normal/light_T1_r2.pcapng,R2,298,2985.2492434978485,0.007115102495333849,0.2791940789652191,0.032093193575615866,0.680189798449509,0.001407826514322221,Light_T1
/home/lmy/iot-device-classification/dataset/light_T1/round2_normal/light_T1_r2.pcapng,R2,299,2995.2594060897827,0.006506598704430941,0.72110751260384,0.0926977940319867,0.17913369824262498,0.0005543964171173625,Light_T1
/home/lmy/iot-device-classification/dataset/light_T1/round2_normal/light_T1_r2.pcapng,R2,300,3005.273759365082,0.004271687904374754,0.03299808465394278,0.0001557868662625366,0.9622448488881165,0.0003295916873035289,Light_T1
/home/lmy/iot-device-classification/dataset/light_T1/round2_normal/light_T1_r2.pcapng,R2,301,3011.432945728302,0.03307824440824357,0.48130654070593365,0.013168946656520884,0.47016273661195007,0.0022835316173517722,Light_T1
/home/lmy/iot-device-classification/dataset/light_T1/round2_normal/light_T1_r2.pcapng,R2,302,3024.141117811203,0.0037297457816226295,0.8948643726611356,0.036981450975177424,0.06400274918578892,0.0004216813962754514,Light_T1
/home/lmy/iot-device-classification/dataset/light_T1/round2_normal/light_T1_r2.pcapng,R2,303,3030.1612243652344,0.015982439963118645,0.819116135599034,0.015575566389097172,0.14812998527578758,0.0011958727729626613,Light_T1
/home/lmy/iot-device-classification/dataset/light_T1/round2_normal/light_T1_r2.pcapng,R2,304,3040.0367937088013,0.028060136433417458,0.3708440365681065,0.013004964571945407,0.5856842556065053,0.0024066068200253566,Light_T1
/home/lmy/iot-device-classification/dataset/light_T1/round2_normal/light_T1_r2.pcapng,R2,305,3050.037605524063,0.014746951590358104,0.599785032397741,0.07113689455708568,0.31262846905723446,0.0017026523975808433,Light_T1
/home/lmy/iot-device-classification/dataset/light_T1/round2_normal/light_T1_r2.pcapng,R2,306,3060.0393080711365,0.018383259615109143,0.7951762405959338,0.014129493326824907,0.17106654180866662,0.0012444646534653181,Light_T1
/home/lmy/iot-device-classification/dataset/light_T1/round2_normal/light_T1_r2.pcapng,R2,307,3070.084319114685,0.023837056078585987,0.5679448295970305,0.011642197605913479,0.39456368260655067,0.0020122341119194003,Light_T1
/home/lmy/iot-device-classification/dataset/light_T1/round2_normal/light_T1_r2.pcapng,R2,308,3080.08390212059,0.006455522898485842,0.7979356874728654,0.05101007366630676,0.1438290511265099,0.0007696648358318695,Light_T1
/home/lmy/iot-device-classification/dataset/light_T1/round2_normal/light_T1_r2.pcapng,R2,309,3090.284759044647,0.005586807598517185,0.5282498814914404,0.3970538653531451,0.06772588485955737,0.001383560697340035,Light_T1
/home/lmy/iot-device-classification/dataset/light_T1/round2_normal/light_T1_r2.pcapng,R2,310,3100.2848887443542,0.014303172079263545,0.8336598116838689,0.011912880606177538,0.13882545154974305,0.0012986840809469634,Light_T1
/home/lmy/iot-device-classification/dataset/light_T1/round2_normal/light_T1_r2.pcapng,R2,311,3110.1166863441467,0.0028169823225158677,0.479893846034122,0.34679035507786915,0.16928564112957623,0.0012131754359167618,Light_T1
/home/lmy/iot-device-classification/dataset/light_T1/round2_normal/light_T1_r2.pcapng,R2,312,3120.375426530838,0.013878023111914523,0.7362317164178376,0.005634373811846994,0.24297071147985583,0.0012851751785451417,Light_T1
/home/lmy/iot-device-classification/dataset/light_T1/round2_normal/light_T1_r2.pcapng,R2,313,3130.0702378749847,0.012887651486117008,0.5060253140514528,0.028588619755580563,0.4507331858653054,0.00176522884154429,Light_T1
/home/lmy/iot-device-classification/dataset/light_T1/round2_normal/light_T1_r2.pcapng,R2,314,3140.5764198303223,0.00856927517160309,0.21617398576586072,0.0010050131921102488,0.7735227928284606,0.0007289330419654103,Light_T1
/home/lmy/iot-device-classification/dataset/light_T1/round2_normal/light_T1_r2.pcapng,R2,315,3150.018163442612,0.003910599295249585,0.45167597202243387,0.23640402236552677,0.3066702122143296,0.0013391941024603025,Light_T1
/home/lmy/iot-device-classification/dataset/light_T1/round2_normal/light_T1_r2.pcapng,R2,316,3161.1643917560577,0.0027828663787066187,0.23792222265600577,0.6469147392430646,0.1112245752574019,0.0011555964648210994,Light_T1
/home/lmy/iot-device-classification/dataset/light_T1/round2_normal/light_T1_r2.pcapng,R2,317,3170.277452468872,0.0038161132735382835,0.03437321073829862,0.0001471219973877585,0.9613475248282556,0.0003160291625198094,Light_T1
/home/lmy/iot-device-classification/dataset/light_T1/round2_normal/light_T1_r2.pcapng,R2,318,3180.1664321422577,0.00907851380038915,0.5690290422615037,0.24875800899130607,0.17244294082080086,0.000691494126000096,Light_T1
/home/lmy/iot-device-classification/dataset/light_T1/round2_normal/light_T1_r2.pcapng,R2,319,3190.268508434296,0.006623523383510354,0.331857240605167,0.5226835673118512,0.13733647878241886,0.0014991899170525825,Light_T1
/home/lmy/iot-device-classification/dataset/light_T1/round2_normal/light_T1_r2.pcapng,R2,320,3200.296185731888,0.015136814449673195,0.774722823957511,0.007965688571258144,0.20085240910697344,0.0013222639145841846,Light_T1
/home/lmy/iot-device-classification/dataset/light_T1/round2_normal/light_T1_r2.pcapng,R2,321,3210.367684364319,0.003263638240301497,0.6392594279409265,0.13231907467418444,0.224455151636237,0.0007027075083505913,Light_T1
/home/lmy/iot-device-classification/dataset/light_T1/round2_normal/light_T1_r2.pcapng,R2,322,3220.448003768921,0.0017948473759724897,0.520271100235384,0.3531449320263188,0.12381014889322156,0.0009789714691031198,Light_T1
/home/lmy/iot-device-classification/dataset/light_T1/round2_normal/light_T1_r2.pcapng,R2,323,3230.517600297928,0.002037291649298933,0.7029095507081977,0.18824717225203857,0.1062429784981256,0.0005630068923392264,Light_T1
/home/lmy/iot-device-classification/dataset/light_T1/round2_normal/light_T1_r2.pcapng,R2,324,3240.5893592834477,0.0050422575625427984,0.1564798843138565,0.0003962995245277177,0.8375461952633819,0.000535363335691029,Light_T1
/home/lmy/iot-device-classification/dataset/light_T1/round2_normal/light_T1_r2.pcapng,R2,325,3250.6495146751404,0.002262111733108314,0.5373195804587444,0.13123991436238508,0.3281507850806603,0.001027608365101931,Light_T1
/home/lmy/iot-device-classification/dataset/light_T1/round2_normal/light_T1_r2.pcapng,R2,326,3260.698927879333,0.012004642444146795,0.6376430060326482,0.06168779080627572,0.28724322502920274,0.0014213356877264658,Light_T1
/home/lmy/iot-device-classification/dataset/light_T1/round2_normal/light_T1_r2.pcapng,R2,327,3270.778807401657,0.002339789962302429,0.3254484947756384,0.09944003455025227,0.5717440268776182,0.0010276538341886996,Light_T1
/home/lmy/iot-device-classification/dataset/light_T1/round2_normal/light_T1_r2.pcapng,R2,328,3280.8198590278625,0.008496667197543536,0.5295736283104258,0.1789770012720369,0.28098978207521746,0.0019629211447764194,Light_T1
/home/lmy/iot-device-classification/dataset/light_T1/round2_normal/light_T1_r2.pcapng,R2,329,3290.889787197113,0.00856404080188222,0.8373611857456233,0.022358201109823436,0.13098507997952846,0.0007314923631426298,Light_T1
/home/lmy/iot-device-classification/dataset/light_T1/round2_normal/light_T1_r2.pcapng,R2,330,3300.9715161323547,0.011864703966473667,0.6146547971029888,0.09622115303671365,0.2765222194087863,0.0007371264850377983,Light_T1
/home/lmy/iot-device-classification/dataset/light_T1/round2_normal/light_T1_r2.pcapng,R2,331,3311.0109119415283,0.0018797781420566324,0.5344998987503713,0.2547049296200248,0.20786859479362368,0.0010467986939235996,Light_T1
/home/lmy/iot-device-classification/dataset/light_T1/round2_normal/light_T1_r2.pcapng,R2,332,3321.09056019783,0.005387291422989799,0.63061068013836,0.22528268158079107,0.13813896593425434,0.0005803809236047258,Light_T1
/home/lmy/iot-device-classification/dataset/light_T1/round2_normal/light_T1_r2.pcapng,R2,333,3331.181523799896,0.0035470935627041475,0.5739113608556968,0.13528774639971247,0.28626124441117495,0.0009925547707116894,Light_T1
/home/lmy/iot-device-classification/dataset/light_T1/round2_normal/light_T1_r2.pcapng,R2,334,3341.261286497116,0.0022608747629360567,0.26844475363507425,0.09102272931974023,0.637086561761345,0.0011850805209044546,Light_T1
/home/lmy/iot-device-classification/dataset/light_T1/round2_normal/light_T1_r2.pcapng,R2,335,3351.331820964813,0.003097244549623379,0.7859460869034287,0.11716669025169678,0.0934209506388914,0.00036902765635969957,Light_T1
/home/lmy/iot-device-classification/dataset/light_T1/round2_normal/light_T1_r2.pcapng,R2,336,3361.37179851532,0.008462909810904496,0.4721933464873811,0.28289214612953967,0.2360002957786138,0.0004513017935608245,Light_T1
/home/lmy/iot-device-classification/dataset/light_T1/round2_normal/light_T1_r2.pcapng,R2,337,3371.4224231243134,0.009084459390825486,0.48980894842706735,0.16451751018430413,0.3357300201640702,0.0008590618337329841,Light_T1
/home/lmy/iot-device-classification/dataset/light_T1/round2_normal/light_T1_r2.pcapng,R2,338,3381.5020809173584,0.00655656650483324,0.850309685396801,0.03064596683371518,0.11183104252646507,0.000656738738185563,Light_T1
/home/lmy/iot-device-classification/dataset/light_T1/round2_normal/light_T1_r2.pcapng,R2,339,3391.582926750183,0.0014835775849021758,0.4358118882067252,0.5088023483025031,0.05312126172748645,0.0007809241783830022,Light_T1
/home/lmy/iot-device-classification/dataset/light_T1/round2_normal/light_T1_r2.pcapng,R2,340,3401.6128594875336,0.004886880752245299,0.5780313996786917,0.09903119004405303,0.3165541992720847,0.0014963302529252215,Light_T1
/home/lmy/iot-device-classification/dataset/light_T1/round2_normal/light_T1_r2.pcapng,R2,341,3411.4058542251587,0.00840527590949773,0.3293868776486611,0.32015564257682044,0.341191732717524,0.0008604711474967189,Light_T1
/home/lmy/iot-device-classification/dataset/light_T1/round2_normal/light_T1_r2.pcapng,R2,342,3421.743453502655,0.0056337320925772105,0.34392419229840426,0.10524026286195003,0.5448175375874155,0.0003842751596529562,Light_T1
/home/lmy/iot-device-classification/dataset/light_T1/round2_normal/light_T1_r2.pcapng,R2,343,3431.8256409168243,0.002520117980138994,0.5876220416049263,0.2412073763903308,0.1675235771763039,0.0011268868482999556,Light_T1
/home/lmy/iot-device-classification/dataset/light_T1/round2_normal/light_T1_r2.pcapng,R2,344,3441.9042341709137,0.00855226335548985,0.7638659967056994,0.0720980252802323,0.15446845540932577,0.0010152592492525577,Light_T1
/home/lmy/iot-device-classification/dataset/light_T1/round2_normal/light_T1_r2.pcapng,R2,345,3451.9439985752106,0.006084798170811271,0.6799861729909445,0.13472552107113514,0.1779590112499619,0.0012444965171471505,Light_T1
/home/lmy/iot-device-classification/dataset/light_T1/round2_normal/light_T1_r2.pcapng,R2,346,3461.4524614810944,0.03094322303330808,0.6644214867777434,0.01189606997313874,0.2906902472215887,0.0020489729942209235,Light_T1
/home/lmy/iot-device-classification/dataset/light_T1/round2_normal/light_T1_r2.pcapng,R2,347,3472.094345808029,0.0029714558262132445,0.7852776507667691,0.12577205055788568,0.08568007908832405,0.00029876376080796606,Light_T1
/home/lmy/iot-device-classification/dataset/light_T1/round2_normal/light_T1_r2.pcapng,R2,348,3482.176838874817,0.010379845251238895,0.6358229771198811,0.07776929771189883,0.27417291477905537,0.001854965137925814,Light_T1
/home/lmy/iot-device-classification/dataset/light_T1/round2_normal/light_T1_r2.pcapng,R2,349,3491.620827198029,0.0022268761509038476,0.4514746962555447,0.22421638847168185,0.3208850381188584,0.001197001003011194,Light_T1
/home/lmy/iot-device-classification/dataset/light_T1/round2_normal/light_T1_r2.pcapng,R2,350,3501.4078040122986,0.004497518128543978,0.639947280350035,0.2096849091194011,0.14529596509403098,0.0005743273079887915,Light_T1
/home/lmy/iot-device-classification/dataset/light_T1/round2_normal/light_T1_r2.pcapng,R2,351,3512.3356478214264,0.007205125023632619,0.6985810640121242,0.13989368912180727,0.15379349813324955,0.0005266237091863244,Light_T1
/home/lmy/iot-device-classification/dataset/light_T1/round2_normal/light_T1_r2.pcapng,R2,352,3522.4555196762085,0.020583486739554173,0.4090113688315639,0.06101128747972498,0.5066957068102453,0.0026981501389115683,Light_T1
/home/lmy/iot-device-classification/dataset/light_T1/round2_normal/light_T1_r2.pcapng,R2,353,3530.006614923477,0.01360079655359137,0.3680460155254225,0.007000367653579319,0.6098971959474331,0.0014556243199737213,Light_T1
/home/lmy/iot-device-classification/dataset/light_T1/round2_normal/light_T1_r2.pcapng,R2,354,3542.5357501506805,0.016097234315223995,0.2630194655300726,0.4446679145693384,0.27554319772645064,0.0006721878589143373,Light_T1
/home/lmy/iot-device-classification/dataset/light_T1/round2_normal/light_T1_r2.pcapng,R2,355,3551.4477813243866,0.0032165109991278674,0.4368264528572475,0.47452352475195675,0.08461504258006729,0.0008184688116006881,Light_T1
/home/lmy/iot-device-classification/dataset/light_T1/round2_normal/light_T1_r2.pcapng,R2,356,3560.040723800659,0.020641383958556022,0.45072387328241165,0.00554703430400813,0.5213947714289381,0.0016929370260861504,Light_T1
/home/lmy/iot-device-classification/dataset/light_T1/round2_normal/light_T1_r2.pcapng,R2,357,3572.3382782936096,0.010355239119324223,0.39981364128325286,0.3936182850245338,0.19570740670349296,0.0005054278693960829,Light_T1
/home/lmy/iot-device-classification/dataset/light_T1/round2_normal/light_T1_r2.pcapng,R2,358,3582.816834926605,0.009831109529207488,0.6337030472744855,0.07548355818841408,0.2791846384339319,0.0017976465739610351,Light_T1
/home/lmy/iot-device-classification/dataset/light_T1/round2_normal/light_T1_r2.pcapng,R2,359,3590.055619239807,0.009856455609541388,0.27390659162156417,0.3896492924474541,0.3260213134588741,0.0005663468625661856,Light_T1
/home/lmy/iot-device-classification/dataset/light_T1/round2_normal/light_T1_r2.pcapng,R2,360,3602.983729839325,0.008486281831154484,0.8796268970388076,0.00987876377893932,0.10130144827335633,0.0007066090777422152,Light_T1
/home/lmy/iot-device-classification/dataset/light_T1/round2_normal/light_T1_r2.pcapng,R2,361,3613.027407884598,0.02319225327015006,0.5107139702908583,0.011215787167309837,0.45277861758345506,0.002099371688226755,Light_T1
/home/lmy/iot-device-classification/dataset/light_T1/round2_normal/light_T1_r2.pcapng,R2,362,3620.0675797462463,0.18363629846706894,0.4227450581385552,0.0408387084882231,0.34937533464148995,0.003404600264662901,Light_T1
/home/lmy/iot-device-classification/dataset/light_xm/round2_normal/light_xm_r2.pcapng,R2,0,0.0,0.0009805465843015177,0.15035406997362616,0.8290149751257992,0.01912573715294577,0.0005246711633271389,Light_XM
/home/lmy/iot-device-classification/dataset/light_xm/round2_normal/light_xm_r2.pcapng,R2,1,11.603658437728882,0.002611869176981011,0.4237679782428495,0.34545158707837437,0.22691088073264032,0.0012576847691546265,Light_XM
/home/lmy/iot-device-classification/dataset/light_xm/round2_normal/light_xm_r2.pcapng,R2,2,23.14648962020874,0.000997219221535829,0.12247077232571882,0.8600032572103722,0.016037492075378527,0.0004912591669945667,Light_XM
/home/lmy/iot-device-classification/dataset/light_xm/round2_normal/light_xm_r2.pcapng,R2,3,32.234774351119995,0.0008041129029621995,0.10688985741486796,0.8815936230002217,0.010312881361421023,0.000399525320527245,Light_XM
/home/lmy/iot-device-classification/dataset/light_xm/round2_normal/light_xm_r2.pcapng,R2,4,41.66246724128723,0.0027321555898123765,0.310179100133279,0.38566899603024607,0.30003271618645966,0.0013870320602028753,Light_XM
/home/lmy/iot-device-classification/dataset/light_xm/round2_normal/light_xm_r2.pcapng,R2,5,53.38636016845703,0.0008035829724773567,0.12297248791431628,0.8653619242800151,0.010461668695743819,0.0004003361374474352,Light_XM
/home/lmy/iot-device-classification/dataset/light_xm/round2_normal/light_xm_r2.pcapng,R2,6,63.3742253780365,0.0006165800739174875,0.08103281121731347,0.9118227245826422,0.006217753946673733,0.0003101301794529978,Light_XM
/home/lmy/iot-device-classification/dataset/light_xm/round2_normal/light_xm_r2.pcapng,R2,7,71.6906168460846,0.0025992630896725516,0.3327423308255203,0.06730315279258076,0.5962624808502218,0.0010927724420047146,Light_XM
/home/lmy/iot-device-classification/dataset/light_xm/round2_normal/light_xm_r2.pcapng,R2,8,83.49330306053162,0.002403995690372234,0.523116766380569,0.35903588408563836,0.11443603071001618,0.001007323133404287,Light_XM
/home/lmy/iot-device-classification/dataset/light_xm/round2_normal/light_xm_r2.pcapng,R2,9,92.9167890548706,0.0012473026906537645,0.1026241761760066,0.8753932270210159,0.020182702044189555,0.0005525920681342055,Light_XM
/home/lmy/iot-device-classification/dataset/light_xm/round2_normal/light_xm_r2.pcapng,R2,10,100.51754593849182,0.002048848450074374,0.27899114678736797,0.661370956044854,0.056705731028165174,0.000883317689538562,Light_XM
/home/lmy/iot-device-classification/dataset/light_xm/round2_normal/light_xm_r2.pcapng,R2,11,113.67904281616212,0.002115795902910897,0.29741421305291993,0.35065708865906975,0.34851566654558175,0.0012972358395176521,Light_XM
/home/lmy/iot-device-classification/dataset/light_xm/round2_normal/light_xm_r2.pcapng,R2,12,123.7737114429474,0.0019028617137290566,0.30304873538685106,0.6397850623023168,0.05440173332925724,0.0008616072678458019,Light_XM
/home/lmy/iot-device-classification/dataset/light_xm/round2_normal/light_xm_r2.pcapng,R2,13,131.7607307434082,0.0037830974645005275,0.3649489743922522,0.45498601054101606,0.1747640990608111,0.0015178185414199976,Light_XM
/home/lmy/iot-device-classification/dataset/light_xm/round2_normal/light_xm_r2.pcapng,R2,14,143.87319159507751,0.0009024262885215256,0.09967902810628883,0.8848598878279826,0.014101316944062572,0.00045734083314449245,Light_XM
/home/lmy/iot-device-classification/dataset/light_xm/round2_normal/light_xm_r2.pcapng,R2,15,153.2479808330536,0.0008871100979947518,0.0975784433681362,0.8883169188465794,0.012775517769656226,0.00044200991763339157,Light_XM
/home/lmy/iot-device-classification/dataset/light_xm/round2_normal/light_xm_r2.pcapng,R2,16,161.7976336479187,0.013306751335026597,0.28931202566248787,0.01894991216809548,0.6766146699798726,0.0018166408545174989,Light_XM
/home/lmy/iot-device-classification/dataset/light_xm/round2_normal/light_xm_r2.pcapng,R2,17,174.0368950366974,0.0009331350380521156,0.10997167856159733,0.8750918458888032,0.013547473849870954,0.0004558666616764577,Light_XM
/home/lmy/iot-device-classification/dataset/light_xm/round2_normal/light_xm_r2.pcapng,R2,18,184.07671642303467,0.0006743106105725695,0.06751624600378821,0.9231766842442309,0.008286423645498036,0.0003463354959100599,Light_XM
/home/lmy/iot-device-classification/dataset/light_xm/round2_normal/light_xm_r2.pcapng,R2,19,191.8262059688568,0.002324326118065199,0.2134340264671062,0.7097158073790667,0.07354044784258754,0.0009853921931744143,Light_XM
/home/lmy/iot-device-classification/dataset/light_xm/round2_normal/light_xm_r2.pcapng,R2,20,204.23128151893616,0.0006346180274476988,0.06702332524645738,0.9252176349451459,0.006803411363311056,0.0003210104176380259,Light_XM
/home/lmy/iot-device-classification/dataset/light_xm/round2_normal/light_xm_r2.pcapng,R2,21,212.03473091125488,0.0009544290581431767,0.12203759079271585,0.863591844766331,0.012957491609260494,0.00045864377354946944,Light_XM
/home/lmy/iot-device-classification/dataset/light_xm/round2_normal/light_xm_r2.pcapng,R2,22,221.8657670021057,0.002007331828708493,0.2697874147892505,0.6069018292624493,0.12022963275663427,0.0010737913629575231,Light_XM
/home/lmy/iot-device-classification/dataset/light_xm/round2_normal/light_xm_r2.pcapng,R2,23,234.37344026565552,0.001019217828629058,0.11270156794425419,0.8650677879773002,0.020678833411768318,0.0005325928380482811,Light_XM
/home/lmy/iot-device-classification/dataset/light_xm/round2_normal/light_xm_r2.pcapng,R2,24,242.6943678855896,0.0023527120740761214,0.4552275443303037,0.2518841058836063,0.2893112146253196,0.0012244230866942216,Light_XM
/home/lmy/iot-device-classification/dataset/light_xm/round2_normal/light_xm_r2.pcapng,R2,25,251.90243196487427,0.0031539507947273174,0.21623056575552352,0.17622634748636476,0.6030309334853481,0.001358202478036317,Light_XM
/home/lmy/iot-device-classification/dataset/light_xm/round2_normal/light_xm_r2.pcapng,R2,26,264.2095994949341,0.0008515843083401997,0.09555121426700826,0.8921059152496662,0.01107082006073501,0.0004204661142503865,Light_XM
/home/lmy/iot-device-classification/dataset/light_xm/round2_normal/light_xm_r2.pcapng,R2,27,272.5356311798096,0.002085183487342947,0.23625907112394554,0.6609792394531459,0.09960741970659397,0.001069086228971709,Light_XM
/home/lmy/iot-device-classification/dataset/light_xm/round2_normal/light_xm_r2.pcapng,R2,28,281.93178820610046,0.006043292540645846,0.35221567104848933,0.0930042209775018,0.5469505660637436,0.001786249369619505,Light_XM
/home/lmy/iot-device-classification/dataset/light_xm/round2_normal/light_xm_r2.pcapng,R2,29,293.8183398246765,0.0007838351544546979,0.08303193162658686,0.9052782737536977,0.010511823804068746,0.00039413566119184785,Light_XM
/home/lmy/iot-device-classification/dataset/light_xm/round2_normal/light_xm_r2.pcapng,R2,30,304.15025305747986,0.0011066441785541887,0.09813943273947982,0.8852712045684523,0.014997842614564886,0.0004848758989487304,Light_XM
/home/lmy/iot-device-classification/dataset/light_xm/round2_normal/light_xm_r2.pcapng,R2,31,310.2698678970337,0.0021772009935517992,0.40617918333904823,0.4514183149180144,0.13911765430086287,0.0011076464485227369,Light_XM
/home/lmy/iot-device-classification/dataset/light_xm/round2_normal/light_xm_r2.pcapng,R2,32,323.0055410861969,0.0006342052641602051,0.06603729270284074,0.9259068478590864,0.0070969589288350805,0.00032469524507746376,Light_XM
/home/lmy/iot-device-classification/dataset/light_xm/round2_normal/light_xm_r2.pcapng,R2,33,333.5216815471649,0.002037357671324859,0.23035294543744544,0.6994488899830047,0.06723191523746992,0.000928891670754989,Light_XM
/home/lmy/iot-device-classification/dataset/light_xm/round2_normal/light_xm_r2.pcapng,R2,34,342.0093212127685,0.0022084355266595705,0.21505831850163726,0.1331425538399466,0.6484526016792843,0.0011380904524722045,Light_XM
/home/lmy/iot-device-classification/dataset/light_xm/round2_normal/light_xm_r2.pcapng,R2,35,354.2194304466248,0.0007279801797775504,0.09013864889713724,0.8997784176546585,0.00898285793137184,0.00037209533705467,Light_XM
/home/lmy/iot-device-classification/dataset/light_xm/round2_normal/light_xm_r2.pcapng,R2,36,360.289489030838,0.0007834955275631548,0.12977143209831887,0.8578773905630142,0.0111503104700706,0.00041737134103304895,Light_XM
/home/lmy/iot-device-classification/dataset/light_xm/round2_normal/light_xm_r2.pcapng,R2,37,372.0240700244904,0.010384845578337656,0.31522673678874713,0.21133021316242517,0.46101988967497415,0.002038314795515831,Light_XM
/home/lmy/iot-device-classification/dataset/light_xm/round2_normal/light_xm_r2.pcapng,R2,38,380.9569046497345,0.0017002813355478964,0.45916835845166853,0.4490249686358543,0.08917236572792221,0.000934025849007133,Light_XM
/home/lmy/iot-device-classification/dataset/light_xm/round2_normal/light_xm_r2.pcapng,R2,39,394.1720576286316,0.0013375080952863975,0.1044095355987571,0.869348517023749,0.02431314104246386,0.0005912982397435234,Light_XM
/home/lmy/iot-device-classification/dataset/light_xm/round2_normal/light_xm_r2.pcapng,R2,40,400.53301072120667,0.001979301760551123,0.2959084780959352,0.5906717015902366,0.11039152364063201,0.0010489949126451005,Light_XM
/home/lmy/iot-device-classification/dataset/light_xm/round2_normal/light_xm_r2.pcapng,R2,41,415.3385963439941,0.0010056373536389937,0.13650356350379086,0.8434885456195488,0.018482516070901532,0.0005197374521198432,Light_XM
/home/lmy/iot-device-classification/dataset/light_xm/round2_normal/light_xm_r2.pcapng,R2,42,423.64972043037415,0.000862758880739825,0.13428571619307383,0.8520071288778472,0.012404508771833874,0.00043988727650525524,Light_XM
/home/lmy/iot-device-classification/dataset/light_xm/round2_normal/light_xm_r2.pcapng,R2,43,432.1755132675171,0.006790927171363537,0.3900288072315317,0.24424327135873375,0.35774635031616947,0.001190643922201676,Light_XM
/home/lmy/iot-device-classification/dataset/light_xm/round2_normal/light_xm_r2.pcapng,R2,44,440.7406449317932,0.0007625455452404378,0.1073996855683864,0.8814290856149569,0.010013566466881814,0.0003951168045342907,Light_XM
/home/lmy/iot-device-classification/dataset/light_xm/round2_normal/light_xm_r2.pcapng,R2,45,455.01666951179504,0.0009963946622087495,0.08701770224853697,0.8989419568341005,0.012600652012539045,0.0004432942426147579,Light_XM
/home/lmy/iot-device-classification/dataset/light_xm/round2_normal/light_xm_r2.pcapng,R2,46,462.0816683769226,0.008829388454604771,0.10409354515959378,0.8091300016976536,0.07755679295021978,0.0003902717379279771,Light_XM
/home/lmy/iot-device-classification/dataset/light_xm/round2_normal/light_xm_r2.pcapng,R2,47,473.5387644767761,0.0011567548265226095,0.39361448580146297,0.5689575399774645,0.0356281129943378,0.0006431064002121765,Light_XM
/home/lmy/iot-device-classification/dataset/light_xm/round2_normal/light_xm_r2.pcapng,R2,48,481.04029965400696,0.0006655809495543064,0.1029444936018234,0.8883497749955097,0.007693542115219799,0.00034660833789286396,Light_XM
/home/lmy/iot-device-classification/dataset/light_xm/round2_normal/light_xm_r2.pcapng,R2,49,492.0880286693573,0.010089058130512984,0.19976370585364975,0.6505050635964817,0.139036899862026,0.0006052725573295551,Light_XM
/home/lmy/iot-device-classification/dataset/light_xm/round2_normal/light_xm_r2.pcapng,R2,50,506.12729239463806,0.0009451898465262524,0.14546451175465122,0.8359784406625287,0.017124701429702915,0.0004871563065907434,Light_XM
/home/lmy/iot-device-classification/dataset/light_xm/round2_normal/light_xm_r2.pcapng,R2,51,514.1094024181366,0.001082748981813083,0.1749122593330677,0.8074023471395294,0.016090224512456286,0.0005124200331336393,Light_XM
/home/lmy/iot-device-classification/dataset/light_xm/round2_normal/light_xm_r2.pcapng,R2,52,521.1890659332275,0.002277277952020374,0.3534321214888712,0.13144014617244404,0.5117210394733271,0.0011294149133371557,Light_XM
/home/lmy/iot-device-classification/dataset/light_xm/round2_normal/light_xm_r2.pcapng,R2,53,534.1559271812439,0.0008652693531880243,0.11866535401473476,0.8689048364987824,0.011140285842289174,0.0004242542910057372,Light_XM
/home/lmy/iot-device-classification/dataset/light_xm/round2_normal/light_xm_r2.pcapng,R2,54,546.3195931911469,0.0014389091513086099,0.29143192179768573,0.6624529547458528,0.04392390325949517,0.0007523110456577643,Light_XM
/home/lmy/iot-device-classification/dataset/light_xm/round2_normal/light_xm_r2.pcapng,R2,55,552.1379358768463,0.017680683659133827,0.1580863532171959,0.29594205581047356,0.5275547483129092,0.0007361590002874965,Light_XM
/home/lmy/iot-device-classification/dataset/light_xm/round2_normal/light_xm_r2.pcapng,R2,56,561.5020067691803,0.0008003975744267832,0.11446887100833739,0.8731073753144213,0.01120528160825887,0.00041807449455565245,Light_XM
/home/lmy/iot-device-classification/dataset/light_xm/round2_normal/light_xm_r2.pcapng,R2,57,572.533664226532,0.0007704976412989195,0.10977705111922499,0.8792046128057838,0.009853459222937252,0.0003943792107551142,Light_XM
/home/lmy/iot-device-classification/dataset/light_xm/round2_normal/light_xm_r2.pcapng,R2,58,582.1646823883057,0.002405262896818112,0.4875817694500991,0.33254933474839954,0.17633423696694986,0.0011293959377332641,Light_XM
/home/lmy/iot-device-classification/dataset/light_xm/round2_normal/light_xm_r2.pcapng,R2,59,593.7531559467316,0.0008477085426608729,0.10399432479226331,0.8821093971145305,0.012614801944231431,0.0004337676063138696,Light_XM
/home/lmy/iot-device-classification/dataset/light_xm/round2_normal/light_xm_r2.pcapng,R2,60,606.6349542140961,0.0013946577256499378,0.14558812635827306,0.8113457633149427,0.04092642037097389,0.0007450322301606671,Light_XM
/home/lmy/iot-device-classification/dataset/light_xm/round2_normal/light_xm_r2.pcapng,R2,61,612.1887631416321,0.0032836121368455284,0.21967789003367894,0.23950261742637555,0.53613521752886,0.001400662874240079,Light_XM
/home/lmy/iot-device-classification/dataset/light_xm/round2_normal/light_xm_r2.pcapng,R2,62,624.145649433136,0.0006854665093145171,0.06862695136999147,0.9231041900151011,0.007249019926156061,0.0003343721794368032,Light_XM
/home/lmy/iot-device-classification/dataset/light_xm/round2_normal/light_xm_r2.pcapng,R2,63,634.079647064209,0.0007580745700157865,0.07851860352671573,0.9102620994318035,0.010077057778776714,0.00038416469268833485,Light_XM
/home/lmy/iot-device-classification/dataset/light_xm/round2_normal/light_xm_r2.pcapng,R2,64,642.1905438899994,0.0017163075957822402,0.21324459194736897,0.7229943940308519,0.06118331684531459,0.0008613895806822256,Light_XM
/home/lmy/iot-device-classification/dataset/light_xm/round2_normal/light_xm_r2.pcapng,R2,65,654.4702010154724,0.0006872777073156771,0.0730843153833833,0.9176050069549677,0.008272918562906227,0.00035048139142713624,Light_XM
/home/lmy/iot-device-classification/dataset/light_xm/round2_normal/light_xm_r2.pcapng,R2,66,664.0776648521423,0.001033405320386735,0.12290597056676353,0.8530114139975169,0.022494483879797213,0.0005547262355356064,Light_XM
/home/lmy/iot-device-classification/dataset/light_xm/round2_normal/light_xm_r2.pcapng,R2,67,672.1997900009155,0.0026036815062492943,0.21660473549392886,0.656379415215498,0.12321579484343158,0.0011963729408923096,Light_XM
/home/lmy/iot-device-classification/dataset/light_xm/round2_normal/light_xm_r2.pcapng,R2,68,682.1321589946747,0.0006810628414301084,0.07045641477805185,0.9210812002952072,0.007443996355147719,0.00033732573016318266,Light_XM
/home/lmy/iot-device-classification/dataset/light_xm/round2_normal/light_xm_r2.pcapng,R2,69,696.0769183635712,0.001078094634168633,0.09964252479757098,0.8796925904637596,0.019061300062184292,0.0005254900423165459,Light_XM
/home/lmy/iot-device-classification/dataset/light_xm/round2_normal/light_xm_r2.pcapng,R2,70,702.1113910675049,0.002007067645768048,0.20757895477372332,0.16527801464825645,0.6239903470856452,0.0011456158466070226,Light_XM
/home/lmy/iot-device-classification/dataset/light_xm/round2_normal/light_xm_r2.pcapng,R2,71,710.0750658512115,0.0015417622934693976,0.1958725589783283,0.7540243365525408,0.04778213797370623,0.0007792042019554885,Light_XM
/home/lmy/iot-device-classification/dataset/light_xm/round2_normal/light_xm_r2.pcapng,R2,72,724.8498909473419,0.0009931625857327593,0.13112741642527492,0.8457754087956536,0.021563694918436276,0.0005403172749025072,Light_XM
/home/lmy/iot-device-classification/dataset/light_xm/round2_normal/light_xm_r2.pcapng,R2,73,732.255707025528,0.01455515722521529,0.3875271976071574,0.06502504836646902,0.5307791329671844,0.0021134638339739857,Light_XM
/home/lmy/iot-device-classification/dataset/light_xm/round2_normal/light_xm_r2.pcapng,R2,74,745.9873909950256,0.001122096468923814,0.17455701484387576,0.8013444305508922,0.02240026884094563,0.0005761892953625701,Light_XM
/home/lmy/iot-device-classification/dataset/light_xm/round2_normal/light_xm_r2.pcapng,R2,75,754.086094379425,0.0007407878430333995,0.08710961808575571,0.9027330781902944,0.009043426227404096,0.00037308965351241064,Light_XM
/home/lmy/iot-device-classification/dataset/light_xm/round2_normal/light_xm_r2.pcapng,R2,76,762.2842998504639,0.0027146893471176993,0.33733750738858925,0.2548291590216276,0.40374274504001817,0.0013758992026473486,Light_XM
/home/lmy/iot-device-classification/dataset/light_xm/round2_normal/light_xm_r2.pcapng,R2,77,770.0429646968842,0.001463938478616652,0.2609724600904366,0.6752714157698461,0.061460015890505725,0.0008321697705948562,Light_XM
/home/lmy/iot-device-classification/dataset/light_xm/round2_normal/light_xm_r2.pcapng,R2,78,785.502783536911,0.0009316113544424535,0.10675674351115017,0.8771095611518799,0.014735734336362799,0.0004663496461648123,Light_XM
/home/lmy/iot-device-classification/dataset/light_xm/round2_normal/light_xm_r2.pcapng,R2,79,792.2939715385437,0.003175348046016974,0.31412800424344106,0.04776702250489151,0.6337918449998008,0.0011377802058496148,Light_XM
/home/lmy/iot-device-classification/dataset/light_xm/round2_normal/light_xm_r2.pcapng,R2,80,800.5949609279633,0.001161641555286908,0.18573791353945712,0.7867409091595063,0.02575237889321303,0.0006071568525365519,Light_XM
/home/lmy/iot-device-classification/dataset/light_xm/round2_normal/light_xm_r2.pcapng,R2,81,814.9637179374695,0.0006747987954581896,0.06852633166299696,0.922512329283075,0.007944115383311355,0.0003424248751584326,Light_XM
/home/lmy/iot-device-classification/dataset/light_xm/round2_normal/light_xm_r2.pcapng,R2,82,822.3788075447083,0.004198837267854163,0.5651082957259402,0.3704635572628764,0.058974023053862505,0.0012552866894667207,Light_XM
/home/lmy/iot-device-classification/dataset/light_xm/round2_normal/light_xm_r2.pcapng,R2,83,830.7732248306274,0.0006569351960400458,0.06647795897474669,0.9260001745499818,0.006545379183483486,0.000319552095748159,Light_XM
/home/lmy/iot-device-classification/dataset/light_xm/round2_normal/light_xm_r2.pcapng,R2,84,844.1773953437805,0.0032128617372212615,0.5094240406384224,0.33381768962491226,0.15239215667520337,0.001153251324240673,Light_XM
/home/lmy/iot-device-classification/dataset/light_xm/round2_normal/light_xm_r2.pcapng,R2,85,852.4394772052765,0.017164245272456552,0.8159538847304105,0.014730786147980856,0.15072529139815113,0.0014257924510010765,Light_XM
/home/lmy/iot-device-classification/dataset/light_xm/round2_normal/light_xm_r2.pcapng,R2,86,861.0128388404846,0.0007755269138737742,0.08937933208928926,0.8992935001927834,0.010159827119717716,0.0003918136843357249,Light_XM
/home/lmy/iot-device-classification/dataset/light_xm/round2_normal/light_xm_r2.pcapng,R2,87,870.8811190128326,0.0006492340817625101,0.0766412092378955,0.9152650473343572,0.007112879053045437,0.00033163029293943055,Light_XM
/home/lmy/iot-device-classification/dataset/light_xm/round2_normal/light_xm_r2.pcapng,R2,88,882.3303153514862,0.006267496870864628,0.1679515525704525,0.014656095603070024,0.809964176883328,0.001160678072284946,Light_XM
/home/lmy/iot-device-classification/dataset/light_xm/round2_normal/light_xm_r2.pcapng,R2,89,893.8773591518402,0.010840234796285434,0.4331552393313487,0.006747019009167249,0.5479015774701811,0.0013559293930175003,Light_XM
/home/lmy/iot-device-classification/dataset/light_xm/round2_normal/light_xm_r2.pcapng,R2,90,901.117022037506,0.0007709511689417983,0.11265809331914312,0.8763404516713406,0.009835727208023554,0.00039477663255105575,Light_XM
/home/lmy/iot-device-classification/dataset/light_xm/round2_normal/light_xm_r2.pcapng,R2,91,910.9821357727052,0.0021938479015937854,0.2705536506239886,0.2706929902315109,0.4552633982248015,0.001296113018105266,Light_XM
/home/lmy/iot-device-classification/dataset/light_xm/round2_normal/light_xm_r2.pcapng,R2,92,927.096384048462,0.0012048786903707785,0.14877405567540544,0.8207491174737909,0.028649388104080315,0.0006225600563525187,Light_XM
/home/lmy/iot-device-classification/dataset/light_xm/round2_normal/light_xm_r2.pcapng,R2,93,933.80828332901,0.0024799623046662784,0.36945154476260816,0.5087638869606236,0.11819411066117858,0.0011104953109233946,Light_XM
/home/lmy/iot-device-classification/dataset/light_xm/round2_normal/light_xm_r2.pcapng,R2,94,942.5449192523956,0.05312393193815707,0.39844977992077985,0.028766752747794007,0.5163681794282979,0.0032913559649712164,Light_XM
/home/lmy/iot-device-classification/dataset/light_xm/round2_normal/light_xm_r2.pcapng,R2,95,950.323576450348,0.0012607345512140543,0.2761363901914732,0.6833435930664725,0.03855455698223897,0.0007047252086012813,Light_XM
/home/lmy/iot-device-classification/dataset/light_xm/round2_normal/light_xm_r2.pcapng,R2,96,960.9684662818908,0.0006788592051768943,0.07359608003923235,0.9180383028582632,0.00734954936410867,0.00033720853321902647,Light_XM
/home/lmy/iot-device-classification/dataset/light_xm/round2_normal/light_xm_r2.pcapng,R2,97,972.5810341835022,0.03207849772840414,0.3619095192031727,0.02275623421669098,0.5806255427477504,0.002630206103981767,Light_XM
/home/lmy/iot-device-classification/dataset/light_xm/round2_normal/light_xm_r2.pcapng,R2,98,984.3140630722046,0.0021220230177377347,0.22978914753257257,0.09660553768751,0.6704697405506159,0.0010135512115638696,Light_XM
/home/lmy/iot-device-classification/dataset/light_xm/round2_normal/light_xm_r2.pcapng,R2,99,991.1202359199524,0.0012820199367980147,0.17241556857954343,0.7863110347355938,0.03929199129075913,0.000699385457305444,Light_XM
/home/lmy/iot-device-classification/dataset/light_xm/round2_normal/light_xm_r2.pcapng,R2,100,1000.983696460724,0.0020213418314057887,0.23356153328136234,0.676202562719631,0.08721398627730806,0.0010005758902929959,Light_XM
/home/lmy/iot-device-classification/dataset/light_xm/round2_normal/light_xm_r2.pcapng,R2,101,1010.0186548233032,0.001061636194445372,0.23016634570418798,0.743606732927209,0.02457684691703488,0.0005884382571227806,Light_XM
/home/lmy/iot-device-classification/dataset/light_xm/round2_normal/light_xm_r2.pcapng,R2,102,1021.7672700881958,0.000668151168126071,0.0717810290639521,0.9195078827282256,0.007702925671717771,0.00034001136797850686,Light_XM
/home/lmy/iot-device-classification/dataset/light_xm/round2_normal/light_xm_r2.pcapng,R2,103,1030.258647441864,0.0024065523661585815,0.35670609360853117,0.47434484734339544,0.1653311551288535,0.0012113515530613689,Light_XM
/home/lmy/iot-device-classification/dataset/light_xm/round2_normal/light_xm_r2.pcapng,R2,104,1040.4781012535095,0.0008482560920105506,0.10113317860449104,0.8838147941029332,0.013759183906578954,0.0004445872939863111,Light_XM
/home/lmy/iot-device-classification/dataset/light_xm/round2_normal/light_xm_r2.pcapng,R2,105,1055.1814467906952,0.00290147145027,0.2739073839996034,0.5420484747020395,0.17985190024979,0.0012907695982970237,Light_XM
/home/lmy/iot-device-classification/dataset/light_xm/round2_normal/light_xm_r2.pcapng,R2,106,1061.8701984882357,0.004789579045130496,0.1417003650031163,0.008166665270269314,0.844435456924514,0.0009079337569698174,Light_XM
/home/lmy/iot-device-classification/dataset/light_xm/round2_normal/light_xm_r2.pcapng,R2,107,1070.1081295013428,0.0007534579796289305,0.08211986232041518,0.906920530350965,0.009821169268516202,0.0003849800804747943,Light_XM
/home/lmy/iot-device-classification/dataset/light_xm/round2_normal/light_xm_r2.pcapng,R2,108,1080.0390448570251,0.0010321363503600334,0.14048287030534137,0.8373152523561987,0.02062782356413254,0.000541917423967477,Light_XM
/home/lmy/iot-device-classification/dataset/light_xm/round2_normal/light_xm_r2.pcapng,R2,109,1090.0299880504608,0.0018951224133520585,0.2680148611787887,0.6330506683178119,0.09603036901344744,0.0010089790765998652,Light_XM
/home/lmy/iot-device-classification/dataset/light_xm/round2_normal/light_xm_r2.pcapng,R2,110,1100.255526304245,0.0015797367100269175,0.18183616945342262,0.757094859785397,0.058661587880738386,0.0008276461704150056,Light_XM
/home/lmy/iot-device-classification/dataset/light_xm/round2_normal/light_xm_r2.pcapng,R2,111,1110.1516931056976,0.0009776576581597993,0.12734351932410998,0.8530011558134558,0.018167846330327572,0.000509820873946878,Light_XM
/home/lmy/iot-device-classification/dataset/light_xm/round2_normal/light_xm_r2.pcapng,R2,112,1120.0174922943115,0.015264352844669945,0.3211723065736273,0.006625148793742587,0.6553180963400144,0.0016200954479459481,Light_XM
/home/lmy/iot-device-classification/dataset/light_xm/round2_normal/light_xm_r2.pcapng,R2,113,1130.497404336929,0.0018180633222293263,0.3078074766908028,0.5851684720913698,0.10419229627109518,0.0010136916245028884,Light_XM
/home/lmy/iot-device-classification/dataset/light_xm/round2_normal/light_xm_r2.pcapng,R2,114,1140.0600235462189,0.0015245087629033693,0.20166711731233916,0.7284387750917907,0.06750521398633354,0.0008643848466334034,Light_XM
/home/lmy/iot-device-classification/dataset/light_xm/round2_normal/light_xm_r2.pcapng,R2,115,1150.0195899009705,0.9953782382229219,0.002026501642735492,0.0008954299289004718,0.0014110358517179541,0.0002887943537239476,Light_XM
/home/lmy/iot-device-classification/dataset/light_xm/round2_normal/light_xm_r2.pcapng,R2,116,1160.049557209015,0.0029320762696647905,0.4163155051362221,0.3357718868159383,0.24360591432751952,0.0013746174506552799,Light_XM
/home/lmy/iot-device-classification/dataset/light_xm/round2_normal/light_xm_r2.pcapng,R2,117,1170.1342606544497,0.0007076401674337355,0.07766432368991291,0.9120207866322299,0.00923985415357575,0.0003673953568477216,Light_XM
/home/lmy/iot-device-classification/dataset/light_xm/round2_normal/light_xm_r2.pcapng,R2,118,1180.1778151988983,0.002556144603082274,0.36528949676017114,0.3225447934553355,0.3082885299216459,0.001321035259765188,Light_XM
/home/lmy/iot-device-classification/dataset/light_xm/round2_normal/light_xm_r2.pcapng,R2,119,1190.246060371399,0.016322591521543722,0.37277741233278916,0.003509044753608078,0.6059857115233218,0.0014052398687371406,Light_XM
/home/lmy/iot-device-classification/dataset/light_xm/round2_normal/light_xm_r2.pcapng,R2,120,1200.336189508438,0.002678624369018884,0.28752079977722805,0.5447889088599212,0.1637716612591229,0.0012400057347090074,Light_XM
/home/lmy/iot-device-classification/dataset/light_xm/round2_normal/light_xm_r2.pcapng,R2,121,1210.4220943450928,0.014498171198282173,0.17634085592626594,0.0016335778316627005,0.8064316896644861,0.001095705379303021,Light_XM
/home/lmy/iot-device-classification/dataset/light_xm/round2_normal/light_xm_r2.pcapng,R2,122,1220.442971944809,0.000812055569582933,0.10496305355271164,0.880940734309561,0.012852053486066578,0.00043210308207768604,Light_XM
/home/lmy/iot-device-classification/dataset/light_xm/round2_normal/light_xm_r2.pcapng,R2,123,1230.5174071788788,0.0008131179431787077,0.09361012532172598,0.8955694845063,0.009615875856143288,0.00039139637265200503,Light_XM
/home/lmy/iot-device-classification/dataset/light_xm/round2_normal/light_xm_r2.pcapng,R2,124,1240.595602273941,0.0036984221793439015,0.31280779582053014,0.13496361978878696,0.5471456981871222,0.001384464024216721,Light_XM
/home/lmy/iot-device-classification/dataset/light_xm/round2_normal/light_xm_r2.pcapng,R2,125,1251.2881574630735,0.0009363939137051968,0.12807460710559776,0.8556299013167763,0.0148838953914535,0.0004752022724672788,Light_XM
/home/lmy/iot-device-classification/dataset/light_xm/round2_normal/light_xm_r2.pcapng,R2,126,1260.6809630393982,0.001355299489612104,0.17293994550008088,0.7811756331771216,0.04379753091785422,0.0007315909153312494,Light_XM
/home/lmy/iot-device-classification/dataset/light_xm/round2_normal/light_xm_r2.pcapng,R2,127,1270.732727766037,0.0018494581464281975,0.35556768927772553,0.12104410639410339,0.5204737298804306,0.001065016301312375,Light_XM
/home/lmy/iot-device-classification/dataset/light_xm/round2_normal/light_xm_r2.pcapng,R2,128,1280.8249735832214,0.0009518678794236272,0.1307129803304672,0.8516499674812934,0.016194832138268705,0.0004903521705470344,Light_XM
/home/lmy/iot-device-classification/dataset/light_xm/round2_normal/light_xm_r2.pcapng,R2,129,1290.8436324596405,0.0015456158553167289,0.1711930418688551,0.7989656632463122,0.027637038686996865,0.0006586403425190368,Light_XM
/home/lmy/iot-device-classification/dataset/light_xm/round2_normal/light_xm_r2.pcapng,R2,130,1300.9445223808289,0.0022247123760493256,0.42269949034576715,0.1593582143757242,0.41456717141518834,0.0011504114872710656,Light_XM
/home/lmy/iot-device-classification/dataset/light_xm/round2_normal/light_xm_r2.pcapng,R2,131,1310.973115682602,0.000675109562577064,0.09196729701189639,0.8989336235481521,0.00806980240719583,0.00035416747017863714,Light_XM
/home/lmy/iot-device-classification/dataset/light_xm/round2_normal/light_xm_r2.pcapng,R2,132,1321.044653892517,0.001144599805546502,0.1259270129888289,0.8477357584455786,0.024607417913328003,0.0005852108467180315,Light_XM
/home/lmy/iot-device-classification/dataset/light_xm/round2_normal/light_xm_r2.pcapng,R2,133,1331.12290930748,0.0019484613275635003,0.24146802345748178,0.12829700609529004,0.6271873407186049,0.0010991684010597247,Light_XM
/home/lmy/iot-device-classification/dataset/light_xm/round2_normal/light_xm_r2.pcapng,R2,134,1341.1632039546969,0.0009371322460344235,0.14200343779305866,0.8416639190640304,0.014916237003307955,0.0004792738935686171,Light_XM
/home/lmy/iot-device-classification/dataset/light_xm/round2_normal/light_xm_r2.pcapng,R2,135,1351.2213063240051,0.0006891469694937011,0.08790965133724368,0.9032187615263733,0.007831254998081114,0.0003511851688082486,Light_XM
/home/lmy/iot-device-classification/dataset/light_xm/round2_normal/light_xm_r2.pcapng,R2,136,1361.320544719696,0.0026326710991136436,0.4649553431515001,0.17577387188355395,0.3554503450710047,0.0011877687948275166,Light_XM
/home/lmy/iot-device-classification/dataset/light_xm/round2_normal/light_xm_r2.pcapng,R2,137,1371.3574945926666,0.000895021897902248,0.13640807826338452,0.8471652724829745,0.01505751665486577,0.0004741107008728874,Light_XM
/home/lmy/iot-device-classification/dataset/light_xm/round2_normal/light_xm_r2.pcapng,R2,138,1381.396803855896,0.0011176051213399743,0.14345817691235754,0.8359626742806229,0.018925226055711845,0.0005363176299677029,Light_XM
/home/lmy/iot-device-classification/dataset/light_xm/round2_normal/light_xm_r2.pcapng,R2,139,1391.474713087082,0.002251122711687719,0.32816705018935705,0.5755029253328343,0.09304259071127209,0.0010363110548488419,Light_XM
/home/lmy/iot-device-classification/dataset/light_xm/round2_normal/light_xm_r2.pcapng,R2,140,1401.522890329361,0.0005566684213672688,0.05712390609667263,0.9368573457864013,0.005180753978436798,0.0002813257171219199,Light_XM
/home/lmy/iot-device-classification/dataset/light_xm/round2_normal/light_xm_r2.pcapng,R2,141,1411.6256203651428,0.000847062425239944,0.0968663737515076,0.8886310640209297,0.013218427957062972,0.00043707184525987547,Light_XM
/home/lmy/iot-device-classification/dataset/light_xm/round2_normal/light_xm_r2.pcapng,R2,142,1421.6692476272583,0.003044837197509425,0.33445686677722924,0.22552192985813624,0.4356376230920774,0.0013387430750477168,Light_XM
/home/lmy/iot-device-classification/dataset/light_xm/round2_normal/light_xm_r2.pcapng,R2,143,1431.717033147812,0.0006843935178397414,0.07451163852085296,0.9166529455113333,0.007806290203011329,0.00034473224696269,Light_XM
/home/lmy/iot-device-classification/dataset/light_xm/round2_normal/light_xm_r2.pcapng,R2,144,1441.795301914215,0.0009125766487782607,0.10076299988389956,0.8811125367716226,0.01673228760897653,0.00047959908672292847,Light_XM
/home/lmy/iot-device-classification/dataset/light_xm/round2_normal/light_xm_r2.pcapng,R2,145,1451.8438482284546,0.004567181637235783,0.2763370850845606,0.5238155545885852,0.19378670783654256,0.0014934708530757056,Light_XM
/home/lmy/iot-device-classification/dataset/light_xm/round2_normal/light_xm_r2.pcapng,R2,146,1461.931884765625,0.0008063342635324941,0.09194739383784163,0.8956295132975783,0.01120813023066857,0.0004086283703790231,Light_XM
/home/lmy/iot-device-classification/dataset/light_xm/round2_normal/light_xm_r2.pcapng,R2,147,1471.4922835826874,0.0014438858302267988,0.2403931691084676,0.7116801550523391,0.04572163498855077,0.0007611550204158446,Light_XM
/home/lmy/iot-device-classification/dataset/light_xm/round2_normal/light_xm_r2.pcapng,R2,148,1482.0272300243378,0.0034426176425733936,0.3498987007955183,0.49001650117419154,0.1553280633399946,0.0013141170477220614,Light_XM
/home/lmy/iot-device-classification/dataset/light_xm/round2_normal/light_xm_r2.pcapng,R2,149,1492.035075187683,0.008793217966436005,0.12685703230897255,0.7804510368696301,0.08344551959609355,0.00045319325886773027,Light_XM
/home/lmy/iot-device-classification/dataset/light_xm/round2_normal/light_xm_r2.pcapng,R2,150,1502.1461334228516,0.00285351911236468,0.299831109804856,0.5409988123126785,0.15490258005352112,0.001413978716579703,Light_XM
/home/lmy/iot-device-classification/dataset/light_xm/round2_normal/light_xm_r2.pcapng,R2,151,1512.2554304599762,0.007090626583670934,0.3459928192425046,0.34183433773224076,0.3040342707330509,0.0010479457085328053,Light_XM
/home/lmy/iot-device-classification/dataset/light_xm/round2_normal/light_xm_r2.pcapng,R2,152,1522.2891623973846,0.001097308437146633,0.15012236397521445,0.825822434596507,0.022395444744838552,0.0005624482462934121,Light_XM
/home/lmy/iot-device-classification/dataset/light_xm/round2_normal/light_xm_r2.pcapng,R2,153,1532.3364934921265,0.0018404918223956968,0.25043720357525556,0.694914888211074,0.051969812938483434,0.000837603452791244,Light_XM
/home/lmy/iot-device-classification/dataset/light_xm/round2_normal/light_xm_r2.pcapng,R2,154,1542.4143035411837,0.03372533516091065,0.575656032395385,0.013598958986552204,0.3747958945443564,0.002223778912795764,Light_XM
/home/lmy/iot-device-classification/dataset/light_xm/round2_normal/light_xm_r2.pcapng,R2,155,1552.319048166275,0.0008001002419800497,0.09162626933993792,0.8967359648510332,0.0104382877201358,0.0003993778469129054,Light_XM
/home/lmy/iot-device-classification/dataset/light_xm/round2_normal/light_xm_r2.pcapng,R2,156,1562.530678510666,0.0009627234758457629,0.14017815598795727,0.8409232425009115,0.017430650412103763,0.0005052276231816086,Light_XM
/home/lmy/iot-device-classification/dataset/light_xm/round2_normal/light_xm_r2.pcapng,R2,157,1572.5581288337708,0.009785684702930154,0.29252699254305664,0.5240344905739329,0.17167522308504524,0.001977609095034991,Light_XM
/home/lmy/iot-device-classification/dataset/light_xm/round2_normal/light_xm_r2.pcapng,R2,158,1582.5957350730896,0.0008069938644640299,0.09462795335937037,0.8929630375568053,0.011192311175288712,0.0004097040440714554,Light_XM
/home/lmy/iot-device-classification/dataset/light_xm/round2_normal/light_xm_r2.pcapng,R2,159,1592.803819656372,0.0033119139661230744,0.20962555348052783,0.6598189349960777,0.1260074818399218,0.0012361157173495035,Light_XM
/home/lmy/iot-device-classification/dataset/light_xm/round2_normal/light_xm_r2.pcapng,R2,160,1602.7513539791107,0.030062741922714253,0.36642768146799376,0.019398679807578433,0.5816602672329031,0.0024506295688105167,Light_XM
/home/lmy/iot-device-classification/dataset/light_xm/round2_normal/light_xm_r2.pcapng,R2,161,1612.7889392375946,0.0006670202423597016,0.07831709457849279,0.9133990469350971,0.007279894987007902,0.0003369432570423769,Light_XM
/home/lmy/iot-device-classification/dataset/light_xm/round2_normal/light_xm_r2.pcapng,R2,162,1622.8681559562683,0.0005944380171855604,0.06378734785238488,0.9292833827876777,0.0060317569276148245,0.00030307441513690756,Light_XM
/home/lmy/iot-device-classification/dataset/light_xm/round2_normal/light_xm_r2.pcapng,R2,163,1632.889900445938,0.005142944109804159,0.44200440288854825,0.2806961589126392,0.27039466727591155,0.001761826813096823,Light_XM
/home/lmy/iot-device-classification/dataset/light_xm/round2_normal/light_xm_r2.pcapng,R2,164,1642.9743242263794,0.0010467050800542171,0.24995267538977464,0.7262257747353635,0.02220493879519591,0.0005699059996117609,Light_XM
/home/lmy/iot-device-classification/dataset/light_xm/round2_normal/light_xm_r2.pcapng,R2,165,1653.028013944626,0.001974263579677951,0.3384474859507892,0.5786205593403345,0.07999701608131458,0.0009606750478837065,Light_XM
/home/lmy/iot-device-classification/dataset/light_xm/round2_normal/light_xm_r2.pcapng,R2,166,1662.9521126747131,0.0029339345470180953,0.5498138813670527,0.09209919021113182,0.35387920698490144,0.0012737868898961716,Light_XM
/home/lmy/iot-device-classification/dataset/light_xm/round2_normal/light_xm_r2.pcapng,R2,167,1673.0052881240845,0.0007068373235865521,0.08130950412551818,0.9092118196819076,0.008413325553770681,0.0003585133152170509,Light_XM
/home/lmy/iot-device-classification/dataset/light_xm/round2_normal/light_xm_r2.pcapng,R2,168,1683.2103762626648,0.0008157796985193583,0.10351199988629213,0.8832894608343569,0.011960227376179747,0.0004225322046517797,Light_XM
/home/lmy/iot-device-classification/dataset/light_xm/round2_normal/light_xm_r2.pcapng,R2,169,1692.9942390918732,0.006417839007101994,0.35213467924864567,0.07771337952465006,0.5620841915040414,0.0016499107155607971,Light_XM
/home/lmy/iot-device-classification/dataset/light_xm/round2_normal/light_xm_r2.pcapng,R2,170,1703.3974652290344,0.000801185917783257,0.09298892544010304,0.8973496416745577,0.008485360803915393,0.00037488616364067523,Light_XM
/home/lmy/iot-device-classification/dataset/light_xm/round2_normal/light_xm_r2.pcapng,R2,171,1713.3799350261688,0.002794756642084058,0.10755735869398264,0.8645909033976568,0.02430170602032953,0.0007552752459469665,Light_XM
/home/lmy/iot-device-classification/dataset/light_xm/round2_normal/light_xm_r2.pcapng,R2,172,1722.9973466396332,0.006624452432406847,0.5658878921751235,0.20174262299039653,0.22398944469896756,0.0017555877031055272,Light_XM
/home/lmy/iot-device-classification/dataset/light_xm/round2_normal/light_xm_r2.pcapng,R2,173,1733.5009472370148,0.0008081665673812155,0.08586790325797625,0.9006638910568789,0.012239480974731598,0.0004205581430320184,Light_XM
/home/lmy/iot-device-classification/dataset/light_xm/round2_normal/light_xm_r2.pcapng,R2,174,1743.5456228256226,0.0007416317810744148,0.08719796810989716,0.9026313658865308,0.009055561561565771,0.0003734726609318551,Light_XM
/home/lmy/iot-device-classification/dataset/light_xm/round2_normal/light_xm_r2.pcapng,R2,175,1753.0120706558228,0.0015821803872882222,0.19246672521532315,0.7513224926725374,0.05381814279484464,0.0008104589300065435,Light_XM
/home/lmy/iot-device-classification/dataset/light_xm/round2_normal/light_xm_r2.pcapng,R2,176,1763.6400408744812,0.0009526195243368064,0.11054647634443134,0.8685644982908819,0.019425194643482933,0.0005112111968669417,Light_XM
/home/lmy/iot-device-classification/dataset/light_xm/round2_normal/light_xm_r2.pcapng,R2,177,1772.4923644065857,0.0025147471990490337,0.33692027706199357,0.4461299467473647,0.21315467738240262,0.0012803516091899555,Light_XM
/home/lmy/iot-device-classification/dataset/light_xm/round2_normal/light_xm_r2.pcapng,R2,178,1783.0673580169678,0.0023409192661074585,0.4062617145575,0.24774826981968523,0.34243468181212416,0.0012144145445831993,Light_XM
/home/lmy/iot-device-classification/dataset/light_xm/round2_normal/light_xm_r2.pcapng,R2,179,1793.83891582489,0.004731343223419773,0.6763966059742968,0.0916879950820407,0.22571206613903605,0.001471989581206696,Light_XM
/home/lmy/iot-device-classification/dataset/light_xm/round2_normal/light_xm_r2.pcapng,R2,180,1803.9508430957796,0.0012131735059193916,0.15747892034344368,0.8074621019518212,0.03319139254979082,0.0006544116490248305,Light_XM
/home/lmy/iot-device-classification/dataset/light_xm/round2_normal/light_xm_r2.pcapng,R2,181,1813.1155333518984,0.002289117947372595,0.31557759257504225,0.5973160611055922,0.08381119113948297,0.0010060372325099332,Light_XM
/home/lmy/iot-device-classification/dataset/light_xm/round2_normal/light_xm_r2.pcapng,R2,182,1824.0241646766665,0.0018796832159965996,0.3171772351744376,0.6154756754339158,0.06456519595614023,0.0009022102195099433,Light_XM
/home/lmy/iot-device-classification/dataset/light_xm/round2_normal/light_xm_r2.pcapng,R2,183,1831.5051536560056,0.0007783359664388486,0.08365586557031844,0.9061309328436118,0.009058615099246131,0.00037625052038489583,Light_XM
/home/lmy/iot-device-classification/dataset/light_xm/round2_normal/light_xm_r2.pcapng,R2,184,1843.1495988368988,0.00256869623503701,0.32354028053379963,0.4165100917433643,0.25605549698819635,0.0013254344996026378,Light_XM
/home/lmy/iot-device-classification/dataset/light_xm/round2_normal/light_xm_r2.pcapng,R2,185,1854.1728303432465,0.001018189758999232,0.11687345645461197,0.8638751041498935,0.017725603996869996,0.0005076456396254359,Light_XM
/home/lmy/iot-device-classification/dataset/light_xm/round2_normal/light_xm_r2.pcapng,R2,186,1864.262109041214,0.0007385126343192107,0.07909288480294738,0.9099565847665689,0.009832847447231898,0.00037917034893250183,Light_XM
/home/lmy/iot-device-classification/dataset/light_xm/round2_normal/light_xm_r2.pcapng,R2,187,1873.192920446396,0.01523943642328512,0.2689143343371684,0.01513033868610812,0.6989676969498847,0.001748193603553824,Light_XM
/home/lmy/iot-device-classification/dataset/light_xm/round2_normal/light_xm_r2.pcapng,R2,188,1882.575979232788,0.001012322054534361,0.1267835844705554,0.8522602169580462,0.01941746582115717,0.0005264106957067791,Light_XM
/home/lmy/iot-device-classification/dataset/light_xm/round2_normal/light_xm_r2.pcapng,R2,189,1894.4280450344088,0.0009788201477884198,0.08195889850531352,0.9040778658375395,0.012545693727055197,0.0004387217823034957,Light_XM
/home/lmy/iot-device-classification/dataset/light_xm/round2_normal/light_xm_r2.pcapng,R2,190,1900.7996244430544,0.0027958510756204533,0.33070931982333823,0.4042695432699856,0.26081692741807955,0.0014083584129760084,Light_XM
/home/lmy/iot-device-classification/dataset/light_xm/round2_normal/light_xm_r2.pcapng,R2,191,1914.5215456485748,0.0007058619816432417,0.07785164750043186,0.9122900406720956,0.008790749378408335,0.0003617004674210485,Light_XM
/home/lmy/iot-device-classification/dataset/light_xm/round2_normal/light_xm_r2.pcapng,R2,192,1921.8780925273893,0.0010067445175116097,0.12621880816741823,0.8526632477506025,0.019586190765067818,0.0005250087993996863,Light_XM
/home/lmy/iot-device-classification/dataset/light_xm/round2_normal/light_xm_r2.pcapng,R2,193,1933.181611061096,0.004050331236332266,0.29909933856504434,0.1640340154074922,0.5311489777131657,0.001667337077965533,Light_XM
/home/lmy/iot-device-classification/dataset/light_xm/round2_normal/light_xm_r2.pcapng,R2,194,1944.7266495227811,0.0007806591372953869,0.09033546847410408,0.8967618936750594,0.011711454746957551,0.0004105239665835207,Light_XM
/home/lmy/iot-device-classification/dataset/light_xm/round2_normal/light_xm_r2.pcapng,R2,195,1954.108199119568,0.000875246570661577,0.08861498177353856,0.8978849882702798,0.012198592977894144,0.00042619040762580264,Light_XM
/home/lmy/iot-device-classification/dataset/light_xm/round2_normal/light_xm_r2.pcapng,R2,196,1963.1757895946505,0.0023904254522510524,0.18836961079475625,0.06948350277086354,0.7387361369689097,0.0010203240132194706,Light_XM
/home/lmy/iot-device-classification/dataset/light_xm/round2_normal/light_xm_r2.pcapng,R2,197,1974.18159365654,0.0011935596261425222,0.21896887539454757,0.7570892387999825,0.022157726262894056,0.0005905999164334698,Light_XM
/home/lmy/iot-device-classification/dataset/light_xm/round2_normal/light_xm_r2.pcapng,R2,198,1985.013401031494,0.0009848157121971908,0.11469289565285633,0.863686116479483,0.020113198188554858,0.0005229739669085175,Light_XM
/home/lmy/iot-device-classification/dataset/light_xm/round2_normal/light_xm_r2.pcapng,R2,199,1993.17813205719,0.005001920566716887,0.39266959471371327,0.16396368594491242,0.4364962385820075,0.001868560192649907,Light_XM
/home/lmy/iot-device-classification/dataset/light_xm/round2_normal/light_xm_r2.pcapng,R2,200,2004.4112088680267,0.0008703447313978342,0.09365263320980584,0.8919755280049666,0.013061530845462615,0.00043996320836709645,Light_XM
/home/lmy/iot-device-classification/dataset/light_xm/round2_normal/light_xm_r2.pcapng,R2,201,2014.097396850586,0.000894527860756151,0.1272119334285219,0.8593433096347244,0.012109017367872956,0.0004412117081245794,Light_XM
/home/lmy/iot-device-classification/dataset/light_xm/round2_normal/light_xm_r2.pcapng,R2,202,2023.1647067070007,0.004142913679370877,0.3386678712646275,0.10674685678016109,0.5489560710912079,0.0014862871846325618,Light_XM
/home/lmy/iot-device-classification/dataset/light_xm/round2_normal/light_xm_r2.pcapng,R2,203,2032.7541370391848,0.000781834292660047,0.09126200755368133,0.8957678921428778,0.011776755928990397,0.00041151008179038823,Light_XM
/home/lmy/iot-device-classification/dataset/light_xm/round2_normal/light_xm_r2.pcapng,R2,204,2045.421337127685,0.0008520946854706023,0.08085077292587901,0.9042642555985412,0.013598727727355334,0.0004341490627540352,Light_XM
/home/lmy/iot-device-classification/dataset/light_xm/round2_normal/light_xm_r2.pcapng,R2,205,2053.135052680969,0.0013807222486142768,0.17110002800690677,0.04904269754775316,0.7776769407063017,0.0007996114904241004,Light_XM
/home/lmy/iot-device-classification/dataset/light_xm/round2_normal/light_xm_r2.pcapng,R2,206,2065.5581860542297,0.0016556107994611542,0.21287622455412478,0.7189089170721511,0.06566635397013434,0.0008928936041284824,Light_XM
/home/lmy/iot-device-classification/dataset/light_xm/round2_normal/light_xm_r2.pcapng,R2,207,2072.43256354332,0.0016613655109937162,0.25578685475919555,0.6844519150072746,0.05725961875191563,0.0008402459706203665,Light_XM
/home/lmy/iot-device-classification/dataset/light_xm/round2_normal/light_xm_r2.pcapng,R2,208,2081.504953622818,0.002008103683282849,0.23866669538465707,0.676215434301389,0.08210675745357407,0.0010030091770969623,Light_XM
/home/lmy/iot-device-classification/dataset/light_xm/round2_normal/light_xm_r2.pcapng,R2,209,2093.7394235134125,0.003943986176859353,0.45662025904571696,0.03072302175624186,0.5075622245021416,0.0011505085190403161,Light_XM
/home/lmy/iot-device-classification/dataset/light_xm/round2_normal/light_xm_r2.pcapng,R2,210,2103.990377187729,0.0007048942722511589,0.07215064243010948,0.9191071572573803,0.007690234313908305,0.00034707172635065883,Light_XM
/home/lmy/iot-device-classification/dataset/light_xm/round2_normal/light_xm_r2.pcapng,R2,211,2113.106039047241,0.0016597820851379191,0.23868545830453214,0.7028709819899395,0.05593578368883236,0.000847993931558009,Light_XM
/home/lmy/iot-device-classification/dataset/light_xm/round2_normal/light_xm_r2.pcapng,R2,212,2124.9367592334747,0.0012639993849704505,0.22098802902375206,0.7414948988546103,0.03555540204107091,0.0006976706955963951,Light_XM
/home/lmy/iot-device-classification/dataset/light_xm/round2_normal/light_xm_r2.pcapng,R2,213,2133.635888814926,0.002787627639368074,0.2813615770078984,0.4909459942887824,0.22355507914349407,0.0013497219204570946,Light_XM
/home/lmy/iot-device-classification/dataset/light_xm/round2_normal/light_xm_r2.pcapng,R2,214,2143.10702085495,0.0032543882606199176,0.2598474477074997,0.17148676240920258,0.5640197759390292,0.001391625683648584,Light_XM
/home/lmy/iot-device-classification/dataset/light_xm/round2_normal/light_xm_r2.pcapng,R2,215,2154.148110151291,0.002315115359826678,0.4986492397984195,0.38834036496869034,0.10973482680008577,0.0009604530729777043,Light_XM
/home/lmy/iot-device-classification/dataset/light_xm/round2_normal/light_xm_r2.pcapng,R2,216,2164.605553627014,0.0008600005099978858,0.09786781398665444,0.8876759900668593,0.013157750633964758,0.0004384448025236495,Light_XM
/home/lmy/iot-device-classification/dataset/light_xm/round2_normal/light_xm_r2.pcapng,R2,217,2173.3001000881195,0.0018295199416562143,0.1781660085827565,0.7585825997799736,0.060545525054019146,0.000876346641594612,Light_XM
/home/lmy/iot-device-classification/dataset/light_xm/round2_normal/light_xm_r2.pcapng,R2,218,2186.3613152503967,0.000940465933879653,0.10671234640880711,0.8775076696719305,0.014372368748035613,0.0004671492373471423,Light_XM
/home/lmy/iot-device-classification/dataset/light_xm/round2_normal/light_xm_r2.pcapng,R2,219,2191.442274570465,0.0021966810440843124,0.33604289084275696,0.6034352350284146,0.057438725021853286,0.0008864680628909177,Light_XM
/home/lmy/iot-device-classification/dataset/light_xm/round2_normal/light_xm_r2.pcapng,R2,220,2203.366185903549,0.0033675299878040076,0.3631952018321069,0.3932524606066899,0.23867833367862834,0.0015064738947707585,Light_XM
/home/lmy/iot-device-classification/dataset/light_xm/round2_normal/light_xm_r2.pcapng,R2,221,2216.676575899124,0.0009185361056609178,0.13165292866408068,0.8535777576287372,0.013408387887454151,0.0004423897140668752,Light_XM
/home/lmy/iot-device-classification/dataset/light_xm/round2_normal/light_xm_r2.pcapng,R2,222,2225.0022752285004,0.0015637726511313415,0.4483120447095274,0.47327047740436207,0.0759846996197467,0.0008690056152324624,Light_XM
/home/lmy/iot-device-classification/dataset/light_xm/round2_normal/light_xm_r2.pcapng,R2,223,2233.530346632004,0.015984786013196212,0.3976883295577745,0.022425872130318856,0.5619494765875833,0.0019515357111270946,Light_XM
/home/lmy/iot-device-classification/dataset/light_xm/round2_normal/light_xm_r2.pcapng,R2,224,2241.7147409915924,0.001206423237606476,0.20018704142461954,0.7746904007368294,0.02331924421411465,0.00059689038683019,Light_XM
/home/lmy/iot-device-classification/dataset/light_xm/round2_normal/light_xm_r2.pcapng,R2,225,2255.5821676254272,0.0010741977273087619,0.09885860967661454,0.8781118909607747,0.021418408112179814,0.0005368935231220971,Light_XM
/home/lmy/iot-device-classification/dataset/light_xm/round2_normal/light_xm_r2.pcapng,R2,226,2263.4574887752533,0.00604445729094424,0.5487054362007671,0.11978923125149862,0.32380249421725843,0.0016583810395316475,Light_XM
/home/lmy/iot-device-classification/dataset/light_xm/round2_normal/light_xm_r2.pcapng,R2,227,2271.8900911808014,0.0007277324548224885,0.09012172460583678,0.8997989940701323,0.008979549995315255,0.0003719988738931881,Light_XM
/home/lmy/iot-device-classification/dataset/light_xm/round2_normal/light_xm_r2.pcapng,R2,228,2284.2494473457336,0.0010207605975978333,0.092998510792427,0.8932343196192071,0.012292978401172024,0.0004534305895960135,Light_XM
/home/lmy/iot-device-classification/dataset/light_xm/round2_normal/light_xm_r2.pcapng,R2,229,2293.5027227401733,0.009457931684073587,0.23486954637545482,0.02282585148019564,0.7321745544070011,0.0006721160532747741,Light_XM
/home/lmy/iot-device-classification/dataset/light_xm/round2_normal/light_xm_r2.pcapng,R2,230,2300.0136370658875,0.0007093785778601475,0.078949489015135,0.9118215505304368,0.00816515035873692,0.000354431517831242,Light_XM
/home/lmy/iot-device-classification/dataset/light_xm/round2_normal/light_xm_r2.pcapng,R2,231,2314.251138448715,0.0021818791215255746,0.5487870545844816,0.3023771893732872,0.14559831326220726,0.0010555636584983201,Light_XM
/home/lmy/iot-device-classification/dataset/light_xm/round2_normal/light_xm_r2.pcapng,R2,232,2323.5277552604675,0.009192629586643797,0.31258622292870347,0.14613322244526059,0.5312471727201014,0.0008407523192908768,Light_XM
/home/lmy/iot-device-classification/dataset/light_xm/round2_normal/light_xm_r2.pcapng,R2,233,2332.240679502487,0.0037158525683403314,0.6692840362413046,0.2144141195609862,0.11192954918855266,0.0006564424408161583,Light_XM
/home/lmy/iot-device-classification/dataset/light_xm/round2_normal/light_xm_r2.pcapng,R2,234,2340.066620826721,0.0009005986360314132,0.12737147859962744,0.8559214886356777,0.01533163099797168,0.00047480313069184107,Light_XM
/home/lmy/iot-device-classification/dataset/light_xm/round2_normal/light_xm_r2.pcapng,R2,235,2353.554414749145,0.013350594990205107,0.23685775355674007,0.38044136287359265,0.3685547864291995,0.0007955021502626123,Light_XM
/home/lmy/iot-device-classification/dataset/light_xm/round2_normal/light_xm_r2.pcapng,R2,236,2362.414903640747,0.0007182494675975348,0.09421520572270031,0.896766817482576,0.007943907505529655,0.00035581982159632326,Light_XM
/home/lmy/iot-device-classification/dataset/light_xm/round2_normal/light_xm_r2.pcapng,R2,237,2372.6603105068207,0.0007058914714588309,0.08630733739942555,0.905303914048511,0.007337285196240261,0.0003455718843646622,Light_XM
/home/lmy/iot-device-classification/dataset/light_xm/round2_normal/light_xm_r2.pcapng,R2,238,2382.808373451233,0.005547915006684221,0.5963347105601449,0.06366808333073279,0.33295329810460683,0.001495992997831339,Light_XM
/home/lmy/iot-device-classification/dataset/light_xm/round2_normal/light_xm_r2.pcapng,R2,239,2392.588686466217,0.00473472161579979,0.5696878599665306,0.2919802872566472,0.13248377215640614,0.0011133590046161542,Light_XM
/home/lmy/iot-device-classification/dataset/light_xm/round2_normal/light_xm_r2.pcapng,R2,240,2406.0537028312683,0.0007313350218823091,0.08848155873978714,0.9017746447508156,0.008644415742378635,0.0003680457451362362,Light_XM
/home/lmy/iot-device-classification/dataset/light_xm/round2_normal/light_xm_r2.pcapng,R2,241,2413.6314203739166,0.010352073072836204,0.15704506919178662,0.3878066244217442,0.444224473935334,0.0005717593782989334,Light_XM
/home/lmy/iot-device-classification/dataset/light_xm/round2_normal/light_xm_r2.pcapng,R2,242,2422.843548297882,0.0017860073145609002,0.36410722768608084,0.5650780355630369,0.06813977404317627,0.0008889553931449441,Light_XM
/home/lmy/iot-device-classification/dataset/light_xm/round2_normal/light_xm_r2.pcapng,R2,243,2434.3085815906525,0.0023827100435892114,0.2980603815301443,0.339910060014833,0.35829125100602954,0.00135559740540388,Light_XM
/home/lmy/iot-device-classification/dataset/light_xm/round2_normal/light_xm_r2.pcapng,R2,244,2440.216879606247,0.011144028426324533,0.15817178924012107,0.6028629582526651,0.22728822771693685,0.0005329963639525038,Light_XM
/home/lmy/iot-device-classification/dataset/light_xm/round2_normal/light_xm_r2.pcapng,R2,245,2450.0458199977875,0.0007053434296683316,0.09347755356780908,0.8975582125590378,0.007903132948908877,0.00035575749457615,Light_XM
/home/lmy/iot-device-classification/dataset/light_xm/round2_normal/light_xm_r2.pcapng,R2,246,2464.323947906494,0.0016089859508946773,0.33616281937442993,0.608286077718251,0.053133559575001946,0.0008085573814224314,Light_XM
/home/lmy/iot-device-classification/dataset/light_xm/round2_normal/light_xm_r2.pcapng,R2,247,2473.721449613571,0.0019072073566849443,0.5250891325062216,0.2254177925203702,0.24647364627919965,0.0011122213375237288,Light_XM
/home/lmy/iot-device-classification/dataset/light_xm/round2_normal/light_xm_r2.pcapng,R2,248,2480.695337533951,0.0007209280063672569,0.10404751737147964,0.886262532585027,0.008599782628932396,0.00036923940819357534,Light_XM
/home/lmy/iot-device-classification/dataset/light_xm/round2_normal/light_xm_r2.pcapng,R2,249,2497.3588874340057,0.0012928276292520436,0.11246053446015572,0.8689174757856729,0.016827735309719722,0.0005014268151996148,Light_XM
/home/lmy/iot-device-classification/dataset/light_xm/round2_normal/light_xm_r2.pcapng,R2,250,2503.494690895081,0.024080545841082143,0.3373934378851936,0.0074117512138021854,0.6292384605015157,0.001875804558406385,Light_XM
/home/lmy/iot-device-classification/dataset/light_xm/round2_normal/light_xm_r2.pcapng,R2,251,2510.7162294387817,0.0007188772031494253,0.08462704800947524,0.9066042545414107,0.0076982136273000285,0.00035160661866465035,Light_XM
/home/lmy/iot-device-classification/dataset/light_xm/round2_normal/light_xm_r2.pcapng,R2,252,2526.4701960086823,0.0068577729281529285,0.34116384670820393,0.43587763632073945,0.214659390389582,0.0014413536533217455,Light_XM
/home/lmy/iot-device-classification/dataset/light_xm/round2_normal/light_xm_r2.pcapng,R2,253,2533.49622631073,0.01515630733188087,0.11840312671205429,0.2568475124074372,0.6087651329224929,0.0008279206261349243,Light_XM
/home/lmy/iot-device-classification/dataset/light_xm/round2_normal/light_xm_r2.pcapng,R2,254,2540.883027076721,0.0008233269573421722,0.1141059466727159,0.8730263440229843,0.011620781966548163,0.0004236003804094928,Light_XM
/home/lmy/iot-device-classification/dataset/light_xm/round2_normal/light_xm_r2.pcapng,R2,255,2554.071232318878,0.0027519872730711365,0.19711607862865793,0.7311014428449901,0.06800149580073221,0.0010289954525486585,Light_XM
/home/lmy/iot-device-classification/dataset/light_xm/round2_normal/light_xm_r2.pcapng,R2,256,2560.139673948288,0.010902878882875545,0.5046676185512247,0.11607734552707141,0.3666295768650481,0.0017225801737803586,Light_XM
/home/lmy/iot-device-classification/dataset/light_xm/round2_normal/light_xm_r2.pcapng,R2,257,2571.715159893036,0.0018279869132875816,0.2383891228154113,0.7359632810917286,0.02327487814126261,0.0005447310383098754,Light_XM
/home/lmy/iot-device-classification/dataset/light_xm/round2_normal/light_xm_r2.pcapng,R2,258,2580.5018174648285,0.001079412287381483,0.15663536961777622,0.819160877206633,0.02255999781378567,0.0005643430744236628,Light_XM
/home/lmy/iot-device-classification/dataset/light_xm/round2_normal/light_xm_r2.pcapng,R2,259,2590.1282818317413,0.002258068349109798,0.38234738236088706,0.34419835980514696,0.26997057377368466,0.0012256157111714308,Light_XM
/home/lmy/iot-device-classification/dataset/light_xm/round2_normal/light_xm_r2.pcapng,R2,260,2601.915321111679,0.0006804108784742144,0.08847242467329906,0.9029416995135344,0.007558796284769731,0.00034666864992259806,Light_XM
/home/lmy/iot-device-classification/dataset/light_xm/round2_normal/light_xm_r2.pcapng,R2,261,2611.791841506958,0.0006526099291390707,0.07885451951566141,0.9132814923081669,0.00688173868657713,0.00032963956045558435,Light_XM
/home/lmy/iot-device-classification/dataset/light_xm/round2_normal/light_xm_r2.pcapng,R2,262,2620.5891613960266,0.00222332196353292,0.2931385458745851,0.6722839027891521,0.03161247201127329,0.0007417573614564444,Light_XM
/home/lmy/iot-device-classification/dataset/light_xm/round2_normal/light_xm_r2.pcapng,R2,263,2636.680546283722,0.0008272415668143889,0.12009660430656469,0.8678517831781855,0.01080811517547556,0.0004162557729598649,Light_XM
/home/lmy/iot-device-classification/dataset/light_xm/round2_normal/light_xm_r2.pcapng,R2,264,2644.0443754196167,0.001034362210882286,0.15121051511409245,0.8303242756491516,0.016918668684626142,0.0005121783412475935,Light_XM
/home/lmy/iot-device-classification/dataset/light_xm/round2_normal/light_xm_r2.pcapng,R2,265,2651.8777618408203,0.006795999406752465,0.36778689265118825,0.3096647914590497,0.3150697152521946,0.0006826012308150051,Light_XM
/home/lmy/iot-device-classification/dataset/light_xm/round2_normal/light_xm_r2.pcapng,R2,266,2660.6349222660065,0.0010388707340008155,0.2057576218623045,0.773626127345393,0.01904765758823589,0.0005297224700656978,Light_XM
/home/lmy/iot-device-classification/dataset/light_xm/round2_normal/light_xm_r2.pcapng,R2,267,2670.0068638324738,0.0011222632342677296,0.1464869832705543,0.8325827963397734,0.019251805624456438,0.0005561515309480148,Light_XM
/home/lmy/iot-device-classification/dataset/light_xm/round2_normal/light_xm_r2.pcapng,R2,268,2682.1672122478485,0.010094390804527145,0.3494925455102571,0.34535117965191287,0.29380318404199174,0.0012586999913111012,Light_XM
/home/lmy/iot-device-classification/dataset/light_xm/round2_normal/light_xm_r2.pcapng,R2,269,2691.884984254837,0.004506743095115267,0.23198749543722716,0.010232166871880626,0.7527420052889948,0.0005315893067820845,Light_XM
/home/lmy/iot-device-classification/dataset/light_xm/round2_normal/light_xm_r2.pcapng,R2,270,2700.1763372421265,0.0008281403922559903,0.11410503618904985,0.8717375977621946,0.01289265344437289,0.0004365722121267455,Light_XM
/home/lmy/iot-device-classification/dataset/light_xm/round2_normal/light_xm_r2.pcapng,R2,271,2710.049780845642,0.006132733282182819,0.38292740775238643,0.4816002942069387,0.1284191439745043,0.0009204207839877473,Light_XM
/home/lmy/iot-device-classification/dataset/light_xm/round2_normal/light_xm_r2.pcapng,R2,272,2728.156874895096,0.0016057717128912193,0.5824859424924934,0.18853070097232663,0.22645892367157786,0.0009186611507109599,Light_XM
/home/lmy/iot-device-classification/dataset/light_xm/round2_normal/light_xm_r2.pcapng,R2,273,2730.308806657791,0.0018043531707353333,0.2559588753090449,0.687024427257723,0.0543778478667418,0.0008344963957550285,Light_XM
/home/lmy/iot-device-classification/dataset/light_xm/round2_normal/light_xm_r2.pcapng,R2,274,2740.202795267105,0.004138666297895333,0.275179474823743,0.6428455156995588,0.0768815659606556,0.0009547772181471393,Light_XM
/home/lmy/iot-device-classification/dataset/light_xm/round2_normal/light_xm_r2.pcapng,R2,275,2750.177409172058,0.0007378323160683103,0.09302760479409279,0.8957076248502523,0.010138565459653498,0.00038837257993300185,Light_XM
/home/lmy/iot-device-classification/dataset/light_xm/round2_normal/light_xm_r2.pcapng,R2,276,2760.05424952507,0.0011714160811489055,0.15345351163328105,0.8133313947107255,0.03140221665253067,0.0006414609223136664,Light_XM
/home/lmy/iot-device-classification/dataset/light_xm/round2_normal/light_xm_r2.pcapng,R2,277,2770.0629708766937,0.010494307346957762,0.12754816594022955,0.4287494935055142,0.43263940335017786,0.000568629857120589,Light_XM
/home/lmy/iot-device-classification/dataset/light_xm/round2_normal/light_xm_r2.pcapng,R2,278,2780.078015089035,0.0012373198119540953,0.15170997084134732,0.8216616082855863,0.02479165498069765,0.0005994460804146286,Light_XM
/home/lmy/iot-device-classification/dataset/light_xm/round2_normal/light_xm_r2.pcapng,R2,279,2790.0362265110016,0.002562808048052289,0.3803838265969795,0.5373052110002032,0.0790321251715645,0.0007160291832005324,Light_XM
/home/lmy/iot-device-classification/dataset/light_xm/round2_normal/light_xm_r2.pcapng,R2,280,2800.1115260124207,0.0030960028499543856,0.40804533956171984,0.42923440010806735,0.15827559534481075,0.0013486621354476002,Light_XM
/home/lmy/iot-device-classification/dataset/light_xm/round2_normal/light_xm_r2.pcapng,R2,281,2810.17089343071,0.0013404460471812501,0.24670404725606615,0.7091895087177277,0.04203321320983947,0.0007327847691854801,Light_XM
/home/lmy/iot-device-classification/dataset/light_xm/round2_normal/light_xm_r2.pcapng,R2,282,2820.2237465381622,0.0010725711323558865,0.16172185348183324,0.8166582821923124,0.020058170339829953,0.0004891228536685186,Light_XM
/home/lmy/iot-device-classification/dataset/light_xm/round2_normal/light_xm_r2.pcapng,R2,283,2830.311231136322,0.027739608982267894,0.47291125708066056,0.0449245194886471,0.45160460813622977,0.0028200063121946095,Light_XM
/home/lmy/iot-device-classification/dataset/light_xm/round2_normal/light_xm_r2.pcapng,R2,284,2840.345153093338,0.0020568518374377612,0.4183078567916037,0.4613031491164609,0.11735849609280342,0.0009736461616941687,Light_XM
/home/lmy/iot-device-classification/dataset/light_xm/round2_normal/light_xm_r2.pcapng,R2,285,2850.404805421829,0.0011927240740796713,0.11142725437187476,0.8678467950835462,0.018993866132074873,0.0005393603384244464,Light_XM
/home/lmy/iot-device-classification/dataset/light_xm/round2_normal/light_xm_r2.pcapng,R2,286,2860.492600440979,0.007536290703952682,0.11070296770464365,0.0022362705160520443,0.878658049618199,0.0008664214571526901,Light_XM
/home/lmy/iot-device-classification/dataset/light_xm/round2_normal/light_xm_r2.pcapng,R2,287,2870.5660679340363,0.0007872394145952068,0.08501498041925624,0.9056576136172854,0.008173941097448258,0.000366225451414979,Light_XM
/home/lmy/iot-device-classification/dataset/light_xm/round2_normal/light_xm_r2.pcapng,R2,288,2880.625625371933,0.0008578414217023987,0.7934298822349366,0.14348306913837833,0.06171740974067063,0.0005117974643118816,Light_XM
/home/lmy/iot-device-classification/dataset/light_xm/round2_normal/light_xm_r2.pcapng,R2,289,2890.683032274246,0.008334636359147234,0.3663297671978236,0.4940995694852881,0.13038389006343282,0.0008521368943081761,Light_XM
/home/lmy/iot-device-classification/dataset/light_xm/round2_normal/light_xm_r2.pcapng,R2,290,2900.732597351074,0.0007203155124706108,0.08799854336428346,0.9025175427554196,0.008400885818460603,0.0003627125493658923,Light_XM
/home/lmy/iot-device-classification/dataset/light_xm/round2_normal/light_xm_r2.pcapng,R2,291,2910.824589729309,0.0018387611844961147,0.26054760010940337,0.6699327655091484,0.06678212394109834,0.0008987492558537297,Light_XM
/home/lmy/iot-device-classification/dataset/light_xm/round2_normal/light_xm_r2.pcapng,R2,292,2920.870623588562,0.007926008900486092,0.29986761645592525,0.016200196142074248,0.6745956941814707,0.0014104843200436088,Light_XM
/home/lmy/iot-device-classification/dataset/light_xm/round2_normal/light_xm_r2.pcapng,R2,293,2931.011352777481,0.0007154111280900994,0.08537115994079424,0.9041190953930258,0.00942036876889832,0.0003739647691915249,Light_XM
/home/lmy/iot-device-classification/dataset/light_xm/round2_normal/light_xm_r2.pcapng,R2,294,2940.99509716034,0.0009715371570193351,0.13081518209471024,0.8490326329179125,0.018666272307973925,0.0005143755223840725,Light_XM
/home/lmy/iot-device-classification/dataset/light_xm/round2_normal/light_xm_r2.pcapng,R2,295,2951.1085319519043,0.0169503050731033,0.38062055685328805,0.00828150969154894,0.5924273750823895,0.0017202532996702191,Light_XM
/home/lmy/iot-device-classification/dataset/light_xm/round2_normal/light_xm_r2.pcapng,R2,296,2961.138027906418,0.0008716115478799863,0.10981572842190661,0.8784893564689982,0.010409681987053674,0.0004136215741615111,Light_XM
/home/lmy/iot-device-classification/dataset/light_xm/round2_normal/light_xm_r2.pcapng,R2,297,2971.277267217636,0.0006987342513531624,0.07391833854295082,0.916784179891436,0.008246747683954612,0.0003519996303052443,Light_XM
/home/lmy/iot-device-classification/dataset/light_xm/round2_normal/light_xm_r2.pcapng,R2,298,2981.281041622162,0.00242350959480166,0.3523911517543591,0.3962237746387844,0.2476782392992688,0.001283324712786158,Light_XM
/home/lmy/iot-device-classification/dataset/light_xm/round2_normal/light_xm_r2.pcapng,R2,299,2991.475614786148,0.0022602303059644996,0.40156535358257583,0.2812610227929051,0.3136949276515763,0.001218465666978164,Light_XM
/home/lmy/iot-device-classification/dataset/light_xm/round2_normal/light_xm_r2.pcapng,R2,300,3001.4458496570587,0.0016562107966085885,0.24308819279161387,0.6803209052647151,0.0740318940380731,0.0009027971089893883,Light_XM
/home/lmy/iot-device-classification/dataset/light_xm/round2_normal/light_xm_r2.pcapng,R2,301,3011.50253200531,0.0029177909197749597,0.32524823919768575,0.4375146139325962,0.23289866401452297,0.0014206919354201898,Light_XM
/home/lmy/iot-device-classification/dataset/light_xm/round2_normal/light_xm_r2.pcapng,R2,302,3021.584065437317,0.0008000410526100127,0.11283531039811645,0.8756115842736301,0.010348790695949243,0.00040427357969406036,Light_XM
/home/lmy/iot-device-classification/dataset/light_xm/round2_normal/light_xm_r2.pcapng,R2,303,3031.6170179843903,0.0026672897514346096,0.41904605747817425,0.4463104102476444,0.13106289527402978,0.0009133472487170099,Light_XM
/home/lmy/iot-device-classification/dataset/light_xm/round2_normal/light_xm_r2.pcapng,R2,304,3041.6646020412445,0.007391720801337333,0.12421859052930759,0.05405630239943119,0.8138380529751493,0.0004953332947746581,Light_XM
/home/lmy/iot-device-classification/dataset/light_xm/round2_normal/light_xm_r2.pcapng,R2,305,3051.750479698181,0.0022464012866392096,0.3434301076289369,0.23351313225920303,0.41968157239023524,0.0011287864349855989,Light_XM
/home/lmy/iot-device-classification/dataset/light_xm/round2_normal/light_xm_r2.pcapng,R2,306,3061.872005939484,0.0007584290365495315,0.10883840661919386,0.8792471249095518,0.01075223180906407,0.0004038076256407211,Light_XM
/home/lmy/iot-device-classification/dataset/light_xm/round2_normal/light_xm_r2.pcapng,R2,307,3071.900321483612,0.016395216274843326,0.5308846130527636,0.01133964868086535,0.43991655982993727,0.001463962161590404,Light_XM
/home/lmy/iot-device-classification/dataset/light_xm/round2_normal/light_xm_r2.pcapng,R2,308,3081.937094449997,0.001288842816928542,0.18848837592997914,0.7728818230834114,0.036651419836297494,0.0006895383333833618,Light_XM
/home/lmy/iot-device-classification/dataset/light_xm/round2_normal/light_xm_r2.pcapng,R2,309,3091.957583665848,0.0021274644289158468,0.23233638471472798,0.7030461451839335,0.06155885599953203,0.0009311496728906161,Light_XM
/home/lmy/iot-device-classification/dataset/light_xm/round2_normal/light_xm_r2.pcapng,R2,310,3102.062719345093,0.00972329866914396,0.11155720831541059,0.7355209297697423,0.14268809039699712,0.0005104728487060266,Light_XM
/home/lmy/iot-device-classification/dataset/light_xm/round2_normal/light_xm_r2.pcapng,R2,311,3111.959956407547,0.0010490926155741825,0.1377025211775864,0.8441776866143097,0.016562462450029868,0.0005082371424998458,Light_XM
/home/lmy/iot-device-classification/dataset/light_xm/round2_normal/light_xm_r2.pcapng,R2,312,3122.318622589112,0.0006824624865386744,0.08109023627591755,0.910517416310825,0.007368879002670971,0.0003410059240477702,Light_XM
/home/lmy/iot-device-classification/dataset/light_xm/round2_normal/light_xm_r2.pcapng,R2,313,3132.267417192459,0.021425537623969107,0.427079582215603,0.006322189055101389,0.5433656987091927,0.001806992396133825,Light_XM
/home/lmy/iot-device-classification/dataset/light_xm/round2_normal/light_xm_r2.pcapng,R2,314,3142.307316303253,0.0006508077222886958,0.09012096732897072,0.9019314606536354,0.006965444434665299,0.00033131986043986004,Light_XM
/home/lmy/iot-device-classification/dataset/light_xm/round2_normal/light_xm_r2.pcapng,R2,315,3152.4144802093506,0.0017618842400625027,0.12439948552815248,0.8479360319065062,0.02549548650853101,0.00040711181674784686,Light_XM
/home/lmy/iot-device-classification/dataset/light_xm/round2_normal/light_xm_r2.pcapng,R2,316,3162.5015094280243,0.008083855561830656,0.2146806118384877,0.6578891421074378,0.1188573403739496,0.0004890501182943093,Light_XM
/home/lmy/iot-device-classification/dataset/light_xm/round2_normal/light_xm_r2.pcapng,R2,317,3172.5355927944183,0.0007467228937388074,0.09496921654656376,0.8947544041405,0.009155245338483086,0.0003744110807143589,Light_XM
/home/lmy/iot-device-classification/dataset/light_xm/round2_normal/light_xm_r2.pcapng,R2,318,3182.6463646888733,0.0008822639960703453,0.13439763800986912,0.8498002370258602,0.01446677229621589,0.0004530886719844239,Light_XM
/home/lmy/iot-device-classification/dataset/light_xm/round2_normal/light_xm_r2.pcapng,R2,319,3192.684433221817,0.35790649441350836,0.4721576259657728,0.10759473595900806,0.059050145471757624,0.003290998189953022,Light_XM
/home/lmy/iot-device-classification/dataset/light_xm/round2_normal/light_xm_r2.pcapng,R2,320,3202.762677907944,0.0007275282567714153,0.09889443026996904,0.8911045082200878,0.00890237256544704,0.0003711606877246716,Light_XM
/home/lmy/iot-device-classification/dataset/light_xm/round2_normal/light_xm_r2.pcapng,R2,321,3212.859755516052,0.0007910779092316299,0.09463812746356053,0.8939950592049045,0.010183491571450608,0.00039224385085266596,Light_XM
/home/lmy/iot-device-classification/dataset/light_xm/round2_normal/light_xm_r2.pcapng,R2,322,3222.8548934459686,0.010749632165962609,0.15441575941554928,0.17549314940310265,0.6587144685640006,0.0006269904513848499,Light_XM
/home/lmy/iot-device-classification/dataset/light_xm/round2_normal/light_xm_r2.pcapng,R2,323,3232.938750743866,0.0007907052086440277,0.11443639785547453,0.873692645494548,0.010688467527383885,0.00039178391394962154,Light_XM
/home/lmy/iot-device-classification/dataset/light_xm/round2_normal/light_xm_r2.pcapng,R2,324,3243.014138698578,0.001426792690184979,0.2335494400468003,0.7293125832308133,0.03516410807390474,0.0005470759582966362,Light_XM
/home/lmy/iot-device-classification/dataset/light_xm/round2_normal/light_xm_r2.pcapng,R2,325,3253.0879855155945,0.006521871792526136,0.08640160260141087,0.8618849567903757,0.04487557492463505,0.0003159938910522286,Light_XM
/home/lmy/iot-device-classification/dataset/light_xm/round2_normal/light_xm_r2.pcapng,R2,326,3263.1271574497223,0.0011252431899112768,0.1536604914170527,0.8215503205262946,0.0230894208035622,0.0005745240631793336,Light_XM
/home/lmy/iot-device-classification/dataset/light_xm/round2_normal/light_xm_r2.pcapng,R2,327,3272.524531841278,0.0008594150635424104,0.12404235598292894,0.8618578380102253,0.012803939462440728,0.0004364514808624224,Light_XM
/home/lmy/iot-device-classification/dataset/light_xm/round2_normal/light_xm_r2.pcapng,R2,328,3283.236911058426,0.006301059498330813,0.12267438633051418,0.8092785704273385,0.061263855800955946,0.00048212794286064817,Light_XM
/home/lmy/iot-device-classification/dataset/light_xm/round2_normal/light_xm_r2.pcapng,R2,329,3292.1280171871185,0.004034768685728643,0.08455017684798506,0.8848918354290247,0.02623258530285641,0.00029063373440526517,Light_XM
/home/lmy/iot-device-classification/dataset/light_xm/round2_normal/light_xm_r2.pcapng,R2,330,3303.40980386734,0.0006836395800764761,0.08769427647061089,0.903630880442375,0.0076465837977430185,0.0003446197091946154,Light_XM
/home/lmy/iot-device-classification/dataset/light_xm/round2_normal/light_xm_r2.pcapng,R2,331,3313.4544904232025,0.024299316017419286,0.3616186187091871,0.005040641599105585,0.6072818461526233,0.0017595775216648177,Light_XM
/home/lmy/iot-device-classification/dataset/light_xm/round2_normal/light_xm_r2.pcapng,R2,332,3323.516639471054,0.0006575239004508617,0.09195239681396225,0.900137163553139,0.006918994328350815,0.00033392140409709,Light_XM
/home/lmy/iot-device-classification/dataset/light_xm/round2_normal/light_xm_r2.pcapng,R2,333,3333.5944771766663,0.0023274769975788158,0.30907112645862195,0.5815410340864359,0.10597761837736315,0.0010827440800001737,Light_XM
/home/lmy/iot-device-classification/dataset/light_xm/round2_normal/light_xm_r2.pcapng,R2,334,3343.631558895111,0.009985488119064426,0.1195875459276271,0.7157570914979513,0.15416040534490366,0.0005094691104536435,Light_XM
/home/lmy/iot-device-classification/dataset/light_xm/round2_normal/light_xm_r2.pcapng,R2,335,3353.7083151340485,0.0008967356805263257,0.10648754116163053,0.8793760564858226,0.012805743498264263,0.0004339231737560873,Light_XM
/home/lmy/iot-device-classification/dataset/light_xm/round2_normal/light_xm_r2.pcapng,R2,336,3363.787456035614,0.002367366793184025,0.43808051884170623,0.26369779145383226,0.29469099309063207,0.0011633298206454189,Light_XM
/home/lmy/iot-device-classification/dataset/light_xm/round2_normal/light_xm_r2.pcapng,R2,337,3373.862365245819,0.01751344385744194,0.40961768523923486,0.3040235391207452,0.2667674054680372,0.0020779263145407276,Light_XM
/home/lmy/iot-device-classification/dataset/light_xm/round2_normal/light_xm_r2.pcapng,R2,338,3383.8984880447388,0.002415956131531098,0.20666337321688935,0.727745962999236,0.06230078793771918,0.0008739197146241866,Light_XM
/home/lmy/iot-device-classification/dataset/light_xm/round2_normal/light_xm_r2.pcapng,R2,339,3390.0583460330963,0.0007864486591994472,0.10954148037250054,0.8779479822010848,0.011314540843492281,0.0004095479237230738,Light_XM
/home/lmy/iot-device-classification/dataset/light_xm/round2_normal/light_xm_r2.pcapng,R2,340,3404.0607516765594,0.018959519164924808,0.3858184926418062,0.004099196095273666,0.5895812124389159,0.001541579659079307,Light_XM
/home/lmy/iot-device-classification/dataset/light_xm/round2_normal/light_xm_r2.pcapng,R2,341,3414.184970855713,0.000680881257883967,0.07664585669153892,0.9153628037403402,0.006980010510498417,0.00033044779973868824,Light_XM
/home/lmy/iot-device-classification/dataset/light_xm/round2_normal/light_xm_r2.pcapng,R2,342,3424.167196035385,0.0011686215289047805,0.16505565143172543,0.8101685819557116,0.023028847641125914,0.0005782974425323337,Light_XM
/home/lmy/iot-device-classification/dataset/light_xm/round2_normal/light_xm_r2.pcapng,R2,343,3434.240665435791,0.002918924931700813,0.4282520715210837,0.47290901042736194,0.09495260774125892,0.0009673853785946135,Light_XM
/home/lmy/iot-device-classification/dataset/light_xm/round2_normal/light_xm_r2.pcapng,R2,344,3444.3967547416687,0.0008290374622088876,0.10503266499871336,0.8832700484947422,0.010460747516199393,0.0004075015281361972,Light_XM
/home/lmy/iot-device-classification/dataset/light_xm/round2_normal/light_xm_r2.pcapng,R2,345,3454.0271830558777,0.002051778223732488,0.25087132042358273,0.6798963683127018,0.06628859428040935,0.0008919387595735475,Light_XM
/home/lmy/iot-device-classification/dataset/light_xm/round2_normal/light_xm_r2.pcapng,R2,346,3464.270911216736,0.004946026017037456,0.4412671798431873,0.016124305320860607,0.5364047158291172,0.0012577729897975184,Light_XM
/home/lmy/iot-device-classification/dataset/light_xm/round2_normal/light_xm_r2.pcapng,R2,347,3474.5283274650574,0.0008693624350249028,0.14262216440321854,0.841451102833685,0.014592790939038968,0.0004645793890327318,Light_XM
/home/lmy/iot-device-classification/dataset/light_xm/round2_normal/light_xm_r2.pcapng,R2,348,3484.5431480407715,0.0007543246653913268,0.0956882796578004,0.8937808918466164,0.009398301267735639,0.0003782025624560616,Light_XM
/home/lmy/iot-device-classification/dataset/light_xm/round2_normal/light_xm_r2.pcapng,R2,349,3494.337672233581,0.019778382759870275,0.29811209362587265,0.0026946087778361716,0.6779772387627885,0.0014376760736322725,Light_XM
/home/lmy/iot-device-classification/dataset/light_xm/round2_normal/light_xm_r2.pcapng,R2,350,3504.163938760757,0.0006740714111811996,0.0935732348682778,0.8977276438320888,0.007677871616998712,0.00034717827145334343,Light_XM
/home/lmy/iot-device-classification/dataset/light_xm/round2_normal/light_xm_r2.pcapng,R2,351,3514.095274209976,0.0018012332108663083,0.49981573611537633,0.21099792995499553,0.28633510578885457,0.0010499949299072465,Light_XM
/home/lmy/iot-device-classification/dataset/light_xm/round2_normal/light_xm_r2.pcapng,R2,352,3524.409143447876,0.006560815677775676,0.18409589079413105,0.6116094018018253,0.19700928999127784,0.0007246017349900217,Light_XM
/home/lmy/iot-device-classification/dataset/light_xm/round2_normal/light_xm_r2.pcapng,R2,353,3534.9150738716125,0.0015852129034459655,0.16958407882633056,0.7897749969768011,0.038320349643678135,0.0007353616497443012,Light_XM
/home/lmy/iot-device-classification/dataset/light_xm/round2_normal/light_xm_r2.pcapng,R2,354,3544.0892815589905,0.0007678660697523268,0.10361515895905296,0.8855782242296157,0.009671243415869604,0.00036750732570946487,Light_XM
/home/lmy/iot-device-classification/dataset/light_xm/round2_normal/light_xm_r2.pcapng,R2,355,3554.3612942695618,0.003978879670755109,0.3260230654787831,0.42109431346276666,0.24777615581117307,0.0011275855765220662,Light_XM
/home/lmy/iot-device-classification/dataset/light_xm/round2_normal/light_xm_r2.pcapng,R2,356,3565.113913536072,0.0007944599369914928,0.09503959071907919,0.8926267906856611,0.011131873405267044,0.00040728525300109475,Light_XM
/home/lmy/iot-device-classification/dataset/light_xm/round2_normal/light_xm_r2.pcapng,R2,357,3572.51921749115,0.0006780574297156614,0.07245730999839362,0.9181861884248277,0.008328522233806307,0.00034992191325652113,Light_XM
/home/lmy/iot-device-classification/dataset/light_xm/round2_normal/light_xm_r2.pcapng,R2,358,3584.3800823688507,0.019996494404778988,0.39665314100941557,0.013950482605828754,0.5677907878666177,0.001609094113359,Light_XM
/home/lmy/iot-device-classification/dataset/light_xm/round2_normal/light_xm_r2.pcapng,R2,359,3593.8043570518494,0.009736680377233724,0.24439784203052708,0.5040863349216619,0.24126966108716716,0.0005094815834101608,Light_XM
/home/lmy/iot-device-classification/dataset/light_xm/round2_normal/light_xm_r2.pcapng,R2,360,3602.6649763584137,0.008782326596639457,0.3484390277975513,0.4454378278412752,0.196464604547491,0.0008762132170429509,Light_XM
/home/lmy/iot-device-classification/dataset/light_xm/round2_normal/light_xm_r2.pcapng,R2,361,3614.419595479965,0.0038487648788368117,0.4904832887291273,0.2088883046086101,0.2954794806502218,0.0013001611332039119,Light_XM
/home/lmy/iot-device-classification/dataset/light_xm/round2_normal/light_xm_r2.pcapng,R2,362,3626.805492401123,0.035034244595510765,0.7244836783857828,0.0043560553712788525,0.2346350373990721,0.001490984248355476,Light_XM
/home/lmy/iot-device-classification/dataset/light_xm/round2_normal/light_xm_r2.pcapng,R2,363,3630.625636339188,0.0014759879746541005,0.25608212737618624,0.6914943814652975,0.050302225298535584,0.0006452778853264248,Light_XM
/home/lmy/iot-device-classification/dataset/light_xm/round2_normal/light_xm_r2.pcapng,R2,364,3644.452465057373,0.11037097168823343,0.10799125536253676,0.007705430642781481,0.7720373016490775,0.001895040657370828,Light_XM
/home/lmy/iot-device-classification/dataset/sensor/round2_normal/sensor_r2.pcapng,R2,0,0.0,0.0026007099660854526,0.048580782541042235,0.00016652761982532374,0.9483585285760919,0.0002934512969549862,Sensor
/home/lmy/iot-device-classification/dataset/sensor/round2_normal/sensor_r2.pcapng,R2,1,12.231725692749023,0.03582912186641168,0.08677562393340023,0.0022565425848510073,0.8740219492929617,0.0011167623223752561,Sensor
/home/lmy/iot-device-classification/dataset/sensor/round2_normal/sensor_r2.pcapng,R2,2,22.19470477104187,0.0016227459687357976,0.017226104614330336,5.099359786553388e-05,0.9809319917364513,0.00016816408261685427,Sensor
/home/lmy/iot-device-classification/dataset/sensor/round2_normal/sensor_r2.pcapng,R2,3,31.93545627593994,0.016962255878213973,0.6601597550481059,0.14076654952385714,0.18055338582787142,0.001558053721951471,Sensor
/home/lmy/iot-device-classification/dataset/sensor/round2_normal/sensor_r2.pcapng,R2,4,41.02510976791382,0.008149198284197742,0.27255992974868093,0.4696463452201003,0.24911737762771974,0.0005271491193012676,Sensor
/home/lmy/iot-device-classification/dataset/sensor/round2_normal/sensor_r2.pcapng,R2,5,50.13455557823181,0.006418120174704143,0.09974162826239011,0.0004867392237226794,0.8928412557661234,0.0005122565730596429,Sensor
/home/lmy/iot-device-classification/dataset/sensor/round2_normal/sensor_r2.pcapng,R2,6,61.059731245040894,0.024916021198358826,0.6776646549828589,0.04944310454200104,0.2462860691286934,0.0016901501480879064,Sensor
/home/lmy/iot-device-classification/dataset/sensor/round2_normal/sensor_r2.pcapng,R2,7,72.29636287689209,0.010853236749373933,0.354189670864117,0.39998392747703365,0.2344449733484606,0.0005281915610146761,Sensor
/home/lmy/iot-device-classification/dataset/sensor/round2_normal/sensor_r2.pcapng,R2,8,82.3048255443573,0.001968121705176626,0.030199520765103988,8.011970017730952e-05,0.9675388270846398,0.00021341074490237763,Sensor
/home/lmy/iot-device-classification/dataset/sensor/round2_normal/sensor_r2.pcapng,R2,9,92.31539797782898,0.0015191614152887784,0.018337503700681056,5.0520628714619914e-05,0.9799252511789455,0.00016756307637004657,Sensor
/home/lmy/iot-device-classification/dataset/sensor/round2_normal/sensor_r2.pcapng,R2,10,100.58269190788268,0.012615335116034456,0.17550795481531337,0.015269999411021046,0.7959314895435508,0.0006752211140805016,Sensor
/home/lmy/iot-device-classification/dataset/sensor/round2_normal/sensor_r2.pcapng,R2,11,110.98202657699584,0.0041343453543018415,0.08010459281658147,0.00044074158651994906,0.9149309176599845,0.0003894025826122044,Sensor
/home/lmy/iot-device-classification/dataset/sensor/round2_normal/sensor_r2.pcapng,R2,12,122.3495707511902,0.01210545571727099,0.5735437978239852,0.03478023434439442,0.378596172101464,0.0009743400128853955,Sensor
/home/lmy/iot-device-classification/dataset/sensor/round2_normal/sensor_r2.pcapng,R2,13,130.01233792304993,0.014373427112298859,0.417708813808148,0.0034283274233670637,0.5631264324467444,0.0013629992094416192,Sensor
/home/lmy/iot-device-classification/dataset/sensor/round2_normal/sensor_r2.pcapng,R2,14,140.10409450531006,0.004747269385692853,0.11331643863791427,0.0003304136499714024,0.8811174316673156,0.0004884466591059054,Sensor
/home/lmy/iot-device-classification/dataset/sensor/round2_normal/sensor_r2.pcapng,R2,15,152.38108110427856,0.0020688122831843633,0.027994342948951565,0.00010938076440935775,0.9696197706244384,0.00020769337901636718,Sensor
/home/lmy/iot-device-classification/dataset/sensor/round2_normal/sensor_r2.pcapng,R2,16,162.39047288894653,0.00984870652899862,0.10308051287380475,0.007288324206398622,0.8791057560486186,0.000676700342179259,Sensor
/home/lmy/iot-device-classification/dataset/sensor/round2_normal/sensor_r2.pcapng,R2,17,170.49036240577698,0.002029288375518179,0.030442764119308165,0.00011437508274586695,0.9671960687912196,0.0002175036312083117,Sensor
/home/lmy/iot-device-classification/dataset/sensor/round2_normal/sensor_r2.pcapng,R2,18,181.7045476436615,0.0017715866147315193,0.017012985492922267,7.428621382942906e-05,0.9809707225349821,0.00017041914353447776,Sensor
/home/lmy/iot-device-classification/dataset/sensor/round2_normal/sensor_r2.pcapng,R2,19,190.02887868881223,0.006255832264083774,0.1528940041017902,0.035658428033920234,0.8047797856400175,0.0004119499601882525,Sensor
/home/lmy/iot-device-classification/dataset/sensor/round2_normal/sensor_r2.pcapng,R2,20,202.43132066726685,0.002265116704214719,0.026596106710305517,9.813235002146552e-05,0.9708238956030601,0.00021674863239816149,Sensor
/home/lmy/iot-device-classification/dataset/sensor/round2_normal/sensor_r2.pcapng,R2,21,212.4412748813629,0.001866831952888702,0.03389537384798288,8.181669678662778e-05,0.9639378217590956,0.00021815574324636472,Sensor
/home/lmy/iot-device-classification/dataset/sensor/round2_normal/sensor_r2.pcapng,R2,22,221.22432684898376,0.009298510534500086,0.23230942293901063,0.000975678216527247,0.7566241401075826,0.0007922482023793596,Sensor
/home/lmy/iot-device-classification/dataset/sensor/round2_normal/sensor_r2.pcapng,R2,23,231.62305426597595,0.0051609563829992395,0.044668469287181836,0.0003589943654770527,0.9494003819317343,0.0004111980326076732,Sensor
/home/lmy/iot-device-classification/dataset/sensor/round2_normal/sensor_r2.pcapng,R2,24,242.46893787384036,0.0015176264747334867,0.015960845605139516,4.333191156243855e-05,0.982320340188208,0.00015785582035655603,Sensor
/home/lmy/iot-device-classification/dataset/sensor/round2_normal/sensor_r2.pcapng,R2,25,252.4785759449005,0.005733387069727558,0.5438000400239279,0.07534676440063365,0.37425406387089244,0.0008657446348184418,Sensor
/home/lmy/iot-device-classification/dataset/sensor/round2_normal/sensor_r2.pcapng,R2,26,262.48790287971497,0.0017724987939317911,0.025708251037609396,6.73966781590464e-05,0.9722554433871113,0.00019641010318848504,Sensor
/home/lmy/iot-device-classification/dataset/sensor/round2_normal/sensor_r2.pcapng,R2,27,271.1400830745697,0.0016370431657947689,0.02170125057723953,6.056855685172596e-05,0.9764175602098774,0.00018357749023672085,Sensor
/home/lmy/iot-device-classification/dataset/sensor/round2_normal/sensor_r2.pcapng,R2,28,282.5055465698242,0.008294534923996417,0.3786854162592919,0.15482918832464115,0.4575164677177808,0.0006743927742896451,Sensor
/home/lmy/iot-device-classification/dataset/sensor/round2_normal/sensor_r2.pcapng,R2,29,291.9372820854187,0.0028525938142876283,0.053259277677943195,0.0002124206053769413,0.9433771141757672,0.00029859372662511847,Sensor
/home/lmy/iot-device-classification/dataset/sensor/round2_normal/sensor_r2.pcapng,R2,30,302.5250279903412,0.0008348360483247583,0.008640651791277683,2.0431913870730858e-05,0.9904059948466168,9.808539990989515e-05,Sensor
/home/lmy/iot-device-classification/dataset/sensor/round2_normal/sensor_r2.pcapng,R2,31,312.5336563587189,0.010444946063580393,0.3340144328135648,0.002686431011399528,0.6518227325514476,0.0010314575600077053,Sensor
/home/lmy/iot-device-classification/dataset/sensor/round2_normal/sensor_r2.pcapng,R2,32,322.15154123306274,0.027031686084464282,0.4921524687584882,0.014344555119116646,0.46407185084503966,0.0023994391928910353,Sensor
/home/lmy/iot-device-classification/dataset/sensor/round2_normal/sensor_r2.pcapng,R2,33,331.4558804035187,0.0014786322742398998,0.023232925922949798,5.101267532903312e-05,0.9750666946790421,0.00017073444843928494,Sensor
/home/lmy/iot-device-classification/dataset/sensor/round2_normal/sensor_r2.pcapng,R2,34,342.3497862815857,0.014545137953377899,0.2472214510980024,0.2802438912599455,0.45731839287241954,0.0006711268162547896,Sensor
/home/lmy/iot-device-classification/dataset/sensor/round2_normal/sensor_r2.pcapng,R2,35,352.5727677345276,0.0014354586112414122,0.020880227145186184,5.397026732118639e-05,0.9774659135287673,0.0001644304474837194,Sensor
/home/lmy/iot-device-classification/dataset/sensor/round2_normal/sensor_r2.pcapng,R2,36,362.5824410915375,0.0007067418008367458,0.006937198454790681,1.5848586584487067e-05,0.9922556874844953,8.452367329278112e-05,Sensor
/home/lmy/iot-device-classification/dataset/sensor/round2_normal/sensor_r2.pcapng,R2,37,372.5916764736176,0.0036624497395632877,0.03155843449869114,0.0001341659128534382,0.9643498645633936,0.00029508528549851713,Sensor
/home/lmy/iot-device-classification/dataset/sensor/round2_normal/sensor_r2.pcapng,R2,38,381.3845255374909,0.0019831454084909125,0.02133986058149786,0.0009975069704893165,0.975527245535731,0.0001522415037910205,Sensor
/home/lmy/iot-device-classification/dataset/sensor/round2_normal/sensor_r2.pcapng,R2,39,390.23874950408936,0.001456364451617984,0.023355830529266985,5.328523124563162e-05,0.9749628755259558,0.00017164426191376583,Sensor
/home/lmy/iot-device-classification/dataset/sensor/round2_normal/sensor_r2.pcapng,R2,40,402.1729271411896,0.0032727388462695578,0.06592236969106005,0.00023118959838157736,0.9302183629182782,0.0003553389460104974,Sensor
/home/lmy/iot-device-classification/dataset/sensor/round2_normal/sensor_r2.pcapng,R2,41,412.57277607917786,0.0036130455573921473,0.05946633858594408,0.0003214236844961417,0.9362479245770009,0.00035126759516685856,Sensor
/home/lmy/iot-device-classification/dataset/sensor/round2_normal/sensor_r2.pcapng,R2,42,422.6405274868012,0.0009019070376289271,0.00964781557687163,2.4799300033440842e-05,0.9893175064168949,0.00010797166857106319,Sensor
/home/lmy/iot-device-classification/dataset/sensor/round2_normal/sensor_r2.pcapng,R2,43,430.4788019657135,0.016201133041485075,0.6291217120718883,0.006281506126732257,0.3471755818037685,0.0012200669561257611,Sensor
/home/lmy/iot-device-classification/dataset/sensor/round2_normal/sensor_r2.pcapng,R2,44,442.6610748767853,0.0007055153217138111,0.0071623072176668495,1.6226253373871048e-05,0.9920304607859673,8.549042127808132e-05,Sensor
/home/lmy/iot-device-classification/dataset/sensor/round2_normal/sensor_r2.pcapng,R2,45,452.0923044681549,0.0007230579025111291,0.007221118194427412,1.6487657453136617e-05,0.9919529352707747,8.640097483360659e-05,Sensor
/home/lmy/iot-device-classification/dataset/sensor/round2_normal/sensor_r2.pcapng,R2,46,462.49242997169495,0.005908161325402054,0.1246697096863181,0.0004910222093600214,0.8683534925565641,0.0005776142223558222,Sensor
/home/lmy/iot-device-classification/dataset/sensor/round2_normal/sensor_r2.pcapng,R2,47,470.71716833114624,0.0018304366983527354,0.022985651466717612,6.347775927267437e-05,0.9749278624438054,0.00019257163185164977,Sensor
/home/lmy/iot-device-classification/dataset/sensor/round2_normal/sensor_r2.pcapng,R2,48,482.700243473053,0.0017124646743192388,0.022147360907974666,6.222795714092939e-05,0.9758910595837454,0.00018688687681967702,Sensor
/home/lmy/iot-device-classification/dataset/sensor/round2_normal/sensor_r2.pcapng,R2,49,492.7101972103119,0.010592633668205564,0.1400437630019787,0.0008401036197443908,0.8477467097604273,0.0007767899496439602,Sensor
/home/lmy/iot-device-classification/dataset/sensor/round2_normal/sensor_r2.pcapng,R2,50,502.7203652858734,0.0036089454220192426,0.04107355666956927,0.0003298188015330233,0.9546788687049153,0.00030881040196318167,Sensor
/home/lmy/iot-device-classification/dataset/sensor/round2_normal/sensor_r2.pcapng,R2,51,510.9567174911499,0.0014628280680890888,0.0206371724751512,4.969113178596349e-05,0.9776848151840931,0.00016549314088059203,Sensor
/home/lmy/iot-device-classification/dataset/sensor/round2_normal/sensor_r2.pcapng,R2,52,522.7427225112915,0.0025907799130903257,0.23697712076958116,0.011640729927057282,0.7480045116331547,0.0007868577571165154,Sensor
/home/lmy/iot-device-classification/dataset/sensor/round2_normal/sensor_r2.pcapng,R2,53,532.7516090869904,0.0006897280532685995,0.00687128146531471,1.5633837152145322e-05,0.9923397643105385,8.359233372599304e-05,Sensor
/home/lmy/iot-device-classification/dataset/sensor/round2_normal/sensor_r2.pcapng,R2,54,542.7606384754181,0.0007006780318659054,0.006982528249901781,1.6073743014924117e-05,0.992215888833887,8.48311413304934e-05,Sensor
/home/lmy/iot-device-classification/dataset/sensor/round2_normal/sensor_r2.pcapng,R2,55,551.1177084445953,0.006987501799564765,0.21892753188150232,0.10732661740366073,0.6661759314452831,0.000582417469989044,Sensor
/home/lmy/iot-device-classification/dataset/sensor/round2_normal/sensor_r2.pcapng,R2,56,562.7820229530334,0.001480837541676178,0.016419027760319175,4.521425599895993e-05,0.981899252300565,0.00015566814144060508,Sensor
/home/lmy/iot-device-classification/dataset/sensor/round2_normal/sensor_r2.pcapng,R2,57,572.7918756008148,0.0009619266126555763,0.009705049610768592,2.4993668778667322e-05,0.9891987826029198,0.00010924750487736133,Sensor
/home/lmy/iot-device-classification/dataset/sensor/round2_normal/sensor_r2.pcapng,R2,58,582.8039767742157,0.009113095074338419,0.1912219773361442,0.0009056564472238184,0.7979492458737946,0.0008100252684990745,Sensor
/home/lmy/iot-device-classification/dataset/sensor/round2_normal/sensor_r2.pcapng,R2,59,591.4383327960968,0.0007710766119164252,0.008182857579306084,1.8937565754866886e-05,0.9909340534702584,9.307477276413942e-05,Sensor
/home/lmy/iot-device-classification/dataset/sensor/round2_normal/sensor_r2.pcapng,R2,60,602.8227722644806,0.0010466264304653627,0.011879425517313184,3.277938286830981e-05,0.9869197904219597,0.00012137824739355152,Sensor
/home/lmy/iot-device-classification/dataset/sensor/round2_normal/sensor_r2.pcapng,R2,61,612.832789182663,0.011690078119507286,0.431161741347187,0.002242582069476,0.5538643773354072,0.0010412211284225625,Sensor
/home/lmy/iot-device-classification/dataset/sensor/round2_normal/sensor_r2.pcapng,R2,62,622.137327671051,0.003493998969288179,0.42531524127404385,0.30300127098815527,0.26691502503466935,0.001274463733843273,Sensor
/home/lmy/iot-device-classification/dataset/sensor/round2_normal/sensor_r2.pcapng,R2,63,632.239795923233,0.0022744573355347967,0.03996298265988547,0.000106476694050168,0.957412044061658,0.00024403924887158966,Sensor
/home/lmy/iot-device-classification/dataset/sensor/round2_normal/sensor_r2.pcapng,R2,64,642.4123089313507,0.025821694453676363,0.5590340881625062,0.010953414723825732,0.40246106043038987,0.00172974222960195,Sensor
/home/lmy/iot-device-classification/dataset/sensor/round2_normal/sensor_r2.pcapng,R2,65,650.3996846675873,0.0028526178728790507,0.03828909881156865,0.0002162058808468747,0.9583757132992766,0.0002663641354287878,Sensor
/home/lmy/iot-device-classification/dataset/sensor/round2_normal/sensor_r2.pcapng,R2,66,661.9181847572327,0.0018743549858771759,0.035149397145768015,7.639057983258495e-05,0.9626844893208669,0.00021536796765537073,Sensor
/home/lmy/iot-device-classification/dataset/sensor/round2_normal/sensor_r2.pcapng,R2,67,672.8934950828552,0.010217077052989056,0.136048093174204,0.009003358878885464,0.8439887743881613,0.0007426965057601566,Sensor
/home/lmy/iot-device-classification/dataset/sensor/round2_normal/sensor_r2.pcapng,R2,68,682.9021186828613,0.001319248091692372,0.013420471543434986,3.753819915531616e-05,0.9850807908373044,0.00014195132841286526,Sensor
/home/lmy/iot-device-classification/dataset/sensor/round2_normal/sensor_r2.pcapng,R2,69,692.9119896888733,0.0009596811764348138,0.009706168153314357,2.5439989633407176e-05,0.9891984036452707,0.00011030703534688416,Sensor
/home/lmy/iot-device-classification/dataset/sensor/round2_normal/sensor_r2.pcapng,R2,70,702.2385060787201,0.020832786570724057,0.6285846492411967,0.049851581825189215,0.2994628783811422,0.001268103981747951,Sensor
/home/lmy/iot-device-classification/dataset/sensor/round2_normal/sensor_r2.pcapng,R2,71,712.9324824810028,0.0006849540739148577,0.006700426594581616,1.5479187550165565e-05,0.9925161879787894,8.295216516401185e-05,Sensor
/home/lmy/iot-device-classification/dataset/sensor/round2_normal/sensor_r2.pcapng,R2,72,722.9446935653687,0.0014047303622292994,0.01618266582451334,4.38948002533254e-05,0.9822135942614736,0.00015511475153042286,Sensor
/home/lmy/iot-device-classification/dataset/sensor/round2_normal/sensor_r2.pcapng,R2,73,732.9527766704559,0.01733204883302309,0.4771141911052426,0.005391043369509736,0.49872361620564265,0.0014391004865817547,Sensor
/home/lmy/iot-device-classification/dataset/sensor/round2_normal/sensor_r2.pcapng,R2,74,740.5281891822815,0.018291995461456333,0.5392285442361583,0.20550305985654305,0.23540534892109216,0.0015710515247502274,Sensor
/home/lmy/iot-device-classification/dataset/sensor/round2_normal/sensor_r2.pcapng,R2,75,752.9729859828949,0.0009241978667274192,0.010393653022088065,2.4215141201602773e-05,0.9885495061827909,0.00010842778719189679,Sensor
/home/lmy/iot-device-classification/dataset/sensor/round2_normal/sensor_r2.pcapng,R2,76,762.9843528270721,0.006113074615642092,0.05540930115239642,0.0002833939317466001,0.9377429761853185,0.0004512541148963459,Sensor
/home/lmy/iot-device-classification/dataset/sensor/round2_normal/sensor_r2.pcapng,R2,77,770.6973631381989,0.0031019251805746236,0.04149069359315139,0.00014041966197090352,0.9549690050406713,0.00029795652363163316,Sensor
/home/lmy/iot-device-classification/dataset/sensor/round2_normal/sensor_r2.pcapng,R2,78,782.7180740833282,0.002333798392179767,0.044911809026153125,0.00010618795412092283,0.9523894319700041,0.00025877265754187354,Sensor
/home/lmy/iot-device-classification/dataset/sensor/round2_normal/sensor_r2.pcapng,R2,79,793.0122995376587,0.01169538458976026,0.5638467541830336,0.005081981954099806,0.41820928017767056,0.001166599095435577,Sensor
/home/lmy/iot-device-classification/dataset/sensor/round2_normal/sensor_r2.pcapng,R2,80,803.021938085556,0.0007108534943214932,0.007330435994472004,1.6456161649212922e-05,0.9918561362015462,8.611814801109754e-05,Sensor
/home/lmy/iot-device-classification/dataset/sensor/round2_normal/sensor_r2.pcapng,R2,81,813.0429999828339,0.0017644154161766928,0.024817769736143785,6.464098585325166e-05,0.973159111292517,0.0001940625693093933,Sensor
/home/lmy/iot-device-classification/dataset/sensor/round2_normal/sensor_r2.pcapng,R2,82,823.0380578041077,0.011162808276298447,0.3021707923023834,0.0019449520357490808,0.6836669365336627,0.0010545108519062689,Sensor
/home/lmy/iot-device-classification/dataset/sensor/round2_normal/sensor_r2.pcapng,R2,83,833.0527613162994,0.0019440632987862505,0.02338157766082256,6.749486936439246e-05,0.9744081704696375,0.00019869370138933174,Sensor
/home/lmy/iot-device-classification/dataset/sensor/round2_normal/sensor_r2.pcapng,R2,84,843.0621116161346,0.002357546294210828,0.04426672125405147,0.00014285765553351875,0.9529713344369527,0.0002615403592514732,Sensor
/home/lmy/iot-device-classification/dataset/sensor/round2_normal/sensor_r2.pcapng,R2,85,853.0723254680634,0.021906489578824285,0.5583561791412305,0.008362822717046286,0.40976111116834085,0.0016133973945581307,Sensor
/home/lmy/iot-device-classification/dataset/sensor/round2_normal/sensor_r2.pcapng,R2,86,863.0827257633209,0.0017076457831247621,0.012005949132156149,0.0021232861594855453,0.984056229543676,0.0001068893815574228,Sensor
/home/lmy/iot-device-classification/dataset/sensor/round2_normal/sensor_r2.pcapng,R2,87,873.0945248603821,0.0018403367415786081,0.02412605166681271,6.456986599716527e-05,0.9737757336925752,0.0001933080330364194,Sensor
/home/lmy/iot-device-classification/dataset/sensor/round2_normal/sensor_r2.pcapng,R2,88,883.1016252040863,0.007828538012875136,0.07535936365432735,0.0010306939770014965,0.9152486187048471,0.0005327856509490881,Sensor
/home/lmy/iot-device-classification/dataset/sensor/round2_normal/sensor_r2.pcapng,R2,89,893.1124033927917,0.002320070000510178,0.0268170441945347,0.0001194828690138527,0.9704928116791134,0.0002505912568277885,Sensor
/home/lmy/iot-device-classification/dataset/sensor/round2_normal/sensor_r2.pcapng,R2,90,903.1222839355468,0.0007118235448626191,0.007097673959380823,1.652078279403638e-05,0.9920878785116117,8.61032013507593e-05,Sensor
/home/lmy/iot-device-classification/dataset/sensor/round2_normal/sensor_r2.pcapng,R2,91,913.1319596767426,0.01274248992643505,0.25823240708488887,0.17271083325089615,0.5556605974724587,0.0006536722653212126,Sensor
/home/lmy/iot-device-classification/dataset/sensor/round2_normal/sensor_r2.pcapng,R2,92,922.1348292827606,0.004014153292127697,0.1559040432254109,0.11381878132481947,0.7254801741998651,0.0007828479577768168,Sensor
/home/lmy/iot-device-classification/dataset/sensor/round2_normal/sensor_r2.pcapng,R2,93,933.1514210700988,0.0010272387962293157,0.012221223157074438,3.0704417742946086e-05,0.9866004288706521,0.00012040475830117362,Sensor
/home/lmy/iot-device-classification/dataset/sensor/round2_normal/sensor_r2.pcapng,R2,94,942.3550815582277,0.022922478076419055,0.5549136625522941,0.005052218119722324,0.41557194123505153,0.0015397000165130543,Sensor
/home/lmy/iot-device-classification/dataset/sensor/round2_normal/sensor_r2.pcapng,R2,95,953.1718587875366,0.001138717120615944,0.01247743793132972,3.17475103380626e-05,0.9862244508008264,0.00012764663688973678,Sensor
/home/lmy/iot-device-classification/dataset/sensor/round2_normal/sensor_r2.pcapng,R2,96,963.187185049057,0.0014033205642181989,0.013473701000475815,4.666716249854125e-05,0.9849343206666648,0.0001419906061428052,Sensor
/home/lmy/iot-device-classification/dataset/sensor/round2_normal/sensor_r2.pcapng,R2,97,971.8347039222716,0.013661134052032562,0.46325707092406754,0.006496457437959566,0.5152737326648505,0.0013116049210898865,Sensor
/home/lmy/iot-device-classification/dataset/sensor/round2_normal/sensor_r2.pcapng,R2,98,980.4113380908966,0.004306282210373681,0.07234578429934556,0.002138849800057358,0.9208641643770226,0.00034491931320085046,Sensor
/home/lmy/iot-device-classification/dataset/sensor/round2_normal/sensor_r2.pcapng,R2,99,993.2116060256958,0.0010931874024075355,0.011338954632150561,3.1242531066588204e-05,0.9874134412834732,0.00012317415090218876,Sensor
/home/lmy/iot-device-classification/dataset/sensor/round2_normal/sensor_r2.pcapng,R2,100,1003.222226381302,0.0022117817657141517,0.030321518782764283,0.00010483458999839844,0.9671186870887385,0.00024317777278471742,Sensor
/home/lmy/iot-device-classification/dataset/sensor/round2_normal/sensor_r2.pcapng,R2,101,1013.2331926822662,0.003075222112349475,0.06490140708052498,0.00017410527628568552,0.9315202624625952,0.0003290030682445283,Sensor
/home/lmy/iot-device-classification/dataset/sensor/round2_normal/sensor_r2.pcapng,R2,102,1023.2424399852752,0.0006976005827037832,0.007015609424936661,1.5928042221705638e-05,0.9921863212903955,8.454065974250837e-05,Sensor
/home/lmy/iot-device-classification/dataset/sensor/round2_normal/sensor_r2.pcapng,R2,103,1033.2531135082245,0.010383542558307021,0.2195887618240437,0.001375205372613869,0.7677596320087711,0.0008928582362643265,Sensor
/home/lmy/iot-device-classification/dataset/sensor/round2_normal/sensor_r2.pcapng,R2,104,1043.263772726059,0.0025575770969629547,0.4006024469486219,0.3241711656920641,0.27176547830108777,0.000903331961263287,Sensor
/home/lmy/iot-device-classification/dataset/sensor/round2_normal/sensor_r2.pcapng,R2,105,1053.2732281684875,0.0017388563563515958,0.023353289089754634,5.774074473777633e-05,0.974666044182566,0.0001840696265899932,Sensor
/home/lmy/iot-device-classification/dataset/sensor/round2_normal/sensor_r2.pcapng,R2,106,1063.2834527492523,0.015248716551951164,0.3728658474501665,0.027558192167981332,0.5828878389039864,0.0014394049259144985,Sensor
/home/lmy/iot-device-classification/dataset/sensor/round2_normal/sensor_r2.pcapng,R2,107,1073.2963104248047,0.0007162304012304896,0.006843783429408267,1.628066038478151e-05,0.9923382722876709,8.543322130550839e-05,Sensor
/home/lmy/iot-device-classification/dataset/sensor/round2_normal/sensor_r2.pcapng,R2,108,1082.3359315395355,0.005143177408970665,0.045578769746351604,0.00023835776965281256,0.948647644109892,0.0003920509651329229,Sensor
/home/lmy/iot-device-classification/dataset/sensor/round2_normal/sensor_r2.pcapng,R2,109,1090.132818698883,0.013882993570167049,0.5546755218986201,0.014622773152772479,0.4156250707108797,0.0011936406675606204,Sensor
/home/lmy/iot-device-classification/dataset/sensor/round2_normal/sensor_r2.pcapng,R2,110,1103.3248331546783,0.0019750359121936375,0.021145434176130143,6.251786947038977e-05,0.9766210636093822,0.0001959484328237058,Sensor
/home/lmy/iot-device-classification/dataset/sensor/round2_normal/sensor_r2.pcapng,R2,111,1113.3345754146576,0.0016123298287104883,0.013662775042802838,8.671687210581141e-05,0.9844837641987707,0.00015441405761025136,Sensor
/home/lmy/iot-device-classification/dataset/sensor/round2_normal/sensor_r2.pcapng,R2,112,1123.345861673355,0.007742723630110662,0.09268046436012208,0.07577445665021844,0.8233826072564576,0.0004197481030913138,Sensor
/home/lmy/iot-device-classification/dataset/sensor/round2_normal/sensor_r2.pcapng,R2,113,1133.3565616607666,0.009007590571470683,0.13205121597895383,0.24730594579775583,0.6111150389963416,0.0005202086554780841,Sensor
/home/lmy/iot-device-classification/dataset/sensor/round2_normal/sensor_r2.pcapng,R2,114,1143.365463256836,0.008182094963943683,0.19610344443876176,0.0007884038429181007,0.7941888876721153,0.0007371690822610816,Sensor
/home/lmy/iot-device-classification/dataset/sensor/round2_normal/sensor_r2.pcapng,R2,115,1150.0370435714722,0.017378891865034034,0.42339855994030035,0.010555235627358113,0.547483692812958,0.001183619754349649,Sensor
/home/lmy/iot-device-classification/dataset/sensor/round2_normal/sensor_r2.pcapng,R2,116,1160.037424325943,0.010281389486175144,0.44942825504989975,0.5012963546443867,0.037509760706458874,0.0014842401130794657,Sensor
/home/lmy/iot-device-classification/dataset/sensor/round2_normal/sensor_r2.pcapng,R2,117,1170.1366801261902,0.0029016868382488554,0.06432820076881872,0.00015795996067239737,0.9322875982031917,0.0003245542290683905,Sensor
/home/lmy/iot-device-classification/dataset/sensor/round2_normal/sensor_r2.pcapng,R2,118,1180.037889957428,0.01477504421672452,0.17699810603996946,0.00658265144509602,0.800778460453523,0.0008657378446869392,Sensor
/home/lmy/iot-device-classification/dataset/sensor/round2_normal/sensor_r2.pcapng,R2,119,1190.2378754615784,0.0009019907315971537,0.014749862713045604,0.0002217442429191192,0.984030797280871,9.560503156711482e-05,Sensor
/home/lmy/iot-device-classification/dataset/sensor/round2_normal/sensor_r2.pcapng,R2,120,1200.337159156799,0.0013711789214216974,0.018808878614297635,4.57174994416818e-05,0.9796168589257838,0.00015736603905526814,Sensor
/home/lmy/iot-device-classification/dataset/sensor/round2_normal/sensor_r2.pcapng,R2,121,1210.437654256821,0.010829876862467204,0.38901163957006846,0.008209120226752959,0.5910226691501693,0.0009266941905420556,Sensor
/home/lmy/iot-device-classification/dataset/sensor/round2_normal/sensor_r2.pcapng,R2,122,1220.3922095298767,0.03796589500027189,0.5258952372726773,0.1342655220390946,0.2989378986647808,0.002935447023175328,Sensor
/home/lmy/iot-device-classification/dataset/sensor/round2_normal/sensor_r2.pcapng,R2,123,1230.5384831428528,0.027129805206698263,0.6528192430966298,0.013307847446885427,0.30453050685775873,0.0022125973920276818,Sensor
/home/lmy/iot-device-classification/dataset/sensor/round2_normal/sensor_r2.pcapng,R2,124,1240.437581539154,0.008861349371957815,0.17716149788542682,0.24897731719622687,0.5644340418743415,0.0005657936720469373,Sensor
/home/lmy/iot-device-classification/dataset/sensor/round2_normal/sensor_r2.pcapng,R2,125,1250.5406119823456,0.004161227583368007,0.08298448308480785,0.0004685010450457964,0.9119675551148552,0.000418233171923222,Sensor
/home/lmy/iot-device-classification/dataset/sensor/round2_normal/sensor_r2.pcapng,R2,126,1260.6372423171997,0.015647909791941163,0.4942903471786183,0.0038034515188975744,0.48509151512620396,0.0011667763843391276,Sensor
/home/lmy/iot-device-classification/dataset/sensor/round2_normal/sensor_r2.pcapng,R2,127,1270.7921879291534,0.016225478927996598,0.10540760864757658,0.014175043192732642,0.8634430821457567,0.0007487870859373704,Sensor
/home/lmy/iot-device-classification/dataset/sensor/round2_normal/sensor_r2.pcapng,R2,128,1280.7376618385315,0.001714083210578353,0.03187292530407861,0.004475808408742567,0.9617989560403543,0.00013822703624611702,Sensor
/home/lmy/iot-device-classification/dataset/sensor/round2_normal/sensor_r2.pcapng,R2,129,1290.8376200199127,0.003642588664578958,0.07051978148051445,0.0003184157560849906,0.9251380188093319,0.00038119528948964224,Sensor
/home/lmy/iot-device-classification/dataset/sensor/round2_normal/sensor_r2.pcapng,R2,130,1300.738027095795,0.0037072713142358655,0.04384497733350242,0.016370962959200958,0.9358297098260301,0.0002470785670306941,Sensor
/home/lmy/iot-device-classification/dataset/sensor/round2_normal/sensor_r2.pcapng,R2,131,1311.0935571193695,0.0024633429847953536,0.045377985367345275,0.0001209944811537807,0.9517629660578991,0.0002747111088065025,Sensor
/home/lmy/iot-device-classification/dataset/sensor/round2_normal/sensor_r2.pcapng,R2,132,1320.9932844638824,0.0013918646137000656,0.017512978522945293,4.692345889695733e-05,0.98089528775634,0.00015294564811769916,Sensor
/home/lmy/iot-device-classification/dataset/sensor/round2_normal/sensor_r2.pcapng,R2,133,1331.1378524303436,0.007396217015330579,0.16293317660837994,0.002550308813288333,0.8264916779508379,0.0006286196121631068,Sensor
/home/lmy/iot-device-classification/dataset/sensor/round2_normal/sensor_r2.pcapng,R2,134,1340.2557859420776,0.00953343161166327,0.23788915059355198,0.47811564076719504,0.27389505071211206,0.0005667263154774735,Sensor
/home/lmy/iot-device-classification/dataset/sensor/round2_normal/sensor_r2.pcapng,R2,135,1350.6440951824188,0.013414303780156114,0.8219558943451999,0.013305926905447045,0.15012045786643718,0.0012034171027597385,Sensor
/home/lmy/iot-device-classification/dataset/sensor/round2_normal/sensor_r2.pcapng,R2,136,1361.056119680405,0.006361700142524626,0.12300271556150019,0.0730814297434736,0.7971984316006927,0.0003557229518089463,Sensor
/home/lmy/iot-device-classification/dataset/sensor/round2_normal/sensor_r2.pcapng,R2,137,1370.0055301189425,0.008992361387340022,0.24053838576434064,0.38540225669722933,0.3644430829215739,0.0006239132295161671,Sensor
/home/lmy/iot-device-classification/dataset/sensor/round2_normal/sensor_r2.pcapng,R2,138,1381.3919978141785,0.0021895031578624104,0.03229036125561749,0.00043197126877403,0.964808524445069,0.00027963987267696887,Sensor
/home/lmy/iot-device-classification/dataset/sensor/round2_normal/sensor_r2.pcapng,R2,139,1391.5376896858215,0.004450276057909484,0.08956100428969004,0.03135831918112009,0.8742982116222667,0.00033218884901349224,Sensor
/home/lmy/iot-device-classification/dataset/sensor/round2_normal/sensor_r2.pcapng,R2,140,1400.0374732017517,0.0012961721025183375,0.10030683384823164,0.0018807210308313326,0.8961425437039104,0.00037372931450811833,Sensor
/home/lmy/iot-device-classification/dataset/sensor/round2_normal/sensor_r2.pcapng,R2,141,1410.9757425785065,0.005424954808524346,0.2253472661473508,0.0007292038128756343,0.7679203376128233,0.0005782376184260475,Sensor
/home/lmy/iot-device-classification/dataset/sensor/round2_normal/sensor_r2.pcapng,R2,142,1421.6375694274902,0.0072873971729280635,0.22215513667775208,0.1830646644689882,0.5869651320212674,0.0005276696590642122,Sensor
/home/lmy/iot-device-classification/dataset/sensor/round2_normal/sensor_r2.pcapng,R2,143,1430.0660786628723,0.0038530905084355367,0.0581088608488692,0.0002452818756989659,0.9374023084940866,0.0003904582729097522,Sensor
/home/lmy/iot-device-classification/dataset/sensor/round2_normal/sensor_r2.pcapng,R2,144,1440.0962414741516,0.0050902295910383285,0.07434115119514358,0.0004175947142158855,0.9196507083888692,0.0005003161107328508,Sensor
/home/lmy/iot-device-classification/dataset/sensor/round2_normal/sensor_r2.pcapng,R2,145,1451.9378354549408,0.007412053294930482,0.0981676099410545,0.0972004491142432,0.7967920097161386,0.00042787793363315734,Sensor
/home/lmy/iot-device-classification/dataset/sensor/round2_normal/sensor_r2.pcapng,R2,146,1460.090796470642,0.017388758402827012,0.35007373899412625,0.009650271040970467,0.6216898375610899,0.0011973940009865267,Sensor
/home/lmy/iot-device-classification/dataset/sensor/round2_normal/sensor_r2.pcapng,R2,147,1472.0380795001984,0.0010524103682216098,0.013194177585138423,3.173714066197346e-05,0.9855977591164884,0.00012391578948959677,Sensor
/home/lmy/iot-device-classification/dataset/sensor/round2_normal/sensor_r2.pcapng,R2,148,1481.6983976364136,0.0070953654014231085,0.14656900675705262,0.09173389134175382,0.754159207233081,0.00044252926668952847,Sensor
/home/lmy/iot-device-classification/dataset/sensor/round2_normal/sensor_r2.pcapng,R2,149,1490.0169944763184,0.02072206027375394,0.4513672171946549,0.034278211519856605,0.492033352543715,0.0015991584680194622,Sensor
/home/lmy/iot-device-classification/dataset/sensor/round2_normal/sensor_r2.pcapng,R2,150,1500.4153978824615,0.0019960595572631086,0.022764761828577642,0.009200560472316469,0.9659059915099539,0.00013262663188895249,Sensor
/home/lmy/iot-device-classification/dataset/sensor/round2_normal/sensor_r2.pcapng,R2,151,1512.3382449150083,0.006361675183453137,0.18018304280357403,0.08210913597311169,0.7308503911886488,0.0004957548512122687,Sensor
/home/lmy/iot-device-classification/dataset/sensor/round2_normal/sensor_r2.pcapng,R2,152,1520.179562330246,0.010230716847840706,0.2868537025919764,0.004553840025684785,0.6971456693788692,0.0012160711556288934,Sensor
/home/lmy/iot-device-classification/dataset/sensor/round2_normal/sensor_r2.pcapng,R2,153,1531.618066072464,0.009681913121372586,0.4647492505727929,0.0011456026170510217,0.5235550840587893,0.0008681496299942094,Sensor
/home/lmy/iot-device-classification/dataset/sensor/round2_normal/sensor_r2.pcapng,R2,154,1542.3575658798218,0.0064738927707798065,0.11655846325232666,0.0007071520516757798,0.8756603185203694,0.000600173404848378,Sensor
/home/lmy/iot-device-classification/dataset/sensor/round2_normal/sensor_r2.pcapng,R2,155,1550.1842975616455,0.008275650391508604,0.25907870883806583,0.0010523057708706107,0.7307871513229222,0.0008061836766327776,Sensor
/home/lmy/iot-device-classification/dataset/sensor/round2_normal/sensor_r2.pcapng,R2,156,1562.537816286087,0.0009415803945501267,0.010850205968357358,2.575911262228386e-05,0.9880707766019058,0.00011167792256455263,Sensor
/home/lmy/iot-device-classification/dataset/sensor/round2_normal/sensor_r2.pcapng,R2,157,1572.7381262779236,0.01785304920140406,0.60487489347558,0.006842994569003976,0.3690105482678914,0.0014185144861206256,Sensor
/home/lmy/iot-device-classification/dataset/sensor/round2_normal/sensor_r2.pcapng,R2,158,1580.0023875236511,0.008617978925952183,0.27507203374471195,0.004113898698531967,0.7110645214328142,0.0011315671979897635,Sensor
/home/lmy/iot-device-classification/dataset/sensor/round2_normal/sensor_r2.pcapng,R2,159,1591.9384062290192,0.0028067991303705776,0.050262000629154514,0.0001433363873900958,0.9464902828828496,0.00029758097023511825,Sensor
/home/lmy/iot-device-classification/dataset/sensor/round2_normal/sensor_r2.pcapng,R2,160,1602.8373262882233,0.018550666072391617,0.4527747762828301,0.0038679396923534276,0.5234851970672095,0.0013214208852152796,Sensor
/home/lmy/iot-device-classification/dataset/sensor/round2_normal/sensor_r2.pcapng,R2,161,1610.2226831912994,0.01716942692024557,0.754493761607604,0.04034627103327539,0.18673434895127927,0.0012561914875957895,Sensor
/home/lmy/iot-device-classification/dataset/sensor/round2_normal/sensor_r2.pcapng,R2,162,1621.0601472854614,0.0017807944574986735,0.022995174435085298,7.102757625849135e-05,0.9749660772517124,0.00018692627944509943,Sensor
/home/lmy/iot-device-classification/dataset/sensor/round2_normal/sensor_r2.pcapng,R2,163,1633.138241291046,0.00806040147366399,0.348921846193461,0.024548514484393578,0.6177893336111344,0.0006799042373470767,Sensor
/home/lmy/iot-device-classification/dataset/sensor/round2_normal/sensor_r2.pcapng,R2,164,1640.232638835907,0.007299144591785286,0.3774986168321052,0.3010135338720253,0.3137220304132007,0.0004666742908835001,Sensor
/home/lmy/iot-device-classification/dataset/sensor/round2_normal/sensor_r2.pcapng,R2,165,1653.23739027977,0.0027274143406346616,0.0472789400937042,0.00014443578965401527,0.9495577688846503,0.0002914408913568416,Sensor
/home/lmy/iot-device-classification/dataset/sensor/round2_normal/sensor_r2.pcapng,R2,166,1663.1362612247467,0.007198703892529652,0.14515542935392672,0.0569686946232841,0.790180121167058,0.0004970509632015729,Sensor
/home/lmy/iot-device-classification/dataset/sensor/round2_normal/sensor_r2.pcapng,R2,167,1670.2448363304138,0.012341923808624642,0.48808170004682955,0.0029337433953612485,0.49542464804319397,0.0012179847059907497,Sensor
/home/lmy/iot-device-classification/dataset/sensor/round2_normal/sensor_r2.pcapng,R2,168,1681.377715587616,0.001964537476240511,0.031806277203892924,0.0030987158294011634,0.962965368752387,0.00016510073807846537,Sensor
/home/lmy/iot-device-classification/dataset/sensor/round2_normal/sensor_r2.pcapng,R2,169,1693.5371067523956,0.0058594977907363436,0.07690581765457326,0.00038491500024417095,0.916366723499263,0.00048304605518343497,Sensor
/home/lmy/iot-device-classification/dataset/sensor/round2_normal/sensor_r2.pcapng,R2,170,1700.0012803077698,0.0015697428991799677,0.6005283252598762,0.25374633065532975,0.14342160344699953,0.0007339977386144037,Sensor
/home/lmy/iot-device-classification/dataset/sensor/round2_normal/sensor_r2.pcapng,R2,171,1710.4976859092712,0.008042054373794948,0.3654843960226205,0.0010241842398641377,0.6246242034263232,0.000825161937397295,Sensor
/home/lmy/iot-device-classification/dataset/sensor/round2_normal/sensor_r2.pcapng,R2,172,1723.5363974571228,0.00260553012624359,0.03708366705335452,0.00010930355202266133,0.959941829674078,0.00025966959430115155,Sensor
/home/lmy/iot-device-classification/dataset/sensor/round2_normal/sensor_r2.pcapng,R2,173,1730.0211250782013,0.0121868560593232,0.39068784965023773,0.0017665730620289575,0.5943420611272197,0.0010166601011904611,Sensor
/home/lmy/iot-device-classification/dataset/sensor/round2_normal/sensor_r2.pcapng,R2,174,1743.7359035015106,0.00478119421723547,0.12004532895603505,0.0003765240853335187,0.8743170493123703,0.0004799034290256153,Sensor
/home/lmy/iot-device-classification/dataset/sensor/round2_normal/sensor_r2.pcapng,R2,175,1753.9264016151428,0.0032002811327678238,0.03313435194125886,0.00012521347482565172,0.963255517518954,0.0002846359321935319,Sensor
/home/lmy/iot-device-classification/dataset/sensor/round2_normal/sensor_r2.pcapng,R2,176,1760.1257247924805,0.002311507786432371,0.03114525994611752,0.006426073502138769,0.959955336348253,0.00016182241705835795,Sensor
/home/lmy/iot-device-classification/dataset/sensor/round2_normal/sensor_r2.pcapng,R2,177,1770.818685054779,0.0018905045682537675,0.012993411819357481,0.007508752694491924,0.9774957035749661,0.00011162734293078329,Sensor
/home/lmy/iot-device-classification/dataset/sensor/round2_normal/sensor_r2.pcapng,R2,178,1783.8502752780914,0.004270475547478443,0.02785385043781147,0.0002618210718024645,0.9673065898473998,0.00030726309550776744,Sensor
/home/lmy/iot-device-classification/dataset/sensor/round2_normal/sensor_r2.pcapng,R2,179,1790.0578179359436,0.01777924573004028,0.5259330671340147,0.006063221322811489,0.4486116301687253,0.0016128356444083112,Sensor
/home/lmy/iot-device-classification/dataset/sensor/round2_normal/sensor_r2.pcapng,R2,180,1802.01637673378,0.002802635398854093,0.03045018334286324,0.00024209499536914113,0.9662356026244303,0.00026948363848320857,Sensor
/home/lmy/iot-device-classification/dataset/sensor/round2_normal/sensor_r2.pcapng,R2,181,1814.0381307601929,0.003593325946571563,0.0571643153309867,0.0001954950494219655,0.9386955848029483,0.0003512788700715492,Sensor
/home/lmy/iot-device-classification/dataset/sensor/round2_normal/sensor_r2.pcapng,R2,182,1820.089231967926,0.007979270635301761,0.32157865884816056,0.2252757656601499,0.44467092932079555,0.0004953755355922347,Sensor
/home/lmy/iot-device-classification/dataset/sensor/round2_normal/sensor_r2.pcapng,R2,183,1834.0581948757167,0.03200903780996365,0.6026397713550208,0.016781173720586358,0.34607023301913953,0.0024997840952897007,Sensor
/home/lmy/iot-device-classification/dataset/sensor/round2_normal/sensor_r2.pcapng,R2,184,1841.03816318512,0.010032491955896963,0.22025461322041298,0.6146824403658393,0.1543904055096476,0.0006400489482031224,Sensor
/home/lmy/iot-device-classification/dataset/sensor/round2_normal/sensor_r2.pcapng,R2,185,1850.132957458496,0.011270713543619127,0.2673243739803659,0.4563227144285815,0.2645355887670305,0.0005466092804029796,Sensor
/home/lmy/iot-device-classification/dataset/sensor/round2_normal/sensor_r2.pcapng,R2,186,1862.3369076251984,0.0030920824343968418,0.0993225756156129,0.0055414640903975135,0.8917620462649172,0.00028183159467555036,Sensor
/home/lmy/iot-device-classification/dataset/sensor/round2_normal/sensor_r2.pcapng,R2,187,1871.5158326625824,0.007061951750833151,0.06949463494574845,0.0002979038801103035,0.922645974449383,0.0004995349739250609,Sensor
/home/lmy/iot-device-classification/dataset/sensor/round2_normal/sensor_r2.pcapng,R2,188,1880.1483306884768,0.07234497067938328,0.33549274456826084,0.048580883356281135,0.541647516504909,0.0019338848911657311,Sensor
/home/lmy/iot-device-classification/dataset/sensor/round2_normal/sensor_r2.pcapng,R2,189,1894.1181173324585,0.0011360892699929313,0.014071373964080834,3.438862227637641e-05,0.9846257855543123,0.00013236258933741323,Sensor
/home/lmy/iot-device-classification/dataset/sensor/round2_normal/sensor_r2.pcapng,R2,190,1904.1279184818268,0.001483750224931897,0.016012078556969494,4.6604864821867564e-05,0.9822987249828897,0.0001588413703870525,Sensor
/home/lmy/iot-device-classification/dataset/sensor/round2_normal/sensor_r2.pcapng,R2,191,1910.177742242813,0.015197350747167025,0.7593619819332557,0.020667688236752906,0.20326706291113583,0.0015059161716884548,Sensor
/home/lmy/iot-device-classification/dataset/sensor/round2_normal/sensor_r2.pcapng,R2,192,1922.6538956165316,0.0039664607132448,0.031921930220927465,0.000953322219313436,0.9628548478059559,0.00030343904055833145,Sensor
/home/lmy/iot-device-classification/dataset/sensor/round2_normal/sensor_r2.pcapng,R2,193,1934.1597447395325,0.0023413184155840557,0.02693540353572796,9.815091583549989e-05,0.9703864182647532,0.00023870886809947172,Sensor
/home/lmy/iot-device-classification/dataset/sensor/round2_normal/sensor_r2.pcapng,R2,194,1940.2169597148893,0.01368614987782434,0.2587470142870183,0.2846512179957393,0.44223546300247674,0.0006801548369412655,Sensor
/home/lmy/iot-device-classification/dataset/sensor/round2_normal/sensor_r2.pcapng,R2,195,1954.178229093552,0.01707460448539756,0.8332646902696123,0.017696913867578455,0.13050482135079733,0.0014589700266142386,Sensor
/home/lmy/iot-device-classification/dataset/sensor/round2_normal/sensor_r2.pcapng,R2,196,1960.240731716156,0.020202048083255958,0.763898922159798,0.06620567319691326,0.14802318046295102,0.0016701760970818603,Sensor
/home/lmy/iot-device-classification/dataset/sensor/round2_normal/sensor_r2.pcapng,R2,197,1970.237728834152,0.00813000809826009,0.1666734619843821,0.004939422475817524,0.8194709414478674,0.0007861659936728847,Sensor
/home/lmy/iot-device-classification/dataset/sensor/round2_normal/sensor_r2.pcapng,R2,198,1982.981423854828,0.002747045402513153,0.06224265829905225,0.00013428595444880996,0.9345738018716715,0.00030220847231425584,Sensor
/home/lmy/iot-device-classification/dataset/sensor/round2_normal/sensor_r2.pcapng,R2,199,1990.319840669632,0.0017918564460116732,0.02593929000800601,8.083779042935344e-05,0.97199454218335,0.0001934735722031083,Sensor
/home/lmy/iot-device-classification/dataset/sensor/round2_normal/sensor_r2.pcapng,R2,200,2000.2724680900571,0.02416903232497736,0.7434157415716681,0.024526929334788387,0.20616883571586925,0.0017194610526970223,Sensor
/home/lmy/iot-device-classification/dataset/sensor/round2_normal/sensor_r2.pcapng,R2,201,2014.237991809845,0.0011844822971989121,0.00982928975486162,8.533707448757069e-05,0.9887742122566576,0.00012667861679420834,Sensor
/home/lmy/iot-device-classification/dataset/sensor/round2_normal/sensor_r2.pcapng,R2,202,2020.721114873886,0.0011153470783935038,0.012042632022226494,3.908740973708596e-05,0.9866801662291581,0.00012276726048474182,Sensor
/home/lmy/iot-device-classification/dataset/sensor/round2_normal/sensor_r2.pcapng,R2,203,2030.3091189861295,0.00554898329408594,0.09295814885687566,0.00043292277590746135,0.9005399524109452,0.0005199926621856457,Sensor
/home/lmy/iot-device-classification/dataset/sensor/round2_normal/sensor_r2.pcapng,R2,204,2043.293646812439,0.0015074241952904867,0.018907389136148527,6.57013116271915e-05,0.9793552266955029,0.00016425866143093078,Sensor
/home/lmy/iot-device-classification/dataset/sensor/round2_normal/sensor_r2.pcapng,R2,205,2050.799802780152,0.0027571427303858197,0.03858469786483589,0.002109356487081768,0.9561784269654733,0.0003703759522233826,Sensor
/home/lmy/iot-device-classification/dataset/sensor/round2_normal/sensor_r2.pcapng,R2,206,2060.3322355747223,0.01958518415711303,0.3705190401279985,0.00396648154310346,0.60441952102733,0.001509773144455013,Sensor
/home/lmy/iot-device-classification/dataset/sensor/round2_normal/sensor_r2.pcapng,R2,207,2072.4143483638763,0.0060712646729739915,0.7953932806145232,0.0026597565830967637,0.195268731121541,0.0006069670078650128,Sensor
/home/lmy/iot-device-classification/dataset/sensor/round2_normal/sensor_r2.pcapng,R2,208,2081.039716720581,0.005872044730564792,0.10399121478121162,0.0005856654980517363,0.8890570645458787,0.0004940104442930827,Sensor
/home/lmy/iot-device-classification/dataset/sensor/round2_normal/sensor_r2.pcapng,R2,209,2090.3731367588043,0.0008041445709055337,0.1353832080806673,0.00729312231683626,0.8560982366458249,0.00042128838576613016,Sensor
/home/lmy/iot-device-classification/dataset/sensor/round2_normal/sensor_r2.pcapng,R2,210,2104.404913187027,0.0016249650862212742,0.02392199372333988,6.386386117811078e-05,0.974201855068986,0.00018732226027468374,Sensor
/home/lmy/iot-device-classification/dataset/sensor/round2_normal/sensor_r2.pcapng,R2,211,2111.1210272312164,0.00034691690004270514,0.04372841490581491,0.006063777708103925,0.9496537424515957,0.00020714803444273346,Sensor
/home/lmy/iot-device-classification/dataset/sensor/round2_normal/sensor_r2.pcapng,R2,212,2120.3875131607056,0.0030130456490374113,0.06530450591539577,0.0001929615809603513,0.9311393849806092,0.0003501018739973233,Sensor
/home/lmy/iot-device-classification/dataset/sensor/round2_normal/sensor_r2.pcapng,R2,213,2132.7354328632355,0.008066217924607157,0.4121107773541173,0.0009586122703669955,0.5780565653942876,0.0008078270566208581,Sensor
/home/lmy/iot-device-classification/dataset/sensor/round2_normal/sensor_r2.pcapng,R2,214,2142.354312419892,0.011350397685016484,0.9105196486513909,0.00917922893092996,0.06803069268204255,0.0009200320506200773,Sensor
/home/lmy/iot-device-classification/dataset/sensor/round2_normal/sensor_r2.pcapng,R2,215,2150.417341709137,0.001670410212239168,0.5406322532203972,0.34736745792461937,0.10943904367605288,0.0008908349666914562,Sensor
/home/lmy/iot-device-classification/dataset/sensor/round2_normal/sensor_r2.pcapng,R2,216,2160.0007951259613,0.0019028431543877111,0.023070179621585474,8.697806729980996e-05,0.9747262200282352,0.00021377912849178347,Sensor
/home/lmy/iot-device-classification/dataset/sensor/round2_normal/sensor_r2.pcapng,R2,217,2174.332620859146,0.0010260105399339705,0.011373086262121123,2.9427940456054654e-05,0.9874487086191298,0.00012276663835896016,Sensor
/home/lmy/iot-device-classification/dataset/sensor/round2_normal/sensor_r2.pcapng,R2,218,2180.447206258774,0.028365220624138748,0.42691259002462634,0.017729228032948314,0.5252940427237275,0.0016989185945591328,Sensor
/home/lmy/iot-device-classification/dataset/sensor/round2_normal/sensor_r2.pcapng,R2,219,2194.416723012924,0.001694882040119251,0.026737830553231503,6.553113774178317e-05,0.9713082750714198,0.00019348119748783,Sensor
/home/lmy/iot-device-classification/dataset/sensor/round2_normal/sensor_r2.pcapng,R2,220,2203.463985681534,0.0007890437393599098,0.0077872456538968324,1.8636877298380466e-05,0.9913123437109822,9.273001846257368e-05,Sensor
/home/lmy/iot-device-classification/dataset/sensor/round2_normal/sensor_r2.pcapng,R2,221,2210.478011608124,0.003991943649295994,0.06440152385365283,0.00028066216424997646,0.9309252269703483,0.0004006433624529516,Sensor
/home/lmy/iot-device-classification/dataset/sensor/round2_normal/sensor_r2.pcapng,R2,222,2224.252061605453,0.0028408059167642024,0.037311044513439334,0.00011861027247107995,0.9594591383886223,0.00027040090870319343,Sensor
/home/lmy/iot-device-classification/dataset/sensor/round2_normal/sensor_r2.pcapng,R2,223,2233.831289291382,0.004717692537116347,0.08327826600281986,0.0002849173684653541,0.9112855896718286,0.0004335344197698228,Sensor
/home/lmy/iot-device-classification/dataset/sensor/round2_normal/sensor_r2.pcapng,R2,224,2240.514602661133,0.004363428224792278,0.07122385257794948,0.00037401584474505494,0.9235732271590283,0.00046547619348497553,Sensor
/home/lmy/iot-device-classification/dataset/sensor/round2_normal/sensor_r2.pcapng,R2,225,2253.381736278534,0.0019625565310534827,0.03772194927721998,8.377777384883795e-05,0.960007482672587,0.00022423374529089514,Sensor
/home/lmy/iot-device-classification/dataset/sensor/round2_normal/sensor_r2.pcapng,R2,226,2262.239445924759,0.0014498478774625924,0.01840489952113086,5.0735354433305765e-05,0.9799293988629169,0.00016511838405617866,Sensor
/home/lmy/iot-device-classification/dataset/sensor/round2_normal/sensor_r2.pcapng,R2,227,2270.5380549430847,0.5831779757327441,0.04462293356168778,0.006873740890322699,0.36254759671984493,0.0027777530954005984,Sensor
/home/lmy/iot-device-classification/dataset/sensor/round2_normal/sensor_r2.pcapng,R2,228,2284.5077657699585,0.0026442547992990475,0.04135190513613897,0.00012032289061603839,0.9556088702730798,0.0002746469008660461,Sensor
/home/lmy/iot-device-classification/dataset/sensor/round2_normal/sensor_r2.pcapng,R2,229,2294.5183222293854,0.000759455988045725,0.008036185789720379,1.8487986196670562e-05,0.9910941857978219,9.16844382153732e-05,Sensor
/home/lmy/iot-device-classification/dataset/sensor/round2_normal/sensor_r2.pcapng,R2,230,2300.5692884922028,0.020267972425014623,0.7534118322057651,0.04013119810630373,0.18436587437096924,0.0018231228919472608,Sensor
/home/lmy/iot-device-classification/dataset/sensor/round2_normal/sensor_r2.pcapng,R2,231,2312.5585906505585,0.0025183247934410383,0.030491883897521676,0.00010198614954266548,0.9666370542192559,0.00025075094023877757,Sensor
/home/lmy/iot-device-classification/dataset/sensor/round2_normal/sensor_r2.pcapng,R2,232,2324.547295570373,0.0036888890881399605,0.02333197530636468,0.00010435788000793087,0.9726106849726034,0.00026409275288390144,Sensor
/home/lmy/iot-device-classification/dataset/sensor/round2_normal/sensor_r2.pcapng,R2,233,2330.6002559661865,0.00605367070994791,0.15046950316260949,0.0006431503908061385,0.8421929141319322,0.000640761604704349,Sensor
/home/lmy/iot-device-classification/dataset/sensor/round2_normal/sensor_r2.pcapng,R2,234,2344.56795501709,0.0026356598067559874,0.03650003649485192,0.00013344016101166824,0.9604506880091186,0.00028017552826180883,Sensor
/home/lmy/iot-device-classification/dataset/sensor/round2_normal/sensor_r2.pcapng,R2,235,2354.5784409046173,0.0009993158308710874,0.009352599809838304,2.5300798549714013e-05,0.9895125808941095,0.0001102026666315673,Sensor
/home/lmy/iot-device-classification/dataset/sensor/round2_normal/sensor_r2.pcapng,R2,236,2360.6294651031494,0.010122232328080759,0.29783074491399625,0.010203229572218309,0.6807817048591608,0.0010620883265440063,Sensor
/home/lmy/iot-device-classification/dataset/sensor/round2_normal/sensor_r2.pcapng,R2,237,2374.597867488861,0.0008565430631732818,0.009840021476475476,2.2444310814860934e-05,0.9891776302526993,0.00010336089683708485,Sensor
/home/lmy/iot-device-classification/dataset/sensor/round2_normal/sensor_r2.pcapng,R2,238,2384.415050268173,0.000858933881033401,0.010109201776805268,2.256413426579053e-05,0.9889056148137462,0.00010368539414940817,Sensor
/home/lmy/iot-device-classification/dataset/sensor/round2_normal/sensor_r2.pcapng,R2,239,2390.6633579730988,0.008517317928432225,0.19533247012074462,0.0014298474646663984,0.793815582071523,0.0009047824146337174,Sensor
/home/lmy/iot-device-classification/dataset/sensor/round2_normal/sensor_r2.pcapng,R2,240,2404.6284005641937,0.0010710064113241572,0.011865354760191685,3.090874154953104e-05,0.986910239548077,0.00012249053885776795,Sensor
/home/lmy/iot-device-classification/dataset/sensor/round2_normal/sensor_r2.pcapng,R2,241,2413.1979479789734,0.001639769040284441,0.021556826459790623,0.0017849302211736045,0.9748494665168869,0.00016900776186449314,Sensor
/home/lmy/iot-device-classification/dataset/sensor/round2_normal/sensor_r2.pcapng,R2,242,2420.6983835697174,0.003624238517762349,0.13236760997756977,0.05565446346400657,0.8078453524494299,0.0005083355912314505,Sensor
/home/lmy/iot-device-classification/dataset/sensor/round2_normal/sensor_r2.pcapng,R2,243,2434.658080816269,0.0008661571547210691,0.00943675063870475,2.237452397255911e-05,0.9895717871095577,0.0001029305730438231,Sensor
/home/lmy/iot-device-classification/dataset/sensor/round2_normal/sensor_r2.pcapng,R2,244,2442.351074695587,0.006292075375795584,0.38119341027044323,0.43584485345673,0.17603707542056635,0.0006325854764648453,Sensor
/home/lmy/iot-device-classification/dataset/sensor/round2_normal/sensor_r2.pcapng,R2,245,2450.0007116794586,0.007648879325381151,0.3100920081294767,0.0295447644232368,0.6514983423769836,0.0012160057449217918,Sensor
/home/lmy/iot-device-classification/dataset/sensor/round2_normal/sensor_r2.pcapng,R2,246,2462.904205083847,0.004560215603408634,0.07545424001100914,0.00023642419281978962,0.9193309638348746,0.0004181563578877909,Sensor
/home/lmy/iot-device-classification/dataset/sensor/round2_normal/sensor_r2.pcapng,R2,247,2474.7012543678284,0.0016340752404439421,0.020439624653059166,5.449628392936362e-05,0.977697707267279,0.0001740965552887315,Sensor
/home/lmy/iot-device-classification/dataset/sensor/round2_normal/sensor_r2.pcapng,R2,248,2480.753606081009,0.004529591383716832,0.12581124991862214,0.005158221388812632,0.8640151583724611,0.0004857789363871016,Sensor
/home/lmy/iot-device-classification/dataset/sensor/round2_normal/sensor_r2.pcapng,R2,249,2490.0138027668,0.0010406722914320658,0.013941647852621902,3.090102532293106e-05,0.9848613721350243,0.0001254066955987493,Sensor
/home/lmy/iot-device-classification/dataset/sensor/round2_normal/sensor_r2.pcapng,R2,250,2503.829626560211,0.001398141818763153,0.015327552982370258,4.209093195165589e-05,0.9830831129768998,0.0001491012900153195,Sensor
/home/lmy/iot-device-classification/dataset/sensor/round2_normal/sensor_r2.pcapng,R2,251,2510.767545938492,0.012158328500007651,0.16444314136419408,0.00803778357381266,0.8143942750545896,0.0009664715073959163,Sensor
/home/lmy/iot-device-classification/dataset/sensor/round2_normal/sensor_r2.pcapng,R2,252,2520.791375875473,0.04143084015970698,0.03687482217950973,0.0009129375327473963,0.9197772477162892,0.0010041524117466183,Sensor
/home/lmy/iot-device-classification/dataset/sensor/round2_normal/sensor_r2.pcapng,R2,253,2534.131119966507,0.0023095035814903776,0.029967170112427548,0.00012182762692321984,0.9673536038226553,0.00024789485650362954,Sensor
/home/lmy/iot-device-classification/dataset/sensor/round2_normal/sensor_r2.pcapng,R2,254,2540.9080607891083,0.00874382206903054,0.1884172889308949,0.0008601157885950749,0.8011887302539369,0.0007900429575425277,Sensor
/home/lmy/iot-device-classification/dataset/sensor/round2_normal/sensor_r2.pcapng,R2,255,2554.7780640125275,0.002354698258330774,0.04235118471282617,0.00010112791351785043,0.9549379563738863,0.00025503274143896614,Sensor
/home/lmy/iot-device-classification/dataset/sensor/round2_normal/sensor_r2.pcapng,R2,256,2564.78773188591,0.019555316176732163,0.5433424492583422,0.007347319536293443,0.42831984353793984,0.0014350714906923934,Sensor
/home/lmy/iot-device-classification/dataset/sensor/round2_normal/sensor_r2.pcapng,R2,257,2570.223222017288,0.010905003554381475,0.3385283388731932,0.33572041442242634,0.3141680131517859,0.0006782299982130252,Sensor
/home/lmy/iot-device-classification/dataset/sensor/round2_normal/sensor_r2.pcapng,R2,258,2584.8070528507237,0.001282166701083866,0.013857607112892356,3.8045720105300895e-05,0.9846812627451619,0.00014091772075656183,Sensor
/home/lmy/iot-device-classification/dataset/sensor/round2_normal/sensor_r2.pcapng,R2,259,2593.8454592227936,0.0029599833258726446,0.06298242168722878,0.00016989058573902961,0.9335546309102267,0.0003330734909327253,Sensor
/home/lmy/iot-device-classification/dataset/sensor/round2_normal/sensor_r2.pcapng,R2,260,2600.797019481659,0.00451140498953431,0.10048726851326877,0.0005211909741734136,0.8940118959665314,0.0004682395564919632,Sensor
/home/lmy/iot-device-classification/dataset/sensor/round2_normal/sensor_r2.pcapng,R2,261,2614.797312259674,0.000977135587156506,0.01229644011273998,2.7019659749062277e-05,0.9865829207888769,0.00011648385147746322,Sensor
/home/lmy/iot-device-classification/dataset/sensor/round2_normal/sensor_r2.pcapng,R2,262,2624.846641778946,0.0024158448376289665,0.4058431811693968,0.3793075788599424,0.21135213112552328,0.001081264007508584,Sensor
/home/lmy/iot-device-classification/dataset/sensor/round2_normal/sensor_r2.pcapng,R2,263,2630.8174200057983,0.0027465810374522697,0.043450953350098166,0.0001491133228376867,0.9533522673991431,0.0003010848904686047,Sensor
/home/lmy/iot-device-classification/dataset/sensor/round2_normal/sensor_r2.pcapng,R2,264,2644.868290662765,0.0014865696837068655,0.01501356507728967,5.853737768688449e-05,0.9832897700624484,0.0001515577988682165,Sensor
/home/lmy/iot-device-classification/dataset/sensor/round2_normal/sensor_r2.pcapng,R2,265,2650.2724499702454,0.004245348744341341,0.052775639906978256,0.0006654900876754357,0.9419815799723891,0.0003319412886160536,Sensor
/home/lmy/iot-device-classification/dataset/sensor/round2_normal/sensor_r2.pcapng,R2,266,2660.838038444519,0.0068784365528369975,0.14842286631206006,0.0007817482484770455,0.8431956892386183,0.0007212596480075823,Sensor
/home/lmy/iot-device-classification/dataset/sensor/round2_normal/sensor_r2.pcapng,R2,267,2670.128659963608,0.0016338653888471686,0.01931697559949366,5.981223120052423e-05,0.9788198456851492,0.0001695010953095374,Sensor
/home/lmy/iot-device-classification/dataset/sensor/round2_normal/sensor_r2.pcapng,R2,268,2680.083897352218,0.0019416990700595437,0.016481103031161792,7.024620918068711e-05,0.9813204553212506,0.00018649636834741493,Sensor
/home/lmy/iot-device-classification/dataset/sensor/round2_normal/sensor_r2.pcapng,R2,269,2690.2289867401123,0.0045057181250843835,0.048528308849430705,0.000747073262154872,0.945828741877011,0.0003901578863191351,Sensor
/home/lmy/iot-device-classification/dataset/sensor/round2_normal/sensor_r2.pcapng,R2,270,2700.1287970542908,0.002016874013958278,0.028146777159402735,0.00015290372978406328,0.9694712093406281,0.000212235756226746,Sensor
/home/lmy/iot-device-classification/dataset/sensor/round2_normal/sensor_r2.pcapng,R2,271,2710.3825323581696,0.001042615590801359,0.010657435926739811,3.9049235256496424e-05,0.9881393617947797,0.0001215374524226367,Sensor
/home/lmy/iot-device-classification/dataset/sensor/round2_normal/sensor_r2.pcapng,R2,272,2720.4282507896423,0.01785436656399297,0.6591029913549682,0.01567852908801632,0.3058566203643126,0.0015074926287098763,Sensor
/home/lmy/iot-device-classification/dataset/sensor/round2_normal/sensor_r2.pcapng,R2,273,2730.5287380218506,0.0010936169702439656,0.01371845104169819,3.338817433972836e-05,0.9850253134355479,0.00012923037817022333,Sensor
/home/lmy/iot-device-classification/dataset/sensor/round2_normal/sensor_r2.pcapng,R2,274,2740.4284315109253,0.011840315610295983,0.2698302284544286,0.0035438420945797934,0.7137290945866755,0.001056519254019994,Sensor
/home/lmy/iot-device-classification/dataset/sensor/round2_normal/sensor_r2.pcapng,R2,275,2750.628122806549,0.008509490754487472,0.3726371084765384,0.13884554830755033,0.47933364231674475,0.0006742101446791675,Sensor
/home/lmy/iot-device-classification/dataset/sensor/round2_normal/sensor_r2.pcapng,R2,276,2760.627763032913,0.0016558193942591394,0.02210342368815857,6.191548064274409e-05,0.9759933671627856,0.00018547427415404434,Sensor
/home/lmy/iot-device-classification/dataset/sensor/round2_normal/sensor_r2.pcapng,R2,277,2770.8474481105804,0.0024889503226862546,0.032856766361150785,0.00012521356591647448,0.9642806276035253,0.0002484421467212402,Sensor
/home/lmy/iot-device-classification/dataset/sensor/round2_normal/sensor_r2.pcapng,R2,278,2780.730411529541,0.022954660230634666,0.411361940025201,0.004154462287750565,0.55991881880521,0.0016101186512038261,Sensor
/home/lmy/iot-device-classification/dataset/sensor/round2_normal/sensor_r2.pcapng,R2,279,2790.9825100898743,0.001019745930216078,0.011730870544761263,2.895930553414581e-05,0.9871016336516355,0.00011879056785302505,Sensor
/home/lmy/iot-device-classification/dataset/sensor/round2_normal/sensor_r2.pcapng,R2,280,2800.882675886154,0.0011036236211985715,0.011640642111380705,3.145260365277089e-05,0.9870995689514137,0.00012471271235430794,Sensor
/home/lmy/iot-device-classification/dataset/sensor/round2_normal/sensor_r2.pcapng,R2,281,2810.951873779297,0.01018956626614287,0.2999981309228164,0.002089612714600522,0.6866954451898141,0.0010272449066261059,Sensor
/home/lmy/iot-device-classification/dataset/sensor/round2_normal/sensor_r2.pcapng,R2,282,2821.1817560195923,0.00031138482742211514,0.025234671491754058,0.002658108300375094,0.9716203055866833,0.0001755297937654813,Sensor
/home/lmy/iot-device-classification/dataset/sensor/round2_normal/sensor_r2.pcapng,R2,283,2831.2272112369537,0.0021821247374289596,0.03273265393685143,8.487134102616719e-05,0.9647707759597224,0.00022957402497115627,Sensor
/home/lmy/iot-device-classification/dataset/sensor/round2_normal/sensor_r2.pcapng,R2,284,2840.957471609116,0.015202719337563408,0.4172990950846232,0.01201167033857707,0.5540617724218853,0.0014247428173509644,Sensor
/home/lmy/iot-device-classification/dataset/sensor/round2_normal/sensor_r2.pcapng,R2,285,2851.284272670746,0.0008003632973229311,0.00870037820570905,2.0040313128222673e-05,0.9903825354077995,9.668277604013406e-05,Sensor
/home/lmy/iot-device-classification/dataset/sensor/round2_normal/sensor_r2.pcapng,R2,286,2861.283433675766,0.0019182367679294386,0.02547184530260724,7.52339595722236e-05,0.9723262133725998,0.00020847059729135018,Sensor
/home/lmy/iot-device-classification/dataset/sensor/round2_normal/sensor_r2.pcapng,R2,287,2870.9860622882843,0.004706216205069799,0.09865452543607196,0.0004122403583489157,0.8957100868190035,0.0005169311815058092,Sensor
/home/lmy/iot-device-classification/dataset/sensor/round2_normal/sensor_r2.pcapng,R2,288,2881.326436281204,0.0028283140127804765,0.030919893006833062,0.00011601990162397537,0.9658673107047396,0.0002684623740228308,Sensor
/home/lmy/iot-device-classification/dataset/sensor/round2_normal/sensor_r2.pcapng,R2,289,2891.589533805847,0.01912287321445879,0.4246279431436221,0.004883158994279355,0.5498180897082613,0.00154793493937845,Sensor
/home/lmy/iot-device-classification/dataset/sensor/round2_normal/sensor_r2.pcapng,R2,290,2901.016261577606,0.008872683403707863,0.5088377444750766,0.3008868138098845,0.18009675353114163,0.001306004780189448,Sensor
/home/lmy/iot-device-classification/dataset/sensor/round2_normal/sensor_r2.pcapng,R2,291,2911.826956272125,0.0014472488027560781,0.01829017186586878,5.594531069622108e-05,0.9800366808790624,0.00016995314161656676,Sensor
/home/lmy/iot-device-classification/dataset/sensor/round2_normal/sensor_r2.pcapng,R2,292,2921.626389980316,0.0017840877050430387,0.021236970929866678,6.764040284419867e-05,0.9767183069448478,0.00019299401739828265,Sensor
/home/lmy/iot-device-classification/dataset/sensor/round2_normal/sensor_r2.pcapng,R2,293,2931.0470774173737,0.002807564904836326,0.0454586163984221,0.0001753603016363038,0.9512414497248394,0.00031700867026579596,Sensor
/home/lmy/iot-device-classification/dataset/sensor/round2_normal/sensor_r2.pcapng,R2,294,2941.8005187511444,0.0009375841307149895,0.009968774174855921,2.4129799454826197e-05,0.9889610442561343,0.00010846763883999134,Sensor
/home/lmy/iot-device-classification/dataset/sensor/round2_normal/sensor_r2.pcapng,R2,295,2951.926488637924,0.011749757204683742,0.5395991011064853,0.0016459047406457987,0.44604361408044396,0.0009616228677410787,Sensor
/home/lmy/iot-device-classification/dataset/sensor/round2_normal/sensor_r2.pcapng,R2,296,2961.0757944583893,0.0034777607024313963,0.08292477800342296,0.0002401455095322325,0.9129647031249931,0.0003926126596204744,Sensor
/home/lmy/iot-device-classification/dataset/sensor/round2_normal/sensor_r2.pcapng,R2,297,2972.0806679725647,0.0017340926147506707,0.025975818675290016,7.507722832456115e-05,0.972014106925782,0.0002009045558526144,Sensor
/home/lmy/iot-device-classification/dataset/sensor/round2_normal/sensor_r2.pcapng,R2,298,2982.0808470249176,0.0016787719542883193,0.016174415464043298,5.166241546288067e-05,0.9819265061127038,0.0001686440535016108,Sensor
/home/lmy/iot-device-classification/dataset/sensor/round2_normal/sensor_r2.pcapng,R2,299,2991.1060523986816,0.016657350336609294,0.7083617795601099,0.014990656289450486,0.25844631356530356,0.0015439002485268685,Sensor
/home/lmy/iot-device-classification/dataset/sensor/round2_normal/sensor_r2.pcapng,R2,300,3002.280843496322,0.0049016927466774135,0.05451275113072545,0.00026616706375446426,0.9398939711157875,0.0004254179430550096,Sensor
/home/lmy/iot-device-classification/dataset/sensor/round2_normal/sensor_r2.pcapng,R2,301,3012.425857067108,0.001886912401006871,0.02439265930710254,7.300058009674535e-05,0.9734451008865184,0.0002023268252754739,Sensor
/home/lmy/iot-device-classification/dataset/sensor/round2_normal/sensor_r2.pcapng,R2,302,3021.115692853928,0.007613584973870064,0.16403984195750076,0.0009721748494900673,0.8265882819046569,0.0007861163144821531,Sensor
/home/lmy/iot-device-classification/dataset/sensor/round2_normal/sensor_r2.pcapng,R2,303,3031.705816745758,0.04599048888265523,0.586254216615265,0.02874244619586654,0.3361035411265374,0.0029093071796759047,Sensor
/home/lmy/iot-device-classification/dataset/sensor/round2_normal/sensor_r2.pcapng,R2,304,3042.345588684082,0.01357497300042155,0.29130937108617466,0.3122273895245393,0.38206655890299307,0.0008217074858713635,Sensor
/home/lmy/iot-device-classification/dataset/sensor/round2_normal/sensor_r2.pcapng,R2,305,3050.9771869182587,0.007127310312274942,0.3925690337525949,0.02221869495759348,0.5767306381928461,0.001354322784690545,Sensor
/home/lmy/iot-device-classification/dataset/sensor/round2_normal/sensor_r2.pcapng,R2,306,3062.500036716461,0.009313339868562753,0.46687201309471626,0.001518068487972743,0.5213710721208554,0.000925506427892801,Sensor
/home/lmy/iot-device-classification/dataset/sensor/round2_normal/sensor_r2.pcapng,R2,307,3072.725109577179,0.003405162431271061,0.032996769566619025,0.00014779214314173623,0.9631483988158804,0.00030187704308775833,Sensor
/home/lmy/iot-device-classification/dataset/sensor/round2_normal/sensor_r2.pcapng,R2,308,3081.1672871112823,0.015276942113602298,0.5091631304735602,0.0045786242360425534,0.46956082645206043,0.0014204767247346327,Sensor
/home/lmy/iot-device-classification/dataset/sensor/round2_normal/sensor_r2.pcapng,R2,309,3090.0653731822968,0.004947182268390899,0.15367562768224954,0.00041760205020213167,0.8404172635395194,0.0005423244596380588,Sensor
/home/lmy/iot-device-classification/dataset/sensor/round2_normal/sensor_r2.pcapng,R2,310,3102.0089888572693,0.0008849033883096925,0.00895501079560913,2.2232454176744844e-05,0.9900357665488024,0.00010208681310202214,Sensor
/home/lmy/iot-device-classification/dataset/sensor/round2_normal/sensor_r2.pcapng,R2,311,3111.185669898987,0.01265736369039278,0.09363578061161973,0.0007343427352770925,0.8921798674472835,0.0007926455154268732,Sensor
/home/lmy/iot-device-classification/dataset/sensor/round2_normal/sensor_r2.pcapng,R2,312,3122.810390472412,0.0020730340933626896,0.02863902203859572,0.00010258565084980036,0.9689587596937193,0.00022659852347256288,Sensor
/home/lmy/iot-device-classification/dataset/sensor/round2_normal/sensor_r2.pcapng,R2,313,3133.179714679718,0.0014922131019448814,0.014978400309431292,4.763244652566652e-05,0.9833261516251417,0.00015560251695640533,Sensor
/home/lmy/iot-device-classification/dataset/sensor/round2_normal/sensor_r2.pcapng,R2,314,3141.216541528702,0.018252387820810487,0.6595134436035037,0.020048832934057473,0.30025870139998523,0.0019266342416430328,Sensor
/home/lmy/iot-device-classification/dataset/sensor/round2_normal/sensor_r2.pcapng,R2,315,3151.9268679618835,0.00469708831417874,0.05373228784772012,0.00024224102953443588,0.9409174827803389,0.0004109000282276444,Sensor
/home/lmy/iot-device-classification/dataset/sensor/round2_normal/sensor_r2.pcapng,R2,316,3162.3262412548065,0.0013851427376566693,0.019793317953108642,4.797914918965502e-05,0.9786126062166284,0.00016095394341674498,Sensor
/home/lmy/iot-device-classification/dataset/sensor/round2_normal/sensor_r2.pcapng,R2,317,3171.247684240341,0.011978904769361507,0.4319695601313271,0.004102136000747369,0.5508128293445502,0.0011365697540138432,Sensor
/home/lmy/iot-device-classification/dataset/sensor/round2_normal/sensor_r2.pcapng,R2,318,3180.546797513962,0.10477432931148745,0.5385176934444796,0.012401869158378312,0.341418875375784,0.00288723270987066,Sensor
/home/lmy/iot-device-classification/dataset/sensor/round2_normal/sensor_r2.pcapng,R2,319,3193.5285770893097,0.005481452764047187,0.13403229360663513,0.0006044523332994105,0.8593155457509782,0.0005662555450400916,Sensor
/home/lmy/iot-device-classification/dataset/sensor/round2_normal/sensor_r2.pcapng,R2,320,3201.267081975937,0.002794193446044869,0.05219734085921826,0.00017301145793129143,0.9445130990174132,0.0003223552193925156,Sensor
/home/lmy/iot-device-classification/dataset/sensor/round2_normal/sensor_r2.pcapng,R2,321,3212.2462754249573,0.004821248612989659,0.18966457760628175,0.00039202708828011865,0.8045827375515517,0.0005394091408967987,Sensor
/home/lmy/iot-device-classification/dataset/sensor/round2_normal/sensor_r2.pcapng,R2,322,3223.633684873581,0.002095785569438809,0.02523590582430758,7.365621006768864e-05,0.9723835800584116,0.0002110723377742188,Sensor
/home/lmy/iot-device-classification/dataset/sensor/round2_normal/sensor_r2.pcapng,R2,323,3231.2805058956146,0.004577276635347101,0.1303330734958293,0.0008141595300249436,0.8636997128640489,0.0005757774747497656,Sensor
/home/lmy/iot-device-classification/dataset/sensor/round2_normal/sensor_r2.pcapng,R2,324,3243.4587829113007,0.0036018805670020356,0.05937607006065452,0.0001820448365348161,0.9364856805418106,0.00035432399399802715,Sensor
/home/lmy/iot-device-classification/dataset/sensor/round2_normal/sensor_r2.pcapng,R2,325,3254.034036874771,0.005569578286178508,0.02824049753954596,0.0004920828061028916,0.96537760124003,0.0003202401281426486,Sensor
/home/lmy/iot-device-classification/dataset/sensor/round2_normal/sensor_r2.pcapng,R2,326,3261.2892100811005,0.009694448579391304,0.1855087160090242,0.15634196162275504,0.6478519534930549,0.0006029202957745068,Sensor
/home/lmy/iot-device-classification/dataset/sensor/round2_normal/sensor_r2.pcapng,R2,327,3274.033725261688,0.0007721501580348887,0.008458640304570053,1.880626290170224e-05,0.9906568788741145,9.35244003790799e-05,Sensor
/home/lmy/iot-device-classification/dataset/sensor/round2_normal/sensor_r2.pcapng,R2,328,3282.96857881546,0.003105680978549921,0.05036575322435854,0.00019179238091796317,0.9459952854699417,0.00034148794623183455,Sensor
/home/lmy/iot-device-classification/dataset/sensor/round2_normal/sensor_r2.pcapng,R2,329,3291.338315963745,0.10929036307402656,0.07673860392608274,0.0023985497003689137,0.8097213983122074,0.0018510849873145158,Sensor
/home/lmy/iot-device-classification/dataset/sensor/round2_normal/sensor_r2.pcapng,R2,330,3304.1127831935883,0.0008639891123661095,0.009766262840422821,2.2791016959569097e-05,0.9892428056818925,0.00010415134835904804,Sensor
/home/lmy/iot-device-classification/dataset/sensor/round2_normal/sensor_r2.pcapng,R2,331,3314.333526372909,0.003260907321610642,0.05533183999969136,0.00016021142747252748,0.9409167975314321,0.00033024371979348277,Sensor
/home/lmy/iot-device-classification/dataset/sensor/round2_normal/sensor_r2.pcapng,R2,332,3321.345742225647,0.0035548439768219443,0.07302992666645433,0.00023883314160207984,0.922782564375003,0.0003938318401187663,Sensor
/home/lmy/iot-device-classification/dataset/sensor/round2_normal/sensor_r2.pcapng,R2,333,3332.886128425598,0.006883773229082457,0.2528303737550341,0.000675010183057438,0.7389316229709413,0.0006792198618846431,Sensor
/home/lmy/iot-device-classification/dataset/sensor/round2_normal/sensor_r2.pcapng,R2,334,3342.408815145493,0.021212685096793707,0.7399340466311265,0.015616452085387058,0.22138669063564134,0.001850125551051488,Sensor
/home/lmy/iot-device-classification/dataset/sensor/round2_normal/sensor_r2.pcapng,R2,335,3351.376101255417,0.011106228006644051,0.3177231054572761,0.0020829172954792818,0.6679721409754221,0.0011156082651784492,Sensor
/home/lmy/iot-device-classification/dataset/sensor/round2_normal/sensor_r2.pcapng,R2,336,3364.5327231884003,0.0025196018420948845,0.0386006981497058,0.00010949546074464641,0.958507347604366,0.0002628569430887058,Sensor
/home/lmy/iot-device-classification/dataset/sensor/round2_normal/sensor_r2.pcapng,R2,337,3372.4061958789825,0.0017695632710003771,0.022844294229229727,7.514511372686043e-05,0.9751169526089395,0.0001940447771033911,Sensor
/home/lmy/iot-device-classification/dataset/sensor/round2_normal/sensor_r2.pcapng,R2,338,3381.407458782196,0.021332134605754824,0.6862428460640794,0.009926144401999971,0.2807501974785029,0.0017486774496629056,Sensor
/home/lmy/iot-device-classification/dataset/sensor/round2_normal/sensor_r2.pcapng,R2,339,3394.8326506614685,0.004787700107750451,0.09245233452873959,0.00025635914215404375,0.9020622438104732,0.00044136241088265927,Sensor
/home/lmy/iot-device-classification/dataset/sensor/round2_normal/sensor_r2.pcapng,R2,340,3403.873057603836,0.0021800467088028096,0.03157188334325296,8.355904381678018e-05,0.9659389354967974,0.00022557540732998926,Sensor
/home/lmy/iot-device-classification/dataset/sensor/round2_normal/sensor_r2.pcapng,R2,341,3411.4372050762177,0.007436970606443286,0.8596375712148396,0.0038769581315903153,0.12828282007764213,0.0007656799694847362,Sensor
/home/lmy/iot-device-classification/dataset/sensor/round2_normal/sensor_r2.pcapng,R2,342,3422.3305826187134,0.002452414805566762,0.04853843840013091,0.00011789426513250916,0.9486157506695003,0.0002755018596694282,Sensor
/home/lmy/iot-device-classification/dataset/sensor/round2_normal/sensor_r2.pcapng,R2,343,3432.7289204597478,0.0008405048248358319,0.009443902694443168,2.1042127764553534e-05,0.9895941403670511,0.00010040998590540387,Sensor
/home/lmy/iot-device-classification/dataset/sensor/round2_normal/sensor_r2.pcapng,R2,344,3440.1508922576904,0.016549379320207253,0.7136582598539154,0.010238992002873105,0.258040079570021,0.001513289252983228,Sensor
/home/lmy/iot-device-classification/dataset/sensor/round2_normal/sensor_r2.pcapng,R2,345,3455.111474275589,0.0036165689714992818,0.05193017703191822,0.00017949316953144032,0.9439258201733057,0.0003479406537451449,Sensor
/home/lmy/iot-device-classification/dataset/sensor/round2_normal/sensor_r2.pcapng,R2,346,3463.9259531497955,0.001767626672588713,0.01680042256607695,5.7209500285617363e-05,0.9811846596597261,0.00019008160132252228,Sensor
/home/lmy/iot-device-classification/dataset/sensor/round2_normal/sensor_r2.pcapng,R2,347,3471.4958708286285,0.010060682060054131,0.5533395512158946,0.0036250867256371927,0.4319993187778371,0.0009753612205770327,Sensor
/home/lmy/iot-device-classification/dataset/sensor/round2_normal/sensor_r2.pcapng,R2,348,3480.634381055832,0.002955337529843036,0.036997299132672856,0.0002330797938555076,0.9595495428289621,0.0002647407146664658,Sensor
/home/lmy/iot-device-classification/dataset/sensor/round2_normal/sensor_r2.pcapng,R2,349,3493.75984621048,0.003928940478791857,0.028980946556725253,0.00012582289836078823,0.9666662880477134,0.0002980020184088608,Sensor
/home/lmy/iot-device-classification/dataset/sensor/round2_normal/sensor_r2.pcapng,R2,350,3501.526156425476,0.010700746976248322,0.7748069396331614,0.01661557883283636,0.19650622023652226,0.0013705143212317263,Sensor
/home/lmy/iot-device-classification/dataset/sensor/round2_normal/sensor_r2.pcapng,R2,351,3513.84428191185,0.005041664979336489,0.052236882318275904,0.00028509035493007795,0.9420240212171217,0.00041234113033575064,Sensor
/home/lmy/iot-device-classification/dataset/sensor/round2_normal/sensor_r2.pcapng,R2,352,3520.710800409317,0.0010170565149091948,0.012934790657105559,2.9218167826499582e-05,0.985898249121494,0.00012068553866451515,Sensor
/home/lmy/iot-device-classification/dataset/sensor/round2_normal/sensor_r2.pcapng,R2,353,3531.545145511627,0.01741650868840987,0.44264212772151706,0.005364458192083593,0.5329634171973032,0.001613488200686192,Sensor
/home/lmy/iot-device-classification/dataset/sensor/round2_normal/sensor_r2.pcapng,R2,354,3545.0442230701447,0.008902734671103422,0.17679350435943952,0.0008261765372064128,0.8127241148536001,0.0007534695786505923,Sensor
/home/lmy/iot-device-classification/dataset/sensor/round2_normal/sensor_r2.pcapng,R2,355,3553.3749539852142,0.0022504128444936805,0.04109926925174937,0.0001065675673794731,0.956289025015311,0.0002547253210665073,Sensor
/home/lmy/iot-device-classification/dataset/sensor/round2_normal/sensor_r2.pcapng,R2,356,3561.0313444137573,0.0038194667647340184,0.08060222681228148,0.00029077703693599786,0.9148630408875444,0.00042448849850402587,Sensor
/home/lmy/iot-device-classification/dataset/sensor/round2_normal/sensor_r2.pcapng,R2,357,3574.1676847934723,0.0028478914989823576,0.05682909459516981,0.00014500800145580693,0.9398679904379528,0.00031001546643918623,Sensor
/home/lmy/iot-device-classification/dataset/sensor/round2_normal/sensor_r2.pcapng,R2,358,3583.7585620880127,0.006748177955368676,0.03724884321076285,0.00024373693154140956,0.9553278137523151,0.0004314281500121454,Sensor
/home/lmy/iot-device-classification/dataset/sensor/round2_normal/sensor_r2.pcapng,R2,359,3591.5646183490758,0.011639495825335121,0.6276443510847163,0.01653902222021722,0.3426132446613443,0.001563886208387016,Sensor
/home/lmy/iot-device-classification/dataset/sensor/round2_normal/sensor_r2.pcapng,R2,360,3601.270005941391,0.004540821844435703,0.13296525960928338,0.0003214151743741728,0.8616877236157618,0.0004847797561447959,Sensor
/home/lmy/iot-device-classification/dataset/sensor/round2_normal/sensor_r2.pcapng,R2,361,3615.7745842933655,0.004608722050213263,0.07770953809176091,0.0003017325987749417,0.9169253392479265,0.0004546680113244659,Sensor
/home/lmy/iot-device-classification/dataset/sensor/round2_normal/sensor_r2.pcapng,R2,362,3621.593924283981,0.0089588966506109,0.1758364858058519,0.0009954411188549239,0.8133315645322355,0.0008776118924467632,Sensor
/home/lmy/iot-device-classification/dataset/socket/round2_normal/socket_r2.pcapng,R2,0,0.0,0.0004878842859172648,0.0005841827399671001,0.000458566507177489,0.0008100718488737567,0.9976592946180644,Socket
/home/lmy/iot-device-classification/dataset/socket/round2_normal/socket_r2.pcapng,R2,1,10.0354585647583,0.00048805138924197614,0.0005843120016385466,0.0004586894171359635,0.0008101649172410428,0.9976587822747425,Socket
/home/lmy/iot-device-classification/dataset/socket/round2_normal/socket_r2.pcapng,R2,2,20.081421852111816,0.0004879059448993465,0.00058417457745447,0.0004585810482171157,0.0008100034151277585,0.9976593350143013,Socket
/home/lmy/iot-device-classification/dataset/socket/round2_normal/socket_r2.pcapng,R2,3,30.149226665496823,0.0004878128974196348,0.0005841154986191169,0.0004584862783914538,0.0008099403143856725,0.9976596450111841,Socket
/home/lmy/iot-device-classification/dataset/socket/round2_normal/socket_r2.pcapng,R2,4,40.24363803863525,0.00048779552894672574,0.0005840552771120574,0.00045854600787381894,0.0008100210640441435,0.9976595821220233,Socket
/home/lmy/iot-device-classification/dataset/socket/round2_normal/socket_r2.pcapng,R2,5,50.100953102111816,0.0004876916830837159,0.0005839799316892303,0.00045841384780216855,0.0008098125462647561,0.9976601019911602,Socket
/home/lmy/iot-device-classification/dataset/socket/round2_normal/socket_r2.pcapng,R2,6,60.40126705169678,0.0005162823083138673,0.0005844992100323369,0.0004691882533858033,0.000819106855032483,0.9976109233732355,Socket
/home/lmy/iot-device-classification/dataset/socket/round2_normal/socket_r2.pcapng,R2,7,70.19221138954163,0.0004877855668937369,0.0005840473582787224,0.0004585071041641597,0.0008098992853456478,0.9976597606853177,Socket
/home/lmy/iot-device-classification/dataset/socket/round2_normal/socket_r2.pcapng,R2,8,80.1516661643982,0.0004910239386537942,0.0005908362844071326,0.0004649727470601336,0.0008133317019400239,0.9976398353279388,Socket
/home/lmy/iot-device-classification/dataset/socket/round2_normal/socket_r2.pcapng,R2,9,90.14341592788696,0.0004883889627828738,0.0005846475682147322,0.0004589461844746106,0.0008106476607991334,0.9976573696237285,Socket
/home/lmy/iot-device-classification/dataset/socket/round2_normal/socket_r2.pcapng,R2,10,100.34294390678406,0.0004877989321318121,0.0005840688136333554,0.00045851045510244333,0.0008099097710629303,0.9976597120280695,Socket
/home/lmy/iot-device-classification/dataset/socket/round2_normal/socket_r2.pcapng,R2,11,110.20170521736144,0.0004877996258968564,0.0005840757249098546,0.0004584989772027604,0.0008098745420557458,0.9976597511299348,Socket
/home/lmy/iot-device-classification/dataset/socket/round2_normal/socket_r2.pcapng,R2,12,120.1942663192749,0.0004881897296456044,0.0005844383610498649,0.0004588331989126927,0.0008104732910907135,0.9976580654193011,Socket
/home/lmy/iot-device-classification/dataset/socket/round2_normal/socket_r2.pcapng,R2,13,130.3651101589203,0.00048784842201279334,0.0005841362014187745,0.0004585243477046139,0.0008099557959895133,0.9976595352328742,Socket
/home/lmy/iot-device-classification/dataset/socket/round2_normal/socket_r2.pcapng,R2,14,140.250905752182,0.00048769253024140587,0.0005839803560049842,0.00045842693525395886,0.0008098094195390288,0.9976600907589606,Socket
/home/lmy/iot-device-classification/dataset/socket/round2_normal/socket_r2.pcapng,R2,15,150.2439162731171,0.00048817936857526416,0.0005844781475524267,0.0004587475422970098,0.0008103363845530783,0.9976582585570223,Socket
/home/lmy/iot-device-classification/dataset/socket/round2_normal/socket_r2.pcapng,R2,16,160.2053942680359,0.0004877811732868695,0.0005840586811397502,0.000458511190585113,0.0008098949990093342,0.997659753955979,Socket
/home/lmy/iot-device-classification/dataset/socket/round2_normal/socket_r2.pcapng,R2,17,170.30240631103516,0.0004876053638859836,0.0005838936239848502,0.00045836666125243674,0.0008097165420461075,0.9976604178088306,Socket
/home/lmy/iot-device-classification/dataset/socket/round2_normal/socket_r2.pcapng,R2,18,180.2952525615692,0.0004884030213732545,0.0005846425924468726,0.0004590603910922019,0.0008108102941282418,0.9976570837009595,Socket
/home/lmy/iot-device-classification/dataset/socket/round2_normal/socket_r2.pcapng,R2,19,190.2590570449829,0.00048780535832690884,0.0005840827510734516,0.0004585171216943599,0.0008099325151655999,0.9976596622537396,Socket
/home/lmy/iot-device-classification/dataset/socket/round2_normal/socket_r2.pcapng,R2,20,200.2504050731659,0.0004878163462256636,0.0005840924380843627,0.0004585184936289044,0.0008099288937356453,0.9976596438283253,Socket
/home/lmy/iot-device-classification/dataset/socket/round2_normal/socket_r2.pcapng,R2,21,210.3134458065033,0.0004877288645129595,0.0005840330274335135,0.00045844717939363147,0.0008099092596472248,0.9976598816690128,Socket
/home/lmy/iot-device-classification/dataset/socket/round2_normal/socket_r2.pcapng,R2,22,220.3052880764008,0.0004899007284177304,0.0005894458297377165,0.00045848477557360485,0.0008248734547181958,0.9976372952115526,Socket
/home/lmy/iot-device-classification/dataset/socket/round2_normal/socket_r2.pcapng,R2,23,230.29807257652283,0.0004876709449402286,0.0005839535376205341,0.0004584033037820296,0.000809766837290231,0.997660205376367,Socket
/home/lmy/iot-device-classification/dataset/socket/round2_normal/socket_r2.pcapng,R2,24,240.3627758026123,0.00048800868372543164,0.000584289668507161,0.0004586483006707342,0.0008101745222807834,0.9976588788248159,Socket
/home/lmy/iot-device-classification/dataset/socket/round2_normal/socket_r2.pcapng,R2,25,250.35799193382263,0.0004878520723180168,0.0005841000846975745,0.0004585789581527794,0.0008100168865531555,0.9976594519982783,Socket
/home/lmy/iot-device-classification/dataset/socket/round2_normal/socket_r2.pcapng,R2,26,260.3595037460327,0.00048769204177013934,0.0005839681955109204,0.00045843901198960396,0.0008098301482582686,0.9976600706024711,Socket
/home/lmy/iot-device-classification/dataset/socket/round2_normal/socket_r2.pcapng,R2,27,270.31142497062683,0.00048765525225584743,0.0005839463043337567,0.000458404542037909,0.0008098186963411879,0.9976601752050313,Socket
/home/lmy/iot-device-classification/dataset/socket/round2_normal/socket_r2.pcapng,R2,28,280.4058766365051,0.0004876836630062232,0.000583978964861929,0.0004584160284435713,0.0008098166971928636,0.9976601046464953,Socket
/home/lmy/iot-device-classification/dataset/socket/round2_normal/socket_r2.pcapng,R2,29,290.5044903755188,0.0004877751677601744,0.000584059725696665,0.00045847188818655003,0.0008098532106142467,0.9976598400077424,Socket
/home/lmy/iot-device-classification/dataset/socket/round2_normal/socket_r2.pcapng,R2,30,300.3603706359863,0.00048815853880963735,0.0005844127794318889,0.00045880872556515034,0.0008104558139020972,0.9976581641422911,Socket
/home/lmy/iot-device-classification/dataset/socket/round2_normal/socket_r2.pcapng,R2,31,310.3527891635895,0.00048816024705838776,0.0005843784976058416,0.0004588505155924835,0.0008104311163244647,0.9976581796234189,Socket
/home/lmy/iot-device-classification/dataset/socket/round2_normal/socket_r2.pcapng,R2,32,320.41764760017395,0.0004902589539391341,0.0005864062285346476,0.00046030617347178214,0.000812447003627697,0.9976505816404266,Socket
/home/lmy/iot-device-classification/dataset/socket/round2_normal/socket_r2.pcapng,R2,33,330.4084310531616,0.0004879426466207569,0.0005842339226058688,0.00045861389110689554,0.0008101896091040105,0.9976590199305624,Socket
/home/lmy/iot-device-classification/dataset/socket/round2_normal/socket_r2.pcapng,R2,34,340.40340209007263,0.00048780371522474334,0.0005840667498802139,0.00045852517638561563,0.0008099411066088247,0.9976596632519007,Socket
/home/lmy/iot-device-classification/dataset/socket/round2_normal/socket_r2.pcapng,R2,35,350.4670686721802,0.0004878288759476543,0.000584095672525639,0.0004585279702379219,0.0008099388157700151,0.9976596086655188,Socket
/home/lmy/iot-device-classification/dataset/socket/round2_normal/socket_r2.pcapng,R2,36,360.4571034908295,0.0004887208298950378,0.0005849634853454947,0.00045925182995009724,0.0008112100099625872,0.9976558538448467,Socket
/home/lmy/iot-device-classification/dataset/socket/round2_normal/socket_r2.pcapng,R2,37,370.4520449638367,0.00048777150866668306,0.0005840367828321871,0.00045850301776340064,0.0008099189938927944,0.9976597696968449,Socket
/home/lmy/iot-device-classification/dataset/socket/round2_normal/socket_r2.pcapng,R2,38,380.514390707016,0.0004877035528919495,0.0005839874383425137,0.00045842693864217517,0.0008098133619742266,0.9976600687081492,Socket
/home/lmy/iot-device-classification/dataset/socket/round2_normal/socket_r2.pcapng,R2,39,390.5044915676117,0.00048810858712953353,0.0005843981336395464,0.00045873783410895993,0.0008103524472821584,0.9976584029978398,Socket
/home/lmy/iot-device-classification/dataset/socket/round2_normal/socket_r2.pcapng,R2,40,400.4687297344208,0.000487904840854618,0.0005841462257833586,0.0004586298972717252,0.000810079725931316,0.9976592393101591,Socket
/home/lmy/iot-device-classification/dataset/socket/round2_normal/socket_r2.pcapng,R2,41,410.4595935344696,0.0004879127485546079,0.000584147338671428,0.00045866242395570375,0.000810146653108541,0.9976591308357097,Socket
/home/lmy/iot-device-classification/dataset/socket/round2_normal/socket_r2.pcapng,R2,42,420.4510509967804,0.0004882423166897099,0.0005845171497064872,0.00045886570458160604,0.000810639501429662,0.9976577353275926,Socket
/home/lmy/iot-device-classification/dataset/socket/round2_normal/socket_r2.pcapng,R2,43,430.0691819190979,0.0004879541962995978,0.0005841970506351655,0.0004586617299107685,0.000810129359950467,0.9976590576632041,Socket
/home/lmy/iot-device-classification/dataset/socket/round2_normal/socket_r2.pcapng,R2,44,440.5084993839264,0.0004875950077400645,0.0005838864862325337,0.00045835415392017664,0.0008097143770849037,0.9976604499750222,Socket
/home/lmy/iot-device-classification/dataset/socket/round2_normal/socket_r2.pcapng,R2,45,450.4997470378876,0.0004884109466297809,0.0005846770132975111,0.00045897147532581324,0.0008106899954852833,0.9976572505692616,Socket
/home/lmy/iot-device-classification/dataset/socket/round2_normal/socket_r2.pcapng,R2,46,460.05536556243896,0.00048770620631514414,0.000583985616163064,0.0004584419696509316,0.00080981084490299,0.9976600553629679,Socket
/home/lmy/iot-device-classification/dataset/socket/round2_normal/socket_r2.pcapng,R2,47,470.2123441696167,0.0004877321987840306,0.0005839992747416571,0.0004584731283484226,0.0008098681678610248,0.9976599272302648,Socket
/home/lmy/iot-device-classification/dataset/socket/round2_normal/socket_r2.pcapng,R2,48,480.00242853164673,0.0004883552570349616,0.000584624008069198,0.00045891282003027005,0.0008105988150739498,0.9976575090997916,Socket
/home/lmy/iot-device-classification/dataset/socket/round2_normal/socket_r2.pcapng,R2,49,490.6170339584351,0.0004876968768536155,0.0005839182083430616,0.00045858039283791323,0.0008100837251694522,0.997659720796796,Socket
/home/lmy/iot-device-classification/dataset/socket/round2_normal/socket_r2.pcapng,R2,50,500.51661229133606,0.0004915645611559614,0.0005912068784250148,0.00046565325632014486,0.0008143492424476373,0.9976372260616513,Socket
/home/lmy/iot-device-classification/dataset/socket/round2_normal/socket_r2.pcapng,R2,51,510.57012009620667,0.0005730429848643288,0.000606406258084843,0.0005018421209403425,0.0008433644572601498,0.9974753441788502,Socket
/home/lmy/iot-device-classification/dataset/socket/round2_normal/socket_r2.pcapng,R2,52,520.3978259563446,0.00048763862893184544,0.0005839208471290653,0.0004583957495077582,0.0008097553526900433,0.9976602894217412,Socket
/home/lmy/iot-device-classification/dataset/socket/round2_normal/socket_r2.pcapng,R2,53,530.1960287094116,0.00048772320908134443,0.0005839990832731378,0.00045846121776427977,0.0008098599405609114,0.9976599565493203,Socket
/home/lmy/iot-device-classification/dataset/socket/round2_normal/socket_r2.pcapng,R2,54,540.0290551185608,0.00048826566577326924,0.0005845284040185507,0.0004588681282334554,0.0008105106452679933,0.9976578271567067,Socket
/home/lmy/iot-device-classification/dataset/socket/round2_normal/socket_r2.pcapng,R2,55,550.6129779815674,0.0004880185125046883,0.0005842797995480057,0.00045868592659091865,0.0008102277798019628,0.9976587879815544,Socket
/home/lmy/iot-device-classification/dataset/socket/round2_normal/socket_r2.pcapng,R2,56,560.6565310955048,0.0004878608091114899,0.0005841487073507285,0.00045854797676018636,0.0008100362751032149,0.9976594062316744,Socket
/home/lmy/iot-device-classification/dataset/socket/round2_normal/socket_r2.pcapng,R2,57,570.4344069957733,0.00048807807396250054,0.0005843641624519739,0.0004587173758401223,0.0008103383567230592,0.9976585020310224,Socket
/home/lmy/iot-device-classification/dataset/socket/round2_normal/socket_r2.pcapng,R2,58,580.2362542152405,0.00048790733213111915,0.0005841420579071736,0.0004586359231337871,0.0008100912162124716,0.9976592234706155,Socket
/home/lmy/iot-device-classification/dataset/socket/round2_normal/socket_r2.pcapng,R2,59,590.0463454723358,0.0004877213754790365,0.0005839940650038494,0.000458467390592766,0.0008098460931952665,0.9976599710757291,Socket
/home/lmy/iot-device-classification/dataset/socket/round2_normal/socket_r2.pcapng,R2,60,600.7152976989746,0.0004878751727009635,0.0005841610592921036,0.0004585738307883474,0.000810040645501406,0.9976593492917173,Socket
/home/lmy/iot-device-classification/dataset/socket/round2_normal/socket_r2.pcapng,R2,61,610.7084527015686,0.0004878345593701931,0.0005841130961662821,0.0004585509734501846,0.0008100254434050239,0.9976594759276082,Socket
/home/lmy/iot-device-classification/dataset/socket/round2_normal/socket_r2.pcapng,R2,62,620.261754989624,0.00048777463653423787,0.0005840540083226593,0.00045848248179895557,0.0008098805076600729,0.997659808365684,Socket
/home/lmy/iot-device-classification/dataset/socket/round2_normal/socket_r2.pcapng,R2,63,630.4339077472687,0.0004887588997549186,0.0005849537464911939,0.00045938589346973074,0.000811272961116716,0.9976556284991674,Socket
/home/lmy/iot-device-classification/dataset/socket/round2_normal/socket_r2.pcapng,R2,64,640.861083984375,0.00048775292630136877,0.0005840212374257574,0.000458485301372841,0.0008098722060551914,0.9976598683288448,Socket
/home/lmy/iot-device-classification/dataset/socket/round2_normal/socket_r2.pcapng,R2,65,650.7202453613281,0.0004878040742642089,0.000584074205271664,0.00045851180683330556,0.0008099134482505534,0.9976596964653803,Socket
/home/lmy/iot-device-classification/dataset/socket/round2_normal/socket_r2.pcapng,R2,66,660.7136373519897,0.0004900948401383883,0.0005953314831622493,0.00046185520678696386,0.0008156624099972122,0.997637056059915,Socket
/home/lmy/iot-device-classification/dataset/socket/round2_normal/socket_r2.pcapng,R2,67,670.7668206691742,0.0004995047618727593,0.0005898241173944217,0.00046219151935485175,0.0008282236952762866,0.9976202559061016,Socket
/home/lmy/iot-device-classification/dataset/socket/round2_normal/socket_r2.pcapng,R2,68,680.5104551315308,0.000488760834189628,0.0005849420189393168,0.0004593191011331844,0.0008110747178888775,0.9976559033278489,Socket
/home/lmy/iot-device-classification/dataset/socket/round2_normal/socket_r2.pcapng,R2,69,690.7640838623047,0.0004880785248658453,0.0005843791860362957,0.00045870030770102827,0.0008102864422453426,0.9976585555391515,Socket
/home/lmy/iot-device-classification/dataset/socket/round2_normal/socket_r2.pcapng,R2,70,700.7241053581238,0.00048775228041419906,0.0005840312971533469,0.0004584678264920921,0.0008098593767632741,0.997659889219177,Socket
/home/lmy/iot-device-classification/dataset/socket/round2_normal/socket_r2.pcapng,R2,71,710.8184490203857,0.0004876559254541865,0.0005839297026808498,0.0004584155375614839,0.0008097899791513285,0.9976602088551522,Socket
/home/lmy/iot-device-classification/dataset/socket/round2_normal/socket_r2.pcapng,R2,72,720.4883053302765,0.0004879782271996135,0.0005842622647832353,0.0004586456234284535,0.0008102009830572735,0.9976589129015314,Socket
/home/lmy/iot-device-classification/dataset/socket/round2_normal/socket_r2.pcapng,R2,73,730.7729177474976,0.0004878330537241738,0.0005841044817890309,0.00045859618187596267,0.0008100764897023229,0.9976593897929085,Socket
/home/lmy/iot-device-classification/dataset/socket/round2_normal/socket_r2.pcapng,R2,74,740.7656590938568,0.0004876060213681521,0.0005838897316811074,0.0004583713594107586,0.0008097144386088806,0.9976604184489312,Socket
/home/lmy/iot-device-classification/dataset/socket/round2_normal/socket_r2.pcapng,R2,75,750.8296678066254,0.0004880839533182438,0.0005843561493646021,0.00045873749822025305,0.000810281922991071,0.9976585404761058,Socket
/home/lmy/iot-device-classification/dataset/socket/round2_normal/socket_r2.pcapng,R2,76,760.8216223716736,0.00048776620795843876,0.000584047040737267,0.0004584863935545184,0.000809892861586096,0.9976598074961637,Socket
/home/lmy/iot-device-classification/dataset/socket/round2_normal/socket_r2.pcapng,R2,77,770.8168835639954,0.000487551992982458,0.0005838369537008199,0.00045832980653092044,0.0008096672120907055,0.997660614034695,Socket
/home/lmy/iot-device-classification/dataset/socket/round2_normal/socket_r2.pcapng,R2,78,780.8857326507568,0.00048799563759044286,0.0005842899324064193,0.00045863862535948537,0.0008102145557655672,0.997658861248878,Socket
/home/lmy/iot-device-classification/dataset/socket/round2_normal/socket_r2.pcapng,R2,79,790.8712651729584,0.0004877195201347069,0.0005839905341229677,0.00045845679235069915,0.0008098310121588459,0.9976600021412328,Socket
/home/lmy/iot-device-classification/dataset/socket/round2_normal/socket_r2.pcapng,R2,80,800.9677557945251,0.0004875873615092442,0.000583872242032203,0.0004583502101627742,0.0008097023969071128,0.9976604877893888,Socket
/home/lmy/iot-device-classification/dataset/socket/round2_normal/socket_r2.pcapng,R2,81,810.9287626743317,0.0004880234366856296,0.0005843094927309619,0.0004586822707472495,0.0008102912811831383,0.997658693518653,Socket
/home/lmy/iot-device-classification/dataset/socket/round2_normal/socket_r2.pcapng,R2,82,820.9236838817596,0.000487641198630711,0.0005839375403307056,0.0004583868244958788,0.0008097775380063754,0.9976602568985363,Socket
/home/lmy/iot-device-classification/dataset/socket/round2_normal/socket_r2.pcapng,R2,83,830.885570526123,0.0004877634044244973,0.0005840364178216393,0.0004584917138879977,0.0008099136268794237,0.9976597948369864,Socket
/home/lmy/iot-device-classification/dataset/socket/round2_normal/socket_r2.pcapng,R2,84,840.8775222301483,0.0004879946914672323,0.000584296397614139,0.00045863451924970945,0.0008102116728138384,0.9976588627188552,Socket
/home/lmy/iot-device-classification/dataset/socket/round2_normal/socket_r2.pcapng,R2,85,850.9714915752411,0.0004878909773287783,0.0005841785572707322,0.0004585758912752865,0.0008100942365734993,0.9976592603375516,Socket
/home/lmy/iot-device-classification/dataset/socket/round2_normal/socket_r2.pcapng,R2,86,860.5057051181793,0.00048823021334096364,0.0005844886713978361,0.0004588655350488471,0.0008105333961870589,0.9976578821840252,Socket
/home/lmy/iot-device-classification/dataset/socket/round2_normal/socket_r2.pcapng,R2,87,870.926198720932,0.0004881938723675472,0.0005844824746885793,0.00045876170291004275,0.0008103611923342059,0.9976582007576996,Socket
/home/lmy/iot-device-classification/dataset/socket/round2_normal/socket_r2.pcapng,R2,88,880.9182274341583,0.0005497590727258282,0.0006674211381081114,0.0005044842222746246,0.0009002687056387086,0.9973780668612527,Socket
/home/lmy/iot-device-classification/dataset/socket/round2_normal/socket_r2.pcapng,R2,89,890.9845218658447,0.0004877835480634361,0.0005840556939167594,0.0004585038672087016,0.0008099184416860809,0.9976597384491249,Socket
/home/lmy/iot-device-classification/dataset/socket/round2_normal/socket_r2.pcapng,R2,90,900.9814703464508,0.0004879635763847454,0.0005842669477859861,0.0004586083895619794,0.00081016472644069,0.9976589963598267,Socket
/home/lmy/iot-device-classification/dataset/socket/round2_normal/socket_r2.pcapng,R2,91,910.9396374225616,0.0004878495429803291,0.0005841155637494325,0.0004585616749154599,0.0008100133734761706,0.9976594598448785,Socket
/home/lmy/iot-device-classification/dataset/socket/round2_normal/socket_r2.pcapng,R2,92,921.0343472957612,0.0004878265009207576,0.0005840954025462352,0.00045853786134938176,0.0008099668410433944,0.9976595733941404,Socket
/home/lmy/iot-device-classification/dataset/socket/round2_normal/socket_r2.pcapng,R2,93,931.0255441665648,0.00048819887196297553,0.000584495065490922,0.0004587758234797334,0.0008104481505363702,0.99765808208853,Socket
/home/lmy/iot-device-classification/dataset/socket/round2_normal/socket_r2.pcapng,R2,94,940.7850654125214,0.000489806182892153,0.0005950411300539889,0.0004616460281500971,0.0008153385538726155,0.997638168105031,Socket
/home/lmy/iot-device-classification/dataset/socket/round2_normal/socket_r2.pcapng,R2,95,950.9829301834106,0.0004876658144863975,0.0005839412347666186,0.0004584086628592632,0.000809767355752483,0.9976602169321351,Socket
/home/lmy/iot-device-classification/dataset/socket/round2_normal/socket_r2.pcapng,R2,96,961.0750875473022,0.00048804202135840333,0.0005843431051140681,0.00045866795438651817,0.0008102851465708247,0.9976586617725703,Socket
/home/lmy/iot-device-classification/dataset/socket/round2_normal/socket_r2.pcapng,R2,97,970.7316403388976,0.0004879125548089958,0.0005842639151081019,0.00045858908509558615,0.000810375871342233,0.997658858573645,Socket
/home/lmy/iot-device-classification/dataset/socket/round2_normal/socket_r2.pcapng,R2,98,980.014011144638,0.00048771271902185384,0.0005839937094701354,0.0004584520072766975,0.0008098404420374695,0.9976600011221939,Socket
/home/lmy/iot-device-classification/dataset/socket/round2_normal/socket_r2.pcapng,R2,99,990.4816193580627,0.0004879454902714742,0.0005842062147955297,0.00045873075663286673,0.0008103879323580353,0.997658729605942,Socket
/home/lmy/iot-device-classification/dataset/socket/round2_normal/socket_r2.pcapng,R2,100,1001.0935599803925,0.0004878270943536425,0.0005840621608030395,0.00045862382791790244,0.0008101000914125538,0.9976593868255128,Socket
/home/lmy/iot-device-classification/dataset/socket/round2_normal/socket_r2.pcapng,R2,101,1011.079916715622,0.00048764856262204827,0.000583918345737136,0.00045841847149088576,0.0008097922176494184,0.9976602224025004,Socket
/home/lmy/iot-device-classification/dataset/socket/round2_normal/socket_r2.pcapng,R2,102,1021.042952299118,0.00048817302962048657,0.0005844791647585875,0.00045874077531783664,0.0008103881914827671,0.9976582188388203,Socket
/home/lmy/iot-device-classification/dataset/socket/round2_normal/socket_r2.pcapng,R2,103,1031.137945175171,0.0004876941758261339,0.0005839651447343202,0.00045843909723831933,0.000809820338082439,0.9976600812441186,Socket
/home/lmy/iot-device-classification/dataset/socket/round2_normal/socket_r2.pcapng,R2,104,1041.131029367447,0.0004877411248583009,0.0005840002862192337,0.0004584970044092406,0.0008099219851009728,0.9976598395994122,Socket
/home/lmy/iot-device-classification/dataset/socket/round2_normal/socket_r2.pcapng,R2,105,1051.092408657074,0.0004879328034055286,0.0005842208187576985,0.00045859503235407033,0.0008100865553679671,0.9976591647901147,Socket
/home/lmy/iot-device-classification/dataset/socket/round2_normal/socket_r2.pcapng,R2,106,1061.087486743927,0.0004878291462318184,0.000584109566756906,0.00045852499629859346,0.0008099594468587679,0.9976595768438539,Socket
/home/lmy/iot-device-classification/dataset/socket/round2_normal/socket_r2.pcapng,R2,107,1071.2878286838531,0.0004877933188447885,0.0005840640617859401,0.00045850784433884193,0.0008099235480441714,0.9976597112269862,Socket
/home/lmy/iot-device-classification/dataset/socket/round2_normal/socket_r2.pcapng,R2,108,1081.1431946754456,0.0004885134879976976,0.0005848071036563646,0.00045898844741923167,0.0008107494635263274,0.9976569414974004,Socket
/home/lmy/iot-device-classification/dataset/socket/round2_normal/socket_r2.pcapng,R2,109,1091.1333918571472,0.00048780187133834284,0.000584072446799522,0.00045852392490227615,0.000809960893599114,0.9976596408633608,Socket
/home/lmy/iot-device-classification/dataset/socket/round2_normal/socket_r2.pcapng,R2,110,1101.2008814811709,0.00048779206825096756,0.0005840616094898073,0.00045851621047846074,0.0008099388388974027,0.9976596912728835,Socket
/home/lmy/iot-device-classification/dataset/socket/round2_normal/socket_r2.pcapng,R2,111,1111.1898877620697,0.000488155278914995,0.0005844493290983611,0.00045876339430645137,0.0008103988433736722,0.9976582331543065,Socket
/home/lmy/iot-device-classification/dataset/socket/round2_normal/socket_r2.pcapng,R2,112,1121.190141916275,0.00048788069668610713,0.0005841659337359296,0.00045854684951617946,0.0008099879481320994,0.9976594185719297,Socket
/home/lmy/iot-device-classification/dataset/socket/round2_normal/socket_r2.pcapng,R2,113,1131.1459579467771,0.0004877230388989651,0.0005840037089723395,0.0004584611725195996,0.0008098902753418185,0.9976599218042672,Socket
/home/lmy/iot-device-classification/dataset/socket/round2_normal/socket_r2.pcapng,R2,114,1141.2394366264343,0.00048823193245732765,0.0005844831159888408,0.0004588592940968092,0.0008104723713514747,0.9976579532861056,Socket
/home/lmy/iot-device-classification/dataset/socket/round2_normal/socket_r2.pcapng,R2,115,1151.33495759964,0.0004878594658325112,0.0005841251159177636,0.00045855898959030144,0.0008099975732829886,0.9976594588553764,Socket
/home/lmy/iot-device-classification/dataset/socket/round2_normal/socket_r2.pcapng,R2,116,1161.196683883667,0.00048793586790011787,0.0005841900626295651,0.0004586277823612518,0.0008100881868354311,0.9976591581002736,Socket
/home/lmy/iot-device-classification/dataset/socket/round2_normal/socket_r2.pcapng,R2,117,1170.4595029354095,0.0004886290845153256,0.0005847756508836098,0.00045941223631874487,0.0008113106048009296,0.9976558724234814,Socket
/home/lmy/iot-device-classification/dataset/socket/round2_normal/socket_r2.pcapng,R2,118,1181.2690711021423,0.0004900699959572395,0.0005896351895799612,0.000458567630038751,0.0008250260455227598,0.9976367011389012,Socket
/home/lmy/iot-device-classification/dataset/socket/round2_normal/socket_r2.pcapng,R2,119,1191.2475385665894,0.00048789961818138534,0.0005841690136026938,0.0004585766816938733,0.0008100108856672195,0.9976593438008549,Socket
/home/lmy/iot-device-classification/dataset/socket/round2_normal/socket_r2.pcapng,R2,120,1201.2404124736786,0.0004881900745660829,0.0005845066772377091,0.00045878339627354966,0.0008105870279279479,0.9976579328239947,Socket
/home/lmy/iot-device-classification/dataset/socket/round2_normal/socket_r2.pcapng,R2,121,1210.0804917812347,0.00048794392041839185,0.0005842077135507441,0.00045862095628758907,0.0008100833544559526,0.9976591440552874,Socket
/home/lmy/iot-device-classification/dataset/socket/round2_normal/socket_r2.pcapng,R2,122,1221.3022847175598,0.00048790086228161724,0.0005841475528833614,0.0004586361288873202,0.0008101450892672085,0.9976591703666805,Socket
/home/lmy/iot-device-classification/dataset/socket/round2_normal/socket_r2.pcapng,R2,123,1231.2890632152555,0.00048814218571498365,0.0005844132915456188,0.00045875907395306626,0.0008103500830516728,0.9976583353657348,Socket
/home/lmy/iot-device-classification/dataset/socket/round2_normal/socket_r2.pcapng,R2,124,1241.351010799408,0.000490144005714632,0.0005900386112937014,0.00046422287178458704,0.0008123421122728794,0.9976432523989341,Socket
/home/lmy/iot-device-classification/dataset/socket/round2_normal/socket_r2.pcapng,R2,125,1250.0118081569672,0.0004876730267486421,0.0005839488958446632,0.0004584238051951424,0.000809815015009477,0.9976601392572021,Socket
/home/lmy/iot-device-classification/dataset/socket/round2_normal/socket_r2.pcapng,R2,126,1261.3071303367617,0.0004903424435922065,0.0005899190553291985,0.0004587837683728639,0.000825465449553093,0.9976354892831526,Socket
/home/lmy/iot-device-classification/dataset/socket/round2_normal/socket_r2.pcapng,R2,127,1270.0467691421509,0.00048794480069529926,0.000584194115971574,0.00045864509669699057,0.0008101145572592739,0.9976591014293769,Socket
/home/lmy/iot-device-classification/dataset/socket/round2_normal/socket_r2.pcapng,R2,128,1280.0516245365145,0.0004879091706354019,0.0005841872129787986,0.00045859568443199264,0.0008100427608163887,0.9976592651711375,Socket
/home/lmy/iot-device-classification/dataset/socket/round2_normal/socket_r2.pcapng,R2,129,1290.433047056198,0.00048810557140360354,0.0005843930271263629,0.00045871838168733863,0.0008103168364712168,0.9976584661833116,Socket
/home/lmy/iot-device-classification/dataset/socket/round2_normal/socket_r2.pcapng,R2,130,1301.3483011722565,0.0004903985553483483,0.0005902548334565047,0.00046444945853048753,0.0008126236092353536,0.9976422735434294,Socket
/home/lmy/iot-device-classification/dataset/socket/round2_normal/socket_r2.pcapng,R2,131,1310.379272699356,0.00048811082694121823,0.0005843413090027453,0.00045880503269543345,0.0008103616799765655,0.997658381151384,Socket
/home/lmy/iot-device-classification/dataset/socket/round2_normal/socket_r2.pcapng,R2,132,1320.165246963501,0.0004880965525995595,0.0005843710310752036,0.0004587214838099978,0.0008102879653498185,0.9976585229671654,Socket
/home/lmy/iot-device-classification/dataset/socket/round2_normal/socket_r2.pcapng,R2,133,1330.6795358657837,0.0004878088822716418,0.0005840785028047501,0.00045850926636872396,0.000809905351834061,0.9976596979967207,Socket
/home/lmy/iot-device-classification/dataset/socket/round2_normal/socket_r2.pcapng,R2,134,1341.3596739768982,0.00048764592999424853,0.0005839285407668512,0.000458392530308834,0.0008097491174818353,0.9976602838814482,Socket
/home/lmy/iot-device-classification/dataset/socket/round2_normal/socket_r2.pcapng,R2,135,1350.5859985351562,0.0004879792502424399,0.0005842706385400522,0.0004586204049837724,0.0008101299678588528,0.9976589997383748,Socket
/home/lmy/iot-device-classification/dataset/socket/round2_normal/socket_r2.pcapng,R2,136,1360.4181411266327,0.0004876445094662524,0.0005839465416341884,0.0004583842460220536,0.0008097554647996023,0.9976602692380779,Socket
/home/lmy/iot-device-classification/dataset/socket/round2_normal/socket_r2.pcapng,R2,137,1370.1954407691956,0.000487904275462585,0.0005841766551570871,0.00045858644023698036,0.0008100156558047692,0.9976593169733385,Socket
/home/lmy/iot-device-classification/dataset/socket/round2_normal/socket_r2.pcapng,R2,138,1380.0318031311035,0.00048812814216691187,0.0005843939035158762,0.0004587585976972941,0.0008103342927579334,0.9976583850638618,Socket
/home/lmy/iot-device-classification/dataset/socket/round2_normal/socket_r2.pcapng,R2,139,1391.4986543655396,0.00048790656013262195,0.0005841381314362138,0.0004586765959546417,0.0008101809779801812,0.9976590977344962,Socket
/home/lmy/iot-device-classification/dataset/socket/round2_normal/socket_r2.pcapng,R2,140,1400.3320019245148,0.0004876443047426297,0.0005839295458329435,0.00045838861535958144,0.0008097778534456954,0.9976602596806192,Socket
/home/lmy/iot-device-classification/dataset/socket/round2_normal/socket_r2.pcapng,R2,141,1410.5867111682892,0.00048807554813679727,0.0005843280710864473,0.00045873655484814687,0.000810257740369341,0.9976586020855592,Socket
/home/lmy/iot-device-classification/dataset/socket/round2_normal/socket_r2.pcapng,R2,142,1420.009646654129,0.0004877113149906752,0.0005839877357758549,0.0004584564758909005,0.0008098377918798484,0.9976600066814627,Socket
/home/lmy/iot-device-classification/dataset/socket/round2_normal/socket_r2.pcapng,R2,143,1430.1749272346497,0.00048783377949820645,0.0005841120217917005,0.00045852340184804276,0.0008099295337394714,0.9976596012631226,Socket
/home/lmy/iot-device-classification/dataset/socket/round2_normal/socket_r2.pcapng,R2,144,1440.578197479248,0.0004881764644295111,0.0005844530531244474,0.00045877398461990806,0.0008103575619223663,0.9976582389359038,Socket
/home/lmy/iot-device-classification/dataset/socket/round2_normal/socket_r2.pcapng,R2,145,1450.8450944423676,0.000487821573854718,0.0005840971807869041,0.0004585214346841404,0.0008099255868046624,0.9976596342238696,Socket
/home/lmy/iot-device-classification/dataset/socket/round2_normal/socket_r2.pcapng,R2,146,1460.6547937393188,0.00048783062137138937,0.000584114920094351,0.0004585211901257511,0.0008099283978435946,0.9976596048705649,Socket
/home/lmy/iot-device-classification/dataset/socket/round2_normal/socket_r2.pcapng,R2,147,1470.4391784667969,0.00048815689605377,0.0005844326074265954,0.000458779648382379,0.0008104288661375492,0.9976582019819997,Socket
/home/lmy/iot-device-classification/dataset/socket/round2_normal/socket_r2.pcapng,R2,148,1481.3650393486023,0.0004968687917871204,0.00058399061697003,0.0004618699346794437,0.0008127204464486929,0.9976445502101147,Socket
/home/lmy/iot-device-classification/dataset/socket/round2_normal/socket_r2.pcapng,R2,149,1490.888999223709,0.00048782248424107585,0.0005841027027572153,0.0004585155704776158,0.0008099209950934344,0.9976596382474306,Socket
/home/lmy/iot-device-classification/dataset/socket/round2_normal/socket_r2.pcapng,R2,150,1500.9582090377808,0.0004881708710684165,0.0005844207110497454,0.0004588173435619119,0.0008104494672193674,0.9976581416071005,Socket
/home/lmy/iot-device-classification/dataset/socket/round2_normal/socket_r2.pcapng,R2,151,1510.738403558731,0.0004896309735414721,0.0005892214283365445,0.0004582251729797193,0.0008245183139178332,0.9976384041112243,Socket
/home/lmy/iot-device-classification/dataset/socket/round2_normal/socket_r2.pcapng,R2,152,1521.3485481739044,0.0005316507520807652,0.0006058674700038966,0.0004809398341741032,0.0008440107124850597,0.9975375312312561,Socket
/home/lmy/iot-device-classification/dataset/socket/round2_normal/socket_r2.pcapng,R2,153,1530.083467721939,0.0004883737536175932,0.0005846590197538861,0.0004588921274911652,0.0008105900057355762,0.9976574850934017,Socket
/home/lmy/iot-device-classification/dataset/socket/round2_normal/socket_r2.pcapng,R2,154,1540.0772285461426,0.0004968076599259117,0.0005839194923852865,0.00046183255719347606,0.0008126823062967856,0.9976447579841986,Socket
/home/lmy/iot-device-classification/dataset/socket/round2_normal/socket_r2.pcapng,R2,155,1550.10192155838,0.00048772142772853406,0.0005840167765066856,0.00045843378898740634,0.0008098760183353014,0.997659951988442,Socket
/home/lmy/iot-device-classification/dataset/socket/round2_normal/socket_r2.pcapng,R2,156,1560.0111799240112,0.0004881783844413238,0.0005844462447489187,0.000458810123640008,0.0008104826341150203,0.9976580826130548,Socket
/home/lmy/iot-device-classification/dataset/socket/round2_normal/socket_r2.pcapng,R2,157,1570.027687072754,0.00048803287649771014,0.0005842740860905524,0.000458741863980344,0.0008102839387777998,0.9976586672346536,Socket
/home/lmy/iot-device-classification/dataset/socket/round2_normal/socket_r2.pcapng,R2,158,1580.0900287628174,0.00048807356940859113,0.0005844115015459377,0.0004587021630177784,0.0008104692564729092,0.9976583435095548,Socket
/home/lmy/iot-device-classification/dataset/socket/round2_normal/socket_r2.pcapng,R2,159,1590.0508978366852,0.0004973614451993118,0.0005844581334459008,0.0004622109423381323,0.0008132730432432742,0.9976426964357734,Socket
/home/lmy/iot-device-classification/dataset/socket/round2_normal/socket_r2.pcapng,R2,160,1600.1750237941742,0.0005248963008469939,0.000606377122356478,0.00047449689798548,0.0008671122226541591,0.997527117456157,Socket
/home/lmy/iot-device-classification/dataset/socket/round2_normal/socket_r2.pcapng,R2,161,1610.137011051178,0.0004878902796803838,0.0005841620228173831,0.00045856940701210065,0.0008099923851493726,0.9976593859053408,Socket
/home/lmy/iot-device-classification/dataset/socket/round2_normal/socket_r2.pcapng,R2,162,1620.2296471595764,0.0004904141655617443,0.0005900172611591532,0.00045877229843080235,0.000825464415648316,0.9976353318592001,Socket
/home/lmy/iot-device-classification/dataset/socket/round2_normal/socket_r2.pcapng,R2,163,1630.2943840026855,0.00048784216352705913,0.0005841298401243745,0.00045853343909768286,0.0008099716575115817,0.9976595228997394,Socket
/home/lmy/iot-device-classification/dataset/socket/round2_normal/socket_r2.pcapng,R2,164,1640.4920601844788,0.0004876147315459763,0.0005839044936854422,0.0004583609680444462,0.0008097230097553977,0.9976603967969687,Socket
/home/lmy/iot-device-classification/dataset/socket/round2_normal/socket_r2.pcapng,R2,165,1650.381554603577,0.00048820574419484043,0.0005844872283148702,0.0004587844385398404,0.0008103513756990056,0.9976581712132515,Socket
/home/lmy/iot-device-classification/dataset/socket/round2_normal/socket_r2.pcapng,R2,166,1660.4480204582214,0.00048772717927786184,0.0005840021626893127,0.00045845326100779946,0.0008098452675092889,0.9976599721295157,Socket
/home/lmy/iot-device-classification/dataset/socket/round2_normal/socket_r2.pcapng,R2,167,1670.543006181717,0.0004879027405776921,0.0005841603542855883,0.000458606098168737,0.0008100568514390886,0.997659273955529,Socket
/home/lmy/iot-device-classification/dataset/socket/round2_normal/socket_r2.pcapng,R2,168,1680.6360697746277,0.00048811590354305267,0.0005843703767122084,0.00045874998828183684,0.0008102775984502097,0.9976584861330126,Socket
/home/lmy/iot-device-classification/dataset/socket/round2_normal/socket_r2.pcapng,R2,169,1690.7010509967804,0.0004876870870554428,0.0005839746615209815,0.0004584253316990565,0.0008097978145625007,0.9976601151051621,Socket
/home/lmy/iot-device-classification/dataset/socket/round2_normal/socket_r2.pcapng,R2,170,1700.796108007431,0.0004878424725913998,0.0005841081239467356,0.00045854787663375404,0.0008099608220700287,0.997659540704758,Socket
/home/lmy/iot-device-classification/dataset/socket/round2_normal/socket_r2.pcapng,R2,171,1710.788036584854,0.00048806102803878573,0.0005843258159923428,0.0004586912466779835,0.0008101865241404032,0.9976587353851506,Socket
/home/lmy/iot-device-classification/dataset/socket/round2_normal/socket_r2.pcapng,R2,172,1720.8553411960602,0.00048790578339796375,0.0005841774403964044,0.00045857984517875747,0.0008099920617570539,0.9976593448692699,Socket
/home/lmy/iot-device-classification/dataset/socket/round2_normal/socket_r2.pcapng,R2,173,1731.055193901062,0.0004876566106414444,0.0005839383176705937,0.0004584074548871166,0.0008097684574123258,0.9976602291593885,Socket
/home/lmy/iot-device-classification/dataset/socket/round2_normal/socket_r2.pcapng,R2,174,1741.123067855835,0.0005019873483953787,0.0005930696485588051,0.0004696319695665411,0.0008207461384662213,0.9976145648950131,Socket
/home/lmy/iot-device-classification/dataset/socket/round2_normal/socket_r2.pcapng,R2,175,1751.2136981487274,0.00048787724909764844,0.000584119140479998,0.000458621684238827,0.0008100908010211536,0.9976592911251624,Socket
/home/lmy/iot-device-classification/dataset/socket/round2_normal/socket_r2.pcapng,R2,176,1760.4831166267395,0.0004914550991590338,0.0005912851975061821,0.00046519704235862305,0.0008136284586124315,0.9976384342023636,Socket
/home/lmy/iot-device-classification/dataset/socket/round2_normal/socket_r2.pcapng,R2,177,1771.2670557498932,0.0004901962349798302,0.0005897885586491678,0.00045864466859545436,0.0008252466498909298,0.9976361238878847,Socket
/home/lmy/iot-device-classification/dataset/socket/round2_normal/socket_r2.pcapng,R2,178,1781.2589399814606,0.00048790882108539803,0.000584181924427325,0.0004585757754092469,0.0008099947599580358,0.9976593387191199,Socket
/home/lmy/iot-device-classification/dataset/socket/round2_normal/socket_r2.pcapng,R2,179,1791.3539106845856,0.00048779092167706897,0.0005840561568008913,0.0004585275598708355,0.0008099277630609096,0.9976596975985903,Socket
/home/lmy/iot-device-classification/dataset/socket/round2_normal/socket_r2.pcapng,R2,180,1801.4189007282257,0.0004880655017129268,0.0005843366458568751,0.0004587097410073641,0.0008102444096636114,0.9976586437017592,Socket
/home/lmy/iot-device-classification/dataset/socket/round2_normal/socket_r2.pcapng,R2,181,1811.513012170792,0.00048781513571683355,0.0005840999688027135,0.00045850865584574793,0.0008099018896284319,0.9976596743500062,Socket
/home/lmy/iot-device-classification/dataset/socket/round2_normal/socket_r2.pcapng,R2,182,1821.504527807236,0.00048776748659126967,0.000584044759632262,0.000458489299031584,0.0008098881730529329,0.997659810281692,Socket
/home/lmy/iot-device-classification/dataset/socket/round2_normal/socket_r2.pcapng,R2,183,1831.6745018959043,0.0004878684551040479,0.0005841744397896864,0.0004585378286251703,0.0008100960917978331,0.9976593231846833,Socket
/home/lmy/iot-device-classification/dataset/socket/round2_normal/socket_r2.pcapng,R2,184,1841.6669325828552,0.0004880603735796777,0.0005842894404299728,0.0004587467702168949,0.000810250859237706,0.9976586525565357,Socket
/home/lmy/iot-device-classification/dataset/socket/round2_normal/socket_r2.pcapng,R2,185,1851.7316510677335,0.0004876698349917945,0.0005839465810997259,0.00045841187233516606,0.0008097858151703097,0.9976601858964029,Socket
/home/lmy/iot-device-classification/dataset/socket/round2_normal/socket_r2.pcapng,R2,186,1861.8239574432373,0.0004878036113201203,0.000584073938955036,0.00045853665948003867,0.0008099868547475144,0.9976595989354972,Socket
/home/lmy/iot-device-classification/dataset/socket/round2_normal/socket_r2.pcapng,R2,187,1871.922029018402,0.0004878275863365853,0.0005840973451409614,0.0004585410523317469,0.0008099779594283212,0.9976595560567624,Socket
/home/lmy/iot-device-classification/dataset/socket/round2_normal/socket_r2.pcapng,R2,188,1881.880867242813,0.0004877684175526479,0.0005840310680970295,0.0004585156927999245,0.0008099747716076212,0.9976597100499428,Socket
/home/lmy/iot-device-classification/dataset/socket/round2_normal/socket_r2.pcapng,R2,189,1891.9750258922577,0.0004889074369032471,0.0005852459837263921,0.0004592740684683477,0.0008114857927299089,0.9976550867181722,Socket
/home/lmy/iot-device-classification/dataset/socket/round2_normal/socket_r2.pcapng,R2,190,1902.0742642879488,0.00048828075080871507,0.0005845382606937958,0.00045884609075017355,0.0008103771539609715,0.9976579577437864,Socket
/home/lmy/iot-device-classification/dataset/socket/round2_normal/socket_r2.pcapng,R2,191,1912.032825946808,0.0004897326216690521,0.0005893174975441472,0.0004582935029188612,0.0008245974722745281,0.9976380589055934,Socket
/home/lmy/iot-device-classification/dataset/socket/round2_normal/socket_r2.pcapng,R2,192,1921.9224660396576,0.0004881636249449035,0.0005844032991699598,0.0004588221814736776,0.0008103917499919904,0.9976582191444195,Socket
/home/lmy/iot-device-classification/dataset/socket/round2_normal/socket_r2.pcapng,R2,193,1932.1200103759768,0.00048792718613562864,0.0005842088318854064,0.0004585748556537826,0.0008099932528398456,0.9976592958734853,Socket
/home/lmy/iot-device-classification/dataset/socket/round2_normal/socket_r2.pcapng,R2,194,1941.9817597866056,0.0004878346389285018,0.0005841167277746906,0.000458520759339279,0.0008099261621120275,0.9976596017118455,Socket
/home/lmy/iot-device-classification/dataset/socket/round2_normal/socket_r2.pcapng,R2,195,1951.9709622859957,0.0004881914608437264,0.0005844650999120998,0.00045877574770320124,0.0008103162702804619,0.9976582514212605,Socket
/home/lmy/iot-device-classification/dataset/socket/round2_normal/socket_r2.pcapng,R2,196,1962.036328792572,0.0004879539333509486,0.0005842124072806911,0.00045862409048822204,0.0008100600472238957,0.9976591495216561,Socket
/home/lmy/iot-device-classification/dataset/socket/round2_normal/socket_r2.pcapng,R2,197,1972.029610157013,0.00048769475296526094,0.0005839751413573543,0.00045842797783405355,0.0008097928118987262,0.9976601093159445,Socket
/home/lmy/iot-device-classification/dataset/socket/round2_normal/socket_r2.pcapng,R2,198,1980.4559299945831,0.0004882919958277485,0.0005845714873194235,0.0004588936001783357,0.0008105469008809755,0.9976576960157936,Socket
/home/lmy/iot-device-classification/dataset/socket/round2_normal/socket_r2.pcapng,R2,199,1992.0875451564789,0.00048789643724655784,0.0005841725141848787,0.000458576011587777,0.0008100210663615095,0.9976593339706193,Socket
/home/lmy/iot-device-classification/dataset/socket/round2_normal/socket_r2.pcapng,R2,200,2000.0007433891296,0.000487922474677464,0.000584175063385995,0.0004586302586272477,0.0008100854736150952,0.9976591867296941,Socket
/home/lmy/iot-device-classification/dataset/socket/round2_normal/socket_r2.pcapng,R2,201,2010.0270237922668,0.0004882183490630349,0.0005844597126070845,0.00045884565176363047,0.0008104304791558602,0.9976580458074104,Socket
/home/lmy/iot-device-classification/dataset/socket/round2_normal/socket_r2.pcapng,R2,202,2022.0415151119232,0.00048781407674491944,0.0005840529799028718,0.0004585731392052521,0.0008100033174745883,0.9976595564866724,Socket
/home/lmy/iot-device-classification/dataset/socket/round2_normal/socket_r2.pcapng,R2,203,2032.1281695365903,0.00048778715333496994,0.0005840520956054122,0.0004585177570862725,0.0008099113866871659,0.9976597316072862,Socket
/home/lmy/iot-device-classification/dataset/socket/round2_normal/socket_r2.pcapng,R2,204,2040.04226231575,0.0004883295012654994,0.0005845572801534509,0.0004589460644722473,0.000810589135118377,0.9976575780189905,Socket
/home/lmy/iot-device-classification/dataset/socket/round2_normal/socket_r2.pcapng,R2,205,2050.1798088550568,0.00048773507362607176,0.0005840146661120912,0.00045845222532683746,0.0008098409008162219,0.9976599571341187,Socket
/home/lmy/iot-device-classification/dataset/socket/round2_normal/socket_r2.pcapng,R2,206,2060.061571598053,0.0004876946328027185,0.0005839669922554056,0.00045843082888512423,0.0008097897409061995,0.9976601178051506,Socket
/home/lmy/iot-device-classification/dataset/socket/round2_normal/socket_r2.pcapng,R2,207,2072.138692378998,0.0004878160053956592,0.0005840862880836501,0.00045855165827340434,0.0008100239372142226,0.997659522111033,Socket
/home/lmy/iot-device-classification/dataset/socket/round2_normal/socket_r2.pcapng,R2,208,2080.658569335937,0.00048769312340671847,0.0005839971310519918,0.00045844329977108464,0.0008098273695518942,0.9976600390762184,Socket
/home/lmy/iot-device-classification/dataset/socket/round2_normal/socket_r2.pcapng,R2,209,2090.4682726860046,0.00048789949862639443,0.0005842022138464134,0.0004585897397334951,0.0008100395974444054,0.9976592689503494,Socket
/home/lmy/iot-device-classification/dataset/socket/round2_normal/socket_r2.pcapng,R2,210,2100.249283313751,0.0004882413640941372,0.0005845382275629079,0.000458823049565452,0.0008105458486138157,0.9976578515101637,Socket
/home/lmy/iot-device-classification/dataset/socket/round2_normal/socket_r2.pcapng,R2,211,2110.0674319267277,0.0004878102378091165,0.0005840774624783219,0.0004585165519385677,0.0008099285095528038,0.9976596672382211,Socket
/home/lmy/iot-device-classification/dataset/socket/round2_normal/socket_r2.pcapng,R2,212,2120.015231132508,0.00048763700113387703,0.0005839375500948672,0.0004583758349062141,0.0008097953816262034,0.9976602542322389,Socket
/home/lmy/iot-device-classification/dataset/socket/round2_normal/socket_r2.pcapng,R2,213,2130.7778010368347,0.00048820098052095365,0.0005844917943111137,0.00045881540351122953,0.0008105684735094045,0.9976579233481473,Socket
/home/lmy/iot-device-classification/dataset/socket/round2_normal/socket_r2.pcapng,R2,214,2140.254076719284,0.0004876688421523914,0.0005839685340379166,0.0004584187699407024,0.0008097954268569531,0.9976601484270121,Socket
/home/lmy/iot-device-classification/dataset/socket/round2_normal/socket_r2.pcapng,R2,215,2150.416357755661,0.0004987433367412124,0.0005947884174710962,0.00046492107509272216,0.0008179789008490922,0.9976235682698459,Socket
/home/lmy/iot-device-classification/dataset/socket/round2_normal/socket_r2.pcapng,R2,216,2160.316071748733,0.0004887476755295155,0.0005849407554435165,0.00045975325811664815,0.0008117249003769002,0.9976548334105334,Socket
/home/lmy/iot-device-classification/dataset/socket/round2_normal/socket_r2.pcapng,R2,217,2170.1272258758545,0.0004878650558311855,0.0005841570738893015,0.00045856257920679584,0.000809988752937778,0.9976594265381349,Socket
/home/lmy/iot-device-classification/dataset/socket/round2_normal/socket_r2.pcapng,R2,218,2180.3989300727844,0.00048772762502887233,0.000584022558603554,0.0004584562501882299,0.0008098342953533824,0.9976599592708261,Socket
/home/lmy/iot-device-classification/dataset/socket/round2_normal/socket_r2.pcapng,R2,219,2190.765483379364,0.00048792506228908275,0.0005842686398346958,0.00045861333316877937,0.0008102975687524328,0.997658895395955,Socket
/home/lmy/iot-device-classification/dataset/socket/round2_normal/socket_r2.pcapng,R2,220,2200.560525417328,0.00048766212182062827,0.0005839502971792548,0.00045841511033298054,0.0008097911767215912,0.9976601812939454,Socket
/home/lmy/iot-device-classification/dataset/socket/round2_normal/socket_r2.pcapng,R2,221,2210.341750383377,0.00048764820432600374,0.0005839452651207415,0.00045839942860007965,0.0008097504212986384,0.9976602566806546,Socket
/home/lmy/iot-device-classification/dataset/socket/round2_normal/socket_r2.pcapng,R2,222,2221.266855955124,0.0004881179263764893,0.0005844103770536104,0.0004587391740149941,0.0008103551333913894,0.9976583773891636,Socket
/home/lmy/iot-device-classification/dataset/socket/round2_normal/socket_r2.pcapng,R2,223,2231.0773696899414,0.0004878224505759108,0.0005841144638283523,0.00045853954569845593,0.0008099585397854533,0.9976595650001118,Socket
/home/lmy/iot-device-classification/dataset/socket/round2_normal/socket_r2.pcapng,R2,224,2240.8360962867737,0.0004876830991730201,0.0005839617624829761,0.0004584379134776884,0.0008098081869714202,0.9976601090378949,Socket
/home/lmy/iot-device-classification/dataset/socket/round2_normal/socket_r2.pcapng,R2,225,2250.6671602725983,0.0004880421406613147,0.0005843488062666871,0.00045867057786004285,0.0008102598114477935,0.9976586786637642,Socket
/home/lmy/iot-device-classification/dataset/socket/round2_normal/socket_r2.pcapng,R2,226,2261.53545832634,0.0005061192344973226,0.0005839074058179092,0.0004652746749771924,0.0008155505708462251,0.9976291481138614,Socket
/home/lmy/iot-device-classification/dataset/socket/round2_normal/socket_r2.pcapng,R2,227,2271.3258938789368,0.00048766223285074236,0.0005839542262592212,0.0004583969515981088,0.0008097748327263811,0.9976602117565656,Socket
/home/lmy/iot-device-classification/dataset/socket/round2_normal/socket_r2.pcapng,R2,228,2281.1314742565155,0.0004907704206468555,0.0005907412604862391,0.0004646715039207784,0.0008134025271656669,0.9976404142877804,Socket
/home/lmy/iot-device-classification/dataset/socket/round2_normal/socket_r2.pcapng,R2,229,2290.927830696106,0.000488325547959031,0.0005845598028783599,0.000458934679489142,0.00081054184172864,0.9976576381279448,Socket
/home/lmy/iot-device-classification/dataset/socket/round2_normal/socket_r2.pcapng,R2,230,2300.697787284851,0.00048778006584651633,0.0005840543838340262,0.00045850370054934523,0.0008099207604903055,0.9976597410892799,Socket
/home/lmy/iot-device-classification/dataset/socket/round2_normal/socket_r2.pcapng,R2,231,2311.7450189590454,0.0004904499705047965,0.0005903782139944135,0.00046446045409005585,0.0008129079926558728,0.997641803368755,Socket
/home/lmy/iot-device-classification/dataset/socket/round2_normal/socket_r2.pcapng,R2,232,2321.535269021988,0.00048781575896367723,0.0005841066265205848,0.000458506326033252,0.0008099130929730284,0.9976596581955095,Socket
/home/lmy/iot-device-classification/dataset/socket/round2_normal/socket_r2.pcapng,R2,233,2331.335268974304,0.00048783554844358503,0.0005841671741412361,0.0004585099039246843,0.0008101390348169789,0.9976593483386735,Socket
/home/lmy/iot-device-classification/dataset/socket/round2_normal/socket_r2.pcapng,R2,234,2341.133762359619,0.0004880629840449584,0.0005843708757177806,0.0004586873293201186,0.0008102699781861638,0.9976586088327308,Socket
/home/lmy/iot-device-classification/dataset/socket/round2_normal/socket_r2.pcapng,R2,235,2352.004641532898,0.0004877993488373176,0.0005840898417834744,0.0004584884801638811,0.0008098843217664396,0.9976597380074489,Socket
/home/lmy/iot-device-classification/dataset/socket/round2_normal/socket_r2.pcapng,R2,236,2361.7968995571136,0.0004877165900467065,0.000583994003913934,0.0004584572552877698,0.0008098530748778139,0.9976599790758738,Socket
/home/lmy/iot-device-classification/dataset/socket/round2_normal/socket_r2.pcapng,R2,237,2371.60475730896,0.00048798272947868,0.0005842730192082468,0.0004586276777875862,0.0008101681782966885,0.9976589483952288,Socket
/home/lmy/iot-device-classification/dataset/socket/round2_normal/socket_r2.pcapng,R2,238,2381.4249453544617,0.00048771078909389697,0.0005840350250425739,0.0004584582450015038,0.0008099260516287515,0.9976598698892334,Socket
/home/lmy/iot-device-classification/dataset/socket/round2_normal/socket_r2.pcapng,R2,239,2390.106268644333,0.00048785181424878545,0.0005841341280822802,0.0004585360064004922,0.0008099653606096718,0.9976595126906588,Socket
/home/lmy/iot-device-classification/dataset/socket/round2_normal/socket_r2.pcapng,R2,240,2402.103792667389,0.00048800273649537285,0.0005843082855643207,0.00045864066736424727,0.0008102076914205519,0.9976588406191556,Socket
/home/lmy/iot-device-classification/dataset/socket/round2_normal/socket_r2.pcapng,R2,241,2411.904177904129,0.0004875825943631296,0.0005838781703611282,0.0004583401970275678,0.0008097067939264626,0.9976604922443217,Socket
/home/lmy/iot-device-classification/dataset/socket/round2_normal/socket_r2.pcapng,R2,242,2421.694885969162,0.0004876815650855919,0.0005839710016860802,0.00045841044171640436,0.0008097988889436254,0.9976601381025683,Socket
/home/lmy/iot-device-classification/dataset/socket/round2_normal/socket_r2.pcapng,R2,243,2430.4269499778748,0.000488767333923992,0.0005850638308262772,0.00045918455108224815,0.0008109845241373375,0.99765599976003,Socket
/home/lmy/iot-device-classification/dataset/socket/round2_normal/socket_r2.pcapng,R2,244,2442.353862285614,0.0004879031147505657,0.0005841933896671101,0.0004585665304147303,0.0008100510817684837,0.997659285883399,Socket
/home/lmy/iot-device-classification/dataset/socket/round2_normal/socket_r2.pcapng,R2,245,2452.146227121353,0.0004878065196273584,0.000584069524588659,0.0004585406818686923,0.0008099569871976255,0.9976596262867178,Socket
/home/lmy/iot-device-classification/dataset/socket/round2_normal/socket_r2.pcapng,R2,246,2462.0533077716827,0.0004881042319561649,0.0005844083086373683,0.0004587163666707167,0.0008103684164598464,0.9976584026762759,Socket
/home/lmy/iot-device-classification/dataset/socket/round2_normal/socket_r2.pcapng,R2,247,2472.846151828766,0.0004878504937578523,0.0005841383497506493,0.00045852508350179797,0.0008099588521981801,0.9976595272207915,Socket
/home/lmy/iot-device-classification/dataset/socket/round2_normal/socket_r2.pcapng,R2,248,2480.351410150528,0.00048788168668957083,0.0005841448816603528,0.0004585904984303282,0.0008100533881642082,0.9976593295450554,Socket
/home/lmy/iot-device-classification/dataset/socket/round2_normal/socket_r2.pcapng,R2,249,2492.4962339401245,0.0004970610703322203,0.0005842060734432418,0.00046198740947057823,0.0008130013259601108,0.9976437441207939,Socket
/home/lmy/iot-device-classification/dataset/socket/round2_normal/socket_r2.pcapng,R2,250,2502.3262865543365,0.00048768508467891895,0.0005839718528966294,0.0004584142173514215,0.0008097983360152832,0.9976601305090577,Socket
/home/lmy/iot-device-classification/dataset/socket/round2_normal/socket_r2.pcapng,R2,251,2512.5575246810918,0.0004876451333898156,0.0005839401319596663,0.00045838072491528984,0.0008097390549139511,0.9976602949548212,Socket
/home/lmy/iot-device-classification/dataset/socket/round2_normal/socket_r2.pcapng,R2,252,2520.874908208847,0.0004882308825719545,0.0005845277876848515,0.00045882563269939954,0.0008105993877417786,0.997657816309302,Socket
/home/lmy/iot-device-classification/dataset/socket/round2_normal/socket_r2.pcapng,R2,253,2532.6106038093567,0.0004876066636902902,0.0005838994887184422,0.00045836735804732134,0.0008097324079700019,0.9976603940815738,Socket
/home/lmy/iot-device-classification/dataset/socket/round2_normal/socket_r2.pcapng,R2,254,2542.5826473236084,0.0004876215996708927,0.0005839119203189793,0.00045836631389285434,0.0008097517352622934,0.9976603484308549,Socket
/home/lmy/iot-device-classification/dataset/socket/round2_normal/socket_r2.pcapng,R2,255,2552.563263654709,0.000488776468127362,0.0005850030130679118,0.0004592225035313221,0.0008109614887740418,0.9976560365264994,Socket
/home/lmy/iot-device-classification/dataset/socket/round2_normal/socket_r2.pcapng,R2,256,2562.5561578273773,0.0004877889468771642,0.0005840789099039828,0.00045851212244601075,0.0008099087156425138,0.9976597113051303,Socket
/home/lmy/iot-device-classification/dataset/socket/round2_normal/socket_r2.pcapng,R2,257,2570.4695086479187,0.00048818530343152863,0.0005844567610686183,0.00045878605846378024,0.0008103422255552651,0.9976582296514808,Socket
/home/lmy/iot-device-classification/dataset/socket/round2_normal/socket_r2.pcapng,R2,258,2582.615383386612,0.00048812090968217175,0.0005843997610502413,0.000458724014747104,0.0008102710360027611,0.9976584842785178,Socket
/home/lmy/iot-device-classification/dataset/socket/round2_normal/socket_r2.pcapng,R2,259,2592.60577917099,0.00048806888903901773,0.0005843343176125035,0.00045875662771739434,0.0008102909759005241,0.9976585491897306,Socket
/home/lmy/iot-device-classification/dataset/socket/round2_normal/socket_r2.pcapng,R2,260,2602.598147392273,0.0004877436285522576,0.000584018489203373,0.00045847296776964824,0.0008098784288733405,0.9976598864856014,Socket
/home/lmy/iot-device-classification/dataset/socket/round2_normal/socket_r2.pcapng,R2,261,2612.662986755371,0.00048804903540206166,0.0005843309652337047,0.0004586946664094203,0.0008102727193867365,0.9976586526135681,Socket
/home/lmy/iot-device-classification/dataset/socket/round2_normal/socket_r2.pcapng,R2,262,2622.654541492462,0.00048788916128790266,0.0005841726257598171,0.00045855584371723207,0.0008100055570653904,0.9976593768121698,Socket
/home/lmy/iot-device-classification/dataset/socket/round2_normal/socket_r2.pcapng,R2,263,2630.6819911003117,0.0004876436721618505,0.00058393547316591,0.0004583761649456018,0.0008097590953435723,0.9976602855943831,Socket
/home/lmy/iot-device-classification/dataset/socket/round2_normal/socket_r2.pcapng,R2,264,2642.7152206897736,0.00048806971688541485,0.000584349630300633,0.0004587270579566911,0.0008103757601640056,0.9976584778346933,Socket
/home/lmy/iot-device-classification/dataset/socket/round2_normal/socket_r2.pcapng,R2,265,2652.705573797226,0.00048764304550146664,0.0005839594676843597,0.0004584225457098622,0.0008098411892146487,0.9976601337518896,Socket
/home/lmy/iot-device-classification/dataset/socket/round2_normal/socket_r2.pcapng,R2,266,2662.6796438694,0.00048779299911457424,0.000584057083081355,0.00045851218191974056,0.0008099053621647203,0.9976597323737196,Socket
/home/lmy/iot-device-classification/dataset/socket/round2_normal/socket_r2.pcapng,R2,267,2672.762639045716,0.00048798995680457305,0.0005842615940734945,0.00045866659904797826,0.0008101929824418745,0.9976588888676321,Socket
/home/lmy/iot-device-classification/dataset/socket/round2_normal/socket_r2.pcapng,R2,268,2682.7557787895203,0.00048768932366415556,0.0005839660351301242,0.00045843429786086225,0.0008098247701096422,0.9976600855732353,Socket
/home/lmy/iot-device-classification/dataset/socket/round2_normal/socket_r2.pcapng,R2,269,2692.7340857982635,0.0004878505414333396,0.0005840970027272772,0.0004585955634152898,0.0008100620597095021,0.9976593948327146,Socket
/home/lmy/iot-device-classification/dataset/socket/round2_normal/socket_r2.pcapng,R2,270,2700.457348585129,0.0004878769368571905,0.0005841758172074049,0.00045862845679533353,0.0008102211719805848,0.9976590976171594,Socket
/home/lmy/iot-device-classification/dataset/socket/round2_normal/socket_r2.pcapng,R2,271,2710.104652643204,0.0005014392158529911,0.0005953569810800144,0.00046770045937522626,0.0008302907759285869,0.9976052125677631,Socket
/home/lmy/iot-device-classification/dataset/socket/round2_normal/socket_r2.pcapng,R2,272,2722.769948244095,0.00048764734081613125,0.0005839262819829445,0.0004584104407172184,0.0008097829772662939,0.9976602329592175,Socket
/home/lmy/iot-device-classification/dataset/socket/round2_normal/socket_r2.pcapng,R2,273,2732.7624740600586,0.00048792031872437407,0.0005842153666548156,0.00045860677843542335,0.0008101377001024646,0.9976591198360829,Socket
/home/lmy/iot-device-classification/dataset/socket/round2_normal/socket_r2.pcapng,R2,274,2740.469830751419,0.0004988037598570214,0.0005948334029014312,0.00046497825198291414,0.0008180654333528642,0.9976233191519058,Socket
/home/lmy/iot-device-classification/dataset/socket/round2_normal/socket_r2.pcapng,R2,275,2752.817604780197,0.00048769674631954856,0.0005839576675603994,0.0004584640465626504,0.0008098595256791525,0.9976600220138783,Socket
/home/lmy/iot-device-classification/dataset/socket/round2_normal/socket_r2.pcapng,R2,276,2762.808740377426,0.0004878872686870447,0.0005841835439167638,0.00045859838426489096,0.0008102104752587616,0.9976591203278724,Socket
/home/lmy/iot-device-classification/dataset/socket/round2_normal/socket_r2.pcapng,R2,277,2772.771097421646,0.0004877627643728466,0.0005840213562122638,0.00045851268210514684,0.0008099348927822733,0.9976597683045275,Socket
/home/lmy/iot-device-classification/dataset/socket/round2_normal/socket_r2.pcapng,R2,278,2780.6142070293427,0.00048790001744682343,0.0005841503593546745,0.0004586138745067096,0.0008100828393537661,0.9976592529093379,Socket
/home/lmy/iot-device-classification/dataset/socket/round2_normal/socket_r2.pcapng,R2,279,2792.859831094742,0.0004880335792026213,0.0005843253489267047,0.00045866523810697665,0.000810250878071369,0.9976587249556924,Socket
/home/lmy/iot-device-classification/dataset/socket/round2_normal/socket_r2.pcapng,R2,280,2800.772248029709,0.000501761326031998,0.0005955111076621628,0.00046219910297504944,0.0008441907549641206,0.9975963377083666,Socket
/home/lmy/iot-device-classification/dataset/socket/round2_normal/socket_r2.pcapng,R2,281,2811.0184469223022,0.0004875985475285333,0.0005838974642986003,0.00045834458060124754,0.0008097211622762893,0.9976604382452953,Socket
/home/lmy/iot-device-classification/dataset/socket/round2_normal/socket_r2.pcapng,R2,282,2822.878627538681,0.0004882896601074187,0.0005845863050562688,0.00045884323243090624,0.0008105361775032206,0.9976577446249023,Socket
/home/lmy/iot-device-classification/dataset/socket/round2_normal/socket_r2.pcapng,R2,283,2832.8727407455444,0.00048782950528992574,0.0005841018326550105,0.00045854805939082887,0.0008100195617954535,0.9976595010408686,Socket
/home/lmy/iot-device-classification/dataset/socket/round2_normal/socket_r2.pcapng,R2,284,2840.1279723644257,0.0004879544679493684,0.0005842230928314842,0.0004586265356475006,0.0008100959692117304,0.99765909993436,Socket
/home/lmy/iot-device-classification/dataset/socket/round2_normal/socket_r2.pcapng,R2,285,2850.051119565964,0.0004883392941622827,0.000584644778959923,0.0004588709636083018,0.0008105861677149576,0.9976575587955545,Socket
/home/lmy/iot-device-classification/dataset/socket/round2_normal/socket_r2.pcapng,R2,286,2860.362610578537,0.00048781795141234803,0.0005841322497531744,0.0004585006452946726,0.0008100664329866028,0.997659482720553,Socket
/home/lmy/iot-device-classification/dataset/socket/round2_normal/socket_r2.pcapng,R2,287,2870.598757982254,0.000487882354174614,0.0005841396610739391,0.0004586025357586903,0.0008100736787637811,0.9976593017702289,Socket
/home/lmy/iot-device-classification/dataset/socket/round2_normal/socket_r2.pcapng,R2,288,2880.389558315277,0.000487632228093214,0.0005839482118821482,0.00045838386526301015,0.0008099116595056977,0.9976601240352561,Socket
/home/lmy/iot-device-classification/dataset/socket/round2_normal/socket_r2.pcapng,R2,289,2890.1905257701874,0.0004880337235715306,0.0005842883939849424,0.0004587065187901036,0.0008102224553119177,0.9976587489083416,Socket
/home/lmy/iot-device-classification/dataset/socket/round2_normal/socket_r2.pcapng,R2,290,2900.029383420944,0.0004877015967779472,0.000583972694144932,0.00045845086975012365,0.0008098351395878363,0.9976600396997392,Socket
/home/lmy/iot-device-classification/dataset/socket/round2_normal/socket_r2.pcapng,R2,291,2910.011787176132,0.0004882085106369053,0.0005845046280963323,0.0004588086978635032,0.000810556571530877,0.9976579215918725,Socket
/home/lmy/iot-device-classification/dataset/socket/round2_normal/socket_r2.pcapng,R2,292,2920.026564359665,0.00048785729986656324,0.0005841148126544369,0.00045858347360396245,0.000810052316189831,0.9976593920976852,Socket
/home/lmy/iot-device-classification/dataset/socket/round2_normal/socket_r2.pcapng,R2,293,2930.578349351883,0.0004901936691255035,0.0005897586890840566,0.00045865916918713743,0.0008251955612145181,0.9976361929113887,Socket
/home/lmy/iot-device-classification/dataset/socket/round2_normal/socket_r2.pcapng,R2,294,2940.345916748047,0.0004882757446262087,0.000584547967382186,0.0004588496205062983,0.0008104733982261319,0.997657853269259,Socket
/home/lmy/iot-device-classification/dataset/socket/round2_normal/socket_r2.pcapng,R2,295,2950.101926326752,0.00048788670250547034,0.0005841501779493101,0.0004585854628158333,0.0008100470427494301,0.9976593306139798,Socket
/home/lmy/iot-device-classification/dataset/socket/round2_normal/socket_r2.pcapng,R2,296,2960.4530730247498,0.0004887154529162434,0.0005849380329122694,0.0004592276824794905,0.0008109562053305515,0.9976561626263615,Socket
/home/lmy/iot-device-classification/dataset/socket/round2_normal/socket_r2.pcapng,R2,297,2970.808519363404,0.00048773398090695295,0.0005840404709103925,0.0004584408326406251,0.0008099141871235702,0.9976598705284184,Socket
/home/lmy/iot-device-classification/dataset/socket/round2_normal/socket_r2.pcapng,R2,298,2980.0316462516785,0.000487589489851857,0.0005838958618276741,0.0004583277420299973,0.0008097075771787189,0.9976604793291118,Socket
/home/lmy/iot-device-classification/dataset/socket/round2_normal/socket_r2.pcapng,R2,299,2990.3673231601715,0.0004877673669077833,0.0005840441584457024,0.00045849669840291723,0.0008099364613707305,0.9976597553148728,Socket
/home/lmy/iot-device-classification/dataset/socket/round2_normal/socket_r2.pcapng,R2,300,3001.3085639476776,0.0004884797556977084,0.0005847239014346667,0.000459001502436264,0.0008106313306730476,0.9976571635097582,Socket
/home/lmy/iot-device-classification/dataset/socket/round2_normal/socket_r2.pcapng,R2,301,3010.101311445236,0.0004881012632703608,0.0005843633812005174,0.000458732201723267,0.0008102630479692653,0.9976585401058365,Socket
/home/lmy/iot-device-classification/dataset/socket/round2_normal/socket_r2.pcapng,R2,302,3020.4513211250305,0.00048751651115187073,0.000583809662668281,0.00045831899285153567,0.0008097378962803046,0.9976606169370479,Socket
/home/lmy/iot-device-classification/dataset/socket/round2_normal/socket_r2.pcapng,R2,303,3030.7292091846466,0.0004882079223625425,0.000584454523326525,0.0004588389729513409,0.0008104307100223313,0.9976580678713373,Socket
/home/lmy/iot-device-classification/dataset/socket/round2_normal/socket_r2.pcapng,R2,304,3040.012657403946,0.00048810905324738884,0.0005843617694006392,0.00045878775470377636,0.0008104233899416243,0.9976583180327067,Socket
/home/lmy/iot-device-classification/dataset/socket/round2_normal/socket_r2.pcapng,R2,305,3051.030799150467,0.000487606205268343,0.000583900060787307,0.00045835054886498547,0.0008097154588993057,0.9976604277261801,Socket
/home/lmy/iot-device-classification/dataset/socket/round2_normal/socket_r2.pcapng,R2,306,3061.3078203201294,0.0005088261048942968,0.0005898159543752056,0.0004655438474276039,0.0008311755094955124,0.9976046385838073,Socket
/home/lmy/iot-device-classification/dataset/socket/round2_normal/socket_r2.pcapng,R2,307,3070.0028619766235,0.0004883752824308291,0.0005846311027688681,0.0004589506400769549,0.0008106643702697243,0.9976573786044537,Socket
/home/lmy/iot-device-classification/dataset/socket/round2_normal/socket_r2.pcapng,R2,308,3080.0214986801147,0.000487878752302574,0.0005841202081236498,0.00045862047398965105,0.0008101045170772293,0.9976592760485069,Socket
/home/lmy/iot-device-classification/dataset/socket/round2_normal/socket_r2.pcapng,R2,309,3090.036992549896,0.000488404313444897,0.0005846959443904059,0.00045893918768762803,0.0008107629007879121,0.9976571976536891,Socket
/home/lmy/iot-device-classification/dataset/socket/round2_normal/socket_r2.pcapng,R2,310,3100.0231153965,0.0004883371203172972,0.0005846205672195787,0.0004588869165423224,0.0008106129032417979,0.997657542492679,Socket
/home/lmy/iot-device-classification/dataset/socket/round2_normal/socket_r2.pcapng,R2,311,3110.016274213791,0.0004899277009189501,0.0005894606718077493,0.0004585329769507582,0.000824979136396295,0.9976370995139262,Socket
/home/lmy/iot-device-classification/dataset/socket/round2_normal/socket_r2.pcapng,R2,312,3120.0246818065643,0.0004882066448715663,0.0005844197494768335,0.0004589075726624946,0.0008105803776905503,0.9976578856552986,Socket
/home/lmy/iot-device-classification/dataset/socket/round2_normal/socket_r2.pcapng,R2,313,3130.0305166244507,0.0004885006334565293,0.0005848409926962743,0.00045896185070625145,0.0008108538091240073,0.9976568427140169,Socket
/home/lmy/iot-device-classification/dataset/socket/round2_normal/socket_r2.pcapng,R2,314,3140.0253899097443,0.0004877910955807672,0.0005840657242041798,0.0004585049851513154,0.0008099008303494245,0.9976597373647144,Socket
/home/lmy/iot-device-classification/dataset/socket/round2_normal/socket_r2.pcapng,R2,315,3150.4257078170776,0.0004878053071921561,0.000584073873093487,0.0004585292955893906,0.0008099911550741176,0.9976596003690509,Socket
/home/lmy/iot-device-classification/dataset/socket/round2_normal/socket_r2.pcapng,R2,316,3160.079304218292,0.0004897905848258439,0.000589400897093583,0.00045833979554361427,0.0008248040126985025,0.9976376647098385,Socket
/home/lmy/iot-device-classification/dataset/socket/round2_normal/socket_r2.pcapng,R2,317,3170.280893087387,0.00048765877276597884,0.0005839313404035661,0.0004584175874964305,0.000809772419371289,0.9976602198799628,Socket
/home/lmy/iot-device-classification/dataset/socket/round2_normal/socket_r2.pcapng,R2,318,3180.371227741241,0.00048779008314377685,0.0005840772133147103,0.0004585026372599338,0.0008099935314019411,0.9976596365348797,Socket
/home/lmy/iot-device-classification/dataset/socket/round2_normal/socket_r2.pcapng,R2,319,3190.052129983902,0.0004877111628228147,0.0005839908366860783,0.00045846271428678654,0.0008098989471137212,0.9976599363390906,Socket
/home/lmy/iot-device-classification/dataset/socket/round2_normal/socket_r2.pcapng,R2,320,3200.428490638733,0.000487649228715781,0.0005839287851494316,0.0004584008451763792,0.0008097414161085417,0.9976602797248498,Socket
/home/lmy/iot-device-classification/dataset/socket/round2_normal/socket_r2.pcapng,R2,321,3210.4942631721497,0.00048765344419546893,0.0005839581020973343,0.00045838745421562164,0.0008098314524235827,0.997660169547068,Socket
/home/lmy/iot-device-classification/dataset/socket/round2_normal/socket_r2.pcapng,R2,322,3220.179527759552,0.0004880948245332082,0.0005843498212254126,0.0004587527531781769,0.0008103104105000038,0.9976584921905631,Socket
/home/lmy/iot-device-classification/dataset/socket/round2_normal/socket_r2.pcapng,R2,323,3230.68310546875,0.0004877865456534341,0.0005840698956831229,0.00045848564585128685,0.000809891951954529,0.9976597659608576,Socket
/home/lmy/iot-device-classification/dataset/socket/round2_normal/socket_r2.pcapng,R2,324,3240.031332015991,0.0004880573632176671,0.0005842963337460466,0.0004587699395156613,0.0008103930490535982,0.9976584833144669,Socket
/home/lmy/iot-device-classification/dataset/socket/round2_normal/socket_r2.pcapng,R2,325,3250.034350156784,0.0004878521117598459,0.0005840959550651397,0.00045861100378166676,0.0008101092926742137,0.997659331636719,Socket
/home/lmy/iot-device-classification/dataset/socket/round2_normal/socket_r2.pcapng,R2,326,3260.83743429184,0.00048766250622792593,0.0005839397233327984,0.00045841915071956216,0.000809779559676691,0.9976601990600429,Socket
/home/lmy/iot-device-classification/dataset/socket/round2_normal/socket_r2.pcapng,R2,327,3271.1088361740112,0.00048770882782948085,0.0005840073321122463,0.0004584323625454006,0.0008098960707645273,0.9976599554067483,Socket
/home/lmy/iot-device-classification/dataset/socket/round2_normal/socket_r2.pcapng,R2,328,3280.082531929016,0.0004887287225908154,0.0005849647792888444,0.00045931942678328886,0.0008112370586375435,0.9976557500126996,Socket
/home/lmy/iot-device-classification/dataset/socket/round2_normal/socket_r2.pcapng,R2,329,3290.548143863678,0.00048764870679137513,0.0005839445580872778,0.0004583793429538453,0.0008097656663428004,0.9976602617258247,Socket
/home/lmy/iot-device-classification/dataset/socket/round2_normal/socket_r2.pcapng,R2,330,3301.1564478874207,0.00048793199219543653,0.0005842106190455101,0.0004586083936965647,0.0008100974959567489,0.9976591514991059,Socket
/home/lmy/iot-device-classification/dataset/socket/round2_normal/socket_r2.pcapng,R2,331,3310.0241453647614,0.0004884015951377361,0.0005846693963506631,0.0004590177096954006,0.000810906522136534,0.9976570047766797,Socket
/home/lmy/iot-device-classification/dataset/socket/round2_normal/socket_r2.pcapng,R2,332,3321.317907810211,0.000487827831306058,0.0005840979717873164,0.0004585487918586826,0.0008099516446494786,0.9976595737603984,Socket
/home/lmy/iot-device-classification/dataset/socket/round2_normal/socket_r2.pcapng,R2,333,3331.4108974933624,0.00048783292003659503,0.0005841048908145681,0.0004585345944060548,0.0008099716943469849,0.9976595559003957,Socket
/home/lmy/iot-device-classification/dataset/socket/round2_normal/socket_r2.pcapng,R2,334,3340.1734533309937,0.0004882894703397177,0.0005845624687988715,0.0004588996478797236,0.0008106753550633691,0.9976575730579182,Socket
/home/lmy/iot-device-classification/dataset/socket/round2_normal/socket_r2.pcapng,R2,335,3351.4706423282623,0.00048781186538464973,0.0005840755238116255,0.00045852488039698635,0.0008099420540782378,0.9976596456763286,Socket
/home/lmy/iot-device-classification/dataset/socket/round2_normal/socket_r2.pcapng,R2,336,3361.562556743622,0.000488102569558627,0.0005843501834285736,0.0004587779850815117,0.000810370979943248,0.997658398281988,Socket
/home/lmy/iot-device-classification/dataset/socket/round2_normal/socket_r2.pcapng,R2,337,3370.007563352585,0.0004880682749794675,0.000584334277820459,0.00045872596826707817,0.0008102975994241106,0.9976585738795088,Socket
/home/lmy/iot-device-classification/dataset/socket/round2_normal/socket_r2.pcapng,R2,338,3380.8027789592743,0.0004879414865680176,0.0005842077906902486,0.0004586124892356468,0.0008100661957009461,0.9976591720378052,Socket
/home/lmy/iot-device-classification/dataset/socket/round2_normal/socket_r2.pcapng,R2,339,3391.81654047966,0.00048777038041143646,0.0005840367988539308,0.00045850156859391034,0.0008099081638170968,0.9976597830883237,Socket
/home/lmy/iot-device-classification/dataset/socket/round2_normal/socket_r2.pcapng,R2,340,3400.0378317832947,0.0004883338705208372,0.0005845821327579684,0.0004589109046112407,0.0008105521766521386,0.9976576209154577,Socket
/home/lmy/iot-device-classification/dataset/socket/round2_normal/socket_r2.pcapng,R2,341,3410.747766017914,0.0005017965396086801,0.0005958116132051521,0.0004679282755593562,0.000831075940314722,0.9976033876313121,Socket
/home/lmy/iot-device-classification/dataset/socket/round2_normal/socket_r2.pcapng,R2,342,3420.432885169983,0.0004908099232911479,0.0005869818520320598,0.000460652777630845,0.0008128982685071674,0.9976486571785388,Socket
/home/lmy/iot-device-classification/dataset/socket/round2_normal/socket_r2.pcapng,R2,343,3430.087561130524,0.0004883159386974025,0.0005845766693183558,0.00045887987053519583,0.0008105096903327129,0.9976577178311162,Socket
/home/lmy/iot-device-classification/dataset/socket/round2_normal/socket_r2.pcapng,R2,344,3442.128348350525,0.0005079313905728898,0.0005889304060564372,0.0004649830864368118,0.0008302416502773042,0.9976079134666566,Socket
/home/lmy/iot-device-classification/dataset/socket/round2_normal/socket_r2.pcapng,R2,345,3452.22261595726,0.0005269649578151256,0.0005943516092011956,0.00047520118059252663,0.0008264881857037325,0.9975769940666873,Socket
/home/lmy/iot-device-classification/dataset/socket/round2_normal/socket_r2.pcapng,R2,346,3460.137317180633,0.0004878028836240038,0.0005840997151882631,0.00045849980223891323,0.0008099923856949394,0.9976596052132538,Socket
/home/lmy/iot-device-classification/dataset/socket/round2_normal/socket_r2.pcapng,R2,347,3472.280057430268,0.00048765658723296017,0.0005839362079397103,0.0004584090704985402,0.0008097682935410696,0.9976602298407876,Socket
/home/lmy/iot-device-classification/dataset/socket/round2_normal/socket_r2.pcapng,R2,348,3482.476382255554,0.0004877808742685992,0.0005840536391972053,0.00045850086025323364,0.0008099093788617635,0.9976597552474192,Socket
/home/lmy/iot-device-classification/dataset/socket/round2_normal/socket_r2.pcapng,R2,349,3490.086431980133,0.00048819470521642406,0.0005844989483525931,0.00045878618898454317,0.0008105260299594042,0.997657994127487,Socket
/home/lmy/iot-device-classification/dataset/socket/round2_normal/socket_r2.pcapng,R2,350,3502.5333054065704,0.0004877341904496545,0.0005839884156910507,0.00045850507380944125,0.0008099027284424907,0.9976598695916074,Socket
/home/lmy/iot-device-classification/dataset/socket/round2_normal/socket_r2.pcapng,R2,351,3512.627951860428,0.00048764861022841443,0.0005839501556266378,0.0004584024520732525,0.0008097800556651762,0.9976602187264065,Socket
/home/lmy/iot-device-classification/dataset/socket/round2_normal/socket_r2.pcapng,R2,352,3520.043740749359,0.0004883384195698802,0.000584586106187773,0.00045891992723874603,0.0008105528971319088,0.9976576026498717,Socket
/home/lmy/iot-device-classification/dataset/socket/round2_normal/socket_r2.pcapng,R2,353,3532.684900999069,0.0004876641287171737,0.0005839345024906705,0.0004584196048990624,0.0008097839653142664,0.9976601977985788,Socket
/home/lmy/iot-device-classification/dataset/socket/round2_normal/socket_r2.pcapng,R2,354,3542.882012605667,0.0004878227599207709,0.000584090927800987,0.0004585400853721708,0.0008099638472011039,0.9976595823797049,Socket
/home/lmy/iot-device-classification/dataset/socket/round2_normal/socket_r2.pcapng,R2,355,3550.0821249485016,0.0004882603332966093,0.0005845334420815761,0.0004588380439490957,0.0008104994071293721,0.9976578687735435,Socket
/home/lmy/iot-device-classification/dataset/socket/round2_normal/socket_r2.pcapng,R2,356,3560.437700033188,0.0004883187063298996,0.0005845403320629722,0.00045895732636716394,0.0008105792735759538,0.9976576043616641,Socket
/home/lmy/iot-device-classification/dataset/socket/round2_normal/socket_r2.pcapng,R2,357,3570.151825428009,0.00048793316071560366,0.0005841895253342261,0.00045862074800204623,0.0008100610408864913,0.9976591955250617,Socket
/home/lmy/iot-device-classification/dataset/socket/round2_normal/socket_r2.pcapng,R2,358,3580.0314910411835,0.000488304562157089,0.0005845734892297137,0.00045885594884368904,0.000810472370351074,0.9976577936294185,Socket
/home/lmy/iot-device-classification/dataset/socket/round2_normal/socket_r2.pcapng,R2,359,3593.091680765152,0.00048766556528755486,0.0005839434701771923,0.0004584228142141436,0.000809787453511066,0.9976601806968101,Socket
/home/lmy/iot-device-classification/dataset/socket/round2_normal/socket_r2.pcapng,R2,360,3600.423567771912,0.0004877165174053445,0.0005840101674347574,0.00045845698816997916,0.0008098393679087959,0.997659976959081,Socket
/home/lmy/iot-device-classification/dataset/socket/round2_normal/socket_r2.pcapng,R2,361,3610.1548252105713,0.0004880863045402,0.0005843827711066526,0.0004586992030686459,0.0008102968643448668,0.9976585348569397,Socket
/home/lmy/iot-device-classification/dataset/socket/round2_normal/socket_r2.pcapng,R2,362,3620.242998361588,0.0004878781018327554,0.0005841914722513419,0.00045854429200389174,0.000810115839288178,0.9976592702946239,Socket
