source_file,round,window_id,window_start,proba_Camera,proba_Light_T1,proba_Light_XM,proba_Sensor,proba_Socket,true_label
/home/lmy/iot-device-classification/dataset/camera/round7_jitter/camera_r7.pcapng,R7,0,0.0,0.9279383420944214,1.841939774749335e-05,0.07199012488126755,3.9010526961646974e-05,1.4096590348344762e-05,Camera
/home/lmy/iot-device-classification/dataset/camera/round7_jitter/camera_r7.pcapng,R7,1,11.009008407592772,0.3621078431606293,9.659341594669968e-05,0.5773789882659912,0.06027398630976677,0.0001426353701390326,Camera
/home/lmy/iot-device-classification/dataset/camera/round7_jitter/camera_r7.pcapng,R7,2,20.11826753616333,0.9610245227813721,1.3962241609988268e-05,0.03893698379397392,1.3867835150449537e-05,1.0626594303175807e-05,Camera
/home/lmy/iot-device-classification/dataset/camera/round7_jitter/camera_r7.pcapng,R7,3,30.09420919418335,0.9437419772148132,0.0002056638477370143,0.054747726768255234,0.0012637064792215824,4.098436693311669e-05,Camera
/home/lmy/iot-device-classification/dataset/camera/round7_jitter/camera_r7.pcapng,R7,4,40.26572918891907,0.9982699155807495,1.3161807146389037e-05,0.0006809267797507346,0.0010215635411441326,1.444971167074982e-05,Camera
/home/lmy/iot-device-classification/dataset/camera/round7_jitter/camera_r7.pcapng,R7,5,50.98955798149109,0.9873301982879639,1.0135426236956846e-05,0.012632673606276512,1.8043141608359292e-05,8.968997462943662e-06,Camera
/home/lmy/iot-device-classification/dataset/camera/round7_jitter/camera_r7.pcapng,R7,6,60.57143139839173,0.9299978017807007,1.6459074686281383e-05,0.06982770562171936,0.00014061991532798856,1.7414216927136295e-05,Camera
/home/lmy/iot-device-classification/dataset/camera/round7_jitter/camera_r7.pcapng,R7,7,71.069908618927,0.9976521134376526,1.2092761608073488e-05,0.0004777653666678816,0.0018434918019920588,1.4603329873352777e-05,Camera
/home/lmy/iot-device-classification/dataset/camera/round7_jitter/camera_r7.pcapng,R7,8,81.08007788658142,0.9840258955955505,2.0969668184989132e-05,0.01574098877608776,0.00019485624216031283,1.726752998365555e-05,Camera
/home/lmy/iot-device-classification/dataset/camera/round7_jitter/camera_r7.pcapng,R7,9,91.08966708183289,0.0016948528354987502,0.00028045958606526256,0.9967066645622253,0.001185559667646885,0.00013254354416858405,Camera
/home/lmy/iot-device-classification/dataset/camera/round7_jitter/camera_r7.pcapng,R7,10,100.19098043441772,0.998327910900116,1.0393889169790782e-05,0.000422193028498441,0.001225596177391708,1.3931194189353846e-05,Camera
/home/lmy/iot-device-classification/dataset/camera/round7_jitter/camera_r7.pcapng,R7,11,111.10914850234984,0.987356424331665,1.469731068937108e-05,0.012580559588968754,3.561177072697319e-05,1.2680317922786344e-05,Camera
/home/lmy/iot-device-classification/dataset/camera/round7_jitter/camera_r7.pcapng,R7,12,121.11923742294312,0.9948433637619019,8.215127309085801e-05,0.0036915091332048178,0.001327748061157763,5.5192853324115276e-05,Camera
/home/lmy/iot-device-classification/dataset/camera/round7_jitter/camera_r7.pcapng,R7,13,131.12932181358337,0.4886644184589386,0.00014712908887304366,0.5103310346603394,0.0007764038746245205,8.101115236058831e-05,Camera
/home/lmy/iot-device-classification/dataset/camera/round7_jitter/camera_r7.pcapng,R7,14,141.13917589187622,0.9781889319419861,1.3494763152266387e-05,0.021765271201729774,2.1351786926970817e-05,1.0920276508841198e-05,Camera
/home/lmy/iot-device-classification/dataset/camera/round7_jitter/camera_r7.pcapng,R7,15,150.47247743606567,0.8080679774284363,6.142170605016872e-05,0.19175399839878082,7.365700002992526e-05,4.290118522476405e-05,Camera
/home/lmy/iot-device-classification/dataset/camera/round7_jitter/camera_r7.pcapng,R7,16,161.1579966545105,0.23097346723079681,0.00011345326493028551,0.7119170427322388,0.05685914680361748,0.00013686707825399935,Camera
/home/lmy/iot-device-classification/dataset/camera/round7_jitter/camera_r7.pcapng,R7,17,170.58871269226074,0.9914491772651672,1.2186887033749372e-05,0.00829988531768322,0.0002301932399859652,8.545695891370997e-06,Camera
/home/lmy/iot-device-classification/dataset/camera/round7_jitter/camera_r7.pcapng,R7,18,181.0928111076355,0.24400335550308228,0.0006743911653757095,0.7525612711906433,0.0022493493743240833,0.0005116281099617481,Camera
/home/lmy/iot-device-classification/dataset/camera/round7_jitter/camera_r7.pcapng,R7,19,190.069669008255,0.9961876273155212,2.402889367658645e-05,0.000783068360760808,0.0029861368238925934,1.9135612092213705e-05,Camera
/home/lmy/iot-device-classification/dataset/camera/round7_jitter/camera_r7.pcapng,R7,20,201.198082447052,0.9991937279701233,9.225774192600511e-06,0.0007677832618355751,1.9477596651995555e-05,9.738821972860023e-06,Camera
/home/lmy/iot-device-classification/dataset/camera/round7_jitter/camera_r7.pcapng,R7,21,211.20864915847775,0.9509626626968384,2.416259485471528e-05,0.048943743109703064,5.056717054685578e-05,1.8818511307472363e-05,Camera
/home/lmy/iot-device-classification/dataset/camera/round7_jitter/camera_r7.pcapng,R7,22,221.2175896167755,0.9984607696533203,1.18574589578202e-05,0.0001642811403144151,0.001351678278297186,1.1483747584861703e-05,Camera
/home/lmy/iot-device-classification/dataset/camera/round7_jitter/camera_r7.pcapng,R7,23,231.22785544395447,0.9992932081222534,3.682713577290997e-05,0.0003564732614904642,0.000295259669655934,1.8175272998632863e-05,Camera
/home/lmy/iot-device-classification/dataset/camera/round7_jitter/camera_r7.pcapng,R7,24,241.2377073764801,0.9993360638618469,1.0372128599556163e-05,0.0005313632427714765,0.00010859520261874422,1.3556591511587612e-05,Camera
/home/lmy/iot-device-classification/dataset/camera/round7_jitter/camera_r7.pcapng,R7,25,251.24731612205505,0.9408084154129028,1.3851602489012294e-05,0.058272067457437515,0.0008897252846509218,1.5921445083222352e-05,Camera
/home/lmy/iot-device-classification/dataset/camera/round7_jitter/camera_r7.pcapng,R7,26,261.067622423172,0.9647801518440247,1.89983329619281e-05,0.035170361399650574,1.5718389477115124e-05,1.4729324902873486e-05,Camera
/home/lmy/iot-device-classification/dataset/camera/round7_jitter/camera_r7.pcapng,R7,27,271.27020382881165,0.9976224303245544,0.0001265413739020005,0.00064025295432657,0.001531653106212616,7.908054976724088e-05,Camera
/home/lmy/iot-device-classification/dataset/camera/round7_jitter/camera_r7.pcapng,R7,28,281.2774746417999,0.8003331422805786,9.477516141487285e-05,0.198699489235878,0.0008008728618733585,7.165571878431365e-05,Camera
/home/lmy/iot-device-classification/dataset/camera/round7_jitter/camera_r7.pcapng,R7,29,291.28866720199585,0.9851380586624146,2.0765792214660905e-05,0.014806834980845451,2.3848297132644802e-05,1.048865306074731e-05,Camera
/home/lmy/iot-device-classification/dataset/camera/round7_jitter/camera_r7.pcapng,R7,30,301.2970533370972,0.9993816614151001,1.3671858141606208e-05,0.0005505441222339869,4.3585281673585996e-05,1.0548402315180283e-05,Camera
/home/lmy/iot-device-classification/dataset/camera/round7_jitter/camera_r7.pcapng,R7,31,311.3194162845612,0.9591590166091919,1.7840795408119448e-05,0.04034661874175072,0.0004632210766430944,1.334901935479138e-05,Camera
/home/lmy/iot-device-classification/dataset/camera/round7_jitter/camera_r7.pcapng,R7,32,321.31654381752014,0.9608144760131836,4.07563493354246e-06,0.039139971137046814,3.158244726364501e-05,9.841863175097387e-06,Camera
/home/lmy/iot-device-classification/dataset/camera/round7_jitter/camera_r7.pcapng,R7,33,330.0077295303345,0.9585647583007812,7.016313611529768e-05,0.04126492887735367,6.976526492508128e-05,3.044028017029632e-05,Camera
/home/lmy/iot-device-classification/dataset/camera/round7_jitter/camera_r7.pcapng,R7,34,341.3374683856964,0.9921169877052307,8.827301644487306e-05,0.002324280794709921,0.0054269167594611645,4.356864883447997e-05,Camera
/home/lmy/iot-device-classification/dataset/camera/round7_jitter/camera_r7.pcapng,R7,35,350.50458455085754,0.9913594126701355,8.28283646114869e-06,0.008610541000962257,1.3688960279978346e-05,7.987350727489684e-06,Camera
/home/lmy/iot-device-classification/dataset/camera/round7_jitter/camera_r7.pcapng,R7,36,360.0150558948517,0.9725260734558105,3.71460264432244e-05,0.027353206649422646,5.46616647625342e-05,2.893876444431953e-05,Camera
/home/lmy/iot-device-classification/dataset/camera/round7_jitter/camera_r7.pcapng,R7,37,371.304972410202,0.832369327545166,3.7454541597981006e-05,0.16707612574100494,0.0004905906971544027,2.647634937602561e-05,Camera
/home/lmy/iot-device-classification/dataset/camera/round7_jitter/camera_r7.pcapng,R7,38,381.3780975341797,0.9659419655799866,1.103406884794822e-05,0.034021224826574326,1.44479054142721e-05,1.1347452527843416e-05,Camera
/home/lmy/iot-device-classification/dataset/camera/round7_jitter/camera_r7.pcapng,R7,39,391.3878924846649,0.8915506601333618,0.010220113210380077,0.09362882375717163,0.004139161668717861,0.0004612729244399816,Camera
/home/lmy/iot-device-classification/dataset/camera/round7_jitter/camera_r7.pcapng,R7,40,401.3983016014099,0.9991292357444763,8.947115929913707e-06,0.0002908642345573753,0.0005598967545665801,1.1080861440859735e-05,Camera
/home/lmy/iot-device-classification/dataset/camera/round7_jitter/camera_r7.pcapng,R7,41,411.4078018665314,0.9491130709648132,8.317117317346856e-05,0.050363071262836456,0.00039544980973005295,4.5194290578365326e-05,Camera
/home/lmy/iot-device-classification/dataset/camera/round7_jitter/camera_r7.pcapng,R7,42,420.32824754714966,0.9998652935028076,2.0074727217433974e-05,7.49288810766302e-05,2.906351255660411e-05,1.0631776603986509e-05,Camera
/home/lmy/iot-device-classification/dataset/camera/round7_jitter/camera_r7.pcapng,R7,43,431.4278917312622,0.07397466152906418,0.0004140778910368681,0.3119802474975586,0.6132636070251465,0.000367373984772712,Camera
/home/lmy/iot-device-classification/dataset/camera/round7_jitter/camera_r7.pcapng,R7,44,440.67398381233215,0.9721179604530334,1.2212960427859798e-05,0.02785436064004898,7.607392944919411e-06,7.889492735557724e-06,Camera
/home/lmy/iot-device-classification/dataset/camera/round7_jitter/camera_r7.pcapng,R7,45,451.4486420154572,0.02410927042365074,0.003565414808690548,0.11635745316743851,0.8541748523712158,0.0017929953755810857,Camera
/home/lmy/iot-device-classification/dataset/camera/round7_jitter/camera_r7.pcapng,R7,46,460.7461619377136,0.9418497085571289,1.761788735166192e-05,0.05716869235038757,0.0009469797369092703,1.6994254110613838e-05,Camera
/home/lmy/iot-device-classification/dataset/camera/round7_jitter/camera_r7.pcapng,R7,47,471.1458659172058,0.9884964227676392,2.3487444195779972e-05,0.010987861081957817,0.00047747205826453865,1.4752034076082055e-05,Camera
/home/lmy/iot-device-classification/dataset/camera/round7_jitter/camera_r7.pcapng,R7,48,480.7394440174103,0.9743208289146423,8.693314157426357e-06,0.02565126121044159,9.901006706058979e-06,9.372716704092454e-06,Camera
/home/lmy/iot-device-classification/dataset/camera/round7_jitter/camera_r7.pcapng,R7,49,491.1588850021362,0.9588921666145325,2.184564436902292e-05,0.04091396555304527,0.00015849022020120174,1.3578337529907003e-05,Camera
/home/lmy/iot-device-classification/dataset/camera/round7_jitter/camera_r7.pcapng,R7,50,501.50024366378784,0.9596323370933533,1.2072714525857009e-05,0.04032939672470093,1.4296425433713011e-05,1.1849136171804275e-05,Camera
/home/lmy/iot-device-classification/dataset/camera/round7_jitter/camera_r7.pcapng,R7,51,511.5089838504791,0.9779624938964844,1.8856191672966816e-05,0.021981969475746155,2.443684388708789e-05,1.223870822286699e-05,Camera
/home/lmy/iot-device-classification/dataset/camera/round7_jitter/camera_r7.pcapng,R7,52,521.5216517448425,0.1158507689833641,0.00015494237595703453,0.001106842770241201,0.8827584981918335,0.00012889264326076955,Camera
/home/lmy/iot-device-classification/dataset/camera/round7_jitter/camera_r7.pcapng,R7,53,531.2755811214447,0.9993909597396851,6.10643983236514e-05,0.0003811368951573968,0.00012960549793206155,3.727818329934962e-05,Camera
/home/lmy/iot-device-classification/dataset/camera/round7_jitter/camera_r7.pcapng,R7,54,541.1998496055603,0.9742669463157654,9.39542951527983e-06,0.025645935907959938,6.782125274185091e-05,9.853108167590108e-06,Camera
/home/lmy/iot-device-classification/dataset/camera/round7_jitter/camera_r7.pcapng,R7,55,551.549480676651,0.9873647093772888,1.9225217329221778e-05,0.011712012812495232,0.0008821240626275539,2.1896647012908943e-05,Camera
/home/lmy/iot-device-classification/dataset/camera/round7_jitter/camera_r7.pcapng,R7,56,561.5635812282562,0.9995380640029907,8.271265869552735e-06,0.0003236242919228971,0.00012144837819505483,8.62640081322752e-06,Camera
/home/lmy/iot-device-classification/dataset/camera/round7_jitter/camera_r7.pcapng,R7,57,571.5708816051483,0.9674009084701538,1.9700326447491534e-05,0.03232427313923836,0.0002323672379134223,2.2720741981174797e-05,Camera
/home/lmy/iot-device-classification/dataset/camera/round7_jitter/camera_r7.pcapng,R7,58,581.5811784267426,0.7290239930152893,0.0003713887999765575,0.004400255624204874,0.2659841477870941,0.0002202173345722258,Camera
/home/lmy/iot-device-classification/dataset/camera/round7_jitter/camera_r7.pcapng,R7,59,590.6410768032074,0.9593557715415955,2.2580536096938886e-05,0.04058795049786568,2.1867967006983235e-05,1.1855666343763005e-05,Camera
/home/lmy/iot-device-classification/dataset/camera/round7_jitter/camera_r7.pcapng,R7,60,601.5503950119019,0.9997732043266296,4.883099336439045e-06,0.00020153046352788806,1.3648782442032825e-05,6.733736427122494e-06,Camera
/home/lmy/iot-device-classification/dataset/camera/round7_jitter/camera_r7.pcapng,R7,61,611.609521150589,0.9968841671943665,2.6384586817584932e-05,0.0016128028510138392,0.0014533904613927007,2.3195309040602297e-05,Camera
/home/lmy/iot-device-classification/dataset/camera/round7_jitter/camera_r7.pcapng,R7,62,621.6202189922333,0.9706765413284302,2.6429932404425927e-05,0.027708888053894043,0.0015438476111739874,4.429448745213449e-05,Camera
/home/lmy/iot-device-classification/dataset/camera/round7_jitter/camera_r7.pcapng,R7,63,630.920211315155,0.9995303153991699,1.625608820177149e-05,0.00041956306085921824,2.480623334122356e-05,9.087586477107834e-06,Camera
/home/lmy/iot-device-classification/dataset/camera/round7_jitter/camera_r7.pcapng,R7,64,641.6409139633179,0.09025972336530685,0.000368793640518561,0.4301476776599884,0.47883692383766174,0.000386868545319885,Camera
/home/lmy/iot-device-classification/dataset/camera/round7_jitter/camera_r7.pcapng,R7,65,651.6493554115295,0.9869760870933533,1.2899574358016253e-05,0.012996415607631207,7.3518763201718684e-06,7.2135362643166445e-06,Camera
/home/lmy/iot-device-classification/dataset/camera/round7_jitter/camera_r7.pcapng,R7,66,660.0094051361084,0.9996583461761475,1.2442008483048994e-05,0.0003068239020649344,1.4373945305123925e-05,7.97182019596221e-06,Camera
/home/lmy/iot-device-classification/dataset/camera/round7_jitter/camera_r7.pcapng,R7,67,671.6695892810822,0.6084635257720947,0.0001800949830794707,0.32184773683547974,0.06923208385705948,0.00027651310665532947,Camera
/home/lmy/iot-device-classification/dataset/camera/round7_jitter/camera_r7.pcapng,R7,68,681.739262342453,0.9716036319732666,1.6982752640615217e-05,0.02835071086883545,1.4694977835461032e-05,1.3994418623042293e-05,Camera
/home/lmy/iot-device-classification/dataset/camera/round7_jitter/camera_r7.pcapng,R7,69,690.0141086578369,0.9113267660140991,0.0001922900992212817,0.08187342435121536,0.006554269231855869,5.320255513652228e-05,Camera
/home/lmy/iot-device-classification/dataset/camera/round7_jitter/camera_r7.pcapng,R7,70,700.8441698551178,0.9603065252304077,2.9095406716805883e-05,0.03762832283973694,0.00200985511764884,2.6201416403637268e-05,Camera
/home/lmy/iot-device-classification/dataset/camera/round7_jitter/camera_r7.pcapng,R7,71,710.3463034629822,0.955094039440155,3.0658509786007926e-05,0.044827237725257874,3.11717958538793e-05,1.6856221918715164e-05,Camera
/home/lmy/iot-device-classification/dataset/camera/round7_jitter/camera_r7.pcapng,R7,72,720.3784055709839,0.9723246097564697,3.2153424399439245e-05,0.027621731162071228,1.0539058166614268e-05,1.0945161193376407e-05,Camera
/home/lmy/iot-device-classification/dataset/camera/round7_jitter/camera_r7.pcapng,R7,73,730.1078441143036,0.9745182394981384,0.0001265256869373843,0.00176368304528296,0.023519832640886307,7.17118673492223e-05,Camera
/home/lmy/iot-device-classification/dataset/camera/round7_jitter/camera_r7.pcapng,R7,74,741.5471136569977,0.9298761487007141,2.1046034817118198e-05,0.0700787827372551,1.1331428140692879e-05,1.268860069103539e-05,Camera
/home/lmy/iot-device-classification/dataset/camera/round7_jitter/camera_r7.pcapng,R7,75,750.2881100177765,0.9796241521835327,7.629879837622866e-05,0.0006487952778115869,0.019601570442318916,4.922050720779225e-05,Camera
/home/lmy/iot-device-classification/dataset/camera/round7_jitter/camera_r7.pcapng,R7,76,760.6734886169434,0.9969929456710815,1.0847151315829251e-05,0.0028464917559176683,0.0001400785695295781,9.576668162480928e-06,Camera
/home/lmy/iot-device-classification/dataset/camera/round7_jitter/camera_r7.pcapng,R7,77,771.7703428268433,0.9834294319152832,4.549619188765064e-05,0.013753226026892662,0.002742148470133543,2.9652124794665724e-05,Camera
/home/lmy/iot-device-classification/dataset/camera/round7_jitter/camera_r7.pcapng,R7,78,780.7882759571075,0.9891449809074402,2.393582144577522e-05,0.010338692925870419,0.0004767539503518492,1.568223160575144e-05,Camera
/home/lmy/iot-device-classification/dataset/camera/round7_jitter/camera_r7.pcapng,R7,79,790.8388602733612,0.9221240878105164,6.162995850900188e-05,0.07454055547714233,0.0032260639127343893,4.7713769163237885e-05,Camera
/home/lmy/iot-device-classification/dataset/camera/round7_jitter/camera_r7.pcapng,R7,80,801.8002903461456,0.9986388087272644,2.7376456273486838e-05,0.0010804204503074288,0.0002333636803086847,2.005438545893412e-05,Camera
/home/lmy/iot-device-classification/dataset/camera/round7_jitter/camera_r7.pcapng,R7,81,810.2499146461487,0.9820621609687805,1.0856609151232988e-05,0.017911169677972794,8.303358299599495e-06,7.536386874562595e-06,Camera
/home/lmy/iot-device-classification/dataset/camera/round7_jitter/camera_r7.pcapng,R7,82,820.5861902236938,0.9223200678825378,1.8374448700342327e-05,0.07689739763736725,0.0007440171902999282,2.018461782427039e-05,Camera
/home/lmy/iot-device-classification/dataset/camera/round7_jitter/camera_r7.pcapng,R7,83,831.8324494361877,0.9673070907592773,1.4807659681537189e-05,0.0326572023332119,1.219353453052463e-05,8.747107131057419e-06,Camera
/home/lmy/iot-device-classification/dataset/camera/round7_jitter/camera_r7.pcapng,R7,84,840.2105715274811,0.9994202852249146,8.15116163721541e-06,0.0004760812735185027,8.604783215560019e-05,9.46762247622246e-06,Camera
/home/lmy/iot-device-classification/dataset/camera/round7_jitter/camera_r7.pcapng,R7,85,850.0007123947144,0.5518283843994141,0.0001605761208338663,0.4359498620033264,0.011843269690871239,0.00021788736921735108,Camera
/home/lmy/iot-device-classification/dataset/camera/round7_jitter/camera_r7.pcapng,R7,86,860.1646475791931,0.9627693295478821,8.47192422952503e-05,0.037018708884716034,9.040223085321486e-05,3.689663208206184e-05,Camera
/home/lmy/iot-device-classification/dataset/camera/round7_jitter/camera_r7.pcapng,R7,87,870.6313512325287,0.9763904809951782,0.0002844922128133476,0.022063182666897774,0.0011878341902047396,7.406270015053451e-05,Camera
/home/lmy/iot-device-classification/dataset/camera/round7_jitter/camera_r7.pcapng,R7,88,881.4346342086792,0.9802243709564209,2.238279012090061e-05,0.01950320415198803,0.00023485692508984357,1.5225746210489888e-05,Camera
/home/lmy/iot-device-classification/dataset/camera/round7_jitter/camera_r7.pcapng,R7,89,891.8908348083496,0.9997454285621643,1.4101982742431574e-05,0.0001965611008927226,3.079075395362452e-05,1.3069694432488177e-05,Camera
/home/lmy/iot-device-classification/dataset/camera/round7_jitter/camera_r7.pcapng,R7,90,900.329353094101,0.9842705130577087,2.077815770462621e-05,0.0156894288957119,1.016345322568668e-05,9.143064744421281e-06,Camera
/home/lmy/iot-device-classification/dataset/camera/round7_jitter/camera_r7.pcapng,R7,91,911.9114110469818,0.9982409477233887,2.5269344405387528e-05,0.0003848181222565472,0.001329477527178824,1.9491770217427984e-05,Camera
/home/lmy/iot-device-classification/dataset/camera/round7_jitter/camera_r7.pcapng,R7,92,921.922173500061,0.9314027428627014,2.757383117568679e-05,0.0685383602976799,1.5868090486037545e-05,1.544913357065525e-05,Camera
/home/lmy/iot-device-classification/dataset/camera/round7_jitter/camera_r7.pcapng,R7,93,931.0697455406188,0.99178546667099,1.1815673133241944e-05,0.008162729442119598,3.082471448578872e-05,9.09594109543832e-06,Camera
/home/lmy/iot-device-classification/dataset/camera/round7_jitter/camera_r7.pcapng,R7,94,941.9432706832886,0.4028708338737488,0.0011637075804173946,0.16484878957271576,0.4301277995109558,0.000988891115412116,Camera
/home/lmy/iot-device-classification/dataset/camera/round7_jitter/camera_r7.pcapng,R7,95,951.953411579132,0.965833842754364,9.63377533480525e-05,0.033863771706819534,0.00018961176101583987,1.646316195547115e-05,Camera
/home/lmy/iot-device-classification/dataset/camera/round7_jitter/camera_r7.pcapng,R7,96,960.511913061142,0.9905900955200195,8.018190783332102e-06,0.00906133372336626,0.00033033618819899857,1.0193864000029862e-05,Camera
/home/lmy/iot-device-classification/dataset/camera/round7_jitter/camera_r7.pcapng,R7,97,971.9740598201752,0.9926736950874329,5.121798676555045e-05,0.00035647492040880024,0.0068895514123141766,2.8996812034165487e-05,Camera
/home/lmy/iot-device-classification/dataset/camera/round7_jitter/camera_r7.pcapng,R7,98,981.9836440086364,0.9994692206382751,1.230359612236498e-05,0.00046664950787089765,3.940099122701213e-05,1.2496288945840206e-05,Camera
/home/lmy/iot-device-classification/dataset/camera/round7_jitter/camera_r7.pcapng,R7,99,990.7350912094116,0.0301749799400568,0.00013878682511858642,0.9693735837936401,0.00017108720203395933,0.0001415836886735633,Camera
/home/lmy/iot-device-classification/dataset/camera/round7_jitter/camera_r7.pcapng,R7,100,1001.5500226020812,0.9583157300949097,1.5518509826506488e-05,0.04077859967947006,0.0008705161744728684,1.9645169231807813e-05,Camera
/home/lmy/iot-device-classification/dataset/camera/round7_jitter/camera_r7.pcapng,R7,101,1012.017396211624,0.9998038411140442,6.686651431664359e-06,0.00015215670282486826,3.095056672464125e-05,6.357536221912596e-06,Camera
/home/lmy/iot-device-classification/dataset/camera/round7_jitter/camera_r7.pcapng,R7,102,1020.2559595108032,0.9997547268867493,1.2897938177047763e-05,6.972998380661011e-05,0.0001546726271044463,8.011583304323722e-06,Camera
/home/lmy/iot-device-classification/dataset/camera/round7_jitter/camera_r7.pcapng,R7,103,1031.3339943885803,0.06709110736846924,0.0005665910430252552,0.8823834657669067,0.04943262040615082,0.0005262225167825818,Camera
/home/lmy/iot-device-classification/dataset/camera/round7_jitter/camera_r7.pcapng,R7,104,1042.0467219352722,0.9997580647468567,1.2201411664136685e-05,0.00019899937615264207,2.04108509933576e-05,1.035494733514497e-05,Camera
/home/lmy/iot-device-classification/dataset/camera/round7_jitter/camera_r7.pcapng,R7,105,1050.3388748168943,0.9237424731254578,3.4095224691554904e-05,0.07613329589366913,5.753160803578794e-05,3.263737744418904e-05,Camera
/home/lmy/iot-device-classification/dataset/camera/round7_jitter/camera_r7.pcapng,R7,106,1062.0670053958893,0.8537045121192932,0.0007033168221823871,0.03829776123166084,0.10675185173749924,0.0005425843992270529,Camera
/home/lmy/iot-device-classification/dataset/camera/round7_jitter/camera_r7.pcapng,R7,107,1072.076501607895,0.9803624749183655,1.0139021469512954e-05,0.01960599608719349,1.3289720300235786e-05,8.05983927421039e-06,Camera
/home/lmy/iot-device-classification/dataset/camera/round7_jitter/camera_r7.pcapng,R7,108,1081.5744071006775,0.9926549196243286,2.596681224531494e-05,0.007262726314365864,3.656079570646398e-05,1.9844670532620512e-05,Camera
/home/lmy/iot-device-classification/dataset/camera/round7_jitter/camera_r7.pcapng,R7,109,1092.097101211548,0.9985219836235046,1.3704879165743478e-05,0.00028255413053557277,0.0011682745534926653,1.3452805433189496e-05,Camera
/home/lmy/iot-device-classification/dataset/camera/round7_jitter/camera_r7.pcapng,R7,110,1102.1077854633331,0.9865777492523193,1.2861649338447023e-05,0.01336907222867012,3.137830208288506e-05,8.944777619035449e-06,Camera
/home/lmy/iot-device-classification/dataset/camera/round7_jitter/camera_r7.pcapng,R7,111,1110.5761620998385,0.9951363205909729,1.0623331945680548e-05,0.00478645134717226,5.212050018599257e-05,1.4511043445963878e-05,Camera
/home/lmy/iot-device-classification/dataset/camera/round7_jitter/camera_r7.pcapng,R7,112,1122.1286532878876,0.9796910881996155,2.0432682504178956e-05,0.01930869184434414,0.0009584158542566001,2.1383637431426905e-05,Camera
/home/lmy/iot-device-classification/dataset/camera/round7_jitter/camera_r7.pcapng,R7,113,1132.1388144493103,0.29398423433303833,0.008804301731288433,0.11930394172668457,0.5758681893348694,0.002039368497207761,Camera
/home/lmy/iot-device-classification/dataset/camera/round7_jitter/camera_r7.pcapng,R7,114,1140.006595134735,0.9997711777687073,1.005659214570187e-05,0.00012545680510811508,8.510052430210635e-05,8.257398803834803e-06,Camera
/home/lmy/iot-device-classification/dataset/camera/round7_jitter/camera_r7.pcapng,R7,115,1151.1237795352936,0.9678429961204529,4.7811965487198904e-05,0.02966061607003212,0.002414948306977749,3.365432348800823e-05,Camera
/home/lmy/iot-device-classification/dataset/camera/round7_jitter/camera_r7.pcapng,R7,116,1160.1725389957428,0.9980220794677734,5.381514256441733e-06,5.356320252758451e-05,0.0019114065216854215,7.640821422683075e-06,Camera
/home/lmy/iot-device-classification/dataset/camera/round7_jitter/camera_r7.pcapng,R7,117,1170.2139246463776,0.9755335450172424,1.439463630958926e-05,0.024432335048913956,9.45672218222171e-06,1.0234725777991116e-05,Camera
/home/lmy/iot-device-classification/dataset/camera/round7_jitter/camera_r7.pcapng,R7,118,1182.1894323825836,0.024691561236977577,0.0012984415516257286,0.003497637342661619,0.9703483581542969,0.00016403580957558006,Camera
/home/lmy/iot-device-classification/dataset/camera/round7_jitter/camera_r7.pcapng,R7,119,1190.4082338809967,0.999606192111969,3.4162796509917825e-05,0.0002371264126850292,0.00010223658318864182,2.0292354747653008e-05,Camera
/home/lmy/iot-device-classification/dataset/camera/round7_jitter/camera_r7.pcapng,R7,120,1202.2083194255829,0.9519064426422119,2.595070873212535e-05,0.04802844300866127,1.9436183720245026e-05,1.9730663552763872e-05,Camera
/home/lmy/iot-device-classification/dataset/camera/round7_jitter/camera_r7.pcapng,R7,121,1212.2187876701355,0.000805336341727525,0.0020323891658335924,0.810568630695343,0.18563325703144073,0.0009603486396372318,Camera
/home/lmy/iot-device-classification/dataset/camera/round7_jitter/camera_r7.pcapng,R7,122,1222.229023218155,0.9997596144676208,1.4121064850769471e-05,0.00012731934839393944,8.656315185362473e-05,1.2415923265507445e-05,Camera
/home/lmy/iot-device-classification/dataset/camera/round7_jitter/camera_r7.pcapng,R7,123,1231.2361681461334,0.9726561903953552,2.1651228962582536e-05,0.027255898341536522,5.151013465365395e-05,1.4790363820793573e-05,Camera
/home/lmy/iot-device-classification/dataset/camera/round7_jitter/camera_r7.pcapng,R7,124,1240.7349474430084,0.9954391121864319,2.604123073979281e-05,0.0008225587080232799,0.0036908197216689587,2.1522786482819356e-05,Camera
/home/lmy/iot-device-classification/dataset/camera/round7_jitter/camera_r7.pcapng,R7,125,1252.2594435214996,0.9997881054878235,7.5764301072922535e-06,0.00017607472545932978,2.002999826800078e-05,8.259586138592567e-06,Camera
/home/lmy/iot-device-classification/dataset/camera/round7_jitter/camera_r7.pcapng,R7,126,1262.2695944309237,0.992237389087677,6.244262476684526e-05,0.007195380050688982,0.00040858908323571086,9.617258183425292e-05,Camera
/home/lmy/iot-device-classification/dataset/camera/round7_jitter/camera_r7.pcapng,R7,127,1270.9151895046234,0.9984655380249023,1.2646117284020875e-05,0.0005183258908800781,0.0009901343146339059,1.334472563030431e-05,Camera
/home/lmy/iot-device-classification/dataset/camera/round7_jitter/camera_r7.pcapng,R7,128,1280.2746934890747,0.9968764781951904,4.4012591388309374e-05,0.00027207029052078724,0.00276594958268106,4.146296123508364e-05,Camera
/home/lmy/iot-device-classification/dataset/camera/round7_jitter/camera_r7.pcapng,R7,129,1290.0583899021149,0.9997537732124329,7.509810075134737e-06,0.00020292302360758185,2.619884253363125e-05,9.566003427607939e-06,Camera
/home/lmy/iot-device-classification/dataset/camera/round7_jitter/camera_r7.pcapng,R7,130,1301.0746500492096,0.01912800781428814,2.6923373297904618e-05,0.97808837890625,0.002699237782508135,5.752302968176082e-05,Camera
/home/lmy/iot-device-classification/dataset/camera/round7_jitter/camera_r7.pcapng,R7,131,1310.016773223877,0.9978885054588318,7.689804988331161e-06,0.00014548242324963212,0.0019478071480989456,1.0577052307780832e-05,Camera
/home/lmy/iot-device-classification/dataset/camera/round7_jitter/camera_r7.pcapng,R7,132,1322.3303055763245,0.9871771335601807,9.733307706483174e-06,0.012790918350219727,1.4799304153712e-05,7.392151474050479e-06,Camera
/home/lmy/iot-device-classification/dataset/camera/round7_jitter/camera_r7.pcapng,R7,133,1332.3400938510897,0.9928852915763855,1.758369035087526e-05,0.0001025008677970618,0.006972967181354761,2.1645642846124247e-05,Camera
/home/lmy/iot-device-classification/dataset/camera/round7_jitter/camera_r7.pcapng,R7,134,1340.0439014434814,0.9988600015640259,2.4903123630792834e-05,0.00033844629069790244,0.0007641230477020144,1.2488148058764637e-05,Camera
/home/lmy/iot-device-classification/dataset/camera/round7_jitter/camera_r7.pcapng,R7,135,1351.9068155288696,0.7827566862106323,0.00023335390142165124,0.21657893061637878,0.0002375376207055524,0.0001934411411639303,Camera
/home/lmy/iot-device-classification/dataset/camera/round7_jitter/camera_r7.pcapng,R7,136,1362.1805248260498,0.8347290754318237,0.00010488035331945866,0.006020549684762955,0.15903456509113312,0.00011090213956777006,Camera
/home/lmy/iot-device-classification/dataset/camera/round7_jitter/camera_r7.pcapng,R7,137,1370.0637843608856,0.988815426826477,1.710677497612778e-05,0.011062132194638252,9.502245666226372e-05,1.0331370503990911e-05,Camera
/home/lmy/iot-device-classification/dataset/camera/round7_jitter/camera_r7.pcapng,R7,138,1382.3908607959747,0.9997574687004089,8.384768079849891e-06,0.00020837884221691638,1.907575460791122e-05,6.653163381997729e-06,Camera
/home/lmy/iot-device-classification/dataset/camera/round7_jitter/camera_r7.pcapng,R7,139,1392.4013409614563,0.9855425357818604,2.6093239284818992e-05,0.012570898048579693,0.0018366338917985559,2.3885089831310324e-05,Camera
/home/lmy/iot-device-classification/dataset/camera/round7_jitter/camera_r7.pcapng,R7,140,1400.0917220115662,0.9978508949279785,8.092714779195376e-06,0.00014988187467679381,0.001981740817427635,9.468318239669316e-06,Camera
/home/lmy/iot-device-classification/dataset/camera/round7_jitter/camera_r7.pcapng,R7,141,1412.216546535492,0.9998252987861633,1.0276534339936916e-05,0.00012555251305457205,3.002451740030665e-05,8.882911060936749e-06,Camera
/home/lmy/iot-device-classification/dataset/camera/round7_jitter/camera_r7.pcapng,R7,142,1422.4314386844635,0.3379490077495575,0.00039248159737326205,0.007886598818004131,0.6534501910209656,0.00032173236832022667,Camera
/home/lmy/iot-device-classification/dataset/camera/round7_jitter/camera_r7.pcapng,R7,143,1430.1881229877472,0.9991555213928223,1.7940505131264217e-05,0.00041970465099439025,0.000395141018088907,1.166993570222985e-05,Camera
/home/lmy/iot-device-classification/dataset/camera/round7_jitter/camera_r7.pcapng,R7,144,1442.4518640041351,0.9998897314071655,1.4773133443668485e-05,4.8504927690373734e-05,3.753746932488866e-05,9.47421995078912e-06,Camera
/home/lmy/iot-device-classification/dataset/camera/round7_jitter/camera_r7.pcapng,R7,145,1452.461928606033,0.9931190013885498,1.2470330148062203e-05,0.00017776737513486296,0.006675944197922945,1.4858042050036602e-05,Camera
/home/lmy/iot-device-classification/dataset/camera/round7_jitter/camera_r7.pcapng,R7,146,1460.1555235385897,0.9985170960426331,7.319434371311218e-05,0.0003775070363190025,0.0010039093904197216,2.8336809918982908e-05,Camera
/home/lmy/iot-device-classification/dataset/camera/round7_jitter/camera_r7.pcapng,R7,147,1471.300285100937,0.9999090433120728,7.164324415498413e-06,4.932811498292722e-05,2.638475962157827e-05,8.016618266992737e-06,Camera
/home/lmy/iot-device-classification/dataset/camera/round7_jitter/camera_r7.pcapng,R7,148,1482.4920103549955,0.11412248760461807,0.000323441403452307,0.6977116465568542,0.18721114099025726,0.0006312397308647633,Camera
/home/lmy/iot-device-classification/dataset/camera/round7_jitter/camera_r7.pcapng,R7,149,1490.1846380233765,0.9959815740585327,1.726805930957198e-05,0.002812959486618638,0.0011727015953511,1.5449109923793003e-05,Camera
/home/lmy/iot-device-classification/dataset/camera/round7_jitter/camera_r7.pcapng,R7,150,1502.5133094787598,0.9998034834861755,5.024841357226251e-06,0.000163303324370645,1.9957771655754186e-05,8.252579391410109e-06,Camera
/home/lmy/iot-device-classification/dataset/camera/round7_jitter/camera_r7.pcapng,R7,151,1510.1902599334717,0.9543943405151367,6.766961632820312e-06,0.045009586960077286,0.0005754586891271174,1.3827830116497353e-05,Camera
/home/lmy/iot-device-classification/dataset/camera/round7_jitter/camera_r7.pcapng,R7,152,1520.2147331237793,0.9983792304992676,1.069686004484538e-05,5.286779560265131e-05,0.0015487587079405785,8.466933650197461e-06,Camera
/home/lmy/iot-device-classification/dataset/camera/round7_jitter/camera_r7.pcapng,R7,153,1532.5424268245697,0.9988079071044922,2.4404067517025396e-05,0.0007308141211979091,0.00041492594755254686,2.189789665862918e-05,Camera
/home/lmy/iot-device-classification/dataset/camera/round7_jitter/camera_r7.pcapng,R7,154,1540.9005222320557,0.962399959564209,9.090501407627016e-05,0.003014693269506097,0.034394070506095886,0.00010039685002993792,Camera
/home/lmy/iot-device-classification/dataset/camera/round7_jitter/camera_r7.pcapng,R7,155,1550.2224135398865,0.9722075462341309,6.676752036582911e-06,0.02729412168264389,0.00047718556015752256,1.4549833394994494e-05,Camera
/home/lmy/iot-device-classification/dataset/camera/round7_jitter/camera_r7.pcapng,R7,156,1562.1778228282928,0.999806821346283,7.609896783833392e-06,0.00013963844685349613,3.915000343113206e-05,6.842512448201887e-06,Camera
/home/lmy/iot-device-classification/dataset/camera/round7_jitter/camera_r7.pcapng,R7,157,1572.5826163291931,0.9629461169242859,2.9733342671534047e-05,0.03552515432238579,0.0014638614375144243,3.508064037305303e-05,Camera
/home/lmy/iot-device-classification/dataset/camera/round7_jitter/camera_r7.pcapng,R7,158,1580.2423202991486,0.9868186712265015,1.6850657630129717e-05,0.00019087025430053473,0.01295788586139679,1.568356492498424e-05,Camera
/home/lmy/iot-device-classification/dataset/camera/round7_jitter/camera_r7.pcapng,R7,159,1591.053421497345,0.9998175501823425,5.809559297631495e-06,0.0001465384557377547,2.10521411645459e-05,9.035927178047132e-06,Camera
/home/lmy/iot-device-classification/dataset/camera/round7_jitter/camera_r7.pcapng,R7,160,1602.612744808197,0.9990319013595581,2.0767460227943957e-05,0.000666192383505404,0.0002644159540068358,1.6692885765223764e-05,Camera
/home/lmy/iot-device-classification/dataset/camera/round7_jitter/camera_r7.pcapng,R7,161,1610.0388793945312,0.9967881441116333,1.805854481062852e-05,0.0006028693751432002,0.002569613978266716,2.1368661691667512e-05,Camera
/home/lmy/iot-device-classification/dataset/camera/round7_jitter/camera_r7.pcapng,R7,162,1622.6328852176666,0.995681881904602,2.9154221920180134e-05,0.0001430502306902781,0.004117930307984352,2.7957827114732936e-05,Camera
/home/lmy/iot-device-classification/dataset/camera/round7_jitter/camera_r7.pcapng,R7,163,1631.2807710170746,0.9998106360435486,8.428748515143525e-06,0.00012331879406701773,4.9931466492125764e-05,7.68088375480147e-06,Camera
/home/lmy/iot-device-classification/dataset/camera/round7_jitter/camera_r7.pcapng,R7,164,1640.0304119586945,0.9918174147605896,1.6039743059081957e-05,0.00037619908107444644,0.007765591610223055,2.4777797079877928e-05,Camera
/home/lmy/iot-device-classification/dataset/camera/round7_jitter/camera_r7.pcapng,R7,165,1650.048193216324,0.9900319576263428,4.6116051635181066e-06,0.009824586100876331,0.00013230981130618602,6.508996193588246e-06,Camera
/home/lmy/iot-device-classification/dataset/camera/round7_jitter/camera_r7.pcapng,R7,166,1660.4568498134613,0.9991604089736938,1.5062810234667268e-05,6.996522279223427e-05,0.0007434900617226958,1.1089759937021881e-05,Camera
/home/lmy/iot-device-classification/dataset/camera/round7_jitter/camera_r7.pcapng,R7,167,1670.033472776413,0.9964182376861572,1.629270445846487e-05,0.00019414283451624215,0.003355204127728939,1.6088690244941972e-05,Camera
/home/lmy/iot-device-classification/dataset/camera/round7_jitter/camera_r7.pcapng,R7,168,1682.6931474208832,0.9999071359634399,1.7859938452602364e-05,2.282505010953173e-05,4.007999814348295e-05,1.2041476111335214e-05,Camera
/home/lmy/iot-device-classification/dataset/camera/round7_jitter/camera_r7.pcapng,R7,169,1692.7034759521484,0.9980083107948303,0.0002036627847701311,0.0011988765327259898,0.0005536648677662015,3.5533699701773e-05,Camera
/home/lmy/iot-device-classification/dataset/camera/round7_jitter/camera_r7.pcapng,R7,170,1700.0539500713348,0.9871869087219238,4.2717332689790055e-05,0.000216783068026416,0.012527689337730408,2.5932065909728408e-05,Camera
/home/lmy/iot-device-classification/dataset/camera/round7_jitter/camera_r7.pcapng,R7,171,1711.7946050167084,0.983424723148346,7.493289012927562e-05,0.01616671495139599,0.0002215809654444456,0.0001120428423746489,Camera
/home/lmy/iot-device-classification/dataset/camera/round7_jitter/camera_r7.pcapng,R7,172,1722.733787059784,0.9797929525375366,8.868678378348704e-06,0.020176157355308533,1.5347088265116327e-05,6.6501484070613515e-06,Camera
/home/lmy/iot-device-classification/dataset/camera/round7_jitter/camera_r7.pcapng,R7,173,1730.0751836299896,0.2056407481431961,0.00022771417570766062,0.0025731136556714773,0.791332483291626,0.00022588670253753662,Camera
/home/lmy/iot-device-classification/dataset/camera/round7_jitter/camera_r7.pcapng,R7,174,1740.5481808185575,0.9677793383598328,6.254768777580466e-06,0.03214922919869423,5.620768206426874e-05,8.890107892511878e-06,Camera
/home/lmy/iot-device-classification/dataset/camera/round7_jitter/camera_r7.pcapng,R7,175,1752.7643117904663,0.973233163356781,3.825838211923838e-05,0.026645030826330185,5.059806062490679e-05,3.3009640901582316e-05,Camera
/home/lmy/iot-device-classification/dataset/camera/round7_jitter/camera_r7.pcapng,R7,176,1760.0956563949585,0.998875081539154,3.1998388294596225e-05,6.25608372502029e-05,0.001014688634313643,1.565338607179001e-05,Camera
/home/lmy/iot-device-classification/dataset/camera/round7_jitter/camera_r7.pcapng,R7,177,1771.082735300064,0.9665948748588562,7.584346349176485e-06,0.03337559103965759,1.368002631352283e-05,8.260514732683077e-06,Camera
/home/lmy/iot-device-classification/dataset/camera/round7_jitter/camera_r7.pcapng,R7,178,1780.0221254825592,0.9767012000083923,1.1769746379286516e-05,0.02326207421720028,1.5887953850324266e-05,9.119161404669285e-06,Camera
/home/lmy/iot-device-classification/dataset/camera/round7_jitter/camera_r7.pcapng,R7,179,1790.0357086658478,0.9893121123313904,2.8593061870196834e-05,0.00023643534223083407,0.010390435345470905,3.236957854824141e-05,Camera
/home/lmy/iot-device-classification/dataset/camera/round7_jitter/camera_r7.pcapng,R7,180,1800.051710605621,0.9998773336410522,8.649779374536593e-06,5.2665211114799604e-05,5.403066097642295e-05,7.303669008251745e-06,Camera
/home/lmy/iot-device-classification/dataset/camera/round7_jitter/camera_r7.pcapng,R7,181,1810.027145147324,0.9997504353523254,1.701048677205108e-05,0.00020619026327040046,1.7575865058461204e-05,8.811628504190594e-06,Camera
/home/lmy/iot-device-classification/dataset/camera/round7_jitter/camera_r7.pcapng,R7,182,1820.1131269931795,0.9295902252197266,9.812314965529367e-05,0.0006177231553010643,0.0695953443646431,9.864135063253343e-05,Camera
/home/lmy/iot-device-classification/dataset/camera/round7_jitter/camera_r7.pcapng,R7,183,1830.168332576752,0.999288022518158,2.7920597858610563e-05,0.00056617078371346,0.00010339084110455588,1.4564887351298239e-05,Camera
/home/lmy/iot-device-classification/dataset/camera/round7_jitter/camera_r7.pcapng,R7,184,1842.8551495075224,0.9912089109420776,7.316959090530872e-05,0.0014336317544803023,0.007228208240121603,5.61281485715881e-05,Camera
/home/lmy/iot-device-classification/dataset/camera/round7_jitter/camera_r7.pcapng,R7,185,1850.1368086338043,0.9471940398216248,1.184056145575596e-05,0.05260974541306496,0.00017030720482580364,1.4016925888427068e-05,Camera
/home/lmy/iot-device-classification/dataset/camera/round7_jitter/camera_r7.pcapng,R7,186,1860.5967874526975,0.9996590614318848,1.4347413525683805e-05,0.0002169846702599898,9.542788757244125e-05,1.4180395737639628e-05,Camera
/home/lmy/iot-device-classification/dataset/camera/round7_jitter/camera_r7.pcapng,R7,187,1870.3986282348635,0.9997658133506775,1.0902712347160559e-05,0.00017670162196736783,3.8741818570997566e-05,7.886349521868397e-06,Camera
/home/lmy/iot-device-classification/dataset/camera/round7_jitter/camera_r7.pcapng,R7,188,1880.1383171081543,0.998766303062439,1.087535019905772e-05,0.0003262875834479928,0.0008830003207549453,1.354912092210725e-05,Camera
/home/lmy/iot-device-classification/dataset/camera/round7_jitter/camera_r7.pcapng,R7,189,1892.904205083847,0.9681404829025269,9.345253056380898e-05,0.031480442732572556,0.00019270891789346933,9.291710011893883e-05,Camera
/home/lmy/iot-device-classification/dataset/camera/round7_jitter/camera_r7.pcapng,R7,190,1902.9140827655792,0.9995490908622742,2.8905908038723283e-05,0.00033985459594987333,6.743861740687862e-05,1.4699684470542707e-05,Camera
/home/lmy/iot-device-classification/dataset/camera/round7_jitter/camera_r7.pcapng,R7,191,1910.1446907520292,0.9986425042152405,1.973183680092916e-05,0.0006150008412078023,0.0007054062443785369,1.732144482957665e-05,Camera
/home/lmy/iot-device-classification/dataset/camera/round7_jitter/camera_r7.pcapng,R7,192,1922.934277057648,0.9922657608985901,6.32391675026156e-06,0.007709944155067205,1.2013327250315342e-05,5.971033260721015e-06,Camera
/home/lmy/iot-device-classification/dataset/camera/round7_jitter/camera_r7.pcapng,R7,193,1930.8189764022827,0.9997077584266663,1.8022465155809186e-05,0.0001971732417587191,6.700035009998828e-05,1.0067238690680824e-05,Camera
/home/lmy/iot-device-classification/dataset/camera/round7_jitter/camera_r7.pcapng,R7,194,1940.0150353908537,0.9992952346801758,1.9006733054993674e-05,0.0003562095807865262,0.00031794264214113355,1.159125804406358e-05,Camera
/home/lmy/iot-device-classification/dataset/camera/round7_jitter/camera_r7.pcapng,R7,195,1950.0429830551147,0.974690318107605,1.1268545677012298e-05,0.02484503947198391,0.0004366082139313221,1.672787948336918e-05,Camera
/home/lmy/iot-device-classification/dataset/camera/round7_jitter/camera_r7.pcapng,R7,196,1962.834707975388,0.9992638230323792,4.8466197767993435e-05,0.0005473944474942982,0.0001202054409077391,2.0100762412766926e-05,Camera
/home/lmy/iot-device-classification/dataset/camera/round7_jitter/camera_r7.pcapng,R7,197,1970.2052001953125,0.9987591505050659,3.7456320569617674e-05,8.274162246380001e-05,0.0011020895326510072,1.8538084987085313e-05,Camera
/home/lmy/iot-device-classification/dataset/camera/round7_jitter/camera_r7.pcapng,R7,198,1982.994198322296,0.995306670665741,1.0689475857361685e-05,0.004654263146221638,1.9414172129472718e-05,8.929935574997216e-06,Camera
/home/lmy/iot-device-classification/dataset/camera/round7_jitter/camera_r7.pcapng,R7,199,1991.2091484069824,0.9998332262039185,9.333572052128147e-06,0.00012748583685606718,2.093051625706721e-05,9.046010745805688e-06,Camera
/home/lmy/iot-device-classification/dataset/camera/round7_jitter/camera_r7.pcapng,R7,200,2000.2349171638489,0.9983242154121399,9.556634722684976e-06,0.00046669182484038174,0.0011850983137264848,1.4480889149126597e-05,Camera
/home/lmy/iot-device-classification/dataset/camera/round7_jitter/camera_r7.pcapng,R7,201,2012.436044216156,0.9993926286697388,8.97790687304223e-06,8.462923869956285e-05,0.0005020777462050319,1.1727402124961372e-05,Camera
/home/lmy/iot-device-classification/dataset/camera/round7_jitter/camera_r7.pcapng,R7,202,2023.035284280777,0.9998008608818054,8.3146978795412e-06,0.0001670940691838041,1.6598000001977198e-05,7.188967174442951e-06,Camera
/home/lmy/iot-device-classification/dataset/camera/round7_jitter/camera_r7.pcapng,R7,203,2030.2653260231016,0.9884613752365112,2.8109821869293228e-05,0.0012275887420400977,0.010252515785396099,3.0439156034844927e-05,Camera
/home/lmy/iot-device-classification/dataset/camera/round7_jitter/camera_r7.pcapng,R7,204,2043.0550963878632,0.9984208345413208,3.5779325116891414e-05,0.00032363951322622597,0.001170561765320599,4.9231450248043984e-05,Camera
/home/lmy/iot-device-classification/dataset/camera/round7_jitter/camera_r7.pcapng,R7,205,2051.609967470169,0.9998130202293396,7.413695129798725e-06,0.0001580910466145724,1.4049333913135342e-05,7.465922408300685e-06,Camera
/home/lmy/iot-device-classification/dataset/camera/round7_jitter/camera_r7.pcapng,R7,206,2060.2968015670776,0.9991389513015747,1.5182853530859575e-05,0.0001444887020625174,0.0006857802509330213,1.5591598639730364e-05,Camera
/home/lmy/iot-device-classification/dataset/camera/round7_jitter/camera_r7.pcapng,R7,207,2073.08464884758,0.999757707118988,6.679465968773002e-06,0.00021358815138228238,1.4071807527216151e-05,7.974453183123842e-06,Camera
/home/lmy/iot-device-classification/dataset/camera/round7_jitter/camera_r7.pcapng,R7,208,2083.097278356552,0.9996464252471924,1.41706859722035e-05,0.0002593172248452902,6.903037137817591e-05,1.0999522601196077e-05,Camera
/home/lmy/iot-device-classification/dataset/camera/round7_jitter/camera_r7.pcapng,R7,209,2090.3264141082764,0.9955370426177979,1.4639593246101867e-05,0.0002405206032563001,0.004189870320260525,1.7996500901062973e-05,Camera
/home/lmy/iot-device-classification/dataset/camera/round7_jitter/camera_r7.pcapng,R7,210,2103.115840196609,0.9998235106468201,6.172643679747125e-06,0.0001470067072659731,1.7164704331662506e-05,6.158314135973342e-06,Camera
/home/lmy/iot-device-classification/dataset/camera/round7_jitter/camera_r7.pcapng,R7,211,2110.178197622299,0.9288297295570374,0.0010666073067113757,0.06857942044734955,0.0009982717456296086,0.0005259750178083777,Camera
/home/lmy/iot-device-classification/dataset/camera/round7_jitter/camera_r7.pcapng,R7,212,2120.3575370311737,0.04001574590802193,0.00029040552908554673,0.006527899298816919,0.9530012607574463,0.000164643264724873,Camera
/home/lmy/iot-device-classification/dataset/camera/round7_jitter/camera_r7.pcapng,R7,213,2130.9993200302124,0.958579421043396,2.647397377586458e-05,0.04135618358850479,2.2338184862746857e-05,1.5604027794324793e-05,Camera
/home/lmy/iot-device-classification/dataset/camera/round7_jitter/camera_r7.pcapng,R7,214,2143.1553127765656,0.999789297580719,1.1414525943109766e-05,7.507982081733644e-05,0.00011384341632947326,1.0324356480850838e-05,Camera
/home/lmy/iot-device-classification/dataset/camera/round7_jitter/camera_r7.pcapng,R7,215,2150.386116027832,0.9984676241874695,1.6482266801176593e-05,0.0005492563941515982,0.0009492418030276895,1.7422526070731692e-05,Camera
/home/lmy/iot-device-classification/dataset/camera/round7_jitter/camera_r7.pcapng,R7,216,2163.2876675128937,0.9951497912406921,4.6958073653513566e-05,0.00034636686905287206,0.004416739568114281,4.015257945866324e-05,Camera
/home/lmy/iot-device-classification/dataset/camera/round7_jitter/camera_r7.pcapng,R7,217,2170.5988190174103,0.9997021555900574,2.0863208192167804e-05,0.00021508846839424223,4.914878445561044e-05,1.2725309716188349e-05,Camera
/home/lmy/iot-device-classification/dataset/camera/round7_jitter/camera_r7.pcapng,R7,218,2180.416788339615,0.9965946078300476,2.386231062700972e-05,0.0003839413693640381,0.0029745555948466063,2.2990172510617413e-05,Camera
/home/lmy/iot-device-classification/dataset/camera/round7_jitter/camera_r7.pcapng,R7,219,2193.2055962085724,0.9872440695762634,8.082814019871876e-06,0.012731237336993217,8.751398127060384e-06,7.871823981986381e-06,Camera
/home/lmy/iot-device-classification/dataset/camera/round7_jitter/camera_r7.pcapng,R7,220,2200.1182079315186,0.9986613988876343,3.65001724276226e-05,0.0007408130331896245,0.0005370693979784846,2.4220764316851273e-05,Camera
/home/lmy/iot-device-classification/dataset/camera/round7_jitter/camera_r7.pcapng,R7,221,2210.439901828766,0.7085109949111938,0.00015204882947728038,0.0027488069608807564,0.288361519575119,0.0002266223164042458,Camera
/home/lmy/iot-device-classification/dataset/camera/round7_jitter/camera_r7.pcapng,R7,222,2220.588351726532,0.981378436088562,8.821730261843186e-06,0.01792904920876026,0.0006755421054549515,8.146156687871553e-06,Camera
/home/lmy/iot-device-classification/dataset/camera/round7_jitter/camera_r7.pcapng,R7,223,2230.003150701523,0.999148964881897,6.918222061358392e-05,0.0006167538231238723,0.00012897631677333266,3.6096815165365115e-05,Camera
/home/lmy/iot-device-classification/dataset/camera/round7_jitter/camera_r7.pcapng,R7,224,2240.466422319412,0.902535617351532,0.00013646802108269185,0.0014089642791077495,0.09580568969249725,0.00011325340892653912,Camera
/home/lmy/iot-device-classification/dataset/camera/round7_jitter/camera_r7.pcapng,R7,225,2253.1671059131622,0.9751449227333069,9.646018952480517e-06,0.024814462289214134,1.975551640498452e-05,1.1215581253054552e-05,Camera
/home/lmy/iot-device-classification/dataset/camera/round7_jitter/camera_r7.pcapng,R7,226,2260.488941431045,0.999785840511322,9.751063771545887e-06,0.00017482244584243745,2.1590809410554357e-05,8.034985512495041e-06,Camera
/home/lmy/iot-device-classification/dataset/camera/round7_jitter/camera_r7.pcapng,R7,227,2270.484833240509,0.9982535243034363,1.3262656466395129e-05,2.557555853854865e-05,0.0016916306922212243,1.597688242327422e-05,Camera
/home/lmy/iot-device-classification/dataset/camera/round7_jitter/camera_r7.pcapng,R7,228,2282.8370003700256,0.9538214802742004,3.489018126856536e-05,0.04605259746313095,6.699077493976802e-05,2.406156636425294e-05,Camera
/home/lmy/iot-device-classification/dataset/camera/round7_jitter/camera_r7.pcapng,R7,229,2290.110954761505,0.9699015617370605,0.00011622245801845565,0.029717503115534782,0.00020548896281979978,5.9151931054657325e-05,Camera
/home/lmy/iot-device-classification/dataset/camera/round7_jitter/camera_r7.pcapng,R7,230,2300.4860043525696,0.9954550266265869,2.3039014195092022e-05,0.0005791072035208344,0.003920186311006546,2.2678736058878712e-05,Camera
/home/lmy/iot-device-classification/dataset/camera/round7_jitter/camera_r7.pcapng,R7,231,2310.129106760025,0.9873025417327881,8.641526619612705e-06,0.011428436264395714,0.0012519581941887736,8.432374670519494e-06,Camera
/home/lmy/iot-device-classification/dataset/camera/round7_jitter/camera_r7.pcapng,R7,232,2320.578161001205,0.9995311498641968,1.8195176380686462e-05,0.00040398284909315407,3.3086886105593294e-05,1.3599124940810725e-05,Camera
/home/lmy/iot-device-classification/dataset/camera/round7_jitter/camera_r7.pcapng,R7,233,2330.496689558029,0.9964392781257629,2.2837395590613596e-05,0.00015934901603031904,0.0033608984667807817,1.7598533304408193e-05,Camera
/home/lmy/iot-device-classification/dataset/camera/round7_jitter/camera_r7.pcapng,R7,234,2341.759024620056,0.962162971496582,4.227381941745989e-05,0.03761696070432663,0.00015677344345021993,2.1092217139084823e-05,Camera
/home/lmy/iot-device-classification/dataset/camera/round7_jitter/camera_r7.pcapng,R7,235,2350.5294239521027,0.9928298592567444,1.755136327119544e-05,0.007124757394194603,1.870397500169929e-05,9.12091854843311e-06,Camera
/home/lmy/iot-device-classification/dataset/camera/round7_jitter/camera_r7.pcapng,R7,236,2360.5188035964966,0.950501024723053,1.0021053640230093e-05,0.049019280821084976,0.0004560340312309563,1.3611862414109055e-05,Camera
/home/lmy/iot-device-classification/dataset/camera/round7_jitter/camera_r7.pcapng,R7,237,2372.3063626289368,0.9998664855957031,2.223454612249043e-05,5.2659917855635285e-05,4.418924800120294e-05,1.4405842193809804e-05,Camera
/home/lmy/iot-device-classification/dataset/camera/round7_jitter/camera_r7.pcapng,R7,238,2381.359937191009,0.9754233956336975,1.560896089358721e-05,0.024543220177292824,8.470386092085391e-06,9.359531759400852e-06,Camera
/home/lmy/iot-device-classification/dataset/camera/round7_jitter/camera_r7.pcapng,R7,239,2390.538462638855,0.9986463189125061,1.1952724889852107e-05,0.00024043090525083244,0.0010891808196902275,1.2178246834082529e-05,Camera
/home/lmy/iot-device-classification/dataset/camera/round7_jitter/camera_r7.pcapng,R7,240,2403.417417049408,0.8912838697433472,0.010516231879591942,0.0936008095741272,0.00413792347535491,0.00046113491407595575,Camera
/home/lmy/iot-device-classification/dataset/camera/round7_jitter/camera_r7.pcapng,R7,241,2410.2342755794525,0.9892001152038574,1.3521166692953557e-05,0.010766632854938507,1.1728921890608035e-05,7.956768968142569e-06,Camera
/home/lmy/iot-device-classification/dataset/camera/round7_jitter/camera_r7.pcapng,R7,242,2420.5521359443665,0.9976136684417725,1.5734563930891454e-05,0.0009175375453196466,0.0014380898792296648,1.4939741049602162e-05,Camera
/home/lmy/iot-device-classification/dataset/camera/round7_jitter/camera_r7.pcapng,R7,243,2433.3704164028168,0.9997767806053162,9.496559869148768e-06,0.000171152496477589,3.34116630256176e-05,9.147325727099087e-06,Camera
/home/lmy/iot-device-classification/dataset/camera/round7_jitter/camera_r7.pcapng,R7,244,2441.749472618103,0.9827392101287842,7.294921488210093e-06,0.01723014935851097,1.668101867835503e-05,6.6913107730215415e-06,Camera
/home/lmy/iot-device-classification/dataset/camera/round7_jitter/camera_r7.pcapng,R7,245,2450.5773503780365,0.9882223010063171,9.23290917853592e-06,0.010598882101476192,0.0011515471851453185,1.7997377653955482e-05,Camera
/home/lmy/iot-device-classification/dataset/camera/round7_jitter/camera_r7.pcapng,R7,246,2461.717447757721,0.968210756778717,1.5765350326546468e-05,0.03172806650400162,2.9319169698283076e-05,1.6114514437504113e-05,Camera
/home/lmy/iot-device-classification/dataset/camera/round7_jitter/camera_r7.pcapng,R7,247,2471.3713188171387,0.987794041633606,1.898381015053019e-05,0.012165199033915997,1.4305004697234835e-05,7.412299055431504e-06,Camera
/home/lmy/iot-device-classification/dataset/camera/round7_jitter/camera_r7.pcapng,R7,248,2480.607114315033,0.9867680668830872,1.005903413897613e-05,0.013027549721300602,0.0001844418584369123,9.90272565104533e-06,Camera
/home/lmy/iot-device-classification/dataset/camera/round7_jitter/camera_r7.pcapng,R7,249,2493.508585214615,0.938348650932312,9.341386612504721e-05,0.05981510505080223,0.0017175738466903567,2.5250925318687223e-05,Camera
/home/lmy/iot-device-classification/dataset/camera/round7_jitter/camera_r7.pcapng,R7,250,2500.818733930588,0.9842911958694458,4.8628430704411585e-06,0.015678608790040016,1.8929429643321782e-05,6.384544121829094e-06,Camera
/home/lmy/iot-device-classification/dataset/camera/round7_jitter/camera_r7.pcapng,R7,251,2510.638095140457,0.9745573997497559,2.17889482883038e-05,0.025230184197425842,0.00017609882343094796,1.4569431186828297e-05,Camera
/home/lmy/iot-device-classification/dataset/camera/round7_jitter/camera_r7.pcapng,R7,252,2521.276185274124,0.9975367784500122,1.8555629139882512e-05,0.0004941040533594787,0.001935304724611342,1.5267316484823823e-05,Camera
/home/lmy/iot-device-classification/dataset/camera/round7_jitter/camera_r7.pcapng,R7,253,2530.900999069214,0.9969347715377808,0.0001140856693382375,0.0020765820518136024,0.0008340523927472532,4.055450699524954e-05,Camera
/home/lmy/iot-device-classification/dataset/camera/round7_jitter/camera_r7.pcapng,R7,254,2540.5324895381927,0.9981855750083923,1.7608286725590006e-05,0.0006465069018304348,0.0011363447410985827,1.3930217392044142e-05,Camera
/home/lmy/iot-device-classification/dataset/camera/round7_jitter/camera_r7.pcapng,R7,255,2552.579553127289,0.9512417316436768,2.5651248506619595e-05,0.04769309237599373,0.0010131685994565487,2.6314653950976208e-05,Camera
/home/lmy/iot-device-classification/dataset/camera/round7_jitter/camera_r7.pcapng,R7,256,2560.087301492691,0.9998231530189514,7.163927421061089e-06,0.00014683796325698495,1.5511448509641923e-05,7.365300007222686e-06,Camera
/home/lmy/iot-device-classification/dataset/camera/round7_jitter/camera_r7.pcapng,R7,257,2570.699880361557,0.8253645896911621,2.4094360924209468e-05,0.17428083717823029,0.00030679526389576495,2.3644472094019875e-05,Camera
/home/lmy/iot-device-classification/dataset/camera/round7_jitter/camera_r7.pcapng,R7,258,2583.5976684093475,0.9487926363945007,3.067356738029048e-05,0.05110420286655426,5.2971379773225635e-05,1.944260293385014e-05,Camera
/home/lmy/iot-device-classification/dataset/camera/round7_jitter/camera_r7.pcapng,R7,259,2592.229302406311,0.9990384578704834,4.3003565224353224e-05,0.0005891285836696625,0.00029775782604701817,3.169484261889011e-05,Camera
/home/lmy/iot-device-classification/dataset/camera/round7_jitter/camera_r7.pcapng,R7,260,2600.7216930389404,0.6447635293006897,0.00020333699649199843,0.0019481676863506436,0.35292360186576843,0.0001614025968592614,Camera
/home/lmy/iot-device-classification/dataset/camera/round7_jitter/camera_r7.pcapng,R7,261,2611.3807787895203,0.22600197792053223,0.00018737249774858356,0.770919680595398,0.0026676335837692022,0.00022337569680530578,Camera
/home/lmy/iot-device-classification/dataset/camera/round7_jitter/camera_r7.pcapng,R7,262,2620.050743103028,0.999700665473938,9.257819328922778e-06,0.00026256314595229924,1.7249562006327324e-05,1.0331281373510137e-05,Camera
/home/lmy/iot-device-classification/dataset/camera/round7_jitter/camera_r7.pcapng,R7,263,2630.745385408401,0.9142776131629944,2.4379698515986092e-05,0.08143334090709686,0.004202282987535,6.233528984012082e-05,Camera
/home/lmy/iot-device-classification/dataset/camera/round7_jitter/camera_r7.pcapng,R7,264,2642.787503004074,0.9440910816192627,9.501693057245575e-06,0.05578120797872543,0.00010412799019832164,1.4083095265959855e-05,Camera
/home/lmy/iot-device-classification/dataset/camera/round7_jitter/camera_r7.pcapng,R7,265,2651.5412409305573,0.9967723488807678,1.0020768058893736e-05,0.0032004928216338158,1.0789807674882468e-05,6.281071364355739e-06,Camera
/home/lmy/iot-device-classification/dataset/camera/round7_jitter/camera_r7.pcapng,R7,266,2660.748805046081,0.8743036985397339,0.00022895670554134995,0.02985638938844204,0.0954892486333847,0.00012177693861303851,Camera
/home/lmy/iot-device-classification/dataset/camera/round7_jitter/camera_r7.pcapng,R7,267,2670.7783319950104,0.9736303091049194,1.443911787646357e-05,0.026338113471865654,8.421483471465763e-06,8.72871714818757e-06,Camera
/home/lmy/iot-device-classification/dataset/camera/round7_jitter/camera_r7.pcapng,R7,268,2680.3891308307648,0.960216760635376,1.5898796846158803e-05,0.03974587097764015,1.034866272675572e-05,1.1126386198156979e-05,Camera
/home/lmy/iot-device-classification/dataset/camera/round7_jitter/camera_r7.pcapng,R7,269,2690.779177427292,0.998297393321991,3.401034337002784e-05,0.00022448667732533067,0.0014277960872277617,1.6384428818128072e-05,Camera
/home/lmy/iot-device-classification/dataset/camera/round7_jitter/camera_r7.pcapng,R7,270,2703.719130754471,0.1644805520772934,0.0018893531523644924,0.8281021118164062,0.004224770236760378,0.0013032341375946999,Camera
/home/lmy/iot-device-classification/dataset/camera/round7_jitter/camera_r7.pcapng,R7,271,2713.0762870311737,0.9887287616729736,1.8881593859987333e-05,0.010568171739578247,0.000667660147882998,1.650334343139548e-05,Camera
/home/lmy/iot-device-classification/dataset/camera/round7_jitter/camera_r7.pcapng,R7,272,2720.8097608089447,0.9913474917411804,1.099484052247135e-05,0.00818112026900053,0.00044718378921970725,1.3213717465987429e-05,Camera
/home/lmy/iot-device-classification/dataset/camera/round7_jitter/camera_r7.pcapng,R7,273,2731.169639110565,0.932233989238739,1.1148948942718562e-05,0.0677054151892662,3.64418956451118e-05,1.2935499398736283e-05,Camera
/home/lmy/iot-device-classification/dataset/camera/round7_jitter/camera_r7.pcapng,R7,274,2740.438057422638,0.9656067490577698,2.3513792257290334e-05,0.034321900457143784,2.9230919608380646e-05,1.8668970369617455e-05,Camera
/home/lmy/iot-device-classification/dataset/camera/round7_jitter/camera_r7.pcapng,R7,275,2750.8185107707977,0.9962021708488464,1.5842590073589236e-05,0.00043832347728312016,0.0033275543246418238,1.6064290321082808e-05,Camera
/home/lmy/iot-device-classification/dataset/camera/round7_jitter/camera_r7.pcapng,R7,276,2760.0354306697845,0.999758780002594,1.2117465303163044e-05,0.00019424996571615338,2.5856828870018944e-05,8.95758785190992e-06,Camera
/home/lmy/iot-device-classification/dataset/camera/round7_jitter/camera_r7.pcapng,R7,277,2773.450955867768,0.9997692704200745,3.262726386310533e-05,9.088576189242303e-05,9.005301399156451e-05,1.7173433661810122e-05,Camera
/home/lmy/iot-device-classification/dataset/camera/round7_jitter/camera_r7.pcapng,R7,278,2780.829705476761,0.9684262871742249,1.5523022739216685e-05,0.03139082342386246,0.00015522749163210392,1.2165791304141749e-05,Camera
/home/lmy/iot-device-classification/dataset/camera/round7_jitter/camera_r7.pcapng,R7,279,2792.501083612442,0.015482070855796337,0.0007856100564822555,0.6433913707733154,0.3398699462413788,0.00047103731776587665,Camera
/home/lmy/iot-device-classification/dataset/camera/round7_jitter/camera_r7.pcapng,R7,280,2800.7609832286835,0.9396001100540161,6.5660083237162326e-06,0.060351282358169556,3.054824628634378e-05,1.1516431186464615e-05,Camera
/home/lmy/iot-device-classification/dataset/camera/round7_jitter/camera_r7.pcapng,R7,281,2810.840525150299,0.9653487205505371,1.6113326637423597e-05,0.03278728947043419,0.0018249365966767073,2.2967993572819978e-05,Camera
/home/lmy/iot-device-classification/dataset/camera/round7_jitter/camera_r7.pcapng,R7,282,2821.557708263397,0.9997461438179016,1.7941832993528806e-05,0.00015342798724304885,6.394062074832618e-05,1.8481699953554198e-05,Camera
/home/lmy/iot-device-classification/dataset/camera/round7_jitter/camera_r7.pcapng,R7,283,2830.821518659592,0.9996271133422852,7.5868720159633085e-06,0.00011361867655068636,0.00024302996462211013,8.585147952544503e-06,Camera
/home/lmy/iot-device-classification/dataset/camera/round7_jitter/camera_r7.pcapng,R7,284,2840.419770002365,0.9877462387084961,7.765457849018276e-05,0.0008643292239867151,0.011252490803599358,5.9263948060106486e-05,Camera
/home/lmy/iot-device-classification/dataset/camera/round7_jitter/camera_r7.pcapng,R7,285,2850.678621530533,0.9572365880012512,2.4316372218891047e-05,0.04267122223973274,4.9923561164177954e-05,1.7877127902465872e-05,Camera
/home/lmy/iot-device-classification/dataset/camera/round7_jitter/camera_r7.pcapng,R7,286,2861.081378221512,0.9719835519790649,8.524102668161504e-06,0.027904827147722244,9.203598892781883e-05,1.1068078492826317e-05,Camera
/home/lmy/iot-device-classification/dataset/camera/round7_jitter/camera_r7.pcapng,R7,287,2870.8897547721863,0.9873270392417908,2.6491814423934557e-05,0.012432098388671875,0.00020190277427900583,1.2453142517188098e-05,Camera
/home/lmy/iot-device-classification/dataset/camera/round7_jitter/camera_r7.pcapng,R7,288,2883.902220726013,0.911104142665863,0.00012696768681053072,0.08856044709682465,0.00014118738181423396,6.719456723658368e-05,Camera
/home/lmy/iot-device-classification/dataset/camera/round7_jitter/camera_r7.pcapng,R7,289,2893.909256219864,0.9939374923706055,3.97894145862665e-05,0.004296545870602131,0.0016972802113741636,2.8825621484429576e-05,Camera
/home/lmy/iot-device-classification/dataset/camera/round7_jitter/camera_r7.pcapng,R7,290,2900.991822242737,0.993671178817749,1.2860389688285068e-05,0.006236208602786064,7.104867836460471e-05,8.72441796673229e-06,Camera
/home/lmy/iot-device-classification/dataset/camera/round7_jitter/camera_r7.pcapng,R7,291,2910.023576259613,0.006334275472909212,0.00021750298037659377,0.9929034113883972,0.000460905022919178,8.392736344831064e-05,Camera
/home/lmy/iot-device-classification/dataset/camera/round7_jitter/camera_r7.pcapng,R7,292,2920.060144901276,0.9881826043128967,5.662839157594135e-06,0.011592414230108261,0.00021054342505522072,8.743092621443793e-06,Camera
/home/lmy/iot-device-classification/dataset/camera/round7_jitter/camera_r7.pcapng,R7,293,2930.3709614276886,0.9413760900497437,3.447703056735918e-05,0.05488211289048195,0.003667085664346814,4.0208025893662125e-05,Camera
/home/lmy/iot-device-classification/dataset/camera/round7_jitter/camera_r7.pcapng,R7,294,2942.1984078884125,0.9405359029769897,1.0387115253251977e-05,0.05935930460691452,7.67260862630792e-05,1.7636300981394015e-05,Camera
/home/lmy/iot-device-classification/dataset/camera/round7_jitter/camera_r7.pcapng,R7,295,2953.970233440399,0.999845027923584,1.1674281267914921e-05,0.00010766371269710362,2.6133629944524728e-05,9.447388038097415e-06,Camera
/home/lmy/iot-device-classification/dataset/camera/round7_jitter/camera_r7.pcapng,R7,296,2960.979607105255,0.9861766695976257,1.5695932233938947e-05,0.013096315786242485,0.0006962139159440994,1.5090370652615093e-05,Camera
/home/lmy/iot-device-classification/dataset/camera/round7_jitter/camera_r7.pcapng,R7,297,2973.9898178577423,0.8946729302406311,6.533579289680347e-05,0.0695338100194931,0.03564243018627167,8.55277176015079e-05,Camera
/home/lmy/iot-device-classification/dataset/camera/round7_jitter/camera_r7.pcapng,R7,298,2983.7106494903564,0.9713286757469177,1.0120538718183525e-05,0.028633106499910355,1.8388145690551028e-05,9.707483513921034e-06,Camera
/home/lmy/iot-device-classification/dataset/camera/round7_jitter/camera_r7.pcapng,R7,299,2990.990183830261,0.9987800717353821,1.0550531442277133e-05,0.00014892198669258505,0.0010470583802089095,1.3439610484056175e-05,Camera
/home/lmy/iot-device-classification/dataset/camera/round7_jitter/camera_r7.pcapng,R7,300,3002.5188093185425,0.9851433634757996,5.9194535424467176e-05,0.01462489366531372,0.00012274215987417847,4.9773025239119306e-05,Camera
/home/lmy/iot-device-classification/dataset/camera/round7_jitter/camera_r7.pcapng,R7,301,3012.917944431305,0.9861425757408142,1.3247053175291512e-05,0.013717692345380783,9.816151577979326e-05,2.8335160095593892e-05,Camera
/home/lmy/iot-device-classification/dataset/camera/round7_jitter/camera_r7.pcapng,R7,302,3020.5630242824554,0.9923421740531921,2.2323341909213923e-05,0.007596899755299091,2.7362271794117987e-05,1.1207467650820035e-05,Camera
/home/lmy/iot-device-classification/dataset/camera/round7_jitter/camera_r7.pcapng,R7,303,3031.599765062332,0.9920681715011597,1.3116288755554706e-05,0.007893940433859825,1.5663987142033875e-05,9.09556638362119e-06,Camera
/home/lmy/iot-device-classification/dataset/camera/round7_jitter/camera_r7.pcapng,R7,304,3044.0614755153656,0.9641283750534058,1.6723372027627192e-05,0.03582972288131714,1.5427594917127863e-05,9.715560736367479e-06,Camera
/home/lmy/iot-device-classification/dataset/camera/round7_jitter/camera_r7.pcapng,R7,305,3050.0200338363647,0.9600800275802612,7.46981895645149e-05,0.021109752357006073,0.018654711544513702,8.083727152552456e-05,Camera
/home/lmy/iot-device-classification/dataset/camera/round7_jitter/camera_r7.pcapng,R7,306,3061.1792118549347,0.9888277053833008,5.96568543187459e-06,0.01113899890333414,1.938597415573895e-05,7.91631464380771e-06,Camera
/home/lmy/iot-device-classification/dataset/camera/round7_jitter/camera_r7.pcapng,R7,307,3070.212501764297,0.9857937693595886,1.2819994481105823e-05,0.014180044643580914,7.241880666697398e-06,6.184940957609797e-06,Camera
/home/lmy/iot-device-classification/dataset/camera/round7_jitter/camera_r7.pcapng,R7,308,3081.0220699310303,0.01270145270973444,0.00010952886805171147,0.7799174189567566,0.20712466537952423,0.00014687224756926298,Camera
/home/lmy/iot-device-classification/dataset/camera/round7_jitter/camera_r7.pcapng,R7,309,3091.957861661911,0.9996519088745117,2.6712590624811128e-05,0.0002360001963097602,6.676667544525117e-05,1.859330768638756e-05,Camera
/home/lmy/iot-device-classification/dataset/camera/round7_jitter/camera_r7.pcapng,R7,310,3102.3600585460663,0.9278764128684998,5.779012280981988e-05,0.07190146297216415,0.0001065122996806167,5.784426684840582e-05,Camera
/home/lmy/iot-device-classification/dataset/camera/round7_jitter/camera_r7.pcapng,R7,311,3111.0308678150177,0.969287633895874,1.5343157429015264e-05,0.030327582731842995,0.0003533021081238985,1.6094818420242518e-05,Camera
/home/lmy/iot-device-classification/dataset/camera/round7_jitter/camera_r7.pcapng,R7,312,3124.141716003418,0.9998868703842163,2.890638461394701e-05,2.7241696443525143e-05,4.3846095650224015e-05,1.317649002885446e-05,Camera
/home/lmy/iot-device-classification/dataset/camera/round7_jitter/camera_r7.pcapng,R7,313,3131.30117559433,0.9993067979812622,2.026141191890929e-05,0.0004846768279094249,0.00017114172806032002,1.707650335447397e-05,Camera
/home/lmy/iot-device-classification/dataset/camera/round7_jitter/camera_r7.pcapng,R7,314,3140.7605016231537,0.9992185831069946,1.223949857376283e-05,0.00014312475104816258,0.0006150387926027179,1.1019757948815823e-05,Camera
/home/lmy/iot-device-classification/dataset/camera/round7_jitter/camera_r7.pcapng,R7,315,3151.765741109848,0.011260929517447948,0.0004878694307990372,0.7459072470664978,0.24163290858268738,0.0007110121659934521,Camera
/home/lmy/iot-device-classification/dataset/camera/round7_jitter/camera_r7.pcapng,R7,316,3160.603126764297,0.9479186534881592,1.631997656659223e-05,0.05203361436724663,1.7293577911914326e-05,1.408038951922208e-05,Camera
/home/lmy/iot-device-classification/dataset/camera/round7_jitter/camera_r7.pcapng,R7,317,3171.0866882801056,0.9703523516654968,2.208307159889955e-05,0.028400585055351257,0.0012064125621691346,1.850045009632595e-05,Camera
/home/lmy/iot-device-classification/dataset/camera/round7_jitter/camera_r7.pcapng,R7,318,3181.408042907715,0.9676974415779114,2.609265357023105e-05,0.0319516696035862,0.00029194660601206124,3.2834188459673896e-05,Camera
/home/lmy/iot-device-classification/dataset/camera/round7_jitter/camera_r7.pcapng,R7,319,3193.8789134025574,0.9753516912460327,5.102633440401405e-05,0.01792624592781067,0.0065931049175560474,7.785931666148826e-05,Camera
/home/lmy/iot-device-classification/dataset/camera/round7_jitter/camera_r7.pcapng,R7,320,3201.112580060959,0.9984539747238159,1.396679817844415e-05,0.0007401874754577875,0.0007766328053548932,1.5258478924806695e-05,Camera
/home/lmy/iot-device-classification/dataset/camera/round7_jitter/camera_r7.pcapng,R7,321,3214.232761621475,0.9389342069625854,0.0015545834321528673,0.005842987913638353,0.05341403931379318,0.0002541524881962687,Camera
/home/lmy/iot-device-classification/dataset/camera/round7_jitter/camera_r7.pcapng,R7,322,3220.080748319626,0.9996083378791809,1.433503257430857e-05,0.00034584253444336355,2.0153191144345328e-05,1.1361345059412997e-05,Camera
/home/lmy/iot-device-classification/dataset/camera/round7_jitter/camera_r7.pcapng,R7,323,3231.14129781723,0.9781620502471924,3.484000262687914e-05,0.019057251513004303,0.0026831571012735367,6.27531117061153e-05,Camera
/home/lmy/iot-device-classification/dataset/camera/round7_jitter/camera_r7.pcapng,R7,324,3244.261379957199,0.014121510088443756,2.4741759261814877e-05,0.9833399057388306,0.0024606341030448675,5.328764018486254e-05,Camera
/home/lmy/iot-device-classification/dataset/camera/round7_jitter/camera_r7.pcapng,R7,325,3254.296637535095,0.9943894743919373,1.3373986803344451e-05,0.005570040084421635,1.8538126823841594e-05,8.580526809964795e-06,Camera
/home/lmy/iot-device-classification/dataset/camera/round7_jitter/camera_r7.pcapng,R7,326,3260.1614561080933,0.9995653033256531,8.083281500148587e-06,0.00011832403833977878,0.00029970475588925183,8.572819751861971e-06,Camera
/home/lmy/iot-device-classification/dataset/camera/round7_jitter/camera_r7.pcapng,R7,327,3274.2911534309387,0.9896454811096191,8.246081051765941e-06,0.010317008942365646,2.154289722966496e-05,7.707464646955486e-06,Camera
/home/lmy/iot-device-classification/dataset/camera/round7_jitter/camera_r7.pcapng,R7,328,3284.2802567481995,0.999297022819519,9.586157830199227e-06,6.413016672013327e-05,0.0006163031212054193,1.2947664799867198e-05,Camera
/home/lmy/iot-device-classification/dataset/camera/round7_jitter/camera_r7.pcapng,R7,329,3291.2022063732147,0.9932479858398438,1.662009526626207e-05,0.006314918864518404,0.00040446536149829626,1.600849827809725e-05,Camera
/home/lmy/iot-device-classification/dataset/camera/round7_jitter/camera_r7.pcapng,R7,330,3303.5408701896667,0.9240158796310425,8.98058497114107e-05,0.0738312378525734,0.002026260830461979,3.6804263800149783e-05,Camera
/home/lmy/iot-device-classification/dataset/camera/round7_jitter/camera_r7.pcapng,R7,331,3310.5973365306854,0.9997164607048035,1.1886579159181565e-05,0.0002477823873050511,1.7302920241490938e-05,6.564404884557007e-06,Camera
/home/lmy/iot-device-classification/dataset/camera/round7_jitter/camera_r7.pcapng,R7,332,3320.6296277046204,0.9953438639640808,1.4602816918340977e-05,0.004189387429505587,0.00043756968807429075,1.452955348213436e-05,Camera
/home/lmy/iot-device-classification/dataset/camera/round7_jitter/camera_r7.pcapng,R7,333,3334.2916407585144,0.8611368536949158,9.236287587555125e-05,0.1382758468389511,0.00043472906691022217,6.022727029630914e-05,Camera
/home/lmy/iot-device-classification/dataset/camera/round7_jitter/camera_r7.pcapng,R7,334,3341.8609488010406,0.9857128858566284,9.796021913643926e-06,0.014260259456932545,9.089289051189553e-06,7.994143743417226e-06,Camera
/home/lmy/iot-device-classification/dataset/camera/round7_jitter/camera_r7.pcapng,R7,335,3350.017672777176,0.03725510835647583,0.00011130471830256283,0.7869282364845276,0.17554613947868347,0.00015921950398478657,Camera
/home/lmy/iot-device-classification/dataset/camera/round7_jitter/camera_r7.pcapng,R7,336,3361.8942415714264,0.973990261554718,6.381405910360627e-06,0.025937631726264954,5.5160380725283176e-05,1.0606388059386518e-05,Camera
/home/lmy/iot-device-classification/dataset/camera/round7_jitter/camera_r7.pcapng,R7,337,3374.3914155960083,0.9933318495750427,7.60980356062646e-06,0.0065591949969530106,9.42416736506857e-05,7.067134902172256e-06,Camera
/home/lmy/iot-device-classification/dataset/camera/round7_jitter/camera_r7.pcapng,R7,338,3381.080311059952,0.9626731872558594,1.0621763976814691e-05,0.037246935069561005,5.8353780332254246e-05,1.0924646630883217e-05,Camera
/home/lmy/iot-device-classification/dataset/camera/round7_jitter/camera_r7.pcapng,R7,339,3394.2892405986786,0.9912562370300293,2.266472074552439e-05,0.00868428684771061,2.771552863123361e-05,9.113917258218862e-06,Camera
/home/lmy/iot-device-classification/dataset/camera/round7_jitter/camera_r7.pcapng,R7,340,3404.421439409256,0.9517561197280884,0.00013664254220202565,0.042020246386528015,0.006021659821271896,6.538622255902737e-05,Camera
/home/lmy/iot-device-classification/dataset/camera/round7_jitter/camera_r7.pcapng,R7,341,3410.133317947388,0.9825875163078308,1.6314865206368268e-05,0.017170680686831474,0.00020960564143024385,1.585665813763626e-05,Camera
/home/lmy/iot-device-classification/dataset/camera/round7_jitter/camera_r7.pcapng,R7,342,3423.1995277404785,0.1558014303445816,0.001207968918606639,0.8395292162895203,0.002535283099859953,0.0009261103114113212,Camera
/home/lmy/iot-device-classification/dataset/camera/round7_jitter/camera_r7.pcapng,R7,343,3431.000081539154,0.9997711777687073,1.1680712304951157e-05,0.0001944013638421893,1.4341033420350868e-05,8.447929758403916e-06,Camera
/home/lmy/iot-device-classification/dataset/camera/round7_jitter/camera_r7.pcapng,R7,344,3440.066980838776,0.9777572751045227,1.0450057743582875e-05,0.02177966758608818,0.0004345377965364605,1.810304820537567e-05,Camera
/home/lmy/iot-device-classification/dataset/camera/round7_jitter/camera_r7.pcapng,R7,345,3451.7992458343506,0.93472820520401,1.8096628991770558e-05,0.06521410495042801,2.3084459826350212e-05,1.6457977835671045e-05,Camera
/home/lmy/iot-device-classification/dataset/camera/round7_jitter/camera_r7.pcapng,R7,346,3462.1979546546936,0.9741393327713013,4.49268554802984e-05,0.025756992399692535,3.50290683854837e-05,2.3660930310143158e-05,Camera
/home/lmy/iot-device-classification/dataset/camera/round7_jitter/camera_r7.pcapng,R7,347,3471.382242202759,0.9984703660011292,2.112273250531871e-05,0.0010329344077035785,0.0004574681515805423,1.813213384593837e-05,Camera
/home/lmy/iot-device-classification/dataset/camera/round7_jitter/camera_r7.pcapng,R7,348,3482.998106718064,0.9497721791267395,1.5508801880059764e-05,0.050171300768852234,2.444670462864451e-05,1.6608870282652788e-05,Camera
/home/lmy/iot-device-classification/dataset/camera/round7_jitter/camera_r7.pcapng,R7,349,3493.399886369705,0.9787366390228271,8.093765245575923e-06,0.021236477419734,1.0412313713459298e-05,8.30870612844592e-06,Camera
/home/lmy/iot-device-classification/dataset/camera/round7_jitter/camera_r7.pcapng,R7,350,3501.4124302864075,0.9726856350898743,3.6159421142656356e-05,0.027040181681513786,0.00021447900508064777,2.3622556909685954e-05,Camera
/home/lmy/iot-device-classification/dataset/camera/round7_jitter/camera_r7.pcapng,R7,351,3513.747893810272,0.3846442699432373,0.0021652705036103725,0.6039252281188965,0.0078079975210130215,0.001457209698855877,Camera
/home/lmy/iot-device-classification/dataset/camera/round7_jitter/camera_r7.pcapng,R7,352,3522.5194902420044,0.9761848449707031,1.898423579405062e-05,0.023766102269291878,1.7271335309487768e-05,1.2793062523996923e-05,Camera
/home/lmy/iot-device-classification/dataset/camera/round7_jitter/camera_r7.pcapng,R7,353,3531.453936815262,0.9657414555549622,1.9987555788247846e-05,0.034086279571056366,0.00013345583283808082,1.877814793260768e-05,Camera
/home/lmy/iot-device-classification/dataset/camera/round7_jitter/camera_r7.pcapng,R7,354,3544.5633506774902,0.9045286774635315,4.515686669037677e-06,0.09535840153694153,9.856514225248247e-05,9.836160643317271e-06,Camera
/home/lmy/iot-device-classification/dataset/camera/round7_jitter/camera_r7.pcapng,R7,355,3554.260845899582,0.9747607707977295,0.000359088066034019,0.02405444346368313,0.0006537786684930325,0.00017186254262924194,Camera
/home/lmy/iot-device-classification/dataset/camera/round7_jitter/camera_r7.pcapng,R7,356,3560.259614467621,0.9632803797721863,3.040792216779664e-05,0.034803081303834915,0.0018576144939288497,2.8522725187940523e-05,Camera
/home/lmy/iot-device-classification/dataset/camera/round7_jitter/camera_r7.pcapng,R7,357,3572.091678380966,0.8949283957481384,6.61729573039338e-05,0.10488917678594589,7.405078940792009e-05,4.214014552417211e-05,Camera
/home/lmy/iot-device-classification/dataset/camera/round7_jitter/camera_r7.pcapng,R7,358,3582.166381835937,0.9850516319274902,1.2614045772352256e-05,0.0149134062230587,1.3834068340656813e-05,8.554558007745072e-06,Camera
/home/lmy/iot-device-classification/dataset/camera/round7_jitter/camera_r7.pcapng,R7,359,3591.505964756012,0.9995735287666321,1.4263650882639922e-05,0.00031196646159514785,8.807737322058529e-05,1.2211336070322432e-05,Camera
/home/lmy/iot-device-classification/dataset/camera/round7_jitter/camera_r7.pcapng,R7,360,3600.261863470077,0.09417177736759186,0.00013437897723633796,0.9053548574447632,0.0001778883015504107,0.0001610483741387725,Camera
/home/lmy/iot-device-classification/dataset/camera/round7_jitter/camera_r7.pcapng,R7,361,3614.102528333664,0.9368906617164612,9.044734906638041e-05,0.05149403586983681,0.011438393965363503,8.642324974061921e-05,Camera
/home/lmy/iot-device-classification/dataset/camera/round7_jitter/camera_r7.pcapng,R7,362,3620.3359982967377,0.9950544834136963,1.842651909100823e-05,0.004884910769760609,3.149261465296149e-05,1.0665478839655407e-05,Camera
/home/lmy/iot-device-classification/dataset/camera/round7_jitter/camera_r7.pcapng,R7,363,3633.461199998856,0.9260005950927734,8.212528337026015e-05,0.07205431908369064,0.0018276945920661092,3.5291708627482876e-05,Camera
/home/lmy/iot-device-classification/dataset/camera/round7_jitter/camera_r7.pcapng,R7,364,3641.078367948532,0.982712984085083,5.951718776486814e-05,0.017108140513300896,7.850815745769069e-05,4.0856866689864546e-05,Camera
/home/lmy/iot-device-classification/dataset/camera/round7_jitter/camera_r7.pcapng,R7,365,3650.171758651733,0.9817399978637695,1.7907410438056104e-05,0.018177591264247894,5.1042665290879086e-05,1.3428963939077221e-05,Camera
/home/lmy/iot-device-classification/dataset/camera/round7_jitter/camera_r7.pcapng,R7,366,3660.899781942368,0.9820069670677185,6.110222784627695e-06,0.017632601782679558,0.00034114212030544877,1.3173294973967131e-05,Camera
/home/lmy/iot-device-classification/dataset/camera/round7_jitter/camera_r7.pcapng,R7,367,3672.280349969864,0.9219369292259216,2.7168269298272207e-05,0.07799125462770462,2.49724107561633e-05,1.9741752112167887e-05,Camera
/home/lmy/iot-device-classification/dataset/camera/round7_jitter/camera_r7.pcapng,R7,368,3680.0680963993073,0.9954081177711487,8.60778436617693e-06,0.004542022477835417,3.410072167753242e-05,7.177854513429338e-06,Camera
/home/lmy/iot-device-classification/dataset/camera/round7_jitter/camera_r7.pcapng,R7,369,3694.2939558029175,0.006261145230382681,0.0005268494714982808,0.9917219281196594,0.0013881786726415157,0.00010188168380409479,Camera
/home/lmy/iot-device-classification/dataset/camera/round7_jitter/camera_r7.pcapng,R7,370,3700.4399104118343,0.9249154925346375,1.1509917385410517e-05,0.0747993066906929,0.0002583122404757887,1.533740396553185e-05,Camera
/home/lmy/iot-device-classification/dataset/camera/round7_jitter/camera_r7.pcapng,R7,371,3710.580026626587,0.9552793502807617,1.1573731171665713e-05,0.04459284245967865,0.00010319254215573892,1.2980631254322361e-05,Camera
/home/lmy/iot-device-classification/dataset/camera/round7_jitter/camera_r7.pcapng,R7,372,3720.561345100403,0.9792207479476929,1.28456322272541e-05,0.02074035443365574,1.6645439245621674e-05,9.422529728908557e-06,Camera
/home/lmy/iot-device-classification/dataset/camera/round7_jitter/camera_r7.pcapng,R7,373,3733.061326026917,0.01242246013134718,0.0006222293013706803,0.812603771686554,0.17334942519664764,0.0010020904010161757,Camera
/home/lmy/iot-device-classification/dataset/camera/round7_jitter/camera_r7.pcapng,R7,374,3740.100247859955,0.9777458906173706,1.9344723114045337e-05,0.022089028730988503,0.0001281736622331664,1.7545102309668437e-05,Camera
/home/lmy/iot-device-classification/dataset/camera/round7_jitter/camera_r7.pcapng,R7,375,3750.126773834229,0.9642389416694641,1.0277723049512133e-05,0.03572731837630272,1.22841647680616e-05,1.116698513214942e-05,Camera
/home/lmy/iot-device-classification/dataset/camera/round7_jitter/camera_r7.pcapng,R7,376,3761.7184658050537,0.9443459510803223,1.5795665603945963e-05,0.055599410086870193,2.2335532776196487e-05,1.65632209245814e-05,Camera
/home/lmy/iot-device-classification/dataset/camera/round7_jitter/camera_r7.pcapng,R7,377,3770.9899384975433,0.9729201197624207,5.576897819992155e-06,0.027015142142772675,4.993921538698487e-05,9.227032023773063e-06,Camera
/home/lmy/iot-device-classification/dataset/camera/round7_jitter/camera_r7.pcapng,R7,378,3784.2928035259247,0.8840406537055969,0.00014273809210862964,0.05284549668431282,0.06282585114240646,0.00014525132428389043,Camera
/home/lmy/iot-device-classification/dataset/camera/round7_jitter/camera_r7.pcapng,R7,379,3792.918571472168,0.9714608192443848,1.4940374057914596e-05,0.0284876711666584,2.2829022782389075e-05,1.3773486898571718e-05,Camera
/home/lmy/iot-device-classification/dataset/camera/round7_jitter/camera_r7.pcapng,R7,380,3800.589638710022,0.9939219951629639,1.8101593013852835e-05,0.005992869846522808,5.460825559566729e-05,1.247856744157616e-05,Camera
/home/lmy/iot-device-classification/dataset/camera/round7_jitter/camera_r7.pcapng,R7,381,3813.5328254699702,0.9647698402404785,1.2527238141046837e-05,0.035158686339855194,4.759406147059053e-05,1.135850470745936e-05,Camera
/home/lmy/iot-device-classification/dataset/camera/round7_jitter/camera_r7.pcapng,R7,382,3822.0385534763336,0.960191547870636,2.7093983590020798e-05,0.03972172364592552,3.5293836845085025e-05,2.4368790036533028e-05,Camera
/home/lmy/iot-device-classification/dataset/camera/round7_jitter/camera_r7.pcapng,R7,383,3831.459969997406,0.9921729564666748,5.619538205792196e-05,0.002767269965261221,0.004914465360343456,8.907224400900304e-05,Camera
/home/lmy/iot-device-classification/dataset/camera/round7_jitter/camera_r7.pcapng,R7,384,3841.666084289551,0.9508156180381775,1.1252144759055227e-05,0.049013037234544754,0.00014921625552233309,1.0812157597683836e-05,Camera
/home/lmy/iot-device-classification/dataset/camera/round7_jitter/camera_r7.pcapng,R7,385,3853.2378380298615,0.9521304368972778,1.5008189620857593e-05,0.0478169284760952,2.146220504073426e-05,1.6139732906594872e-05,Camera
/home/lmy/iot-device-classification/dataset/camera/round7_jitter/camera_r7.pcapng,R7,386,3860.740969896317,0.9995898604393005,2.4202763597713783e-05,0.00021516912966035306,0.00015688873827457428,1.3832836884830613e-05,Camera
/home/lmy/iot-device-classification/dataset/camera/round7_jitter/camera_r7.pcapng,R7,387,3874.305795431137,0.9847753643989563,1.0992139323207084e-05,0.015197091735899448,8.906562470656354e-06,7.672367246414069e-06,Camera
/home/lmy/iot-device-classification/dataset/camera/round7_jitter/camera_r7.pcapng,R7,388,3882.90115237236,0.9831404089927673,9.784796930034645e-06,0.016825459897518158,1.5280204024747945e-05,9.030870387505274e-06,Camera
/home/lmy/iot-device-classification/dataset/camera/round7_jitter/camera_r7.pcapng,R7,389,3891.6839187145233,0.9895227551460266,2.148351995856501e-05,0.006567258853465319,0.0038297679275274277,5.869983942830004e-05,Camera
/home/lmy/iot-device-classification/dataset/camera/round7_jitter/camera_r7.pcapng,R7,390,3904.924103498459,0.998860239982605,1.1596635886235163e-05,8.30474091344513e-05,0.0010350237134844065,1.0061735338240396e-05,Camera
/home/lmy/iot-device-classification/dataset/camera/round7_jitter/camera_r7.pcapng,R7,391,3913.062382459641,0.9979475140571594,3.540317266015336e-05,0.00036626981454901397,0.0016229349421337247,2.7905462047783658e-05,Camera
/home/lmy/iot-device-classification/dataset/camera/round7_jitter/camera_r7.pcapng,R7,392,3921.433728218079,0.9915067553520203,6.09573871770408e-05,0.0002145290927728638,0.008161175064742565,5.666582364938222e-05,Camera
/home/lmy/iot-device-classification/dataset/camera/round7_jitter/camera_r7.pcapng,R7,393,3932.278712272644,0.9993829727172852,3.24047650792636e-05,0.0004908464616164565,6.815939559601247e-05,2.5629584342823364e-05,Camera
/home/lmy/iot-device-classification/dataset/camera/round7_jitter/camera_r7.pcapng,R7,394,3940.1809430122375,0.9776296615600586,1.4262602235248778e-05,0.022314220666885376,3.183043372700922e-05,1.0053471669380087e-05,Camera
/home/lmy/iot-device-classification/dataset/camera/round7_jitter/camera_r7.pcapng,R7,395,3951.715292930603,0.999705970287323,1.1690102837746963e-05,6.831316568423063e-05,0.00020335035515017807,1.0657245184120256e-05,Camera
/home/lmy/iot-device-classification/dataset/camera/round7_jitter/camera_r7.pcapng,R7,396,3962.101347923279,0.8954886198043823,0.00011103034921688959,0.10242051631212234,0.0019168148282915354,6.300344102783129e-05,Camera
/home/lmy/iot-device-classification/dataset/camera/round7_jitter/camera_r7.pcapng,R7,397,3970.333317041397,0.9843506813049316,1.7127973478636704e-05,0.015593304298818111,2.8589085559360683e-05,1.0328903954359703e-05,Camera
/home/lmy/iot-device-classification/dataset/light_T1/round7_jitter/light_T1_r7.pcapng,R7,0,0.0,4.646947490982711e-05,0.00012720905942842364,0.9996931552886963,7.638437818968669e-05,5.6851600675145164e-05,Light_T1
/home/lmy/iot-device-classification/dataset/light_T1/round7_jitter/light_T1_r7.pcapng,R7,1,10.037932872772217,0.001736825448460877,0.00032526245922781527,0.98468416929245,0.013156087137758732,9.771730401553214e-05,Light_T1
/home/lmy/iot-device-classification/dataset/light_T1/round7_jitter/light_T1_r7.pcapng,R7,2,20.04800081253052,0.0033863724675029516,0.0009186381939798594,0.7194936871528625,0.2755146622657776,0.0006866592448204756,Light_T1
/home/lmy/iot-device-classification/dataset/light_T1/round7_jitter/light_T1_r7.pcapng,R7,3,30.063565969467163,8.533719665138051e-05,0.00019933952717110515,0.9984325766563416,0.0010853578569367528,0.0001973718317458406,Light_T1
/home/lmy/iot-device-classification/dataset/light_T1/round7_jitter/light_T1_r7.pcapng,R7,4,40.06728911399841,0.00015217287000268698,0.00012249796418473125,0.9974946975708008,0.0021582222543656826,7.238051330205053e-05,Light_T1
/home/lmy/iot-device-classification/dataset/light_T1/round7_jitter/light_T1_r7.pcapng,R7,5,50.07764315605164,0.00018607771198730916,0.0005329662817530334,0.9976811408996582,0.00123016897123307,0.0003696568892337382,Light_T1
/home/lmy/iot-device-classification/dataset/light_T1/round7_jitter/light_T1_r7.pcapng,R7,6,60.08731937408447,0.0011867033317685127,0.005578304640948772,0.9278029799461365,0.06356696039438248,0.0018650316633284092,Light_T1
/home/lmy/iot-device-classification/dataset/light_T1/round7_jitter/light_T1_r7.pcapng,R7,7,70.09794211387634,4.1265739127993584e-05,6.982828926993534e-05,0.9904491305351257,0.009354659356176853,8.506295853294432e-05,Light_T1
/home/lmy/iot-device-classification/dataset/light_T1/round7_jitter/light_T1_r7.pcapng,R7,8,80.1071310043335,0.0005503181600943208,0.0018088379874825478,0.9917066097259521,0.00506635894998908,0.0008679155725985765,Light_T1
/home/lmy/iot-device-classification/dataset/light_T1/round7_jitter/light_T1_r7.pcapng,R7,9,90.11689686775208,0.2286718785762787,0.0005719446344301105,0.7658759355545044,0.00468340702354908,0.00019681900448631495,Light_T1
/home/lmy/iot-device-classification/dataset/light_T1/round7_jitter/light_T1_r7.pcapng,R7,10,100.12655091285706,0.002136988565325737,0.00010873962310142815,0.9961471557617188,0.0015267322305589914,8.037111547309905e-05,Light_T1
/home/lmy/iot-device-classification/dataset/light_T1/round7_jitter/light_T1_r7.pcapng,R7,11,110.13692212104796,5.629636871162802e-05,0.000257661595242098,0.9993118047714233,0.00024531365488655865,0.000128913699882105,Light_T1
/home/lmy/iot-device-classification/dataset/light_T1/round7_jitter/light_T1_r7.pcapng,R7,12,120.14663791656494,0.038451310247182846,0.09584292769432068,0.5549761056900024,0.30820736289024353,0.002522281603887677,Light_T1
/home/lmy/iot-device-classification/dataset/light_T1/round7_jitter/light_T1_r7.pcapng,R7,13,130.15641498565674,9.668767597759143e-05,0.0001865190133685246,0.9555376768112183,0.04400348663330078,0.0001756333076627925,Light_T1
/home/lmy/iot-device-classification/dataset/light_T1/round7_jitter/light_T1_r7.pcapng,R7,14,140.05563259124756,0.000234637685935013,0.0007196468650363386,0.5538451075553894,0.44460219144821167,0.0005983694572933018,Light_T1
/home/lmy/iot-device-classification/dataset/light_T1/round7_jitter/light_T1_r7.pcapng,R7,15,150.17712831497192,0.0013438811292871833,0.00560823455452919,0.9863836765289307,0.0053807590156793594,0.0012834506342187524,Light_T1
/home/lmy/iot-device-classification/dataset/light_T1/round7_jitter/light_T1_r7.pcapng,R7,16,160.18593072891235,3.5373104765312746e-05,6.237019988475367e-05,0.9979531764984131,0.0018878973787650466,6.11204668530263e-05,Light_T1
/home/lmy/iot-device-classification/dataset/light_T1/round7_jitter/light_T1_r7.pcapng,R7,17,170.19575214385986,0.0002883354900404811,0.0016799969598650932,0.9957731366157532,0.001490262569859624,0.0007682357099838555,Light_T1
/home/lmy/iot-device-classification/dataset/light_T1/round7_jitter/light_T1_r7.pcapng,R7,18,180.2058882713318,6.759951793355867e-05,0.00018381430709268898,0.9994993209838867,0.00015063790488056839,9.866231994237751e-05,Light_T1
/home/lmy/iot-device-classification/dataset/light_T1/round7_jitter/light_T1_r7.pcapng,R7,19,190.21613597869876,5.829074143548496e-05,0.0001878542680060491,0.9930845499038696,0.006582863163203001,8.648860239190981e-05,Light_T1
/home/lmy/iot-device-classification/dataset/light_T1/round7_jitter/light_T1_r7.pcapng,R7,20,200.22555923461917,5.987032636767253e-06,7.44495901017217e-06,0.9999451637268066,3.119721804978326e-05,1.0211584594799206e-05,Light_T1
/home/lmy/iot-device-classification/dataset/light_T1/round7_jitter/light_T1_r7.pcapng,R7,21,210.23527669906616,0.0011766708921641111,0.0010562905808910728,0.453387588262558,0.5433653593063354,0.0010140950325876474,Light_T1
/home/lmy/iot-device-classification/dataset/light_T1/round7_jitter/light_T1_r7.pcapng,R7,22,220.24529242515564,7.408661076624412e-06,2.7692345611285418e-05,0.9996964931488037,0.00025132650625891984,1.7095759176299907e-05,Light_T1
/home/lmy/iot-device-classification/dataset/light_T1/round7_jitter/light_T1_r7.pcapng,R7,23,230.05547976493835,4.774521949002519e-05,0.0002517545653972775,0.9682604670524597,0.0313117690384388,0.00012822877033613622,Light_T1
/home/lmy/iot-device-classification/dataset/light_T1/round7_jitter/light_T1_r7.pcapng,R7,24,240.1714367866516,4.600185275194235e-05,0.0002006876893574372,0.9991047978401184,0.0005782258813269436,7.022375939413905e-05,Light_T1
/home/lmy/iot-device-classification/dataset/light_T1/round7_jitter/light_T1_r7.pcapng,R7,25,250.27530336380005,4.329708099248819e-05,4.631063711713068e-05,0.9712196588516235,0.02861516736447811,7.557347271358594e-05,Light_T1
/home/lmy/iot-device-classification/dataset/light_T1/round7_jitter/light_T1_r7.pcapng,R7,26,260.0489616394043,1.1027355867554434e-05,3.337005546200089e-05,0.9990173578262329,0.0009189276024699211,1.9356233678990975e-05,Light_T1
/home/lmy/iot-device-classification/dataset/light_T1/round7_jitter/light_T1_r7.pcapng,R7,27,270.2945628166199,0.0005603051977232099,0.0018822571728378534,0.9947975873947144,0.0017538374522700906,0.0010060330387204885,Light_T1
/home/lmy/iot-device-classification/dataset/light_T1/round7_jitter/light_T1_r7.pcapng,R7,28,280.3049385547638,0.0001580120879225433,0.000230594610911794,0.5907719731330872,0.4086950123310089,0.00014441505481954664,Light_T1
/home/lmy/iot-device-classification/dataset/light_T1/round7_jitter/light_T1_r7.pcapng,R7,29,290.0768404006958,0.0005404744879342616,2.2765198082197458e-05,0.99824059009552,0.0011604173341766,3.576747985789552e-05,Light_T1
/home/lmy/iot-device-classification/dataset/light_T1/round7_jitter/light_T1_r7.pcapng,R7,30,300.051721572876,0.0004463766235858202,0.0008930815383791924,0.9563423991203308,0.04166332259774208,0.0006548434030264616,Light_T1
/home/lmy/iot-device-classification/dataset/light_T1/round7_jitter/light_T1_r7.pcapng,R7,31,310.3345739841461,3.9787846617400646e-05,7.009239197941497e-05,0.9816392660140991,0.018177740275859833,7.314833055716008e-05,Light_T1
/home/lmy/iot-device-classification/dataset/light_T1/round7_jitter/light_T1_r7.pcapng,R7,32,320.1069979667664,1.7427541024517268e-05,3.453089084359817e-05,0.9971855282783508,0.0027129172813147306,4.9615064199315384e-05,Light_T1
/home/lmy/iot-device-classification/dataset/light_T1/round7_jitter/light_T1_r7.pcapng,R7,33,330.35433769226074,0.004284826572984457,0.001050404505804181,0.9094834923744202,0.08374547958374023,0.0014357930049300194,Light_T1
/home/lmy/iot-device-classification/dataset/light_T1/round7_jitter/light_T1_r7.pcapng,R7,34,340.3640809059143,6.502817996079102e-05,0.0001458243204979226,0.9941198825836182,0.005575645249336958,9.362780838273466e-05,Light_T1
/home/lmy/iot-device-classification/dataset/light_T1/round7_jitter/light_T1_r7.pcapng,R7,35,350.1359212398529,3.692885366035625e-05,3.0513774618157186e-05,0.9917003512382507,0.008173725567758083,5.842550308443606e-05,Light_T1
/home/lmy/iot-device-classification/dataset/light_T1/round7_jitter/light_T1_r7.pcapng,R7,36,360.3840072154999,0.000243304661125876,0.0009409236372448504,0.9920810461044312,0.006433125585317612,0.0003016098344232887,Light_T1
/home/lmy/iot-device-classification/dataset/light_T1/round7_jitter/light_T1_r7.pcapng,R7,37,370.3935234546661,7.390919927274808e-05,0.00014274496061261743,0.23704157769680023,0.7625563144683838,0.00018549361266195774,Light_T1
/home/lmy/iot-device-classification/dataset/light_T1/round7_jitter/light_T1_r7.pcapng,R7,38,380.1665108203888,3.207924237358384e-05,2.825653245963622e-05,0.9995977282524109,0.0003071000683121383,3.486661444185302e-05,Light_T1
/home/lmy/iot-device-classification/dataset/light_T1/round7_jitter/light_T1_r7.pcapng,R7,39,390.4137887954712,3.409846613067202e-05,5.554949166253209e-05,0.9997231364250183,0.0001269932254217565,6.020359069225378e-05,Light_T1
/home/lmy/iot-device-classification/dataset/light_T1/round7_jitter/light_T1_r7.pcapng,R7,40,400.4256613254547,4.007698589703068e-05,3.382779686944559e-05,0.9971657395362854,0.0026989979669451714,6.1379476392176e-05,Light_T1
/home/lmy/iot-device-classification/dataset/light_T1/round7_jitter/light_T1_r7.pcapng,R7,41,410.20144724845886,6.620545718760695e-06,2.0574780137394555e-05,0.9997828602790833,0.00017402581579517573,1.5911607988527976e-05,Light_T1
/home/lmy/iot-device-classification/dataset/light_T1/round7_jitter/light_T1_r7.pcapng,R7,42,420.2179889678955,0.001044859760440886,0.0034837431740015745,0.9907957911491394,0.003451720578595996,0.001223896979354322,Light_T1
/home/lmy/iot-device-classification/dataset/light_T1/round7_jitter/light_T1_r7.pcapng,R7,43,430.4550867080689,4.645553053705953e-05,5.83922810619697e-05,0.9979625940322876,0.0018561179749667645,7.64467113185674e-05,Light_T1
/home/lmy/iot-device-classification/dataset/light_T1/round7_jitter/light_T1_r7.pcapng,R7,44,440.2248787879944,2.842631693056319e-05,7.887709944043308e-05,0.9988007545471191,0.0010366790229454637,5.521069033420645e-05,Light_T1
/home/lmy/iot-device-classification/dataset/light_T1/round7_jitter/light_T1_r7.pcapng,R7,45,450.4994564056397,2.5639543309807777e-05,2.043733729806263e-05,0.04892595112323761,0.9509835839271545,4.4374137360136956e-05,Light_T1
/home/lmy/iot-device-classification/dataset/light_T1/round7_jitter/light_T1_r7.pcapng,R7,46,460.48314476013184,0.5620526075363159,0.00220444961450994,0.39761266112327576,0.03664127737283707,0.0014889801386743784,Light_T1
/home/lmy/iot-device-classification/dataset/light_T1/round7_jitter/light_T1_r7.pcapng,R7,47,470.00690269470215,2.0900874005747028e-05,3.5421489883447066e-05,0.9993069171905518,0.0005994857638143003,3.7242676626192406e-05,Light_T1
/home/lmy/iot-device-classification/dataset/light_T1/round7_jitter/light_T1_r7.pcapng,R7,48,480.5026588439941,0.003979511559009552,0.0049924086779356,0.950524091720581,0.038390204310417175,0.0021137655712664127,Light_T1
/home/lmy/iot-device-classification/dataset/light_T1/round7_jitter/light_T1_r7.pcapng,R7,49,490.5138256549835,0.00023403484374284744,0.0005616070120595396,0.3483326733112335,0.6504732966423035,0.0003983301867265254,Light_T1
/home/lmy/iot-device-classification/dataset/light_T1/round7_jitter/light_T1_r7.pcapng,R7,50,500.0332877635956,4.836489097215235e-05,0.00011402299423934892,0.9962312579154968,0.003484112676233053,0.00012222060468047857,Light_T1
/home/lmy/iot-device-classification/dataset/light_T1/round7_jitter/light_T1_r7.pcapng,R7,51,510.5382380485535,0.006152086425572634,0.0031367666088044643,0.6710615158081055,0.3179909586906433,0.0016586089041084051,Light_T1
/home/lmy/iot-device-classification/dataset/light_T1/round7_jitter/light_T1_r7.pcapng,R7,52,520.4843895435333,0.00010422682680655271,0.0006092797266319394,0.9981929659843445,0.000897605437785387,0.0001959121582331136,Light_T1
/home/lmy/iot-device-classification/dataset/light_T1/round7_jitter/light_T1_r7.pcapng,R7,53,530.0646176338196,0.00013128307182341814,0.0001894358138088137,0.8320742249488831,0.1674489825963974,0.0001560911478009075,Light_T1
/home/lmy/iot-device-classification/dataset/light_T1/round7_jitter/light_T1_r7.pcapng,R7,54,540.1856939792633,5.642228643409908e-05,0.00028404765180312097,0.9991305470466614,0.00041812408016994596,0.0001108311116695404,Light_T1
/home/lmy/iot-device-classification/dataset/light_T1/round7_jitter/light_T1_r7.pcapng,R7,55,550.5736410617828,0.0002555402461439371,0.0011258389567956328,0.9964930415153503,0.0015038854908198118,0.0006216411711648107,Light_T1
/home/lmy/iot-device-classification/dataset/light_T1/round7_jitter/light_T1_r7.pcapng,R7,56,560.0932314395905,2.7177356969332322e-05,4.8361536755692214e-05,0.998178243637085,0.0017044502310454845,4.180116593488492e-05,Light_T1
/home/lmy/iot-device-classification/dataset/light_T1/round7_jitter/light_T1_r7.pcapng,R7,57,570.5927035808563,0.000456867681350559,0.001121626584790647,0.9942365288734436,0.0035510228481143713,0.0006340104155242443,Light_T1
/home/lmy/iot-device-classification/dataset/light_T1/round7_jitter/light_T1_r7.pcapng,R7,58,580.0999732017517,3.7036377761978656e-05,0.0003302997210994363,0.9974164962768555,0.0021309824660420418,8.514537330484018e-05,Light_T1
/home/lmy/iot-device-classification/dataset/light_T1/round7_jitter/light_T1_r7.pcapng,R7,59,590.0478937625885,4.6581266360590234e-05,0.00017363579536322504,0.9979094862937927,0.0018142379121854901,5.597679046331905e-05,Light_T1
/home/lmy/iot-device-classification/dataset/light_T1/round7_jitter/light_T1_r7.pcapng,R7,60,600.6227865219116,0.008986763656139374,0.0015626619569957256,0.7191783785820007,0.2689235806465149,0.0013486413517966866,Light_T1
/home/lmy/iot-device-classification/dataset/light_T1/round7_jitter/light_T1_r7.pcapng,R7,61,610.6326720714569,2.310361924173776e-05,2.2084494048613124e-05,0.9998451471328735,7.806311623426154e-05,3.156144521199167e-05,Light_T1
/home/lmy/iot-device-classification/dataset/light_T1/round7_jitter/light_T1_r7.pcapng,R7,62,620.1501660346985,8.531416824553162e-06,1.0805929377966095e-05,0.9959700107574463,0.003996433224529028,1.4298747373686638e-05,Light_T1
/home/lmy/iot-device-classification/dataset/light_T1/round7_jitter/light_T1_r7.pcapng,R7,63,630.2967171669006,0.0001333467080257833,0.0006237386842258275,0.9971818923950195,0.0017099602846428752,0.00035107642179355025,Light_T1
/home/lmy/iot-device-classification/dataset/light_T1/round7_jitter/light_T1_r7.pcapng,R7,64,640.6621403694153,0.00025898637250065804,0.0009362746495753527,0.9921371340751648,0.006035282742232084,0.0006322512635961175,Light_T1
/home/lmy/iot-device-classification/dataset/light_T1/round7_jitter/light_T1_r7.pcapng,R7,65,650.1801087856293,1.0338652828068007e-05,1.6059555491665378e-05,0.9996728897094727,0.00028252258198335767,1.8219843695987947e-05,Light_T1
/home/lmy/iot-device-classification/dataset/light_T1/round7_jitter/light_T1_r7.pcapng,R7,66,660.6827273368835,0.0002008924202527851,0.0009782365523278713,0.9975873231887817,0.0007361147436313331,0.0004974541952833533,Light_T1
/home/lmy/iot-device-classification/dataset/light_T1/round7_jitter/light_T1_r7.pcapng,R7,67,670.6919605731964,1.3543817658501212e-05,3.324195131426677e-05,0.9997969269752502,0.00013008520181756467,2.6259382138960063e-05,Light_T1
/home/lmy/iot-device-classification/dataset/light_T1/round7_jitter/light_T1_r7.pcapng,R7,68,680.207145690918,2.0817788026761264e-05,3.4042961488012224e-05,0.9991576671600342,0.0007505787070840597,3.689198274514638e-05,Light_T1
/home/lmy/iot-device-classification/dataset/light_T1/round7_jitter/light_T1_r7.pcapng,R7,69,690.7126245498657,0.00010661617125151679,0.00048562197480350733,0.997654914855957,0.0015917313285171986,0.00016114058962557465,Light_T1
/home/lmy/iot-device-classification/dataset/light_T1/round7_jitter/light_T1_r7.pcapng,R7,70,700.72283411026,0.00043383793672546744,0.0023138090036809444,0.9934159517288208,0.0029181120917201042,0.0009183337679132819,Light_T1
/home/lmy/iot-device-classification/dataset/light_T1/round7_jitter/light_T1_r7.pcapng,R7,71,710.2343957424164,0.00010529322025831789,8.714907744433731e-05,0.6205734014511108,0.37910744547843933,0.00012671254808083177,Light_T1
/home/lmy/iot-device-classification/dataset/light_T1/round7_jitter/light_T1_r7.pcapng,R7,72,720.0522513389587,0.00031308509642258286,0.00035702556488104165,0.13114860653877258,0.867863118648529,0.00031815379043109715,Light_T1
/home/lmy/iot-device-classification/dataset/light_T1/round7_jitter/light_T1_r7.pcapng,R7,73,730.7529220581055,0.00015902174345683306,0.0005273441784083843,0.9988790154457092,0.0002959687844850123,0.0001386225485475734,Light_T1
/home/lmy/iot-device-classification/dataset/light_T1/round7_jitter/light_T1_r7.pcapng,R7,74,740.3317921161652,1.4843182725599036e-05,1.3032312381255906e-05,0.9995667338371277,0.00039003705023787916,1.5354116840171628e-05,Light_T1
/home/lmy/iot-device-classification/dataset/light_T1/round7_jitter/light_T1_r7.pcapng,R7,75,750.771378993988,7.0426331149064936e-06,8.106128916551825e-06,0.9998366832733154,0.0001268120831809938,2.133184898411855e-05,Light_T1
/home/lmy/iot-device-classification/dataset/light_T1/round7_jitter/light_T1_r7.pcapng,R7,76,760.7827155590057,7.281675789272413e-05,0.0001341662573395297,0.9994114637374878,0.0003056140267290175,7.591231405967847e-05,Light_T1
/home/lmy/iot-device-classification/dataset/light_T1/round7_jitter/light_T1_r7.pcapng,R7,77,770.2977859973907,3.436466431594454e-05,6.912811659276485e-05,0.9705436825752258,0.029271796345710754,8.100012928480282e-05,Light_T1
/home/lmy/iot-device-classification/dataset/light_T1/round7_jitter/light_T1_r7.pcapng,R7,78,780.802606344223,0.0036620059981942177,0.0021485111210495234,0.9211767911911011,0.07213643938302994,0.0008762740762904286,Light_T1
/home/lmy/iot-device-classification/dataset/light_T1/round7_jitter/light_T1_r7.pcapng,R7,79,790.8126156330109,6.876583211123943e-05,0.00025640433887019753,0.9993860721588135,0.0001834561990108341,0.00010523565288167447,Light_T1
/home/lmy/iot-device-classification/dataset/light_T1/round7_jitter/light_T1_r7.pcapng,R7,80,800.3265085220337,0.0004059562343172729,5.829677320434712e-05,0.9911491870880127,0.008318924345076084,6.767169543309137e-05,Light_T1
/home/lmy/iot-device-classification/dataset/light_T1/round7_jitter/light_T1_r7.pcapng,R7,81,810.8322281837463,7.963622192619368e-05,0.00022009224630892277,0.9987592697143555,0.000775819702539593,0.0001651584025239572,Light_T1
/home/lmy/iot-device-classification/dataset/light_T1/round7_jitter/light_T1_r7.pcapng,R7,82,820.8418576717377,0.00032966057187877595,0.0010446242522448301,0.9925884008407593,0.005521025974303484,0.0005162606830708683,Light_T1
/home/lmy/iot-device-classification/dataset/light_T1/round7_jitter/light_T1_r7.pcapng,R7,83,830.3549430370331,5.085828888695687e-06,7.785411980876233e-06,0.9999371767044067,4.319929939811118e-05,6.8034760261070915e-06,Light_T1
/home/lmy/iot-device-classification/dataset/light_T1/round7_jitter/light_T1_r7.pcapng,R7,84,840.862199306488,0.000373388291336596,0.0009891183581203222,0.45552894473075867,0.5425664782524109,0.000542067049536854,Light_T1
/home/lmy/iot-device-classification/dataset/light_T1/round7_jitter/light_T1_r7.pcapng,R7,85,850.9965329170227,0.01833014003932476,0.06164654344320297,0.8830292820930481,0.034630369395017624,0.002363603562116623,Light_T1
/home/lmy/iot-device-classification/dataset/light_T1/round7_jitter/light_T1_r7.pcapng,R7,86,860.3834731578827,0.011418871581554413,0.0001115283666877076,0.987636387348175,0.0007588030421175063,7.443589129252359e-05,Light_T1
/home/lmy/iot-device-classification/dataset/light_T1/round7_jitter/light_T1_r7.pcapng,R7,87,870.891560792923,0.001222184975631535,0.002475690795108676,0.9936394095420837,0.001964000752195716,0.0006986610242165625,Light_T1
/home/lmy/iot-device-classification/dataset/light_T1/round7_jitter/light_T1_r7.pcapng,R7,88,880.9019753932953,3.585410013329238e-05,0.0002467627346049994,0.999516487121582,0.000134465895825997,6.645874964306131e-05,Light_T1
/home/lmy/iot-device-classification/dataset/light_T1/round7_jitter/light_T1_r7.pcapng,R7,89,890.4155569076538,0.0040519884787499905,0.00011453178740339354,0.9572228193283081,0.038515884429216385,9.469887299928814e-05,Light_T1
/home/lmy/iot-device-classification/dataset/light_T1/round7_jitter/light_T1_r7.pcapng,R7,90,900.1460356712341,0.0018822308629751205,0.001226533786393702,0.17213472723960876,0.8242576718330383,0.0004988321452401578,Light_T1
/home/lmy/iot-device-classification/dataset/light_T1/round7_jitter/light_T1_r7.pcapng,R7,91,910.9320061206818,2.4614368157926947e-05,8.89661387191154e-05,0.9997525811195374,8.595045073889196e-05,4.790756793227047e-05,Light_T1
/home/lmy/iot-device-classification/dataset/light_T1/round7_jitter/light_T1_r7.pcapng,R7,92,920.44535279274,5.5908945796545595e-05,3.8643098378088325e-05,0.9986886382102966,0.001177225960418582,3.9583763282280415e-05,Light_T1
/home/lmy/iot-device-classification/dataset/light_T1/round7_jitter/light_T1_r7.pcapng,R7,93,930.9525468349456,0.0001248449261765927,0.00024546514032408595,0.9993264675140381,0.00018615896988194436,0.00011713028652593493,Light_T1
/home/lmy/iot-device-classification/dataset/light_T1/round7_jitter/light_T1_r7.pcapng,R7,94,940.9624571800232,0.0005004051490686834,0.003928803838789463,0.9808629751205444,0.013871836476027966,0.0008359742350876331,Light_T1
/home/lmy/iot-device-classification/dataset/light_T1/round7_jitter/light_T1_r7.pcapng,R7,95,950.4533109664916,2.1275774997775443e-05,4.9415270041208714e-05,0.9890009164810181,0.010880166664719582,4.8161178710870445e-05,Light_T1
/home/lmy/iot-device-classification/dataset/light_T1/round7_jitter/light_T1_r7.pcapng,R7,96,960.4484717845916,0.00020454157493077219,0.0007942579104565084,0.9977178573608398,0.0008232145337387919,0.0004601874097716063,Light_T1
/home/lmy/iot-device-classification/dataset/light_T1/round7_jitter/light_T1_r7.pcapng,R7,97,970.991350889206,9.26422762859147e-06,3.169594128848985e-05,0.9997727274894714,0.00016769407375250012,1.8660966816241853e-05,Light_T1
/home/lmy/iot-device-classification/dataset/light_T1/round7_jitter/light_T1_r7.pcapng,R7,98,980.4620735645294,2.615030780361849e-06,5.656854227709118e-06,0.9999485015869141,3.802647552220151e-05,5.168363259144826e-06,Light_T1
/home/lmy/iot-device-classification/dataset/light_T1/round7_jitter/light_T1_r7.pcapng,R7,99,990.1346423625946,0.005423029884696007,0.02730327844619751,0.9635096788406372,0.0025627342984080315,0.001201250241138041,Light_T1
/home/lmy/iot-device-classification/dataset/light_T1/round7_jitter/light_T1_r7.pcapng,R7,100,1000.1039853096008,1.264933143829694e-05,2.9506771170417778e-05,0.9994491934776306,0.0004845529329031706,2.4071106963674538e-05,Light_T1
/home/lmy/iot-device-classification/dataset/light_T1/round7_jitter/light_T1_r7.pcapng,R7,101,1010.4834389686584,0.00018190601258538663,0.00021892307267989963,0.9004727005958557,0.09892761707305908,0.00019891944248229265,Light_T1
/home/lmy/iot-device-classification/dataset/light_T1/round7_jitter/light_T1_r7.pcapng,R7,102,1021.0451154708862,0.00023414382303599268,0.0011327716056257486,0.9974591135978699,0.0006933341501280665,0.0004806617507711053,Light_T1
/home/lmy/iot-device-classification/dataset/light_T1/round7_jitter/light_T1_r7.pcapng,R7,103,1031.0521433353424,0.00013905580271966755,0.0003226309490855783,0.9925557971000671,0.006791696418076754,0.0001908375706989318,Light_T1
/home/lmy/iot-device-classification/dataset/light_T1/round7_jitter/light_T1_r7.pcapng,R7,104,1040.1335709095,3.097544686170295e-05,6.287168798735365e-05,0.9909082651138306,0.008932222612202168,6.567528907908127e-05,Light_T1
/home/lmy/iot-device-classification/dataset/light_T1/round7_jitter/light_T1_r7.pcapng,R7,105,1051.072004556656,0.0005934268701821566,0.0018954016268253326,0.9952390193939209,0.00149650895036757,0.0007756008417345583,Light_T1
/home/lmy/iot-device-classification/dataset/light_T1/round7_jitter/light_T1_r7.pcapng,R7,106,1061.0818014144895,7.4362037594255526e-06,1.2355442777334247e-05,0.9998708963394165,9.165168012259528e-05,1.7689933883957565e-05,Light_T1
/home/lmy/iot-device-classification/dataset/light_T1/round7_jitter/light_T1_r7.pcapng,R7,107,1070.5313069820404,6.68940192554146e-05,7.20843963790685e-05,0.9849275350570679,0.014851657673716545,8.183132740668952e-05,Light_T1
/home/lmy/iot-device-classification/dataset/light_T1/round7_jitter/light_T1_r7.pcapng,R7,108,1081.1010556221008,0.00022521997743751854,0.0005966261378489435,0.9977012276649475,0.0009242873056791723,0.0005526729510165751,Light_T1
/home/lmy/iot-device-classification/dataset/light_T1/round7_jitter/light_T1_r7.pcapng,R7,109,1091.1111159324646,2.7338222935213707e-05,9.260227670893073e-05,0.9994339346885681,0.0004097979108337313,3.6284985981183127e-05,Light_T1
/home/lmy/iot-device-classification/dataset/light_T1/round7_jitter/light_T1_r7.pcapng,R7,110,1100.5421550273895,3.8334401324391365e-05,9.580854384694248e-05,0.9965726137161255,0.0032274527475237846,6.581541674677283e-05,Light_T1
/home/lmy/iot-device-classification/dataset/light_T1/round7_jitter/light_T1_r7.pcapng,R7,111,1110.3625268936155,0.00025643419940024614,0.0005638645379804075,0.9978243112564087,0.0009538741433061659,0.00040155407623387873,Light_T1
/home/lmy/iot-device-classification/dataset/light_T1/round7_jitter/light_T1_r7.pcapng,R7,112,1121.1415712833405,7.656836532987654e-05,0.0003422715235501528,0.9992104768753052,0.00022567537962459028,0.00014503610145766288,Light_T1
/home/lmy/iot-device-classification/dataset/light_T1/round7_jitter/light_T1_r7.pcapng,R7,113,1130.552903175354,0.004007853101938963,0.00022146073752082884,0.8425871133804321,0.1530534029006958,0.00013016459706705064,Light_T1
/home/lmy/iot-device-classification/dataset/light_T1/round7_jitter/light_T1_r7.pcapng,R7,114,1140.2332000732422,4.883002930000657e-06,1.4720396393386181e-05,0.9999556541442871,1.3877546734875068e-05,1.0874177860387135e-05,Light_T1
/home/lmy/iot-device-classification/dataset/light_T1/round7_jitter/light_T1_r7.pcapng,R7,115,1151.171682357788,0.038451310247182846,0.09584292769432068,0.5549761056900024,0.30820736289024353,0.002522281603887677,Light_T1
/home/lmy/iot-device-classification/dataset/light_T1/round7_jitter/light_T1_r7.pcapng,R7,116,1160.5810778141022,1.309178060182603e-05,1.4868611287965905e-05,0.998816728591919,0.0011314611183479428,2.391414818703197e-05,Light_T1
/home/lmy/iot-device-classification/dataset/light_T1/round7_jitter/light_T1_r7.pcapng,R7,117,1171.1927196979525,0.0001413654681527987,0.0003595617599785328,0.9988023042678833,0.0005752551951445639,0.00012155577860539779,Light_T1
/home/lmy/iot-device-classification/dataset/light_T1/round7_jitter/light_T1_r7.pcapng,R7,118,1180.1839439868927,0.00027788543957285583,0.0016052750870585442,0.9960657954216003,0.0014127553440630436,0.0006383370491676033,Light_T1
/home/lmy/iot-device-classification/dataset/light_T1/round7_jitter/light_T1_r7.pcapng,R7,119,1190.6105785369873,6.304114776867209e-06,1.1580100363062229e-05,0.9998683929443359,0.00010576315980870277,7.944750905153342e-06,Light_T1
/home/lmy/iot-device-classification/dataset/light_T1/round7_jitter/light_T1_r7.pcapng,R7,120,1201.2344241142273,0.0002487414167262614,0.0006985992658883333,0.9972642660140991,0.0013713723747059703,0.0004170241591054946,Light_T1
/home/lmy/iot-device-classification/dataset/light_T1/round7_jitter/light_T1_r7.pcapng,R7,121,1211.23255610466,0.000363947416190058,0.0014141857391223311,0.9957126379013062,0.0018771453760564327,0.0006320867105387151,Light_T1
/home/lmy/iot-device-classification/dataset/light_T1/round7_jitter/light_T1_r7.pcapng,R7,122,1220.6412916183472,7.792726137267891e-06,9.802460226637777e-06,0.9996680021286011,0.0003010565123986453,1.3351638699532486e-05,Light_T1
/home/lmy/iot-device-classification/dataset/light_T1/round7_jitter/light_T1_r7.pcapng,R7,123,1231.2546496391296,9.211026917910203e-05,0.0002681782643776387,0.9993119239807129,0.00024164731439668685,8.615255501354113e-05,Light_T1
/home/lmy/iot-device-classification/dataset/light_T1/round7_jitter/light_T1_r7.pcapng,R7,124,1241.2109916210177,0.00015374903159681708,0.00047657990944571793,0.5920920968055725,0.406844824552536,0.0004327642673160881,Light_T1
/home/lmy/iot-device-classification/dataset/light_T1/round7_jitter/light_T1_r7.pcapng,R7,125,1250.134003162384,1.0633773854351602e-05,1.4671052667836193e-05,0.9994257688522339,0.0005324434605427086,1.656851418374572e-05,Light_T1
/home/lmy/iot-device-classification/dataset/light_T1/round7_jitter/light_T1_r7.pcapng,R7,126,1260.5338444709778,0.0003318644594401121,0.006731737870723009,0.9911296367645264,0.0010838875314220786,0.0007229080656543374,Light_T1
/home/lmy/iot-device-classification/dataset/light_T1/round7_jitter/light_T1_r7.pcapng,R7,127,1271.292032957077,2.9787830499117263e-05,8.092447387753054e-05,0.998285710811615,0.001527058077044785,7.655040826648474e-05,Light_T1
/home/lmy/iot-device-classification/dataset/light_T1/round7_jitter/light_T1_r7.pcapng,R7,128,1280.7025561332705,2.3773283828631975e-05,4.456691749510355e-05,0.9970400929450989,0.0028415394481271505,4.995939525542781e-05,Light_T1
/home/lmy/iot-device-classification/dataset/light_T1/round7_jitter/light_T1_r7.pcapng,R7,129,1291.3150460720062,0.41071248054504395,0.001213851268403232,0.5831950902938843,0.0043485271744430065,0.0005300409975461662,Light_T1
/home/lmy/iot-device-classification/dataset/light_T1/round7_jitter/light_T1_r7.pcapng,R7,130,1300.7929785251615,0.004151815548539162,0.0020376741886138916,0.9905968904495239,0.0021924918983131647,0.0010211039334535599,Light_T1
/home/lmy/iot-device-classification/dataset/light_T1/round7_jitter/light_T1_r7.pcapng,R7,131,1310.4630391597748,4.219806214678101e-05,7.52811465645209e-05,0.9966496825218201,0.0031710676848888397,6.178478361107409e-05,Light_T1
/home/lmy/iot-device-classification/dataset/light_T1/round7_jitter/light_T1_r7.pcapng,R7,132,1321.3410675525663,0.0002793526800815016,0.0007849818211980164,0.9970388412475586,0.001308480859734118,0.0005883493577130139,Light_T1
/home/lmy/iot-device-classification/dataset/light_T1/round7_jitter/light_T1_r7.pcapng,R7,133,1331.351615190506,0.0003402142319828272,0.0028372311498969793,0.9923567771911621,0.0041496469639241695,0.0003161182685289532,Light_T1
/home/lmy/iot-device-classification/dataset/light_T1/round7_jitter/light_T1_r7.pcapng,R7,134,1340.051219701767,1.0326971278118435e-05,1.508334116806509e-05,0.9998965263366699,6.127962114987895e-05,1.6770451111369766e-05,Light_T1
/home/lmy/iot-device-classification/dataset/light_T1/round7_jitter/light_T1_r7.pcapng,R7,135,1350.897925376892,0.005481666419655085,0.0017424204852432013,0.9575480222702026,0.03512025624513626,0.00010768701031338423,Light_T1
/home/lmy/iot-device-classification/dataset/light_T1/round7_jitter/light_T1_r7.pcapng,R7,136,1360.3736779689789,0.00013513717567548156,0.0009618455078452826,0.9953848719596863,0.00324943452142179,0.00026874005561694503,Light_T1
/home/lmy/iot-device-classification/dataset/light_T1/round7_jitter/light_T1_r7.pcapng,R7,137,1370.1304304599762,1.992677425732836e-05,6.465869228122756e-05,0.9987218976020813,0.0011581177823245525,3.535382711561397e-05,Light_T1
/home/lmy/iot-device-classification/dataset/light_T1/round7_jitter/light_T1_r7.pcapng,R7,138,1381.4047260284424,0.00026729816454462707,0.0011960556730628014,0.9410991668701172,0.05689239874482155,0.0005450838943943381,Light_T1
/home/lmy/iot-device-classification/dataset/light_T1/round7_jitter/light_T1_r7.pcapng,R7,139,1391.4109315872192,3.293384725111537e-05,0.00012304911797400564,0.999722421169281,6.075662167859264e-05,6.085392669774592e-05,Light_T1
/home/lmy/iot-device-classification/dataset/light_T1/round7_jitter/light_T1_r7.pcapng,R7,140,1400.8392832279203,0.0031787045300006866,0.00013674070942215621,0.9938115477561951,0.0027849306352436543,8.81082087289542e-05,Light_T1
/home/lmy/iot-device-classification/dataset/light_T1/round7_jitter/light_T1_r7.pcapng,R7,141,1411.4318280220032,5.8724086557049304e-05,0.00029524764977395535,0.999342143535614,0.0002148767380276695,8.898568921722472e-05,Light_T1
/home/lmy/iot-device-classification/dataset/light_T1/round7_jitter/light_T1_r7.pcapng,R7,142,1421.441150188446,0.000546611612662673,0.001455228659324348,0.9913076758384705,0.005894978065043688,0.000795509316958487,Light_T1
/home/lmy/iot-device-classification/dataset/light_T1/round7_jitter/light_T1_r7.pcapng,R7,143,1430.851717710495,5.787809641333297e-06,1.4378536434378475e-05,0.9999376535415649,3.6409888707567006e-05,5.7449101404927205e-06,Light_T1
/home/lmy/iot-device-classification/dataset/light_T1/round7_jitter/light_T1_r7.pcapng,R7,144,1441.2511003017426,0.0003890511579811573,0.013775032944977283,0.9829121828079224,0.002153657842427492,0.0007700392743572593,Light_T1
/home/lmy/iot-device-classification/dataset/light_T1/round7_jitter/light_T1_r7.pcapng,R7,145,1451.4715051651,5.491263073054142e-05,7.920717325760052e-05,0.9992979764938354,0.0004990539164282382,6.886543269501999e-05,Light_T1
/home/lmy/iot-device-classification/dataset/light_T1/round7_jitter/light_T1_r7.pcapng,R7,146,1460.0417125225067,6.448729436669964e-06,6.7853598011424765e-06,0.9998857975006104,9.369258623337373e-05,7.2746106525301e-06,Light_T1
/home/lmy/iot-device-classification/dataset/light_T1/round7_jitter/light_T1_r7.pcapng,R7,147,1471.3110740184784,5.656910070683807e-05,9.078541916096583e-05,0.9954097867012024,0.0043363566510379314,0.00010646483133314177,Light_T1
/home/lmy/iot-device-classification/dataset/light_T1/round7_jitter/light_T1_r7.pcapng,R7,148,1480.1420805454254,0.0002858538937289268,0.0007684937445446849,0.7322009801864624,0.26630663871765137,0.000438024930190295,Light_T1
/home/lmy/iot-device-classification/dataset/light_T1/round7_jitter/light_T1_r7.pcapng,R7,149,1490.9111003875732,2.351721741433721e-05,4.1444473026786e-05,0.9988753199577332,0.0010285069001838565,3.124317299807444e-05,Light_T1
/home/lmy/iot-device-classification/dataset/light_T1/round7_jitter/light_T1_r7.pcapng,R7,150,1501.5219314098358,6.341344851534814e-05,8.165075996657833e-05,0.9983684420585632,0.0014325228985399008,5.401769885793328e-05,Light_T1
/home/lmy/iot-device-classification/dataset/light_T1/round7_jitter/light_T1_r7.pcapng,R7,151,1511.531478881836,0.00013209375902079046,0.001189672970212996,0.9984387755393982,0.00011623508180491626,0.00012317860091570765,Light_T1
/home/lmy/iot-device-classification/dataset/light_T1/round7_jitter/light_T1_r7.pcapng,R7,152,1520.9417757987976,0.0001492466835770756,0.0002564957248978317,0.5634163618087769,0.43603354692459106,0.0001444012305000797,Light_T1
/home/lmy/iot-device-classification/dataset/light_T1/round7_jitter/light_T1_r7.pcapng,R7,153,1531.16836977005,5.0331167585682124e-05,9.299880912294611e-05,0.9996079802513123,0.00018749924493022263,6.126088555902243e-05,Light_T1
/home/lmy/iot-device-classification/dataset/light_T1/round7_jitter/light_T1_r7.pcapng,R7,154,1541.3321132659912,0.0003599734918680042,0.0008748244727030396,0.9966415166854858,0.0016064634546637535,0.000517194508574903,Light_T1
/home/lmy/iot-device-classification/dataset/light_T1/round7_jitter/light_T1_r7.pcapng,R7,155,1550.318960189819,3.5116619983455166e-05,4.425481893122196e-05,0.9956235289573669,0.004224847070872784,7.22247568774037e-05,Light_T1
/home/lmy/iot-device-classification/dataset/light_T1/round7_jitter/light_T1_r7.pcapng,R7,156,1560.6500267982483,0.0003749624011106789,0.0012627880787476897,0.25684332847595215,0.7410827279090881,0.00043617820483632386,Light_T1
/home/lmy/iot-device-classification/dataset/light_T1/round7_jitter/light_T1_r7.pcapng,R7,157,1571.499595165253,7.896899478510022e-05,8.064087887760252e-05,0.9780093431472778,0.02175578847527504,7.530074071837589e-05,Light_T1
/home/lmy/iot-device-classification/dataset/light_T1/round7_jitter/light_T1_r7.pcapng,R7,158,1581.0016059875488,1.1988874575763475e-05,1.939843969012145e-05,0.9997473359107971,0.00020214042160660028,1.913461346703116e-05,Light_T1
/home/lmy/iot-device-classification/dataset/light_T1/round7_jitter/light_T1_r7.pcapng,R7,159,1591.614247560501,0.00015924448962323368,0.0004591882461681962,0.9965665340423584,0.0026547329034656286,0.00016026799858082086,Light_T1
/home/lmy/iot-device-classification/dataset/light_T1/round7_jitter/light_T1_r7.pcapng,R7,160,1601.6219720840454,0.0006676347693428397,0.001280276570469141,0.9936878085136414,0.0033405942376703024,0.0010237012756988406,Light_T1
/home/lmy/iot-device-classification/dataset/light_T1/round7_jitter/light_T1_r7.pcapng,R7,161,1610.8349633216858,9.551391849527135e-05,0.0001961192610906437,0.9894072413444519,0.01020012516528368,0.00010096953337779269,Light_T1
/home/lmy/iot-device-classification/dataset/light_T1/round7_jitter/light_T1_r7.pcapng,R7,162,1621.6419749259949,0.00040213565807789564,0.001367321121506393,0.9947009086608887,0.002767120022326708,0.0007625347934663296,Light_T1
/home/lmy/iot-device-classification/dataset/light_T1/round7_jitter/light_T1_r7.pcapng,R7,163,1630.7749063968658,0.0001862576900748536,0.0003190259449183941,0.9987300038337708,0.0005961738061159849,0.00016851518012117594,Light_T1
/home/lmy/iot-device-classification/dataset/light_T1/round7_jitter/light_T1_r7.pcapng,R7,164,1641.0617065429688,1.7085401850636117e-05,2.9012848244747147e-05,0.9938347339630127,0.006080840714275837,3.839350029011257e-05,Light_T1
/home/lmy/iot-device-classification/dataset/light_T1/round7_jitter/light_T1_r7.pcapng,R7,165,1651.6713485717771,4.696528412750922e-05,5.146089461049996e-05,0.9997451901435852,0.0001305608166148886,2.578995918156579e-05,Light_T1
/home/lmy/iot-device-classification/dataset/light_T1/round7_jitter/light_T1_r7.pcapng,R7,166,1661.6816773414612,0.0003820988640654832,0.0008154536481015384,0.9958049058914185,0.0023498653899878263,0.000647679262328893,Light_T1
/home/lmy/iot-device-classification/dataset/light_T1/round7_jitter/light_T1_r7.pcapng,R7,167,1671.0932893753052,2.2217960577108897e-05,2.599292383820284e-05,0.9988073110580444,0.001113340724259615,3.1155119359027594e-05,Light_T1
/home/lmy/iot-device-classification/dataset/light_T1/round7_jitter/light_T1_r7.pcapng,R7,168,1681.7018756866455,0.0002994747774209827,0.0017896863864734769,0.9957643747329712,0.0015661022625863552,0.0005803568055853248,Light_T1
/home/lmy/iot-device-classification/dataset/light_T1/round7_jitter/light_T1_r7.pcapng,R7,169,1691.7108001708984,0.005276075564324856,0.005242791026830673,0.9456785917282104,0.04159785434603691,0.0022046538069844246,Light_T1
/home/lmy/iot-device-classification/dataset/light_T1/round7_jitter/light_T1_r7.pcapng,R7,170,1701.1210041046145,0.00011011361493729055,0.0020997400861233473,0.995854914188385,0.0018308041617274284,0.0001044362797983922,Light_T1
/home/lmy/iot-device-classification/dataset/light_T1/round7_jitter/light_T1_r7.pcapng,R7,171,1711.7342820167542,0.011193686164915562,0.008948388509452343,0.9774622321128845,0.0015017569530755281,0.0008940139086917043,Light_T1
/home/lmy/iot-device-classification/dataset/light_T1/round7_jitter/light_T1_r7.pcapng,R7,172,1721.7409083843231,3.593617657315917e-05,0.00012127986701671034,0.9993922710418701,0.0003801831917371601,7.027613173704594e-05,Light_T1
/home/lmy/iot-device-classification/dataset/light_T1/round7_jitter/light_T1_r7.pcapng,R7,173,1731.150988817215,2.325542300241068e-05,2.039138416876085e-05,0.9981551766395569,0.0017728157108649611,2.8365981052047573e-05,Light_T1
/home/lmy/iot-device-classification/dataset/light_T1/round7_jitter/light_T1_r7.pcapng,R7,174,1741.762929201126,0.0001188443711725995,0.00035312134423293173,0.997864305973053,0.0015274938195943832,0.00013628941087517887,Light_T1
/home/lmy/iot-device-classification/dataset/light_T1/round7_jitter/light_T1_r7.pcapng,R7,175,1750.3130776882172,0.0004031557764392346,0.0009496401180513203,0.39054325222969055,0.6076233386993408,0.00048058960237540305,Light_T1
/home/lmy/iot-device-classification/dataset/light_T1/round7_jitter/light_T1_r7.pcapng,R7,176,1761.1805219650269,1.2417684956744779e-05,1.9094864910584874e-05,0.9994105100631714,0.000535137951374054,2.2823809558758512e-05,Light_T1
/home/lmy/iot-device-classification/dataset/light_T1/round7_jitter/light_T1_r7.pcapng,R7,177,1770.1328392028809,9.955171844922006e-05,0.00024177056911867112,0.9950636029243469,0.004405396990478039,0.0001896399917313829,Light_T1
/home/lmy/iot-device-classification/dataset/light_T1/round7_jitter/light_T1_r7.pcapng,R7,178,1780.9213781356812,0.00318439700640738,0.008548554033041,0.9471578598022461,0.03825237229466438,0.0028567982371896505,Light_T1
/home/lmy/iot-device-classification/dataset/light_T1/round7_jitter/light_T1_r7.pcapng,R7,179,1791.209894180298,0.0001026700483635068,8.601760055171326e-05,0.6063833832740784,0.39334389567375183,8.404150867136195e-05,Light_T1
/home/lmy/iot-device-classification/dataset/light_T1/round7_jitter/light_T1_r7.pcapng,R7,180,1800.139376163483,0.0006264314870350063,0.001214780961163342,0.10128223150968552,0.8963937759399414,0.00048274517757818103,Light_T1
/home/lmy/iot-device-classification/dataset/light_T1/round7_jitter/light_T1_r7.pcapng,R7,181,1811.8319959640503,0.0003282922843936831,0.0023921600077301264,0.9937617182731628,0.002761413808912039,0.0007563994731754065,Light_T1
/home/lmy/iot-device-classification/dataset/light_T1/round7_jitter/light_T1_r7.pcapng,R7,182,1821.1165328025816,1.630343649594579e-05,2.7874701117980294e-05,0.998432457447052,0.0014950042823329568,2.8292854040046223e-05,Light_T1
/home/lmy/iot-device-classification/dataset/light_T1/round7_jitter/light_T1_r7.pcapng,R7,183,1831.8525660037997,0.009119481779634953,0.007587586063891649,0.788949191570282,0.19217805564403534,0.0021656928583979607,Light_T1
/home/lmy/iot-device-classification/dataset/light_T1/round7_jitter/light_T1_r7.pcapng,R7,184,1840.2886881828308,6.172486610012129e-05,0.00035933818435296416,0.9988787770271301,0.0005452410550788045,0.00015490954683627933,Light_T1
/home/lmy/iot-device-classification/dataset/light_T1/round7_jitter/light_T1_r7.pcapng,R7,185,1850.3753983974457,1.171721305581741e-05,2.9497074137907475e-05,0.998935878276825,0.0009925586637109518,3.039167495444417e-05,Light_T1
/home/lmy/iot-device-classification/dataset/light_T1/round7_jitter/light_T1_r7.pcapng,R7,186,1861.651465892792,0.002271914854645729,0.006830030120909214,0.9871073365211487,0.002717801136896014,0.001072860904969275,Light_T1
/home/lmy/iot-device-classification/dataset/light_T1/round7_jitter/light_T1_r7.pcapng,R7,187,1871.891285419464,7.20077605365077e-06,2.4241393475676887e-05,0.9997064471244812,0.0002479689719621092,1.4127546819509007e-05,Light_T1
/home/lmy/iot-device-classification/dataset/light_T1/round7_jitter/light_T1_r7.pcapng,R7,188,1881.3008217811584,1.1651649401756003e-05,2.6733994673122652e-05,0.9997108578681946,0.00023129009059630334,1.9434099158388563e-05,Light_T1
/home/lmy/iot-device-classification/dataset/light_T1/round7_jitter/light_T1_r7.pcapng,R7,189,1891.9133973121643,0.002232530852779746,0.0029322325717657804,0.9711054563522339,0.022116150707006454,0.0016136710764840245,Light_T1
/home/lmy/iot-device-classification/dataset/light_T1/round7_jitter/light_T1_r7.pcapng,R7,190,1901.9215631484983,0.00013501974171958864,0.000550402095541358,0.9987751841545105,0.0003487805079203099,0.000190586200915277,Light_T1
/home/lmy/iot-device-classification/dataset/light_T1/round7_jitter/light_T1_r7.pcapng,R7,191,1911.331839799881,1.6198846424231306e-05,2.1009076590416953e-05,0.9949008226394653,0.005031829234212637,3.011392072949093e-05,Light_T1
/home/lmy/iot-device-classification/dataset/light_T1/round7_jitter/light_T1_r7.pcapng,R7,192,1921.941453456879,3.623644806793891e-05,0.00020570246852003038,0.9996078610420227,8.655686542624608e-05,6.367122841766104e-05,Light_T1
/home/lmy/iot-device-classification/dataset/light_T1/round7_jitter/light_T1_r7.pcapng,R7,193,1930.292994737625,0.000327045883750543,0.004770628176629543,0.9930704236030579,0.0011673547560349107,0.0006645622779615223,Light_T1
/home/lmy/iot-device-classification/dataset/light_T1/round7_jitter/light_T1_r7.pcapng,R7,194,1941.3594815731049,1.8414351870887913e-05,2.5013274353113957e-05,0.9978296160697937,0.0020961000118404627,3.0866449378663674e-05,Light_T1
/home/lmy/iot-device-classification/dataset/light_T1/round7_jitter/light_T1_r7.pcapng,R7,195,1951.0799548625944,0.0014919809764251113,0.0021893265657126904,0.9917694330215454,0.0034936710726469755,0.0010555945336818695,Light_T1
/home/lmy/iot-device-classification/dataset/light_T1/round7_jitter/light_T1_r7.pcapng,R7,196,1960.910320043564,4.145947241340764e-05,0.00015620059275534004,0.9951294660568237,0.004629240371286869,4.365437416709028e-05,Light_T1
/home/lmy/iot-device-classification/dataset/light_T1/round7_jitter/light_T1_r7.pcapng,R7,197,1971.389075994492,6.920351006556302e-05,0.00014208363427314907,0.9977117776870728,0.001998887863010168,7.810237730154768e-05,Light_T1
/home/lmy/iot-device-classification/dataset/light_T1/round7_jitter/light_T1_r7.pcapng,R7,198,1982.00177693367,0.0036958912387490273,0.0011637581046670675,0.4589373469352722,0.5360097289085388,0.00019327823247294873,Light_T1
/home/lmy/iot-device-classification/dataset/light_T1/round7_jitter/light_T1_r7.pcapng,R7,199,1990.327522993088,4.355985583970323e-05,0.0001418967149220407,0.99874347448349,0.000980627373792231,9.051265806192532e-05,Light_T1
/home/lmy/iot-device-classification/dataset/light_T1/round7_jitter/light_T1_r7.pcapng,R7,200,2001.4189949035645,1.3152393876225688e-05,1.2979356142750476e-05,0.9994317889213562,0.0005333098815754056,8.697546036273707e-06,Light_T1
/home/lmy/iot-device-classification/dataset/light_T1/round7_jitter/light_T1_r7.pcapng,R7,201,2011.414700269699,0.00021740124793723226,0.0006673857569694519,0.9972842931747437,0.0015198953915387392,0.00031104753725230694,Light_T1
/home/lmy/iot-device-classification/dataset/light_T1/round7_jitter/light_T1_r7.pcapng,R7,202,2021.811549663544,0.0002961227437481284,0.0010909335687756538,0.9950799942016602,0.0029440720099955797,0.0005888626328669488,Light_T1
/home/lmy/iot-device-classification/dataset/light_T1/round7_jitter/light_T1_r7.pcapng,R7,203,2031.4546880722048,2.208293699368369e-05,6.994956493144855e-05,0.9981493949890137,0.0017238259315490723,3.480743180261925e-05,Light_T1
/home/lmy/iot-device-classification/dataset/light_T1/round7_jitter/light_T1_r7.pcapng,R7,204,2041.407897233963,0.4661870002746582,0.0025104102678596973,0.5192838311195374,0.010957342572510242,0.0010613806080073118,Light_T1
/home/lmy/iot-device-classification/dataset/light_T1/round7_jitter/light_T1_r7.pcapng,R7,205,2050.7905299663544,0.00011704354255925864,0.0007913458975963295,0.9981389045715332,0.0008257466834038496,0.00012695460463874042,Light_T1
/home/lmy/iot-device-classification/dataset/light_T1/round7_jitter/light_T1_r7.pcapng,R7,206,2060.408437728882,0.0001590777828823775,0.0004645146836992353,0.4326876401901245,0.5664855241775513,0.00020325780496932566,Light_T1
/home/lmy/iot-device-classification/dataset/light_T1/round7_jitter/light_T1_r7.pcapng,R7,207,2070.8087301254272,0.0004118765937164426,0.0013630682369694114,0.9960630536079407,0.0014432929456233978,0.000718757277354598,Light_T1
/home/lmy/iot-device-classification/dataset/light_T1/round7_jitter/light_T1_r7.pcapng,R7,208,2081.8973314762115,6.71773377689533e-05,0.0005486628506332636,0.9989359974861145,0.000325869710650295,0.0001222429855260998,Light_T1
/home/lmy/iot-device-classification/dataset/light_T1/round7_jitter/light_T1_r7.pcapng,R7,209,2091.0450987815857,5.2638766646850854e-05,3.0209628675947897e-05,0.9927449226379395,0.007120643276721239,5.16129111929331e-05,Light_T1
/home/lmy/iot-device-classification/dataset/light_T1/round7_jitter/light_T1_r7.pcapng,R7,210,2102.123174905777,4.465689562493935e-05,0.00012765244173351675,0.9996134638786316,0.0001432153076166287,7.098209607647732e-05,Light_T1
/home/lmy/iot-device-classification/dataset/light_T1/round7_jitter/light_T1_r7.pcapng,R7,211,2111.318715810776,0.0005115100066177547,0.0017828262643888593,0.9943817257881165,0.00227527879178524,0.0010486579267308116,Light_T1
/home/lmy/iot-device-classification/dataset/light_T1/round7_jitter/light_T1_r7.pcapng,R7,212,2121.1656625270844,6.218554517545272e-06,6.1160349105193745e-06,0.9997560381889343,0.00022331015497911721,8.278775567305274e-06,Light_T1
/home/lmy/iot-device-classification/dataset/light_T1/round7_jitter/light_T1_r7.pcapng,R7,213,2132.052539587021,0.003448009956628084,0.00842214934527874,0.9648728966712952,0.020031249150633812,0.00322568672709167,Light_T1
/home/lmy/iot-device-classification/dataset/light_T1/round7_jitter/light_T1_r7.pcapng,R7,214,2142.164718389511,3.6057823308510706e-05,0.00010957688937196508,0.9996777772903442,0.00012593893916346133,5.0626855227164924e-05,Light_T1
/home/lmy/iot-device-classification/dataset/light_T1/round7_jitter/light_T1_r7.pcapng,R7,215,2151.515965700149,3.920995368389413e-05,7.239708793349564e-05,0.9944819211959839,0.00534626143053174,6.025650509400293e-05,Light_T1
/home/lmy/iot-device-classification/dataset/light_T1/round7_jitter/light_T1_r7.pcapng,R7,216,2162.185357570648,6.143275822978467e-05,0.00015112465189304203,0.9989597797393799,0.0007466533570550382,8.095293014775962e-05,Light_T1
/home/lmy/iot-device-classification/dataset/light_T1/round7_jitter/light_T1_r7.pcapng,R7,217,2170.039938926697,7.432269921991974e-05,0.0001873589790193364,0.6693239212036133,0.33029407262802124,0.00012033808161504567,Light_T1
/home/lmy/iot-device-classification/dataset/light_T1/round7_jitter/light_T1_r7.pcapng,R7,218,2181.53782582283,6.981299520703033e-05,4.9505670176586136e-05,0.9513065814971924,0.048488274216651917,8.582779992138967e-05,Light_T1
/home/lmy/iot-device-classification/dataset/light_T1/round7_jitter/light_T1_r7.pcapng,R7,219,2192.2152338027954,0.00015520761371590197,0.0008208497893065214,0.9987660646438599,0.0001410425320500508,0.00011685657227644697,Light_T1
/home/lmy/iot-device-classification/dataset/light_T1/round7_jitter/light_T1_r7.pcapng,R7,220,2202.22540807724,0.00025834888219833374,0.0011162763694301248,0.9972118735313416,0.000837501953355968,0.0005760484491474926,Light_T1
/home/lmy/iot-device-classification/dataset/light_T1/round7_jitter/light_T1_r7.pcapng,R7,221,2211.5478155612946,1.3695683264813852e-05,8.865295058058109e-06,0.9987525939941406,0.0012064167531207204,1.8457700207363814e-05,Light_T1
/home/lmy/iot-device-classification/dataset/light_T1/round7_jitter/light_T1_r7.pcapng,R7,222,2222.245011329651,0.0014003266114741564,0.0036596530117094517,0.9866845011711121,0.006803432945162058,0.0014520683325827122,Light_T1
/home/lmy/iot-device-classification/dataset/light_T1/round7_jitter/light_T1_r7.pcapng,R7,223,2232.256227016449,0.0008478733361698687,0.0009746745927259326,0.5109614133834839,0.486769437789917,0.00044657912803813815,Light_T1
/home/lmy/iot-device-classification/dataset/light_T1/round7_jitter/light_T1_r7.pcapng,R7,224,2240.2155487537384,1.0379916602687445e-05,2.651266913744621e-05,0.998417854309082,0.0015268436400219798,1.8381013433099724e-05,Light_T1
/home/lmy/iot-device-classification/dataset/light_T1/round7_jitter/light_T1_r7.pcapng,R7,225,2252.276609182358,3.52611968992278e-05,6.370800110744312e-05,0.9988963603973389,0.0009541652980260551,5.051347761764191e-05,Light_T1
/home/lmy/iot-device-classification/dataset/light_T1/round7_jitter/light_T1_r7.pcapng,R7,226,2262.290052652359,5.778918421128765e-05,0.0001968817232409492,0.999380350112915,0.00024858125834725797,0.00011636589624686167,Light_T1
/home/lmy/iot-device-classification/dataset/light_T1/round7_jitter/light_T1_r7.pcapng,R7,227,2271.58651471138,0.005322448909282684,0.0001592594344401732,0.9897786974906921,0.004631890915334225,0.00010766468767542392,Light_T1
/home/lmy/iot-device-classification/dataset/light_T1/round7_jitter/light_T1_r7.pcapng,R7,228,2281.18994307518,3.4907970984932035e-05,9.328974556410685e-05,0.9996596574783325,0.00013851208495907485,7.365384954027832e-05,Light_T1
/home/lmy/iot-device-classification/dataset/light_T1/round7_jitter/light_T1_r7.pcapng,R7,229,2292.327207326889,0.00021326799469534308,0.000804126902949065,0.8068020939826965,0.1917959749698639,0.000384556595236063,Light_T1
/home/lmy/iot-device-classification/dataset/light_T1/round7_jitter/light_T1_r7.pcapng,R7,230,2301.618135929108,2.859768210328184e-05,4.570145028992556e-05,0.9978660941123962,0.0020101554691791534,4.944738975609653e-05,Light_T1
/home/lmy/iot-device-classification/dataset/light_T1/round7_jitter/light_T1_r7.pcapng,R7,231,2312.338059902191,0.2017875760793686,0.0008405341650359333,0.7965751886367798,0.000534808961674571,0.0002619055157992989,Light_T1
/home/lmy/iot-device-classification/dataset/light_T1/round7_jitter/light_T1_r7.pcapng,R7,232,2322.3476860523224,7.369548256974667e-05,0.00021368794841691852,0.9869431257247925,0.012574574910104275,0.0001949711295310408,Light_T1
/home/lmy/iot-device-classification/dataset/light_T1/round7_jitter/light_T1_r7.pcapng,R7,233,2331.6504747867584,0.0011777313193306327,7.431414269376546e-05,0.9853047728538513,0.013374793343245983,6.838121043983847e-05,Light_T1
/home/lmy/iot-device-classification/dataset/light_T1/round7_jitter/light_T1_r7.pcapng,R7,234,2340.202649116516,0.007542265113443136,0.0016976166516542435,0.7508549094200134,0.2392152100801468,0.0006899703294038773,Light_T1
/home/lmy/iot-device-classification/dataset/light_T1/round7_jitter/light_T1_r7.pcapng,R7,235,2350.433868408203,5.479926403495483e-05,0.000354901363607496,0.9985710382461548,0.0009311548783443868,8.809886639937758e-05,Light_T1
/home/lmy/iot-device-classification/dataset/light_T1/round7_jitter/light_T1_r7.pcapng,R7,236,2361.682160615921,3.1966075766831636e-05,4.628275564755313e-05,0.9895629286766052,0.010318150743842125,4.068980706506409e-05,Light_T1
/home/lmy/iot-device-classification/dataset/light_T1/round7_jitter/light_T1_r7.pcapng,R7,237,2372.4000000953674,3.164109875797294e-05,8.88719514477998e-05,0.9995869994163513,0.0002250651887152344,6.74381444696337e-05,Light_T1
/home/lmy/iot-device-classification/dataset/light_T1/round7_jitter/light_T1_r7.pcapng,R7,238,2380.404685974121,0.0007943124510347843,0.0005158698186278343,0.4086938500404358,0.5895265340805054,0.00046938148443587124,Light_T1
/home/lmy/iot-device-classification/dataset/light_T1/round7_jitter/light_T1_r7.pcapng,R7,239,2391.709128856659,8.785722457105294e-06,1.6061363567132503e-05,0.9999017715454102,6.414547533495352e-05,9.167937605525367e-06,Light_T1
/home/lmy/iot-device-classification/dataset/light_T1/round7_jitter/light_T1_r7.pcapng,R7,240,2401.883453130722,6.739117088727653e-05,0.0001131378739955835,0.9994271993637085,0.00031739348196424544,7.491204451071098e-05,Light_T1
/home/lmy/iot-device-classification/dataset/light_T1/round7_jitter/light_T1_r7.pcapng,R7,241,2412.570580482483,0.00047982216347008944,0.002050135750323534,0.994862973690033,0.002070284215733409,0.0005367724224925041,Light_T1
/home/lmy/iot-device-classification/dataset/light_T1/round7_jitter/light_T1_r7.pcapng,R7,242,2421.746192455292,2.1676822143490426e-05,2.783943091344554e-05,0.9910343289375305,0.008876180276274681,4.00190292566549e-05,Light_T1
/home/lmy/iot-device-classification/dataset/light_T1/round7_jitter/light_T1_r7.pcapng,R7,243,2432.4592461586,0.0004602180270012468,0.0017431362066417933,0.9952539205551147,0.0015988886589184403,0.0009438504930585623,Light_T1
/home/lmy/iot-device-classification/dataset/light_T1/round7_jitter/light_T1_r7.pcapng,R7,244,2442.470390319824,2.668777415237855e-05,0.00016401887114625424,0.9996132254600525,0.00014390694559551775,5.213947588345036e-05,Light_T1
/home/lmy/iot-device-classification/dataset/light_T1/round7_jitter/light_T1_r7.pcapng,R7,245,2451.770430088043,1.2354857062746305e-05,6.662073246843647e-06,0.9994669556617737,0.0005035471986047924,1.0537357411521953e-05,Light_T1
/home/lmy/iot-device-classification/dataset/light_T1/round7_jitter/light_T1_r7.pcapng,R7,246,2462.4906816482544,0.012369995005428791,0.06388886272907257,0.8759394288063049,0.045450590550899506,0.0023511922918260098,Light_T1
/home/lmy/iot-device-classification/dataset/light_T1/round7_jitter/light_T1_r7.pcapng,R7,247,2470.354235649109,1.548908585391473e-05,1.9185037672286853e-05,0.9919622540473938,0.007974996231496334,2.8105967430747114e-05,Light_T1
/home/lmy/iot-device-classification/dataset/light_T1/round7_jitter/light_T1_r7.pcapng,R7,248,2481.8009679317474,5.463356137624942e-05,5.5946336942724884e-05,0.9270326495170593,0.07278815656900406,6.857643893454224e-05,Light_T1
/home/lmy/iot-device-classification/dataset/light_T1/round7_jitter/light_T1_r7.pcapng,R7,249,2492.014252185821,0.00800280086696148,0.008417336270213127,0.9741094708442688,0.007953664287924767,0.0015167390229180455,Light_T1
/home/lmy/iot-device-classification/dataset/light_T1/round7_jitter/light_T1_r7.pcapng,R7,250,2502.530893564224,0.00023600233544129878,0.0006652045994997025,0.9979473948478699,0.0007865593070164323,0.0003648533020168543,Light_T1
/home/lmy/iot-device-classification/dataset/light_T1/round7_jitter/light_T1_r7.pcapng,R7,251,2510.608151197433,1.1652292414510157e-05,1.9015198631677777e-05,0.9992389678955078,0.0007124082767404616,1.794985837477725e-05,Light_T1
/home/lmy/iot-device-classification/dataset/light_T1/round7_jitter/light_T1_r7.pcapng,R7,252,2522.550871372223,0.00043537296005524695,0.0014992202632129192,0.9953904151916504,0.0019732031505554914,0.0007018194883130491,Light_T1
/home/lmy/iot-device-classification/dataset/light_T1/round7_jitter/light_T1_r7.pcapng,R7,253,2532.5616648197174,3.0211516786948778e-05,0.00010327259951736778,0.9997428059577942,6.308846786851063e-05,6.0664759075734764e-05,Light_T1
/home/lmy/iot-device-classification/dataset/light_T1/round7_jitter/light_T1_r7.pcapng,R7,254,2541.861287355423,0.037537503987550735,0.00012938787403982133,0.9572608470916748,0.004984385799616575,8.785691898083314e-05,Light_T1
/home/lmy/iot-device-classification/dataset/light_T1/round7_jitter/light_T1_r7.pcapng,R7,255,2552.5889739990234,5.017198873247253e-06,9.744058843352832e-06,0.9999350309371948,3.705059134517796e-05,1.315671943302732e-05,Light_T1
/home/lmy/iot-device-classification/dataset/light_T1/round7_jitter/light_T1_r7.pcapng,R7,256,2562.5917630195618,0.0014188928762450814,0.007003605365753174,0.978407084941864,0.010880139656364918,0.0022902751807123423,Light_T1
/home/lmy/iot-device-classification/dataset/light_T1/round7_jitter/light_T1_r7.pcapng,R7,257,2570.960899353028,3.5087752621620893e-05,2.7652044082060456e-05,0.9953650236129761,0.004531541373580694,4.06626240874175e-05,Light_T1
/home/lmy/iot-device-classification/dataset/light_T1/round7_jitter/light_T1_r7.pcapng,R7,258,2581.3400225639343,0.0005878007505089045,0.001510236761532724,0.9964555501937866,0.0011927455198019743,0.00025371668743900955,Light_T1
/home/lmy/iot-device-classification/dataset/light_T1/round7_jitter/light_T1_r7.pcapng,R7,259,2592.6219687461853,0.2899702489376068,0.001492748036980629,0.7052121162414551,0.0023048915900290012,0.0010200341930612922,Light_T1
/home/lmy/iot-device-classification/dataset/light_T1/round7_jitter/light_T1_r7.pcapng,R7,260,2601.9227480888367,5.249876267043874e-05,4.7369056119350716e-05,0.9834343194961548,0.016388187184929848,7.763291796436533e-05,Light_T1
/home/lmy/iot-device-classification/dataset/light_T1/round7_jitter/light_T1_r7.pcapng,R7,261,2612.642518520355,0.0038468630518764257,0.003630749648436904,0.7643987536430359,0.22692802548408508,0.0011956259841099381,Light_T1
/home/lmy/iot-device-classification/dataset/light_T1/round7_jitter/light_T1_r7.pcapng,R7,262,2621.305330991745,0.00029100943356752396,0.0016037346795201302,0.5389015674591064,0.4585689306259155,0.0006347278249450028,Light_T1
/home/lmy/iot-device-classification/dataset/light_T1/round7_jitter/light_T1_r7.pcapng,R7,263,2631.9537048339844,7.287187600013567e-06,1.152497497969307e-05,0.9997583031654358,0.0002134956157533452,9.435250831302255e-06,Light_T1
/home/lmy/iot-device-classification/dataset/light_T1/round7_jitter/light_T1_r7.pcapng,R7,264,2641.6256155967712,0.01666438952088356,0.011428396217525005,0.6130310893058777,0.3571052849292755,0.0017708191880956292,Light_T1
/home/lmy/iot-device-classification/dataset/light_T1/round7_jitter/light_T1_r7.pcapng,R7,265,2652.0597994327545,0.00015492526290472597,0.0005490330513566732,0.9987228512763977,0.00037996983155608177,0.00019320554565638304,Light_T1
/home/lmy/iot-device-classification/dataset/light_T1/round7_jitter/light_T1_r7.pcapng,R7,266,2661.9705352783203,1.0250354534946382e-05,3.10876130242832e-05,0.9997625946998596,0.00018199328042101115,1.4078776075621136e-05,Light_T1
/home/lmy/iot-device-classification/dataset/light_T1/round7_jitter/light_T1_r7.pcapng,R7,267,2670.609644174576,6.611266144318506e-05,0.0002193795080529526,0.9994346499443054,0.00017532009223941714,0.00010451693378854543,Light_T1
/home/lmy/iot-device-classification/dataset/light_T1/round7_jitter/light_T1_r7.pcapng,R7,268,2682.712612390518,0.00035460974322631955,0.0019725686870515347,0.9966673254966736,0.0006304443231783807,0.0003750690375454724,Light_T1
/home/lmy/iot-device-classification/dataset/light_T1/round7_jitter/light_T1_r7.pcapng,R7,269,2692.0054943561554,0.00014273471606429666,0.0002181265299441293,0.47828447818756104,0.521194338798523,0.0001603434357093647,Light_T1
/home/lmy/iot-device-classification/dataset/light_T1/round7_jitter/light_T1_r7.pcapng,R7,270,2701.9063789844517,6.112960545578972e-05,0.0007840873440727592,0.9988203644752502,0.0002215799904661253,0.00011286943481536582,Light_T1
/home/lmy/iot-device-classification/dataset/light_T1/round7_jitter/light_T1_r7.pcapng,R7,271,2711.818016052246,0.00047831263509579003,0.0008412584429606795,0.9949341416358948,0.0029431378934532404,0.0008031632169149816,Light_T1
/home/lmy/iot-device-classification/dataset/light_T1/round7_jitter/light_T1_r7.pcapng,R7,272,2721.9064857959747,1.0074688361783046e-05,7.097391062416136e-06,0.990230143070221,0.009735076688230038,1.757584686856717e-05,Light_T1
/home/lmy/iot-device-classification/dataset/light_T1/round7_jitter/light_T1_r7.pcapng,R7,273,2731.112493753433,0.00015949686348903924,0.00046346167800948024,0.9972211122512817,0.0018301104428246617,0.0003257939824834466,Light_T1
/home/lmy/iot-device-classification/dataset/light_T1/round7_jitter/light_T1_r7.pcapng,R7,274,2741.010013103485,3.8749214581912383e-05,0.0001282013108721003,0.9995837807655334,0.000182447096449323,6.682021194137633e-05,Light_T1
/home/lmy/iot-device-classification/dataset/light_T1/round7_jitter/light_T1_r7.pcapng,R7,275,2750.000774860382,1.9345492546563037e-05,3.687878052005544e-05,0.9993194341659546,0.0005971691571176052,2.7233973014517687e-05,Light_T1
/home/lmy/iot-device-classification/dataset/light_T1/round7_jitter/light_T1_r7.pcapng,R7,276,2762.7940526008606,0.0023721707984805107,0.00028982499497942626,0.29858705401420593,0.6984756588935852,0.00027531982050277293,Light_T1
/home/lmy/iot-device-classification/dataset/light_T1/round7_jitter/light_T1_r7.pcapng,R7,277,2770.217101335525,2.5702782295411453e-05,0.00010061453212983906,0.9922361969947815,0.007580048404633999,5.7420798839302734e-05,Light_T1
/home/lmy/iot-device-classification/dataset/light_T1/round7_jitter/light_T1_r7.pcapng,R7,278,2781.429712533951,4.8249530664179474e-05,3.430545984883793e-05,0.9450621604919434,0.05480187386274338,5.338953997124918e-05,Light_T1
/home/lmy/iot-device-classification/dataset/light_T1/round7_jitter/light_T1_r7.pcapng,R7,279,2790.906337738037,1.943222559930291e-05,5.9313824749551713e-05,0.9993209838867188,0.0005623236647807062,3.792154893744737e-05,Light_T1
/home/lmy/iot-device-classification/dataset/light_T1/round7_jitter/light_T1_r7.pcapng,R7,280,2802.834617614746,0.0008520222618244588,0.005120777525007725,0.9787811040878296,0.013906541280448437,0.0013396255671977997,Light_T1
/home/lmy/iot-device-classification/dataset/light_T1/round7_jitter/light_T1_r7.pcapng,R7,281,2810.006782054901,8.055033504206222e-06,1.0247180398437195e-05,0.9998648166656494,0.00010595025378279388,1.0870930054807104e-05,Light_T1
/home/lmy/iot-device-classification/dataset/light_T1/round7_jitter/light_T1_r7.pcapng,R7,282,2822.8543343544006,0.00019243151473347098,7.871432171668857e-05,0.9960981607437134,0.0035347240045666695,9.594540460966527e-05,Light_T1
/home/lmy/iot-device-classification/dataset/light_T1/round7_jitter/light_T1_r7.pcapng,R7,283,2830.610071182251,0.0003995155857410282,0.0012759140226989985,0.9946191310882568,0.002895735204219818,0.0008096392848528922,Light_T1
/home/lmy/iot-device-classification/dataset/light_T1/round7_jitter/light_T1_r7.pcapng,R7,284,2841.219186782837,3.1051793484948575e-05,6.22333973296918e-05,0.9917659163475037,0.008080045692622662,6.081003084545955e-05,Light_T1
/home/lmy/iot-device-classification/dataset/light_T1/round7_jitter/light_T1_r7.pcapng,R7,285,2852.884829759598,0.0006095126736909151,0.001420208252966404,0.9961376786231995,0.001133530167862773,0.0006990033434703946,Light_T1
/home/lmy/iot-device-classification/dataset/light_T1/round7_jitter/light_T1_r7.pcapng,R7,286,2862.894641160965,2.3543208953924477e-05,0.00012673198943957686,0.9996398687362671,0.00016614054038655013,4.374872878543101e-05,Light_T1
/home/lmy/iot-device-classification/dataset/light_T1/round7_jitter/light_T1_r7.pcapng,R7,287,2872.084818840027,2.7595708161243238e-05,5.047509694122709e-05,0.9989354014396667,0.0009392616921104491,4.728916610474698e-05,Light_T1
/home/lmy/iot-device-classification/dataset/light_T1/round7_jitter/light_T1_r7.pcapng,R7,288,2882.9161920547485,0.02806290052831173,0.018195098266005516,0.3968258798122406,0.554756760597229,0.0021593072451651096,Light_T1
/home/lmy/iot-device-classification/dataset/light_T1/round7_jitter/light_T1_r7.pcapng,R7,289,2891.897722005844,0.0005984349991194904,0.00022267617168836296,0.998120129108429,0.0009389198967255652,0.00011976846144534647,Light_T1
/home/lmy/iot-device-classification/dataset/light_T1/round7_jitter/light_T1_r7.pcapng,R7,290,2902.115476131439,9.5260729722213e-06,7.297850061149802e-06,0.9980865716934204,0.0018812378402799368,1.539002187200822e-05,Light_T1
/home/lmy/iot-device-classification/dataset/light_T1/round7_jitter/light_T1_r7.pcapng,R7,291,2912.0623297691345,7.598120282636955e-05,9.280433732783422e-05,0.9995088577270508,0.0002147363848052919,0.0001076724729500711,Light_T1
/home/lmy/iot-device-classification/dataset/light_T1/round7_jitter/light_T1_r7.pcapng,R7,292,2922.462781190872,0.00041104707634076476,0.0015311992028728127,0.9950300455093384,0.0022018568124622107,0.0008258254383690655,Light_T1
/home/lmy/iot-device-classification/dataset/light_T1/round7_jitter/light_T1_r7.pcapng,R7,293,2932.152722120285,0.00016094566672109067,0.00035002021468244493,0.9273340106010437,0.0718291625380516,0.00032587102032266557,Light_T1
/home/lmy/iot-device-classification/dataset/light_T1/round7_jitter/light_T1_r7.pcapng,R7,294,2940.219515562057,0.00010579637455521151,0.000197904315427877,0.9993290901184082,0.0002739063638728112,9.336007497040555e-05,Light_T1
/home/lmy/iot-device-classification/dataset/light_T1/round7_jitter/light_T1_r7.pcapng,R7,295,2952.9859783649445,0.0002042780542979017,0.00045505433809012175,0.9980225563049316,0.0010131866438314319,0.0003049943479709327,Light_T1
/home/lmy/iot-device-classification/dataset/light_T1/round7_jitter/light_T1_r7.pcapng,R7,296,2961.982995033264,1.1844632354041096e-05,3.3502758014947176e-05,0.9991266131401062,0.0008048314484767616,2.322738328075502e-05,Light_T1
/home/lmy/iot-device-classification/dataset/light_T1/round7_jitter/light_T1_r7.pcapng,R7,297,2973.00563621521,0.00552117545157671,0.003505268134176731,0.7750922441482544,0.21434009075164795,0.0015411997446790338,Light_T1
/home/lmy/iot-device-classification/dataset/light_T1/round7_jitter/light_T1_r7.pcapng,R7,298,2980.4572455883026,0.0002265792281832546,0.0006201448268257082,0.9969473481178284,0.0017875984776765108,0.0004183337732683867,Light_T1
/home/lmy/iot-device-classification/dataset/light_T1/round7_jitter/light_T1_r7.pcapng,R7,299,2992.206439256668,1.643149516894482e-05,2.411984132777434e-05,0.9833807945251465,0.016548633575439453,3.0056038667680696e-05,Light_T1
/home/lmy/iot-device-classification/dataset/light_T1/round7_jitter/light_T1_r7.pcapng,R7,300,3001.5022809505463,0.0005330328131094575,0.0019643555860966444,0.9946818947792053,0.0019307223847135901,0.0008900336688384414,Light_T1
/home/lmy/iot-device-classification/dataset/light_T1/round7_jitter/light_T1_r7.pcapng,R7,301,3011.902312517166,5.065384539193474e-05,9.473533282289281e-05,0.9984675049781799,0.0012933129910379648,9.380591654917225e-05,Light_T1
/home/lmy/iot-device-classification/dataset/light_T1/round7_jitter/light_T1_r7.pcapng,R7,302,3022.2369871139526,0.00016762889572419226,0.00013223334099166095,0.596392035484314,0.4031189978122711,0.00018913194071501493,Light_T1
/home/lmy/iot-device-classification/dataset/light_T1/round7_jitter/light_T1_r7.pcapng,R7,303,3030.406560659409,8.557552064303309e-05,0.00019246121519245207,0.9994951486587524,0.00014066054427530617,8.613737009000033e-05,Light_T1
/home/lmy/iot-device-classification/dataset/light_T1/round7_jitter/light_T1_r7.pcapng,R7,304,3043.077863931656,0.00017419933283235878,0.0004915526369586587,0.99856036901474,0.00046414585085585713,0.0003097766311839223,Light_T1
/home/lmy/iot-device-classification/dataset/light_T1/round7_jitter/light_T1_r7.pcapng,R7,305,3052.267305135727,0.002374716568738222,0.00013920075434725732,0.7643083333969116,0.23306313157081604,0.00011459343659225851,Light_T1
/home/lmy/iot-device-classification/dataset/light_T1/round7_jitter/light_T1_r7.pcapng,R7,306,3061.988599061966,0.0035138968378305435,0.005024159327149391,0.9903243780136108,0.0009739183587953448,0.00016359139408450574,Light_T1
/home/lmy/iot-device-classification/dataset/light_T1/round7_jitter/light_T1_r7.pcapng,R7,307,3070.1438109874725,1.3299407328304369e-05,4.3704541894840077e-05,0.9996182918548584,0.0002874939818866551,3.721887696883641e-05,Light_T1
/home/lmy/iot-device-classification/dataset/light_T1/round7_jitter/light_T1_r7.pcapng,R7,308,3082.29789018631,2.6522875486989506e-05,2.0246641724952497e-05,0.9960740804672241,0.0038529366720467806,2.624236367410049e-05,Light_T1
/home/lmy/iot-device-classification/dataset/light_T1/round7_jitter/light_T1_r7.pcapng,R7,309,3093.1264073848724,0.00010269460472045466,0.00019125464314129204,0.999147891998291,0.00043617599294520915,0.00012192902067909017,Light_T1
/home/lmy/iot-device-classification/dataset/light_T1/round7_jitter/light_T1_r7.pcapng,R7,310,3103.1375172138214,0.00043434102553874254,0.0008434789488092065,0.9939274787902832,0.0040989890694618225,0.000695698952767998,Light_T1
/home/lmy/iot-device-classification/dataset/light_T1/round7_jitter/light_T1_r7.pcapng,R7,311,3112.3352620601654,1.346625776932342e-05,3.033794382645283e-05,0.9989715814590454,0.0009594260482117534,2.517885332053993e-05,Light_T1
/home/lmy/iot-device-classification/dataset/light_T1/round7_jitter/light_T1_r7.pcapng,R7,312,3122.453399181366,0.0036901370622217655,0.0010653327917680144,0.5711821913719177,0.4232575595378876,0.0008047994924709201,Light_T1
/home/lmy/iot-device-classification/dataset/light_T1/round7_jitter/light_T1_r7.pcapng,R7,313,3130.438165187836,0.0005252776900306344,0.0007501915679313242,0.9980567097663879,0.0004859389446210116,0.00018183529027737677,Light_T1
/home/lmy/iot-device-classification/dataset/light_T1/round7_jitter/light_T1_r7.pcapng,R7,314,3140.8640863895416,2.175684494432062e-05,4.2569001379888505e-05,0.9953912496566772,0.004496491514146328,4.796542998519726e-05,Light_T1
/home/lmy/iot-device-classification/dataset/light_T1/round7_jitter/light_T1_r7.pcapng,R7,315,3151.264271736145,9.87981547950767e-06,1.4796028153796215e-05,0.9998494386672974,9.995824075303972e-05,2.5920728148776107e-05,Light_T1
/home/lmy/iot-device-classification/dataset/light_T1/round7_jitter/light_T1_r7.pcapng,R7,316,3161.673598766327,4.407126471051015e-05,0.00019967085972893983,0.9993865489959717,0.00026105993310920894,0.00010868212120840326,Light_T1
/home/lmy/iot-device-classification/dataset/light_T1/round7_jitter/light_T1_r7.pcapng,R7,317,3172.39218378067,3.120114706689492e-05,1.7389271306456067e-05,0.9991263747215271,0.0007957244524732232,2.9278411602717824e-05,Light_T1
/home/lmy/iot-device-classification/dataset/light_T1/round7_jitter/light_T1_r7.pcapng,R7,318,3181.026341199875,3.596186070353724e-05,8.874853665474802e-05,0.9859600067138672,0.01385007705539465,6.522448529722169e-05,Light_T1
/home/lmy/iot-device-classification/dataset/light_T1/round7_jitter/light_T1_r7.pcapng,R7,319,3192.8633685112,0.0037900982424616814,0.013875044882297516,0.9760033488273621,0.005230966955423355,0.0011005678679794073,Light_T1
/home/lmy/iot-device-classification/dataset/light_T1/round7_jitter/light_T1_r7.pcapng,R7,320,3202.423271179199,0.00012251103180460632,0.00020805750682484359,0.7080624103546143,0.2914105951786041,0.00019645471184048802,Light_T1
/home/lmy/iot-device-classification/dataset/light_T1/round7_jitter/light_T1_r7.pcapng,R7,321,3213.012936115265,0.0006700601661577821,0.0027002033311873674,0.993995726108551,0.001819219789467752,0.0008147825137712061,Light_T1
/home/lmy/iot-device-classification/dataset/light_T1/round7_jitter/light_T1_r7.pcapng,R7,322,3223.25765824318,0.000292597251245752,0.0008286358788609505,0.248803049325943,0.7496629357337952,0.00041278512799181044,Light_T1
/home/lmy/iot-device-classification/dataset/light_T1/round7_jitter/light_T1_r7.pcapng,R7,323,3230.202794075012,2.206915814895183e-05,0.00012629185221157968,0.9991347193717957,0.000675319810397923,4.161423203186132e-05,Light_T1
/home/lmy/iot-device-classification/dataset/light_T1/round7_jitter/light_T1_r7.pcapng,R7,324,3241.737018585205,3.054977787542157e-05,0.00014540400297846645,0.9981575608253479,0.0016133260214701295,5.313721703714691e-05,Light_T1
/home/lmy/iot-device-classification/dataset/light_T1/round7_jitter/light_T1_r7.pcapng,R7,325,3253.2885966300964,0.00031078592292033136,0.001102448790334165,0.9962156414985657,0.00178305443841964,0.0005880702519789338,Light_T1
/home/lmy/iot-device-classification/dataset/light_T1/round7_jitter/light_T1_r7.pcapng,R7,326,3260.2567439079285,1.654297193454113e-05,5.830450027133338e-05,0.9992877840995789,0.0006092541152611375,2.814003346429672e-05,Light_T1
/home/lmy/iot-device-classification/dataset/light_T1/round7_jitter/light_T1_r7.pcapng,R7,327,3271.3266983032227,2.1486644982360303e-05,1.76844114321284e-05,0.9998342990875244,0.00010945857502520084,1.6997659258777276e-05,Light_T1
/home/lmy/iot-device-classification/dataset/light_T1/round7_jitter/light_T1_r7.pcapng,R7,328,3283.3186321258545,7.559252844657749e-05,0.001128551084548235,0.9975304007530212,0.0011451098835095763,0.00012037033593514934,Light_T1
/home/lmy/iot-device-classification/dataset/light_T1/round7_jitter/light_T1_r7.pcapng,R7,329,3290.203528404236,1.3220060282037593e-05,1.8330778402742e-05,0.9991801381111145,0.0007616733782924712,2.658288212842308e-05,Light_T1
/home/lmy/iot-device-classification/dataset/light_T1/round7_jitter/light_T1_r7.pcapng,R7,330,3303.338825941086,9.541184408590198e-05,0.0008749243570491672,0.9961841702461243,0.0026896419003605843,0.00015586365771014243,Light_T1
/home/lmy/iot-device-classification/dataset/light_T1/round7_jitter/light_T1_r7.pcapng,R7,331,3313.099189758301,1.9105120372842066e-05,7.608626037836075e-05,0.9982207417488098,0.0016342418966814876,4.97831788379699e-05,Light_T1
/home/lmy/iot-device-classification/dataset/light_T1/round7_jitter/light_T1_r7.pcapng,R7,332,3322.539790391922,5.546841930481605e-05,6.0058882809244096e-05,0.7860724925994873,0.21371017396450043,0.0001018342372844927,Light_T1
/home/lmy/iot-device-classification/dataset/light_T1/round7_jitter/light_T1_r7.pcapng,R7,333,3333.3680589199066,0.0006265612901188433,0.0005167595809325576,0.48817920684814453,0.5102307200431824,0.00044676774996332824,Light_T1
/home/lmy/iot-device-classification/dataset/light_T1/round7_jitter/light_T1_r7.pcapng,R7,334,3341.9291400909424,0.000466125929960981,0.003283223370090127,0.9933684468269348,0.001934151048772037,0.00094806362176314,Light_T1
/home/lmy/iot-device-classification/dataset/light_T1/round7_jitter/light_T1_r7.pcapng,R7,335,3350.06854057312,7.4777753980015405e-06,1.4647896023234352e-05,0.9998934268951416,7.699272100580856e-05,7.388577159872511e-06,Light_T1
/home/lmy/iot-device-classification/dataset/light_T1/round7_jitter/light_T1_r7.pcapng,R7,336,3360.090609550476,0.0005282230558805168,0.004108130466192961,0.993747353553772,0.0009758800733834505,0.0006404208834283054,Light_T1
/home/lmy/iot-device-classification/dataset/light_T1/round7_jitter/light_T1_r7.pcapng,R7,337,3371.139667272568,9.109724487643689e-06,1.1814374374807812e-05,0.9992522597312927,0.0007003317587077618,2.649381167429965e-05,Light_T1
/home/lmy/iot-device-classification/dataset/light_T1/round7_jitter/light_T1_r7.pcapng,R7,338,3380.065118074417,1.1479743989184499e-05,1.7046892025973648e-05,0.9991926550865173,0.0007588523440063,1.9962819351349026e-05,Light_T1
/home/lmy/iot-device-classification/dataset/light_T1/round7_jitter/light_T1_r7.pcapng,R7,339,3390.4642112255096,0.0008944576838985085,0.0072742062620818615,0.9876093864440918,0.0031559597700834274,0.0010659565450623631,Light_T1
/home/lmy/iot-device-classification/dataset/light_T1/round7_jitter/light_T1_r7.pcapng,R7,340,3401.3388924598694,0.0008946893503889441,0.006836627144366503,0.9893506169319153,0.001998746069148183,0.0009192613651975989,Light_T1
/home/lmy/iot-device-classification/dataset/light_T1/round7_jitter/light_T1_r7.pcapng,R7,341,3411.2640209198,3.930175353161758e-06,4.917495061818045e-06,0.9995693564414978,0.00041347273509018123,8.375861398235429e-06,Light_T1
/home/lmy/iot-device-classification/dataset/light_T1/round7_jitter/light_T1_r7.pcapng,R7,342,3420.5344281196594,0.0013551253359764814,0.008183464407920837,0.9886659383773804,0.000973016838543117,0.0008224613848142326,Light_T1
/home/lmy/iot-device-classification/dataset/light_T1/round7_jitter/light_T1_r7.pcapng,R7,343,3432.064275741577,5.348879858502187e-05,0.0004162620462011546,0.9992252588272095,0.00019988781423307955,0.0001050909559126012,Light_T1
/home/lmy/iot-device-classification/dataset/light_T1/round7_jitter/light_T1_r7.pcapng,R7,344,3442.661157608032,1.5253577657858841e-05,2.0694988052127883e-05,0.9913239479064941,0.008622904308140278,1.722897468425799e-05,Light_T1
/home/lmy/iot-device-classification/dataset/light_T1/round7_jitter/light_T1_r7.pcapng,R7,345,3452.8649673461914,3.000951801368501e-05,0.00039702729554846883,0.9992676377296448,0.00022732977231498808,7.798447768436745e-05,Light_T1
/home/lmy/iot-device-classification/dataset/light_T1/round7_jitter/light_T1_r7.pcapng,R7,346,3463.4997520446777,0.0006037224666215479,0.012007839977741241,0.9764861464500427,0.009807620197534561,0.0010945996036753058,Light_T1
/home/lmy/iot-device-classification/dataset/light_T1/round7_jitter/light_T1_r7.pcapng,R7,347,3470.0628700256348,0.00013091284199617803,6.510197272291407e-05,0.9502983093261719,0.04944172501564026,6.397932156687602e-05,Light_T1
/home/lmy/iot-device-classification/dataset/light_T1/round7_jitter/light_T1_r7.pcapng,R7,348,3480.940294981003,0.0001234799565281719,0.00020641644368879497,0.9994822144508362,0.00012855211389251053,5.9344783949200064e-05,Light_T1
/home/lmy/iot-device-classification/dataset/light_T1/round7_jitter/light_T1_r7.pcapng,R7,349,3492.9878854751587,0.00036885723238810897,0.0022970656864345074,0.9932777285575867,0.0031460134778171778,0.000910322240088135,Light_T1
/home/lmy/iot-device-classification/dataset/light_T1/round7_jitter/light_T1_r7.pcapng,R7,350,3500.704662799835,4.172000626567751e-05,5.132607475388795e-05,0.996850311756134,0.0029883538372814655,6.833130464656278e-05,Light_T1
/home/lmy/iot-device-classification/dataset/light_T1/round7_jitter/light_T1_r7.pcapng,R7,351,3511.1697561740875,0.00028991850558668375,0.00042334545287303627,0.9986214637756348,0.0004960928345099092,0.000169140548678115,Light_T1
/home/lmy/iot-device-classification/dataset/light_T1/round7_jitter/light_T1_r7.pcapng,R7,352,3523.564852952957,0.00014702064800076187,0.00044234818778932095,0.9972869157791138,0.0017758386675268412,0.0003478994476608932,Light_T1
/home/lmy/iot-device-classification/dataset/light_T1/round7_jitter/light_T1_r7.pcapng,R7,353,3532.747908115387,0.02745557390153408,7.847636879887432e-05,0.8802785873413086,0.09204357862472534,0.00014377794286701828,Light_T1
/home/lmy/iot-device-classification/dataset/light_T1/round7_jitter/light_T1_r7.pcapng,R7,354,3540.099851369858,0.00022091703431215137,0.0005178888677619398,0.3936072885990143,0.6053404211997986,0.00031348763150162995,Light_T1
/home/lmy/iot-device-classification/dataset/light_T1/round7_jitter/light_T1_r7.pcapng,R7,355,3550.624530315399,0.00024656325695104897,0.0049197194166481495,0.9933899641036987,0.0007677552057430148,0.000675986404530704,Light_T1
/home/lmy/iot-device-classification/dataset/light_T1/round7_jitter/light_T1_r7.pcapng,R7,356,3562.778313398361,6.00843804932083e-06,1.96470609807875e-05,0.9998900890350342,7.221828127512708e-05,1.2003422853013035e-05,Light_T1
/home/lmy/iot-device-classification/dataset/light_T1/round7_jitter/light_T1_r7.pcapng,R7,357,3573.505152463913,0.00268227094784379,0.00438719755038619,0.7419136762619019,0.24958495795726776,0.0014318717876449227,Light_T1
/home/lmy/iot-device-classification/dataset/light_T1/round7_jitter/light_T1_r7.pcapng,R7,358,3583.6195356845856,0.0009017084958031774,0.0027294964529573917,0.5661795139312744,0.42970654368400574,0.00048274899017997086,Light_T1
/home/lmy/iot-device-classification/dataset/light_T1/round7_jitter/light_T1_r7.pcapng,R7,359,3590.144530773163,7.288190772669623e-06,3.280347664258443e-05,0.9997319579124451,0.00021291783195920289,1.5040341168059967e-05,Light_T1
/home/lmy/iot-device-classification/dataset/light_T1/round7_jitter/light_T1_r7.pcapng,R7,360,3603.640193223953,0.00018292086315341294,0.0004839280736632645,0.9981094598770142,0.0008463843259960413,0.0003773451899178326,Light_T1
/home/lmy/iot-device-classification/dataset/light_T1/round7_jitter/light_T1_r7.pcapng,R7,361,3613.024835348129,3.5832548746839166e-05,0.0001485862594563514,0.9996209144592285,0.00012925153714604676,6.538227899000049e-05,Light_T1
/home/lmy/iot-device-classification/dataset/light_T1/round7_jitter/light_T1_r7.pcapng,R7,362,3622.839778423309,2.050959665211849e-05,1.926707409438677e-05,0.9996528625488281,0.00028429561643861234,2.308964030817151e-05,Light_T1
/home/lmy/iot-device-classification/dataset/light_T1/round7_jitter/light_T1_r7.pcapng,R7,364,3640.065420627594,5.9108613641001284e-05,0.00017590686911717057,0.999297022819519,0.0003497378493193537,0.00011818267375929281,Light_T1
/home/lmy/iot-device-classification/dataset/light_T1/round7_jitter/light_T1_r7.pcapng,R7,365,3652.8691713809967,3.691433448693715e-06,5.404143848863896e-06,0.9998064637184143,0.00017617337289266288,8.306763447762933e-06,Light_T1
/home/lmy/iot-device-classification/dataset/light_T1/round7_jitter/light_T1_r7.pcapng,R7,366,3662.9443657398224,7.706438191235065e-05,0.00012323007103987038,0.9993057250976562,0.00039990144432522357,9.40656173042953e-05,Light_T1
/home/lmy/iot-device-classification/dataset/light_T1/round7_jitter/light_T1_r7.pcapng,R7,367,3673.044420957565,6.40934013063088e-05,0.0001560895034344867,0.9992330074310303,0.0004982574610039592,4.8537138354731724e-05,Light_T1
/home/lmy/iot-device-classification/dataset/light_T1/round7_jitter/light_T1_r7.pcapng,R7,368,3682.897210597992,1.4581152754544746e-05,1.4210491826815996e-05,0.9984405636787415,0.001507186098024249,2.3517521185567603e-05,Light_T1
/home/lmy/iot-device-classification/dataset/light_T1/round7_jitter/light_T1_r7.pcapng,R7,369,3691.415246963501,0.000412445719121024,0.0010550859151408076,0.9970038533210754,0.000913960684556514,0.0006146264495328069,Light_T1
/home/lmy/iot-device-classification/dataset/light_T1/round7_jitter/light_T1_r7.pcapng,R7,370,3703.741213798523,0.0004960004589520395,0.0014665614580735564,0.6306101679801941,0.36699992418289185,0.00042736754403449595,Light_T1
/home/lmy/iot-device-classification/dataset/light_T1/round7_jitter/light_T1_r7.pcapng,R7,371,3711.370851993561,6.496783316833898e-05,9.307969594374299e-05,0.9449862241744995,0.05475383996963501,0.00010187728912569582,Light_T1
/home/lmy/iot-device-classification/dataset/light_T1/round7_jitter/light_T1_r7.pcapng,R7,372,3721.184399604797,0.0014490686589851975,0.0030975081026554108,0.6206586360931396,0.3739522099494934,0.0008425895939581096,Light_T1
/home/lmy/iot-device-classification/dataset/light_T1/round7_jitter/light_T1_r7.pcapng,R7,373,3731.5851504802704,1.0140345693798736e-05,2.619044425955508e-05,0.9998852014541626,5.422435424407013e-05,2.4190343538066372e-05,Light_T1
/home/lmy/iot-device-classification/dataset/light_T1/round7_jitter/light_T1_r7.pcapng,R7,374,3742.959617376328,5.622396201943047e-06,5.266517291602213e-06,0.9996578693389893,0.0003223726525902748,8.891576726455241e-06,Light_T1
/home/lmy/iot-device-classification/dataset/light_T1/round7_jitter/light_T1_r7.pcapng,R7,375,3752.395429372788,0.0001426645612809807,0.00014860028750263155,0.998755693435669,0.0008706222870387137,8.246765355579555e-05,Light_T1
/home/lmy/iot-device-classification/dataset/light_T1/round7_jitter/light_T1_r7.pcapng,R7,376,3763.801520586014,0.00031622149981558323,0.0007792186224833131,0.8972238898277283,0.10120201110839844,0.0004786555655300617,Light_T1
/home/lmy/iot-device-classification/dataset/light_T1/round7_jitter/light_T1_r7.pcapng,R7,377,3772.9863069057465,0.002539281500503421,7.695741805946454e-05,0.86196368932724,0.13533324003219604,8.683115447638556e-05,Light_T1
/home/lmy/iot-device-classification/dataset/light_T1/round7_jitter/light_T1_r7.pcapng,R7,378,3781.506972789765,5.3694799134973437e-05,0.0002769622078631073,0.9994326233863831,0.00012744253035634756,0.00010925507376668975,Light_T1
/home/lmy/iot-device-classification/dataset/light_T1/round7_jitter/light_T1_r7.pcapng,R7,379,3791.0068411827087,1.4158577869238798e-05,8.82025487953797e-05,0.997633695602417,0.0022280465345829725,3.583601210266352e-05,Light_T1
/home/lmy/iot-device-classification/dataset/light_T1/round7_jitter/light_T1_r7.pcapng,R7,380,3802.871140956879,2.849555494321976e-05,4.5471930206986144e-05,0.9919583797454834,0.007925297133624554,4.235148662701249e-05,Light_T1
/home/lmy/iot-device-classification/dataset/light_T1/round7_jitter/light_T1_r7.pcapng,R7,381,3812.705004453659,0.000471518054837361,0.0018987206276506186,0.9627178311347961,0.03411998227238655,0.0007919353083707392,Light_T1
/home/lmy/iot-device-classification/dataset/light_T1/round7_jitter/light_T1_r7.pcapng,R7,382,3823.8614389896393,0.00045755211613141,0.0015111371176317334,0.975702166557312,0.021400589495897293,0.0009285510168410838,Light_T1
/home/lmy/iot-device-classification/dataset/light_T1/round7_jitter/light_T1_r7.pcapng,R7,383,3830.054748773575,8.55390044307569e-06,1.3648018466483336e-05,0.9997001886367798,0.0002634260745253414,1.4157925761537626e-05,Light_T1
/home/lmy/iot-device-classification/dataset/light_T1/round7_jitter/light_T1_r7.pcapng,R7,384,3841.8252272605896,7.155510684242472e-05,0.00021734149777330458,0.9982813596725464,0.0013545113615691662,7.520690269302577e-05,Light_T1
/home/lmy/iot-device-classification/dataset/light_T1/round7_jitter/light_T1_r7.pcapng,R7,385,3853.891993522644,0.0016055289888754487,0.023087913170456886,0.970928430557251,0.003080210415646434,0.0012978902086615562,Light_T1
/home/lmy/iot-device-classification/dataset/light_T1/round7_jitter/light_T1_r7.pcapng,R7,386,3862.624990940094,2.1724743419326842e-05,3.53681571141351e-05,0.9996795654296875,0.00023133335344027728,3.200253922841512e-05,Light_T1
/home/lmy/iot-device-classification/dataset/light_T1/round7_jitter/light_T1_r7.pcapng,R7,387,3873.91134762764,0.0008815283654257655,0.0008734129369258881,0.9971545934677124,0.0006990669062361121,0.00039141130400821567,Light_T1
/home/lmy/iot-device-classification/dataset/light_T1/round7_jitter/light_T1_r7.pcapng,R7,388,3880.455504417419,2.8201066015753895e-05,0.0003915821434929967,0.9993771910667419,0.00013438588939607143,6.865899922559038e-05,Light_T1
/home/lmy/iot-device-classification/dataset/light_T1/round7_jitter/light_T1_r7.pcapng,R7,389,3893.109542131424,3.069864396820776e-05,1.2112999684177339e-05,0.9997754693031311,0.00016539849457331002,1.6362168025807478e-05,Light_T1
/home/lmy/iot-device-classification/dataset/light_T1/round7_jitter/light_T1_r7.pcapng,R7,391,3910.4649896621695,9.677456546342e-05,0.0002358729689149186,0.9992635846138,0.0002818687935359776,0.00012191767018521205,Light_T1
/home/lmy/iot-device-classification/dataset/light_T1/round7_jitter/light_T1_r7.pcapng,R7,392,3920.866108179093,4.926010205963394e-06,4.597163751896005e-06,0.9996628761291504,0.0003191427676938474,8.407465429627337e-06,Light_T1
/home/lmy/iot-device-classification/dataset/light_T1/round7_jitter/light_T1_r7.pcapng,R7,393,3931.3860895633698,5.582177982432768e-05,0.00021055048273410648,0.9994326233863831,0.00022466976952273399,7.628826278960332e-05,Light_T1
/home/lmy/iot-device-classification/dataset/light_T1/round7_jitter/light_T1_r7.pcapng,R7,394,3940.841245889664,0.0002067044551949948,0.0008818364003673196,0.9981116056442261,0.0004108586872462183,0.00038900767685845494,Light_T1
/home/lmy/iot-device-classification/dataset/light_T1/round7_jitter/light_T1_r7.pcapng,R7,395,3950.147482872009,2.3162740035331808e-05,3.351511259097606e-05,0.9400425553321838,0.0598670169711113,3.37499295710586e-05,Light_T1
/home/lmy/iot-device-classification/dataset/light_T1/round7_jitter/light_T1_r7.pcapng,R7,396,3960.3862268924713,0.00043101306073367596,0.004008403979241848,0.9918113946914673,0.0029139225371181965,0.0008352051954716444,Light_T1
/home/lmy/iot-device-classification/dataset/light_T1/round7_jitter/light_T1_r7.pcapng,R7,397,3970.784943580627,2.2384218027582392e-05,5.049670289736241e-05,0.9925064444541931,0.007365720812231302,5.497898382600397e-05,Light_T1
/home/lmy/iot-device-classification/dataset/light_xm/round7_jitter/light_xm_r7.pcapng,R7,0,0.0,3.804782636507298e-06,1.7396794646629132e-05,0.9992222785949707,0.000743684999179095,1.2847010111727286e-05,Light_XM
/home/lmy/iot-device-classification/dataset/light_xm/round7_jitter/light_xm_r7.pcapng,R7,1,10.042297124862673,5.4211404858506285e-06,4.293025085644331e-06,0.99991774559021,6.477248098235577e-05,7.815097887942102e-06,Light_XM
/home/lmy/iot-device-classification/dataset/light_xm/round7_jitter/light_xm_r7.pcapng,R7,2,20.09182929992676,2.9649243060703157e-06,6.989765097387135e-06,0.9999386072158813,4.373693445813842e-05,7.67278834246099e-06,Light_XM
/home/lmy/iot-device-classification/dataset/light_xm/round7_jitter/light_xm_r7.pcapng,R7,3,31.577131509780884,1.999353844439611e-05,4.693576192948967e-05,0.9997839331626892,0.00011786355025833473,3.13112250296399e-05,Light_XM
/home/lmy/iot-device-classification/dataset/light_xm/round7_jitter/light_xm_r7.pcapng,R7,4,43.25295758247376,1.1650325177470222e-05,2.7282962037133984e-05,0.9997794032096863,0.00016502417565789074,1.6621277609374374e-05,Light_XM
/home/lmy/iot-device-classification/dataset/light_xm/round7_jitter/light_xm_r7.pcapng,R7,5,52.43865990638733,3.6890874071104918e-06,1.0660688531061169e-05,0.9999316930770874,4.64790100522805e-05,7.472322522517061e-06,Light_XM
/home/lmy/iot-device-classification/dataset/light_xm/round7_jitter/light_xm_r7.pcapng,R7,6,64.9299852848053,7.309698412427679e-05,1.2398909348121379e-05,0.999858021736145,4.2699881305452436e-05,1.3764753930445295e-05,Light_XM
/home/lmy/iot-device-classification/dataset/light_xm/round7_jitter/light_xm_r7.pcapng,R7,7,74.94629764556885,0.001324324170127511,0.0002153259702026844,0.9964072108268738,0.0018681619549170136,0.00018496345728635788,Light_XM
/home/lmy/iot-device-classification/dataset/light_xm/round7_jitter/light_xm_r7.pcapng,R7,8,81.48753881454468,0.0004734800895676017,0.00010620146349538118,0.9988548755645752,0.0004922315129078925,7.317045674426481e-05,Light_XM
/home/lmy/iot-device-classification/dataset/light_xm/round7_jitter/light_xm_r7.pcapng,R7,9,90.20500230789185,0.0002844853443093598,7.107068813638762e-05,0.9990395903587341,0.0005455621285364032,5.9233028878225014e-05,Light_XM
/home/lmy/iot-device-classification/dataset/light_xm/round7_jitter/light_xm_r7.pcapng,R7,10,100.67150163650513,0.008626921102404594,7.237163663376123e-05,0.9897957444190979,0.0014330575941130519,7.187948358478025e-05,Light_XM
/home/lmy/iot-device-classification/dataset/light_xm/round7_jitter/light_xm_r7.pcapng,R7,11,110.38594627380373,0.00034027581568807364,5.0346778152743354e-05,0.9995137453079224,7.269743946380913e-05,2.2890431864652783e-05,Light_XM
/home/lmy/iot-device-classification/dataset/light_xm/round7_jitter/light_xm_r7.pcapng,R7,12,123.59085392951964,1.5058207281981595e-05,2.624868466227781e-05,0.9998939037322998,4.898244151263498e-05,1.580125535838306e-05,Light_XM
/home/lmy/iot-device-classification/dataset/light_xm/round7_jitter/light_xm_r7.pcapng,R7,13,135.00528168678284,1.0140190170204733e-05,1.634524596738629e-05,0.9966055154800415,0.0033497672993689775,1.8229327906738035e-05,Light_XM
/home/lmy/iot-device-classification/dataset/light_xm/round7_jitter/light_xm_r7.pcapng,R7,14,142.8530957698822,0.0005816552438773215,0.0035627391189336777,0.8698654770851135,0.12497518956661224,0.0010148916626349092,Light_XM
/home/lmy/iot-device-classification/dataset/light_xm/round7_jitter/light_xm_r7.pcapng,R7,15,150.5251543521881,0.0003069055383093655,0.0004456944589037448,0.997028648853302,0.0019956151954829693,0.00022311569773592055,Light_XM
/home/lmy/iot-device-classification/dataset/light_xm/round7_jitter/light_xm_r7.pcapng,R7,16,160.3491930961609,6.985187792452052e-05,0.00039823426050134003,0.8468981981277466,0.15252219140529633,0.00011154593084938824,Light_XM
/home/lmy/iot-device-classification/dataset/light_xm/round7_jitter/light_xm_r7.pcapng,R7,17,172.08290004730225,6.34582684142515e-05,6.0209105868125334e-05,0.999647855758667,0.00015832365897949785,7.01808967278339e-05,Light_XM
/home/lmy/iot-device-classification/dataset/light_xm/round7_jitter/light_xm_r7.pcapng,R7,18,183.42739629745483,3.3755347885744413e-06,7.424706836900441e-06,0.9999239444732666,5.277848686091602e-05,1.2444958883861545e-05,Light_XM
/home/lmy/iot-device-classification/dataset/light_xm/round7_jitter/light_xm_r7.pcapng,R7,19,191.74843072891235,2.3509817765443586e-05,7.392928819172084e-05,0.9805834293365479,0.019263215363025665,5.587104897131212e-05,Light_XM
/home/lmy/iot-device-classification/dataset/light_xm/round7_jitter/light_xm_r7.pcapng,R7,20,200.46811199188232,2.094113369821571e-06,2.02921205527673e-06,0.9999860525131226,6.062234206183348e-06,3.708763870235998e-06,Light_XM
/home/lmy/iot-device-classification/dataset/light_xm/round7_jitter/light_xm_r7.pcapng,R7,21,210.59130024909973,2.8253216441953555e-05,1.307793445448624e-05,0.9999189376831055,3.385972377145663e-05,5.916392638027901e-06,Light_XM
/home/lmy/iot-device-classification/dataset/light_xm/round7_jitter/light_xm_r7.pcapng,R7,22,225.0981152057648,4.0425358747597784e-05,2.9107908630976453e-05,0.7177121639251709,0.28215959668159485,5.8741636166814715e-05,Light_XM
/home/lmy/iot-device-classification/dataset/light_xm/round7_jitter/light_xm_r7.pcapng,R7,23,230.069628238678,2.8132069473940646e-06,5.071074156148825e-06,0.9999805688858032,6.1376395024126396e-06,5.444833732326515e-06,Light_XM
/home/lmy/iot-device-classification/dataset/light_xm/round7_jitter/light_xm_r7.pcapng,R7,24,240.5612108707428,3.286791525169974e-06,1.504731881141197e-05,0.9999697208404541,5.761082320532296e-06,6.181829576235032e-06,Light_XM
/home/lmy/iot-device-classification/dataset/light_xm/round7_jitter/light_xm_r7.pcapng,R7,25,250.38892650604248,8.454473572783172e-05,0.0003982322523370385,0.5472797155380249,0.45207008719444275,0.0001674230006756261,Light_XM
/home/lmy/iot-device-classification/dataset/light_xm/round7_jitter/light_xm_r7.pcapng,R7,26,262.5926940441132,1.8260634533362463e-06,1.3036777772867936e-06,0.9999850988388062,8.58528983371798e-06,3.208933321730001e-06,Light_XM
/home/lmy/iot-device-classification/dataset/light_xm/round7_jitter/light_xm_r7.pcapng,R7,27,271.9505615234375,3.625441240728833e-05,9.702303213998675e-05,0.9993615746498108,0.0004645492881536484,4.0583770896773785e-05,Light_XM
/home/lmy/iot-device-classification/dataset/light_xm/round7_jitter/light_xm_r7.pcapng,R7,28,285.1581268310547,6.522563580801943e-06,4.358310434326995e-06,0.999414324760437,0.0005660598399117589,8.786248145042919e-06,Light_XM
/home/lmy/iot-device-classification/dataset/light_xm/round7_jitter/light_xm_r7.pcapng,R7,29,295.17804193496704,0.004036093596369028,0.0022707185707986355,0.5775973200798035,0.41559913754463196,0.0004967433051206172,Light_XM
/home/lmy/iot-device-classification/dataset/light_xm/round7_jitter/light_xm_r7.pcapng,R7,30,300.82302832603455,1.1874964911839925e-05,1.3473895705828909e-05,0.9998718500137329,9.403502190252766e-05,8.793464985501487e-06,Light_XM
/home/lmy/iot-device-classification/dataset/light_xm/round7_jitter/light_xm_r7.pcapng,R7,31,315.19280672073364,8.024736416700762e-06,7.800349521858152e-06,0.9942800998687744,0.0056907436810433865,1.327329664491117e-05,Light_XM
/home/lmy/iot-device-classification/dataset/light_xm/round7_jitter/light_xm_r7.pcapng,R7,32,324.86748147010803,2.2852389065519674e-06,7.859282050048932e-06,0.9999631643295288,2.076021337416023e-05,5.903409146412741e-06,Light_XM
/home/lmy/iot-device-classification/dataset/light_xm/round7_jitter/light_xm_r7.pcapng,R7,33,335.21928191185,2.093258217428229e-06,5.074061391496798e-06,0.999970555305481,1.795779462554492e-05,4.338990493124584e-06,Light_XM
/home/lmy/iot-device-classification/dataset/light_xm/round7_jitter/light_xm_r7.pcapng,R7,34,342.13462591171265,1.0975308214256074e-05,1.4621418813476339e-05,0.9986535310745239,0.0013075013412162662,1.3369189218792599e-05,Light_XM
/home/lmy/iot-device-classification/dataset/light_xm/round7_jitter/light_xm_r7.pcapng,R7,35,353.6085700988769,0.014771013520658016,0.0008709821267984807,0.9254230260848999,0.05845393240451813,0.0004810699028894305,Light_XM
/home/lmy/iot-device-classification/dataset/light_xm/round7_jitter/light_xm_r7.pcapng,R7,36,360.21322560310364,2.328235950699309e-06,6.090222086641006e-06,0.9999477863311768,3.740171450772323e-05,6.3791085267439485e-06,Light_XM
/home/lmy/iot-device-classification/dataset/light_xm/round7_jitter/light_xm_r7.pcapng,R7,37,370.2966961860657,1.0263488547934685e-05,1.195240838569589e-05,0.9991618394851685,0.0008019334636628628,1.4019043192092795e-05,Light_XM
/home/lmy/iot-device-classification/dataset/light_xm/round7_jitter/light_xm_r7.pcapng,R7,38,383.1076157093048,5.328362931322772e-06,5.939718903391622e-06,0.999873161315918,0.00010416605800855905,1.1365948921593372e-05,Light_XM
/home/lmy/iot-device-classification/dataset/light_xm/round7_jitter/light_xm_r7.pcapng,R7,39,393.4237232208252,1.1775217899412382e-05,6.861716974526644e-05,0.9998185038566589,7.914367597550154e-05,2.2038942915969528e-05,Light_XM
/home/lmy/iot-device-classification/dataset/light_xm/round7_jitter/light_xm_r7.pcapng,R7,40,405.2518975734711,2.8347682018647902e-05,6.815772940171883e-05,0.9970851540565491,0.002766056451946497,5.23296112078242e-05,Light_XM
/home/lmy/iot-device-classification/dataset/light_xm/round7_jitter/light_xm_r7.pcapng,R7,41,410.4901571273804,1.9839470041915774e-05,6.658061465714127e-05,0.977735161781311,0.02213774435222149,4.068726047989912e-05,Light_XM
/home/lmy/iot-device-classification/dataset/light_xm/round7_jitter/light_xm_r7.pcapng,R7,42,421.61762285232544,2.539683919167146e-06,2.6882564725383418e-06,0.9999642372131348,2.5930750780389644e-05,4.609684310707962e-06,Light_XM
/home/lmy/iot-device-classification/dataset/light_xm/round7_jitter/light_xm_r7.pcapng,R7,43,433.0287380218506,7.62948729970958e-06,1.5194970728771295e-05,0.9994996786117554,0.000465716962935403,1.182172945846105e-05,Light_XM
/home/lmy/iot-device-classification/dataset/light_xm/round7_jitter/light_xm_r7.pcapng,R7,44,443.6086781024933,0.0003306413709651679,3.692521568154916e-05,0.9994503855705261,0.0001575227070134133,2.4492674128850922e-05,Light_XM
/home/lmy/iot-device-classification/dataset/light_xm/round7_jitter/light_xm_r7.pcapng,R7,45,450.1012256145477,7.437482963723596e-06,1.4429037037189119e-05,0.9999074935913086,5.6647288147360086e-05,1.3945787031843793e-05,Light_XM
/home/lmy/iot-device-classification/dataset/light_xm/round7_jitter/light_xm_r7.pcapng,R7,46,465.3085751533508,0.003913362510502338,0.0002710522385314107,0.3635583519935608,0.6320641040802002,0.00019314927340019494,Light_XM
/home/lmy/iot-device-classification/dataset/light_xm/round7_jitter/light_xm_r7.pcapng,R7,47,470.86254143714905,5.331739885150455e-06,1.3632576155941933e-05,0.9999269247055054,3.794204894802533e-05,1.6175334167201072e-05,Light_XM
/home/lmy/iot-device-classification/dataset/light_xm/round7_jitter/light_xm_r7.pcapng,R7,48,482.946307182312,1.3319649042387027e-05,5.4836636991240084e-05,0.9995456337928772,0.00035974118509329855,2.6443953174748458e-05,Light_XM
/home/lmy/iot-device-classification/dataset/light_xm/round7_jitter/light_xm_r7.pcapng,R7,49,490.3882868289948,6.9082548179721925e-06,1.2333443009993061e-05,0.9996776580810547,0.00029180344427004457,1.1367226761649363e-05,Light_XM
/home/lmy/iot-device-classification/dataset/light_xm/round7_jitter/light_xm_r7.pcapng,R7,50,501.01048851013184,3.0822475309832953e-06,5.984941708447877e-06,0.9999086856842041,7.488155097234994e-05,7.309416560019599e-06,Light_XM
/home/lmy/iot-device-classification/dataset/light_xm/round7_jitter/light_xm_r7.pcapng,R7,51,513.5751559734344,0.0004161659744568169,0.0006312999757938087,0.6422755718231201,0.35629531741142273,0.0003816206590272486,Light_XM
/home/lmy/iot-device-classification/dataset/light_xm/round7_jitter/light_xm_r7.pcapng,R7,52,522.461799621582,3.1198944725474576e-06,5.575339400820667e-06,0.9995796084403992,0.0004042169020976871,7.503090273530688e-06,Light_XM
/home/lmy/iot-device-classification/dataset/light_xm/round7_jitter/light_xm_r7.pcapng,R7,53,533.6006619930267,1.099325072573265e-05,1.3900759768148419e-05,0.9998893737792969,7.539797661593184e-05,1.0359013685956597e-05,Light_XM
/home/lmy/iot-device-classification/dataset/light_xm/round7_jitter/light_xm_r7.pcapng,R7,54,545.3401780128479,0.01622743159532547,0.013849552720785141,0.964957058429718,0.004053852520883083,0.0009121728944592178,Light_XM
/home/lmy/iot-device-classification/dataset/light_xm/round7_jitter/light_xm_r7.pcapng,R7,55,552.3666818141937,0.002178386552259326,0.00010850529361050576,0.817840576171875,0.1797577440738678,0.00011475842620711774,Light_XM
/home/lmy/iot-device-classification/dataset/light_xm/round7_jitter/light_xm_r7.pcapng,R7,56,565.4413802623749,7.638025635969825e-06,1.1585305401240475e-05,0.9994576573371887,0.0005049067549407482,1.823001730372198e-05,Light_XM
/home/lmy/iot-device-classification/dataset/light_xm/round7_jitter/light_xm_r7.pcapng,R7,57,570.3419468402863,7.430357982229907e-06,7.696976354054641e-06,0.9999370574951172,3.95230672438629e-05,8.240508577728178e-06,Light_XM
/home/lmy/iot-device-classification/dataset/light_xm/round7_jitter/light_xm_r7.pcapng,R7,58,584.6145977973938,7.478386578441132e-06,1.1160757821926381e-05,0.9970213770866394,0.002943718805909157,1.6270818377961405e-05,Light_XM
/home/lmy/iot-device-classification/dataset/light_xm/round7_jitter/light_xm_r7.pcapng,R7,59,593.1881268024445,0.0002826644340530038,0.00012760759273078293,0.998554527759552,0.0009765762370079756,5.862444231752306e-05,Light_XM
/home/lmy/iot-device-classification/dataset/light_xm/round7_jitter/light_xm_r7.pcapng,R7,60,600.6853110790253,1.2003880328848027e-05,1.9238317690906115e-05,0.9995402097702026,0.00040410805377177894,2.4507728085154667e-05,Light_XM
/home/lmy/iot-device-classification/dataset/light_xm/round7_jitter/light_xm_r7.pcapng,R7,61,613.9776291847229,6.77614298183471e-05,6.034014586475678e-05,0.9877507090568542,0.012029697187244892,9.14836346055381e-05,Light_XM
/home/lmy/iot-device-classification/dataset/light_xm/round7_jitter/light_xm_r7.pcapng,R7,62,623.5998420715332,3.4343788684054743e-06,4.5198553380032536e-06,0.9999686479568481,1.830513429013081e-05,5.086445071356138e-06,Light_XM
/home/lmy/iot-device-classification/dataset/light_xm/round7_jitter/light_xm_r7.pcapng,R7,63,633.5816373825073,2.9311329399206443e-06,3.221879296688712e-06,0.9999792575836182,9.060109732672572e-06,5.547823548113229e-06,Light_XM
/home/lmy/iot-device-classification/dataset/light_xm/round7_jitter/light_xm_r7.pcapng,R7,64,643.0957365036011,0.00628208601847291,0.009296508505940437,0.9483433365821838,0.034306127578020096,0.0017719750758260489,Light_XM
/home/lmy/iot-device-classification/dataset/light_xm/round7_jitter/light_xm_r7.pcapng,R7,65,650.0565667152405,8.56281621963717e-06,2.612399657664355e-05,0.9999140501022339,3.8368638342944905e-05,1.2907044947496615e-05,Light_XM
/home/lmy/iot-device-classification/dataset/light_xm/round7_jitter/light_xm_r7.pcapng,R7,66,662.4273157119751,5.4901202020118944e-06,9.19097783480538e-06,0.9999445676803589,3.198902413714677e-05,8.779029485594947e-06,Light_XM
/home/lmy/iot-device-classification/dataset/light_xm/round7_jitter/light_xm_r7.pcapng,R7,67,674.1225988864899,0.0016698426334187388,0.000228288205107674,0.8439362049102783,0.15391743183135986,0.0002481639967299998,Light_XM
/home/lmy/iot-device-classification/dataset/light_xm/round7_jitter/light_xm_r7.pcapng,R7,68,680.2974004745483,5.08207540406147e-06,1.663566399656702e-05,0.9999064207077026,6.216244219103828e-05,9.63501133810496e-06,Light_XM
/home/lmy/iot-device-classification/dataset/light_xm/round7_jitter/light_xm_r7.pcapng,R7,69,692.3314855098724,1.7703785488265567e-05,2.273709833389148e-05,0.9998773336410522,6.274699990171939e-05,1.9415139831835404e-05,Light_XM
/home/lmy/iot-device-classification/dataset/light_xm/round7_jitter/light_xm_r7.pcapng,R7,70,700.4111292362213,2.297662831551861e-06,5.88727471040329e-06,0.999951958656311,3.462157110334374e-05,5.183831490285229e-06,Light_XM
/home/lmy/iot-device-classification/dataset/light_xm/round7_jitter/light_xm_r7.pcapng,R7,71,713.5948135852814,0.01626790687441826,0.0011272785486653447,0.9359681606292725,0.04612474888563156,0.0005118901608511806,Light_XM
/home/lmy/iot-device-classification/dataset/light_xm/round7_jitter/light_xm_r7.pcapng,R7,72,720.9065887928009,3.811439228229574e-06,3.8614093682554085e-06,0.9999781847000122,8.236187568400055e-06,5.887255611014552e-06,Light_XM
/home/lmy/iot-device-classification/dataset/light_xm/round7_jitter/light_xm_r7.pcapng,R7,73,732.5444355010986,4.871824330621166e-06,4.386823547974927e-06,0.9997256398200989,0.0002583641617093235,6.7359983404458035e-06,Light_XM
/home/lmy/iot-device-classification/dataset/light_xm/round7_jitter/light_xm_r7.pcapng,R7,74,741.7321622371674,0.0002433697518426925,0.0009124273783527315,0.9473119974136353,0.05116184800863266,0.000370290334103629,Light_XM
/home/lmy/iot-device-classification/dataset/light_xm/round7_jitter/light_xm_r7.pcapng,R7,75,751.0016899108887,1.2598629837157205e-05,1.3323858183866832e-05,0.9994544386863708,0.0004978721844963729,2.1771220417576842e-05,Light_XM
/home/lmy/iot-device-classification/dataset/light_xm/round7_jitter/light_xm_r7.pcapng,R7,76,765.5273895263672,4.093351435585646e-06,1.2141334991611075e-05,0.9994294047355652,0.0005465970025397837,7.700313290115446e-06,Light_XM
/home/lmy/iot-device-classification/dataset/light_xm/round7_jitter/light_xm_r7.pcapng,R7,77,775.6464140415192,0.0004374560958240181,0.0002028938615694642,0.9974046349525452,0.001857070717960596,9.796271478990093e-05,Light_XM
/home/lmy/iot-device-classification/dataset/light_xm/round7_jitter/light_xm_r7.pcapng,R7,78,780.0149712562561,6.1842779359722044e-06,2.855031652870821e-06,0.9999717473983765,1.4659104635939002e-05,4.496343990467722e-06,Light_XM
/home/lmy/iot-device-classification/dataset/light_xm/round7_jitter/light_xm_r7.pcapng,R7,79,791.3257727622986,7.809421731508337e-06,1.7345601008855738e-05,0.9996967315673828,0.00026732965488918126,1.0773991562018637e-05,Light_XM
/home/lmy/iot-device-classification/dataset/light_xm/round7_jitter/light_xm_r7.pcapng,R7,80,801.235860824585,0.0010212197666987777,0.0009465668117627501,0.35042423009872437,0.6471442580223083,0.00046374122030101717,Light_XM
/home/lmy/iot-device-classification/dataset/light_xm/round7_jitter/light_xm_r7.pcapng,R7,81,811.0899076461792,2.1506955818040296e-05,7.003911741776392e-05,0.9998551607131958,3.0379751478903927e-05,2.289530311827548e-05,Light_XM
/home/lmy/iot-device-classification/dataset/light_xm/round7_jitter/light_xm_r7.pcapng,R7,82,820.1815931797028,1.4051542166271247e-05,1.932188570208382e-05,0.9998843669891357,6.299819506239146e-05,1.928893107105978e-05,Light_XM
/home/lmy/iot-device-classification/dataset/light_xm/round7_jitter/light_xm_r7.pcapng,R7,83,831.4307639598846,5.828735538671026e-06,5.704218438040698e-06,0.9999599456787109,1.7740860130288638e-05,1.0816552276082803e-05,Light_XM
/home/lmy/iot-device-classification/dataset/light_xm/round7_jitter/light_xm_r7.pcapng,R7,84,840.1376087665558,7.573241600766778e-05,0.00018378871027380228,0.09774722903966904,0.9018828272819519,0.00011037564399885014,Light_XM
/home/lmy/iot-device-classification/dataset/light_xm/round7_jitter/light_xm_r7.pcapng,R7,85,850.3707599639893,1.6909969417611137e-05,1.744837936712429e-05,0.999663233757019,0.00027563649928197265,2.6794257792062126e-05,Light_XM
/home/lmy/iot-device-classification/dataset/light_xm/round7_jitter/light_xm_r7.pcapng,R7,86,861.4657447338104,3.958143679483328e-06,8.584845090808813e-06,0.9999561309814453,2.54527749348199e-05,5.815581516799284e-06,Light_XM
/home/lmy/iot-device-classification/dataset/light_xm/round7_jitter/light_xm_r7.pcapng,R7,87,871.3748528957367,2.6410976715851575e-05,1.6413969206041656e-05,0.999882698059082,6.062819011276588e-05,1.3871003829990514e-05,Light_XM
/home/lmy/iot-device-classification/dataset/light_xm/round7_jitter/light_xm_r7.pcapng,R7,88,880.1039781570435,2.8349439162411727e-05,0.00011139072012156248,0.9984239339828491,0.0013904613442718983,4.592138066072948e-05,Light_XM
/home/lmy/iot-device-classification/dataset/light_xm/round7_jitter/light_xm_r7.pcapng,R7,89,895.7662191390991,1.9671942936838605e-06,2.190290388170979e-06,0.9999699592590332,2.2257276214077137e-05,3.676591177281807e-06,Light_XM
/home/lmy/iot-device-classification/dataset/light_xm/round7_jitter/light_xm_r7.pcapng,R7,90,905.7765593528748,6.601560744456947e-05,0.0005878086085431278,0.9981312155723572,0.0011330220149829984,8.192600216716528e-05,Light_XM
/home/lmy/iot-device-classification/dataset/light_xm/round7_jitter/light_xm_r7.pcapng,R7,91,910.244235277176,8.154887837008573e-06,1.1648864528979175e-05,0.9995119571685791,0.00045269326074048877,1.5544377674814314e-05,Light_XM
/home/lmy/iot-device-classification/dataset/light_xm/round7_jitter/light_xm_r7.pcapng,R7,92,923.8787741661072,5.760285148426192e-06,8.810096915112808e-06,0.9999600648880005,2.1253292288747616e-05,4.161472588748438e-06,Light_XM
/home/lmy/iot-device-classification/dataset/light_xm/round7_jitter/light_xm_r7.pcapng,R7,93,933.5639224052428,3.693104190460872e-06,6.9889379119558726e-06,0.999906063079834,7.615731738042086e-05,7.048799488984514e-06,Light_XM
/home/lmy/iot-device-classification/dataset/light_xm/round7_jitter/light_xm_r7.pcapng,R7,94,945.7066037654876,3.242228922317736e-05,0.000127430961583741,0.9990398287773132,0.0007630204199813306,3.7308323953766376e-05,Light_XM
/home/lmy/iot-device-classification/dataset/light_xm/round7_jitter/light_xm_r7.pcapng,R7,95,950.3742175102234,0.0001750195660861209,0.0004977693315595388,0.5390810370445251,0.45997247099876404,0.000273677462246269,Light_XM
/home/lmy/iot-device-classification/dataset/light_xm/round7_jitter/light_xm_r7.pcapng,R7,96,960.0491662025452,7.824112799426075e-06,7.650312909390777e-06,0.9999576807022095,2.0394649254740216e-05,6.5061808527389076e-06,Light_XM
/home/lmy/iot-device-classification/dataset/light_xm/round7_jitter/light_xm_r7.pcapng,R7,97,972.2702441215516,7.215274308691733e-06,1.8460728824720718e-05,0.9996465444564819,0.0003102597256656736,1.749684633978177e-05,Light_XM
/home/lmy/iot-device-classification/dataset/light_xm/round7_jitter/light_xm_r7.pcapng,R7,98,985.8566946983336,2.502472170817782e-06,4.841951977141434e-06,0.9999761581420898,1.0915754501183983e-05,5.547694854612928e-06,Light_XM
/home/lmy/iot-device-classification/dataset/light_xm/round7_jitter/light_xm_r7.pcapng,R7,99,993.5631303787231,6.827136530773714e-05,2.3708602384431288e-05,0.999818742275238,7.551756425527856e-05,1.3731866602029186e-05,Light_XM
/home/lmy/iot-device-classification/dataset/light_xm/round7_jitter/light_xm_r7.pcapng,R7,100,1000.3591027259828,9.907643288897816e-06,3.502445906633511e-05,0.9995893836021423,0.0003432529920246452,2.2480775442090817e-05,Light_XM
/home/lmy/iot-device-classification/dataset/light_xm/round7_jitter/light_xm_r7.pcapng,R7,101,1010.7939991950988,8.109908776532393e-06,1.2264823453733698e-05,0.9999004602432251,6.796926027163863e-05,1.1149318197567482e-05,Light_XM
/home/lmy/iot-device-classification/dataset/light_xm/round7_jitter/light_xm_r7.pcapng,R7,102,1020.0230164527892,1.2664983842114452e-05,1.232416707352968e-05,0.9999361038208008,2.4571085305069573e-05,1.4378268133441452e-05,Light_XM
/home/lmy/iot-device-classification/dataset/light_xm/round7_jitter/light_xm_r7.pcapng,R7,103,1030.4832015037537,7.761199231026694e-05,8.982753206510097e-05,0.580040454864502,0.4196647107601166,0.0001273636007681489,Light_XM
/home/lmy/iot-device-classification/dataset/light_xm/round7_jitter/light_xm_r7.pcapng,R7,104,1041.5685710906982,3.1054332794155926e-06,4.8106976464623585e-06,0.9999642372131348,2.20912534132367e-05,5.7743895922612865e-06,Light_XM
/home/lmy/iot-device-classification/dataset/light_xm/round7_jitter/light_xm_r7.pcapng,R7,105,1051.6396136283877,1.5479164403586765e-06,2.818536586346454e-06,0.9999746084213257,1.706679177004844e-05,4.001576598966494e-06,Light_XM
/home/lmy/iot-device-classification/dataset/light_xm/round7_jitter/light_xm_r7.pcapng,R7,106,1061.7284371852877,1.920831527968403e-05,0.0001050396531354636,0.9975218176841736,0.0023039099760353565,5.0054703024215996e-05,Light_XM
/home/lmy/iot-device-classification/dataset/light_xm/round7_jitter/light_xm_r7.pcapng,R7,107,1073.5927457809448,4.715624891105108e-05,3.3100317523349077e-05,0.9945122003555298,0.005378394387662411,2.912469244620297e-05,Light_XM
/home/lmy/iot-device-classification/dataset/light_xm/round7_jitter/light_xm_r7.pcapng,R7,108,1084.0525920391085,5.395718471845612e-05,0.0001339994923910126,0.9996057152748108,0.00014702460612170398,5.932337080594152e-05,Light_XM
/home/lmy/iot-device-classification/dataset/light_xm/round7_jitter/light_xm_r7.pcapng,R7,109,1091.8233494758606,1.5534611520706676e-05,3.586310413083993e-05,0.998577356338501,0.0013439664617180824,2.7274001695332117e-05,Light_XM
/home/lmy/iot-device-classification/dataset/light_xm/round7_jitter/light_xm_r7.pcapng,R7,110,1100.2064175605774,0.00021989292872603983,0.0003475590201560408,0.8688790202140808,0.13031719624996185,0.00023634170065633953,Light_XM
/home/lmy/iot-device-classification/dataset/light_xm/round7_jitter/light_xm_r7.pcapng,R7,111,1110.9583203792572,0.00010132605530088767,4.3219832150498405e-05,0.9996237754821777,0.0001967252610484138,3.4985037927981466e-05,Light_XM
/home/lmy/iot-device-classification/dataset/light_xm/round7_jitter/light_xm_r7.pcapng,R7,112,1120.03839468956,3.39017242367845e-05,4.626098234439269e-05,0.9996423721313477,0.00024615961592644453,3.129634205834009e-05,Light_XM
/home/lmy/iot-device-classification/dataset/light_xm/round7_jitter/light_xm_r7.pcapng,R7,113,1136.006670475006,0.0003052690881304443,0.0005752031574957073,0.1464802324771881,0.8523954749107361,0.00024383429263252765,Light_XM
/home/lmy/iot-device-classification/dataset/light_xm/round7_jitter/light_xm_r7.pcapng,R7,114,1141.2197859287262,3.421243036427768e-06,4.277729203749914e-06,0.9999760389328003,1.2484324543038383e-05,3.8087787288532127e-06,Light_XM
/home/lmy/iot-device-classification/dataset/light_xm/round7_jitter/light_xm_r7.pcapng,R7,115,1152.28897190094,1.857636380009353e-05,2.5441564503125846e-05,0.993753969669342,0.006180013529956341,2.1993137124809437e-05,Light_XM
/home/lmy/iot-device-classification/dataset/light_xm/round7_jitter/light_xm_r7.pcapng,R7,116,1163.3596096038818,1.7701697288430296e-05,1.1386970982130151e-05,0.999947190284729,1.626800440135412e-05,7.487054517696379e-06,Light_XM
/home/lmy/iot-device-classification/dataset/light_xm/round7_jitter/light_xm_r7.pcapng,R7,117,1171.451291322708,4.073734544363106e-06,5.176883405511035e-06,0.9999687671661377,1.6915671949391253e-05,5.0292396736040246e-06,Light_XM
/home/lmy/iot-device-classification/dataset/light_xm/round7_jitter/light_xm_r7.pcapng,R7,118,1181.4886949062347,4.004840320703806e-06,4.75399247079622e-06,0.9998924732208252,9.230681462213397e-05,6.39083646092331e-06,Light_XM
/home/lmy/iot-device-classification/dataset/light_xm/round7_jitter/light_xm_r7.pcapng,R7,119,1193.60218000412,1.7737587540977984e-06,2.9062478006380843e-06,0.9999866485595703,4.480222287384095e-06,4.137830273975851e-06,Light_XM
/home/lmy/iot-device-classification/dataset/light_xm/round7_jitter/light_xm_r7.pcapng,R7,120,1202.6289780139923,3.365557131473906e-05,5.194747063796967e-05,0.9995249509811401,0.000352227536495775,3.7194891774561256e-05,Light_XM
/home/lmy/iot-device-classification/dataset/light_xm/round7_jitter/light_xm_r7.pcapng,R7,121,1210.699779510498,1.736193007673137e-05,1.3369972293730825e-05,0.9921976923942566,0.007744720671325922,2.6871330192079768e-05,Light_XM
/home/lmy/iot-device-classification/dataset/light_xm/round7_jitter/light_xm_r7.pcapng,R7,122,1220.7687411308289,1.2577999086715863e-06,2.106557076331228e-06,0.9999884366989136,4.833029379369691e-06,3.315606136311544e-06,Light_XM
/home/lmy/iot-device-classification/dataset/light_xm/round7_jitter/light_xm_r7.pcapng,R7,123,1233.5636167526245,6.264569492486771e-06,5.755461188527988e-06,0.9998928308486938,8.534578228136525e-05,9.747234798851423e-06,Light_XM
/home/lmy/iot-device-classification/dataset/light_xm/round7_jitter/light_xm_r7.pcapng,R7,124,1245.8823759555817,3.440932050580159e-05,0.00021823255519848317,0.9912357330322266,0.008434913121163845,7.669938349863514e-05,Light_XM
/home/lmy/iot-device-classification/dataset/light_xm/round7_jitter/light_xm_r7.pcapng,R7,125,1250.0093796253204,1.2746169886668213e-05,4.334336335887201e-05,0.9993643164634705,0.0005593058303929865,2.0323501303209923e-05,Light_XM
/home/lmy/iot-device-classification/dataset/light_xm/round7_jitter/light_xm_r7.pcapng,R7,126,1264.1197991371157,0.000852338969707489,0.0015999235911294818,0.8451360464096069,0.15184006094932556,0.0005716859013773501,Light_XM
/home/lmy/iot-device-classification/dataset/light_xm/round7_jitter/light_xm_r7.pcapng,R7,127,1270.272162914276,1.3495618986780755e-05,4.607060327543877e-05,0.9988322854042053,0.00108081114012748,2.7296033294987865e-05,Light_XM
/home/lmy/iot-device-classification/dataset/light_xm/round7_jitter/light_xm_r7.pcapng,R7,128,1280.1024162769318,5.09223245899193e-05,0.00014997737889643759,0.7400370836257935,0.2596625089645386,9.95590235106647e-05,Light_XM
/home/lmy/iot-device-classification/dataset/light_xm/round7_jitter/light_xm_r7.pcapng,R7,129,1291.328403711319,9.660700015956536e-06,2.8960066629224457e-05,0.9999216794967651,2.8788403142243624e-05,1.0899566404987127e-05,Light_XM
/home/lmy/iot-device-classification/dataset/light_xm/round7_jitter/light_xm_r7.pcapng,R7,130,1301.4185009002686,4.959821126249153e-06,3.2861985346244182e-06,0.9998512268066406,0.00013415465946309268,6.355716323014349e-06,Light_XM
/home/lmy/iot-device-classification/dataset/light_xm/round7_jitter/light_xm_r7.pcapng,R7,131,1310.48903131485,3.2903719784371788e-06,9.875254363578279e-06,0.9999693632125854,1.0664710316632409e-05,6.820397629780928e-06,Light_XM
/home/lmy/iot-device-classification/dataset/light_xm/round7_jitter/light_xm_r7.pcapng,R7,132,1322.04252243042,1.1912685295101255e-05,9.300330930273049e-06,0.9815341234207153,0.01842188648879528,2.2698917746311054e-05,Light_XM
/home/lmy/iot-device-classification/dataset/light_xm/round7_jitter/light_xm_r7.pcapng,R7,133,1332.6091125011444,1.0033774742623791e-05,1.71691135619767e-05,0.9991994500160217,0.0007561786915175617,1.7154121451312676e-05,Light_XM
/home/lmy/iot-device-classification/dataset/light_xm/round7_jitter/light_xm_r7.pcapng,R7,134,1341.1458892822266,4.7743656068632845e-06,1.9293711375212297e-06,0.9999611377716064,2.776648398139514e-05,4.367370820546057e-06,Light_XM
/home/lmy/iot-device-classification/dataset/light_xm/round7_jitter/light_xm_r7.pcapng,R7,135,1350.7810440063477,5.452327513921773e-06,9.154070539807435e-06,0.9999587535858154,1.6937827240326442e-05,9.660800060373731e-06,Light_XM
/home/lmy/iot-device-classification/dataset/light_xm/round7_jitter/light_xm_r7.pcapng,R7,136,1362.7733335494995,1.4904853742336854e-05,7.195645594038069e-05,0.9967544674873352,0.0031349884811788797,2.3646514819120057e-05,Light_XM
/home/lmy/iot-device-classification/dataset/light_xm/round7_jitter/light_xm_r7.pcapng,R7,137,1371.1393716335297,4.177974005870055e-06,7.1095423663791735e-06,0.9999703168869019,1.2049014003423508e-05,6.362604835885577e-06,Light_XM
/home/lmy/iot-device-classification/dataset/light_xm/round7_jitter/light_xm_r7.pcapng,R7,138,1382.9220893383026,1.5897428966127336e-05,3.967478551203385e-05,0.9998946189880371,2.9899641958763823e-05,1.9867542505380698e-05,Light_XM
/home/lmy/iot-device-classification/dataset/light_xm/round7_jitter/light_xm_r7.pcapng,R7,139,1391.3425540924072,0.0001290989894187078,0.00015722638636361808,0.38679811358451843,0.612707257270813,0.00020832748850807548,Light_XM
/home/lmy/iot-device-classification/dataset/light_xm/round7_jitter/light_xm_r7.pcapng,R7,140,1401.048982381821,2.381406829954358e-06,3.211802550140419e-06,0.9999575614929199,3.2027623092290014e-05,4.758870090881828e-06,Light_XM
/home/lmy/iot-device-classification/dataset/light_xm/round7_jitter/light_xm_r7.pcapng,R7,141,1410.128938913345,5.236242486716947e-06,6.266340278671123e-06,0.9999542236328125,2.4966831915662624e-05,9.284751286031678e-06,Light_XM
/home/lmy/iot-device-classification/dataset/light_xm/round7_jitter/light_xm_r7.pcapng,R7,142,1420.208375930786,1.7665499399299733e-05,2.4068305719993077e-05,0.9966356158256531,0.0032971615437418222,2.5566465410520323e-05,Light_XM
/home/lmy/iot-device-classification/dataset/light_xm/round7_jitter/light_xm_r7.pcapng,R7,143,1433.5934944152832,1.025209803628968e-05,5.539090579986805e-06,0.9999316930770874,4.182148040854372e-05,1.0725750144047197e-05,Light_XM
/home/lmy/iot-device-classification/dataset/light_xm/round7_jitter/light_xm_r7.pcapng,R7,144,1443.8928775787354,4.030048330605496e-06,8.16443298390368e-06,0.9999425411224365,3.5922752431361005e-05,9.36784635996446e-06,Light_XM
/home/lmy/iot-device-classification/dataset/light_xm/round7_jitter/light_xm_r7.pcapng,R7,145,1451.401231050491,2.6554951546131633e-05,3.4208103897981346e-05,0.9995248317718506,0.0003913932014256716,2.3020767912385054e-05,Light_XM
/home/lmy/iot-device-classification/dataset/light_xm/round7_jitter/light_xm_r7.pcapng,R7,146,1460.0628776550293,0.0016005804063752294,0.00011590083158807829,0.9332917332649231,0.06489117443561554,0.0001006183447316289,Light_XM
/home/lmy/iot-device-classification/dataset/light_xm/round7_jitter/light_xm_r7.pcapng,R7,147,1471.9833884239197,0.00023892962781246752,4.931682633468881e-05,0.9994895458221436,0.00016975318430922925,5.2380415581865236e-05,Light_XM
/home/lmy/iot-device-classification/dataset/light_xm/round7_jitter/light_xm_r7.pcapng,R7,148,1485.4948880672457,5.0663652473303955e-06,4.010868451587157e-06,0.9994921684265137,0.0004909562994726002,7.72955081629334e-06,Light_XM
/home/lmy/iot-device-classification/dataset/light_xm/round7_jitter/light_xm_r7.pcapng,R7,149,1491.6396687030792,1.1520410225784872e-06,2.3171767224994255e-06,0.999982476234436,1.0902662324951962e-05,3.195795670762891e-06,Light_XM
/home/lmy/iot-device-classification/dataset/light_xm/round7_jitter/light_xm_r7.pcapng,R7,150,1504.2126293182373,1.5259652172971983e-06,1.8004578805630445e-06,0.999963641166687,2.9684999390156008e-05,3.3044539122784045e-06,Light_XM
/home/lmy/iot-device-classification/dataset/light_xm/round7_jitter/light_xm_r7.pcapng,R7,151,1513.04158949852,6.8517238105414435e-06,1.1967592399741989e-05,0.9956331849098206,0.004336581099778414,1.136726132244803e-05,Light_XM
/home/lmy/iot-device-classification/dataset/light_xm/round7_jitter/light_xm_r7.pcapng,R7,152,1523.5928819179535,1.660791713220533e-05,1.5296485798899084e-05,0.9998754262924194,6.958282028790563e-05,2.3036092898109928e-05,Light_XM
/home/lmy/iot-device-classification/dataset/light_xm/round7_jitter/light_xm_r7.pcapng,R7,153,1532.9288215637207,2.421495537419105e-06,2.2187052763911197e-06,0.9999755620956421,1.5231228644552175e-05,4.522861672739964e-06,Light_XM
/home/lmy/iot-device-classification/dataset/light_xm/round7_jitter/light_xm_r7.pcapng,R7,154,1543.732706785202,1.1069151696574409e-05,1.191605770145543e-05,0.9994373917579651,0.0005213615368120372,1.825314757297747e-05,Light_XM
/home/lmy/iot-device-classification/dataset/light_xm/round7_jitter/light_xm_r7.pcapng,R7,155,1556.344543218613,0.024846654385328293,0.039639245718717575,0.8069911599159241,0.12415337562561035,0.004369525238871574,Light_XM
/home/lmy/iot-device-classification/dataset/light_xm/round7_jitter/light_xm_r7.pcapng,R7,156,1561.188406944275,2.319054510735441e-05,1.98467678274028e-05,0.9998001456260681,0.00013643314014188945,2.037429112533573e-05,Light_XM
/home/lmy/iot-device-classification/dataset/light_xm/round7_jitter/light_xm_r7.pcapng,R7,157,1571.0530121326449,0.00011286054359516129,0.00018653042207006365,0.4284231662750244,0.5711035132408142,0.00017392764857504517,Light_XM
/home/lmy/iot-device-classification/dataset/light_xm/round7_jitter/light_xm_r7.pcapng,R7,158,1583.1694583892822,3.204443146387348e-06,6.8964272941229865e-06,0.999954342842102,2.8555987228173763e-05,7.0021915234974585e-06,Light_XM
/home/lmy/iot-device-classification/dataset/light_xm/round7_jitter/light_xm_r7.pcapng,R7,159,1593.5630071163175,5.158978638064582e-06,7.591485427838052e-06,0.9999059438705444,7.122912211343646e-05,1.0036714229499921e-05,Light_XM
/home/lmy/iot-device-classification/dataset/light_xm/round7_jitter/light_xm_r7.pcapng,R7,160,1600.2800867557526,9.594357834430411e-06,2.1821593691129237e-05,0.9983488321304321,0.0015967547660693526,2.2992586309555918e-05,Light_XM
/home/lmy/iot-device-classification/dataset/light_xm/round7_jitter/light_xm_r7.pcapng,R7,161,1610.943098306656,9.11334700504085e-06,1.5698798961238936e-05,0.9996410608291626,0.0003193166630808264,1.4818176168773789e-05,Light_XM
/home/lmy/iot-device-classification/dataset/light_xm/round7_jitter/light_xm_r7.pcapng,R7,162,1620.4338850975037,5.284571670927107e-06,6.566878710145829e-06,0.9999558925628662,2.365701220696792e-05,8.5624724306399e-06,Light_XM
/home/lmy/iot-device-classification/dataset/light_xm/round7_jitter/light_xm_r7.pcapng,R7,163,1632.51953125,1.174278531834716e-05,1.340423750662012e-05,0.9996896982192993,0.00026884416001848876,1.630301085242536e-05,Light_XM
/home/lmy/iot-device-classification/dataset/light_xm/round7_jitter/light_xm_r7.pcapng,R7,164,1645.6527152061462,0.00019043059728574008,0.0013444654177874327,0.9952908754348755,0.002898524049669504,0.00027568507357500494,Light_XM
/home/lmy/iot-device-classification/dataset/light_xm/round7_jitter/light_xm_r7.pcapng,R7,165,1650.041686296463,8.770403655944392e-05,9.008612687466666e-05,0.9506321549415588,0.04911324381828308,7.679856207687408e-05,Light_XM
/home/lmy/iot-device-classification/dataset/light_xm/round7_jitter/light_xm_r7.pcapng,R7,166,1660.7087054252625,1.6798732758616097e-05,5.324897574610077e-05,0.9978539347648621,0.0020395617466419935,3.6477165849646553e-05,Light_XM
/home/lmy/iot-device-classification/dataset/light_xm/round7_jitter/light_xm_r7.pcapng,R7,167,1670.354951620102,1.3771980775345583e-05,2.3623639208381064e-05,0.9937771558761597,0.006153768394142389,3.167859176755883e-05,Light_XM
/home/lmy/iot-device-classification/dataset/light_xm/round7_jitter/light_xm_r7.pcapng,R7,168,1683.093889951706,0.010791243053972721,0.011336910538375378,0.9726371169090271,0.004514085594564676,0.0007206130539998412,Light_XM
/home/lmy/iot-device-classification/dataset/light_xm/round7_jitter/light_xm_r7.pcapng,R7,169,1691.8212831020355,1.2046304618706927e-05,2.9347700547077693e-05,0.9949754476547241,0.0049564531072974205,2.6738565793493763e-05,Light_XM
/home/lmy/iot-device-classification/dataset/light_xm/round7_jitter/light_xm_r7.pcapng,R7,170,1702.96839594841,2.256503648823127e-05,5.696970038115978e-05,0.9975008368492126,0.0023746772203594446,4.5000775571679696e-05,Light_XM
/home/lmy/iot-device-classification/dataset/light_xm/round7_jitter/light_xm_r7.pcapng,R7,171,1710.3579807281494,1.444692588847829e-05,3.069734520977363e-05,0.9997026324272156,0.00023189224884845316,2.035137003986165e-05,Light_XM
/home/lmy/iot-device-classification/dataset/light_xm/round7_jitter/light_xm_r7.pcapng,R7,172,1721.159142255783,0.0003043872711714357,0.00013853484415449202,0.9887240529060364,0.010733935981988907,9.910283552017063e-05,Light_XM
/home/lmy/iot-device-classification/dataset/light_xm/round7_jitter/light_xm_r7.pcapng,R7,173,1730.141224384308,3.904167533619329e-05,2.920351835200563e-05,0.9956206679344177,0.004295188467949629,1.5945901395753026e-05,Light_XM
/home/lmy/iot-device-classification/dataset/light_xm/round7_jitter/light_xm_r7.pcapng,R7,174,1740.2813391685486,2.6680778319132514e-05,3.8020250940462574e-05,0.9998106360435486,9.263629181077704e-05,3.199855564162135e-05,Light_XM
/home/lmy/iot-device-classification/dataset/light_xm/round7_jitter/light_xm_r7.pcapng,R7,175,1750.2989320755005,1.986380993912462e-05,3.293203917564824e-05,0.9982861876487732,0.0016305730678141117,3.038251270481851e-05,Light_XM
/home/lmy/iot-device-classification/dataset/light_xm/round7_jitter/light_xm_r7.pcapng,R7,176,1760.342375278473,3.468311479082331e-05,3.3447944588260725e-05,0.9956938028335571,0.004222184885293245,1.5868972695898265e-05,Light_XM
/home/lmy/iot-device-classification/dataset/light_xm/round7_jitter/light_xm_r7.pcapng,R7,177,1772.3410875797272,1.5458711004612269e-06,1.8008699953497853e-06,0.9999884366989136,4.9530467549629975e-06,3.2271366308123106e-06,Light_XM
/home/lmy/iot-device-classification/dataset/light_xm/round7_jitter/light_xm_r7.pcapng,R7,178,1780.529576778412,0.00010247567115584388,3.9508795453002676e-05,0.9702924489974976,0.029496412724256516,6.911944365128875e-05,Light_XM
/home/lmy/iot-device-classification/dataset/light_xm/round7_jitter/light_xm_r7.pcapng,R7,179,1791.6587524414062,1.2200913261040114e-05,3.829950401268434e-06,0.9999641180038452,1.2235706890351139e-05,7.566801741631934e-06,Light_XM
/home/lmy/iot-device-classification/dataset/light_xm/round7_jitter/light_xm_r7.pcapng,R7,180,1803.7395596504207,9.165146366285626e-06,3.2286247005686164e-05,0.999922513961792,2.1693684175261296e-05,1.433005127182696e-05,Light_XM
/home/lmy/iot-device-classification/dataset/light_xm/round7_jitter/light_xm_r7.pcapng,R7,181,1816.2132909297943,1.681480171100702e-05,3.55122028850019e-05,0.9840447902679443,0.015857061371207237,4.576678111334331e-05,Light_XM
/home/lmy/iot-device-classification/dataset/light_xm/round7_jitter/light_xm_r7.pcapng,R7,182,1824.5336363315585,1.5207289152385783e-06,2.802765266096685e-06,0.9999747276306152,1.7073029084713198e-05,3.912587999366224e-06,Light_XM
/home/lmy/iot-device-classification/dataset/light_xm/round7_jitter/light_xm_r7.pcapng,R7,183,1832.682523727417,6.6992852225666866e-06,9.354793292004615e-06,0.9999262094497681,4.434754737303592e-05,1.3346200830710586e-05,Light_XM
/home/lmy/iot-device-classification/dataset/light_xm/round7_jitter/light_xm_r7.pcapng,R7,184,1843.253168106079,9.90940498013515e-06,4.914325836580247e-05,0.9994696974754333,0.00044976003118790686,2.1459642084664665e-05,Light_XM
/home/lmy/iot-device-classification/dataset/light_xm/round7_jitter/light_xm_r7.pcapng,R7,185,1850.3520188331604,2.061300074274186e-05,3.967209704569541e-05,0.99907386302948,0.0008393790922127664,2.6495044949115254e-05,Light_XM
/home/lmy/iot-device-classification/dataset/light_xm/round7_jitter/light_xm_r7.pcapng,R7,186,1861.301681280136,1.2678026450885227e-06,3.855041995848296e-06,0.9999816417694092,9.320740900875535e-06,3.935055701731471e-06,Light_XM
/home/lmy/iot-device-classification/dataset/light_xm/round7_jitter/light_xm_r7.pcapng,R7,187,1874.4534583091736,8.274588253698312e-06,2.4340275558643043e-05,0.9992913007736206,0.0006560978363268077,1.9906938177882694e-05,Light_XM
/home/lmy/iot-device-classification/dataset/light_xm/round7_jitter/light_xm_r7.pcapng,R7,188,1883.594200372696,6.660583494522143e-06,1.0833921805897262e-05,0.9999585151672363,1.333490126853576e-05,1.0690723684092518e-05,Light_XM
/home/lmy/iot-device-classification/dataset/light_xm/round7_jitter/light_xm_r7.pcapng,R7,189,1890.193105220795,7.058925984892994e-05,7.472246943507344e-05,0.992041289806366,0.007760070730000734,5.336188041837886e-05,Light_XM
/home/lmy/iot-device-classification/dataset/light_xm/round7_jitter/light_xm_r7.pcapng,R7,190,1903.408964395523,1.2902587513963226e-05,5.657193014485529e-06,0.9949105381965637,0.005056840367615223,1.4018053661857266e-05,Light_XM
/home/lmy/iot-device-classification/dataset/light_xm/round7_jitter/light_xm_r7.pcapng,R7,191,1914.1195805072784,9.19311150937574e-06,3.7470155803021044e-05,0.9997876286506653,0.00014716976147610694,1.855788468674291e-05,Light_XM
/home/lmy/iot-device-classification/dataset/light_xm/round7_jitter/light_xm_r7.pcapng,R7,192,1923.5723435878756,8.967876965471078e-06,1.5361021723947488e-05,0.9999045133590698,5.235031130723655e-05,1.8766624634736218e-05,Light_XM
/home/lmy/iot-device-classification/dataset/light_xm/round7_jitter/light_xm_r7.pcapng,R7,193,1932.601036310196,2.01991406356683e-05,4.846940646530129e-05,0.9979442954063416,0.0019426658982411027,4.435218215803616e-05,Light_XM
/home/lmy/iot-device-classification/dataset/light_xm/round7_jitter/light_xm_r7.pcapng,R7,194,1945.1733803749084,5.1110888307448477e-05,0.0001269679341930896,0.9994705319404602,0.00028028141241520643,7.115751213859767e-05,Light_XM
/home/lmy/iot-device-classification/dataset/light_xm/round7_jitter/light_xm_r7.pcapng,R7,195,1950.203512907028,3.1999543352867477e-06,1.028578572004335e-05,0.9999496936798096,3.0275028620962985e-05,6.5993208409054205e-06,Light_XM
/home/lmy/iot-device-classification/dataset/light_xm/round7_jitter/light_xm_r7.pcapng,R7,196,1960.84175992012,1.192135732708266e-05,5.256288932287134e-05,0.9992870688438416,0.0006172875291667879,3.1134641176322475e-05,Light_XM
/home/lmy/iot-device-classification/dataset/light_xm/round7_jitter/light_xm_r7.pcapng,R7,197,1971.0624225139616,4.1588368731027e-06,6.447884061344666e-06,0.999968409538269,1.3826414942741394e-05,7.191248187154997e-06,Light_XM
/home/lmy/iot-device-classification/dataset/light_xm/round7_jitter/light_xm_r7.pcapng,R7,198,1980.5131871700287,1.4483243830909487e-06,3.9203036976687144e-06,0.9999841451644897,6.856785603304161e-06,3.6211545193509664e-06,Light_XM
/home/lmy/iot-device-classification/dataset/light_xm/round7_jitter/light_xm_r7.pcapng,R7,199,1991.8312833309171,3.865909457090311e-05,5.407822027336806e-05,0.9467737078666687,0.05304341018199921,9.017949923872948e-05,Light_XM
/home/lmy/iot-device-classification/dataset/light_xm/round7_jitter/light_xm_r7.pcapng,R7,200,2002.1288087368007,3.135155111522181e-06,4.3696682041627355e-06,0.999947190284729,3.889690924552269e-05,6.449961347243516e-06,Light_XM
/home/lmy/iot-device-classification/dataset/light_xm/round7_jitter/light_xm_r7.pcapng,R7,201,2012.1289551258087,6.070276413083775e-06,8.253977284766734e-06,0.9999518394470215,2.592311102489475e-05,7.913962690508924e-06,Light_XM
/home/lmy/iot-device-classification/dataset/light_xm/round7_jitter/light_xm_r7.pcapng,R7,202,2022.209891319275,6.662843588856049e-06,8.212360626203008e-06,0.9978891015052795,0.002080793958157301,1.5179805814113934e-05,Light_XM
/home/lmy/iot-device-classification/dataset/light_xm/round7_jitter/light_xm_r7.pcapng,R7,203,2034.6132884025571,1.649946534598712e-05,9.003850209410302e-06,0.9998642206192017,9.988157398765907e-05,1.0326863957743626e-05,Light_XM
/home/lmy/iot-device-classification/dataset/light_xm/round7_jitter/light_xm_r7.pcapng,R7,204,2040.361088514328,2.586698428785894e-06,5.054275789007079e-06,0.999966025352478,2.0791101633221842e-05,5.577723186434014e-06,Light_XM
/home/lmy/iot-device-classification/dataset/light_xm/round7_jitter/light_xm_r7.pcapng,R7,205,2053.333266735077,1.6850010069902055e-05,3.294079579063691e-05,0.9994624257087708,0.0004547431890387088,3.300110256532207e-05,Light_XM
/home/lmy/iot-device-classification/dataset/light_xm/round7_jitter/light_xm_r7.pcapng,R7,206,2063.5692687034607,2.0939818568876944e-05,1.386714393447619e-05,0.9999114274978638,3.917942740372382e-05,1.4536050912283827e-05,Light_XM
/home/lmy/iot-device-classification/dataset/light_xm/round7_jitter/light_xm_r7.pcapng,R7,207,2071.9517493247986,1.1201077541045379e-05,2.102498729072977e-05,0.999686598777771,0.0002549382916186005,2.6268755391356535e-05,Light_XM
/home/lmy/iot-device-classification/dataset/light_xm/round7_jitter/light_xm_r7.pcapng,R7,208,2084.5430188179016,4.724823156720959e-06,6.655295692326035e-06,0.9998413324356079,0.00013832155673298985,8.912277735362295e-06,Light_XM
/home/lmy/iot-device-classification/dataset/light_xm/round7_jitter/light_xm_r7.pcapng,R7,209,2095.8094823360443,2.1904033928876743e-06,1.9477113255561562e-06,0.9999815225601196,9.749865967023652e-06,4.617507784132613e-06,Light_XM
/home/lmy/iot-device-classification/dataset/light_xm/round7_jitter/light_xm_r7.pcapng,R7,210,2103.350998401642,0.0021948963403701782,0.00033141582389362156,0.9967558979988098,0.0005373398307710886,0.000180429604370147,Light_XM
/home/lmy/iot-device-classification/dataset/light_xm/round7_jitter/light_xm_r7.pcapng,R7,211,2115.7589395046234,1.2487715139286593e-05,1.9847924704663455e-05,0.9696294665336609,0.030307885259389877,3.0335326300701126e-05,Light_XM
/home/lmy/iot-device-classification/dataset/light_xm/round7_jitter/light_xm_r7.pcapng,R7,212,2124.0529446601868,1.9237029391661054e-06,4.7869662012089975e-06,0.999975323677063,1.1652753528323956e-05,6.2611438806925435e-06,Light_XM
/home/lmy/iot-device-classification/dataset/light_xm/round7_jitter/light_xm_r7.pcapng,R7,213,2134.0662591457367,4.4503256503958255e-05,2.2271147827268578e-05,0.9992571473121643,0.0006526976358145475,2.3331040210905485e-05,Light_XM
/home/lmy/iot-device-classification/dataset/light_xm/round7_jitter/light_xm_r7.pcapng,R7,214,2141.4815018177032,2.215887070633471e-05,1.91422786883777e-05,0.9993394017219543,0.0005948710604570806,2.443005178065505e-05,Light_XM
/home/lmy/iot-device-classification/dataset/light_xm/round7_jitter/light_xm_r7.pcapng,R7,215,2153.5984132289886,8.121823157125618e-06,6.7135683821106795e-06,0.9999512434005737,2.599907929834444e-05,7.968105819600169e-06,Light_XM
/home/lmy/iot-device-classification/dataset/light_xm/round7_jitter/light_xm_r7.pcapng,R7,216,2162.2901413440704,1.2756871001329273e-05,5.611819142359309e-05,0.9998542070388794,5.660376700689085e-05,2.026806578214746e-05,Light_XM
/home/lmy/iot-device-classification/dataset/light_xm/round7_jitter/light_xm_r7.pcapng,R7,217,2170.380039215088,1.982977664738428e-05,0.0001165268404292874,0.9991462230682373,0.0006750439642928541,4.240478665451519e-05,Light_XM
/home/lmy/iot-device-classification/dataset/light_xm/round7_jitter/light_xm_r7.pcapng,R7,218,2181.4101145267487,2.5672425181255676e-06,7.131916390790138e-06,0.9999452829360962,3.9532700611744076e-05,5.534260253625689e-06,Light_XM
/home/lmy/iot-device-classification/dataset/light_xm/round7_jitter/light_xm_r7.pcapng,R7,219,2191.489990711212,1.7025406123138964e-05,2.9040789740975015e-05,0.9998937845230103,3.913877662853338e-05,2.1020805434091017e-05,Light_XM
/home/lmy/iot-device-classification/dataset/light_xm/round7_jitter/light_xm_r7.pcapng,R7,220,2201.570640563965,6.694980129395844e-06,1.85318713192828e-05,0.9997335076332092,0.00022693353821523488,1.4334490515466314e-05,Light_XM
/home/lmy/iot-device-classification/dataset/light_xm/round7_jitter/light_xm_r7.pcapng,R7,221,2211.2726531028748,7.312649813684402e-06,6.161968940432416e-06,0.9998388290405273,0.00013672589557245374,1.0940203537757043e-05,Light_XM
/home/lmy/iot-device-classification/dataset/light_xm/round7_jitter/light_xm_r7.pcapng,R7,222,2220.689675331116,2.035387296928093e-06,6.318154191831127e-06,0.9999643564224243,2.229084202554077e-05,5.051458174420986e-06,Light_XM
/home/lmy/iot-device-classification/dataset/light_xm/round7_jitter/light_xm_r7.pcapng,R7,223,2230.770434141159,0.03149377554655075,4.6975324949016795e-05,0.9662309885025024,0.0021805469878017902,4.7644643927924335e-05,Light_XM
/home/lmy/iot-device-classification/dataset/light_xm/round7_jitter/light_xm_r7.pcapng,R7,224,2243.5983123779297,1.0748319255071692e-05,3.589587549868156e-06,0.9999470710754395,3.1171432055998594e-05,7.377208021352999e-06,Light_XM
/home/lmy/iot-device-classification/dataset/light_xm/round7_jitter/light_xm_r7.pcapng,R7,225,2257.161903858185,1.9032793261430925e-06,5.921659521845868e-06,0.9999771118164062,1.0000203474191949e-05,5.045230409450596e-06,Light_XM
/home/lmy/iot-device-classification/dataset/light_xm/round7_jitter/light_xm_r7.pcapng,R7,226,2260.4747066497803,1.738979699439369e-05,3.8931004382902756e-05,0.9988365769386292,0.001068285433575511,3.8808342651464045e-05,Light_XM
/home/lmy/iot-device-classification/dataset/light_xm/round7_jitter/light_xm_r7.pcapng,R7,227,2270.301010131836,3.480973464320414e-05,1.6930627680267207e-05,0.9993784427642822,0.0005558043485507369,1.4015371561981738e-05,Light_XM
/home/lmy/iot-device-classification/dataset/light_xm/round7_jitter/light_xm_r7.pcapng,R7,228,2280.9905440807343,2.1940923033980653e-06,8.590309334977064e-06,0.999970555305481,1.3744422176387161e-05,4.881306722381851e-06,Light_XM
/home/lmy/iot-device-classification/dataset/light_xm/round7_jitter/light_xm_r7.pcapng,R7,229,2291.161273956299,6.663631938863546e-05,0.00011400483344914392,0.782456636428833,0.21724295616149902,0.00011982041178271174,Light_XM
/home/lmy/iot-device-classification/dataset/light_xm/round7_jitter/light_xm_r7.pcapng,R7,230,2300.3698654174805,2.2312112832878483e-06,2.9488385280274088e-06,0.9999830722808838,7.522385658376152e-06,4.170797637925716e-06,Light_XM
/home/lmy/iot-device-classification/dataset/light_xm/round7_jitter/light_xm_r7.pcapng,R7,231,2313.562837600708,0.00022235467622522265,0.00025728586479090154,0.9563976526260376,0.04298057407140732,0.0001421265915269032,Light_XM
/home/lmy/iot-device-classification/dataset/light_xm/round7_jitter/light_xm_r7.pcapng,R7,232,2320.2280333042145,7.433291102643125e-06,1.3147060599294491e-05,0.9992142915725708,0.000748976250179112,1.6103860616567545e-05,Light_XM
/home/lmy/iot-device-classification/dataset/light_xm/round7_jitter/light_xm_r7.pcapng,R7,233,2332.5480558872223,2.5896657461998984e-05,4.330781302996911e-05,0.9998615980148315,4.134419941692613e-05,2.783647141768597e-05,Light_XM
/home/lmy/iot-device-classification/dataset/light_xm/round7_jitter/light_xm_r7.pcapng,R7,234,2342.6160097122192,2.178021759391413e-06,2.3442564724973636e-06,0.9999529123306274,3.786802335525863e-05,4.64037520941929e-06,Light_XM
/home/lmy/iot-device-classification/dataset/light_xm/round7_jitter/light_xm_r7.pcapng,R7,235,2353.810405731201,3.505394033709308e-06,2.9543048185587395e-06,0.9996521472930908,0.00033445804729126394,6.900203970872099e-06,Light_XM
/home/lmy/iot-device-classification/dataset/light_xm/round7_jitter/light_xm_r7.pcapng,R7,236,2364.861817836761,1.7320630831818562e-06,1.8639759673533263e-06,0.9999874830245972,4.508007350523258e-06,4.360685579740675e-06,Light_XM
/home/lmy/iot-device-classification/dataset/light_xm/round7_jitter/light_xm_r7.pcapng,R7,237,2371.941505908966,2.4473321900586598e-05,3.834156086668372e-05,0.9997116923332214,0.0001924397802213207,3.306327198515646e-05,Light_XM
/home/lmy/iot-device-classification/dataset/light_xm/round7_jitter/light_xm_r7.pcapng,R7,238,2386.259801626205,0.013372034765779972,0.00020829224376939237,0.8770540356636047,0.10913284122943878,0.00023281776520889252,Light_XM
/home/lmy/iot-device-classification/dataset/light_xm/round7_jitter/light_xm_r7.pcapng,R7,239,2390.093371868133,6.066683454264421e-06,8.234936103690416e-06,0.9992579817771912,0.0007154725026339293,1.2209879059810191e-05,Light_XM
/home/lmy/iot-device-classification/dataset/light_xm/round7_jitter/light_xm_r7.pcapng,R7,240,2401.020689725876,2.2692465790896676e-06,4.898824499832699e-06,0.9999709129333496,1.598803100932855e-05,5.947805220785085e-06,Light_XM
/home/lmy/iot-device-classification/dataset/light_xm/round7_jitter/light_xm_r7.pcapng,R7,241,2413.9404113292694,4.187796548649203e-06,1.2739524208882358e-05,0.999854326248169,0.00012131742550991476,7.423503575409995e-06,Light_XM
/home/lmy/iot-device-classification/dataset/light_xm/round7_jitter/light_xm_r7.pcapng,R7,242,2421.170889854431,1.301500651607057e-05,4.361868377600331e-06,0.999924898147583,5.14975909027271e-05,6.212526841409272e-06,Light_XM
/home/lmy/iot-device-classification/dataset/light_xm/round7_jitter/light_xm_r7.pcapng,R7,243,2433.562793970108,7.604488473589299e-06,1.4411763004318345e-05,0.9999064207077026,5.5892622185638174e-05,1.565576167195104e-05,Light_XM
/home/lmy/iot-device-classification/dataset/light_xm/round7_jitter/light_xm_r7.pcapng,R7,244,2440.2825038433075,3.894225665135309e-05,0.0001193659845739603,0.999049961566925,0.0007342548342421651,5.748747935285792e-05,Light_XM
/home/lmy/iot-device-classification/dataset/light_xm/round7_jitter/light_xm_r7.pcapng,R7,245,2450.5732023715973,3.5319342259754194e-06,8.716073352843523e-06,0.9999277591705322,5.35682265763171e-05,6.392469458660344e-06,Light_XM
/home/lmy/iot-device-classification/dataset/light_xm/round7_jitter/light_xm_r7.pcapng,R7,246,2463.57657122612,0.000793884857557714,0.001194882788695395,0.9922780990600586,0.005360151641070843,0.00037297417293302715,Light_XM
/home/lmy/iot-device-classification/dataset/light_xm/round7_jitter/light_xm_r7.pcapng,R7,247,2475.5755348205566,3.094091198363458e-06,6.015707640472101e-06,0.9999139308929443,7.006160012679175e-05,6.910052434250247e-06,Light_XM
/home/lmy/iot-device-classification/dataset/light_xm/round7_jitter/light_xm_r7.pcapng,R7,248,2483.562212705612,4.040285602968652e-06,3.574705033315695e-06,0.9998817443847656,0.0001053505257004872,5.2618929657910485e-06,Light_XM
/home/lmy/iot-device-classification/dataset/light_xm/round7_jitter/light_xm_r7.pcapng,R7,249,2496.375587463379,2.1513204046641476e-05,3.2958691008388996e-05,0.9997097849845886,0.00019019542378373444,4.550845915218815e-05,Light_XM
/home/lmy/iot-device-classification/dataset/light_xm/round7_jitter/light_xm_r7.pcapng,R7,250,2500.34100151062,2.99589828500757e-05,0.00011600372818065807,0.9922136664390564,0.00756256515160203,7.778576400596648e-05,Light_XM
/home/lmy/iot-device-classification/dataset/light_xm/round7_jitter/light_xm_r7.pcapng,R7,251,2510.201635122299,5.654434517055051e-06,5.450370281323558e-06,0.9999487400054932,3.168471812386997e-05,8.48452327772975e-06,Light_XM
/home/lmy/iot-device-classification/dataset/light_xm/round7_jitter/light_xm_r7.pcapng,R7,252,2520.0117197036743,4.720111974165775e-06,6.4812970776984e-06,0.9996782541275024,0.00030187322408892214,8.683328815095592e-06,Light_XM
/home/lmy/iot-device-classification/dataset/light_xm/round7_jitter/light_xm_r7.pcapng,R7,253,2530.931340932846,3.4380293072899804e-05,4.6568420657422394e-05,0.9941772222518921,0.005672987084835768,6.88155269017443e-05,Light_XM
/home/lmy/iot-device-classification/dataset/light_xm/round7_jitter/light_xm_r7.pcapng,R7,254,2540.231107234955,2.4935800411185483e-06,8.430573871009983e-06,0.999967098236084,1.653481012908742e-05,5.418151886260603e-06,Light_XM
/home/lmy/iot-device-classification/dataset/light_xm/round7_jitter/light_xm_r7.pcapng,R7,255,2551.572830915451,0.00019708821491803974,0.0008179151336662471,0.9980366826057434,0.0006462261662818491,0.00030209170654416084,Light_XM
/home/lmy/iot-device-classification/dataset/light_xm/round7_jitter/light_xm_r7.pcapng,R7,256,2565.0150487422943,8.64394041855121e-06,1.2816588423447683e-05,0.9998028874397278,0.00016272335778921843,1.2908833923575003e-05,Light_XM
/home/lmy/iot-device-classification/dataset/light_xm/round7_jitter/light_xm_r7.pcapng,R7,257,2575.4146780967712,2.330828237973037e-06,7.00547025189735e-06,0.9999570846557617,2.5356423066114075e-05,8.162520316545852e-06,Light_XM
/home/lmy/iot-device-classification/dataset/light_xm/round7_jitter/light_xm_r7.pcapng,R7,258,2580.441318750381,2.1314697278285166e-06,4.2119509089388885e-06,0.999963641166687,2.4435850718873553e-05,5.632205102301668e-06,Light_XM
/home/lmy/iot-device-classification/dataset/light_xm/round7_jitter/light_xm_r7.pcapng,R7,259,2590.4534261226654,1.062588762579253e-05,4.1042803786695004e-05,0.9954934120178223,0.004429458174854517,2.5429068045923486e-05,Light_XM
/home/lmy/iot-device-classification/dataset/light_xm/round7_jitter/light_xm_r7.pcapng,R7,260,2603.596045732498,0.005535116884857416,0.0015197951579466462,0.3489425778388977,0.6433622241020203,0.000640271173324436,Light_XM
/home/lmy/iot-device-classification/dataset/light_xm/round7_jitter/light_xm_r7.pcapng,R7,261,2610.451020002365,2.219497446276364e-06,6.303174814092927e-06,0.9999691247940063,1.6516878531547263e-05,5.8580844779498875e-06,Light_XM
/home/lmy/iot-device-classification/dataset/light_xm/round7_jitter/light_xm_r7.pcapng,R7,262,2621.5414571762085,3.7243785300233867e-06,3.845297669613501e-06,0.9999043941497803,8.073621575022116e-05,7.27955557522364e-06,Light_XM
/home/lmy/iot-device-classification/dataset/light_xm/round7_jitter/light_xm_r7.pcapng,R7,263,2633.551512479782,5.149629487277707e-06,6.353475782816531e-06,0.999966025352478,1.3122741620463785e-05,9.290617526858114e-06,Light_XM
/home/lmy/iot-device-classification/dataset/light_xm/round7_jitter/light_xm_r7.pcapng,R7,264,2642.737452030182,4.873931629845174e-06,9.806853995542042e-06,0.9996793270111084,0.00029348177486099303,1.2474801224016119e-05,Light_XM
/home/lmy/iot-device-classification/dataset/light_xm/round7_jitter/light_xm_r7.pcapng,R7,265,2654.45578789711,6.62842785459361e-06,8.962781976151746e-06,0.9994497895240784,0.0005227114306762815,1.1934196663787588e-05,Light_XM
/home/lmy/iot-device-classification/dataset/light_xm/round7_jitter/light_xm_r7.pcapng,R7,266,2661.8031787872314,7.047136023174971e-05,0.00010250941704725847,0.9994704127311707,0.00028670401661656797,6.993108399910852e-05,Light_XM
/home/lmy/iot-device-classification/dataset/light_xm/round7_jitter/light_xm_r7.pcapng,R7,267,2671.1747488975525,0.006974394433200359,0.00021877083054278046,0.6901389360427856,0.302408903837204,0.0002589908253867179,Light_XM
/home/lmy/iot-device-classification/dataset/light_xm/round7_jitter/light_xm_r7.pcapng,R7,268,2680.9430022239685,1.3307666449691169e-05,1.1231803000555374e-05,0.9985540509223938,0.0014041709946468472,1.726125628920272e-05,Light_XM
/home/lmy/iot-device-classification/dataset/light_xm/round7_jitter/light_xm_r7.pcapng,R7,269,2692.009129524231,0.0002262372727273032,0.00048225760110653937,0.9976589679718018,0.001154223340563476,0.0004783600161317736,Light_XM
/home/lmy/iot-device-classification/dataset/light_xm/round7_jitter/light_xm_r7.pcapng,R7,270,2701.0998039245605,6.262217539187986e-06,5.157441592018586e-06,0.9999407529830933,4.2078459955519065e-05,5.79793777433224e-06,Light_XM
/home/lmy/iot-device-classification/dataset/light_xm/round7_jitter/light_xm_r7.pcapng,R7,271,2711.091678380966,9.70804103417322e-05,8.942016575019807e-05,0.7109196186065674,0.2887393534183502,0.0001544836995890364,Light_XM
/home/lmy/iot-device-classification/dataset/light_xm/round7_jitter/light_xm_r7.pcapng,R7,272,2721.151560544968,7.541382274212083e-06,2.5576673579053022e-05,0.9998835325241089,7.036266470095143e-05,1.3002347259316593e-05,Light_XM
/home/lmy/iot-device-classification/dataset/light_xm/round7_jitter/light_xm_r7.pcapng,R7,273,2730.355355501175,9.485856026003603e-06,2.9286482458701357e-05,0.9998660087585449,8.488738239975646e-05,1.0347773240937386e-05,Light_XM
/home/lmy/iot-device-classification/dataset/light_xm/round7_jitter/light_xm_r7.pcapng,R7,274,2741.330987930298,7.153294973250013e-06,1.1832183190563228e-05,0.9994519352912903,0.000513778708409518,1.5251429431373253e-05,Light_XM
/home/lmy/iot-device-classification/dataset/light_xm/round7_jitter/light_xm_r7.pcapng,R7,275,2750.16319489479,2.269353899464477e-06,4.982259724783944e-06,0.9999772310256958,1.0733647286542691e-05,4.734121375804534e-06,Light_XM
/home/lmy/iot-device-classification/dataset/light_xm/round7_jitter/light_xm_r7.pcapng,R7,276,2766.531286239624,1.1821817906820797e-06,9.623278174331062e-07,0.9999673366546631,2.725552985793911e-05,3.292556357337162e-06,Light_XM
/home/lmy/iot-device-classification/dataset/light_xm/round7_jitter/light_xm_r7.pcapng,R7,277,2771.5639882087708,2.647492328833323e-05,5.747561590396799e-05,0.98348468542099,0.01637014001607895,6.123360799392685e-05,Light_XM
/home/lmy/iot-device-classification/dataset/light_xm/round7_jitter/light_xm_r7.pcapng,R7,278,2781.5089704990387,0.00019122118828818202,0.000617187179159373,0.2242005318403244,0.7746731042861938,0.000318006583256647,Light_XM
/home/lmy/iot-device-classification/dataset/light_xm/round7_jitter/light_xm_r7.pcapng,R7,279,2790.701418399811,4.6211102926463354e-06,6.151408797450131e-06,0.9999641180038452,1.9373746908968315e-05,5.77104174226406e-06,Light_XM
/home/lmy/iot-device-classification/dataset/light_xm/round7_jitter/light_xm_r7.pcapng,R7,280,2802.9354813098907,3.898387149092741e-06,3.848427240882302e-06,0.9998663663864136,0.00011844131222460419,7.390096925519174e-06,Light_XM
/home/lmy/iot-device-classification/dataset/light_xm/round7_jitter/light_xm_r7.pcapng,R7,281,2811.4114797115326,1.1997432920907158e-05,1.5572557458654046e-05,0.9996150732040405,0.00034344912273809314,1.3891633898310829e-05,Light_XM
/home/lmy/iot-device-classification/dataset/light_xm/round7_jitter/light_xm_r7.pcapng,R7,282,2823.574895143509,1.570663516758941e-05,1.5428538972628303e-05,0.9998977184295654,5.218979640631005e-05,1.8942999304272234e-05,Light_XM
/home/lmy/iot-device-classification/dataset/light_xm/round7_jitter/light_xm_r7.pcapng,R7,283,2831.551496744156,5.79003753955476e-05,0.00013373918773140758,0.9920737743377686,0.007616198156028986,0.00011831190931843594,Light_XM
/home/lmy/iot-device-classification/dataset/light_xm/round7_jitter/light_xm_r7.pcapng,R7,284,2845.8151936531067,0.021032942458987236,0.007597319781780243,0.9493390917778015,0.02100883051753044,0.0010218472452834249,Light_XM
/home/lmy/iot-device-classification/dataset/light_xm/round7_jitter/light_xm_r7.pcapng,R7,285,2850.1215059757237,1.2111936484870967e-05,1.4263539014791604e-05,0.9995390176773071,0.000418152631027624,1.64901193784317e-05,Light_XM
/home/lmy/iot-device-classification/dataset/light_xm/round7_jitter/light_xm_r7.pcapng,R7,286,2861.0644342899323,2.471683365001809e-05,6.485207268269733e-05,0.9970446228981018,0.0028244287241250277,4.1430070268688723e-05,Light_XM
/home/lmy/iot-device-classification/dataset/light_xm/round7_jitter/light_xm_r7.pcapng,R7,287,2870.1414515972137,0.027247833088040352,0.004238489083945751,0.8025184273719788,0.16455481946468353,0.0014404734829440713,Light_XM
/home/lmy/iot-device-classification/dataset/light_xm/round7_jitter/light_xm_r7.pcapng,R7,288,2881.483600616455,2.6716950287664076e-06,5.0789781198545825e-06,0.9999357461929321,5.051345578976907e-05,5.942725238128332e-06,Light_XM
/home/lmy/iot-device-classification/dataset/light_xm/round7_jitter/light_xm_r7.pcapng,R7,289,2891.904294729233,3.715910224855179e-06,4.50490006187465e-06,0.9998940229415894,9.086234786082059e-05,6.913237029948505e-06,Light_XM
/home/lmy/iot-device-classification/dataset/light_xm/round7_jitter/light_xm_r7.pcapng,R7,290,2903.3317863941197,0.0010936971521005034,0.0005368608399294317,0.9982030391693115,0.00011430992890382186,5.2022547606611624e-05,Light_XM
/home/lmy/iot-device-classification/dataset/light_xm/round7_jitter/light_xm_r7.pcapng,R7,291,2913.561202764511,6.679108628304675e-05,5.15967003593687e-05,0.9997828602790833,7.044473750283942e-05,2.8263410058571026e-05,Light_XM
/home/lmy/iot-device-classification/dataset/light_xm/round7_jitter/light_xm_r7.pcapng,R7,292,2920.3332188129425,1.954065555764828e-05,4.588733645505272e-05,0.9988003969192505,0.0010997664649039507,3.442080196691677e-05,Light_XM
/home/lmy/iot-device-classification/dataset/light_xm/round7_jitter/light_xm_r7.pcapng,R7,293,2930.131021261215,1.6871466868906282e-05,8.745672676013783e-05,0.9984900951385498,0.0013808681396767497,2.4703002054593526e-05,Light_XM
/home/lmy/iot-device-classification/dataset/light_xm/round7_jitter/light_xm_r7.pcapng,R7,294,2941.7241249084477,6.741232482454507e-06,2.235345345980022e-05,0.9999072551727295,4.79528316645883e-05,1.5630635971319862e-05,Light_XM
/home/lmy/iot-device-classification/dataset/light_xm/round7_jitter/light_xm_r7.pcapng,R7,295,2950.022183179856,0.0002384256076766178,0.00014097234816290438,0.9104030132293701,0.0890309289097786,0.00018672346777748317,Light_XM
/home/lmy/iot-device-classification/dataset/light_xm/round7_jitter/light_xm_r7.pcapng,R7,296,2961.7017364501958,1.8902779629570432e-05,1.416025679645827e-05,0.999914288520813,3.438103522057645e-05,1.8283151803188957e-05,Light_XM
/home/lmy/iot-device-classification/dataset/light_xm/round7_jitter/light_xm_r7.pcapng,R7,297,2971.9327046871185,1.2143494132033084e-05,1.855005757533945e-05,0.9998769760131836,7.134739280445501e-05,2.0923967895214446e-05,Light_XM
/home/lmy/iot-device-classification/dataset/light_xm/round7_jitter/light_xm_r7.pcapng,R7,298,2985.1760845184326,5.712265192414634e-06,6.8912531787646e-06,0.9994795918464661,0.0004992307513020933,8.601793524576351e-06,Light_XM
/home/lmy/iot-device-classification/dataset/light_xm/round7_jitter/light_xm_r7.pcapng,R7,299,2990.9819564819336,2.0014651909150416e-06,2.701440962482593e-06,0.9999624490737915,2.8501370252342895e-05,4.322723725636024e-06,Light_XM
/home/lmy/iot-device-classification/dataset/light_xm/round7_jitter/light_xm_r7.pcapng,R7,300,3003.5655450820923,0.00041314002010039985,0.00036058126715943217,0.9986936450004578,0.0003659446374513209,0.00016669252363499254,Light_XM
/home/lmy/iot-device-classification/dataset/light_xm/round7_jitter/light_xm_r7.pcapng,R7,301,3010.043843984604,1.1185168659721967e-05,2.0619185306713916e-05,0.9997891783714294,0.00015949454973451793,1.9512583094183356e-05,Light_XM
/home/lmy/iot-device-classification/dataset/light_xm/round7_jitter/light_xm_r7.pcapng,R7,302,3024.696585893631,2.9965294743306004e-06,6.365359695337247e-06,0.9999750852584839,8.204106961784419e-06,7.330104381253477e-06,Light_XM
/home/lmy/iot-device-classification/dataset/light_xm/round7_jitter/light_xm_r7.pcapng,R7,303,3033.5734543800354,1.3968989151180722e-05,3.026275589945726e-05,0.9998675584793091,5.903112469241023e-05,2.917187703133095e-05,Light_XM
/home/lmy/iot-device-classification/dataset/light_xm/round7_jitter/light_xm_r7.pcapng,R7,304,3044.29272723198,8.490758773405105e-06,3.5410132113611326e-05,0.9996469020843506,0.0002900601539295167,1.9177810827386566e-05,Light_XM
/home/lmy/iot-device-classification/dataset/light_xm/round7_jitter/light_xm_r7.pcapng,R7,305,3050.701932430268,4.4771750253858045e-05,4.7558394726365805e-05,0.9993078708648682,0.0005512534407898784,4.859723776462488e-05,Light_XM
/home/lmy/iot-device-classification/dataset/light_xm/round7_jitter/light_xm_r7.pcapng,R7,306,3064.451833486557,3.9105907490011305e-06,4.695846655522473e-06,0.9999743700027466,1.0689854207157623e-05,6.3856327869871166e-06,Light_XM
/home/lmy/iot-device-classification/dataset/light_xm/round7_jitter/light_xm_r7.pcapng,R7,307,3076.6955547332764,5.997896550979931e-06,8.654970770294312e-06,0.9995180368423462,0.0004549183649942279,1.2411797797540203e-05,Light_XM
/home/lmy/iot-device-classification/dataset/light_xm/round7_jitter/light_xm_r7.pcapng,R7,308,3086.8117418289185,1.7466449207859114e-05,2.0912497348035686e-05,0.997999370098114,0.0019348252099007368,2.7410113034420647e-05,Light_XM
/home/lmy/iot-device-classification/dataset/light_xm/round7_jitter/light_xm_r7.pcapng,R7,309,3090.0223503112798,3.564510507203522e-06,7.860016921767965e-06,0.9999650716781616,1.6734695236664265e-05,6.7698670136451256e-06,Light_XM
/home/lmy/iot-device-classification/dataset/light_xm/round7_jitter/light_xm_r7.pcapng,R7,310,3100.464331388473,2.0639929061871953e-05,2.9274609914864413e-05,0.9990480542182922,0.000866492569912225,3.557624950190075e-05,Light_XM
/home/lmy/iot-device-classification/dataset/light_xm/round7_jitter/light_xm_r7.pcapng,R7,311,3110.342677593231,0.0006044841720722616,0.00036751580773852766,0.1995728760957718,0.7991449236869812,0.0003102411574218422,Light_XM
/home/lmy/iot-device-classification/dataset/light_xm/round7_jitter/light_xm_r7.pcapng,R7,312,3121.821567773819,2.0799254798475886e-06,5.438390417111805e-06,0.9999532699584961,3.397704495000653e-05,5.2188238441885915e-06,Light_XM
/home/lmy/iot-device-classification/dataset/light_xm/round7_jitter/light_xm_r7.pcapng,R7,313,3134.852615594864,5.2231812333047856e-06,1.5879195416346192e-05,0.9997779726982117,0.00018843915313482285,1.2549910934467334e-05,Light_XM
/home/lmy/iot-device-classification/dataset/light_xm/round7_jitter/light_xm_r7.pcapng,R7,314,3143.597070217133,1.9900222469004802e-05,1.8531223759055138e-05,0.9996947050094604,0.0002474130888003856,1.9451843400020152e-05,Light_XM
/home/lmy/iot-device-classification/dataset/light_xm/round7_jitter/light_xm_r7.pcapng,R7,315,3151.9817180633545,4.40332769358065e-06,1.2224842976138461e-05,0.9998520612716675,0.00012030580546706915,1.096364030672703e-05,Light_XM
/home/lmy/iot-device-classification/dataset/light_xm/round7_jitter/light_xm_r7.pcapng,R7,316,3163.102036714554,5.984739345876733e-06,7.361474672507029e-06,0.9991104006767273,0.000867775990627706,8.493789209751412e-06,Light_XM
/home/lmy/iot-device-classification/dataset/light_xm/round7_jitter/light_xm_r7.pcapng,R7,317,3170.5239477157597,6.984178980928846e-06,4.931231615046272e-06,0.999955415725708,2.6616096874931827e-05,6.034649686625926e-06,Light_XM
/home/lmy/iot-device-classification/dataset/light_xm/round7_jitter/light_xm_r7.pcapng,R7,318,3183.56169629097,6.3056349972612225e-06,1.277965111512458e-05,0.9998749494552612,9.00917366379872e-05,1.587772203492932e-05,Light_XM
/home/lmy/iot-device-classification/dataset/light_xm/round7_jitter/light_xm_r7.pcapng,R7,319,3191.9131655693054,3.8067323657742236e-06,3.5624782412924105e-06,0.9999040365219116,8.216698188334703e-05,6.458491043304093e-06,Light_XM
/home/lmy/iot-device-classification/dataset/light_xm/round7_jitter/light_xm_r7.pcapng,R7,320,3204.3717811107635,1.81919640453998e-05,3.065132841584273e-05,0.9998313188552856,9.279312507715076e-05,2.7002124625141732e-05,Light_XM
/home/lmy/iot-device-classification/dataset/light_xm/round7_jitter/light_xm_r7.pcapng,R7,321,3215.391700744629,1.96539599528478e-06,2.6669267754186876e-06,0.9999499320983887,4.084762622369453e-05,4.559209628496319e-06,Light_XM
/home/lmy/iot-device-classification/dataset/light_xm/round7_jitter/light_xm_r7.pcapng,R7,322,3226.456667661667,0.029383543878793716,0.0008895163773559034,0.7698189616203308,0.1993318647146225,0.0005761013017036021,Light_XM
/home/lmy/iot-device-classification/dataset/light_xm/round7_jitter/light_xm_r7.pcapng,R7,323,3230.450402736664,6.810095783293946e-06,9.4354791144724e-06,0.9999617338180542,1.5170914593909401e-05,6.901156211824855e-06,Light_XM
/home/lmy/iot-device-classification/dataset/light_xm/round7_jitter/light_xm_r7.pcapng,R7,324,3241.567147731781,2.1018670395278605e-06,5.2204700295988005e-06,0.9999663829803467,2.15209620364476e-05,4.737263225251809e-06,Light_XM
/home/lmy/iot-device-classification/dataset/light_xm/round7_jitter/light_xm_r7.pcapng,R7,325,3257.656490802765,0.00012384584988467395,0.0002262363996123895,0.41619810461997986,0.58320552110672,0.0002462919510435313,Light_XM
/home/lmy/iot-device-classification/dataset/light_xm/round7_jitter/light_xm_r7.pcapng,R7,326,3260.12562251091,3.4202516872028355e-06,4.574891590891639e-06,0.9996128678321838,0.0003704277041833848,8.728914508537855e-06,Light_XM
/home/lmy/iot-device-classification/dataset/light_xm/round7_jitter/light_xm_r7.pcapng,R7,327,3270.751746892929,0.00011958163668168709,0.00035534994094632566,0.9945949912071228,0.004771643318235874,0.00015845922462176532,Light_XM
/home/lmy/iot-device-classification/dataset/light_xm/round7_jitter/light_xm_r7.pcapng,R7,328,3282.851819753647,4.089257345185615e-06,4.048536993650487e-06,0.9995703101158142,0.000414651061873883,6.8429362727329135e-06,Light_XM
/home/lmy/iot-device-classification/dataset/light_xm/round7_jitter/light_xm_r7.pcapng,R7,329,3294.9425926208496,1.8802095382852713e-06,3.1844595014263177e-06,0.9999794960021973,1.0739887329691555e-05,4.685068233811762e-06,Light_XM
/home/lmy/iot-device-classification/dataset/light_xm/round7_jitter/light_xm_r7.pcapng,R7,330,3304.0981965065,2.8990946248086402e-06,4.599090516421711e-06,0.9999769926071167,9.721169590193313e-06,5.748512194259092e-06,Light_XM
/home/lmy/iot-device-classification/dataset/light_xm/round7_jitter/light_xm_r7.pcapng,R7,331,3315.105337619781,5.230901479080785e-06,8.503727258357685e-06,0.9998644590377808,0.00011287756206002086,8.956304554885719e-06,Light_XM
/home/lmy/iot-device-classification/dataset/light_xm/round7_jitter/light_xm_r7.pcapng,R7,332,3323.596942186356,2.0406334442668594e-05,8.326775969180744e-06,0.9999048709869385,5.040934411226772e-05,1.6020903785829432e-05,Light_XM
/home/lmy/iot-device-classification/dataset/light_xm/round7_jitter/light_xm_r7.pcapng,R7,333,3334.204042911529,2.2774102035327815e-06,4.06519529860816e-06,0.9999790191650391,1.070741200237535e-05,3.952169208787382e-06,Light_XM
/home/lmy/iot-device-classification/dataset/light_xm/round7_jitter/light_xm_r7.pcapng,R7,334,3347.0959203243256,0.029337475076317787,0.00030199758475646377,0.9589994549751282,0.011143307201564312,0.0002178034483222291,Light_XM
/home/lmy/iot-device-classification/dataset/light_xm/round7_jitter/light_xm_r7.pcapng,R7,335,3351.3112258911133,1.990976852539461e-05,1.3988021237310022e-05,0.999835729598999,0.0001185512519441545,1.1755751984310336e-05,Light_XM
/home/lmy/iot-device-classification/dataset/light_xm/round7_jitter/light_xm_r7.pcapng,R7,336,3360.0906500816345,4.442833869688911e-06,8.048531526583247e-06,0.9999386072158813,4.161369361099787e-05,7.306485258595785e-06,Light_XM
/home/lmy/iot-device-classification/dataset/light_xm/round7_jitter/light_xm_r7.pcapng,R7,337,3376.218465089798,1.2423906809999608e-05,1.7479776943218894e-05,0.9994412064552307,0.0005075145163573325,2.1302779714460485e-05,Light_XM
/home/lmy/iot-device-classification/dataset/light_xm/round7_jitter/light_xm_r7.pcapng,R7,338,3381.5639724731445,3.075256927331793e-06,4.534016625257209e-06,0.999966025352478,2.065292574116029e-05,5.769533800048521e-06,Light_XM
/home/lmy/iot-device-classification/dataset/light_xm/round7_jitter/light_xm_r7.pcapng,R7,339,3393.561374425888,1.6229029142778018e-06,3.636432211351348e-06,0.9999799728393555,1.1032446309400257e-05,3.7880297441006405e-06,Light_XM
/home/lmy/iot-device-classification/dataset/light_xm/round7_jitter/light_xm_r7.pcapng,R7,340,3405.336352348328,1.0035824743681587e-05,1.3814770682074595e-05,0.9992101192474365,0.0007545005064457655,1.1545469533302821e-05,Light_XM
/home/lmy/iot-device-classification/dataset/light_xm/round7_jitter/light_xm_r7.pcapng,R7,341,3411.631434440613,2.3803104340913706e-05,3.569025648175739e-05,0.9994586110115051,0.00044998995144851506,3.19309692713432e-05,Light_XM
/home/lmy/iot-device-classification/dataset/light_xm/round7_jitter/light_xm_r7.pcapng,R7,342,3420.5217752456665,0.0002211216778960079,0.0007778436993248761,0.38544774055480957,0.6132409572601318,0.00031232976471073925,Light_XM
/home/lmy/iot-device-classification/dataset/light_xm/round7_jitter/light_xm_r7.pcapng,R7,343,3430.0520117282867,2.071485505439341e-05,2.9109145543770865e-05,0.9977127313613892,0.0021992528345435858,3.821019345195964e-05,Light_XM
/home/lmy/iot-device-classification/dataset/light_xm/round7_jitter/light_xm_r7.pcapng,R7,344,3444.1426515579224,1.6641467937006382e-06,3.788453113884316e-06,0.9999591112136841,3.06023757730145e-05,4.794747383130016e-06,Light_XM
/home/lmy/iot-device-classification/dataset/light_xm/round7_jitter/light_xm_r7.pcapng,R7,345,3453.5740089416504,5.217649686528603e-06,7.292934242286719e-06,0.9999676942825317,1.1601967344176956e-05,8.185673323168885e-06,Light_XM
/home/lmy/iot-device-classification/dataset/light_xm/round7_jitter/light_xm_r7.pcapng,R7,346,3464.1329262256622,4.183729743090225e-06,3.7209017591521842e-06,0.9995484948158264,0.00043678926886059344,6.735723218298517e-06,Light_XM
/home/lmy/iot-device-classification/dataset/light_xm/round7_jitter/light_xm_r7.pcapng,R7,347,3473.2528944015503,1.815821451600641e-05,2.9906675990787335e-05,0.99982088804245,0.00010662948625395074,2.446836333547253e-05,Light_XM
/home/lmy/iot-device-classification/dataset/light_xm/round7_jitter/light_xm_r7.pcapng,R7,348,3481.3327140808105,3.2017419471230824e-06,7.5420002758619376e-06,0.9999731779098511,7.958498827065341e-06,8.077438906184398e-06,Light_XM
/home/lmy/iot-device-classification/dataset/light_xm/round7_jitter/light_xm_r7.pcapng,R7,349,3491.924481868744,1.1301637641736306e-05,2.3621445507160388e-05,0.9985467791557312,0.0013982104137539864,2.008281444432214e-05,Light_XM
/home/lmy/iot-device-classification/dataset/light_xm/round7_jitter/light_xm_r7.pcapng,R7,350,3503.601214885712,2.223887713626027e-05,9.543764463160187e-06,0.9999125003814697,3.7808360502822325e-05,1.787032488209661e-05,Light_XM
/home/lmy/iot-device-classification/dataset/light_xm/round7_jitter/light_xm_r7.pcapng,R7,351,3513.5734663009644,1.9773855456151068e-05,1.1821456610050518e-05,0.9999219179153442,2.907025918830186e-05,1.7394455426256172e-05,Light_XM
/home/lmy/iot-device-classification/dataset/light_xm/round7_jitter/light_xm_r7.pcapng,R7,352,3521.1761384010315,2.167524871765636e-05,3.830400964943692e-05,0.9959230422973633,0.003965218085795641,5.173742101760581e-05,Light_XM
/home/lmy/iot-device-classification/dataset/light_xm/round7_jitter/light_xm_r7.pcapng,R7,353,3536.376351118088,0.00040936897858045995,0.0005209561204537749,0.820656418800354,0.17797444760799408,0.00043882711906917393,Light_XM
/home/lmy/iot-device-classification/dataset/light_xm/round7_jitter/light_xm_r7.pcapng,R7,354,3540.1052927970886,1.5374476788565516e-05,7.570701563963667e-05,0.9995500445365906,0.00032852526055648923,3.028712308150716e-05,Light_XM
/home/lmy/iot-device-classification/dataset/light_xm/round7_jitter/light_xm_r7.pcapng,R7,355,3551.702547311783,4.166365670243977e-06,8.005064955796115e-06,0.9998258948326111,0.0001514682953711599,1.0438193385198247e-05,Light_XM
/home/lmy/iot-device-classification/dataset/light_xm/round7_jitter/light_xm_r7.pcapng,R7,356,3560.4702684879303,1.8942128008347936e-05,1.1164637726324145e-05,0.9992930889129639,0.0006654111202806234,1.1377743248885963e-05,Light_XM
/home/lmy/iot-device-classification/dataset/light_xm/round7_jitter/light_xm_r7.pcapng,R7,357,3572.000980615616,4.261839421815239e-06,5.4925340009504e-06,0.9999768733978271,7.022452336968854e-06,6.407414275599876e-06,Light_XM
/home/lmy/iot-device-classification/dataset/light_xm/round7_jitter/light_xm_r7.pcapng,R7,358,3585.972540616989,2.540723244237597e-06,6.391594524757238e-06,0.9998346567153931,0.00014985351299401373,6.568795015482465e-06,Light_XM
/home/lmy/iot-device-classification/dataset/light_xm/round7_jitter/light_xm_r7.pcapng,R7,359,3591.0048813819885,9.499266161583364e-05,0.00010520726937102154,0.999386191368103,0.0003483566106297076,6.520486931549385e-05,Light_XM
/home/lmy/iot-device-classification/dataset/light_xm/round7_jitter/light_xm_r7.pcapng,R7,360,3600.0102870464325,3.821865448117023e-06,8.180423719750252e-06,0.9999709129333496,8.777518814895302e-06,8.314597835124005e-06,Light_XM
/home/lmy/iot-device-classification/dataset/light_xm/round7_jitter/light_xm_r7.pcapng,R7,361,3610.501780033112,6.57636919640936e-05,7.56951340008527e-05,0.640112578868866,0.35965147614479065,9.451907681068406e-05,Light_XM
/home/lmy/iot-device-classification/dataset/light_xm/round7_jitter/light_xm_r7.pcapng,R7,362,3620.172435283661,3.6792034734389745e-06,4.027656814287184e-06,0.9999649524688721,2.0726067305076867e-05,6.648378530371701e-06,Light_XM
/home/lmy/iot-device-classification/dataset/light_xm/round7_jitter/light_xm_r7.pcapng,R7,363,3632.222194433212,1.0510838365007658e-05,2.435850547044538e-05,0.9991150498390198,0.0008308408432640135,1.9197315850760788e-05,Light_XM
/home/lmy/iot-device-classification/dataset/light_xm/round7_jitter/light_xm_r7.pcapng,R7,364,3642.3063979148874,9.896961273625493e-06,3.424892929615453e-05,0.9998476505279541,9.603911166777834e-05,1.2144910215283744e-05,Light_XM
/home/lmy/iot-device-classification/dataset/light_xm/round7_jitter/light_xm_r7.pcapng,R7,365,3650.791303396225,2.098379991366528e-05,4.568725125864148e-05,0.9990135431289673,0.0008921066764742136,2.764272539934609e-05,Light_XM
/home/lmy/iot-device-classification/dataset/light_xm/round7_jitter/light_xm_r7.pcapng,R7,366,3661.4047527313232,3.6190979244565824e-06,3.99159171138308e-06,0.9999710321426392,1.3793157449981663e-05,7.557450317108305e-06,Light_XM
/home/lmy/iot-device-classification/dataset/light_xm/round7_jitter/light_xm_r7.pcapng,R7,367,3672.521239995957,7.518917846027762e-05,6.543628842337057e-05,0.5771358013153076,0.4226239025592804,9.963902266463265e-05,Light_XM
/home/lmy/iot-device-classification/dataset/light_xm/round7_jitter/light_xm_r7.pcapng,R7,368,3681.501968860626,1.1625876140897162e-05,1.2151752343925182e-05,0.9989418387413025,0.0010169968008995056,1.734068791847676e-05,Light_XM
/home/lmy/iot-device-classification/dataset/light_xm/round7_jitter/light_xm_r7.pcapng,R7,369,3690.1925823688503,7.60128250476555e-06,2.634890188346617e-05,0.9997813105583191,0.00016660263645462692,1.811498441384174e-05,Light_XM
/home/lmy/iot-device-classification/dataset/light_xm/round7_jitter/light_xm_r7.pcapng,R7,370,3703.652059316635,8.53949586598901e-06,2.2554946554009803e-05,0.9948806762695312,0.0050689405761659145,1.929028076119721e-05,Light_XM
/home/lmy/iot-device-classification/dataset/light_xm/round7_jitter/light_xm_r7.pcapng,R7,371,3711.768187999725,1.801660800992977e-05,4.3998366891173646e-05,0.9989426732063293,0.0009585802326910198,3.677179483929649e-05,Light_XM
/home/lmy/iot-device-classification/dataset/light_xm/round7_jitter/light_xm_r7.pcapng,R7,372,3723.5668981075287,2.0259874872863293e-05,7.473679579561576e-05,0.9990003705024719,0.0008807931444607675,2.3908896764623933e-05,Light_XM
/home/lmy/iot-device-classification/dataset/light_xm/round7_jitter/light_xm_r7.pcapng,R7,373,3734.85170006752,2.537335376473493e-06,1.900842335089692e-06,0.9989625215530396,0.0010280822170898318,4.9534328354639e-06,Light_XM
/home/lmy/iot-device-classification/dataset/light_xm/round7_jitter/light_xm_r7.pcapng,R7,374,3746.45658826828,1.757022437232081e-05,5.738517575082369e-05,0.9998422861099243,6.023615424055606e-05,2.2473665012512356e-05,Light_XM
/home/lmy/iot-device-classification/dataset/light_xm/round7_jitter/light_xm_r7.pcapng,R7,375,3753.561542749405,2.6298692318960093e-05,5.7976732932729647e-05,0.9978904128074646,0.0019717297982424498,5.3540101362159476e-05,Light_XM
/home/lmy/iot-device-classification/dataset/light_xm/round7_jitter/light_xm_r7.pcapng,R7,376,3761.309798002243,1.3899018085794523e-05,3.835139432339929e-05,0.962052583694458,0.03786005452275276,3.504381311358884e-05,Light_XM
/home/lmy/iot-device-classification/dataset/light_xm/round7_jitter/light_xm_r7.pcapng,R7,377,3770.1414313316345,1.292393517360324e-05,1.4047528566152323e-05,0.999919056892395,3.942342664231546e-05,1.4485471183434129e-05,Light_XM
/home/lmy/iot-device-classification/dataset/light_xm/round7_jitter/light_xm_r7.pcapng,R7,378,3785.978195667267,0.009718305431306362,0.019969044253230095,0.8086680173873901,0.15904590487480164,0.002598730381578207,Light_XM
/home/lmy/iot-device-classification/dataset/light_xm/round7_jitter/light_xm_r7.pcapng,R7,379,3790.222139596939,2.4432132704532705e-05,3.445118272793479e-05,0.9990099668502808,0.000886916124727577,4.4157794036436826e-05,Light_XM
/home/lmy/iot-device-classification/dataset/light_xm/round7_jitter/light_xm_r7.pcapng,R7,380,3800.292293548584,6.815270808147034e-06,4.327227088651853e-06,0.999956488609314,2.7176331059308723e-05,5.22348091180902e-06,Light_XM
/home/lmy/iot-device-classification/dataset/light_xm/round7_jitter/light_xm_r7.pcapng,R7,381,3813.344484806061,3.075301356147975e-05,7.647687016287819e-05,0.9994022846221924,0.0004428068932611495,4.7681194700999185e-05,Light_XM
/home/lmy/iot-device-classification/dataset/light_xm/round7_jitter/light_xm_r7.pcapng,R7,382,3823.41299033165,2.472489904903341e-05,5.3688432672061026e-05,0.9992074370384216,0.0006709423032589257,4.326928683440201e-05,Light_XM
/home/lmy/iot-device-classification/dataset/light_xm/round7_jitter/light_xm_r7.pcapng,R7,383,3830.204282283783,3.019557880179491e-06,4.6075838326942176e-06,0.9999699592590332,1.6766309272497892e-05,5.680443791789003e-06,Light_XM
/home/lmy/iot-device-classification/dataset/light_xm/round7_jitter/light_xm_r7.pcapng,R7,384,3842.658911943436,2.9269680453580804e-05,1.5402019926114008e-05,0.9998176693916321,0.00012669735588133335,1.1001774510077666e-05,Light_XM
/home/lmy/iot-device-classification/dataset/light_xm/round7_jitter/light_xm_r7.pcapng,R7,385,3854.709052801132,9.299732482759282e-06,2.0054823835380375e-05,0.9978875517845154,0.0020692518446594477,1.3893160939915106e-05,Light_XM
/home/lmy/iot-device-classification/dataset/light_xm/round7_jitter/light_xm_r7.pcapng,R7,386,3863.596972465515,2.4975255655590445e-05,1.845177757786587e-05,0.9998786449432373,5.6480534112779424e-05,2.1400639525381848e-05,Light_XM
/home/lmy/iot-device-classification/dataset/light_xm/round7_jitter/light_xm_r7.pcapng,R7,387,3870.515325307846,1.0461635611136444e-05,2.5040455511771142e-05,0.9996744394302368,0.00026360651827417314,2.6475119739188813e-05,Light_XM
/home/lmy/iot-device-classification/dataset/light_xm/round7_jitter/light_xm_r7.pcapng,R7,388,3885.8472940921774,0.069130077958107,0.0003263968101236969,0.8041806817054749,0.12605543434619904,0.0003073984698858112,Light_XM
/home/lmy/iot-device-classification/dataset/light_xm/round7_jitter/light_xm_r7.pcapng,R7,389,3890.916788339615,0.0002776336623355746,0.0004028604307677597,0.899859607219696,0.09907571226358414,0.00038415740709751844,Light_XM
/home/lmy/iot-device-classification/dataset/light_xm/round7_jitter/light_xm_r7.pcapng,R7,390,3902.9505603313446,1.4020585695107002e-05,2.725691592786461e-05,0.9993355870246887,0.0005934471264481544,2.9661348889931105e-05,Light_XM
/home/lmy/iot-device-classification/dataset/light_xm/round7_jitter/light_xm_r7.pcapng,R7,391,3914.042176246643,4.597912266035564e-06,5.152463018021081e-06,0.9997588992118835,0.0002237482403870672,7.551279395556776e-06,Light_XM
/home/lmy/iot-device-classification/dataset/light_xm/round7_jitter/light_xm_r7.pcapng,R7,392,3921.244720458984,6.359539383993251e-06,3.836654286715202e-05,0.9999071359634399,3.328593447804451e-05,1.489556598244235e-05,Light_XM
/home/lmy/iot-device-classification/dataset/light_xm/round7_jitter/light_xm_r7.pcapng,R7,393,3931.0003514289856,0.0006517946603707969,0.00048393075121566653,0.27810755372047424,0.7202768325805664,0.0004799397720489651,Light_XM
/home/lmy/iot-device-classification/dataset/sensor/round7_jitter/sensor_r7.pcapng,R7,0,0.0,0.0019058971665799618,0.0006118036108091474,0.4076477289199829,0.5894722938537598,0.00036227170494385064,Sensor
/home/lmy/iot-device-classification/dataset/sensor/round7_jitter/sensor_r7.pcapng,R7,1,10.01150631904602,3.2699106668587774e-05,2.71259432338411e-05,0.928605318069458,0.07129520922899246,3.961632683058269e-05,Sensor
/home/lmy/iot-device-classification/dataset/sensor/round7_jitter/sensor_r7.pcapng,R7,2,20.020873546600345,0.0001807425869628787,0.0003286816645413637,0.027926407754421234,0.971335768699646,0.00022841294412501156,Sensor
/home/lmy/iot-device-classification/dataset/sensor/round7_jitter/sensor_r7.pcapng,R7,3,30.03076195716858,0.0003453671233728528,0.0002870633325073868,0.053982190787792206,0.9451696276664734,0.00021577121515292674,Sensor
/home/lmy/iot-device-classification/dataset/sensor/round7_jitter/sensor_r7.pcapng,R7,4,40.04822134971619,2.887848677346483e-05,1.9337170670041814e-05,0.9246053695678711,0.07530980557203293,3.6631412513088435e-05,Sensor
/home/lmy/iot-device-classification/dataset/sensor/round7_jitter/sensor_r7.pcapng,R7,5,50.050044298172,2.2385713236872107e-05,1.1829529285023455e-05,0.9995775818824768,0.0003690191078931093,1.918820635182783e-05,Sensor
/home/lmy/iot-device-classification/dataset/sensor/round7_jitter/sensor_r7.pcapng,R7,6,60.061086654663086,7.377067959168926e-05,0.00014491958427242935,0.041217442601919174,0.9584010243415833,0.00016286941536236554,Sensor
/home/lmy/iot-device-classification/dataset/sensor/round7_jitter/sensor_r7.pcapng,R7,7,70.1141369342804,0.0002298344043083489,0.00023374830198008567,0.776185929775238,0.2230197936296463,0.0003306496946606785,Sensor
/home/lmy/iot-device-classification/dataset/sensor/round7_jitter/sensor_r7.pcapng,R7,8,80.08313941955566,0.0013341702288016677,0.0017364140367135406,0.15069498121738434,0.8455830812454224,0.0006513730040751398,Sensor
/home/lmy/iot-device-classification/dataset/sensor/round7_jitter/sensor_r7.pcapng,R7,9,90.10663962364195,0.0008379641221836209,0.001324392156675458,0.2813717722892761,0.7158685922622681,0.000597290345467627,Sensor
/home/lmy/iot-device-classification/dataset/sensor/round7_jitter/sensor_r7.pcapng,R7,10,100.09950757026672,9.731054160511121e-05,0.00011050637112930417,0.46332424879074097,0.5363355278968811,0.00013241794658824801,Sensor
/home/lmy/iot-device-classification/dataset/sensor/round7_jitter/sensor_r7.pcapng,R7,11,110.1074242591858,0.001074995961971581,0.00023349652474280447,0.14483197033405304,0.8536441326141357,0.00021541603200603276,Sensor
/home/lmy/iot-device-classification/dataset/sensor/round7_jitter/sensor_r7.pcapng,R7,12,120.12209677696228,0.0001682857982814312,0.00042614041012711823,0.8753629922866821,0.12381631880998611,0.0002262998023070395,Sensor
/home/lmy/iot-device-classification/dataset/sensor/round7_jitter/sensor_r7.pcapng,R7,13,130.12971258163452,7.060059579089284e-05,4.470560816116631e-05,0.8814873099327087,0.11832431703805923,7.304817700060084e-05,Sensor
/home/lmy/iot-device-classification/dataset/sensor/round7_jitter/sensor_r7.pcapng,R7,14,140.14079022407532,0.0003554887371137738,0.0002523596922401339,0.09527922421693802,0.9039000272750854,0.00021289136202540249,Sensor
/home/lmy/iot-device-classification/dataset/sensor/round7_jitter/sensor_r7.pcapng,R7,15,150.14970064163208,0.0001445609232177958,0.00011095758236479014,0.5597183704376221,0.43982619047164917,0.00019992755551356822,Sensor
/home/lmy/iot-device-classification/dataset/sensor/round7_jitter/sensor_r7.pcapng,R7,16,160.15115594863892,8.557713044865523e-06,8.44647001940757e-06,0.9916548728942871,0.008313363417983055,1.4781932804908138e-05,Sensor
/home/lmy/iot-device-classification/dataset/sensor/round7_jitter/sensor_r7.pcapng,R7,17,170.17201375961304,0.00031135432072915137,0.0002508338657207787,0.05483053997159004,0.9444257020950317,0.00018160996842198074,Sensor
/home/lmy/iot-device-classification/dataset/sensor/round7_jitter/sensor_r7.pcapng,R7,18,180.1807305812836,0.00019650168542284518,0.0006723781116306782,0.13393503427505493,0.864926278591156,0.00026981980772688985,Sensor
/home/lmy/iot-device-classification/dataset/sensor/round7_jitter/sensor_r7.pcapng,R7,19,190.18964195251465,0.00010628375457599759,0.0001510729343863204,0.639916181564331,0.359729528427124,9.692642197478563e-05,Sensor
/home/lmy/iot-device-classification/dataset/sensor/round7_jitter/sensor_r7.pcapng,R7,20,200.1175775527954,0.0004038246697746217,0.0005353175802156329,0.06348906457424164,0.9351900219917297,0.00038178442628122866,Sensor
/home/lmy/iot-device-classification/dataset/sensor/round7_jitter/sensor_r7.pcapng,R7,21,210.2095832824707,4.436477684066631e-05,6.19233978795819e-05,0.01495293714106083,0.9848654270172119,7.537941564805806e-05,Sensor
/home/lmy/iot-device-classification/dataset/sensor/round7_jitter/sensor_r7.pcapng,R7,22,220.22055792808533,7.391705003101379e-05,0.0001214626245200634,0.8590161800384521,0.14071182906627655,7.664233999093994e-05,Sensor
/home/lmy/iot-device-classification/dataset/sensor/round7_jitter/sensor_r7.pcapng,R7,23,230.2294809818268,0.0005413678009063005,0.0005958530819043517,0.9396837949752808,0.05897338688373566,0.00020559801487252116,Sensor
/home/lmy/iot-device-classification/dataset/sensor/round7_jitter/sensor_r7.pcapng,R7,24,240.2461533546448,0.00020709392265416682,0.0005246904329396784,0.016174200922250748,0.9829173684120178,0.00017667758220341057,Sensor
/home/lmy/iot-device-classification/dataset/sensor/round7_jitter/sensor_r7.pcapng,R7,25,250.14292860031128,0.00011913587513845414,0.0002263804926769808,0.3215249180793762,0.6779967546463013,0.00013275998935569078,Sensor
/home/lmy/iot-device-classification/dataset/sensor/round7_jitter/sensor_r7.pcapng,R7,26,260.25908374786377,0.0007387659861706197,0.0035424972884356976,0.27855008840560913,0.716116189956665,0.0010525035904720426,Sensor
/home/lmy/iot-device-classification/dataset/sensor/round7_jitter/sensor_r7.pcapng,R7,27,270.26903343200684,0.00019992208399344236,0.00028120065690018237,0.012921630404889584,0.9864409565925598,0.00015635089948773384,Sensor
/home/lmy/iot-device-classification/dataset/sensor/round7_jitter/sensor_r7.pcapng,R7,28,280.27984976768494,8.371572766918689e-05,0.00012030843208776787,0.6315809488296509,0.36805447936058044,0.00016055151354521513,Sensor
/home/lmy/iot-device-classification/dataset/sensor/round7_jitter/sensor_r7.pcapng,R7,29,290.10450196266174,0.006431408692151308,0.001424581278115511,0.169994056224823,0.8214749693870544,0.0006750121829099953,Sensor
/home/lmy/iot-device-classification/dataset/sensor/round7_jitter/sensor_r7.pcapng,R7,30,300.2988693714142,0.00017485090938862413,0.0023354669101536274,0.4346509277820587,0.5623939037322998,0.00044489247375167906,Sensor
/home/lmy/iot-device-classification/dataset/sensor/round7_jitter/sensor_r7.pcapng,R7,31,310.30916810035706,0.0015082055469974875,0.00026619809796102345,0.5178856253623962,0.4801830053329468,0.0001569893502164632,Sensor
/home/lmy/iot-device-classification/dataset/sensor/round7_jitter/sensor_r7.pcapng,R7,32,320.3288941383362,0.0005647006910294294,0.0017006726702675223,0.13338713347911835,0.8640283942222595,0.00031906322692520916,Sensor
/home/lmy/iot-device-classification/dataset/sensor/round7_jitter/sensor_r7.pcapng,R7,33,330.3294405937195,0.00011787260882556438,0.000916212098672986,0.02781062386929989,0.9709715843200684,0.0001837077725213021,Sensor
/home/lmy/iot-device-classification/dataset/sensor/round7_jitter/sensor_r7.pcapng,R7,34,340.0402903556824,8.795234862191137e-06,1.1791456927312538e-05,0.9990198612213135,0.0009464051108807325,1.3137885616743006e-05,Sensor
/home/lmy/iot-device-classification/dataset/sensor/round7_jitter/sensor_r7.pcapng,R7,35,350.34859800338745,0.0006610671407543123,0.0019489621045067906,0.14570125937461853,0.8513301610946655,0.0003585628292057663,Sensor
/home/lmy/iot-device-classification/dataset/sensor/round7_jitter/sensor_r7.pcapng,R7,36,360.3584117889404,0.00019909671391360462,0.000393454305594787,0.045967306941747665,0.9533035755157471,0.0001366023498121649,Sensor
/home/lmy/iot-device-classification/dataset/sensor/round7_jitter/sensor_r7.pcapng,R7,37,370.36800026893616,7.400993490591645e-05,7.924439705675468e-05,0.8722498416900635,0.12751668691635132,8.024352428037673e-05,Sensor
/home/lmy/iot-device-classification/dataset/sensor/round7_jitter/sensor_r7.pcapng,R7,38,380.10418343544006,0.010244181379675865,0.0008170321234501898,0.23997609317302704,0.7483950257301331,0.0005676743458025157,Sensor
/home/lmy/iot-device-classification/dataset/sensor/round7_jitter/sensor_r7.pcapng,R7,39,390.38832807540894,0.0003134382131975144,0.0005915823276154697,0.14818979799747467,0.8506782650947571,0.00022689229808747768,Sensor
/home/lmy/iot-device-classification/dataset/sensor/round7_jitter/sensor_r7.pcapng,R7,40,400.27909302711487,1.4801868019276299e-05,1.0976602425216697e-05,0.9934923052787781,0.006460321601480246,2.1540410671150312e-05,Sensor
/home/lmy/iot-device-classification/dataset/sensor/round7_jitter/sensor_r7.pcapng,R7,41,410.4082853794098,0.0006936313002370298,0.0013376075075939298,0.2945348024368286,0.7029768824577332,0.0004570651217363775,Sensor
/home/lmy/iot-device-classification/dataset/sensor/round7_jitter/sensor_r7.pcapng,R7,42,420.4175498485565,0.00014606145850848407,0.00022504414664581418,0.018222933635115623,0.9812952280044556,0.00011070381879108027,Sensor
/home/lmy/iot-device-classification/dataset/sensor/round7_jitter/sensor_r7.pcapng,R7,43,430.14173412323,0.0002909781760536134,0.0003357653331477195,0.5730960369110107,0.42605191469192505,0.00022532243747264147,Sensor
/home/lmy/iot-device-classification/dataset/sensor/round7_jitter/sensor_r7.pcapng,R7,44,440.43807911872864,0.0009699295624159276,0.0012957004364579916,0.6044266223907471,0.3924485146999359,0.0008592215017415583,Sensor
/home/lmy/iot-device-classification/dataset/sensor/round7_jitter/sensor_r7.pcapng,R7,45,450.4480674266815,0.000528951408341527,0.00016899420006666332,0.9107951521873474,0.08829843997955322,0.00020845720428042114,Sensor
/home/lmy/iot-device-classification/dataset/sensor/round7_jitter/sensor_r7.pcapng,R7,46,460.4578955173493,5.588733256445266e-05,8.76300546224229e-05,0.45300790667533875,0.5467346906661987,0.00011384934623492882,Sensor
/home/lmy/iot-device-classification/dataset/sensor/round7_jitter/sensor_r7.pcapng,R7,47,470.10260701179504,0.0012267704587429762,0.0017335821175947785,0.12430506199598312,0.872231662273407,0.0005028636078350246,Sensor
/home/lmy/iot-device-classification/dataset/sensor/round7_jitter/sensor_r7.pcapng,R7,48,480.4793078899384,0.00019515228632371873,0.00013694741937797517,0.026729250326752663,0.9728277325630188,0.00011096380330855027,Sensor
/home/lmy/iot-device-classification/dataset/sensor/round7_jitter/sensor_r7.pcapng,R7,49,490.48734951019287,8.824645192362368e-05,5.161787703400478e-05,0.812897801399231,0.18687860667705536,8.367461123270914e-05,Sensor
/home/lmy/iot-device-classification/dataset/sensor/round7_jitter/sensor_r7.pcapng,R7,50,500.4982874393463,0.00020933493215125054,0.00029535163776017725,0.40822774171829224,0.5909684300422668,0.0002991368237417191,Sensor
/home/lmy/iot-device-classification/dataset/sensor/round7_jitter/sensor_r7.pcapng,R7,51,510.5080306529999,6.922331522218883e-05,0.00016960353241302073,0.03789824992418289,0.9617161750793457,0.0001466913236072287,Sensor
/home/lmy/iot-device-classification/dataset/sensor/round7_jitter/sensor_r7.pcapng,R7,52,520.1505167484283,1.478682770539308e-05,1.2856088687840383e-05,0.9830169081687927,0.016936248168349266,1.9283415895188227e-05,Sensor
/home/lmy/iot-device-classification/dataset/sensor/round7_jitter/sensor_r7.pcapng,R7,53,530.5289635658264,0.0001466629619244486,6.403882434824482e-05,0.05224344879388809,0.9474440217018127,0.00010177568037761375,Sensor
/home/lmy/iot-device-classification/dataset/sensor/round7_jitter/sensor_r7.pcapng,R7,54,540.5376598834991,0.0010654343059286475,0.0008626870112493634,0.18656080961227417,0.8109471797943115,0.0005638923612423241,Sensor
/home/lmy/iot-device-classification/dataset/sensor/round7_jitter/sensor_r7.pcapng,R7,55,550.5477602481842,8.832108869682997e-05,0.0001562075485708192,0.8258129358291626,0.17381399869918823,0.00012846587924286723,Sensor
/home/lmy/iot-device-classification/dataset/sensor/round7_jitter/sensor_r7.pcapng,R7,56,560.1000225543976,8.770733256824315e-05,0.00014609354548156261,0.02665645070374012,0.9729655385017395,0.0001442820648662746,Sensor
/home/lmy/iot-device-classification/dataset/sensor/round7_jitter/sensor_r7.pcapng,R7,57,570.5680968761444,0.00032225012546405196,0.00010508707782719284,0.01902712509036064,0.9804558753967285,8.960587001638487e-05,Sensor
/home/lmy/iot-device-classification/dataset/sensor/round7_jitter/sensor_r7.pcapng,R7,58,580.5774064064026,6.811515049776062e-05,7.238287798827514e-05,0.9579375982284546,0.04182423651218414,9.767706069396809e-05,Sensor
/home/lmy/iot-device-classification/dataset/sensor/round7_jitter/sensor_r7.pcapng,R7,59,590.5872430801392,0.0008092096541076899,0.0005762806395068765,0.2664811909198761,0.7315008640289307,0.0006325150025077164,Sensor
/home/lmy/iot-device-classification/dataset/sensor/round7_jitter/sensor_r7.pcapng,R7,60,600.5977523326874,0.00020510537433438003,0.0003511145187076181,0.04841717705130577,0.9508642554283142,0.00016231360496021807,Sensor
/home/lmy/iot-device-classification/dataset/sensor/round7_jitter/sensor_r7.pcapng,R7,61,610.1393411159515,0.00014356877363752574,0.00014947124873287976,0.7488877773284912,0.2506687641143799,0.0001503834646428004,Sensor
/home/lmy/iot-device-classification/dataset/sensor/round7_jitter/sensor_r7.pcapng,R7,62,620.6179056167603,0.0014502913691103458,0.0011959468247368932,0.2330256849527359,0.7636048197746277,0.0007232743082568049,Sensor
/home/lmy/iot-device-classification/dataset/sensor/round7_jitter/sensor_r7.pcapng,R7,63,630.6274807453156,0.000155667366925627,0.00011365595128154382,0.19028808176517487,0.8092995285987854,0.00014308960817288607,Sensor
/home/lmy/iot-device-classification/dataset/sensor/round7_jitter/sensor_r7.pcapng,R7,64,640.6382689476013,0.0064659640192985535,0.0004448936088010669,0.3390156626701355,0.6538737416267395,0.00019978654745500535,Sensor
/home/lmy/iot-device-classification/dataset/sensor/round7_jitter/sensor_r7.pcapng,R7,65,650.1024866104126,0.00038542234688065946,0.0005173787358216941,0.06340993940830231,0.9354525208473206,0.00023468161816708744,Sensor
/home/lmy/iot-device-classification/dataset/sensor/round7_jitter/sensor_r7.pcapng,R7,66,660.6587414741516,0.022971685975790024,0.012244398705661297,0.3774334192276001,0.5852085947990417,0.0021419210825115442,Sensor
/home/lmy/iot-device-classification/dataset/sensor/round7_jitter/sensor_r7.pcapng,R7,67,670.6669235229492,9.242611122317612e-05,0.00011143817391712219,0.9404005408287048,0.05926409736275673,0.0001314650144195184,Sensor
/home/lmy/iot-device-classification/dataset/sensor/round7_jitter/sensor_r7.pcapng,R7,68,680.6786463260651,0.0018115303246304393,0.0015961494063958526,0.2441960573196411,0.7518853545188904,0.0005109738558530807,Sensor
/home/lmy/iot-device-classification/dataset/sensor/round7_jitter/sensor_r7.pcapng,R7,69,690.6904673576355,0.00012629487900994718,0.00035832502180710435,0.14220060408115387,0.8571038246154785,0.00021091072994749993,Sensor
/home/lmy/iot-device-classification/dataset/sensor/round7_jitter/sensor_r7.pcapng,R7,70,700.1391880512238,9.642931217967998e-06,9.543957276036963e-06,0.9994207620620728,0.000549132761079818,1.099545625038445e-05,Sensor
/home/lmy/iot-device-classification/dataset/sensor/round7_jitter/sensor_r7.pcapng,R7,71,710.4500231742859,0.0003822357102762908,0.00047042392543517053,0.16715167462825775,0.8314919471740723,0.0005037338705733418,Sensor
/home/lmy/iot-device-classification/dataset/sensor/round7_jitter/sensor_r7.pcapng,R7,72,720.7168843746185,0.0007633689674548805,0.00024164751812350005,0.09908832609653473,0.8996941447257996,0.0002125151950167492,Sensor
/home/lmy/iot-device-classification/dataset/sensor/round7_jitter/sensor_r7.pcapng,R7,73,730.7326765060425,3.031816777365748e-05,4.18638956034556e-05,0.9875801801681519,0.012300699949264526,4.694493691204116e-05,Sensor
/home/lmy/iot-device-classification/dataset/sensor/round7_jitter/sensor_r7.pcapng,R7,74,740.0994279384613,4.816088767256588e-05,6.483624019892886e-05,0.9976723790168762,0.0021700456272810698,4.456839451449923e-05,Sensor
/home/lmy/iot-device-classification/dataset/sensor/round7_jitter/sensor_r7.pcapng,R7,75,750.7470030784607,2.2468702809419483e-05,0.00012933262041769922,0.8187879920005798,0.18100149929523468,5.8684119721874595e-05,Sensor
/home/lmy/iot-device-classification/dataset/sensor/round7_jitter/sensor_r7.pcapng,R7,76,760.3699522018433,3.389075573068112e-05,5.785036410088651e-05,0.9834919571876526,0.016345294192433357,7.101385563146323e-05,Sensor
/home/lmy/iot-device-classification/dataset/sensor/round7_jitter/sensor_r7.pcapng,R7,77,770.773209810257,0.04225112125277519,0.10384801030158997,0.5585018992424011,0.2911461889743805,0.00425277603790164,Sensor
/home/lmy/iot-device-classification/dataset/sensor/round7_jitter/sensor_r7.pcapng,R7,78,780.5788953304291,0.00017795739404391497,0.0007715945830568671,0.10322805494070053,0.8955671191215515,0.00025525956880301237,Sensor
/home/lmy/iot-device-classification/dataset/sensor/round7_jitter/sensor_r7.pcapng,R7,79,790.1464500427246,6.82672398397699e-05,0.00010395869321655482,0.9961056113243103,0.0036679324693977833,5.4152980737853795e-05,Sensor
/home/lmy/iot-device-classification/dataset/sensor/round7_jitter/sensor_r7.pcapng,R7,80,800.7972059249878,0.000474936532555148,0.00024901426513679326,0.07087256759405136,0.9282135963439941,0.00018985009228345007,Sensor
/home/lmy/iot-device-classification/dataset/sensor/round7_jitter/sensor_r7.pcapng,R7,81,810.8099753856659,3.9896713133202866e-05,9.075450361706316e-05,0.025402182713150978,0.9743996858596802,6.744230631738901e-05,Sensor
/home/lmy/iot-device-classification/dataset/sensor/round7_jitter/sensor_r7.pcapng,R7,82,820.1380321979523,1.3864914762962144e-05,2.0618568669306114e-05,0.9843524098396301,0.015589836984872818,2.3266709831659682e-05,Sensor
/home/lmy/iot-device-classification/dataset/sensor/round7_jitter/sensor_r7.pcapng,R7,83,830.0984926223755,0.00020436514751054347,0.0001793208793969825,0.047545935958623886,0.9518848657608032,0.00018557046132627875,Sensor
/home/lmy/iot-device-classification/dataset/sensor/round7_jitter/sensor_r7.pcapng,R7,84,840.8360743522644,0.038451310247182846,0.09584292769432068,0.5549761056900024,0.30820736289024353,0.002522281603887677,Sensor
/home/lmy/iot-device-classification/dataset/sensor/round7_jitter/sensor_r7.pcapng,R7,85,850.8464829921722,1.531548514321912e-05,2.9676113626919687e-05,0.9926996827125549,0.007223971653729677,3.1375864637084305e-05,Sensor
/home/lmy/iot-device-classification/dataset/sensor/round7_jitter/sensor_r7.pcapng,R7,86,860.0873742103577,0.0008255023858509958,0.00043401922448538244,0.07420157641172409,0.924312174320221,0.00022669210738968104,Sensor
/home/lmy/iot-device-classification/dataset/sensor/round7_jitter/sensor_r7.pcapng,R7,87,870.866366147995,0.0016068343538790941,0.0004075499891769141,0.22449393570423126,0.7731857895851135,0.00030592369148507714,Sensor
/home/lmy/iot-device-classification/dataset/sensor/round7_jitter/sensor_r7.pcapng,R7,88,880.1464126110077,3.153571378788911e-05,4.918718332191929e-05,0.9738060832023621,0.02608337439596653,2.9794951842632145e-05,Sensor
/home/lmy/iot-device-classification/dataset/sensor/round7_jitter/sensor_r7.pcapng,R7,89,890.8889026641846,0.00032768285018391907,0.0002761198556981981,0.09236287325620651,0.9067970514297485,0.00023630149371456355,Sensor
/home/lmy/iot-device-classification/dataset/sensor/round7_jitter/sensor_r7.pcapng,R7,90,900.8965179920197,3.09615206788294e-05,5.395970947574824e-05,0.015527878887951374,0.9843382239341736,4.897770850220695e-05,Sensor
/home/lmy/iot-device-classification/dataset/sensor/round7_jitter/sensor_r7.pcapng,R7,91,910.9062349796296,1.3811411918140948e-05,1.3251913514977787e-05,0.9698198437690735,0.03012993186712265,2.3181082724477164e-05,Sensor
/home/lmy/iot-device-classification/dataset/sensor/round7_jitter/sensor_r7.pcapng,R7,92,920.0976905822754,0.011096393689513206,0.002746052574366331,0.7125514149665833,0.2720493972301483,0.0015567197697237134,Sensor
/home/lmy/iot-device-classification/dataset/sensor/round7_jitter/sensor_r7.pcapng,R7,93,930.9260737895966,0.00010229003964923322,0.0001588623272255063,0.0790141224861145,0.9205846190452576,0.000140169431688264,Sensor
/home/lmy/iot-device-classification/dataset/sensor/round7_jitter/sensor_r7.pcapng,R7,94,940.9377846717834,8.109919872367755e-05,7.58740134187974e-05,0.7509776949882507,0.24872854351997375,0.00013679469702765346,Sensor
/home/lmy/iot-device-classification/dataset/sensor/round7_jitter/sensor_r7.pcapng,R7,95,950.9464344978333,0.0005769353010691702,0.00026360247284173965,0.07190419733524323,0.9270621538162231,0.00019310634525027126,Sensor
/home/lmy/iot-device-classification/dataset/sensor/round7_jitter/sensor_r7.pcapng,R7,96,960.9560813903807,0.00021306729468051344,0.0002097663818858564,0.841555118560791,0.15785305202007294,0.00016895565204322338,Sensor
/home/lmy/iot-device-classification/dataset/sensor/round7_jitter/sensor_r7.pcapng,R7,97,970.1455845832824,0.00012589395919349045,8.900669490685686e-05,0.9489888548851013,0.050683967769145966,0.00011222448665648699,Sensor
/home/lmy/iot-device-classification/dataset/sensor/round7_jitter/sensor_r7.pcapng,R7,98,980.9761693477632,0.00045638318988494575,0.00023946694273035973,0.06810394674539566,0.9310177564620972,0.00018243362137582153,Sensor
/home/lmy/iot-device-classification/dataset/sensor/round7_jitter/sensor_r7.pcapng,R7,99,990.98601937294,0.0005029318272136152,0.0002258727909065783,0.06862930953502655,0.9304547905921936,0.0001871258718892932,Sensor
/home/lmy/iot-device-classification/dataset/sensor/round7_jitter/sensor_r7.pcapng,R7,100,1001.001528263092,7.232766802189872e-05,9.820075501920655e-05,0.49825942516326904,0.5014523267745972,0.0001177058948087506,Sensor
/home/lmy/iot-device-classification/dataset/sensor/round7_jitter/sensor_r7.pcapng,R7,101,1010.0974762439728,0.004552248865365982,0.0006281680543906987,0.05833758786320686,0.9361886382102966,0.00029328762320801616,Sensor
/home/lmy/iot-device-classification/dataset/sensor/round7_jitter/sensor_r7.pcapng,R7,102,1021.0159814357758,0.0004102300445083529,0.0014541803393512964,0.28903090953826904,0.708655834197998,0.0004488041449803859,Sensor
/home/lmy/iot-device-classification/dataset/sensor/round7_jitter/sensor_r7.pcapng,R7,103,1031.0273327827454,4.61495692434255e-05,6.004670649417676e-05,0.8717020750045776,0.1281324326992035,5.929368126089685e-05,Sensor
/home/lmy/iot-device-classification/dataset/sensor/round7_jitter/sensor_r7.pcapng,R7,104,1040.728594303131,7.304023893084377e-05,0.00012518319999799132,0.820950448513031,0.17865198850631714,0.00019936570606660098,Sensor
/home/lmy/iot-device-classification/dataset/sensor/round7_jitter/sensor_r7.pcapng,R7,105,1051.0459072589874,0.0003983255010098219,0.0005913439090363681,0.12583018839359283,0.8728947639465332,0.0002853804035112262,Sensor
/home/lmy/iot-device-classification/dataset/sensor/round7_jitter/sensor_r7.pcapng,R7,106,1060.1355757713318,0.004715592134743929,0.00039094933890737593,0.9426014423370361,0.05202004685997963,0.00027192223933525383,Sensor
/home/lmy/iot-device-classification/dataset/sensor/round7_jitter/sensor_r7.pcapng,R7,107,1071.0670733451843,7.812320836819708e-05,0.0001387838856317103,0.2388480007648468,0.7607682347297668,0.00016683283320162445,Sensor
/home/lmy/iot-device-classification/dataset/sensor/round7_jitter/sensor_r7.pcapng,R7,108,1080.7013731002808,0.00010923835361609235,0.0002890314790420234,0.058355435729026794,0.9409708976745605,0.00027540072915144265,Sensor
/home/lmy/iot-device-classification/dataset/sensor/round7_jitter/sensor_r7.pcapng,R7,109,1091.0851283073423,2.7814008717541583e-05,1.884101948235184e-05,0.9400568604469299,0.059858206659555435,3.8224246964091435e-05,Sensor
/home/lmy/iot-device-classification/dataset/sensor/round7_jitter/sensor_r7.pcapng,R7,110,1100.0957415103912,0.0015657858457416296,0.0015981558244675398,0.45661747455596924,0.5392665863037109,0.000951983209233731,Sensor
/home/lmy/iot-device-classification/dataset/sensor/round7_jitter/sensor_r7.pcapng,R7,111,1111.1062424182892,0.0008710654801689088,0.000506610085722059,0.09843439608812332,0.8998727202415466,0.0003152094141114503,Sensor
/home/lmy/iot-device-classification/dataset/sensor/round7_jitter/sensor_r7.pcapng,R7,112,1121.1187167167664,3.532543996698223e-05,7.70880506024696e-05,0.8951074481010437,0.1047201007604599,6.002363807056099e-05,Sensor
/home/lmy/iot-device-classification/dataset/sensor/round7_jitter/sensor_r7.pcapng,R7,113,1131.125873088837,0.0005549017223529518,0.0002441713004373014,0.04459594935178757,0.9544293880462646,0.0001755634875735268,Sensor
/home/lmy/iot-device-classification/dataset/sensor/round7_jitter/sensor_r7.pcapng,R7,114,1140.854994058609,5.367837002268061e-05,0.0001418799947714433,0.22041486203670502,0.7792777419090271,0.00011181431909790263,Sensor
/home/lmy/iot-device-classification/dataset/sensor/round7_jitter/sensor_r7.pcapng,R7,115,1150.1341135501862,7.142395043047145e-05,0.0010603574337437749,0.9864169359207153,0.012295887805521488,0.000155389221617952,Sensor
/home/lmy/iot-device-classification/dataset/sensor/round7_jitter/sensor_r7.pcapng,R7,116,1161.1563293933868,0.000616609409917146,0.0004140224773436785,0.0775594413280487,0.921144425868988,0.00026546278968453407,Sensor
/home/lmy/iot-device-classification/dataset/sensor/round7_jitter/sensor_r7.pcapng,R7,117,1171.1655797958374,0.00025681804982014,0.0003056571295019239,0.019265497103333473,0.9800267815589905,0.00014526989252772182,Sensor
/home/lmy/iot-device-classification/dataset/sensor/round7_jitter/sensor_r7.pcapng,R7,118,1180.144160747528,0.00011124239972559735,0.00015721525414846838,0.6223855018615723,0.37715432047843933,0.00019168188737239689,Sensor
/home/lmy/iot-device-classification/dataset/sensor/round7_jitter/sensor_r7.pcapng,R7,119,1190.1102783679962,0.0043807849287986755,0.0025222506374120712,0.709387481212616,0.28227904438972473,0.0014303879579529166,Sensor
/home/lmy/iot-device-classification/dataset/sensor/round7_jitter/sensor_r7.pcapng,R7,120,1201.1954729557035,0.00021644594380632043,0.00032943859696388245,0.12753748893737793,0.8715932965278625,0.000323365064105019,Sensor
/home/lmy/iot-device-classification/dataset/sensor/round7_jitter/sensor_r7.pcapng,R7,121,1211.2052025794983,6.02451000304427e-05,7.765944610582665e-05,0.5126773118972778,0.48710089921951294,8.386320405406877e-05,Sensor
/home/lmy/iot-device-classification/dataset/sensor/round7_jitter/sensor_r7.pcapng,R7,122,1221.2153582572937,0.0007355885463766754,0.00014959316467866302,0.0358780175447464,0.9630997180938721,0.00013710484199691564,Sensor
/home/lmy/iot-device-classification/dataset/sensor/round7_jitter/sensor_r7.pcapng,R7,123,1230.4461810588837,0.009539845399558544,0.000682978134136647,0.23718999326229095,0.7520071864128113,0.0005800178623758256,Sensor
/home/lmy/iot-device-classification/dataset/sensor/round7_jitter/sensor_r7.pcapng,R7,124,1240.1482515335083,0.00011890391033375636,9.12232426344417e-05,0.6994615793228149,0.30020517110824585,0.00012309273006394506,Sensor
/home/lmy/iot-device-classification/dataset/sensor/round7_jitter/sensor_r7.pcapng,R7,125,1251.2452445030212,0.00023597915424034,0.0003953060368075967,0.1267736852169037,0.8724271655082703,0.0001678055414231494,Sensor
/home/lmy/iot-device-classification/dataset/sensor/round7_jitter/sensor_r7.pcapng,R7,126,1261.2554528713226,0.0005078638787381351,0.0002487340825609863,0.0708187073469162,0.9282344579696655,0.00019019105820916593,Sensor
/home/lmy/iot-device-classification/dataset/sensor/round7_jitter/sensor_r7.pcapng,R7,127,1271.2652962207794,7.362640462815762e-05,0.00010307857155567035,0.935183584690094,0.06450191140174866,0.00013783258327748626,Sensor
/home/lmy/iot-device-classification/dataset/sensor/round7_jitter/sensor_r7.pcapng,R7,128,1280.0948090553284,0.0009698885842226446,0.0008377947960980237,0.2155398428440094,0.7822445034980774,0.0004079143109265715,Sensor
/home/lmy/iot-device-classification/dataset/sensor/round7_jitter/sensor_r7.pcapng,R7,129,1291.284877061844,4.735906622954644e-05,7.236555393319577e-05,0.01527229230850935,0.9845245480537415,8.347466791747138e-05,Sensor
/home/lmy/iot-device-classification/dataset/sensor/round7_jitter/sensor_r7.pcapng,R7,130,1301.295181274414,7.883879879955202e-05,6.441536243073642e-05,0.4686216115951538,0.5311170220375061,0.00011814006575150415,Sensor
/home/lmy/iot-device-classification/dataset/sensor/round7_jitter/sensor_r7.pcapng,R7,131,1311.3048329353333,0.005327344406396151,0.012908561155200005,0.9383032321929932,0.04127342998981476,0.0021874597296118736,Sensor
/home/lmy/iot-device-classification/dataset/sensor/round7_jitter/sensor_r7.pcapng,R7,132,1321.3152768611908,0.0010204404825344682,0.001085061114281416,0.5941399335861206,0.4031502902507782,0.0006042751483619213,Sensor
/home/lmy/iot-device-classification/dataset/sensor/round7_jitter/sensor_r7.pcapng,R7,133,1330.1489281654358,1.7580943676875904e-05,9.256857993023004e-06,0.9893003106117249,0.01065335888415575,1.9409211745369248e-05,Sensor
/home/lmy/iot-device-classification/dataset/sensor/round7_jitter/sensor_r7.pcapng,R7,134,1341.3346309661863,0.0001568423176649958,0.0003370668855495751,0.7997928857803345,0.19946908950805664,0.00024405833391938359,Sensor
/home/lmy/iot-device-classification/dataset/sensor/round7_jitter/sensor_r7.pcapng,R7,135,1351.3449025154114,3.246308915549889e-05,7.915815513115376e-05,0.9302805662155151,0.06952952593564987,7.821392500773072e-05,Sensor
/home/lmy/iot-device-classification/dataset/sensor/round7_jitter/sensor_r7.pcapng,R7,136,1360.7713387012482,2.6796704332809895e-05,3.704111441038549e-05,0.9345034956932068,0.06537796556949615,5.4724267101846635e-05,Sensor
/home/lmy/iot-device-classification/dataset/sensor/round7_jitter/sensor_r7.pcapng,R7,137,1370.0930206775663,0.03543621301651001,0.0016240342520177364,0.7094113230705261,0.25244784355163574,0.0010806130012497306,Sensor
/home/lmy/iot-device-classification/dataset/sensor/round7_jitter/sensor_r7.pcapng,R7,138,1380.0827751159668,0.00032328508677892387,0.0009976302972063422,0.17430806159973145,0.8239600658416748,0.0004109205328859389,Sensor
/home/lmy/iot-device-classification/dataset/sensor/round7_jitter/sensor_r7.pcapng,R7,139,1391.3839099407196,0.00010165166895603761,0.0002161171578336507,0.7560858130455017,0.24348968267440796,0.00010670268238754943,Sensor
/home/lmy/iot-device-classification/dataset/sensor/round7_jitter/sensor_r7.pcapng,R7,140,1401.2823333740234,0.0005647910293191671,0.0012881950242444873,0.21090975403785706,0.7868101000785828,0.0004271863435860723,Sensor
/home/lmy/iot-device-classification/dataset/sensor/round7_jitter/sensor_r7.pcapng,R7,141,1411.403992652893,0.00010957632912322879,0.00038022416993044317,0.09105397760868073,0.9082812070846558,0.00017502567789051682,Sensor
/home/lmy/iot-device-classification/dataset/sensor/round7_jitter/sensor_r7.pcapng,R7,142,1420.1318101882937,6.715967901982367e-05,0.00019470842380542308,0.9911974668502808,0.008484559133648872,5.614489782601595e-05,Sensor
/home/lmy/iot-device-classification/dataset/sensor/round7_jitter/sensor_r7.pcapng,R7,143,1431.4359638690948,0.00039003946585580707,0.00030611015972681344,0.10505460202693939,0.8939974904060364,0.0002517926332075149,Sensor
/home/lmy/iot-device-classification/dataset/sensor/round7_jitter/sensor_r7.pcapng,R7,144,1441.434386968613,0.0001690928911557421,0.00045588513603433967,0.9734035730361938,0.025856271386146545,0.00011519790132297203,Sensor
/home/lmy/iot-device-classification/dataset/sensor/round7_jitter/sensor_r7.pcapng,R7,145,1450.92533993721,1.3714266060560476e-05,1.2818271898140665e-05,0.9871664643287659,0.0127851078286767,2.191393286921084e-05,Sensor
/home/lmy/iot-device-classification/dataset/sensor/round7_jitter/sensor_r7.pcapng,R7,146,1460.094182014465,0.0008717863820493221,0.0019550465513020754,0.1283852756023407,0.8680891990661621,0.0006986919324845076,Sensor
/home/lmy/iot-device-classification/dataset/sensor/round7_jitter/sensor_r7.pcapng,R7,147,1471.4660742282867,0.0005156449624337256,0.0014181123115122318,0.2421952784061432,0.7553423643112183,0.0005285648512654006,Sensor
/home/lmy/iot-device-classification/dataset/sensor/round7_jitter/sensor_r7.pcapng,R7,148,1481.474401473999,7.467943214578554e-05,8.291690028272569e-05,0.6136826276779175,0.38605913519859314,0.00010063783702207729,Sensor
/home/lmy/iot-device-classification/dataset/sensor/round7_jitter/sensor_r7.pcapng,R7,149,1491.4843485355375,0.0006400267593562603,0.0014302053023129702,0.18826058506965637,0.80942702293396,0.00024212521384470165,Sensor
/home/lmy/iot-device-classification/dataset/sensor/round7_jitter/sensor_r7.pcapng,R7,150,1501.4947662353516,6.215924076968804e-05,0.00016966357361525297,0.0447380468249321,0.9548821449279785,0.00014795397873967886,Sensor
/home/lmy/iot-device-classification/dataset/sensor/round7_jitter/sensor_r7.pcapng,R7,151,1510.1413819789886,1.6256239177891985e-05,9.47086482483428e-06,0.987231433391571,0.01272604800760746,1.6760257494752295e-05,Sensor
/home/lmy/iot-device-classification/dataset/sensor/round7_jitter/sensor_r7.pcapng,R7,152,1521.5224430561066,9.190136916004121e-05,0.00027685752138495445,0.04796622321009636,0.9514691829681396,0.00019581557717174292,Sensor
/home/lmy/iot-device-classification/dataset/sensor/round7_jitter/sensor_r7.pcapng,R7,153,1531.5233566761017,6.789647159166634e-05,0.0003841527213808149,0.01758146472275257,0.981830894947052,0.00013564493565354496,Sensor
/home/lmy/iot-device-classification/dataset/sensor/round7_jitter/sensor_r7.pcapng,R7,154,1540.130624294281,1.8056209228234366e-05,2.7839976610266604e-05,0.9875176548957825,0.012412704527378082,2.3694497940596193e-05,Sensor
/home/lmy/iot-device-classification/dataset/sensor/round7_jitter/sensor_r7.pcapng,R7,155,1550.0922858715055,0.0017313709249719977,0.005023443605750799,0.2656298875808716,0.7270147800445557,0.0006004871684126556,Sensor
/home/lmy/iot-device-classification/dataset/sensor/round7_jitter/sensor_r7.pcapng,R7,156,1561.5559675693512,0.0037274162750691175,0.0006529546226374805,0.3181472420692444,0.6766771078109741,0.0007952783489599824,Sensor
/home/lmy/iot-device-classification/dataset/sensor/round7_jitter/sensor_r7.pcapng,R7,157,1571.2340750694275,9.875155956251547e-05,6.17777623119764e-05,0.6924313902854919,0.3072991967201233,0.00010891385318245739,Sensor
/home/lmy/iot-device-classification/dataset/sensor/round7_jitter/sensor_r7.pcapng,R7,158,1581.574730873108,1.0524842764425557e-05,3.142239438602701e-05,0.9997757077217102,0.00016411641263402998,1.8191505660070106e-05,Sensor
/home/lmy/iot-device-classification/dataset/sensor/round7_jitter/sensor_r7.pcapng,R7,159,1590.6740906238556,0.0006667965208180249,0.0008627963252365589,0.04882204160094261,0.9493730664253235,0.00027530419174581766,Sensor
/home/lmy/iot-device-classification/dataset/sensor/round7_jitter/sensor_r7.pcapng,R7,160,1600.1364107131958,2.343814412597567e-05,7.948426355142146e-05,0.9981614947319031,0.0016969252610579133,3.867500345222652e-05,Sensor
/home/lmy/iot-device-classification/dataset/sensor/round7_jitter/sensor_r7.pcapng,R7,161,1611.6077735424042,0.0004116747877560556,0.00018857582472264767,0.11285649985074997,0.8861868977546692,0.000356354343239218,Sensor
/home/lmy/iot-device-classification/dataset/sensor/round7_jitter/sensor_r7.pcapng,R7,162,1621.6150591373444,0.00020880854572169483,9.905308252200484e-05,0.02283777855336666,0.9767844080924988,6.989036046434194e-05,Sensor
/home/lmy/iot-device-classification/dataset/sensor/round7_jitter/sensor_r7.pcapng,R7,163,1631.6243543624878,9.52928967308253e-05,9.341813711216673e-05,0.3015965223312378,0.6980753540992737,0.0001394547725794837,Sensor
/home/lmy/iot-device-classification/dataset/sensor/round7_jitter/sensor_r7.pcapng,R7,164,1640.103597164154,0.0011745886877179146,0.0013506152899935842,0.6231950521469116,0.3738693594932556,0.00041037931805476546,Sensor
/home/lmy/iot-device-classification/dataset/sensor/round7_jitter/sensor_r7.pcapng,R7,165,1651.648384809494,9.438494453206658e-05,0.00030507464543916285,0.08996450155973434,0.9094744920730591,0.00016158320067916065,Sensor
/home/lmy/iot-device-classification/dataset/sensor/round7_jitter/sensor_r7.pcapng,R7,166,1661.6543698310852,0.008359542116522789,0.00027571144164539874,0.47271019220352173,0.5184404253959656,0.0002141271688742563,Sensor
/home/lmy/iot-device-classification/dataset/sensor/round7_jitter/sensor_r7.pcapng,R7,167,1671.0650146007538,0.0002988631895277649,0.00033620456815697253,0.14306962490081787,0.8560541272163391,0.00024114805273711681,Sensor
/home/lmy/iot-device-classification/dataset/sensor/round7_jitter/sensor_r7.pcapng,R7,168,1680.0603477954865,0.000248331023612991,0.00038684706669300795,0.09233886003494263,0.9068273305892944,0.00019862425688188523,Sensor
/home/lmy/iot-device-classification/dataset/sensor/round7_jitter/sensor_r7.pcapng,R7,169,1690.129117488861,0.00014611566439270973,0.00016349981888197362,0.6409820914268494,0.35853779315948486,0.00017050214228220284,Sensor
/home/lmy/iot-device-classification/dataset/sensor/round7_jitter/sensor_r7.pcapng,R7,170,1700.020429134369,9.411194332642481e-05,0.00013013594434596598,0.1833006739616394,0.8163233399391174,0.00015176524175330997,Sensor
/home/lmy/iot-device-classification/dataset/sensor/round7_jitter/sensor_r7.pcapng,R7,171,1710.923228740692,0.0008522275602445006,0.0007657561218366027,0.24745285511016846,0.7503634691238403,0.0005657432484440506,Sensor
/home/lmy/iot-device-classification/dataset/sensor/round7_jitter/sensor_r7.pcapng,R7,172,1721.7139711380005,3.049009137612302e-05,2.1859010303160176e-05,0.9062728881835938,0.09362771362066269,4.6983106585685164e-05,Sensor
/home/lmy/iot-device-classification/dataset/sensor/round7_jitter/sensor_r7.pcapng,R7,173,1730.102112531662,0.0009782916167750955,0.000189734433661215,0.11556386202573776,0.8831081390380859,0.0001599269889993593,Sensor
/home/lmy/iot-device-classification/dataset/sensor/round7_jitter/sensor_r7.pcapng,R7,174,1740.0426242351532,0.0007673356449231505,0.0017209243960678577,0.5895723700523376,0.406893789768219,0.0010455603478476405,Sensor
/home/lmy/iot-device-classification/dataset/sensor/round7_jitter/sensor_r7.pcapng,R7,175,1750.820386171341,1.1449158591858577e-05,2.406104249530472e-05,0.9988188147544861,0.0011288659879937768,1.6837842849781737e-05,Sensor
/home/lmy/iot-device-classification/dataset/sensor/round7_jitter/sensor_r7.pcapng,R7,176,1761.7530238628387,0.0004938101628795266,0.0002773264714051038,0.07289117574691772,0.9261419177055359,0.00019575687474571168,Sensor
/home/lmy/iot-device-classification/dataset/sensor/round7_jitter/sensor_r7.pcapng,R7,177,1771.7633373737335,9.809020411921665e-05,0.0003498246078379452,0.028885550796985626,0.9704862833023071,0.00018018526316154748,Sensor
/home/lmy/iot-device-classification/dataset/sensor/round7_jitter/sensor_r7.pcapng,R7,178,1780.1399912834167,8.452309884887654e-06,1.051558956532972e-05,0.9992511868476868,0.0007181549444794655,1.1724254363798536e-05,Sensor
/home/lmy/iot-device-classification/dataset/sensor/round7_jitter/sensor_r7.pcapng,R7,179,1791.0682139396667,0.0016297897091135383,0.0008564512827433646,0.31410595774650574,0.682761013507843,0.0006467595812864602,Sensor
/home/lmy/iot-device-classification/dataset/sensor/round7_jitter/sensor_r7.pcapng,R7,180,1801.7925539016724,0.0009269854053854942,0.0043800510466098785,0.26080864667892456,0.7333345413208008,0.0005497434176504612,Sensor
/home/lmy/iot-device-classification/dataset/sensor/round7_jitter/sensor_r7.pcapng,R7,181,1810.7370345592497,0.00012658591731451452,0.00039174643461592495,0.9381945729255676,0.061074964702129364,0.0002120774588547647,Sensor
/home/lmy/iot-device-classification/dataset/sensor/round7_jitter/sensor_r7.pcapng,R7,182,1820.088829755783,0.0008542509167455137,0.000959494267590344,0.37175533175468445,0.6259153485298157,0.0005155677790753543,Sensor
/home/lmy/iot-device-classification/dataset/sensor/round7_jitter/sensor_r7.pcapng,R7,183,1830.0198798179624,0.005791500676423311,0.007657459005713463,0.15100589394569397,0.8350465297698975,0.0004985881387256086,Sensor
/home/lmy/iot-device-classification/dataset/sensor/round7_jitter/sensor_r7.pcapng,R7,184,1841.8331570625303,2.2708285541739315e-05,1.9661118130898103e-05,0.9763216376304626,0.02360488474369049,3.1083865906111896e-05,Sensor
/home/lmy/iot-device-classification/dataset/sensor/round7_jitter/sensor_r7.pcapng,R7,185,1850.1688811779024,0.00042427220614627004,0.00028370035579428077,0.16365350782871246,0.835424542427063,0.00021394227223936468,Sensor
/home/lmy/iot-device-classification/dataset/sensor/round7_jitter/sensor_r7.pcapng,R7,186,1861.467823266983,6.50197034701705e-05,0.00023728188534732908,0.05039520189166069,0.9491425156593323,0.00016001015319488943,Sensor
/home/lmy/iot-device-classification/dataset/sensor/round7_jitter/sensor_r7.pcapng,R7,187,1870.1271574497223,0.00015786936273798347,0.00018114334670826793,0.8616811037063599,0.13785095512866974,0.00012889124627690762,Sensor
/home/lmy/iot-device-classification/dataset/sensor/round7_jitter/sensor_r7.pcapng,R7,188,1881.4814517498016,0.0004773521504830569,0.0004968763678334653,0.0924738347530365,0.9060056209564209,0.0005463081179186702,Sensor
/home/lmy/iot-device-classification/dataset/sensor/round7_jitter/sensor_r7.pcapng,R7,189,1891.8839945793152,7.456153252860531e-05,0.00012331925972830504,0.07016003131866455,0.9295011162757874,0.00014097624807618558,Sensor
/home/lmy/iot-device-classification/dataset/sensor/round7_jitter/sensor_r7.pcapng,R7,190,1901.8933458328247,4.80720482300967e-05,5.876730938325636e-05,0.7108621597290039,0.2889491617679596,8.182979217963293e-05,Sensor
/home/lmy/iot-device-classification/dataset/sensor/round7_jitter/sensor_r7.pcapng,R7,191,1910.087752342224,0.009580286219716072,0.00437631830573082,0.41769471764564514,0.5656619071960449,0.002686814172193408,Sensor
/home/lmy/iot-device-classification/dataset/sensor/round7_jitter/sensor_r7.pcapng,R7,192,1920.5668587684631,0.00014237937284633517,0.00018192494462709874,0.13099148869514465,0.8684871792793274,0.00019707749015651643,Sensor
/home/lmy/iot-device-classification/dataset/sensor/round7_jitter/sensor_r7.pcapng,R7,193,1931.922912120819,0.00018345298303756863,7.22486583981663e-05,0.7394852042198181,0.2601652145385742,9.384071017848328e-05,Sensor
/home/lmy/iot-device-classification/dataset/sensor/round7_jitter/sensor_r7.pcapng,R7,194,1941.801438331604,0.0005749118281528354,0.0006468301289714873,0.0919850617647171,0.9062981605529785,0.0004950456786900759,Sensor
/home/lmy/iot-device-classification/dataset/sensor/round7_jitter/sensor_r7.pcapng,R7,195,1951.9429240226743,0.00011309700494166464,9.284952830057591e-05,0.9957332015037537,0.004003555979579687,5.7347468100488186e-05,Sensor
/home/lmy/iot-device-classification/dataset/sensor/round7_jitter/sensor_r7.pcapng,R7,196,1960.138783931732,0.0007372882682830095,0.0004244243900757283,0.8057798147201538,0.19277720153331757,0.00028130391729064286,Sensor
/home/lmy/iot-device-classification/dataset/sensor/round7_jitter/sensor_r7.pcapng,R7,197,1971.7668142318728,0.000411578977946192,0.000575576676055789,0.3072754740715027,0.6910330057144165,0.0007043526275083423,Sensor
/home/lmy/iot-device-classification/dataset/sensor/round7_jitter/sensor_r7.pcapng,R7,198,1981.9740941524503,0.00012667664850596339,0.0009421546710655093,0.043318431824445724,0.9554562568664551,0.00015645012899767607,Sensor
/home/lmy/iot-device-classification/dataset/sensor/round7_jitter/sensor_r7.pcapng,R7,199,1990.006371498108,0.00011163946328451857,0.00024384696735069156,0.991066038608551,0.008451705798506737,0.000126760482089594,Sensor
/home/lmy/iot-device-classification/dataset/sensor/round7_jitter/sensor_r7.pcapng,R7,200,2000.0868096351624,0.000819167064037174,0.00019860270549543202,0.11775988340377808,0.8810371160507202,0.00018527031352277845,Sensor
/home/lmy/iot-device-classification/dataset/sensor/round7_jitter/sensor_r7.pcapng,R7,201,2012.0034658908844,0.0003575832524802536,0.0014411896700039506,0.7249321937561035,0.2726113498210907,0.0006576432497240603,Sensor
/home/lmy/iot-device-classification/dataset/sensor/round7_jitter/sensor_r7.pcapng,R7,202,2020.1381821632383,2.00232370843878e-05,2.142626908607781e-05,0.9994182586669922,0.0005226196954026818,1.766288187354803e-05,Sensor
/home/lmy/iot-device-classification/dataset/sensor/round7_jitter/sensor_r7.pcapng,R7,203,2032.0224423408508,0.00026065457495860755,0.0016533314483240247,0.6854787468910217,0.3121323585510254,0.0004749043728224933,Sensor
/home/lmy/iot-device-classification/dataset/sensor/round7_jitter/sensor_r7.pcapng,R7,204,2040.1660058498385,8.806119149085134e-05,0.0002922309504356235,0.0506865493953228,0.9487984776496887,0.00013475243758875877,Sensor
/home/lmy/iot-device-classification/dataset/sensor/round7_jitter/sensor_r7.pcapng,R7,205,2050.126514196396,5.762940054410137e-05,0.00015379174146801233,0.9874167442321777,0.012326746247708797,4.5067026803735644e-05,Sensor
/home/lmy/iot-device-classification/dataset/sensor/round7_jitter/sensor_r7.pcapng,R7,206,2060.165924310684,0.003480663988739252,0.0038724883925169706,0.6656376719474792,0.32602086663246155,0.000988318701274693,Sensor
/home/lmy/iot-device-classification/dataset/sensor/round7_jitter/sensor_r7.pcapng,R7,207,2072.066149711609,0.001997171202674508,0.002165148500353098,0.5580057501792908,0.43594101071357727,0.0018909279024228454,Sensor
/home/lmy/iot-device-classification/dataset/sensor/round7_jitter/sensor_r7.pcapng,R7,208,2082.073559045792,0.03859396651387215,0.00029951613396406174,0.7010654807090759,0.2596852481365204,0.00035579546238295734,Sensor
/home/lmy/iot-device-classification/dataset/sensor/round7_jitter/sensor_r7.pcapng,R7,209,2090.086772918701,0.001610585837624967,0.0007232366479001939,0.7952338457107544,0.2016691118478775,0.0007631616317667067,Sensor
/home/lmy/iot-device-classification/dataset/sensor/round7_jitter/sensor_r7.pcapng,R7,210,2102.0971007347107,0.0007182181579992175,0.0003372359205968678,0.05132489651441574,0.9474438428878784,0.00017581215070094913,Sensor
/home/lmy/iot-device-classification/dataset/sensor/round7_jitter/sensor_r7.pcapng,R7,211,2111.665205001831,0.0005103473085910082,0.0003425031900405884,0.7860502004623413,0.21288037300109863,0.0002166242920793593,Sensor
/home/lmy/iot-device-classification/dataset/sensor/round7_jitter/sensor_r7.pcapng,R7,212,2122.113651037216,0.0001777699071681127,0.0004800300521310419,0.17605552077293396,0.8230356574058533,0.00025106637622229755,Sensor
/home/lmy/iot-device-classification/dataset/sensor/round7_jitter/sensor_r7.pcapng,R7,213,2132.126209974289,0.0001304067118326202,0.0003821385616902262,0.04712537303566933,0.9521362781524658,0.00022578936477657408,Sensor
/home/lmy/iot-device-classification/dataset/sensor/round7_jitter/sensor_r7.pcapng,R7,214,2140.124691009521,4.254206214682199e-05,4.320083462516777e-05,0.9398758411407471,0.059989720582962036,4.86601420561783e-05,Sensor
/home/lmy/iot-device-classification/dataset/sensor/round7_jitter/sensor_r7.pcapng,R7,215,2151.881781101227,0.00036228550015948713,0.0005406662821769714,0.09889519959688187,0.8997336030006409,0.0004682563303504139,Sensor
/home/lmy/iot-device-classification/dataset/sensor/round7_jitter/sensor_r7.pcapng,R7,216,2162.152669906616,0.00588825810700655,0.004712001886218786,0.8540209531784058,0.13330598175525665,0.0020728171803057194,Sensor
/home/lmy/iot-device-classification/dataset/sensor/round7_jitter/sensor_r7.pcapng,R7,217,2170.964270591736,7.050798740237951e-05,5.578726268140599e-05,0.7086392641067505,0.29113730788230896,9.71839835983701e-05,Sensor
/home/lmy/iot-device-classification/dataset/sensor/round7_jitter/sensor_r7.pcapng,R7,218,2180.086198568344,0.0003380300186108798,0.0019699919503182173,0.06313511729240417,0.9342663884162903,0.0002904730790760368,Sensor
/home/lmy/iot-device-classification/dataset/sensor/round7_jitter/sensor_r7.pcapng,R7,219,2192.181971549988,8.361063373740762e-05,0.00016643127310089767,0.10445127636194229,0.8952080607414246,9.058432624442503e-05,Sensor
/home/lmy/iot-device-classification/dataset/sensor/round7_jitter/sensor_r7.pcapng,R7,220,2202.191931962967,0.00019030604744330049,9.815164958126843e-05,0.8085964322090149,0.19098414480686188,0.000131033273646608,Sensor
/home/lmy/iot-device-classification/dataset/sensor/round7_jitter/sensor_r7.pcapng,R7,221,2212.203633785248,0.0003264814440626651,0.0007582983816973865,0.13365426659584045,0.8650250434875488,0.00023587078612763435,Sensor
/home/lmy/iot-device-classification/dataset/sensor/round7_jitter/sensor_r7.pcapng,R7,222,2222.2116758823395,8.65378970047459e-05,0.0002545173920225352,0.05973944440484047,0.9397578835487366,0.00016154306649696082,Sensor
/home/lmy/iot-device-classification/dataset/sensor/round7_jitter/sensor_r7.pcapng,R7,223,2230.1368935108185,0.000165696837939322,8.70327785378322e-05,0.8245208263397217,0.1751081347465515,0.00011833917233161628,Sensor
/home/lmy/iot-device-classification/dataset/sensor/round7_jitter/sensor_r7.pcapng,R7,224,2240.464268684387,0.0006995891453698277,0.002972671063616872,0.35128292441368103,0.6447023153305054,0.0003425121249165386,Sensor
/home/lmy/iot-device-classification/dataset/sensor/round7_jitter/sensor_r7.pcapng,R7,225,2252.2415657043457,7.101934897946194e-05,0.0001640897971810773,0.16781488060951233,0.8318189382553101,0.00013106330879963934,Sensor
/home/lmy/iot-device-classification/dataset/sensor/round7_jitter/sensor_r7.pcapng,R7,226,2262.253199338913,0.00011377860937500373,7.94436055002734e-05,0.5321002006530762,0.4675861895084381,0.00012031956430291757,Sensor
/home/lmy/iot-device-classification/dataset/sensor/round7_jitter/sensor_r7.pcapng,R7,227,2270.0851950645447,0.00033660107874311507,0.0004495958855841309,0.1273351013660431,0.8715665340423584,0.00031222414691001177,Sensor
/home/lmy/iot-device-classification/dataset/sensor/round7_jitter/sensor_r7.pcapng,R7,228,2281.7635655403137,0.0022298020776361227,0.008528606034815311,0.23541392385959625,0.7530406713485718,0.0007870107074268162,Sensor
/home/lmy/iot-device-classification/dataset/sensor/round7_jitter/sensor_r7.pcapng,R7,229,2290.0169863700867,0.009839905425906181,0.00019919480837415904,0.8278831243515015,0.16192036867141724,0.00015738907677587122,Sensor
/home/lmy/iot-device-classification/dataset/sensor/round7_jitter/sensor_r7.pcapng,R7,230,2300.86328625679,7.37545924494043e-05,0.00019859425083268434,0.0899670347571373,0.9096575379371643,0.00010312665835954249,Sensor
/home/lmy/iot-device-classification/dataset/sensor/round7_jitter/sensor_r7.pcapng,R7,231,2312.3018450737,0.0009380223345942795,0.0006821573479101062,0.3264000713825226,0.6715719699859619,0.00040780019480735064,Sensor
/home/lmy/iot-device-classification/dataset/sensor/round7_jitter/sensor_r7.pcapng,R7,232,2320.1150419712067,0.00020751170814037323,8.682359475642443e-05,0.3047742247581482,0.6948087811470032,0.00012260026414878666,Sensor
/home/lmy/iot-device-classification/dataset/sensor/round7_jitter/sensor_r7.pcapng,R7,233,2331.265290260315,0.0003317550872452557,0.0005884802667424083,0.5427935719490051,0.45572221279144287,0.0005639820010401309,Sensor
/home/lmy/iot-device-classification/dataset/sensor/round7_jitter/sensor_r7.pcapng,R7,234,2342.215154647827,0.00046881294110789895,0.0008427116554230452,0.25360313057899475,0.7446773648262024,0.00040804207674227655,Sensor
/home/lmy/iot-device-classification/dataset/sensor/round7_jitter/sensor_r7.pcapng,R7,235,2350.8241539001465,1.5322797480621375e-05,7.54025722926599e-06,0.9933896064758301,0.006572804879397154,1.4770824236620683e-05,Sensor
/home/lmy/iot-device-classification/dataset/sensor/round7_jitter/sensor_r7.pcapng,R7,236,2360.0971410274506,0.0016133403405547142,0.0008219690644182265,0.11837952584028244,0.8787551522254944,0.0004299773427192122,Sensor
/home/lmy/iot-device-classification/dataset/sensor/round7_jitter/sensor_r7.pcapng,R7,237,2372.3587687015533,7.978382927831262e-05,5.077418245491572e-05,0.7657510042190552,0.233994260430336,0.0001241332502104342,Sensor
/home/lmy/iot-device-classification/dataset/sensor/round7_jitter/sensor_r7.pcapng,R7,238,2382.3716855049133,0.00010151097376365215,9.081214375328273e-05,0.7021797299385071,0.29742681980133057,0.00020108319586142898,Sensor
/home/lmy/iot-device-classification/dataset/sensor/round7_jitter/sensor_r7.pcapng,R7,239,2392.3815729618077,0.0002667670778464526,0.00020818343909922987,0.05618429183959961,0.9431724548339844,0.00016827452054712921,Sensor
/home/lmy/iot-device-classification/dataset/sensor/round7_jitter/sensor_r7.pcapng,R7,240,2402.3914427757263,0.0002369257708778605,0.00031696975929662585,0.48067569732666016,0.5184035897254944,0.00036683393409475684,Sensor
/home/lmy/iot-device-classification/dataset/sensor/round7_jitter/sensor_r7.pcapng,R7,241,2410.1356041431427,3.113528873655014e-05,5.140476787346415e-06,0.9980734586715698,0.0018790336325764656,1.124630853155395e-05,Sensor
/home/lmy/iot-device-classification/dataset/sensor/round7_jitter/sensor_r7.pcapng,R7,242,2422.41583776474,0.006236405111849308,0.0014182025333866477,0.23271077871322632,0.7593763470649719,0.0002582850574981421,Sensor
/home/lmy/iot-device-classification/dataset/sensor/round7_jitter/sensor_r7.pcapng,R7,243,2430.5975601673126,0.010402657091617584,0.013488884083926678,0.1290762722492218,0.8462674021720886,0.0007647900492884219,Sensor
/home/lmy/iot-device-classification/dataset/sensor/round7_jitter/sensor_r7.pcapng,R7,244,2442.4310977458954,4.910446295980364e-05,7.102523522917181e-05,0.8002751469612122,0.1995059996843338,9.876651165541261e-05,Sensor
/home/lmy/iot-device-classification/dataset/sensor/round7_jitter/sensor_r7.pcapng,R7,245,2450.08425116539,0.00062319147400558,0.0008811958832666278,0.10453330725431442,0.8936445116996765,0.0003177938633598387,Sensor
/home/lmy/iot-device-classification/dataset/sensor/round7_jitter/sensor_r7.pcapng,R7,246,2462.451426744461,0.0004696121031884104,0.00023034808691591024,0.0731164887547493,0.9260034561157227,0.0001801200705813244,Sensor
/home/lmy/iot-device-classification/dataset/sensor/round7_jitter/sensor_r7.pcapng,R7,247,2471.8837518692017,4.600228203344159e-05,3.4336848329985514e-05,0.9220761656761169,0.077765092253685,7.83839714131318e-05,Sensor
/home/lmy/iot-device-classification/dataset/sensor/round7_jitter/sensor_r7.pcapng,R7,248,2482.4710080623627,7.962791278259829e-05,0.0001792253606254235,0.07723376899957657,0.922335684299469,0.00017171686340589076,Sensor
/home/lmy/iot-device-classification/dataset/sensor/round7_jitter/sensor_r7.pcapng,R7,249,2492.486950159073,0.00010513217421248555,0.0003850892826449126,0.03910183534026146,0.9602521061897278,0.00015578388411086053,Sensor
/home/lmy/iot-device-classification/dataset/sensor/round7_jitter/sensor_r7.pcapng,R7,250,2500.1220903396606,1.0845400538528338e-05,3.124546492472291e-05,0.9990781545639038,0.0008601293084211648,1.9623394109657966e-05,Sensor
/home/lmy/iot-device-classification/dataset/sensor/round7_jitter/sensor_r7.pcapng,R7,251,2512.501137971878,0.0007018548203632236,0.0006363859283737838,0.059575583785772324,0.9388846755027771,0.00020150239288341254,Sensor
/home/lmy/iot-device-classification/dataset/sensor/round7_jitter/sensor_r7.pcapng,R7,252,2520.038937568665,0.00585800688713789,0.0015689238207414746,0.07364264130592346,0.9185452461242676,0.0003851699875667691,Sensor
/home/lmy/iot-device-classification/dataset/sensor/round7_jitter/sensor_r7.pcapng,R7,253,2530.438588619232,0.02820444293320179,0.00015999804600141943,0.7290447950363159,0.24239614605903625,0.0001946211705217138,Sensor
/home/lmy/iot-device-classification/dataset/sensor/round7_jitter/sensor_r7.pcapng,R7,254,2540.095355510712,0.0009657604969106615,0.00037587943370454013,0.05440453439950943,0.9440398812294006,0.00021393876522779465,Sensor
/home/lmy/iot-device-classification/dataset/sensor/round7_jitter/sensor_r7.pcapng,R7,255,2552.542927980423,0.0001546474959468469,0.00014355643361341208,0.42185449600219727,0.5774937272071838,0.00035359719186089933,Sensor
/home/lmy/iot-device-classification/dataset/sensor/round7_jitter/sensor_r7.pcapng,R7,256,2562.558024644852,1.2815953596145846e-05,2.1740584998042323e-05,0.9994739890098572,0.0004771639360114932,1.4350694982567802e-05,Sensor
/home/lmy/iot-device-classification/dataset/sensor/round7_jitter/sensor_r7.pcapng,R7,257,2571.8558757305145,0.000333508214680478,0.0005144817987456918,0.7704208493232727,0.22838091850280762,0.0003502032777760178,Sensor
/home/lmy/iot-device-classification/dataset/sensor/round7_jitter/sensor_r7.pcapng,R7,258,2582.5707819461823,0.0001809543464332819,0.00046565107186324894,0.08827181905508041,0.9106787443161011,0.00040287020965479314,Sensor
/home/lmy/iot-device-classification/dataset/sensor/round7_jitter/sensor_r7.pcapng,R7,259,2590.1339979171757,3.8640882848994806e-05,7.253192598000169e-05,0.9977279305458069,0.0021231186110526323,3.784673026530072e-05,Sensor
/home/lmy/iot-device-classification/dataset/sensor/round7_jitter/sensor_r7.pcapng,R7,260,2602.596646547317,0.0018419966800138354,0.0037503461353480816,0.2528700828552246,0.7404153943061829,0.0011221645399928093,Sensor
/home/lmy/iot-device-classification/dataset/sensor/round7_jitter/sensor_r7.pcapng,R7,261,2610.011230945587,5.3846397349843755e-05,9.818917169468477e-05,0.04602297767996788,0.9537255764007568,9.93701905827038e-05,Sensor
/home/lmy/iot-device-classification/dataset/sensor/round7_jitter/sensor_r7.pcapng,R7,262,2622.6105697155,3.411243233131245e-05,2.7515525289345533e-05,0.9625925421714783,0.03731600195169449,2.987049811054021e-05,Sensor
/home/lmy/iot-device-classification/dataset/sensor/round7_jitter/sensor_r7.pcapng,R7,263,2630.0806016922,0.004331011790782213,0.00038251676596701145,0.056673407554626465,0.9383677840232849,0.00024531283997930586,Sensor
/home/lmy/iot-device-classification/dataset/sensor/round7_jitter/sensor_r7.pcapng,R7,264,2642.630982160568,0.00014667796494904906,0.0008966326131485403,0.1450911909341812,0.8536416888237,0.00022378479479812086,Sensor
/home/lmy/iot-device-classification/dataset/sensor/round7_jitter/sensor_r7.pcapng,R7,265,2652.641815423965,0.0004087821289431304,0.00010661491978680715,0.5813826322555542,0.4179896414279938,0.00011230343079660088,Sensor
/home/lmy/iot-device-classification/dataset/sensor/round7_jitter/sensor_r7.pcapng,R7,266,2662.1720163822174,0.0006037467974238098,0.0009575099102221429,0.2514376640319824,0.7461352944374084,0.0008657622965984046,Sensor
/home/lmy/iot-device-classification/dataset/sensor/round7_jitter/sensor_r7.pcapng,R7,267,2670.5500223636627,2.7054724341724068e-05,3.7183683161856607e-05,0.022747676819562912,0.9771404266357422,4.769168663187884e-05,Sensor
/home/lmy/iot-device-classification/dataset/sensor/round7_jitter/sensor_r7.pcapng,R7,268,2680.134073972702,1.2832100765081123e-05,8.516848538420163e-06,0.9941412806510925,0.005823380779474974,1.3989313629281241e-05,Sensor
/home/lmy/iot-device-classification/dataset/sensor/round7_jitter/sensor_r7.pcapng,R7,269,2690.6080214977264,0.0003005961771123111,0.00030425313161686063,0.43720704317092896,0.5617759823799133,0.0004121444944757968,Sensor
/home/lmy/iot-device-classification/dataset/sensor/round7_jitter/sensor_r7.pcapng,R7,270,2702.6913483142853,0.00011463640112197027,0.00025923174689523876,0.12212148308753967,0.8773499727249146,0.00015471155347768217,Sensor
/home/lmy/iot-device-classification/dataset/sensor/round7_jitter/sensor_r7.pcapng,R7,271,2712.4432394504547,0.004665359854698181,0.00012357140076346695,0.786736249923706,0.20835809409618378,0.00011674818233586848,Sensor
/home/lmy/iot-device-classification/dataset/sensor/round7_jitter/sensor_r7.pcapng,R7,272,2720.0816462039948,0.012012971565127373,0.002010664436966181,0.8123388886451721,0.17265623807907104,0.0009812165517359972,Sensor
/home/lmy/iot-device-classification/dataset/sensor/round7_jitter/sensor_r7.pcapng,R7,273,2730.5505154132843,0.0002139769640052691,0.0003567224775906652,0.13086102902889252,0.8682931661605835,0.0002751504071056843,Sensor
/home/lmy/iot-device-classification/dataset/sensor/round7_jitter/sensor_r7.pcapng,R7,274,2740.1335110664368,0.00019278591207694262,0.0001183523636427708,0.911293089389801,0.08824266493320465,0.00015311171591747552,Sensor
/home/lmy/iot-device-classification/dataset/sensor/round7_jitter/sensor_r7.pcapng,R7,275,2752.739520311356,0.001002493198029697,0.0025257824454456568,0.18155725300312042,0.8143185377120972,0.000595910765696317,Sensor
/home/lmy/iot-device-classification/dataset/sensor/round7_jitter/sensor_r7.pcapng,R7,276,2762.750248193741,7.642272976227105e-05,7.618230301886797e-05,0.1979542076587677,0.8017975687980652,9.559877071296796e-05,Sensor
/home/lmy/iot-device-classification/dataset/sensor/round7_jitter/sensor_r7.pcapng,R7,277,2770.1361286640167,3.803884101216681e-05,5.051289190305397e-05,0.9419536590576172,0.057892464101314545,6.532703264383599e-05,Sensor
/home/lmy/iot-device-classification/dataset/sensor/round7_jitter/sensor_r7.pcapng,R7,278,2780.0375175476074,0.0006164874648675323,0.0013299110578373075,0.09537237882614136,0.9020466208457947,0.0006345797446556389,Sensor
/home/lmy/iot-device-classification/dataset/sensor/round7_jitter/sensor_r7.pcapng,R7,279,2790.435819864273,0.0005197747959755361,0.0005772978765890002,0.11447214335203171,0.8840414881706238,0.0003892422537319362,Sensor
/home/lmy/iot-device-classification/dataset/sensor/round7_jitter/sensor_r7.pcapng,R7,280,2800.9809832572937,1.0832465704879723e-05,2.365660111536272e-05,0.9989319443702698,0.0010126665001735091,2.0887749997200444e-05,Sensor
/home/lmy/iot-device-classification/dataset/sensor/round7_jitter/sensor_r7.pcapng,R7,281,2810.0920350551605,0.004802565090358257,0.0012340913526713848,0.6670846939086914,0.32580429315567017,0.001074354280717671,Sensor
/home/lmy/iot-device-classification/dataset/sensor/round7_jitter/sensor_r7.pcapng,R7,282,2820.1151597499847,0.0003960769681725651,0.0006409761845134199,0.2725958526134491,0.7259299755096436,0.0004370779497548938,Sensor
/home/lmy/iot-device-classification/dataset/sensor/round7_jitter/sensor_r7.pcapng,R7,283,2832.8208134174347,0.00013453085557557642,6.866709009045735e-05,0.8482975363731384,0.15139266848564148,0.00010664128785720095,Sensor
/home/lmy/iot-device-classification/dataset/sensor/round7_jitter/sensor_r7.pcapng,R7,284,2840.8277871608734,1.4839391951682046e-05,1.8369066310697235e-05,0.993895947933197,0.0060392506420612335,3.1631174351787195e-05,Sensor
/home/lmy/iot-device-classification/dataset/sensor/round7_jitter/sensor_r7.pcapng,R7,285,2852.840427875519,0.00011577360419323668,0.00029745782376267016,0.4190567135810852,0.5802750587463379,0.00025500720948912203,Sensor
/home/lmy/iot-device-classification/dataset/sensor/round7_jitter/sensor_r7.pcapng,R7,286,2860.119122982025,3.3492062357254326e-05,4.265852112439461e-05,0.9026660323143005,0.0972161516547203,4.1656192479422316e-05,Sensor
/home/lmy/iot-device-classification/dataset/sensor/round7_jitter/sensor_r7.pcapng,R7,287,2871.2596485614777,0.00011010124580934644,0.00021284409740474075,0.2680777907371521,0.7314466238021851,0.0001526404666947201,Sensor
/home/lmy/iot-device-classification/dataset/sensor/round7_jitter/sensor_r7.pcapng,R7,288,2880.4606490135197,0.052754033356904984,0.0002516134118195623,0.49529656767845154,0.45160529017448425,9.251150913769379e-05,Sensor
/home/lmy/iot-device-classification/dataset/sensor/round7_jitter/sensor_r7.pcapng,R7,289,2890.279682159424,8.44634178065462e-06,1.3295084499986842e-05,0.9976632595062256,0.002293424215167761,2.1637568352161907e-05,Sensor
/home/lmy/iot-device-classification/dataset/sensor/round7_jitter/sensor_r7.pcapng,R7,290,2900.083057165146,0.00037931656697764993,0.0004007493262179196,0.06080202758312225,0.9381253719329834,0.00029258753056637943,Sensor
/home/lmy/iot-device-classification/dataset/sensor/round7_jitter/sensor_r7.pcapng,R7,291,2912.905473947525,0.0006951503455638885,0.0005546896136365831,0.051972705870866776,0.9465718865394592,0.00020560513075906783,Sensor
/home/lmy/iot-device-classification/dataset/sensor/round7_jitter/sensor_r7.pcapng,R7,292,2923.007340192795,2.233337363577448e-05,1.2186225831101183e-05,0.9708534479141235,0.02908344194293022,2.857441177184228e-05,Sensor
/home/lmy/iot-device-classification/dataset/sensor/round7_jitter/sensor_r7.pcapng,R7,293,2932.930109024048,0.0005190014489926398,0.0005901586264371872,0.25022396445274353,0.7483898997306824,0.0002769319689832628,Sensor
/home/lmy/iot-device-classification/dataset/sensor/round7_jitter/sensor_r7.pcapng,R7,294,2940.202679872513,0.00014011481835041195,9.027928172145039e-05,0.9970694184303284,0.0026293813716620207,7.08505540387705e-05,Sensor
/home/lmy/iot-device-classification/dataset/sensor/round7_jitter/sensor_r7.pcapng,R7,295,2951.054490804672,2.0315073925303295e-05,2.0007824787171558e-05,0.9925532937049866,0.007385468576103449,2.0936529836035334e-05,Sensor
/home/lmy/iot-device-classification/dataset/sensor/round7_jitter/sensor_r7.pcapng,R7,296,2961.004620552063,0.00010810499225044623,0.00022991553123574704,0.11914832890033722,0.8802681565284729,0.0002455279172863811,Sensor
/home/lmy/iot-device-classification/dataset/sensor/round7_jitter/sensor_r7.pcapng,R7,297,2971.405692577362,0.0001483532541897148,0.00018732623721007258,0.24331887066364288,0.7560577988624573,0.000287696166196838,Sensor
/home/lmy/iot-device-classification/dataset/sensor/round7_jitter/sensor_r7.pcapng,R7,298,2980.144015073776,2.306308306287974e-05,2.1099485820741393e-05,0.9781804084777832,0.021751567721366882,2.3930087991175242e-05,Sensor
/home/lmy/iot-device-classification/dataset/sensor/round7_jitter/sensor_r7.pcapng,R7,299,2990.1032679080963,0.00010621637920849025,0.0001344069023616612,0.1260327845811844,0.8736072182655334,0.00011939927935600281,Sensor
/home/lmy/iot-device-classification/dataset/sensor/round7_jitter/sensor_r7.pcapng,R7,300,3002.609325170517,0.0017927265726029873,0.00329274102114141,0.22095277905464172,0.7734832763671875,0.00047845838707871735,Sensor
/home/lmy/iot-device-classification/dataset/sensor/round7_jitter/sensor_r7.pcapng,R7,301,3013.014033079148,3.566861050785519e-05,3.985212606494315e-05,0.9038280248641968,0.09603028744459152,6.609412957914174e-05,Sensor
/home/lmy/iot-device-classification/dataset/sensor/round7_jitter/sensor_r7.pcapng,R7,302,3023.026094675064,0.022592803463339806,0.011331193149089813,0.2949283719062805,0.6694885492324829,0.0016590935410931706,Sensor
/home/lmy/iot-device-classification/dataset/sensor/round7_jitter/sensor_r7.pcapng,R7,303,3031.273381948471,6.419431156245992e-05,0.0001037710317177698,0.07391128689050674,0.9258326888084412,8.801189687801525e-05,Sensor
/home/lmy/iot-device-classification/dataset/sensor/round7_jitter/sensor_r7.pcapng,R7,304,3040.150187969208,0.00043283012928441167,0.00044165371218696237,0.9487936496734619,0.049969498068094254,0.00036244484363123775,Sensor
/home/lmy/iot-device-classification/dataset/sensor/round7_jitter/sensor_r7.pcapng,R7,305,3053.056826591492,0.0014798439806327224,0.0002641646715346724,0.12378158420324326,0.8743963837623596,7.808298687450588e-05,Sensor
/home/lmy/iot-device-classification/dataset/sensor/round7_jitter/sensor_r7.pcapng,R7,306,3062.932056903839,0.001207642606459558,0.0007340078591369092,0.0874471440911293,0.9101627469062805,0.00044840126065537333,Sensor
/home/lmy/iot-device-classification/dataset/sensor/round7_jitter/sensor_r7.pcapng,R7,307,3071.961562156677,0.002691274043172598,0.00010521419608267024,0.8706367015838623,0.12642991542816162,0.0001369400561088696,Sensor
/home/lmy/iot-device-classification/dataset/sensor/round7_jitter/sensor_r7.pcapng,R7,308,3080.1092784404755,0.002061071339994669,0.001443127286620438,0.17712467908859253,0.8187510967254639,0.0006199704948812723,Sensor
/home/lmy/iot-device-classification/dataset/sensor/round7_jitter/sensor_r7.pcapng,R7,309,3093.1003634929657,0.00016813442925922573,5.7494125940138474e-05,0.01740950718522072,0.9823014736175537,6.33384843240492e-05,Sensor
/home/lmy/iot-device-classification/dataset/sensor/round7_jitter/sensor_r7.pcapng,R7,310,3102.9208137989044,0.00022159754007589072,0.00016411884280387312,0.893785834312439,0.10560388118028641,0.00022453490237239748,Sensor
/home/lmy/iot-device-classification/dataset/sensor/round7_jitter/sensor_r7.pcapng,R7,311,3112.8554377555847,0.005582031328231096,0.005673689302057028,0.15263231098651886,0.8356080055236816,0.0005039581446908414,Sensor
/home/lmy/iot-device-classification/dataset/sensor/round7_jitter/sensor_r7.pcapng,R7,312,3123.132077932358,0.00045451466576196253,0.00021835103689227253,0.28311657905578613,0.7160066366195679,0.0002039012615568936,Sensor
/home/lmy/iot-device-classification/dataset/sensor/round7_jitter/sensor_r7.pcapng,R7,313,3130.1556293964386,0.0001208533940371126,9.647234401199967e-05,0.9120797514915466,0.0876067578792572,9.622352081350982e-05,Sensor
/home/lmy/iot-device-classification/dataset/sensor/round7_jitter/sensor_r7.pcapng,R7,314,3143.153875350952,0.0006861442816443741,0.0005941783310845494,0.09376499801874161,0.9047385454177856,0.00021620828192681074,Sensor
/home/lmy/iot-device-classification/dataset/sensor/round7_jitter/sensor_r7.pcapng,R7,315,3152.378014564514,0.0003816284006461501,0.0006620153435505927,0.9771406650543213,0.02111939899623394,0.0006962624029256403,Sensor
/home/lmy/iot-device-classification/dataset/sensor/round7_jitter/sensor_r7.pcapng,R7,316,3163.17478466034,0.0024867600295692682,0.00026831793366000056,0.6430063247680664,0.35407397150993347,0.0001646235614316538,Sensor
/home/lmy/iot-device-classification/dataset/sensor/round7_jitter/sensor_r7.pcapng,R7,317,3170.115406513214,0.0027741417288780212,0.0046595619060099125,0.9750412106513977,0.01659608818590641,0.0009290332673117518,Sensor
/home/lmy/iot-device-classification/dataset/sensor/round7_jitter/sensor_r7.pcapng,R7,318,3181.499657392502,1.543050711916294e-05,3.2859006751095876e-05,0.9994760155677795,0.00045651220716536045,1.919624992297031e-05,Sensor
/home/lmy/iot-device-classification/dataset/sensor/round7_jitter/sensor_r7.pcapng,R7,319,3190.34375667572,0.008739112876355648,0.005633131135255098,0.673511266708374,0.31048324704170227,0.0016332505038008094,Sensor
/home/lmy/iot-device-classification/dataset/sensor/round7_jitter/sensor_r7.pcapng,R7,320,3203.2170391082764,0.00906437635421753,0.0019361054291948676,0.6307129859924316,0.35775649547576904,0.0005300544435158372,Sensor
/home/lmy/iot-device-classification/dataset/sensor/round7_jitter/sensor_r7.pcapng,R7,321,3210.6224846839905,0.00137506821192801,0.0019107561092823744,0.530384361743927,0.4653424620628357,0.000987329287454486,Sensor
/home/lmy/iot-device-classification/dataset/sensor/round7_jitter/sensor_r7.pcapng,R7,322,3220.158088207245,3.163769724778831e-05,8.891995821613818e-05,0.996817946434021,0.0030227319803088903,3.877404014929198e-05,Sensor
/home/lmy/iot-device-classification/dataset/sensor/round7_jitter/sensor_r7.pcapng,R7,323,3233.248283147812,0.0013305859174579382,0.001062445342540741,0.4357966184616089,0.5617104768753052,9.983249037759379e-05,Sensor
/home/lmy/iot-device-classification/dataset/sensor/round7_jitter/sensor_r7.pcapng,R7,324,3243.259291410446,0.000820398679934442,0.0003324519784655422,0.2123974859714508,0.7863886952400208,6.094034688430838e-05,Sensor
/home/lmy/iot-device-classification/dataset/sensor/round7_jitter/sensor_r7.pcapng,R7,325,3253.2701025009155,0.0022493542637676,0.0005700146430172026,0.6748977303504944,0.3221237063407898,0.00015922056627459824,Sensor
/home/lmy/iot-device-classification/dataset/sensor/round7_jitter/sensor_r7.pcapng,R7,326,3260.119136571884,0.0005058085080236197,0.0004732596280518919,0.569992184638977,0.4288131296634674,0.00021566389477811754,Sensor
/home/lmy/iot-device-classification/dataset/sensor/round7_jitter/sensor_r7.pcapng,R7,327,3271.5028030872345,0.001057562418282032,0.0007255797390826046,0.6242937445640564,0.37365421652793884,0.0002689388347789645,Sensor
/home/lmy/iot-device-classification/dataset/sensor/round7_jitter/sensor_r7.pcapng,R7,328,3281.3448333740234,0.14856746792793274,0.0005544224404729903,0.5459291934967041,0.30408185720443726,0.000867020629812032,Sensor
/home/lmy/iot-device-classification/dataset/sensor/round7_jitter/sensor_r7.pcapng,R7,329,3293.312098741532,0.004193831700831652,0.0028365682810544968,0.676960289478302,0.3158126175403595,0.0001967326388694346,Sensor
/home/lmy/iot-device-classification/dataset/sensor/round7_jitter/sensor_r7.pcapng,R7,330,3300.039617538452,0.00022922422795090824,0.00030689509003423154,0.1297903060913086,0.8695311546325684,0.00014236847346182913,Sensor
/home/lmy/iot-device-classification/dataset/sensor/round7_jitter/sensor_r7.pcapng,R7,331,3310.158323764801,0.23932364583015442,0.00016553733439650387,0.5261135101318359,0.23421509563922882,0.00018227497639600188,Sensor
/home/lmy/iot-device-classification/dataset/sensor/round7_jitter/sensor_r7.pcapng,R7,332,3320.8675162792206,0.010648746974766254,0.0011462393449619412,0.07242007553577423,0.9153101444244385,0.0004748301289509982,Sensor
/home/lmy/iot-device-classification/dataset/sensor/round7_jitter/sensor_r7.pcapng,R7,333,3331.2673449516296,0.0004206369922030717,0.0008079778053797781,0.6829094886779785,0.31548282504081726,0.00037909846287220716,Sensor
/home/lmy/iot-device-classification/dataset/sensor/round7_jitter/sensor_r7.pcapng,R7,334,3340.253628730774,3.8409842090914026e-05,4.794627966475673e-05,0.9975249171257019,0.0023286931682378054,6.0023110563633963e-05,Sensor
/home/lmy/iot-device-classification/dataset/sensor/round7_jitter/sensor_r7.pcapng,R7,335,3350.1231186389923,0.02927227132022381,0.0008073605131357908,0.7754701375961304,0.19393078982830048,0.0005193983088247478,Sensor
/home/lmy/iot-device-classification/dataset/sensor/round7_jitter/sensor_r7.pcapng,R7,336,3360.3881113529205,0.00708483112975955,0.002255197148770094,0.08144685626029968,0.9088826775550842,0.0003304538840893656,Sensor
/home/lmy/iot-device-classification/dataset/sensor/round7_jitter/sensor_r7.pcapng,R7,337,3370.78904247284,0.005582435056567192,0.00014889275189489126,0.9752732515335083,0.01884433627128601,0.0001510935981059447,Sensor
/home/lmy/iot-device-classification/dataset/sensor/round7_jitter/sensor_r7.pcapng,R7,338,3381.188970565796,0.005854337476193905,0.0004241506976541132,0.12533700466156006,0.8679853677749634,0.0003991711710114032,Sensor
/home/lmy/iot-device-classification/dataset/sensor/round7_jitter/sensor_r7.pcapng,R7,339,3391.462291955948,9.194616723107174e-05,0.0001267282641492784,0.1095455214381218,0.8900789618492126,0.000156790716573596,Sensor
/home/lmy/iot-device-classification/dataset/sensor/round7_jitter/sensor_r7.pcapng,R7,340,3400.167203426361,0.0006272699683904648,0.00010247196769341826,0.8647773265838623,0.13433869183063507,0.0001542484969832003,Sensor
/home/lmy/iot-device-classification/dataset/sensor/round7_jitter/sensor_r7.pcapng,R7,341,3411.492705345154,0.0003762963751796633,0.0002219189627794549,0.21505773067474365,0.7841624617576599,0.0001815289433579892,Sensor
/home/lmy/iot-device-classification/dataset/sensor/round7_jitter/sensor_r7.pcapng,R7,342,3420.7111711502075,0.012328335084021091,0.006039197091013193,0.1813189536333084,0.7997459173202515,0.0005675378488376737,Sensor
/home/lmy/iot-device-classification/dataset/sensor/round7_jitter/sensor_r7.pcapng,R7,343,3431.11168551445,0.00016814444097690284,0.00010076796024804935,0.9495108127593994,0.0501011423766613,0.00011908328451681882,Sensor
/home/lmy/iot-device-classification/dataset/sensor/round7_jitter/sensor_r7.pcapng,R7,344,3440.128246307373,0.00014838302740827203,0.00031345398747362196,0.14236629009246826,0.8569916486740112,0.00018021972209680825,Sensor
/home/lmy/iot-device-classification/dataset/sensor/round7_jitter/sensor_r7.pcapng,R7,345,3451.913172483444,0.00015454486128874123,0.0004543110553640872,0.2554458975791931,0.743621289730072,0.0003239892248529941,Sensor
/home/lmy/iot-device-classification/dataset/sensor/round7_jitter/sensor_r7.pcapng,R7,346,3460.1693267822266,0.00011087458551628515,3.138460670015775e-05,0.7187079191207886,0.28107085824012756,7.893205474829301e-05,Sensor
/home/lmy/iot-device-classification/dataset/sensor/round7_jitter/sensor_r7.pcapng,R7,347,3473.500964641571,0.00014635002298746258,0.0001665066520217806,0.06021315976977348,0.9392557740211487,0.00021816637308802456,Sensor
/home/lmy/iot-device-classification/dataset/sensor/round7_jitter/sensor_r7.pcapng,R7,348,3483.5110857486725,0.00015315810742322356,0.0002792433078866452,0.15757162868976593,0.8417574763298035,0.00023849551507737488,Sensor
/home/lmy/iot-device-classification/dataset/sensor/round7_jitter/sensor_r7.pcapng,R7,349,3493.520969390869,2.704769212868996e-05,2.811804188240785e-05,0.9577925801277161,0.04211486876010895,3.736930375453085e-05,Sensor
/home/lmy/iot-device-classification/dataset/sensor/round7_jitter/sensor_r7.pcapng,R7,350,3503.531856775284,0.0017019044607877731,0.0011534939985722303,0.3446464538574219,0.652031660079956,0.00046653090976178646,Sensor
/home/lmy/iot-device-classification/dataset/sensor/round7_jitter/sensor_r7.pcapng,R7,351,3510.1567027568817,0.0010430788388475776,0.0006808312027715147,0.07972444593906403,0.9182425737380981,0.00030907627660781145,Sensor
/home/lmy/iot-device-classification/dataset/sensor/round7_jitter/sensor_r7.pcapng,R7,352,3520.554322719574,0.0001267204206669703,0.00012131908442825079,0.9323421716690063,0.06728807091712952,0.00012169127876404673,Sensor
/home/lmy/iot-device-classification/dataset/sensor/round7_jitter/sensor_r7.pcapng,R7,353,3530.1177382469177,0.0006901636370457709,0.0004298948042560369,0.11036011576652527,0.8882195949554443,0.00030026305466890335,Sensor
/home/lmy/iot-device-classification/dataset/sensor/round7_jitter/sensor_r7.pcapng,R7,354,3543.435093641281,0.00014105644368100911,0.0003993552818428725,0.07812587171792984,0.9209195971488953,0.0004140548990108073,Sensor
/home/lmy/iot-device-classification/dataset/sensor/round7_jitter/sensor_r7.pcapng,R7,355,3551.2173449993134,0.01277555525302887,0.005704819690436125,0.6704126596450806,0.30944815278053284,0.0016588092548772693,Sensor
/home/lmy/iot-device-classification/dataset/sensor/round7_jitter/sensor_r7.pcapng,R7,356,3560.0760374069214,0.006724282167851925,0.0006856700638309121,0.06073787808418274,0.931430995464325,0.0004211969207972288,Sensor
/home/lmy/iot-device-classification/dataset/sensor/round7_jitter/sensor_r7.pcapng,R7,357,3570.475654363632,0.00014375304454006255,0.0009306783904321492,0.04149002954363823,0.9571544528007507,0.00028111011488363147,Sensor
/home/lmy/iot-device-classification/dataset/sensor/round7_jitter/sensor_r7.pcapng,R7,358,3580.1730337142944,0.00583223719149828,0.0020384376402944326,0.8042944073677063,0.1868593990802765,0.0009755187784321606,Sensor
/home/lmy/iot-device-classification/dataset/sensor/round7_jitter/sensor_r7.pcapng,R7,359,3590.549624919892,0.006605881731957197,0.0007911258144304156,0.5892558693885803,0.4030418395996094,0.0003052768006455153,Sensor
/home/lmy/iot-device-classification/dataset/sensor/round7_jitter/sensor_r7.pcapng,R7,360,3601.676637172699,0.0007679613190703094,0.0010269918711856008,0.14806747436523438,0.8496226072311401,0.0005149050266481936,Sensor
/home/lmy/iot-device-classification/dataset/sensor/round7_jitter/sensor_r7.pcapng,R7,361,3611.978591918945,2.5596256818971597e-05,2.500930531823542e-05,0.9763063788414001,0.02361813746392727,2.491087798262015e-05,Sensor
/home/lmy/iot-device-classification/dataset/sensor/round7_jitter/sensor_r7.pcapng,R7,362,3620.132485866546,0.0006344172870740294,0.0010887536918744445,0.25337347388267517,0.7442808151245117,0.0006225097458809614,Sensor
/home/lmy/iot-device-classification/dataset/sensor/round7_jitter/sensor_r7.pcapng,R7,363,3632.878182888031,0.006903748493641615,0.0064981356263160706,0.15484607219696045,0.831240713596344,0.0005112675717100501,Sensor
/home/lmy/iot-device-classification/dataset/sensor/round7_jitter/sensor_r7.pcapng,R7,364,3643.2783296108246,0.0043456535786390305,0.00015109141531866044,0.9232643246650696,0.07209820300340652,0.00014074178761802614,Sensor
/home/lmy/iot-device-classification/dataset/sensor/round7_jitter/sensor_r7.pcapng,R7,365,3650.951297521591,0.0019276496022939682,0.00012607971439138055,0.21979275345802307,0.7780476808547974,0.0001058162742992863,Sensor
/home/lmy/iot-device-classification/dataset/sensor/round7_jitter/sensor_r7.pcapng,R7,366,3661.151781797409,0.0002060592669295147,0.00010692386422306299,0.12606222927570343,0.8735114932060242,0.00011327646643621847,Sensor
/home/lmy/iot-device-classification/dataset/sensor/round7_jitter/sensor_r7.pcapng,R7,367,3670.17576789856,2.4698591005289927e-05,9.079772098630201e-06,0.9748697280883789,0.02507755719125271,1.8930006262962706e-05,Sensor
/home/lmy/iot-device-classification/dataset/sensor/round7_jitter/sensor_r7.pcapng,R7,368,3680.719017744064,0.007250689435750246,0.005877950228750706,0.14198707044124603,0.8443754315376282,0.0005088598700240254,Sensor
/home/lmy/iot-device-classification/dataset/sensor/round7_jitter/sensor_r7.pcapng,R7,369,3693.727308988571,0.0008223021868616343,0.000576843973249197,0.5740564465522766,0.42430683970451355,0.00023753482673782855,Sensor
/home/lmy/iot-device-classification/dataset/sensor/round7_jitter/sensor_r7.pcapng,R7,370,3700.352776765824,9.6110139566008e-05,5.7046101574087515e-05,0.8826092481613159,0.1171511560678482,8.640196756459773e-05,Sensor
/home/lmy/iot-device-classification/dataset/sensor/round7_jitter/sensor_r7.pcapng,R7,371,3710.122353553772,0.0007851119735278189,0.0015074630500748754,0.11542688310146332,0.8818947076797485,0.0003858613781630993,Sensor
/home/lmy/iot-device-classification/dataset/sensor/round7_jitter/sensor_r7.pcapng,R7,372,3723.7589592933655,0.001769411494024098,0.0005446447758004069,0.2876487970352173,0.7099494934082031,8.760420314501971e-05,Sensor
/home/lmy/iot-device-classification/dataset/sensor/round7_jitter/sensor_r7.pcapng,R7,373,3733.768208265305,0.005932829342782497,0.0002584921021480113,0.5848854184150696,0.40873095393180847,0.00019228564633522183,Sensor
/home/lmy/iot-device-classification/dataset/sensor/round7_jitter/sensor_r7.pcapng,R7,374,3740.6030192375183,0.0010216336231678724,0.0007554705953225493,0.14600616693496704,0.8517809510231018,0.0004357903671916574,Sensor
/home/lmy/iot-device-classification/dataset/sensor/round7_jitter/sensor_r7.pcapng,R7,375,3753.555546283722,0.013098658062517643,0.0001710220822133124,0.19764187932014465,0.7889974117279053,9.105090430239215e-05,Sensor
/home/lmy/iot-device-classification/dataset/sensor/round7_jitter/sensor_r7.pcapng,R7,376,3760.180025577545,0.00011759409244405106,6.687523273285478e-05,0.7215059995651245,0.2782285511493683,8.099686237983406e-05,Sensor
/home/lmy/iot-device-classification/dataset/sensor/round7_jitter/sensor_r7.pcapng,R7,377,3773.810189962387,0.007561506703495979,0.0016069457633420825,0.1544457972049713,0.8360802531242371,0.00030550197698175907,Sensor
/home/lmy/iot-device-classification/dataset/sensor/round7_jitter/sensor_r7.pcapng,R7,378,3780.562053442001,1.835433067753911e-05,3.150567863485776e-05,0.9990413784980774,0.0008836349006742239,2.515994492569007e-05,Sensor
/home/lmy/iot-device-classification/dataset/sensor/round7_jitter/sensor_r7.pcapng,R7,379,3790.4945962429047,0.0001883460208773613,8.903592970455065e-05,0.9973340034484863,0.002333021489903331,5.561824582400732e-05,Sensor
/home/lmy/iot-device-classification/dataset/sensor/round7_jitter/sensor_r7.pcapng,R7,380,3800.136612653732,0.0014071646146476269,0.0004245455493219197,0.13101987540721893,0.866815447807312,0.0003329615283291787,Sensor
/home/lmy/iot-device-classification/dataset/sensor/round7_jitter/sensor_r7.pcapng,R7,381,3811.965487480164,0.0004596631624735892,0.00023481283278670162,0.3003275692462921,0.6988759636878967,0.00010199566168012097,Sensor
/home/lmy/iot-device-classification/dataset/sensor/round7_jitter/sensor_r7.pcapng,R7,382,3822.16396856308,2.3937665901030414e-05,2.9575652661151253e-05,0.9867554306983948,0.013157742097973824,3.3325883123325184e-05,Sensor
/home/lmy/iot-device-classification/dataset/sensor/round7_jitter/sensor_r7.pcapng,R7,383,3831.0286219120026,0.004866126459091902,0.0019399893935769796,0.698123574256897,0.2948431670665741,0.0002271444391226396,Sensor
/home/lmy/iot-device-classification/dataset/sensor/round7_jitter/sensor_r7.pcapng,R7,384,3840.088383197784,0.0002013666817219928,0.0002210032835137099,0.11671663075685501,0.8827381730079651,0.0001228579640155658,Sensor
/home/lmy/iot-device-classification/dataset/sensor/round7_jitter/sensor_r7.pcapng,R7,385,3851.0245022773743,0.0007748038624413311,0.000285466288914904,0.4716724455356598,0.5270480513572693,0.00021925094188190997,Sensor
/home/lmy/iot-device-classification/dataset/sensor/round7_jitter/sensor_r7.pcapng,R7,386,3863.902297973633,0.009617566131055355,0.00221930886618793,0.6497989892959595,0.3378332555294037,0.0005308905965648592,Sensor
/home/lmy/iot-device-classification/dataset/sensor/round7_jitter/sensor_r7.pcapng,R7,387,3870.168669700623,0.0017708118539303541,0.0005325929378159344,0.28128373622894287,0.7163272500038147,8.566570613766089e-05,Sensor
/home/lmy/iot-device-classification/dataset/sensor/round7_jitter/sensor_r7.pcapng,R7,388,3880.4043288230896,0.0068288324400782585,0.0008829444996081293,0.21176081895828247,0.7796176671981812,0.0009097593137994409,Sensor
/home/lmy/iot-device-classification/dataset/sensor/round7_jitter/sensor_r7.pcapng,R7,389,3890.1381511688232,0.00031027820659801364,0.0007278289995156229,0.05243823677301407,0.9462708830833435,0.00025279121473431587,Sensor
/home/lmy/iot-device-classification/dataset/sensor/round7_jitter/sensor_r7.pcapng,R7,390,3903.9453997612,0.004758097697049379,0.00017882761312648654,0.1582123190164566,0.8367418646812439,0.00010891304555116221,Sensor
/home/lmy/iot-device-classification/dataset/sensor/round7_jitter/sensor_r7.pcapng,R7,391,3912.4670226573935,0.013817522674798965,6.170220876811072e-05,0.9341988563537598,0.05183429643511772,8.757032628636807e-05,Sensor
/home/lmy/iot-device-classification/dataset/sensor/round7_jitter/sensor_r7.pcapng,R7,392,3923.4667875766754,0.001208533183671534,0.0009586222004145384,0.42411544919013977,0.5736209154129028,9.645982208894566e-05,Sensor
/home/lmy/iot-device-classification/dataset/sensor/round7_jitter/sensor_r7.pcapng,R7,393,3933.973921775818,0.00041707290802150965,0.00037176156183704734,0.24538585543632507,0.7536332607269287,0.00019207292643841356,Sensor
/home/lmy/iot-device-classification/dataset/sensor/round7_jitter/sensor_r7.pcapng,R7,394,3942.805040359497,3.911619205609895e-05,4.24219761043787e-05,0.7796668410301208,0.2201841026544571,6.752892659278587e-05,Sensor
/home/lmy/iot-device-classification/dataset/sensor/round7_jitter/sensor_r7.pcapng,R7,395,3953.994357347488,0.002572129014879465,0.0004944059764966369,0.28631094098091125,0.710533857345581,8.866497955750674e-05,Sensor
/home/lmy/iot-device-classification/dataset/sensor/round7_jitter/sensor_r7.pcapng,R7,396,3963.606112241745,0.00025052239652723074,0.00024985813070088625,0.05813523009419441,0.941087543964386,0.0002768081321846694,Sensor
/home/lmy/iot-device-classification/dataset/sensor/round7_jitter/sensor_r7.pcapng,R7,397,3971.9652848243713,6.681216473225504e-05,8.387638081330806e-05,0.9506452679634094,0.04908742383122444,0.00011664700286928564,Sensor
/home/lmy/iot-device-classification/dataset/sensor/round7_jitter/sensor_r7.pcapng,R7,398,3980.139273881912,0.01207018457353115,0.0023460143711417913,0.5985323786735535,0.38566768169403076,0.001383690512739122,Sensor
/home/lmy/iot-device-classification/dataset/socket/round7_jitter/socket_r7.pcapng,R7,0,0.0,0.003374954918399453,2.3290729586733505e-05,2.381178637733683e-05,0.00017959268006961793,0.9963983297348022,Socket
/home/lmy/iot-device-classification/dataset/socket/round7_jitter/socket_r7.pcapng,R7,1,13.284010410308838,0.0014629182405769825,1.4660284250567202e-05,0.001340365968644619,0.000259811436990276,0.9969221949577332,Socket
/home/lmy/iot-device-classification/dataset/socket/round7_jitter/socket_r7.pcapng,R7,2,20.160518646240234,0.0013853131094947457,1.869151856226381e-05,0.00013566407142207026,0.00014402237138710916,0.9983162879943848,Socket
/home/lmy/iot-device-classification/dataset/socket/round7_jitter/socket_r7.pcapng,R7,3,30.02814292907715,0.0017287734663113952,4.2487743485253304e-05,0.0001755697012413293,0.00036813991027884185,0.9976850748062134,Socket
/home/lmy/iot-device-classification/dataset/socket/round7_jitter/socket_r7.pcapng,R7,4,40.55658006668091,0.00039635549183003604,4.571413228404708e-05,3.0209721444407478e-05,0.00014457266661338508,0.9993830919265747,Socket
/home/lmy/iot-device-classification/dataset/socket/round7_jitter/socket_r7.pcapng,R7,5,52.83029961585999,0.001266280421987176,1.2136204531998374e-05,0.002073554089292884,6.830936763435602e-05,0.9965797066688538,Socket
/home/lmy/iot-device-classification/dataset/socket/round7_jitter/socket_r7.pcapng,R7,6,60.09580159187317,0.0003124823560938239,1.8309050574316643e-05,0.01957865245640278,0.0005311854765750468,0.9795593023300171,Socket
/home/lmy/iot-device-classification/dataset/socket/round7_jitter/socket_r7.pcapng,R7,7,71.36890172958374,0.0013142779935151339,2.1467152691911906e-05,0.00040487974183633924,0.0001347060315310955,0.9981246590614319,Socket
/home/lmy/iot-device-classification/dataset/socket/round7_jitter/socket_r7.pcapng,R7,8,80.04956579208374,0.0017949637258425355,1.8410715711070225e-05,0.0011678609298542142,7.090152212185785e-05,0.9969478249549866,Socket
/home/lmy/iot-device-classification/dataset/socket/round7_jitter/socket_r7.pcapng,R7,9,90.14843773841858,0.0030534123070538044,3.032827407878358e-05,0.000616351724602282,0.00021675313473679125,0.99608314037323,Socket
/home/lmy/iot-device-classification/dataset/socket/round7_jitter/socket_r7.pcapng,R7,10,100.76203083992004,0.0009977096924558282,1.242055805050768e-05,0.00010423763887956738,9.955763380276039e-05,0.9987860321998596,Socket
/home/lmy/iot-device-classification/dataset/socket/round7_jitter/socket_r7.pcapng,R7,11,110.53844714164734,0.0013042900245636702,1.4090671356825624e-05,0.0013794058468192816,0.0001320141600444913,0.9971702694892883,Socket
/home/lmy/iot-device-classification/dataset/socket/round7_jitter/socket_r7.pcapng,R7,12,120.30906939506532,0.002882263856008649,3.4678469091886654e-05,3.298569572507404e-05,0.0006290050223469734,0.9964210987091064,Socket
/home/lmy/iot-device-classification/dataset/socket/round7_jitter/socket_r7.pcapng,R7,13,132.40870547294617,0.0004322058812249452,7.005672523519024e-05,0.00036418874515220523,0.0008403352694585919,0.9982932209968567,Socket
/home/lmy/iot-device-classification/dataset/socket/round7_jitter/socket_r7.pcapng,R7,14,140.0473928451538,0.0011616359697654843,1.3345798834052403e-05,0.0002982258447445929,0.00010757016571005806,0.9984191656112671,Socket
/home/lmy/iot-device-classification/dataset/socket/round7_jitter/socket_r7.pcapng,R7,15,150.21586179733276,0.003346041776239872,3.3486561733298004e-05,5.5926208005985245e-05,0.00038933675386942923,0.9961751699447632,Socket
/home/lmy/iot-device-classification/dataset/socket/round7_jitter/socket_r7.pcapng,R7,16,160.65921759605408,0.0005185708869248629,1.8089927834807895e-05,7.320086297113448e-05,0.0006240605725906789,0.9987660646438599,Socket
/home/lmy/iot-device-classification/dataset/socket/round7_jitter/socket_r7.pcapng,R7,17,173.5843870639801,0.0011674590641632676,3.917658978025429e-05,1.8467859263182618e-05,0.00016226466686930507,0.998612642288208,Socket
/home/lmy/iot-device-classification/dataset/socket/round7_jitter/socket_r7.pcapng,R7,18,180.26704287528992,0.0030404527205973864,2.4540988306398503e-05,3.775455115828663e-05,0.00030381063697859645,0.9965934157371521,Socket
/home/lmy/iot-device-classification/dataset/socket/round7_jitter/socket_r7.pcapng,R7,19,192.21035242080688,0.0013072318397462368,1.4615322470490355e-05,0.0018461208092048764,8.269814134109765e-05,0.9967494010925293,Socket
/home/lmy/iot-device-classification/dataset/socket/round7_jitter/socket_r7.pcapng,R7,20,201.99455904960632,0.00030161801259964705,1.7153281078208238e-05,0.043274953961372375,9.622636571293697e-05,0.9563100337982178,Socket
/home/lmy/iot-device-classification/dataset/socket/round7_jitter/socket_r7.pcapng,R7,21,210.21238374710083,0.0031624003313481808,1.4980505511630327e-05,0.00010422201012261212,0.0008564165909774601,0.9958620071411133,Socket
/home/lmy/iot-device-classification/dataset/socket/round7_jitter/socket_r7.pcapng,R7,22,220.0023217201233,0.0016596222994849086,1.3704595403396524e-05,0.002543075243011117,6.372253119479865e-05,0.995719850063324,Socket
/home/lmy/iot-device-classification/dataset/socket/round7_jitter/socket_r7.pcapng,R7,23,233.06533789634705,0.0010878840694203973,1.810717185435351e-05,0.002015036065131426,9.392100037075579e-05,0.996785044670105,Socket
/home/lmy/iot-device-classification/dataset/socket/round7_jitter/socket_r7.pcapng,R7,24,240.0598316192627,0.003153706667944789,2.3476544811273925e-05,3.577697862056084e-05,0.0008528787875548005,0.9959341287612915,Socket
/home/lmy/iot-device-classification/dataset/socket/round7_jitter/socket_r7.pcapng,R7,25,253.0870816707611,0.0013972175074741244,1.4446899513131939e-05,0.00017331013805232942,0.00021377262601163238,0.9982012510299683,Socket
/home/lmy/iot-device-classification/dataset/socket/round7_jitter/socket_r7.pcapng,R7,26,260.7062819004059,0.0007433838909491897,2.5531009669066407e-05,0.0002148490893887356,0.0007361182360909879,0.9982801675796509,Socket
/home/lmy/iot-device-classification/dataset/socket/round7_jitter/socket_r7.pcapng,R7,27,270.31072902679443,0.001023038406856358,6.310906610451639e-05,1.6654406863381155e-05,0.00034704693825915456,0.9985501170158386,Socket
/home/lmy/iot-device-classification/dataset/socket/round7_jitter/socket_r7.pcapng,R7,28,280.0003206729889,0.0006328807212412357,2.8125065000494942e-05,0.0005736126331612468,0.000427098770160228,0.9983382225036621,Socket
/home/lmy/iot-device-classification/dataset/socket/round7_jitter/socket_r7.pcapng,R7,29,293.6763362884521,0.001882416196167469,1.4684666894027032e-05,0.0003255750925745815,0.0002734634617809206,0.9975038170814514,Socket
/home/lmy/iot-device-classification/dataset/socket/round7_jitter/socket_r7.pcapng,R7,30,300.3691473007202,0.0029438824858516455,2.430036329315044e-05,6.713949551340193e-05,0.0005575428367592394,0.9964070916175842,Socket
/home/lmy/iot-device-classification/dataset/socket/round7_jitter/socket_r7.pcapng,R7,31,311.97808861732483,0.0009239321807399392,1.7008062059176154e-05,0.0016781289596110582,0.00020281081378925592,0.9971780776977539,Socket
/home/lmy/iot-device-classification/dataset/socket/round7_jitter/socket_r7.pcapng,R7,32,320.6372022628784,0.001581500400789082,1.628085556149017e-05,0.0001392920094076544,0.0001620775874471292,0.9981008172035217,Socket
/home/lmy/iot-device-classification/dataset/socket/round7_jitter/socket_r7.pcapng,R7,33,330.4110929965973,0.0029138552490621805,3.907609425368719e-05,2.5183509933413006e-05,0.000912977906409651,0.9961089491844177,Socket
/home/lmy/iot-device-classification/dataset/socket/round7_jitter/socket_r7.pcapng,R7,34,342.4171235561371,0.0005598020507022738,1.692413934506476e-05,0.01948321796953678,9.590775880496949e-05,0.9798440933227539,Socket
/home/lmy/iot-device-classification/dataset/socket/round7_jitter/socket_r7.pcapng,R7,35,353.885767698288,0.001992287812754512,1.960343615792226e-05,0.002178696682676673,0.00016213498020078987,0.9956472516059875,Socket
/home/lmy/iot-device-classification/dataset/socket/round7_jitter/socket_r7.pcapng,R7,36,360.0475800037384,0.003247236367315054,3.457642378634773e-05,4.3980442569591105e-05,0.00025891666882671416,0.9964152574539185,Socket
/home/lmy/iot-device-classification/dataset/socket/round7_jitter/socket_r7.pcapng,R7,37,373.72812485694885,0.0014854936162009835,1.9550965589587577e-05,0.0012995526194572449,0.00013928230328019708,0.9970561265945435,Socket
/home/lmy/iot-device-classification/dataset/socket/round7_jitter/socket_r7.pcapng,R7,38,380.4887640476227,0.001757631660439074,2.494367799954489e-05,6.13092997809872e-05,0.00012050873192492872,0.9980356097221375,Socket
/home/lmy/iot-device-classification/dataset/socket/round7_jitter/socket_r7.pcapng,R7,39,390.0764033794403,0.002848690375685692,1.9092798538622446e-05,4.339510633144528e-05,0.000658531382214278,0.9964303374290466,Socket
/home/lmy/iot-device-classification/dataset/socket/round7_jitter/socket_r7.pcapng,R7,40,400.11828804016113,0.0014146636240184307,1.755162338668015e-05,0.0014147115871310234,9.842569852480665e-05,0.9970546960830688,Socket
/home/lmy/iot-device-classification/dataset/socket/round7_jitter/socket_r7.pcapng,R7,41,413.7427484989166,0.001323710777796805,1.9218208763049915e-05,0.00015999107563402504,0.001675222534686327,0.9968218803405762,Socket
/home/lmy/iot-device-classification/dataset/socket/round7_jitter/socket_r7.pcapng,R7,42,420.4322428703308,0.003194680903106928,2.2830232410342433e-05,5.903920828131959e-05,0.00032687504426576197,0.9963966012001038,Socket
/home/lmy/iot-device-classification/dataset/socket/round7_jitter/socket_r7.pcapng,R7,43,433.8288862705231,0.0010965093970298767,1.5245303075062111e-05,0.00014313930296339095,0.00019848319061566144,0.9985465407371521,Socket
/home/lmy/iot-device-classification/dataset/socket/round7_jitter/socket_r7.pcapng,R7,44,441.45176219940186,0.0011954307556152344,1.5432242435053922e-05,0.0012947990326210856,0.000131171676912345,0.9973631501197815,Socket
/home/lmy/iot-device-classification/dataset/socket/round7_jitter/socket_r7.pcapng,R7,45,450.4780278205872,0.003102850168943405,2.6895653718383983e-05,7.326959894271567e-05,0.00040830328362062573,0.9963886737823486,Socket
/home/lmy/iot-device-classification/dataset/socket/round7_jitter/socket_r7.pcapng,R7,46,460.5752778053284,0.0012669474817812443,1.6251808119704947e-05,0.0030874533113092184,7.392570114461705e-05,0.9955554604530334,Socket
/home/lmy/iot-device-classification/dataset/socket/round7_jitter/socket_r7.pcapng,R7,47,472.4279186725617,0.001068210112862289,5.0705650210147724e-05,2.258455424453132e-05,6.150334229459986e-05,0.9987969398498535,Socket
/home/lmy/iot-device-classification/dataset/socket/round7_jitter/socket_r7.pcapng,R7,48,480.4249401092529,0.0030724084936082363,6.318172381725162e-05,8.73195403983118e-06,0.000524254865013063,0.9963313937187195,Socket
/home/lmy/iot-device-classification/dataset/socket/round7_jitter/socket_r7.pcapng,R7,49,490.62082147598267,0.0016289445338770747,2.0595833120751195e-05,6.152809510240331e-05,0.0001442971552023664,0.9981446266174316,Socket
/home/lmy/iot-device-classification/dataset/socket/round7_jitter/socket_r7.pcapng,R7,50,500.34866976737976,0.0011737243039533496,1.1106389138149098e-05,0.0001473715965403244,0.0002226575743407011,0.9984452128410339,Socket
/home/lmy/iot-device-classification/dataset/socket/round7_jitter/socket_r7.pcapng,R7,51,510.58496260643005,0.003198643447831273,2.447760198265314e-05,1.866506863734685e-05,0.0003166038077324629,0.9964415431022644,Socket
/home/lmy/iot-device-classification/dataset/socket/round7_jitter/socket_r7.pcapng,R7,52,522.7628893852234,0.001017609378322959,2.114023118338082e-05,0.0009448494529351592,0.00010741477308329195,0.9979090690612793,Socket
/home/lmy/iot-device-classification/dataset/socket/round7_jitter/socket_r7.pcapng,R7,53,530.0235641002655,0.0012640341883525252,2.4064827812253498e-05,7.128832658054307e-05,5.60915214009583e-05,0.998584508895874,Socket
/home/lmy/iot-device-classification/dataset/socket/round7_jitter/socket_r7.pcapng,R7,54,540.6282842159271,0.0029487318824976683,2.2862095647724345e-05,4.212693602312356e-05,0.0004942297819070518,0.9964920878410339,Socket
/home/lmy/iot-device-classification/dataset/socket/round7_jitter/socket_r7.pcapng,R7,55,551.5188744068146,0.0013642896665260196,1.6977190171019174e-05,8.323910878971219e-05,0.000126071332488209,0.9984094500541687,Socket
/home/lmy/iot-device-classification/dataset/socket/round7_jitter/socket_r7.pcapng,R7,56,563.8879191875458,0.001332932384684682,2.2455049474956468e-05,0.00018758112855721265,0.0002638822188600898,0.9981932044029236,Socket
/home/lmy/iot-device-classification/dataset/socket/round7_jitter/socket_r7.pcapng,R7,57,570.0182688236237,0.0030962377786636353,2.1694038878194988e-05,3.496767385513522e-05,0.0007439465261995792,0.9961031675338745,Socket
/home/lmy/iot-device-classification/dataset/socket/round7_jitter/socket_r7.pcapng,R7,58,581.9984583854675,0.0012055911356583238,1.8787995941238478e-05,0.0019314187811687589,0.0001429132098564878,0.9967013001441956,Socket
/home/lmy/iot-device-classification/dataset/socket/round7_jitter/socket_r7.pcapng,R7,59,590.5259881019592,0.001531675225123763,1.5012206858955324e-05,0.0022114741150289774,8.100938430288807e-05,0.9961608648300171,Socket
/home/lmy/iot-device-classification/dataset/socket/round7_jitter/socket_r7.pcapng,R7,60,600.6245274543762,0.00034399039577692747,2.3990889530978166e-05,0.009311473928391933,0.0006579041946679354,0.9896626472473145,Socket
/home/lmy/iot-device-classification/dataset/socket/round7_jitter/socket_r7.pcapng,R7,61,612.2548925876617,0.00037147459806874394,3.3229800465051085e-05,0.025383461266756058,0.00012600942864082754,0.974085807800293,Socket
/home/lmy/iot-device-classification/dataset/socket/round7_jitter/socket_r7.pcapng,R7,62,623.2409102916718,0.00043083514901809394,3.588656909414567e-05,0.00018497018027119339,0.0001548401778563857,0.9991934895515442,Socket
/home/lmy/iot-device-classification/dataset/socket/round7_jitter/socket_r7.pcapng,R7,63,630.0554504394531,0.002622005296871066,2.6118312234757468e-05,0.000370341440429911,0.0003568321408238262,0.9966247081756592,Socket
/home/lmy/iot-device-classification/dataset/socket/round7_jitter/socket_r7.pcapng,R7,64,642.0067977905273,0.0018171709962189198,1.3925957318861037e-05,0.0015079537406563759,0.00010732914233813062,0.9965536594390869,Socket
/home/lmy/iot-device-classification/dataset/socket/round7_jitter/socket_r7.pcapng,R7,65,653.394394159317,0.0013528845738619566,1.333124873781344e-05,0.002344956621527672,0.0002707880921661854,0.9960179924964905,Socket
/home/lmy/iot-device-classification/dataset/socket/round7_jitter/socket_r7.pcapng,R7,66,660.6946713924408,0.0027409095782786608,3.88519219995942e-05,3.2497184292878956e-05,0.0003440937725827098,0.996843695640564,Socket
/home/lmy/iot-device-classification/dataset/socket/round7_jitter/socket_r7.pcapng,R7,67,673.9929416179657,0.0009005431202240288,2.7225754820392467e-05,0.0010227004531770945,6.201846554176882e-05,0.9979875087738037,Socket
/home/lmy/iot-device-classification/dataset/socket/round7_jitter/socket_r7.pcapng,R7,68,681.2563014030457,0.0010412492556497455,1.9281429558759555e-05,9.447278716834262e-05,0.00011560595885384828,0.998729407787323,Socket
/home/lmy/iot-device-classification/dataset/socket/round7_jitter/socket_r7.pcapng,R7,69,690.8454053401947,0.0031129370909184217,3.1370273063657805e-05,1.0029449185822159e-05,0.0016633670311421156,0.9951823353767395,Socket
/home/lmy/iot-device-classification/dataset/socket/round7_jitter/socket_r7.pcapng,R7,70,700.8140861988068,0.00037293919012881815,2.2052812710171565e-05,0.0004631672636605799,0.0006281557725742459,0.9985136389732361,Socket
/home/lmy/iot-device-classification/dataset/socket/round7_jitter/socket_r7.pcapng,R7,71,714.1147255897522,0.0007033648435026407,4.0461858588969335e-05,0.0010068737901747227,0.00018282071687281132,0.9980664849281311,Socket
/home/lmy/iot-device-classification/dataset/socket/round7_jitter/socket_r7.pcapng,R7,72,720.8032848834991,0.003276586066931486,1.7686385035631247e-05,0.001024195458739996,0.0004829327517654747,0.995198667049408,Socket
/home/lmy/iot-device-classification/dataset/socket/round7_jitter/socket_r7.pcapng,R7,73,731.8130819797516,0.0013685340527445078,1.2472835805965587e-05,0.00016249371401499957,0.0006708602886646986,0.9977855682373047,Socket
/home/lmy/iot-device-classification/dataset/socket/round7_jitter/socket_r7.pcapng,R7,74,740.8521254062653,0.00025116646429523826,3.966423901147209e-05,0.0006248597637750208,0.0005530462367460132,0.9985312223434448,Socket
/home/lmy/iot-device-classification/dataset/socket/round7_jitter/socket_r7.pcapng,R7,75,750.007915019989,0.003716278588399291,2.1257224943838082e-05,5.542733197216876e-05,0.0006069294176995754,0.9956001043319702,Socket
/home/lmy/iot-device-classification/dataset/socket/round7_jitter/socket_r7.pcapng,R7,76,762.9882788658142,0.0009444711031392217,1.716371116344817e-05,0.0021946618799120188,7.306869520107284e-05,0.9967706203460693,Socket
/home/lmy/iot-device-classification/dataset/socket/round7_jitter/socket_r7.pcapng,R7,77,771.1082229614258,0.001321500982157886,1.694482307357248e-05,0.0023909115698188543,8.587271440774202e-05,0.996184766292572,Socket
/home/lmy/iot-device-classification/dataset/socket/round7_jitter/socket_r7.pcapng,R7,78,780.7935788631439,0.0025370365474373102,1.8130120224668644e-05,0.000920492981094867,0.0004272789810784161,0.9960970282554626,Socket
/home/lmy/iot-device-classification/dataset/socket/round7_jitter/socket_r7.pcapng,R7,79,791.1022851467133,0.001336552551947534,9.24851974559715e-06,0.0006689598085358739,0.00033208736567758024,0.9976531863212585,Socket
/home/lmy/iot-device-classification/dataset/socket/round7_jitter/socket_r7.pcapng,R7,80,801.2596712112427,0.001527824206277728,1.622023955860641e-05,0.0014664363116025925,8.380164945265278e-05,0.9969057440757751,Socket
/home/lmy/iot-device-classification/dataset/socket/round7_jitter/socket_r7.pcapng,R7,81,810.8510193824768,0.0029133614152669907,1.8294753317604773e-05,5.983015944366343e-05,0.000999973970465362,0.9960085153579712,Socket
/home/lmy/iot-device-classification/dataset/socket/round7_jitter/socket_r7.pcapng,R7,82,823.3944675922394,0.0011426168493926525,1.6054746083682403e-05,0.00020070720347575843,0.0001854886213550344,0.9984551668167114,Socket
/home/lmy/iot-device-classification/dataset/socket/round7_jitter/socket_r7.pcapng,R7,83,830.3991742134094,0.0015435286331921816,1.6807016436359845e-05,0.0002621395979076624,0.00011711104889400303,0.998060405254364,Socket
/home/lmy/iot-device-classification/dataset/socket/round7_jitter/socket_r7.pcapng,R7,84,840.9058277606964,0.002608603099361062,2.0607612896128558e-05,0.001502318773418665,0.0002835240447893739,0.9955849647521973,Socket
/home/lmy/iot-device-classification/dataset/socket/round7_jitter/socket_r7.pcapng,R7,85,851.0312085151672,0.0011605533072724938,1.557515497552231e-05,0.0015397312818095088,9.13648764253594e-05,0.9971928000450134,Socket
/home/lmy/iot-device-classification/dataset/socket/round7_jitter/socket_r7.pcapng,R7,86,864.2558174133301,0.002024943009018898,2.134558053512592e-05,0.0012968324590474367,0.00016270414926111698,0.9964942336082458,Socket
/home/lmy/iot-device-classification/dataset/socket/round7_jitter/socket_r7.pcapng,R7,87,870.1110756397247,0.001107188407331705,4.6696863137185574e-05,0.0008631887612864375,0.00032750939135439694,0.9976553916931152,Socket
/home/lmy/iot-device-classification/dataset/socket/round7_jitter/socket_r7.pcapng,R7,88,881.7232933044434,0.0015191501006484032,2.6101803086930886e-05,0.0015799878165125847,0.0001684162562014535,0.9967064261436462,Socket
/home/lmy/iot-device-classification/dataset/socket/round7_jitter/socket_r7.pcapng,R7,89,890.1805045604706,0.0024343724362552166,2.50286866503302e-05,0.0001371255493722856,0.00029302702751010656,0.9971103668212891,Socket
/home/lmy/iot-device-classification/dataset/socket/round7_jitter/socket_r7.pcapng,R7,90,900.0180900096893,0.0036548408679664135,2.5097322577494197e-05,0.00046784948790445924,0.0006147490348666906,0.9952374696731567,Socket
/home/lmy/iot-device-classification/dataset/socket/round7_jitter/socket_r7.pcapng,R7,91,910.01478600502,0.0003865320759359747,4.0748829633230343e-05,0.00033516756957396865,0.0003438781131990254,0.998893678188324,Socket
/home/lmy/iot-device-classification/dataset/socket/round7_jitter/socket_r7.pcapng,R7,92,920.7522525787354,0.0014718223828822374,1.8083448594552465e-05,0.0014779112534597516,8.531477942597121e-05,0.9969468712806702,Socket
/home/lmy/iot-device-classification/dataset/socket/round7_jitter/socket_r7.pcapng,R7,93,931.0135707855223,0.0028694886714220047,2.0581115677487105e-05,0.0011745671508833766,0.00047578453086316586,0.9954594969749451,Socket
/home/lmy/iot-device-classification/dataset/socket/round7_jitter/socket_r7.pcapng,R7,94,941.1076741218568,0.0015223396476358175,1.6507639884366654e-05,8.22182119009085e-05,0.00010836463479790837,0.9982705116271973,Socket
/home/lmy/iot-device-classification/dataset/socket/round7_jitter/socket_r7.pcapng,R7,95,951.1913313865662,0.0012227044207975268,1.4552099855791312e-05,0.0023587627802044153,7.442306377924979e-05,0.9963296055793762,Socket
/home/lmy/iot-device-classification/dataset/socket/round7_jitter/socket_r7.pcapng,R7,96,960.959226846695,0.0012216664617881179,4.6866221964592114e-05,0.0002732211141847074,0.00043644834659062326,0.9980218410491943,Socket
/home/lmy/iot-device-classification/dataset/socket/round7_jitter/socket_r7.pcapng,R7,97,970.2359504699708,0.0014120966661721468,1.6603318726993166e-05,0.0015255400212481618,0.00010701731662265956,0.9969387054443359,Socket
/home/lmy/iot-device-classification/dataset/socket/round7_jitter/socket_r7.pcapng,R7,98,980.680003643036,0.00038362661143764853,2.0766336092492566e-05,0.0006014652317389846,0.0005839529912918806,0.9984101057052612,Socket
/home/lmy/iot-device-classification/dataset/socket/round7_jitter/socket_r7.pcapng,R7,99,990.0949501991272,0.003311559557914734,4.6134104195516557e-05,2.9231390726636164e-05,0.00027112086536362767,0.9963418841362,Socket
/home/lmy/iot-device-classification/dataset/socket/round7_jitter/socket_r7.pcapng,R7,100,1000.0985202789308,0.000617091660387814,1.2789168067683931e-05,0.03584945574402809,0.00020858936477452517,0.963312029838562,Socket
/home/lmy/iot-device-classification/dataset/socket/round7_jitter/socket_r7.pcapng,R7,101,1012.5321655273438,0.0012088216608390212,1.6972431694739498e-05,0.0011616750853136182,0.00010343490430386737,0.9975091218948364,Socket
/home/lmy/iot-device-classification/dataset/socket/round7_jitter/socket_r7.pcapng,R7,102,1021.0592017173768,0.003028028877452016,2.4465754904667847e-05,3.596500391722657e-05,0.0012913596583530307,0.9956201910972595,Socket
/home/lmy/iot-device-classification/dataset/socket/round7_jitter/socket_r7.pcapng,R7,103,1030.6920881271362,0.0010026852833107114,1.75139448401751e-05,2.1146168364793994e-05,0.0004438315227162093,0.9985148310661316,Socket
/home/lmy/iot-device-classification/dataset/socket/round7_jitter/socket_r7.pcapng,R7,104,1041.5903453826904,0.0009843559237197042,2.5358984203194268e-05,6.825489981565624e-05,0.0002535343519411981,0.9986685514450073,Socket
/home/lmy/iot-device-classification/dataset/socket/round7_jitter/socket_r7.pcapng,R7,105,1050.2599029541016,0.0008985099848359823,4.729529973701574e-05,0.0007495853351429105,0.0004964289837516844,0.9978081583976746,Socket
/home/lmy/iot-device-classification/dataset/socket/round7_jitter/socket_r7.pcapng,R7,106,1062.535221338272,0.001896892674267292,2.77064427791629e-05,0.001304840319789946,0.00015283953689504415,0.9966177344322205,Socket
/home/lmy/iot-device-classification/dataset/socket/round7_jitter/socket_r7.pcapng,R7,107,1070.0600893497467,0.0011802309891209006,1.1975506822636817e-05,0.00029875367181375623,0.0008558570989407599,0.9976531863212585,Socket
/home/lmy/iot-device-classification/dataset/socket/round7_jitter/socket_r7.pcapng,R7,108,1080.8533189296722,0.00341072678565979,2.7308107746648602e-05,3.0127770514809527e-05,0.00020656053675338626,0.9963251948356628,Socket
/home/lmy/iot-device-classification/dataset/socket/round7_jitter/socket_r7.pcapng,R7,109,1090.5095884799955,0.0008932915516197681,3.590025880839676e-05,0.0012306513963267207,0.00019679439719766378,0.9976432919502258,Socket
/home/lmy/iot-device-classification/dataset/socket/round7_jitter/socket_r7.pcapng,R7,110,1101.4502716064453,0.0013841609470546246,1.3713643966184463e-05,0.00018186826491728425,0.00015311235620174557,0.9982671737670898,Socket
/home/lmy/iot-device-classification/dataset/socket/round7_jitter/socket_r7.pcapng,R7,111,1111.107841014862,0.0029234883841127157,1.5263094610418193e-05,0.0026308621745556593,0.00026893860194832087,0.9941614270210266,Socket
/home/lmy/iot-device-classification/dataset/socket/round7_jitter/socket_r7.pcapng,R7,112,1122.111215353012,0.00036618829471990466,3.4388973290333524e-05,0.0010535481851547956,0.0003655449254438281,0.9981803894042969,Socket
/home/lmy/iot-device-classification/dataset/socket/round7_jitter/socket_r7.pcapng,R7,113,1134.2359445095062,0.0003819639969151467,5.005754792364314e-05,0.0014010571176186204,0.0006559956236742437,0.9975109100341797,Socket
/home/lmy/iot-device-classification/dataset/socket/round7_jitter/socket_r7.pcapng,R7,114,1140.7205572128296,0.0029841256327927113,2.2241869373829104e-05,0.0017258963780477643,0.0003631983418017626,0.9949045181274414,Socket
/home/lmy/iot-device-classification/dataset/socket/round7_jitter/socket_r7.pcapng,R7,115,1151.5814836025238,0.0011234070407226682,3.413499507587403e-05,0.0002622618922032416,0.00021979484881740063,0.9983603358268738,Socket
/home/lmy/iot-device-classification/dataset/socket/round7_jitter/socket_r7.pcapng,R7,116,1161.3617300987244,0.0016517984913662076,1.751253876136616e-05,0.00010406639921711758,0.0005001820391044021,0.9977265000343323,Socket
/home/lmy/iot-device-classification/dataset/socket/round7_jitter/socket_r7.pcapng,R7,117,1171.1787552833557,0.0011698062298819423,3.6106561310589314e-05,0.00039716099854558706,0.00033451104536652565,0.9980624318122864,Socket
/home/lmy/iot-device-classification/dataset/socket/round7_jitter/socket_r7.pcapng,R7,118,1180.0420017242432,0.0013481538044288754,1.7284119167015888e-05,0.0006388633046299219,0.00012525114289019257,0.9978704452514648,Socket
/home/lmy/iot-device-classification/dataset/socket/round7_jitter/socket_r7.pcapng,R7,119,1191.6736557483673,0.001235318137332797,2.1270334400469437e-05,0.0012653106823563576,0.00014045801071915776,0.9973376393318176,Socket
/home/lmy/iot-device-classification/dataset/socket/round7_jitter/socket_r7.pcapng,R7,120,1200.55162024498,0.0032493381295353174,3.486147033981979e-05,4.2007071897387505e-05,0.0008113493677228689,0.9958623647689819,Socket
/home/lmy/iot-device-classification/dataset/socket/round7_jitter/socket_r7.pcapng,R7,121,1211.627896785736,0.0011837019119411707,1.960452391358558e-05,0.00023416052863467485,0.00015100858581718057,0.9984115362167358,Socket
/home/lmy/iot-device-classification/dataset/socket/round7_jitter/socket_r7.pcapng,R7,122,1223.0582287311554,0.00045142165618017316,2.6117013476323336e-05,0.00025461442419327796,0.0004100910446140915,0.9988577365875244,Socket
/home/lmy/iot-device-classification/dataset/socket/round7_jitter/socket_r7.pcapng,R7,123,1231.023431301117,0.0032954271882772446,4.775316483573988e-05,5.334139132173732e-05,0.0002926248998846859,0.9963108897209167,Socket
/home/lmy/iot-device-classification/dataset/socket/round7_jitter/socket_r7.pcapng,R7,124,1244.036800146103,0.0016344236209988594,2.618473990878556e-05,0.0002714246220421046,0.0009940621675923467,0.9970738887786865,Socket
/home/lmy/iot-device-classification/dataset/socket/round7_jitter/socket_r7.pcapng,R7,125,1250.820859670639,0.0007627475424669683,2.316051541129127e-05,0.0029945564456284046,0.00016024845535866916,0.9960592985153198,Socket
/home/lmy/iot-device-classification/dataset/socket/round7_jitter/socket_r7.pcapng,R7,126,1261.325716495514,0.0030272724106907845,1.6945958122960292e-05,0.0007942519732750952,0.00044962222455069423,0.9957119226455688,Socket
/home/lmy/iot-device-classification/dataset/socket/round7_jitter/socket_r7.pcapng,R7,127,1271.254490852356,0.001741172163747251,1.4048328921489883e-05,0.001326295780017972,0.00012249812425579876,0.9967959523200989,Socket
/home/lmy/iot-device-classification/dataset/socket/round7_jitter/socket_r7.pcapng,R7,128,1283.213327407837,0.0012514654081314802,1.4776123862247914e-05,0.0031491389963775873,7.047466351650655e-05,0.9955140948295593,Socket
/home/lmy/iot-device-classification/dataset/socket/round7_jitter/socket_r7.pcapng,R7,129,1291.2772431373596,0.002602848457172513,1.7930628018802963e-05,0.0011563532752916217,0.0002462156699039042,0.9959766268730164,Socket
/home/lmy/iot-device-classification/dataset/socket/round7_jitter/socket_r7.pcapng,R7,130,1301.741667985916,0.0010854079155251384,1.3665094229509123e-05,0.00018761832325253636,0.0002336504840059206,0.9984796643257141,Socket
/home/lmy/iot-device-classification/dataset/socket/round7_jitter/socket_r7.pcapng,R7,131,1310.4516081809998,0.0013236334780231118,1.753479227772914e-05,0.0024074018001556396,8.075933146756142e-05,0.996170699596405,Socket
/home/lmy/iot-device-classification/dataset/socket/round7_jitter/socket_r7.pcapng,R7,132,1321.0159409046173,0.0025602641981095076,2.647634937602561e-05,0.001379672554321587,0.0009155752486549318,0.9951180219650269,Socket
/home/lmy/iot-device-classification/dataset/socket/round7_jitter/socket_r7.pcapng,R7,133,1330.2647700309751,0.0013744508614763618,1.9920487829949707e-05,0.002510073594748974,9.374415094498545e-05,0.9960017800331116,Socket
/home/lmy/iot-device-classification/dataset/socket/round7_jitter/socket_r7.pcapng,R7,134,1343.5716588497162,0.0025029312819242477,1.5903508028713986e-05,0.0029495100025087595,0.0001118657601182349,0.9944197535514832,Socket
/home/lmy/iot-device-classification/dataset/socket/round7_jitter/socket_r7.pcapng,R7,135,1350.8137063980105,0.003290892578661442,2.305894849996548e-05,0.0013110131258144975,0.00034443949698470533,0.9950305223464966,Socket
/home/lmy/iot-device-classification/dataset/socket/round7_jitter/socket_r7.pcapng,R7,136,1360.5927867889404,0.0011778102489188313,2.1974370611133054e-05,0.0029041229281574488,0.0001405884395353496,0.9957555532455444,Socket
/home/lmy/iot-device-classification/dataset/socket/round7_jitter/socket_r7.pcapng,R7,137,1372.467164516449,0.001546009094454348,1.873914516181685e-05,0.0024372150655835867,7.208524039015174e-05,0.995926022529602,Socket
/home/lmy/iot-device-classification/dataset/socket/round7_jitter/socket_r7.pcapng,R7,138,1381.320202589035,0.002753986045718193,2.1466399630298838e-05,0.0014156466349959373,0.00039715023012831807,0.9954118132591248,Socket
/home/lmy/iot-device-classification/dataset/socket/round7_jitter/socket_r7.pcapng,R7,139,1391.0120649337769,0.0014742017956450582,1.0709637535910588e-05,0.0019320378778502345,0.00014158802514430135,0.9964414238929749,Socket
/home/lmy/iot-device-classification/dataset/socket/round7_jitter/socket_r7.pcapng,R7,140,1402.7090167999268,0.0012176907621324062,1.6757729099481367e-05,0.0015072546666488051,9.079918527277187e-05,0.9971675276756287,Socket
/home/lmy/iot-device-classification/dataset/socket/round7_jitter/socket_r7.pcapng,R7,141,1410.726334810257,0.0016100414795801044,2.908339592977427e-05,0.00022181691019795835,0.0004215736989863217,0.9977174997329712,Socket
/home/lmy/iot-device-classification/dataset/socket/round7_jitter/socket_r7.pcapng,R7,142,1423.9270749092102,0.0012519067386165261,1.6901956769288518e-05,0.0006088914233259857,0.00020306436636019498,0.9979192614555359,Socket
/home/lmy/iot-device-classification/dataset/socket/round7_jitter/socket_r7.pcapng,R7,143,1430.1840240955353,0.0016403414774686098,1.8274635294801556e-05,0.0020260633900761604,0.00012893650273326784,0.9961864352226257,Socket
/home/lmy/iot-device-classification/dataset/socket/round7_jitter/socket_r7.pcapng,R7,144,1440.045315742493,0.003253215691074729,3.0472119760815986e-05,1.7155465684481896e-05,0.0005783676169812679,0.9961207509040833,Socket
/home/lmy/iot-device-classification/dataset/socket/round7_jitter/socket_r7.pcapng,R7,145,1451.6893928050995,0.00036597970756702125,3.2225863833446056e-05,0.0006520353490486741,0.000425196485593915,0.9985246062278748,Socket
/home/lmy/iot-device-classification/dataset/socket/round7_jitter/socket_r7.pcapng,R7,146,1463.6283648014069,0.0016325346659868956,3.095860665780492e-05,0.0014730714028701186,0.00017039595695678145,0.9966930150985718,Socket
/home/lmy/iot-device-classification/dataset/socket/round7_jitter/socket_r7.pcapng,R7,147,1470.063240289688,0.003130606608465314,3.601179560064338e-05,2.6124711439479142e-05,0.0005285766092129052,0.996278703212738,Socket
/home/lmy/iot-device-classification/dataset/socket/round7_jitter/socket_r7.pcapng,R7,148,1481.3059284687042,0.0006457899580709636,2.0542127458611503e-05,0.0003867260238621384,0.00044424619409255683,0.9985027313232422,Socket
/home/lmy/iot-device-classification/dataset/socket/round7_jitter/socket_r7.pcapng,R7,149,1494.3888874053955,0.0009843460284173489,4.2062998545588925e-05,0.0016515663592144847,0.00020793493604287505,0.9971140623092651,Socket
/home/lmy/iot-device-classification/dataset/socket/round7_jitter/socket_r7.pcapng,R7,150,1500.2629747390747,0.0021892182994633913,4.570517921820283e-05,0.0010568120051175356,0.0004429471446201205,0.9962653517723083,Socket
/home/lmy/iot-device-classification/dataset/socket/round7_jitter/socket_r7.pcapng,R7,151,1511.691365480423,0.0010984494583681226,2.730109918047674e-05,0.0001006449747364968,0.0002931150374934077,0.998480498790741,Socket
/home/lmy/iot-device-classification/dataset/socket/round7_jitter/socket_r7.pcapng,R7,152,1520.6284840106964,0.0011095514055341482,2.4079759896267205e-05,0.0003378586261533201,0.00013203942216932774,0.9983964562416077,Socket
/home/lmy/iot-device-classification/dataset/socket/round7_jitter/socket_r7.pcapng,R7,153,1531.4396772384644,0.0029282690957188606,2.7710046197171323e-05,0.0012349694734439254,0.0002625743509270251,0.9955464601516724,Socket
/home/lmy/iot-device-classification/dataset/socket/round7_jitter/socket_r7.pcapng,R7,154,1540.1941721439362,0.00040963609353639185,1.9485445591271855e-05,0.0006124057108536363,0.00047402409836649895,0.9984844326972961,Socket
/home/lmy/iot-device-classification/dataset/socket/round7_jitter/socket_r7.pcapng,R7,155,1553.2866072654724,0.0016479198820888996,1.149217951024184e-05,0.004170671105384827,0.00010090310388477519,0.99406898021698,Socket
/home/lmy/iot-device-classification/dataset/socket/round7_jitter/socket_r7.pcapng,R7,156,1561.486915588379,0.0027652797289192677,1.8807817468768917e-05,0.0016756105469539762,0.0002507252211216837,0.9952895641326904,Socket
/home/lmy/iot-device-classification/dataset/socket/round7_jitter/socket_r7.pcapng,R7,157,1571.7644472122192,0.0013939631171524525,1.885109486465808e-05,0.0001610092440387234,0.00013086451508570462,0.9982953667640686,Socket
/home/lmy/iot-device-classification/dataset/socket/round7_jitter/socket_r7.pcapng,R7,158,1584.8347492218018,0.0016185748390853405,1.2774160495609976e-05,0.0032516473438590765,7.87772296462208e-05,0.9950382113456726,Socket
/home/lmy/iot-device-classification/dataset/socket/round7_jitter/socket_r7.pcapng,R7,159,1590.2071800231934,0.0031546279788017273,2.6145151423406787e-05,0.0004537730128504336,0.0009708725847303867,0.9953945279121399,Socket
/home/lmy/iot-device-classification/dataset/socket/round7_jitter/socket_r7.pcapng,R7,160,1600.113275766373,0.0012941996101289988,2.4989922167151235e-05,0.0022607131395488977,9.232707088813186e-05,0.996327817440033,Socket
/home/lmy/iot-device-classification/dataset/socket/round7_jitter/socket_r7.pcapng,R7,161,1613.1657214164734,0.001532570575363934,1.2860748029197566e-05,0.00035223783925175667,0.00012119884922867641,0.9979811310768127,Socket
/home/lmy/iot-device-classification/dataset/socket/round7_jitter/socket_r7.pcapng,R7,162,1621.589748620987,0.0030459610279649496,1.5960546079440974e-05,0.002213811269029975,0.0003063594922423363,0.9944179058074951,Socket
/home/lmy/iot-device-classification/dataset/socket/round7_jitter/socket_r7.pcapng,R7,163,1630.1537294387815,0.001195047632791102,1.7383801605319604e-05,0.0024650481063872576,0.00011317137978039682,0.9962093830108643,Socket
/home/lmy/iot-device-classification/dataset/socket/round7_jitter/socket_r7.pcapng,R7,164,1642.4661796092987,0.0016856678994372487,1.8651766367838718e-05,0.0014595392858609557,0.0001166473884950392,0.9967195391654968,Socket
/home/lmy/iot-device-classification/dataset/socket/round7_jitter/socket_r7.pcapng,R7,165,1650.259604215622,0.003234156407415867,3.680480949697085e-05,3.5694189136847854e-05,0.0002521610294934362,0.9964411854743958,Socket
/home/lmy/iot-device-classification/dataset/socket/round7_jitter/socket_r7.pcapng,R7,166,1661.7689380645752,0.0010159321827813983,2.97804617730435e-05,0.001324395532719791,0.0002999542048200965,0.9973299503326416,Socket
/home/lmy/iot-device-classification/dataset/socket/round7_jitter/socket_r7.pcapng,R7,167,1673.8464663028717,0.0005343864322640002,1.6127311027958058e-05,0.000663575017824769,0.00038142394623719156,0.9984044432640076,Socket
/home/lmy/iot-device-classification/dataset/socket/round7_jitter/socket_r7.pcapng,R7,168,1681.6897909641266,0.002846128074452281,2.637062243593391e-05,0.000613881042227149,0.00029566173907369375,0.9962179064750671,Socket
/home/lmy/iot-device-classification/dataset/socket/round7_jitter/socket_r7.pcapng,R7,169,1690.5075006484983,0.000935649499297142,1.8644896044861525e-05,2.161169504688587e-05,0.0005666440119966865,0.9984574317932129,Socket
/home/lmy/iot-device-classification/dataset/socket/round7_jitter/socket_r7.pcapng,R7,170,1705.0228419303894,0.0010774392867460847,1.7510827092337422e-05,0.0017828241689130664,0.00010573370673228055,0.9970165491104126,Socket
/home/lmy/iot-device-classification/dataset/socket/round7_jitter/socket_r7.pcapng,R7,171,1711.6038932800293,0.003108995035290718,2.6273881303495727e-05,0.0018493373645469546,0.0003390159399714321,0.9946763515472412,Socket
/home/lmy/iot-device-classification/dataset/socket/round7_jitter/socket_r7.pcapng,R7,172,1722.047812461853,0.0005648996448144317,2.234741077700164e-05,0.0011438896181061864,0.00022073948639445007,0.9980480670928955,Socket
/home/lmy/iot-device-classification/dataset/socket/round7_jitter/socket_r7.pcapng,R7,173,1732.956529378891,0.0013015575241297483,1.3393957488005981e-05,0.004309815354645252,0.00018700283544603735,0.9941881895065308,Socket
/home/lmy/iot-device-classification/dataset/socket/round7_jitter/socket_r7.pcapng,R7,174,1740.6299216747284,0.0034236747305840254,2.9843728043488227e-05,3.405475945328362e-05,0.00022033996356185526,0.9962921142578125,Socket
/home/lmy/iot-device-classification/dataset/socket/round7_jitter/socket_r7.pcapng,R7,175,1752.670783996582,0.0016313374508172274,1.4521007869916502e-05,0.002339181024581194,0.00015262527449522167,0.9958623647689819,Socket
/home/lmy/iot-device-classification/dataset/socket/round7_jitter/socket_r7.pcapng,R7,176,1760.7990109920502,0.00177732203155756,1.40044257932459e-05,0.00012651503493543714,0.0002705595106817782,0.9978116154670715,Socket
/home/lmy/iot-device-classification/dataset/socket/round7_jitter/socket_r7.pcapng,R7,177,1770.8928170204165,0.0031232114415615797,2.6196505132247694e-05,0.0010356113780289888,0.000507197983097285,0.9953077435493469,Socket
/home/lmy/iot-device-classification/dataset/socket/round7_jitter/socket_r7.pcapng,R7,178,1780.8791642189026,0.0003305335121694952,1.6166799468919635e-05,0.05517486482858658,0.0001484630920458585,0.9443299770355225,Socket
/home/lmy/iot-device-classification/dataset/socket/round7_jitter/socket_r7.pcapng,R7,179,1793.0196650028229,0.001294344780035317,1.2269209037185647e-05,0.0001559108350193128,0.00020254365517757833,0.9983349442481995,Socket
/home/lmy/iot-device-classification/dataset/socket/round7_jitter/socket_r7.pcapng,R7,180,1801.7540934085848,0.0031979738269001245,2.1711166482418776e-05,0.000545147864613682,0.0009974440326914191,0.9952377080917358,Socket
/home/lmy/iot-device-classification/dataset/socket/round7_jitter/socket_r7.pcapng,R7,181,1810.078896522522,0.00044696161057800055,2.0715729988296516e-05,0.0002972060174215585,0.00036251102574169636,0.9988725781440735,Socket
/home/lmy/iot-device-classification/dataset/socket/round7_jitter/socket_r7.pcapng,R7,182,1822.236137151718,0.0015129160601645708,1.4919952263880987e-05,0.0026460718363523483,0.00010848354577319697,0.9957175850868225,Socket
/home/lmy/iot-device-classification/dataset/socket/round7_jitter/socket_r7.pcapng,R7,183,1830.0407056808472,0.0031791976653039455,3.136253508273512e-05,0.00026731626712717116,0.000768951082136482,0.9957531690597534,Socket
/home/lmy/iot-device-classification/dataset/socket/round7_jitter/socket_r7.pcapng,R7,184,1842.206439256668,0.0012946847127750516,1.420801072526956e-05,0.00027859420515596867,0.00011965342855546623,0.998292863368988,Socket
/home/lmy/iot-device-classification/dataset/socket/round7_jitter/socket_r7.pcapng,R7,185,1853.3967661857605,0.0004798825830221176,5.243128907750361e-05,3.076837310800329e-05,0.0005982607253827155,0.9988387227058411,Socket
/home/lmy/iot-device-classification/dataset/socket/round7_jitter/socket_r7.pcapng,R7,186,1860.327352285385,0.00335389724932611,2.8530155759654008e-05,5.104193769511767e-05,0.0006654384778812528,0.9959010481834412,Socket
/home/lmy/iot-device-classification/dataset/socket/round7_jitter/socket_r7.pcapng,R7,187,1873.3660380840304,0.0012859376147389412,2.9724718842771836e-05,0.00021269095304887742,6.0217735153855756e-05,0.9984114170074463,Socket
/home/lmy/iot-device-classification/dataset/socket/round7_jitter/socket_r7.pcapng,R7,188,1881.006243944168,0.0015043591847643256,1.542425343359355e-05,0.0017619276186451316,7.960685616126284e-05,0.9966386556625366,Socket
/home/lmy/iot-device-classification/dataset/socket/round7_jitter/socket_r7.pcapng,R7,189,1891.801950216293,0.002504198346287012,2.0181141735520214e-05,0.0018203381914645433,0.00029229713254608214,0.9953629970550537,Socket
/home/lmy/iot-device-classification/dataset/socket/round7_jitter/socket_r7.pcapng,R7,190,1900.616384744644,0.0015427072066813707,1.2975214303878602e-05,0.00016287833568640053,0.0005005373968742788,0.9977808594703674,Socket
/home/lmy/iot-device-classification/dataset/socket/round7_jitter/socket_r7.pcapng,R7,191,1912.27316570282,0.0016808711225166917,1.7218922948813997e-05,0.00011729185644071549,0.00025201396783813834,0.9979325532913208,Socket
/home/lmy/iot-device-classification/dataset/socket/round7_jitter/socket_r7.pcapng,R7,192,1921.851806879044,0.002780201844871044,2.644447704369668e-05,0.0011529655894264579,0.00031207044958136976,0.9957283139228821,Socket
/home/lmy/iot-device-classification/dataset/socket/round7_jitter/socket_r7.pcapng,R7,193,1930.0477352142332,0.0014008491998538375,1.7077320080716163e-05,0.00022084980446379632,0.00013803632464259863,0.9982231259346008,Socket
/home/lmy/iot-device-classification/dataset/socket/round7_jitter/socket_r7.pcapng,R7,194,1940.0141096115112,0.0018681972287595272,2.190387931477744e-05,7.288582855835557e-05,5.0293114327359945e-05,0.9979866743087769,Socket
/home/lmy/iot-device-classification/dataset/socket/round7_jitter/socket_r7.pcapng,R7,195,1951.8723759651184,0.00267564388923347,3.467421265668236e-05,5.068529208074324e-05,0.0007027423125691712,0.9965362548828125,Socket
/home/lmy/iot-device-classification/dataset/socket/round7_jitter/socket_r7.pcapng,R7,196,1962.9921522140503,0.0010059343185275793,1.7093152564484626e-05,0.00023375304590445012,0.00012251797306817025,0.9986207485198975,Socket
/home/lmy/iot-device-classification/dataset/socket/round7_jitter/socket_r7.pcapng,R7,197,1972.9839553833008,0.0010878753382712603,1.5698962670285255e-05,0.0033681541681289673,8.649702067486942e-05,0.9954417943954468,Socket
/home/lmy/iot-device-classification/dataset/socket/round7_jitter/socket_r7.pcapng,R7,198,1980.099492549896,0.003053693799301982,2.163647695851978e-05,0.0007189990719780326,0.00028870379901491106,0.995917022228241,Socket
/home/lmy/iot-device-classification/dataset/socket/round7_jitter/socket_r7.pcapng,R7,199,1991.0828189849851,0.0010655042715370655,1.8396634914097376e-05,0.0002625309571158141,0.00013795174891129136,0.9985156655311584,Socket
/home/lmy/iot-device-classification/dataset/socket/round7_jitter/socket_r7.pcapng,R7,200,2002.2197349071505,0.0013708987971767783,1.1222012290090788e-05,0.0002488975296728313,0.0006235010805539787,0.9977454543113708,Socket
/home/lmy/iot-device-classification/dataset/socket/round7_jitter/socket_r7.pcapng,R7,201,2011.1546602249143,0.003062679897993803,1.9211160179111175e-05,4.8230755055556074e-05,0.0009485070477239788,0.9959213733673096,Socket
/home/lmy/iot-device-classification/dataset/socket/round7_jitter/socket_r7.pcapng,R7,202,2025.5508925914764,0.001263071782886982,1.9835557395708747e-05,0.00019622020772658288,0.00040076705045066774,0.998120129108429,Socket
/home/lmy/iot-device-classification/dataset/socket/round7_jitter/socket_r7.pcapng,R7,203,2032.380264043808,0.0015457023400813341,1.4555849702446721e-05,0.0025481916964054108,7.099683716660365e-05,0.9958205223083496,Socket
/home/lmy/iot-device-classification/dataset/socket/round7_jitter/socket_r7.pcapng,R7,204,2041.9210743904116,0.0022341383155435324,3.801611455855891e-05,0.0001268560445168987,0.0006468624342232943,0.996954083442688,Socket
/home/lmy/iot-device-classification/dataset/socket/round7_jitter/socket_r7.pcapng,R7,205,2051.403186798096,0.0013145185075700283,2.5491000997135416e-05,0.0002239079913124442,0.00012868246994912624,0.9983073472976685,Socket
/home/lmy/iot-device-classification/dataset/socket/round7_jitter/socket_r7.pcapng,R7,206,2064.1723206043243,0.0014092468190938234,3.1338087865151465e-05,3.5675850085681304e-05,0.000305747555103153,0.9982179999351501,Socket
/home/lmy/iot-device-classification/dataset/socket/round7_jitter/socket_r7.pcapng,R7,207,2070.4704325199127,0.0032216014806181192,2.4954279069788754e-05,0.0009683750104159117,0.000132217159261927,0.9956527948379517,Socket
/home/lmy/iot-device-classification/dataset/socket/round7_jitter/socket_r7.pcapng,R7,208,2082.57891869545,0.0019843471236526966,1.5565643479931168e-05,8.479370444547385e-05,0.00024548580404371023,0.9976697564125061,Socket
/home/lmy/iot-device-classification/dataset/socket/round7_jitter/socket_r7.pcapng,R7,209,2092.2526140213013,0.001226916559971869,1.6840227544889785e-05,0.0002452322805766016,0.00010410182585474104,0.9984069466590881,Socket
/home/lmy/iot-device-classification/dataset/socket/round7_jitter/socket_r7.pcapng,R7,210,2102.029034137726,0.0027658934704959393,3.7321173294913024e-05,0.00044363990309648216,0.00048093756777234375,0.9962722063064575,Socket
/home/lmy/iot-device-classification/dataset/socket/round7_jitter/socket_r7.pcapng,R7,211,2110.047376394272,0.0018373554339632392,3.229162757634185e-05,0.0005756778409704566,0.0003207456029485911,0.9972339272499084,Socket
/home/lmy/iot-device-classification/dataset/socket/round7_jitter/socket_r7.pcapng,R7,212,2124.9617042541504,0.0009778711246326566,2.3816581233404577e-05,0.0003140856570098549,0.00017875693447422236,0.9985054731369019,Socket
/home/lmy/iot-device-classification/dataset/socket/round7_jitter/socket_r7.pcapng,R7,213,2130.4190604686737,0.0018012135988101363,2.9586770324385725e-05,8.310296107083559e-05,0.0015464588068425655,0.9965397119522095,Socket
/home/lmy/iot-device-classification/dataset/socket/round7_jitter/socket_r7.pcapng,R7,214,2141.83118724823,0.0014284286880865693,1.573272493260447e-05,0.002795407548546791,7.96888634795323e-05,0.9956806898117065,Socket
/home/lmy/iot-device-classification/dataset/socket/round7_jitter/socket_r7.pcapng,R7,215,2152.954300880432,0.001258556847460568,1.4455801647272892e-05,0.0032305142376571894,7.292158989002928e-05,0.9954234957695007,Socket
/home/lmy/iot-device-classification/dataset/socket/round7_jitter/socket_r7.pcapng,R7,216,2162.0207126140594,0.0015772783663123846,2.2597669158130884e-05,0.0003003609599545598,0.0005053534987382591,0.99759441614151,Socket
/home/lmy/iot-device-classification/dataset/socket/round7_jitter/socket_r7.pcapng,R7,217,2174.0669708251958,0.0010976175544783473,2.8785085305571556e-05,0.003193196840584278,0.00014689825184177607,0.9955334663391113,Socket
/home/lmy/iot-device-classification/dataset/socket/round7_jitter/socket_r7.pcapng,R7,218,2180.6031205654144,0.00011379418720025569,0.00015891071234364063,0.005378282628953457,0.0004713809466920793,0.9938775897026062,Socket
/home/lmy/iot-device-classification/dataset/socket/round7_jitter/socket_r7.pcapng,R7,219,2190.8154242038727,0.0015478160930797458,4.476497269934043e-05,2.0051469618920237e-05,0.000655336189083755,0.9977320432662964,Socket
/home/lmy/iot-device-classification/dataset/socket/round7_jitter/socket_r7.pcapng,R7,220,2201.233826875686,0.0016018225578591228,1.8802928025252186e-05,0.00010520097566768527,0.00011367172555765137,0.9981605410575867,Socket
/home/lmy/iot-device-classification/dataset/socket/round7_jitter/socket_r7.pcapng,R7,221,2214.305286884308,0.0020610627252608538,1.9480074115563184e-05,7.676012319279835e-05,0.00010364143963670358,0.9977390766143799,Socket
/home/lmy/iot-device-classification/dataset/socket/round7_jitter/socket_r7.pcapng,R7,222,2222.0910923480988,0.0024733697064220905,5.835543925059028e-05,9.59426961344434e-06,0.00039204565109685063,0.9970666766166687,Socket
/home/lmy/iot-device-classification/dataset/socket/round7_jitter/socket_r7.pcapng,R7,223,2231.7760717868805,0.0013535884208977222,1.1664577868941706e-05,0.00015391039778478444,0.0001278657728107646,0.9983530044555664,Socket
/home/lmy/iot-device-classification/dataset/socket/round7_jitter/socket_r7.pcapng,R7,224,2244.4316070079803,0.0013228150783106685,3.296684008091688e-05,0.00014646151976194233,9.582252823747694e-05,0.998401939868927,Socket
/home/lmy/iot-device-classification/dataset/socket/round7_jitter/socket_r7.pcapng,R7,225,2251.282469272613,0.0020639512222260237,2.349757960473653e-05,1.8650140191311948e-05,0.00075649528298527,0.9971374273300171,Socket
/home/lmy/iot-device-classification/dataset/socket/round7_jitter/socket_r7.pcapng,R7,226,2260.0483088493347,0.0015796090010553598,2.7659369152388535e-05,4.226142118568532e-05,9.57017473410815e-05,0.9982547163963318,Socket
/home/lmy/iot-device-classification/dataset/socket/round7_jitter/socket_r7.pcapng,R7,227,2271.9647393226624,0.00036326557165011764,2.5165107217617333e-05,2.398021570115816e-05,0.0005203866749070585,0.9990672469139099,Socket
/home/lmy/iot-device-classification/dataset/socket/round7_jitter/socket_r7.pcapng,R7,228,2280.649154424668,0.0025770836509764194,2.4156979634426534e-05,0.0013985988916829228,0.00032962061231955886,0.9956705570220947,Socket
/home/lmy/iot-device-classification/dataset/socket/round7_jitter/socket_r7.pcapng,R7,229,2292.013203382492,0.0010127604473382235,2.49344502663007e-05,6.434547685785219e-05,0.0002548271731939167,0.9986431002616882,Socket
/home/lmy/iot-device-classification/dataset/socket/round7_jitter/socket_r7.pcapng,R7,230,2300.713515281677,0.0012914440594613552,1.722090382827446e-05,0.00010234490764560178,0.00018372309568803757,0.9984052777290344,Socket
/home/lmy/iot-device-classification/dataset/socket/round7_jitter/socket_r7.pcapng,R7,231,2310.059655666352,0.0029072132892906666,4.872746649198234e-05,8.711992450116668e-06,0.0003104712814092636,0.9967249035835266,Socket
/home/lmy/iot-device-classification/dataset/socket/round7_jitter/socket_r7.pcapng,R7,232,2322.541030883789,0.0010042795911431313,2.620239683892578e-05,5.933884676778689e-05,0.0003700894594658166,0.9985400438308716,Socket
/home/lmy/iot-device-classification/dataset/socket/round7_jitter/socket_r7.pcapng,R7,233,2333.017546415329,0.0014335012529045343,1.7146481695817783e-05,2.6777075618156232e-05,0.0006458985735662282,0.9978766441345215,Socket
/home/lmy/iot-device-classification/dataset/socket/round7_jitter/socket_r7.pcapng,R7,234,2340.0401289463043,0.0031586361583322287,2.8576814656844363e-05,5.06079122715164e-05,0.0002365099935559556,0.9965257048606873,Socket
/home/lmy/iot-device-classification/dataset/socket/round7_jitter/socket_r7.pcapng,R7,235,2352.1820764541626,0.0012537550646811724,1.4182903214532416e-05,0.001180949853733182,0.00010762309102574363,0.997443437576294,Socket
/home/lmy/iot-device-classification/dataset/socket/round7_jitter/socket_r7.pcapng,R7,236,2361.1219685077667,0.0014846990816295147,2.4421606212854385e-05,8.68470742716454e-05,0.00024048637715168297,0.9981635212898254,Socket
/home/lmy/iot-device-classification/dataset/socket/round7_jitter/socket_r7.pcapng,R7,237,2372.247547388077,0.0018347925506532192,6.60071600577794e-05,1.5854759112698957e-05,0.00018083037866745144,0.997902512550354,Socket
/home/lmy/iot-device-classification/dataset/socket/round7_jitter/socket_r7.pcapng,R7,238,2381.919710874557,0.0009392456850036979,2.5577755877748132e-05,5.1539547712309286e-05,0.0001404887589160353,0.9988430738449097,Socket
/home/lmy/iot-device-classification/dataset/socket/round7_jitter/socket_r7.pcapng,R7,239,2392.8478507995605,0.0011329974513500929,1.802654514904134e-05,0.0001345125783700496,0.00010976545308949426,0.9986047148704529,Socket
/home/lmy/iot-device-classification/dataset/socket/round7_jitter/socket_r7.pcapng,R7,240,2400.451853275299,0.0028889274690300226,1.882640026451554e-05,0.00010485541861271486,0.00018140801694244146,0.9968060255050659,Socket
/home/lmy/iot-device-classification/dataset/socket/round7_jitter/socket_r7.pcapng,R7,241,2413.4879643917084,0.0004200949042569846,1.6478788893437013e-05,4.565987910609692e-05,0.002450069645419717,0.9970677495002747,Socket
/home/lmy/iot-device-classification/dataset/socket/round7_jitter/socket_r7.pcapng,R7,242,2424.436616420746,0.0011313683353364468,2.0816934920731e-05,7.317295967368409e-05,0.0005045738071203232,0.9982700347900391,Socket
/home/lmy/iot-device-classification/dataset/socket/round7_jitter/socket_r7.pcapng,R7,243,2430.571100950241,0.000678182695992291,2.193917680415325e-05,0.0020269998349249363,0.0005689471727237105,0.9967039227485657,Socket
/home/lmy/iot-device-classification/dataset/socket/round7_jitter/socket_r7.pcapng,R7,244,2442.5083980560303,0.0014478685334324837,1.2317020264163148e-05,0.00011848637223010883,0.000745870522223413,0.9976754784584045,Socket
/home/lmy/iot-device-classification/dataset/socket/round7_jitter/socket_r7.pcapng,R7,245,2451.6840782165527,0.0013526679249480367,1.4532027307723183e-05,0.0001803659542929381,0.0001610652543604374,0.9982913136482239,Socket
/home/lmy/iot-device-classification/dataset/socket/round7_jitter/socket_r7.pcapng,R7,246,2462.2640936374664,0.0034732630010694265,5.25674840901047e-05,7.327851199079305e-05,0.0005874074413441122,0.9958134293556213,Socket
/home/lmy/iot-device-classification/dataset/socket/round7_jitter/socket_r7.pcapng,R7,247,2473.78886461258,0.0012564329663291574,2.2933554646442644e-05,8.358894410775974e-05,6.315464270301163e-05,0.998573899269104,Socket
/home/lmy/iot-device-classification/dataset/socket/round7_jitter/socket_r7.pcapng,R7,248,2481.010453224182,0.0006067458307370543,1.639046604395844e-05,0.00015731644816696644,0.0009664517710916698,0.9982530474662781,Socket
/home/lmy/iot-device-classification/dataset/socket/round7_jitter/socket_r7.pcapng,R7,249,2490.938020467758,0.00042679961188696325,2.4717266569496132e-05,0.0023602312430739403,0.0005502133863046765,0.9966380596160889,Socket
/home/lmy/iot-device-classification/dataset/socket/round7_jitter/socket_r7.pcapng,R7,250,2501.8922247886658,0.0005101948627270758,1.7399608623236418e-05,0.003231766866520047,0.00015471570077352226,0.9960858821868896,Socket
/home/lmy/iot-device-classification/dataset/socket/round7_jitter/socket_r7.pcapng,R7,251,2510.9356429576874,0.0005371585721150041,2.8775657483492978e-05,1.8737808204605244e-05,0.0001259771961485967,0.9992892742156982,Socket
/home/lmy/iot-device-classification/dataset/socket/round7_jitter/socket_r7.pcapng,R7,252,2522.368312597275,0.0018185214139521122,4.641766645363532e-05,3.919928349205293e-05,0.0002103583246935159,0.997885525226593,Socket
/home/lmy/iot-device-classification/dataset/socket/round7_jitter/socket_r7.pcapng,R7,253,2531.1391067504883,0.0011393505847081542,2.3320817490457557e-05,3.821290374617092e-05,0.00015600226470269263,0.9986431002616882,Socket
/home/lmy/iot-device-classification/dataset/socket/round7_jitter/socket_r7.pcapng,R7,254,2544.231275320053,0.0017705970676615834,1.501013230154058e-05,9.657304326537997e-05,0.0005451480392366648,0.9975727200508118,Socket
/home/lmy/iot-device-classification/dataset/socket/round7_jitter/socket_r7.pcapng,R7,255,2551.1851773262024,0.002620864426717162,2.6274685296812095e-05,3.358571484568529e-05,0.0005042363773100078,0.996815025806427,Socket
/home/lmy/iot-device-classification/dataset/socket/round7_jitter/socket_r7.pcapng,R7,256,2560.020409822464,0.0002846621791832149,3.220722283003852e-05,2.100033452734351e-05,0.0002522286958992481,0.9994099140167236,Socket
/home/lmy/iot-device-classification/dataset/socket/round7_jitter/socket_r7.pcapng,R7,257,2571.3860404491425,0.0012210835702717304,2.4111657694447786e-05,1.4832224223937374e-05,0.0001607656158739701,0.9985792636871338,Socket
/home/lmy/iot-device-classification/dataset/socket/round7_jitter/socket_r7.pcapng,R7,258,2581.2019510269165,0.002174583962187171,2.5180355805787258e-05,7.0572891672782134e-06,0.0001948677672771737,0.9975983500480652,Socket
/home/lmy/iot-device-classification/dataset/socket/round7_jitter/socket_r7.pcapng,R7,259,2590.082585811615,0.0011862250976264477,1.5135645298869349e-05,3.2798576285131276e-05,0.00027695836615748703,0.9984889030456543,Socket
/home/lmy/iot-device-classification/dataset/socket/round7_jitter/socket_r7.pcapng,R7,260,2603.4458396434784,0.0011468378361314535,1.911001709231641e-05,6.64545368636027e-05,7.57411980885081e-05,0.9986918568611145,Socket
/home/lmy/iot-device-classification/dataset/socket/round7_jitter/socket_r7.pcapng,R7,261,2610.666484117508,0.0035317549481987953,4.361557512311265e-05,7.908108091214672e-05,0.0003325369907543063,0.9960130453109741,Socket
/home/lmy/iot-device-classification/dataset/socket/round7_jitter/socket_r7.pcapng,R7,262,2621.552920818329,0.0015675182221457362,1.8945585907204077e-05,0.000107115316495765,5.4999803978716955e-05,0.9982513785362244,Socket
/home/lmy/iot-device-classification/dataset/socket/round7_jitter/socket_r7.pcapng,R7,263,2630.036587715149,0.0016868871171027422,1.932402119564358e-05,0.016902994364500046,0.00023617889382876456,0.9811546206474304,Socket
/home/lmy/iot-device-classification/dataset/socket/round7_jitter/socket_r7.pcapng,R7,264,2640.6884829998016,0.002464540069922805,6.0079673858126625e-05,6.4484083850402385e-06,0.00022488653485197574,0.9972440004348755,Socket
/home/lmy/iot-device-classification/dataset/socket/round7_jitter/socket_r7.pcapng,R7,265,2653.783318996429,0.0011578395497053862,1.684900234977249e-05,0.00017493103223387152,0.00011557946709217504,0.9985347986221313,Socket
/home/lmy/iot-device-classification/dataset/socket/round7_jitter/socket_r7.pcapng,R7,266,2660.682715892792,0.0017022006213665009,3.0435676308115944e-05,3.0511993827531114e-05,7.990640733623877e-05,0.9981569647789001,Socket
/home/lmy/iot-device-classification/dataset/socket/round7_jitter/socket_r7.pcapng,R7,267,2670.571419239044,0.002911514136940241,3.178239057888277e-05,5.28612217749469e-05,8.349096606252715e-05,0.9969203472137451,Socket
/home/lmy/iot-device-classification/dataset/socket/round7_jitter/socket_r7.pcapng,R7,268,2682.553022623062,0.0013116947375237942,3.803547951974906e-05,0.0007964735850691795,5.9814472479047254e-05,0.9977940320968628,Socket
/home/lmy/iot-device-classification/dataset/socket/round7_jitter/socket_r7.pcapng,R7,269,2693.4126777648926,0.0010087551781907678,1.8689070202526636e-05,0.002828798955306411,7.128200377337635e-05,0.99607253074646,Socket
/home/lmy/iot-device-classification/dataset/socket/round7_jitter/socket_r7.pcapng,R7,270,2701.021677017212,0.0030417272355407476,3.154590740450658e-05,6.520767055917531e-05,0.0004937706980854273,0.9963676929473877,Socket
/home/lmy/iot-device-classification/dataset/socket/round7_jitter/socket_r7.pcapng,R7,271,2710.1666264534,0.001290667336434126,4.7952642489690334e-05,0.001371114980429411,0.000207487479201518,0.9970827698707581,Socket
/home/lmy/iot-device-classification/dataset/socket/round7_jitter/socket_r7.pcapng,R7,272,2720.0321962833405,0.002129733795300126,2.8000415113638155e-05,0.00011991617793682963,0.0015635902527719736,0.99615877866745,Socket
/home/lmy/iot-device-classification/dataset/socket/round7_jitter/socket_r7.pcapng,R7,273,2731.1491837501526,0.003102569142356515,2.8163873139419593e-05,4.454083682503551e-05,0.00031491805566474795,0.996509850025177,Socket
/home/lmy/iot-device-classification/dataset/socket/round7_jitter/socket_r7.pcapng,R7,274,2740.329580783844,0.001124661066569388,1.844311918830499e-05,0.00010790723899845034,0.00011882707622135058,0.998630166053772,Socket
/home/lmy/iot-device-classification/dataset/socket/round7_jitter/socket_r7.pcapng,R7,275,2751.308354139328,0.0005376467015594244,2.324631168448832e-05,1.8835691662388854e-05,0.0001334577682428062,0.9992868304252625,Socket
/home/lmy/iot-device-classification/dataset/socket/round7_jitter/socket_r7.pcapng,R7,276,2762.6315772533417,0.002933202078565955,4.595018981490284e-05,6.0596670664381236e-05,0.0003147480310872197,0.9966455101966858,Socket
/home/lmy/iot-device-classification/dataset/socket/round7_jitter/socket_r7.pcapng,R7,277,2771.8355758190155,0.0011860191589221358,2.77221406577155e-05,8.655212877783924e-05,0.0002079793339362368,0.9984917640686035,Socket
/home/lmy/iot-device-classification/dataset/socket/round7_jitter/socket_r7.pcapng,R7,278,2782.518562793732,0.0003850362845696509,2.1856623789062724e-05,3.230633956263773e-05,0.001006413483992219,0.9985544085502625,Socket
/home/lmy/iot-device-classification/dataset/socket/round7_jitter/socket_r7.pcapng,R7,279,2790.3033480644226,0.001279926858842373,3.6983601603424177e-05,0.00012247104314155877,0.0007267621112987399,0.9978339076042175,Socket
/home/lmy/iot-device-classification/dataset/socket/round7_jitter/socket_r7.pcapng,R7,280,2801.244903802872,0.001164185581728816,1.7316471712547354e-05,8.276658627437428e-05,9.721217793412507e-05,0.9986385703086853,Socket
/home/lmy/iot-device-classification/dataset/socket/round7_jitter/socket_r7.pcapng,R7,281,2814.294346809387,0.0010901654604822397,1.962827445822768e-05,0.00013610644964501262,0.00019924971275031567,0.9985548853874207,Socket
/home/lmy/iot-device-classification/dataset/socket/round7_jitter/socket_r7.pcapng,R7,282,2820.809970140457,0.002244500210508704,2.186130041081924e-05,6.024194590281695e-05,0.0002712732821237296,0.9974021911621094,Socket
/home/lmy/iot-device-classification/dataset/socket/round7_jitter/socket_r7.pcapng,R7,283,2830.3381354808807,0.0014810098800808191,1.643090399738867e-05,0.00017963751452043653,0.00012055829574819654,0.9982023239135742,Socket
/home/lmy/iot-device-classification/dataset/socket/round7_jitter/socket_r7.pcapng,R7,284,2842.643158435821,0.0016078561311587691,1.2402646461850964e-05,0.002391304587945342,8.173196692951024e-05,0.9959067106246948,Socket
/home/lmy/iot-device-classification/dataset/socket/round7_jitter/socket_r7.pcapng,R7,285,2850.2600293159485,0.003043483942747116,1.3184180716052651e-05,0.0010468688560649753,0.00043117336463183165,0.9954653382301331,Socket
/home/lmy/iot-device-classification/dataset/socket/round7_jitter/socket_r7.pcapng,R7,286,2860.0441584587097,0.0014524701982736588,1.4730409930052701e-05,5.016142677050084e-05,0.00012585507647600025,0.9983567595481873,Socket
/home/lmy/iot-device-classification/dataset/socket/round7_jitter/socket_r7.pcapng,R7,287,2871.7167620658875,0.0016338365385308862,1.5971474567777477e-05,0.0001515685289632529,0.00018594968423712999,0.9980126619338989,Socket
/home/lmy/iot-device-classification/dataset/socket/round7_jitter/socket_r7.pcapng,R7,288,2882.7325406074524,0.003160950494930148,2.0090659745619632e-05,3.736514918273315e-05,0.0004344864864833653,0.9963471293449402,Socket
/home/lmy/iot-device-classification/dataset/socket/round7_jitter/socket_r7.pcapng,R7,289,2890.5165803432465,0.0011111866915598512,1.551066270621959e-05,4.136547431699e-05,0.00013436035078484565,0.9986975193023682,Socket
/home/lmy/iot-device-classification/dataset/socket/round7_jitter/socket_r7.pcapng,R7,290,2900.123165369034,0.0014873543987050653,2.031255280598998e-05,0.00031349953496828675,0.0001432032440789044,0.9980356097221375,Socket
/home/lmy/iot-device-classification/dataset/socket/round7_jitter/socket_r7.pcapng,R7,291,2910.074242591858,0.00046268512960523367,4.087288471055217e-05,0.0020622210577130318,0.0008590547367930412,0.9965751767158508,Socket
/home/lmy/iot-device-classification/dataset/socket/round7_jitter/socket_r7.pcapng,R7,292,2921.7175669670105,0.0011030960595235229,2.6507388611207716e-05,0.0015207758406177163,0.0001164685600087978,0.9972332119941711,Socket
/home/lmy/iot-device-classification/dataset/socket/round7_jitter/socket_r7.pcapng,R7,293,2930.706301212311,0.0011133052175864577,2.6886662453762256e-05,1.0694275260902941e-05,0.00029414365417324007,0.9985550045967102,Socket
/home/lmy/iot-device-classification/dataset/socket/round7_jitter/socket_r7.pcapng,R7,294,2940.5064249038696,0.003270146669819951,1.414963753632037e-05,0.0009507556678727269,0.00047780745080672204,0.9952870607376099,Socket
/home/lmy/iot-device-classification/dataset/socket/round7_jitter/socket_r7.pcapng,R7,295,2950.298408269882,0.0013489412376657128,2.4628183382446878e-05,4.238769906805828e-05,0.00011370723223080859,0.9984703660011292,Socket
/home/lmy/iot-device-classification/dataset/socket/round7_jitter/socket_r7.pcapng,R7,296,2962.478224992752,0.0010661222040653229,1.3935719834989868e-05,5.145878458279185e-05,0.0005152249941602349,0.9983532428741455,Socket
/home/lmy/iot-device-classification/dataset/socket/round7_jitter/socket_r7.pcapng,R7,297,2970.5987582206726,0.002568062162026763,3.3794658520491794e-05,2.042835512838792e-05,0.00020397704793140292,0.9971736669540405,Socket
/home/lmy/iot-device-classification/dataset/socket/round7_jitter/socket_r7.pcapng,R7,298,2980.592135667801,0.0009731055470183492,1.9566616174415685e-05,2.607085116324015e-05,0.0001225344167323783,0.9988586902618408,Socket
/home/lmy/iot-device-classification/dataset/socket/round7_jitter/socket_r7.pcapng,R7,299,2991.81205701828,0.0014192317612469196,1.789140878827311e-05,6.788698374293745e-05,4.6818237024126574e-05,0.9984481334686279,Socket
/home/lmy/iot-device-classification/dataset/socket/round7_jitter/socket_r7.pcapng,R7,300,3002.7041721343994,0.0030834234785288572,3.74938863387797e-05,0.0012513974215835333,0.00019947112014051527,0.995428204536438,Socket
/home/lmy/iot-device-classification/dataset/socket/round7_jitter/socket_r7.pcapng,R7,301,3010.226236343384,0.0011578488629311323,1.279584648727905e-05,5.052165943197906e-05,0.0004245018644724041,0.9983543157577515,Socket
/home/lmy/iot-device-classification/dataset/socket/round7_jitter/socket_r7.pcapng,R7,302,3023.0908510684967,0.0014103528810665011,1.7276131984544918e-05,0.0020701130852103233,8.650687232147902e-05,0.9964157342910767,Socket
/home/lmy/iot-device-classification/dataset/socket/round7_jitter/socket_r7.pcapng,R7,303,3032.7500603199005,0.0004381115431897342,8.653427357785404e-05,0.005769025534391403,0.00018082393216900527,0.993525505065918,Socket
/home/lmy/iot-device-classification/dataset/socket/round7_jitter/socket_r7.pcapng,R7,304,3040.7172780036926,8.408565918216482e-05,2.4104938347591087e-05,0.007729826029390097,0.0007707264157943428,0.9913913011550903,Socket
/home/lmy/iot-device-classification/dataset/socket/round7_jitter/socket_r7.pcapng,R7,305,3050.511643409729,0.0016458699246868491,1.3204155038692988e-05,9.490549564361572e-05,0.00012049247015966102,0.9981254935264587,Socket
/home/lmy/iot-device-classification/dataset/socket/round7_jitter/socket_r7.pcapng,R7,306,3062.81133556366,0.0032415934838354588,4.638795871869661e-05,5.592665547737852e-05,0.0002116257237503305,0.9964445233345032,Socket
/home/lmy/iot-device-classification/dataset/socket/round7_jitter/socket_r7.pcapng,R7,307,3071.127609729767,0.0017835745820775628,1.4790335626457818e-05,7.1722584834788e-05,0.00016893487190827727,0.9979609251022339,Socket
/home/lmy/iot-device-classification/dataset/socket/round7_jitter/socket_r7.pcapng,R7,308,3084.237448453903,0.0013645516010001302,1.2481536941777449e-05,7.107225974323228e-05,0.0006328282761387527,0.9979190230369568,Socket
/home/lmy/iot-device-classification/dataset/socket/round7_jitter/socket_r7.pcapng,R7,309,3091.3105533123016,0.002802383154630661,2.8250680770725012e-05,2.7034635422751307e-05,0.00022662778792437166,0.9969156980514526,Socket
/home/lmy/iot-device-classification/dataset/socket/round7_jitter/socket_r7.pcapng,R7,310,3105.2948548793797,0.0009536758880130947,3.036370617337525e-05,0.0001546048588352278,0.00018493228708393872,0.9986763596534729,Socket
/home/lmy/iot-device-classification/dataset/socket/round7_jitter/socket_r7.pcapng,R7,311,3112.4780876636505,0.0014860373921692371,1.323645847151056e-05,5.457184306578711e-05,0.00010524667595745996,0.9983408451080322,Socket
/home/lmy/iot-device-classification/dataset/socket/round7_jitter/socket_r7.pcapng,R7,312,3122.7992730140686,0.003100534901022911,1.995409547816962e-05,2.403808139206376e-05,0.0009662771481089294,0.9958892464637756,Socket
/home/lmy/iot-device-classification/dataset/socket/round7_jitter/socket_r7.pcapng,R7,313,3130.9479365348816,0.0012327610747888684,1.6440490071545355e-05,0.00010481486970093101,0.000421217642724514,0.9982247948646545,Socket
/home/lmy/iot-device-classification/dataset/socket/round7_jitter/socket_r7.pcapng,R7,314,3141.5208048820496,0.0003808912879321724,3.293187546660192e-05,0.0003163681540172547,0.0004990173620171845,0.9987707734107971,Socket
/home/lmy/iot-device-classification/dataset/socket/round7_jitter/socket_r7.pcapng,R7,315,3150.5810260772705,0.003124470356851816,1.2465579857234843e-05,5.9078778576804325e-05,0.0006187510443851352,0.9961852431297302,Socket
/home/lmy/iot-device-classification/dataset/socket/round7_jitter/socket_r7.pcapng,R7,316,3162.560515642166,0.0008921527187339962,4.50391999038402e-05,6.268568540690467e-05,0.00015992151747923344,0.9988402724266052,Socket
/home/lmy/iot-device-classification/dataset/socket/round7_jitter/socket_r7.pcapng,R7,317,3170.2693490982056,8.587243064539507e-05,5.0302969611948356e-05,0.0010329792276024818,0.0015068120555952191,0.9973239898681641,Socket
/home/lmy/iot-device-classification/dataset/socket/round7_jitter/socket_r7.pcapng,R7,318,3180.918244600296,0.0015923423925414681,4.9250600568484515e-05,0.000184346703463234,0.0003996932355221361,0.9977743029594421,Socket
/home/lmy/iot-device-classification/dataset/socket/round7_jitter/socket_r7.pcapng,R7,319,3192.75447010994,0.0004176485235802829,1.814170173020102e-05,1.4750745322089642e-05,0.0007217420497909188,0.9988277554512024,Socket
/home/lmy/iot-device-classification/dataset/socket/round7_jitter/socket_r7.pcapng,R7,320,3206.535153388977,0.000537076557520777,3.003796882694587e-05,2.8021837351843715e-05,0.0015308556612581015,0.9978740215301514,Socket
/home/lmy/iot-device-classification/dataset/socket/round7_jitter/socket_r7.pcapng,R7,321,3213.352467775345,0.001605812693014741,1.7595846657059155e-05,3.994826693087816e-05,0.000772594241425395,0.9975640773773193,Socket
/home/lmy/iot-device-classification/dataset/socket/round7_jitter/socket_r7.pcapng,R7,322,3224.708929300308,0.0006031865486875176,8.074029756244272e-05,0.00027540107839740813,5.9796420828206465e-05,0.9989808201789856,Socket
/home/lmy/iot-device-classification/dataset/socket/round7_jitter/socket_r7.pcapng,R7,323,3230.007579088211,0.001186970854178071,3.300055686850101e-05,2.3348133254330605e-05,7.680340786464512e-05,0.9986798167228699,Socket
/home/lmy/iot-device-classification/dataset/socket/round7_jitter/socket_r7.pcapng,R7,324,3240.1007840633392,0.0028789464849978685,1.8685948816710152e-05,4.090570655534975e-05,0.0006993231945671141,0.9963621497154236,Socket
/home/lmy/iot-device-classification/dataset/socket/round7_jitter/socket_r7.pcapng,R7,325,3251.112860441208,0.001195948221720755,1.5221611647575628e-05,0.00018159921455662698,0.0001394844293827191,0.998467743396759,Socket
/home/lmy/iot-device-classification/dataset/socket/round7_jitter/socket_r7.pcapng,R7,326,3265.201575756073,0.0013017015298828483,2.3402879378409125e-05,9.511415555607527e-05,0.000267835333943367,0.9983119964599609,Socket
/home/lmy/iot-device-classification/dataset/socket/round7_jitter/socket_r7.pcapng,R7,327,3270.867155790329,0.0017558442195877433,0.00010922843648586422,3.23574677167926e-05,0.00021341860701795667,0.9978891015052795,Socket
/home/lmy/iot-device-classification/dataset/socket/round7_jitter/socket_r7.pcapng,R7,328,3281.310869216919,0.00046564603690057993,2.0813968149013817e-05,2.967605905723758e-05,0.0006867110496386886,0.9987971782684326,Socket
/home/lmy/iot-device-classification/dataset/socket/round7_jitter/socket_r7.pcapng,R7,329,3291.1008117198944,0.0021551051177084446,2.3348899048869498e-05,0.00013270734052639455,0.0001680445857346058,0.9975207448005676,Socket
/home/lmy/iot-device-classification/dataset/socket/round7_jitter/socket_r7.pcapng,R7,330,3302.964433193207,0.0001884121011244133,2.9273554901010357e-05,0.0008818309870548546,0.000746437581256032,0.9981539845466614,Socket
/home/lmy/iot-device-classification/dataset/socket/round7_jitter/socket_r7.pcapng,R7,331,3310.065604925156,0.0012576528824865818,2.3315989892580546e-05,0.001594669884070754,0.00010381302854511887,0.9970205426216125,Socket
/home/lmy/iot-device-classification/dataset/socket/round7_jitter/socket_r7.pcapng,R7,332,3320.50114941597,0.0005494438228197396,3.117026426480152e-05,1.7394522728864104e-05,0.0013254767982289195,0.9980765581130981,Socket
/home/lmy/iot-device-classification/dataset/socket/round7_jitter/socket_r7.pcapng,R7,333,3330.000492811203,0.00153758202213794,5.503796273842454e-05,1.4220884622773156e-05,0.0003823269216809422,0.9980108141899109,Socket
/home/lmy/iot-device-classification/dataset/socket/round7_jitter/socket_r7.pcapng,R7,334,3340.0401496887207,0.0009720262605696917,2.005524220294319e-05,0.000131326392875053,0.00017806135292630643,0.9986984729766846,Socket
/home/lmy/iot-device-classification/dataset/socket/round7_jitter/socket_r7.pcapng,R7,335,3352.471880674362,0.00036058880505152047,6.548292731167749e-05,3.1524010410066694e-05,0.00031047724769450724,0.9992319345474243,Socket
/home/lmy/iot-device-classification/dataset/socket/round7_jitter/socket_r7.pcapng,R7,336,3361.0108077526093,0.002090614289045334,2.000350104935933e-05,1.4672887118649669e-05,0.0007965126424096525,0.9970781803131104,Socket
/home/lmy/iot-device-classification/dataset/socket/round7_jitter/socket_r7.pcapng,R7,337,3370.1070580482483,0.0023621288128197193,2.0471294192248024e-05,4.984874976798892e-05,0.00011833552707685158,0.9974492192268372,Socket
/home/lmy/iot-device-classification/dataset/socket/round7_jitter/socket_r7.pcapng,R7,338,3382.914865732193,0.0017672631656751037,1.2662259905482642e-05,4.8832662287168205e-05,0.00015726633137091994,0.998013973236084,Socket
/home/lmy/iot-device-classification/dataset/socket/round7_jitter/socket_r7.pcapng,R7,339,3391.2433433532715,0.0015163153875619173,4.2263880459358916e-05,1.872088796517346e-05,0.0008218567236326635,0.9976008534431458,Socket
/home/lmy/iot-device-classification/dataset/socket/round7_jitter/socket_r7.pcapng,R7,340,3402.321480512619,0.0005716599407605827,2.2115325919003226e-05,0.0025151241570711136,0.00022013724083080888,0.9966710209846497,Socket
/home/lmy/iot-device-classification/dataset/socket/round7_jitter/socket_r7.pcapng,R7,341,3410.981472492218,0.00117688556201756,1.1826166883111e-05,0.00011984854063484818,0.00021063582971692085,0.9984808564186096,Socket
/home/lmy/iot-device-classification/dataset/socket/round7_jitter/socket_r7.pcapng,R7,342,3420.6895649433136,0.003014985239133239,2.1572941477643326e-05,7.512811862397939e-05,0.00023554672952741385,0.9966527819633484,Socket
/home/lmy/iot-device-classification/dataset/socket/round7_jitter/socket_r7.pcapng,R7,343,3434.150338411331,0.0011380222858861089,1.865429112513084e-05,4.275719038560055e-05,0.0004867258539889008,0.9983139038085938,Socket
/home/lmy/iot-device-classification/dataset/socket/round7_jitter/socket_r7.pcapng,R7,344,3440.412162065506,0.0004668162146117538,2.395913725194987e-05,2.0245795894879848e-05,0.00013022513303440064,0.9993587136268616,Socket
/home/lmy/iot-device-classification/dataset/socket/round7_jitter/socket_r7.pcapng,R7,345,3450.223470211029,0.0028590962756425142,5.093619620311074e-05,1.2276231245778035e-05,0.00028394380933605134,0.9967936873435974,Socket
/home/lmy/iot-device-classification/dataset/socket/round7_jitter/socket_r7.pcapng,R7,346,3463.251746892929,0.0011613158276304603,1.446217720513232e-05,9.544582280796021e-05,0.0001377039880026132,0.9985910058021545,Socket
/home/lmy/iot-device-classification/dataset/socket/round7_jitter/socket_r7.pcapng,R7,347,3470.872660636902,0.0010990537703037262,1.5082625395734794e-05,0.00022618578805122524,0.00012369549949653447,0.9985359907150269,Socket
/home/lmy/iot-device-classification/dataset/socket/round7_jitter/socket_r7.pcapng,R7,348,3483.136247396469,0.00028367366758175194,7.145923154894263e-05,0.00021389707399066538,0.0007477205945178866,0.9986832737922668,Socket
/home/lmy/iot-device-classification/dataset/socket/round7_jitter/socket_r7.pcapng,R7,349,3491.4880537986755,0.0007457251776941121,1.5661351426388137e-05,0.002488613361492753,0.0001684727321844548,0.996581494808197,Socket
/home/lmy/iot-device-classification/dataset/socket/round7_jitter/socket_r7.pcapng,R7,350,3502.606733560562,0.001395442639477551,1.3684966688742861e-05,0.00013684778241440654,0.00020874934853054583,0.9982452392578125,Socket
/home/lmy/iot-device-classification/dataset/socket/round7_jitter/socket_r7.pcapng,R7,351,3513.186050415039,0.0031017104629427195,2.8628846848732792e-05,3.9498314436059445e-05,0.000564341142307967,0.9962658286094666,Socket
/home/lmy/iot-device-classification/dataset/socket/round7_jitter/socket_r7.pcapng,R7,352,3521.0822908878326,0.0013107428094372153,1.441476160835009e-05,7.663953147130087e-05,0.00013526514521799982,0.9984629154205322,Socket
/home/lmy/iot-device-classification/dataset/socket/round7_jitter/socket_r7.pcapng,R7,353,3531.984581708908,0.0011781855719164014,1.7791291611501947e-05,0.0002873206976801157,0.0001562491524964571,0.9983604550361633,Socket
/home/lmy/iot-device-classification/dataset/socket/round7_jitter/socket_r7.pcapng,R7,354,3540.66441321373,0.0009424875024706125,2.1139314412721433e-05,3.808867040788755e-05,0.00047281591105274856,0.9985254406929016,Socket
/home/lmy/iot-device-classification/dataset/socket/round7_jitter/socket_r7.pcapng,R7,355,3554.8039412498474,0.0014614572282880545,1.1221571185160428e-05,0.00018496207485441118,0.000938618672080338,0.9974036812782288,Socket
/home/lmy/iot-device-classification/dataset/socket/round7_jitter/socket_r7.pcapng,R7,356,3561.860139131546,0.00042434802162460983,4.28435523645021e-05,1.745051849866286e-05,0.00029956450453028083,0.9992157220840454,Socket
/home/lmy/iot-device-classification/dataset/socket/round7_jitter/socket_r7.pcapng,R7,357,3571.954396009445,0.0032088763546198606,2.207875695603434e-05,5.0518250645836815e-05,0.0008877168875187635,0.9958308339118958,Socket
/home/lmy/iot-device-classification/dataset/socket/round7_jitter/socket_r7.pcapng,R7,358,3580.122948884964,0.0020150006748735905,1.5050673027872108e-05,0.0015816586092114449,9.504456102149561e-05,0.9962932467460632,Socket
/home/lmy/iot-device-classification/dataset/socket/round7_jitter/socket_r7.pcapng,R7,359,3596.036445379257,0.001376028056256473,1.4268168342823628e-05,0.002863201778382063,6.998360913712531e-05,0.995676577091217,Socket
/home/lmy/iot-device-classification/dataset/socket/round7_jitter/socket_r7.pcapng,R7,360,3602.6747336387634,0.0032763697672635317,2.1105781343067065e-05,7.778001599945128e-05,0.000424605532316491,0.9962001442909241,Socket
/home/lmy/iot-device-classification/dataset/socket/round7_jitter/socket_r7.pcapng,R7,361,3610.3079965114594,0.0034635316114872694,2.231829785159789e-05,0.00011944740253966302,0.0040373485535383224,0.9923573732376099,Socket
/home/lmy/iot-device-classification/dataset/socket/round7_jitter/socket_r7.pcapng,R7,362,3620.104645013809,0.0003933655098080635,1.6695783415343612e-05,0.004100700840353966,0.00048223574412986636,0.9950070381164551,Socket
/home/lmy/iot-device-classification/dataset/socket/round7_jitter/socket_r7.pcapng,R7,363,3630.0654764175415,0.002850825432687998,5.0767954235197976e-05,4.20372853113804e-05,0.0006325755966827273,0.9964237809181213,Socket
/home/lmy/iot-device-classification/dataset/socket/round7_jitter/socket_r7.pcapng,R7,364,3642.321952819824,0.0003722988476511091,2.024220157181844e-05,6.460316944867373e-05,0.000642596569377929,0.998900294303894,Socket
/home/lmy/iot-device-classification/dataset/socket/round7_jitter/socket_r7.pcapng,R7,365,3654.3659031391135,0.0010680666891857982,1.4316115084511694e-05,4.867620373261161e-05,7.122227543732151e-05,0.9987976551055908,Socket
/home/lmy/iot-device-classification/dataset/socket/round7_jitter/socket_r7.pcapng,R7,366,3661.524018764496,0.0031375852413475513,1.8044467651634477e-05,9.987531666411087e-05,0.00024123898765537888,0.9965032339096069,Socket
/home/lmy/iot-device-classification/dataset/socket/round7_jitter/socket_r7.pcapng,R7,367,3671.3138909339914,0.0010192501358687878,2.0201912775519304e-05,0.000889893970452249,7.788155926391482e-05,0.997992753982544,Socket
/home/lmy/iot-device-classification/dataset/socket/round7_jitter/socket_r7.pcapng,R7,368,3682.259405374527,0.001394758466631174,1.4487088265013881e-05,0.00018377228116150945,9.631334251025692e-05,0.9983106851577759,Socket
/home/lmy/iot-device-classification/dataset/socket/round7_jitter/socket_r7.pcapng,R7,369,3692.065646409989,0.0030096748378127813,2.386151572864037e-05,0.00039998802822083235,0.00032244028989225626,0.9962440729141235,Socket
/home/lmy/iot-device-classification/dataset/socket/round7_jitter/socket_r7.pcapng,R7,370,3704.047289609909,0.0015375420916825533,1.2907999007438775e-05,6.307319563347846e-05,0.0018029349157586694,0.9965835213661194,Socket
/home/lmy/iot-device-classification/dataset/socket/round7_jitter/socket_r7.pcapng,R7,371,3711.801020145416,0.00040505806100554764,2.044456596195232e-05,0.00019049353431910276,0.000885883579030633,0.9984980821609497,Socket
/home/lmy/iot-device-classification/dataset/socket/round7_jitter/socket_r7.pcapng,R7,372,3723.5376324653625,0.004139346536248922,2.621984458528459e-05,9.302082617068663e-05,0.0008277259767055511,0.9949136972427368,Socket
/home/lmy/iot-device-classification/dataset/socket/round7_jitter/socket_r7.pcapng,R7,373,3731.293338060379,0.0011508781462907791,2.2965046809986234e-05,4.603404886438511e-05,0.0002319526975043118,0.9985480904579163,Socket
/home/lmy/iot-device-classification/dataset/socket/round7_jitter/socket_r7.pcapng,R7,374,3741.045999050141,0.0012058592401444912,1.4732580893905833e-05,0.002316008321940899,0.0001282238808926195,0.9963351488113403,Socket
/home/lmy/iot-device-classification/dataset/socket/round7_jitter/socket_r7.pcapng,R7,375,3750.077611684799,0.0004218729736749083,3.087490767939016e-05,0.0012974938144907355,0.0007852581911720335,0.9974645376205444,Socket
/home/lmy/iot-device-classification/dataset/socket/round7_jitter/socket_r7.pcapng,R7,376,3762.4871661663055,0.00061086006462574,2.5733035727171227e-05,0.0022520774509757757,0.0005284522194415331,0.9965829253196716,Socket
/home/lmy/iot-device-classification/dataset/socket/round7_jitter/socket_r7.pcapng,R7,377,3770.436052799225,0.0012359272222965956,1.757496465870645e-05,4.502689262153581e-05,0.0001152417971752584,0.9985862970352173,Socket
/home/lmy/iot-device-classification/dataset/socket/round7_jitter/socket_r7.pcapng,R7,378,3781.3356416225433,0.0010969018330797553,4.436556628206745e-05,0.00025156268384307623,0.00025797865237109363,0.9983491897583008,Socket
/home/lmy/iot-device-classification/dataset/socket/round7_jitter/socket_r7.pcapng,R7,379,3790.016022205353,0.0016517209587618709,2.3307864466914907e-05,4.742653254652396e-05,0.0001244043669430539,0.9981531500816345,Socket
/home/lmy/iot-device-classification/dataset/socket/round7_jitter/socket_r7.pcapng,R7,380,3800.906055688858,0.0012290244922041893,1.5126790458452888e-05,0.00024617271265015006,0.00016608595615252852,0.9983435869216919,Socket
/home/lmy/iot-device-classification/dataset/socket/round7_jitter/socket_r7.pcapng,R7,381,3810.376800298691,0.002978729549795389,4.873826037510298e-05,0.00039828132139518857,0.00025195401394739747,0.9963222742080688,Socket
/home/lmy/iot-device-classification/dataset/socket/round7_jitter/socket_r7.pcapng,R7,382,3823.442265510559,0.0011311982525512576,1.6408403098466806e-05,0.0003438302665017545,0.00016045119264163077,0.9983481168746948,Socket
/home/lmy/iot-device-classification/dataset/socket/round7_jitter/socket_r7.pcapng,R7,383,3830.3087174892426,0.0013535598991438746,1.6262052668025717e-05,0.0016785941552370787,0.00010048945841845125,0.9968511462211609,Socket
/home/lmy/iot-device-classification/dataset/socket/round7_jitter/socket_r7.pcapng,R7,384,3843.498911380768,0.0030555296689271927,1.9753302694880404e-05,0.0006513510597869754,0.0003356268280185759,0.995937705039978,Socket
/home/lmy/iot-device-classification/dataset/socket/round7_jitter/socket_r7.pcapng,R7,385,3852.15686416626,0.0012030625948682427,1.7894944903673604e-05,5.219392915023491e-05,9.936627611750737e-05,0.9986275434494019,Socket
/home/lmy/iot-device-classification/dataset/socket/round7_jitter/socket_r7.pcapng,R7,386,3861.937953948975,0.0016887834062799811,2.036820660578087e-05,7.621585973538458e-05,0.0003406805044505745,0.9978739023208618,Socket
/home/lmy/iot-device-classification/dataset/socket/round7_jitter/socket_r7.pcapng,R7,387,3870.243843078613,0.003227910026907921,3.116570951533504e-05,0.0006863810704089701,0.0001849079126259312,0.9958695769309998,Socket
/home/lmy/iot-device-classification/dataset/socket/round7_jitter/socket_r7.pcapng,R7,388,3883.105995416641,0.0016008206875994802,2.3352489733952098e-05,0.0008672122494317591,0.00012651088763959706,0.9973821043968201,Socket
/home/lmy/iot-device-classification/dataset/socket/round7_jitter/socket_r7.pcapng,R7,389,3892.447648525238,0.0004734905087389052,1.4095140613790136e-05,0.02691897563636303,0.0001269656786462292,0.9724665284156799,Socket
/home/lmy/iot-device-classification/dataset/socket/round7_jitter/socket_r7.pcapng,R7,390,3903.287395477295,0.003027056809514761,2.8657956136157736e-05,2.5906903829309158e-05,0.0029371182899922132,0.9939811825752258,Socket
/home/lmy/iot-device-classification/dataset/socket/round7_jitter/socket_r7.pcapng,R7,391,3910.181442975998,0.001582833589054644,2.2185440684552304e-05,5.665575008606538e-05,0.0002479497343301773,0.9980903267860413,Socket
/home/lmy/iot-device-classification/dataset/socket/round7_jitter/socket_r7.pcapng,R7,392,3924.8144912719727,0.0005477964296005666,2.8811904485337436e-05,3.766391455428675e-05,0.0029314146377146244,0.9964543581008911,Socket
/home/lmy/iot-device-classification/dataset/socket/round7_jitter/socket_r7.pcapng,R7,393,3931.577160596848,0.001980308908969164,2.3230826627695933e-05,0.00032377883326262236,0.0011283477069810033,0.9965443015098572,Socket
/home/lmy/iot-device-classification/dataset/socket/round7_jitter/socket_r7.pcapng,R7,394,3940.231239318848,0.002028820803388953,3.816661410382949e-05,0.0018463669111952186,0.0002756989561021328,0.9958109855651855,Socket
/home/lmy/iot-device-classification/dataset/socket/round7_jitter/socket_r7.pcapng,R7,395,3951.200567960739,0.0010977503843605518,1.6281153875752352e-05,6.573436985490844e-05,0.00013357505667954683,0.9986866116523743,Socket
/home/lmy/iot-device-classification/dataset/socket/round7_jitter/socket_r7.pcapng,R7,396,3963.293049812317,0.0034031514078378677,1.3970807231089566e-05,0.00131328369025141,0.00043788435868918896,0.9948316812515259,Socket
/home/lmy/iot-device-classification/dataset/socket/round7_jitter/socket_r7.pcapng,R7,397,3976.815950155258,0.0005977159016765654,2.7723343009711243e-05,0.001306089456193149,0.00026072983746416867,0.9978078007698059,Socket
/home/lmy/iot-device-classification/dataset/socket/round7_jitter/socket_r7.pcapng,R7,398,3982.322343826294,0.0012114857090637088,1.4784336599404924e-05,0.00018480149446986616,0.0010328565258532763,0.9975560903549194,Socket
/home/lmy/iot-device-classification/dataset/socket/round7_jitter/socket_r7.pcapng,R7,399,3990.95381975174,0.003084201831370592,3.839085184154101e-05,0.00041459803469479084,0.00048707122914493084,0.9959757924079895,Socket
/home/lmy/iot-device-classification/dataset/socket/round7_jitter/socket_r7.pcapng,R7,400,4000.4341220855713,0.000934676849283278,1.7921165635925718e-05,0.0017048348672688007,9.579248580848798e-05,0.9972468614578247,Socket
/home/lmy/iot-device-classification/dataset/socket/round7_jitter/socket_r7.pcapng,R7,401,4010.499786376953,0.0006446870975196362,1.9186789359082468e-05,0.0009359772084280849,0.00020713631238322705,0.9981929659843445,Socket
/home/lmy/iot-device-classification/dataset/socket/round7_jitter/socket_r7.pcapng,R7,402,4020.978120803833,0.003750229487195611,5.911997504881583e-05,2.284784204675816e-05,0.0003730048192664981,0.9957947731018066,Socket
/home/lmy/iot-device-classification/dataset/socket/round7_jitter/socket_r7.pcapng,R7,403,4031.622037410736,0.0008220288436859846,2.1808074961882085e-05,0.001870879903435707,0.00016851162945386022,0.9971168041229248,Socket
/home/lmy/iot-device-classification/dataset/socket/round7_jitter/socket_r7.pcapng,R7,404,4041.6763422489166,0.0010963279055431485,2.6033401809399948e-05,0.0001994262565858662,0.0001294240792049095,0.9985488057136536,Socket
/home/lmy/iot-device-classification/dataset/socket/round7_jitter/socket_r7.pcapng,R7,405,4050.748890399933,0.0030096438713371754,2.230903373856563e-05,2.0454981495277025e-05,0.0010162354446947575,0.9959313273429871,Socket
