source_file,round,window_id,window_start,proba_Camera,proba_Light_T1,proba_Light_XM,proba_Sensor,proba_Socket,true_label
/home/lmy/iot-device-classification/dataset/camera/round4_normal/camera_r4.pcapng,R4,0,0.0,0.9985253214836121,0.0013124821707606316,0.00012778567906934768,2.9935848942841403e-05,4.532145794655662e-06,Camera
/home/lmy/iot-device-classification/dataset/camera/round4_normal/camera_r4.pcapng,R4,1,10.05105996131897,0.9992749094963074,0.0005890008760616183,9.037127165356651e-05,3.1931125704431906e-05,1.3788156138616614e-05,Camera
/home/lmy/iot-device-classification/dataset/camera/round4_normal/camera_r4.pcapng,R4,2,20.1322500705719,0.9999816417694092,8.081413398031145e-06,5.07155391460401e-06,2.609218199722818e-06,2.5640033527452033e-06,Camera
/home/lmy/iot-device-classification/dataset/camera/round4_normal/camera_r4.pcapng,R4,3,30.206401348114014,0.9993888139724731,0.0003016232221852988,0.000294561410555616,9.186351235257462e-06,5.80069763600477e-06,Camera
/home/lmy/iot-device-classification/dataset/camera/round4_normal/camera_r4.pcapng,R4,4,40.2637939453125,0.9999707937240601,9.849723028310109e-06,1.3524268069886602e-05,2.922109842984355e-06,2.9393600016192067e-06,Camera
/home/lmy/iot-device-classification/dataset/camera/round4_normal/camera_r4.pcapng,R4,5,50.36415386199951,0.985882043838501,0.012760493904352188,0.001009638304822147,0.00020979340479243547,0.00013807156938128173,Camera
/home/lmy/iot-device-classification/dataset/camera/round4_normal/camera_r4.pcapng,R4,6,60.44436478614807,0.9996554851531982,0.00018226382962893695,0.00013516374747268856,2.2327332771965303e-05,4.73201589556993e-06,Camera
/home/lmy/iot-device-classification/dataset/camera/round4_normal/camera_r4.pcapng,R4,7,70.53503251075745,0.9995847344398499,0.00012023188901366666,5.5359301768476143e-05,0.00023377483012154698,5.904912995902123e-06,Camera
/home/lmy/iot-device-classification/dataset/camera/round4_normal/camera_r4.pcapng,R4,8,80.36957883834839,0.9997476935386658,5.895884532947093e-05,0.00018540029122959822,5.139949280419387e-06,2.8463484795793192e-06,Camera
/home/lmy/iot-device-classification/dataset/camera/round4_normal/camera_r4.pcapng,R4,9,90.6362316608429,0.9990314245223999,0.0006226273253560066,0.00026141005218960345,7.634939538547769e-05,8.220052222895902e-06,Camera
/home/lmy/iot-device-classification/dataset/camera/round4_normal/camera_r4.pcapng,R4,10,100.69785571098328,0.9950894713401794,0.004317035432904959,4.222201823722571e-05,0.0005206702626310289,3.0665629310533404e-05,Camera
/home/lmy/iot-device-classification/dataset/camera/round4_normal/camera_r4.pcapng,R4,11,110.7871868610382,0.9985615611076355,0.001387887168675661,1.849938416853547e-05,2.1802110495627858e-05,1.0249333172396291e-05,Camera
/home/lmy/iot-device-classification/dataset/camera/round4_normal/camera_r4.pcapng,R4,12,120.86366295814514,0.9996953010559082,9.781739936443046e-05,7.212190394056961e-05,0.00013077635958325118,4.009648364444729e-06,Camera
/home/lmy/iot-device-classification/dataset/camera/round4_normal/camera_r4.pcapng,R4,13,130.29250121116638,0.994448184967041,0.005328319035470486,9.686373959993944e-05,5.35241088073235e-05,7.306659972527996e-05,Camera
/home/lmy/iot-device-classification/dataset/camera/round4_normal/camera_r4.pcapng,R4,14,140.9555606842041,0.9999021291732788,4.9575410230318084e-05,3.981509871664457e-05,4.358138994575711e-06,4.112512215215247e-06,Camera
/home/lmy/iot-device-classification/dataset/camera/round4_normal/camera_r4.pcapng,R4,15,151.00046038627625,0.9856510758399963,0.013683984987437725,0.00058307487051934,6.56929551041685e-05,1.6178168152691796e-05,Camera
/home/lmy/iot-device-classification/dataset/camera/round4_normal/camera_r4.pcapng,R4,16,160.5225944519043,0.9980123043060303,0.0019503742223605514,1.6629475794616155e-05,1.2191983842058107e-05,8.510971383657306e-06,Camera
/home/lmy/iot-device-classification/dataset/camera/round4_normal/camera_r4.pcapng,R4,17,171.14076948165894,0.9999322891235352,3.2808296964503825e-05,1.0894247679971159e-05,2.1483871023519896e-05,2.5058513983822195e-06,Camera
/home/lmy/iot-device-classification/dataset/camera/round4_normal/camera_r4.pcapng,R4,18,181.2028772830963,0.998670220375061,0.0010035717859864235,0.00013180196401663125,0.00018916108820121735,5.23954804521054e-06,Camera
/home/lmy/iot-device-classification/dataset/camera/round4_normal/camera_r4.pcapng,R4,19,191.28461074829104,0.9992148876190186,0.0006973132258281112,5.8948109654011205e-05,2.0834808310610242e-05,7.994316547410563e-06,Camera
/home/lmy/iot-device-classification/dataset/camera/round4_normal/camera_r4.pcapng,R4,20,201.3544638156891,0.878681480884552,0.12103358656167984,0.00018711373559199274,5.1750175771303475e-05,4.60750816273503e-05,Camera
/home/lmy/iot-device-classification/dataset/camera/round4_normal/camera_r4.pcapng,R4,21,211.40358805656436,0.9993767142295837,0.0005262410850264132,8.041589171625674e-05,1.1785965398303233e-05,4.923585493088467e-06,Camera
/home/lmy/iot-device-classification/dataset/camera/round4_normal/camera_r4.pcapng,R4,22,221.53100275993347,0.9994340538978577,0.00024842683342285454,0.0003041554882656783,6.849596502433997e-06,6.469902473327238e-06,Camera
/home/lmy/iot-device-classification/dataset/camera/round4_normal/camera_r4.pcapng,R4,23,231.5542848110199,0.9997846484184265,0.00018443366570863873,1.2860235983680468e-05,1.5203144357656129e-05,2.921543455158826e-06,Camera
/home/lmy/iot-device-classification/dataset/camera/round4_normal/camera_r4.pcapng,R4,24,241.6179747581482,0.23440909385681152,0.7597543001174927,0.004929577931761742,0.0006197327165864408,0.0002873378398362547,Camera
/home/lmy/iot-device-classification/dataset/camera/round4_normal/camera_r4.pcapng,R4,25,251.74630784988403,0.998401939868927,0.0014346307143568993,0.00010604756971588358,3.752807970158756e-05,1.9887342205038294e-05,Camera
/home/lmy/iot-device-classification/dataset/camera/round4_normal/camera_r4.pcapng,R4,26,261.7367215156555,0.9998226761817932,0.0001350188540527597,2.8159687644802034e-05,7.882060344854835e-06,6.258630037336843e-06,Camera
/home/lmy/iot-device-classification/dataset/camera/round4_normal/camera_r4.pcapng,R4,27,271.82214546203613,0.9987288117408752,0.0011306420201435685,0.00012865800817962736,5.51444918528432e-06,6.314814527286217e-06,Camera
/home/lmy/iot-device-classification/dataset/camera/round4_normal/camera_r4.pcapng,R4,28,281.8771119117737,0.9997060894966125,0.00024728052085265517,8.244318451033905e-06,3.164725785609335e-05,6.6613670242077205e-06,Camera
/home/lmy/iot-device-classification/dataset/camera/round4_normal/camera_r4.pcapng,R4,29,291.93804001808167,0.9442695379257202,0.055226169526576996,0.00017059370293281972,0.00025712591013871133,7.665113662369549e-05,Camera
/home/lmy/iot-device-classification/dataset/camera/round4_normal/camera_r4.pcapng,R4,30,301.0903558731079,0.9961485862731934,0.0034553923178464174,0.000286347494693473,8.848722063703462e-05,2.1243253286229447e-05,Camera
/home/lmy/iot-device-classification/dataset/camera/round4_normal/camera_r4.pcapng,R4,31,312.0601005554199,0.9996335506439209,0.0002745045640040189,1.1300350706733298e-05,7.572597678517923e-05,4.9433060667070094e-06,Camera
/home/lmy/iot-device-classification/dataset/camera/round4_normal/camera_r4.pcapng,R4,32,321.665463924408,0.999882698059082,9.606913226889446e-05,7.662941243324894e-06,7.786874448356684e-06,5.755633083026623e-06,Camera
/home/lmy/iot-device-classification/dataset/camera/round4_normal/camera_r4.pcapng,R4,33,332.1666524410248,0.6708346009254456,0.32713693380355835,0.0012227947590872645,0.0007550099398940802,5.065260484116152e-05,Camera
/home/lmy/iot-device-classification/dataset/camera/round4_normal/camera_r4.pcapng,R4,34,341.03269267082214,0.999811589717865,0.00015882418665569276,1.4943383575882763e-05,1.019327282847371e-05,4.516327408055076e-06,Camera
/home/lmy/iot-device-classification/dataset/camera/round4_normal/camera_r4.pcapng,R4,35,352.31498098373413,0.9998492002487183,0.00010283580922987312,3.588348408811726e-05,8.714914656593464e-06,3.3470553262304747e-06,Camera
/home/lmy/iot-device-classification/dataset/camera/round4_normal/camera_r4.pcapng,R4,36,362.36438035964966,0.9995729327201843,0.0003324219142086804,6.277547072386369e-05,2.7590627723839134e-05,4.2489559746172745e-06,Camera
/home/lmy/iot-device-classification/dataset/camera/round4_normal/camera_r4.pcapng,R4,37,372.434054851532,0.999778687953949,0.00017483418923802674,2.5636700229370035e-05,1.3469249097397551e-05,7.403450581477955e-06,Camera
/home/lmy/iot-device-classification/dataset/camera/round4_normal/camera_r4.pcapng,R4,38,382.23567485809326,0.9998763799667358,4.903444278170355e-05,5.827006316394545e-05,1.1319513760099653e-05,4.940264716424281e-06,Camera
/home/lmy/iot-device-classification/dataset/camera/round4_normal/camera_r4.pcapng,R4,39,392.5711944103241,0.999843955039978,1.713113670120947e-05,8.285898366011679e-05,5.143011367181316e-05,4.618043931259308e-06,Camera
/home/lmy/iot-device-classification/dataset/camera/round4_normal/camera_r4.pcapng,R4,40,402.6334104537964,0.9994613528251648,0.00046580727212131023,2.106026113324333e-05,3.725635542650707e-05,1.448667262593517e-05,Camera
/home/lmy/iot-device-classification/dataset/camera/round4_normal/camera_r4.pcapng,R4,41,412.6800956726074,0.960506021976471,0.03876914456486702,0.00023980003606993705,0.00042524951277300715,5.981009599054232e-05,Camera
/home/lmy/iot-device-classification/dataset/camera/round4_normal/camera_r4.pcapng,R4,42,421.9614703655243,0.999160647392273,0.0006951228715479374,0.00013620901154354215,3.839817964035319e-06,4.24731706516468e-06,Camera
/home/lmy/iot-device-classification/dataset/camera/round4_normal/camera_r4.pcapng,R4,43,431.89617681503296,0.9934388995170593,0.0014489996246993542,0.0046311947517097,0.00040957980672828853,7.13724730303511e-05,Camera
/home/lmy/iot-device-classification/dataset/camera/round4_normal/camera_r4.pcapng,R4,44,442.2963411808014,0.9999301433563232,2.98624891001964e-05,2.6703339244704694e-05,1.0508734703762457e-05,2.827548769346322e-06,Camera
/home/lmy/iot-device-classification/dataset/camera/round4_normal/camera_r4.pcapng,R4,45,453.0678894519806,0.999518871307373,0.0002878549275919795,0.00012404975132085383,6.400245183613151e-05,5.238587164058117e-06,Camera
/home/lmy/iot-device-classification/dataset/camera/round4_normal/camera_r4.pcapng,R4,46,463.0429193973541,0.9972466230392456,0.0026841897051781416,2.6057112336275168e-05,3.0164090276230127e-05,1.2981531654077116e-05,Camera
/home/lmy/iot-device-classification/dataset/camera/round4_normal/camera_r4.pcapng,R4,47,473.05008840560913,0.9982507824897766,0.0014126355526968837,7.307663327082992e-05,0.00019835590501315892,6.511618994409218e-05,Camera
/home/lmy/iot-device-classification/dataset/camera/round4_normal/camera_r4.pcapng,R4,48,483.0598754882813,0.9997140765190125,7.833879499230534e-05,0.00020057694928254932,3.365434849911253e-06,3.5781233691523084e-06,Camera
/home/lmy/iot-device-classification/dataset/camera/round4_normal/camera_r4.pcapng,R4,49,492.2132215499878,0.9959179759025574,0.003064656164497137,0.00017118056712206453,0.0006870129145681858,0.00015914614778012037,Camera
/home/lmy/iot-device-classification/dataset/camera/round4_normal/camera_r4.pcapng,R4,50,503.0796935558319,0.9998725652694702,4.7441448259633034e-05,1.4890122656652238e-05,5.976823013043031e-05,5.320885065884795e-06,Camera
/home/lmy/iot-device-classification/dataset/camera/round4_normal/camera_r4.pcapng,R4,51,510.3158664703369,0.9979320764541626,0.0017313910648226738,0.0001999328233068809,0.0001239764242200181,1.2588031495397445e-05,Camera
/home/lmy/iot-device-classification/dataset/camera/round4_normal/camera_r4.pcapng,R4,52,523.100161075592,0.9996963739395142,0.00024834772921167314,1.543049256724771e-05,2.9630600693053566e-05,1.0283376468578354e-05,Camera
/home/lmy/iot-device-classification/dataset/camera/round4_normal/camera_r4.pcapng,R4,53,531.1468229293823,0.9999110698699951,1.732840246404521e-05,4.5618573494721204e-05,1.9826475181616843e-05,6.135035619081464e-06,Camera
/home/lmy/iot-device-classification/dataset/camera/round4_normal/camera_r4.pcapng,R4,54,543.1202988624573,0.9994354844093323,0.00039921278948895633,8.15519379102625e-05,7.827985245967284e-05,5.488560418598354e-06,Camera
/home/lmy/iot-device-classification/dataset/camera/round4_normal/camera_r4.pcapng,R4,55,552.5335166454315,0.9732649922370911,0.021568838506937027,0.0023076781071722507,0.002537268679589033,0.0003212486335542053,Camera
/home/lmy/iot-device-classification/dataset/camera/round4_normal/camera_r4.pcapng,R4,56,563.1404345035553,0.011147948913276196,0.9780117273330688,0.003529899287968874,0.0049206861294806,0.002389736706390977,Camera
/home/lmy/iot-device-classification/dataset/camera/round4_normal/camera_r4.pcapng,R4,57,570.8216423988342,0.9995664954185486,0.00025270116748288274,0.00013556622434407473,3.97105141018983e-05,5.537289325729944e-06,Camera
/home/lmy/iot-device-classification/dataset/camera/round4_normal/camera_r4.pcapng,R4,58,581.6536519527435,0.9984153509140015,0.0014607326593250036,4.2721385398181155e-05,3.622834265115671e-05,4.49666622444056e-05,Camera
/home/lmy/iot-device-classification/dataset/camera/round4_normal/camera_r4.pcapng,R4,59,593.170708656311,0.9996663331985474,0.00022018334129825234,8.377397170988843e-05,2.072210918413475e-05,8.990083188109566e-06,Camera
/home/lmy/iot-device-classification/dataset/camera/round4_normal/camera_r4.pcapng,R4,60,603.1822304725647,0.4854314625263214,0.4199639558792114,0.013392312452197075,0.08045991510152817,0.0007523364620283246,Camera
/home/lmy/iot-device-classification/dataset/camera/round4_normal/camera_r4.pcapng,R4,61,610.0285220146179,0.9998412132263184,8.115026139421389e-05,5.4257143347058445e-05,2.0323041098890826e-05,2.9898772027081577e-06,Camera
/home/lmy/iot-device-classification/dataset/camera/round4_normal/camera_r4.pcapng,R4,62,623.2021934986115,0.9969690442085266,0.002704986836761236,0.00011928321328014135,0.00015299319056794047,5.3761461458634585e-05,Camera
/home/lmy/iot-device-classification/dataset/camera/round4_normal/camera_r4.pcapng,R4,63,631.2601065635681,0.999527096748352,7.868748070904985e-05,0.00026626180624589324,0.00012222459190525115,5.734359092457453e-06,Camera
/home/lmy/iot-device-classification/dataset/camera/round4_normal/camera_r4.pcapng,R4,64,640.0589265823364,0.9915334582328796,0.004748934414237738,0.002326388843357563,0.0011702292831614614,0.00022094632731750607,Camera
/home/lmy/iot-device-classification/dataset/camera/round4_normal/camera_r4.pcapng,R4,65,653.2328991889954,0.9540787935256958,0.044838786125183105,0.0003176397585775703,0.0007067882688716054,5.80224150326103e-05,Camera
/home/lmy/iot-device-classification/dataset/camera/round4_normal/camera_r4.pcapng,R4,66,663.2431035041809,0.9995606541633606,0.0001082959643099457,8.326947136083618e-05,0.000243456190219149,4.338817234383896e-06,Camera
/home/lmy/iot-device-classification/dataset/camera/round4_normal/camera_r4.pcapng,R4,67,670.0878028869629,0.9687814712524414,0.0013680821284651756,0.00035689506330527365,0.02947123721241951,2.228381890745368e-05,Camera
/home/lmy/iot-device-classification/dataset/camera/round4_normal/camera_r4.pcapng,R4,68,680.362829208374,0.9998699426651001,9.585660154698417e-05,2.5372837626491673e-05,6.28892030363204e-06,2.5197566628776258e-06,Camera
/home/lmy/iot-device-classification/dataset/camera/round4_normal/camera_r4.pcapng,R4,69,691.6802260875702,0.16288809478282928,0.8108948469161987,0.023067204281687737,0.0029053122270852327,0.0002445581485517323,Camera
/home/lmy/iot-device-classification/dataset/camera/round4_normal/camera_r4.pcapng,R4,70,700.119811296463,0.9984283447265625,0.000818684115074575,3.610749990912154e-05,0.000712582899723202,4.3082945921923965e-06,Camera
/home/lmy/iot-device-classification/dataset/camera/round4_normal/camera_r4.pcapng,R4,71,712.6964919567108,0.9964396357536316,0.0029240103904157877,0.000404960970627144,0.00020960287656635046,2.1782252588309348e-05,Camera
/home/lmy/iot-device-classification/dataset/camera/round4_normal/camera_r4.pcapng,R4,72,720.220205783844,0.99915611743927,0.0004148907319176942,0.0001682006986811757,0.00025591152370907366,4.862283276452217e-06,Camera
/home/lmy/iot-device-classification/dataset/camera/round4_normal/camera_r4.pcapng,R4,73,730.147144317627,0.9959511756896973,0.00313282641582191,0.0005776017205789685,0.0002934524673037231,4.493874803301878e-05,Camera
/home/lmy/iot-device-classification/dataset/camera/round4_normal/camera_r4.pcapng,R4,74,743.3211183547974,0.9454776048660278,0.0542900376021862,8.82838066900149e-05,0.00010819275485118851,3.5952387406723574e-05,Camera
/home/lmy/iot-device-classification/dataset/camera/round4_normal/camera_r4.pcapng,R4,75,750.0722522735596,0.9964637160301208,0.003358067013323307,0.00013971490261610597,2.8167136406409554e-05,1.0399759958090726e-05,Camera
/home/lmy/iot-device-classification/dataset/camera/round4_normal/camera_r4.pcapng,R4,76,760.1803410053253,0.9954313039779663,0.001005843747407198,0.00030328132561407983,0.003228351240977645,3.122248381259851e-05,Camera
/home/lmy/iot-device-classification/dataset/camera/round4_normal/camera_r4.pcapng,R4,77,773.0291223526001,0.9995681643486023,0.0003348467580508441,2.676793337741401e-05,6.11309296800755e-05,9.03732689039316e-06,Camera
/home/lmy/iot-device-classification/dataset/camera/round4_normal/camera_r4.pcapng,R4,78,780.9271748065948,0.9996204376220703,0.0002496705565135926,9.619179036235437e-05,2.8995829779887572e-05,4.62136404166813e-06,Camera
/home/lmy/iot-device-classification/dataset/camera/round4_normal/camera_r4.pcapng,R4,79,790.2127735614777,0.9990161657333374,0.0001340871094726026,2.796789340209216e-05,0.0008192540262825787,2.5305071176262572e-06,Camera
/home/lmy/iot-device-classification/dataset/camera/round4_normal/camera_r4.pcapng,R4,80,803.4972891807556,0.9999434947967529,4.081846782355569e-05,6.899108939251164e-06,5.758349743700819e-06,3.040720230274019e-06,Camera
/home/lmy/iot-device-classification/dataset/camera/round4_normal/camera_r4.pcapng,R4,81,810.5132050514221,0.9997528195381165,0.00019324052846059203,1.9651202819659375e-05,3.197675687260926e-05,2.3222810341394506e-06,Camera
/home/lmy/iot-device-classification/dataset/camera/round4_normal/camera_r4.pcapng,R4,82,820.244312286377,0.9981830716133118,0.0006171194254420698,0.00013195305655244738,0.0010509961284697056,1.6829213564051315e-05,Camera
/home/lmy/iot-device-classification/dataset/camera/round4_normal/camera_r4.pcapng,R4,83,830.5290524959564,0.9829266667366028,0.01671748235821724,0.00014940902474336326,0.00017056749493349344,3.582087447284721e-05,Camera
/home/lmy/iot-device-classification/dataset/camera/round4_normal/camera_r4.pcapng,R4,84,840.0108952522278,0.9997794032096863,0.00019747567421291023,8.211934073187876e-06,9.980107279261574e-06,4.9378545554645825e-06,Camera
/home/lmy/iot-device-classification/dataset/camera/round4_normal/camera_r4.pcapng,R4,85,850.0226204395294,0.9911783337593079,0.00039457849925383925,3.962869959650561e-05,0.008380687795579433,6.7324176598049235e-06,Camera
/home/lmy/iot-device-classification/dataset/camera/round4_normal/camera_r4.pcapng,R4,86,863.4502203464508,0.9998996257781982,8.267667726613581e-05,6.645522717008134e-06,6.979208592383657e-06,4.118903689231956e-06,Camera
/home/lmy/iot-device-classification/dataset/camera/round4_normal/camera_r4.pcapng,R4,87,870.0130484104156,0.9958978295326233,0.0032643938902765512,0.0008005289710126817,1.6027743185986765e-05,2.1158659365028143e-05,Camera
/home/lmy/iot-device-classification/dataset/camera/round4_normal/camera_r4.pcapng,R4,88,880.0576395988464,0.9988449811935425,0.0001536704075988382,0.00013622533879242837,0.0008572661317884922,7.82090955908643e-06,Camera
/home/lmy/iot-device-classification/dataset/camera/round4_normal/camera_r4.pcapng,R4,89,893.4822428226471,0.9998403787612915,8.267800876637921e-05,1.472535586799495e-05,5.9237616369500756e-05,2.9670402454939904e-06,Camera
/home/lmy/iot-device-classification/dataset/camera/round4_normal/camera_r4.pcapng,R4,90,900.5362486839294,0.9999047517776489,7.675511005800217e-05,5.141634119354421e-06,9.723231414682232e-06,3.632176458268077e-06,Camera
/home/lmy/iot-device-classification/dataset/camera/round4_normal/camera_r4.pcapng,R4,91,910.0838544368744,0.9988080263137817,0.0006927810027264059,0.00031486921943724155,0.00017931983165908605,5.063805019744905e-06,Camera
/home/lmy/iot-device-classification/dataset/camera/round4_normal/camera_r4.pcapng,R4,92,921.0895688533784,0.0003146772214677185,0.9989522695541382,0.000225892843445763,0.00038319433224387467,0.00012399634579196572,Camera
/home/lmy/iot-device-classification/dataset/camera/round4_normal/camera_r4.pcapng,R4,93,930.0875618457794,0.9998990297317505,7.916650793049484e-05,1.648509714868851e-05,3.150409384033992e-06,2.1095429474371485e-06,Camera
/home/lmy/iot-device-classification/dataset/camera/round4_normal/camera_r4.pcapng,R4,94,940.122076034546,0.999538779258728,0.00026703518233262,0.00014974559599068016,3.864266545861028e-05,5.867794698133366e-06,Camera
/home/lmy/iot-device-classification/dataset/camera/round4_normal/camera_r4.pcapng,R4,95,953.5441515445708,0.9995964169502258,2.391599991824478e-05,0.0003610349085647613,1.3688899343833327e-05,4.947664365317905e-06,Camera
/home/lmy/iot-device-classification/dataset/camera/round4_normal/camera_r4.pcapng,R4,96,960.9672179222108,0.9995369911193848,0.0004330294323153794,1.0095878678839654e-05,1.4461098544416018e-05,5.504088676389074e-06,Camera
/home/lmy/iot-device-classification/dataset/camera/round4_normal/camera_r4.pcapng,R4,97,970.146977186203,0.9988184571266174,0.0006114604766480625,2.2399390218197368e-05,0.0005436093197204173,4.09071662943461e-06,Camera
/home/lmy/iot-device-classification/dataset/camera/round4_normal/camera_r4.pcapng,R4,98,982.4835512638092,0.9995644688606262,0.000186450473847799,1.755032099026721e-05,0.00022759061539545655,3.951321559725329e-06,Camera
/home/lmy/iot-device-classification/dataset/camera/round4_normal/camera_r4.pcapng,R4,99,990.528864622116,0.9997971653938293,0.00015459294081665576,3.860531796817668e-05,5.371578936319565e-06,4.308843926992267e-06,Camera
/home/lmy/iot-device-classification/dataset/camera/round4_normal/camera_r4.pcapng,R4,100,1000.2486219406128,0.99895179271698,0.0006876087281852961,0.0002756858302745968,7.99146801000461e-05,4.96407210448524e-06,Camera
/home/lmy/iot-device-classification/dataset/camera/round4_normal/camera_r4.pcapng,R4,101,1011.6527564525604,0.2809116542339325,0.7184683680534363,0.0003086579963564873,0.0002416011702734977,6.96997158229351e-05,Camera
/home/lmy/iot-device-classification/dataset/camera/round4_normal/camera_r4.pcapng,R4,102,1021.4600281715392,0.999825656414032,0.00015584893117193133,4.321930191508727e-06,1.1303071914881002e-05,2.845085873559583e-06,Camera
/home/lmy/iot-device-classification/dataset/camera/round4_normal/camera_r4.pcapng,R4,103,1030.2085394859314,0.9972048401832581,0.0026181440334767103,0.0001548367872601375,1.5216342035273556e-05,6.9015059125376865e-06,Camera
/home/lmy/iot-device-classification/dataset/camera/round4_normal/camera_r4.pcapng,R4,104,1043.637584924698,0.9999322891235352,4.523160168901086e-05,3.7949939724057913e-06,1.6206349755520932e-05,2.4331636723218253e-06,Camera
/home/lmy/iot-device-classification/dataset/camera/round4_normal/camera_r4.pcapng,R4,105,1051.04097366333,0.9903916120529175,0.009413274005055428,0.00017398130148649216,1.0051645404018927e-05,1.1127536708954722e-05,Camera
/home/lmy/iot-device-classification/dataset/camera/round4_normal/camera_r4.pcapng,R4,106,1060.2405714988708,0.9889139533042908,0.0001483875821577385,0.00012415616947691888,0.010807170532643795,6.3394954850082286e-06,Camera
/home/lmy/iot-device-classification/dataset/camera/round4_normal/camera_r4.pcapng,R4,107,1073.667901277542,0.9998648166656494,8.268921192211565e-06,1.6663490896462463e-05,0.00010776877752505243,2.425831326036132e-06,Camera
/home/lmy/iot-device-classification/dataset/camera/round4_normal/camera_r4.pcapng,R4,108,1081.953530550003,0.9974772334098816,0.0021398907992988825,5.352406151359901e-05,0.0002670476969797164,6.234924512682483e-05,Camera
/home/lmy/iot-device-classification/dataset/camera/round4_normal/camera_r4.pcapng,R4,109,1090.2658832073212,0.9994472861289978,0.00040758331306278706,9.408997721038759e-05,4.465828533284366e-05,6.337874310702318e-06,Camera
/home/lmy/iot-device-classification/dataset/camera/round4_normal/camera_r4.pcapng,R4,110,1101.576936006546,0.9995905756950378,0.0003102145274169743,6.7560085881268606e-06,7.997745706234127e-05,1.2437582881830167e-05,Camera
/home/lmy/iot-device-classification/dataset/camera/round4_normal/camera_r4.pcapng,R4,111,1111.5129733085632,0.9999163150787354,5.886484359507449e-05,1.8736373021965846e-05,3.6918954720022157e-06,2.4351609226869186e-06,Camera
/home/lmy/iot-device-classification/dataset/camera/round4_normal/camera_r4.pcapng,R4,112,1120.2984194755554,0.9995235204696655,1.4566971913154703e-05,9.027065971167758e-05,0.00036671743146143854,4.881004315393511e-06,Camera
/home/lmy/iot-device-classification/dataset/camera/round4_normal/camera_r4.pcapng,R4,113,1133.7365074157717,0.99973064661026,0.0001056808396242559,1.3663073332281783e-05,0.00014457895304076374,5.432090347312624e-06,Camera
/home/lmy/iot-device-classification/dataset/camera/round4_normal/camera_r4.pcapng,R4,114,1142.3851244449615,0.9980499744415283,0.00019843652262352407,0.0017133179353550076,2.85672413156135e-05,9.727989890961908e-06,Camera
/home/lmy/iot-device-classification/dataset/camera/round4_normal/camera_r4.pcapng,R4,115,1150.0589127540588,0.9998323917388916,4.7643432480981573e-05,8.624314068583772e-05,2.336846046091523e-05,1.0273286534356885e-05,Camera
/home/lmy/iot-device-classification/dataset/camera/round4_normal/camera_r4.pcapng,R4,116,1163.7625696659088,0.9993777275085449,2.1630872652167454e-05,1.2095139936718624e-05,0.0005783151718787849,1.0222808668913785e-05,Camera
/home/lmy/iot-device-classification/dataset/camera/round4_normal/camera_r4.pcapng,R4,117,1171.965274810791,0.9999395608901978,2.153555760742165e-05,3.318713788758032e-05,3.3323683510388946e-06,2.3554657673230395e-06,Camera
/home/lmy/iot-device-classification/dataset/camera/round4_normal/camera_r4.pcapng,R4,118,1180.3615243434906,0.9983373880386353,8.44305850478122e-06,6.259082147153094e-05,0.0015864651650190353,5.029651674703928e-06,Camera
/home/lmy/iot-device-classification/dataset/camera/round4_normal/camera_r4.pcapng,R4,119,1193.338124036789,0.9925931096076965,0.0028186861891299486,0.0019404822960495949,0.0023285464849323034,0.00031919480534270406,Camera
/home/lmy/iot-device-classification/dataset/camera/round4_normal/camera_r4.pcapng,R4,120,1202.786024093628,0.9999158382415771,6.326792208710685e-05,4.858283773501171e-06,1.2453418094082735e-05,3.5990631204185775e-06,Camera
/home/lmy/iot-device-classification/dataset/camera/round4_normal/camera_r4.pcapng,R4,121,1210.3926422595978,0.994788408279419,6.569884135387838e-05,0.0002932846255134791,0.004824945703148842,2.7635867809294723e-05,Camera
/home/lmy/iot-device-classification/dataset/camera/round4_normal/camera_r4.pcapng,R4,122,1221.2372732162476,0.9999047517776489,1.9493689251248725e-05,2.3119609977584332e-05,4.2372881580377e-05,1.030378098221263e-05,Camera
/home/lmy/iot-device-classification/dataset/camera/round4_normal/camera_r4.pcapng,R4,123,1232.377825975418,0.9994472861289978,0.00046479341108351946,5.2645569667220116e-05,2.6672913008951582e-05,8.566429642087314e-06,Camera
/home/lmy/iot-device-classification/dataset/camera/round4_normal/camera_r4.pcapng,R4,124,1240.4265050888062,0.9996386766433716,1.186244026030181e-05,5.0657912652241066e-05,0.00029333331622183323,5.4688998716301285e-06,Camera
/home/lmy/iot-device-classification/dataset/camera/round4_normal/camera_r4.pcapng,R4,125,1253.855299949646,0.9998503923416138,5.539609628613107e-05,2.0445640984689817e-05,5.89294868404977e-05,1.476597481087083e-05,Camera
/home/lmy/iot-device-classification/dataset/camera/round4_normal/camera_r4.pcapng,R4,126,1263.2096540927887,0.9999274015426636,5.086713645141572e-05,2.51649612437177e-06,1.694073580438271e-05,2.292900262546027e-06,Camera
/home/lmy/iot-device-classification/dataset/camera/round4_normal/camera_r4.pcapng,R4,127,1270.4513485431671,0.9995808005332947,0.0002152441447833553,4.402382910484448e-05,0.00015528743097092956,4.689059096563142e-06,Camera
/home/lmy/iot-device-classification/dataset/camera/round4_normal/camera_r4.pcapng,R4,128,1282.880823135376,0.78077632188797,0.21316014230251312,0.0038035251200199127,0.0018195901066064835,0.0004403939237818122,Camera
/home/lmy/iot-device-classification/dataset/camera/round4_normal/camera_r4.pcapng,R4,129,1292.8108417987823,0.9999045133590698,5.512546340469271e-05,3.454298712313175e-05,2.677825477803708e-06,3.1645913622924127e-06,Camera
/home/lmy/iot-device-classification/dataset/camera/round4_normal/camera_r4.pcapng,R4,130,1300.483830690384,0.9993054866790771,4.44714241893962e-05,0.0003839386045001447,0.0002536919491831213,1.2350481483736075e-05,Camera
/home/lmy/iot-device-classification/dataset/camera/round4_normal/camera_r4.pcapng,R4,131,1310.5553240776062,0.9996992349624634,3.1256629881681874e-05,6.917432619957253e-05,0.00019095146853942424,9.382401003676932e-06,Camera
/home/lmy/iot-device-classification/dataset/camera/round4_normal/camera_r4.pcapng,R4,132,1323.330408334732,0.9984525442123413,0.0014906772412359715,1.868394792836625e-05,2.1918034690315835e-05,1.621629053261131e-05,Camera
/home/lmy/iot-device-classification/dataset/camera/round4_normal/camera_r4.pcapng,R4,133,1330.5203800201416,0.9997311234474182,1.5258483472280204e-05,7.700210699113086e-05,0.00017049013695213944,6.099520760471933e-06,Camera
/home/lmy/iot-device-classification/dataset/camera/round4_normal/camera_r4.pcapng,R4,134,1343.948711156845,0.9998753070831299,3.334183929837309e-05,4.846340016229078e-05,3.336633380968124e-05,9.520620551484171e-06,Camera
/home/lmy/iot-device-classification/dataset/camera/round4_normal/camera_r4.pcapng,R4,135,1353.2326092720032,0.999955415725708,1.2034101018798538e-05,2.669489913387224e-05,2.318628276043455e-06,3.5820430639432743e-06,Camera
/home/lmy/iot-device-classification/dataset/camera/round4_normal/camera_r4.pcapng,R4,136,1360.5493466854095,0.999667763710022,0.0001684106100583449,0.00010582728282315657,5.271275222185068e-05,5.306013008521404e-06,Camera
/home/lmy/iot-device-classification/dataset/camera/round4_normal/camera_r4.pcapng,R4,137,1373.3433430194857,0.008830550126731396,0.9893997311592102,0.0008308589458465576,0.0007269529742188752,0.00021193096472416073,Camera
/home/lmy/iot-device-classification/dataset/camera/round4_normal/camera_r4.pcapng,R4,138,1383.9921798706057,0.9999504089355469,4.0777584217721596e-05,2.6599582270137034e-06,3.6796832318941597e-06,2.4620542262709932e-06,Camera
/home/lmy/iot-device-classification/dataset/camera/round4_normal/camera_r4.pcapng,R4,139,1390.5767850875854,0.9992848038673401,5.171598604647443e-05,0.00042409292655065656,0.00023429715656675398,5.096917448099703e-06,Camera
/home/lmy/iot-device-classification/dataset/camera/round4_normal/camera_r4.pcapng,R4,140,1400.123629570007,0.9999576807022095,1.1673692824842874e-05,1.6204441635636613e-05,8.343424269696698e-06,6.097064215282444e-06,Camera
/home/lmy/iot-device-classification/dataset/camera/round4_normal/camera_r4.pcapng,R4,141,1413.3447804450989,0.9875907897949219,0.012003611773252487,0.00036565729533322155,2.419876545900479e-05,1.577830516907852e-05,Camera
/home/lmy/iot-device-classification/dataset/camera/round4_normal/camera_r4.pcapng,R4,142,1420.0203835964203,0.9993416666984558,0.00010547382407821715,0.0005352659500204027,1.3467034477798734e-05,4.063871529069729e-06,Camera
/home/lmy/iot-device-classification/dataset/camera/round4_normal/camera_r4.pcapng,R4,143,1430.0106506347656,0.9996703863143921,3.92227630072739e-05,6.898662104504183e-05,0.0002107896434608847,1.0673099495761562e-05,Camera
/home/lmy/iot-device-classification/dataset/camera/round4_normal/camera_r4.pcapng,R4,144,1440.0185334682465,0.999900221824646,8.620220614830032e-05,4.697093118011253e-06,6.2716935644857585e-06,2.650551778060617e-06,Camera
/home/lmy/iot-device-classification/dataset/camera/round4_normal/camera_r4.pcapng,R4,145,1450.0853247642517,0.9995991587638855,1.8847491446649656e-05,0.00022958907356951386,0.00014611450023949146,6.258132088987622e-06,Camera
/home/lmy/iot-device-classification/dataset/camera/round4_normal/camera_r4.pcapng,R4,146,1460.6259491443634,0.9997857213020325,0.00019643483392428607,4.151970642851666e-06,7.778117833368015e-06,5.875068382010795e-06,Camera
/home/lmy/iot-device-classification/dataset/camera/round4_normal/camera_r4.pcapng,R4,147,1470.2669196128843,0.9999557733535767,1.011074800771894e-05,2.728845356614329e-05,3.5252219277026597e-06,3.2627233395032817e-06,Camera
/home/lmy/iot-device-classification/dataset/camera/round4_normal/camera_r4.pcapng,R4,148,1480.3206090927124,0.9997233748435974,0.00014882201503496617,8.660122693981975e-05,3.5804452636511996e-05,5.43378155271057e-06,Camera
/home/lmy/iot-device-classification/dataset/camera/round4_normal/camera_r4.pcapng,R4,149,1490.296545267105,0.9998866319656372,1.1440410162322223e-05,4.890422860626131e-05,4.856948726228438e-05,4.434733455127571e-06,Camera
/home/lmy/iot-device-classification/dataset/camera/round4_normal/camera_r4.pcapng,R4,150,1500.3574359416962,0.999755322933197,0.0002243647468276322,7.890253982623108e-06,7.267393357324181e-06,5.182268523640232e-06,Camera
/home/lmy/iot-device-classification/dataset/camera/round4_normal/camera_r4.pcapng,R4,151,1510.4373915195465,0.9994680285453796,5.6379372836090624e-05,0.00040660062222741544,6.4206869865302e-05,4.844589966523927e-06,Camera
/home/lmy/iot-device-classification/dataset/camera/round4_normal/camera_r4.pcapng,R4,152,1520.587728023529,0.9999228715896606,2.5362231099279597e-05,1.0025040865002666e-05,3.9046375604812056e-05,2.632589485074277e-06,Camera
/home/lmy/iot-device-classification/dataset/camera/round4_normal/camera_r4.pcapng,R4,153,1530.60817193985,0.9999464750289917,1.755891935317777e-05,1.3215180842962582e-05,1.68766055139713e-05,5.8470459407544695e-06,Camera
/home/lmy/iot-device-classification/dataset/camera/round4_normal/camera_r4.pcapng,R4,154,1540.014128446579,0.9993976354598999,0.00012746530410367996,0.00042857418884523213,3.989304605056532e-05,6.457843483076431e-06,Camera
/home/lmy/iot-device-classification/dataset/camera/round4_normal/camera_r4.pcapng,R4,155,1550.06117105484,0.9987629652023315,0.0007493343437090516,0.00010888654651353136,0.00030766468262299895,7.111256127245724e-05,Camera
/home/lmy/iot-device-classification/dataset/camera/round4_normal/camera_r4.pcapng,R4,156,1560.1223368644714,0.999972939491272,8.929488103603944e-06,6.711192327202298e-06,7.997520697244909e-06,3.423879888941883e-06,Camera
/home/lmy/iot-device-classification/dataset/camera/round4_normal/camera_r4.pcapng,R4,157,1570.1729216575625,0.9983382225036621,0.00024205389490816742,9.306616993853822e-05,0.0013208865420892835,5.7795000429905485e-06,Camera
/home/lmy/iot-device-classification/dataset/camera/round4_normal/camera_r4.pcapng,R4,158,1580.2434828281405,0.9998611211776733,3.305350446680677e-06,3.2515887141926214e-05,0.00010077385377371684,2.312868900844478e-06,Camera
/home/lmy/iot-device-classification/dataset/camera/round4_normal/camera_r4.pcapng,R4,159,1590.4266176223755,0.9851121306419373,3.4358039556536824e-05,0.014812023378908634,2.45273404289037e-05,1.6943913578870706e-05,Camera
/home/lmy/iot-device-classification/dataset/camera/round4_normal/camera_r4.pcapng,R4,160,1600.375571012497,0.9994994401931763,0.00014866131823509932,0.0001998668012674898,0.00014550620107911527,6.519972430396592e-06,Camera
/home/lmy/iot-device-classification/dataset/camera/round4_normal/camera_r4.pcapng,R4,161,1610.4438989162445,0.9998866319656372,2.0966996089555323e-05,5.390092610468855e-06,8.343488298123702e-05,3.5952357393398415e-06,Camera
/home/lmy/iot-device-classification/dataset/camera/round4_normal/camera_r4.pcapng,R4,162,1620.524580001831,0.999946117401123,1.1113149412267376e-05,2.1935606127954088e-05,1.7108690371969715e-05,3.708612439368153e-06,Camera
/home/lmy/iot-device-classification/dataset/camera/round4_normal/camera_r4.pcapng,R4,163,1630.574607849121,0.9996680021286011,1.1219856787647586e-05,3.330289837322198e-05,0.0002820858790073544,5.407560820458457e-06,Camera
/home/lmy/iot-device-classification/dataset/camera/round4_normal/camera_r4.pcapng,R4,164,1640.6453688144684,0.9881308078765869,0.004989507142454386,0.0026128904428333044,0.003747491165995598,0.0005193239194341004,Camera
/home/lmy/iot-device-classification/dataset/camera/round4_normal/camera_r4.pcapng,R4,165,1650.7239542007446,0.9999806880950928,8.56671977089718e-06,4.599800831783796e-06,3.2831560474733124e-06,2.875874997698702e-06,Camera
/home/lmy/iot-device-classification/dataset/camera/round4_normal/camera_r4.pcapng,R4,166,1660.7660632133484,0.9998540878295898,2.0900373783661053e-05,9.208670962834731e-05,2.6462079404154792e-05,6.446102361223893e-06,Camera
/home/lmy/iot-device-classification/dataset/camera/round4_normal/camera_r4.pcapng,R4,167,1670.8276331424713,0.9998781681060791,1.2054833860020153e-05,8.710281690582633e-06,9.663149830885231e-05,4.436320068634814e-06,Camera
/home/lmy/iot-device-classification/dataset/camera/round4_normal/camera_r4.pcapng,R4,168,1680.886457681656,0.9976262450218201,0.001257646013982594,0.0005406473646871746,0.0004618331149686128,0.00011367655679350719,Camera
/home/lmy/iot-device-classification/dataset/camera/round4_normal/camera_r4.pcapng,R4,169,1690.887186050415,0.9995450377464294,1.9523806258803234e-05,3.371262573637068e-05,0.0003970063116867095,4.73386262456188e-06,Camera
/home/lmy/iot-device-classification/dataset/camera/round4_normal/camera_r4.pcapng,R4,170,1700.738399028778,0.9995786547660828,9.476987906964496e-05,8.736390736885369e-05,0.00020839046919718385,3.0844421416986734e-05,Camera
/home/lmy/iot-device-classification/dataset/camera/round4_normal/camera_r4.pcapng,R4,171,1711.082552433014,0.9999039173126221,9.21719129109988e-06,3.273841866757721e-05,4.8867310397326946e-05,5.231287559581688e-06,Camera
/home/lmy/iot-device-classification/dataset/camera/round4_normal/camera_r4.pcapng,R4,172,1720.9163467884064,0.9994596838951111,1.397049618390156e-05,1.8670145436772145e-05,0.0005005358252674341,7.1447329901275225e-06,Camera
/home/lmy/iot-device-classification/dataset/camera/round4_normal/camera_r4.pcapng,R4,173,1731.258343219757,0.9937963485717773,0.003553867805749178,0.0003357560490258038,0.0019607986323535442,0.00035321799805387855,Camera
/home/lmy/iot-device-classification/dataset/camera/round4_normal/camera_r4.pcapng,R4,174,1741.268765926361,0.9999535083770752,6.072446012694854e-06,1.2443130799510982e-05,2.533182305342052e-05,2.596109197838814e-06,Camera
/home/lmy/iot-device-classification/dataset/camera/round4_normal/camera_r4.pcapng,R4,175,1750.948284626007,0.9995317459106445,1.465036257286556e-05,0.00017312439740635455,0.00027414984651841223,6.356836365739582e-06,Camera
/home/lmy/iot-device-classification/dataset/camera/round4_normal/camera_r4.pcapng,R4,176,1761.0563507080078,0.9990732669830322,0.00044333055848255754,0.0001220532285515219,0.00031392849632538855,4.739204450743273e-05,Camera
/home/lmy/iot-device-classification/dataset/camera/round4_normal/camera_r4.pcapng,R4,177,1771.4584250450134,0.9999773502349854,8.354273631994147e-06,5.88419698033249e-06,5.2217073971405625e-06,3.2317329896613955e-06,Camera
/home/lmy/iot-device-classification/dataset/camera/round4_normal/camera_r4.pcapng,R4,178,1781.018567085266,0.9998201727867126,1.2767012776748743e-05,9.822702122619376e-05,6.353860953822732e-05,5.3377334552351385e-06,Camera
/home/lmy/iot-device-classification/dataset/camera/round4_normal/camera_r4.pcapng,R4,179,1791.630748987198,0.9998754262924194,8.877766958903521e-06,5.666348897648277e-06,0.00010625007416820154,3.7045185763417976e-06,Camera
/home/lmy/iot-device-classification/dataset/camera/round4_normal/camera_r4.pcapng,R4,180,1801.7114555835724,0.9999529123306274,1.5499295841436833e-05,7.893995643826202e-06,2.0000370568595827e-05,3.7116910789336544e-06,Camera
/home/lmy/iot-device-classification/dataset/camera/round4_normal/camera_r4.pcapng,R4,181,1811.0077130794523,0.9998250603675842,1.3093316738377325e-05,7.489442941732705e-05,8.070486364886165e-05,6.22447851128527e-06,Camera
/home/lmy/iot-device-classification/dataset/camera/round4_normal/camera_r4.pcapng,R4,182,1821.8556818962095,0.982453465461731,0.0030422057025134563,0.001858559437096119,0.012235905043780804,0.00040983210783451796,Camera
/home/lmy/iot-device-classification/dataset/camera/round4_normal/camera_r4.pcapng,R4,183,1831.778832435608,0.9998993873596191,3.509481030050665e-05,1.4877718058414757e-05,4.092892777407542e-05,9.676796253188513e-06,Camera
/home/lmy/iot-device-classification/dataset/camera/round4_normal/camera_r4.pcapng,R4,184,1840.4338264465327,0.9994557499885559,1.228125074703712e-05,0.0005121628637425601,1.2591643098858185e-05,7.161731900851009e-06,Camera
/home/lmy/iot-device-classification/dataset/camera/round4_normal/camera_r4.pcapng,R4,185,1852.0124135017395,0.9999475479125977,2.093260809488129e-05,5.63919275009539e-06,2.09350255317986e-05,4.929997885483317e-06,Camera
/home/lmy/iot-device-classification/dataset/camera/round4_normal/camera_r4.pcapng,R4,186,1860.942312002182,0.999645471572876,0.0001095621773856692,0.00014441285748034716,7.476480823243037e-05,2.5753988666110672e-05,Camera
/home/lmy/iot-device-classification/dataset/camera/round4_normal/camera_r4.pcapng,R4,187,1871.073964357376,0.9994415640830994,1.4742773601028603e-05,0.00026459628134034574,0.00027157505974173546,7.566187832708238e-06,Camera
/home/lmy/iot-device-classification/dataset/camera/round4_normal/camera_r4.pcapng,R4,188,1882.183632850647,0.9990757703781128,4.146352239331463e-06,2.1093273971928284e-05,0.0008960423874668777,2.9312561764527345e-06,Camera
/home/lmy/iot-device-classification/dataset/camera/round4_normal/camera_r4.pcapng,R4,189,1892.1086654663088,0.9999780654907227,4.433489721122896e-06,1.1662057659123093e-05,3.083249339397298e-06,2.745305209828075e-06,Camera
/home/lmy/iot-device-classification/dataset/camera/round4_normal/camera_r4.pcapng,R4,190,1900.0018236637115,0.9998928308486938,2.4148737793439068e-05,6.663332897005603e-05,9.86836039373884e-06,6.515550012409221e-06,Camera
/home/lmy/iot-device-classification/dataset/camera/round4_normal/camera_r4.pcapng,R4,191,1910.622321844101,0.9996964931488037,2.717817733355332e-05,0.00017032756295520812,9.60759716690518e-05,9.915170267049689e-06,Camera
/home/lmy/iot-device-classification/dataset/camera/round4_normal/camera_r4.pcapng,R4,192,1920.9464619159696,0.9997171759605408,1.727385097183287e-05,0.0002010509924730286,5.469483585329726e-05,9.819260412768926e-06,Camera
/home/lmy/iot-device-classification/dataset/camera/round4_normal/camera_r4.pcapng,R4,193,1931.13227558136,0.9997832179069519,6.029837095411494e-06,8.489954052492976e-05,0.00012009096099063754,5.729874828830361e-06,Camera
/home/lmy/iot-device-classification/dataset/camera/round4_normal/camera_r4.pcapng,R4,194,1942.0236287117004,0.9990764856338501,0.0005314752925187349,7.41499534342438e-05,0.00024651727289892733,7.139205263229087e-05,Camera
/home/lmy/iot-device-classification/dataset/camera/round4_normal/camera_r4.pcapng,R4,195,1952.64719748497,0.9999200105667114,1.7183803720399737e-05,2.0035698980791494e-05,3.594548616092652e-05,6.8023664425709285e-06,Camera
/home/lmy/iot-device-classification/dataset/camera/round4_normal/camera_r4.pcapng,R4,196,1961.164702653885,0.9997652173042297,1.2235338544996921e-05,8.647073264000937e-05,0.0001306823978666216,5.346385478333104e-06,Camera
/home/lmy/iot-device-classification/dataset/camera/round4_normal/camera_r4.pcapng,R4,197,1972.1851382255556,0.9999207258224487,2.640953789523337e-05,1.592599437572062e-05,2.7531141313374974e-05,9.386430974700488e-06,Camera
/home/lmy/iot-device-classification/dataset/camera/round4_normal/camera_r4.pcapng,R4,198,1981.5430240631104,0.9998464584350586,5.224398773862049e-05,2.967753061966505e-05,6.054741606931202e-05,1.100174540624721e-05,Camera
/home/lmy/iot-device-classification/dataset/camera/round4_normal/camera_r4.pcapng,R4,199,1991.193958759308,0.999645471572876,1.4706921319884714e-05,8.303315553348511e-05,0.00024947355268523097,7.3259975579276215e-06,Camera
/home/lmy/iot-device-classification/dataset/camera/round4_normal/camera_r4.pcapng,R4,200,2002.968757867813,0.9998835325241089,1.6007550584618002e-05,3.230433139833622e-05,6.32206501904875e-05,4.872854333370924e-06,Camera
/home/lmy/iot-device-classification/dataset/camera/round4_normal/camera_r4.pcapng,R4,201,2012.7438747882843,0.9999836683273315,5.7477782320347615e-06,4.9657273848424666e-06,2.7716880595107796e-06,2.865521310013719e-06,Camera
/home/lmy/iot-device-classification/dataset/camera/round4_normal/camera_r4.pcapng,R4,202,2021.2271151542664,0.9999396800994873,4.056175384903327e-06,3.421574365347624e-05,1.9282548237242736e-05,2.7100829811388394e-06,Camera
/home/lmy/iot-device-classification/dataset/camera/round4_normal/camera_r4.pcapng,R4,203,2031.466304063797,0.9993997812271118,7.414791616611183e-05,2.1666406610165723e-05,0.0004860319022554904,1.8407215975457802e-05,Camera
/home/lmy/iot-device-classification/dataset/camera/round4_normal/camera_r4.pcapng,R4,204,2041.865963935852,0.9998242259025574,5.958618567092344e-05,5.604756370303221e-05,4.8035901272669435e-05,1.2100785170332529e-05,Camera
/home/lmy/iot-device-classification/dataset/camera/round4_normal/camera_r4.pcapng,R4,205,2051.256545305252,0.9995217323303223,1.64918637892697e-05,6.151986599434167e-05,0.00039376880158670247,6.438614946091548e-06,Camera
/home/lmy/iot-device-classification/dataset/camera/round4_normal/camera_r4.pcapng,R4,206,2062.665901660919,0.9992297887802124,0.0003844594757538289,0.00011942003766307607,0.00020404472888913006,6.232622399693355e-05,Camera
/home/lmy/iot-device-classification/dataset/camera/round4_normal/camera_r4.pcapng,R4,207,2073.3507158756256,0.99997878074646,8.330306627613027e-06,3.8308648981910665e-06,5.920393050473649e-06,3.1006075005279854e-06,Camera
/home/lmy/iot-device-classification/dataset/camera/round4_normal/camera_r4.pcapng,R4,208,2080.118246793747,0.999847412109375,8.878246262611356e-06,7.094483589753509e-05,6.73596077831462e-05,5.375282398745185e-06,Camera
/home/lmy/iot-device-classification/dataset/camera/round4_normal/camera_r4.pcapng,R4,209,2091.7858526706696,0.9981902241706848,0.00028409523656591773,0.00011177365377079695,0.0013496518367901444,6.425131141440943e-05,Camera
/home/lmy/iot-device-classification/dataset/camera/round4_normal/camera_r4.pcapng,R4,210,2100.1330919265747,0.9998865127563477,1.1967364116571844e-05,8.870591409504414e-05,6.98365784046473e-06,5.871493613085477e-06,Camera
/home/lmy/iot-device-classification/dataset/camera/round4_normal/camera_r4.pcapng,R4,211,2111.299431562424,0.9995985627174377,1.613740823813714e-05,2.9507662475225516e-05,0.00035126134753227234,4.57258374808589e-06,Camera
/home/lmy/iot-device-classification/dataset/camera/round4_normal/camera_r4.pcapng,R4,212,2122.9894664287567,0.9995095729827881,0.00032529307645745575,6.8949673732277e-05,7.863313658162951e-05,1.752505704644136e-05,Camera
/home/lmy/iot-device-classification/dataset/camera/round4_normal/camera_r4.pcapng,R4,213,2131.432522058487,0.9997451901435852,0.00013847944501321763,3.352615385665558e-05,5.577542106038891e-05,2.705338192754425e-05,Camera
/home/lmy/iot-device-classification/dataset/camera/round4_normal/camera_r4.pcapng,R4,214,2140.56006026268,0.9998419284820557,1.0506464604986832e-05,0.0001379786990582943,4.75802471555653e-06,4.85250711790286e-06,Camera
/home/lmy/iot-device-classification/dataset/camera/round4_normal/camera_r4.pcapng,R4,215,2152.1080849170685,0.998004138469696,0.0017499796813353896,4.3996955355396494e-05,0.00013533135643228889,6.650816067121923e-05,Camera
/home/lmy/iot-device-classification/dataset/camera/round4_normal/camera_r4.pcapng,R4,216,2163.010954856873,0.9999494552612305,1.6707706890883856e-05,9.70258224697318e-06,1.9089700799668208e-05,5.0081689551007e-06,Camera
/home/lmy/iot-device-classification/dataset/camera/round4_normal/camera_r4.pcapng,R4,217,2170.2015006542206,0.9997923970222473,1.6921301721595228e-05,7.933165761642158e-05,0.00010559981456026435,5.762374257756164e-06,Camera
/home/lmy/iot-device-classification/dataset/camera/round4_normal/camera_r4.pcapng,R4,218,2183.047125577926,0.984548032283783,0.00047920108772814274,0.00012182798673165962,0.01476369984447956,8.72612145030871e-05,Camera
/home/lmy/iot-device-classification/dataset/camera/round4_normal/camera_r4.pcapng,R4,219,2191.4723284244537,0.9999796152114868,5.461652563099051e-06,4.698496468336089e-06,7.951601219247095e-06,2.2772594547859626e-06,Camera
/home/lmy/iot-device-classification/dataset/camera/round4_normal/camera_r4.pcapng,R4,220,2200.962524652481,0.9999260902404785,9.591441994416527e-06,3.5580294934334233e-05,2.3337754100793973e-05,5.38761241841712e-06,Camera
/home/lmy/iot-device-classification/dataset/camera/round4_normal/camera_r4.pcapng,R4,221,2213.372812747956,0.8048723936080933,0.1313260793685913,0.00033226024243049324,0.06323061883449554,0.0002385861153015867,Camera
/home/lmy/iot-device-classification/dataset/camera/round4_normal/camera_r4.pcapng,R4,222,2222.83327627182,0.9994643330574036,0.00012331122707109898,0.00019439286552369595,0.00018164045468438417,3.637759800767526e-05,Camera
/home/lmy/iot-device-classification/dataset/camera/round4_normal/camera_r4.pcapng,R4,223,2230.5331044197083,0.9998177886009216,1.3675135960511398e-05,3.005041799042374e-05,0.00013449526159092784,4.00454473492573e-06,Camera
/home/lmy/iot-device-classification/dataset/camera/round4_normal/camera_r4.pcapng,R4,224,2241.553969144821,0.9993733763694763,0.00012824095028918236,0.0001378118759021163,0.0003260910452809185,3.4478372981538996e-05,Camera
/home/lmy/iot-device-classification/dataset/camera/round4_normal/camera_r4.pcapng,R4,225,2250.0171060562134,0.999945878982544,3.0810118914814666e-05,6.93720676281373e-06,1.1207113857381046e-05,5.121330559632042e-06,Camera
/home/lmy/iot-device-classification/dataset/camera/round4_normal/camera_r4.pcapng,R4,226,2260.02427482605,0.999976396560669,4.101747890672414e-06,1.276058355870191e-05,4.264142717147479e-06,2.4750756892899517e-06,Camera
/home/lmy/iot-device-classification/dataset/camera/round4_normal/camera_r4.pcapng,R4,227,2273.3752958774567,0.9987683892250061,0.00047382304910570383,4.8177716962527484e-05,0.0006337055237963796,7.588163134641945e-05,Camera
/home/lmy/iot-device-classification/dataset/camera/round4_normal/camera_r4.pcapng,R4,228,2283.155061483383,0.9989609718322754,0.00032612812356092036,0.00011453743354650214,0.0005025541759096086,9.580891492078081e-05,Camera
/home/lmy/iot-device-classification/dataset/camera/round4_normal/camera_r4.pcapng,R4,229,2290.906012058258,0.9999101161956787,2.1210276827332564e-05,5.5064563639461994e-05,8.975918717624154e-06,4.608705239661504e-06,Camera
/home/lmy/iot-device-classification/dataset/camera/round4_normal/camera_r4.pcapng,R4,230,2303.953141450882,0.9990623593330383,0.0002518972905818373,0.00021221833594609052,0.00040225134580396116,7.127464050427079e-05,Camera
/home/lmy/iot-device-classification/dataset/camera/round4_normal/camera_r4.pcapng,R4,231,2312.274491548538,0.7430419921875,0.24778516590595245,0.0007910759886726737,0.007889796048402786,0.0004920008359476924,Camera
/home/lmy/iot-device-classification/dataset/camera/round4_normal/camera_r4.pcapng,R4,232,2320.4271018505096,0.9999357461929321,3.6379067751113325e-05,2.1081634258734994e-05,3.9658921195950825e-06,2.8153726816526614e-06,Camera
/home/lmy/iot-device-classification/dataset/camera/round4_normal/camera_r4.pcapng,R4,233,2334.880681037903,0.9998961687088013,3.050441409868654e-05,1.899267954286188e-05,4.443016223376617e-05,9.843710358836688e-06,Camera
/home/lmy/iot-device-classification/dataset/camera/round4_normal/camera_r4.pcapng,R4,234,2340.660323858261,0.9999421834945679,1.626585981284734e-05,2.5223056582035497e-05,1.1269095011812169e-05,4.998522854293697e-06,Camera
/home/lmy/iot-device-classification/dataset/camera/round4_normal/camera_r4.pcapng,R4,235,2351.2688562870026,0.9997826218605042,1.2145404980401509e-05,8.334357698913664e-05,0.00011698321031872183,4.947193701809738e-06,Camera
/home/lmy/iot-device-classification/dataset/camera/round4_normal/camera_r4.pcapng,R4,236,2363.378496646881,0.9867167472839355,0.002299774205312133,0.0014301046030595899,0.009278751909732819,0.0002746523532550782,Camera
/home/lmy/iot-device-classification/dataset/camera/round4_normal/camera_r4.pcapng,R4,237,2372.591267108917,0.9996625185012817,4.5576667616842315e-05,1.235795843967935e-05,0.0002680677571333945,1.1504764188430272e-05,Camera
/home/lmy/iot-device-classification/dataset/camera/round4_normal/camera_r4.pcapng,R4,238,2380.169554710388,0.9999536275863647,4.035550318803871e-06,3.615293826442212e-05,3.4684965157794068e-06,2.687010464796913e-06,Camera
/home/lmy/iot-device-classification/dataset/camera/round4_normal/camera_r4.pcapng,R4,239,2393.37699842453,0.9990953207015991,0.00017507580923847854,6.319496606010944e-05,0.0006103884661570191,5.608554420177825e-05,Camera
/home/lmy/iot-device-classification/dataset/camera/round4_normal/camera_r4.pcapng,R4,240,2403.344393968582,0.9979352951049805,0.0008050344767980278,0.00019972441077698022,0.0009571757400408387,0.00010281118011334911,Camera
/home/lmy/iot-device-classification/dataset/camera/round4_normal/camera_r4.pcapng,R4,241,2411.0389528274536,0.9998719692230225,1.3164600204618182e-05,6.793026113882661e-05,4.217817695462145e-05,4.759511284646578e-06,Camera
/home/lmy/iot-device-classification/dataset/camera/round4_normal/camera_r4.pcapng,R4,242,2420.388708591461,0.9999395608901978,2.3811833671061322e-05,2.246925032522995e-05,9.084945304493885e-06,5.031015916756587e-06,Camera
/home/lmy/iot-device-classification/dataset/camera/round4_normal/camera_r4.pcapng,R4,243,2432.88086605072,0.9991864562034607,0.00020721300097648054,5.660983515554108e-05,0.0004933190066367388,5.6356879213126376e-05,Camera
/home/lmy/iot-device-classification/dataset/camera/round4_normal/camera_r4.pcapng,R4,244,2441.239235162735,0.9999327659606934,5.067385245638434e-06,5.444566340884194e-05,4.531285412667785e-06,3.2113612178363837e-06,Camera
/home/lmy/iot-device-classification/dataset/camera/round4_normal/camera_r4.pcapng,R4,245,2453.333186388016,0.9945409893989563,0.001421712921001017,0.00014580167771782726,0.00373944197781384,0.00015209836419671774,Camera
/home/lmy/iot-device-classification/dataset/camera/round4_normal/camera_r4.pcapng,R4,246,2460.6930615901947,0.9999442100524902,2.0441924789338373e-05,1.888012411654927e-05,1.1303948667773511e-05,5.1213223741797265e-06,Camera
/home/lmy/iot-device-classification/dataset/camera/round4_normal/camera_r4.pcapng,R4,247,2471.544754266739,0.9996565580368042,1.4436261153605301e-05,0.0003127689997199923,1.0861785085580777e-05,5.432993020804133e-06,Camera
/home/lmy/iot-device-classification/dataset/camera/round4_normal/camera_r4.pcapng,R4,248,2484.5124764442444,0.9996751546859741,5.429530574474484e-06,4.112776514375582e-05,0.0002744730154518038,3.87906720789033e-06,Camera
/home/lmy/iot-device-classification/dataset/camera/round4_normal/camera_r4.pcapng,R4,249,2493.1801040172577,0.9884262084960938,0.003642382100224495,0.0015603231731802225,0.00570962717756629,0.0006614212761633098,Camera
/home/lmy/iot-device-classification/dataset/camera/round4_normal/camera_r4.pcapng,R4,250,2500.920788526535,0.9999438524246216,3.058100446651224e-06,4.4711381633533165e-05,5.598073585133534e-06,2.754103434199351e-06,Camera
/home/lmy/iot-device-classification/dataset/camera/round4_normal/camera_r4.pcapng,R4,251,2513.5595660209656,0.9986380934715271,0.0006447516498155892,0.00011049235035898164,0.0005085620214231312,9.80457043624483e-05,Camera
/home/lmy/iot-device-classification/dataset/camera/round4_normal/camera_r4.pcapng,R4,252,2524.3697531223297,0.9977422952651978,0.00014899953384883702,0.0007321288576349616,0.0013123837998136878,6.426879554055631e-05,Camera
/home/lmy/iot-device-classification/dataset/camera/round4_normal/camera_r4.pcapng,R4,253,2531.488832473755,0.9995965361595154,4.260558125679381e-05,0.00020705541828647256,0.0001429598924005404,1.0888637007155921e-05,Camera
/home/lmy/iot-device-classification/dataset/camera/round4_normal/camera_r4.pcapng,R4,254,2540.671995639801,0.9998620748519897,6.86624480294995e-05,3.3865610021166503e-05,2.633018266351428e-05,9.018267519422807e-06,Camera
/home/lmy/iot-device-classification/dataset/camera/round4_normal/camera_r4.pcapng,R4,255,2553.483501911164,0.9971134662628174,0.0017973434878513217,7.615966751473024e-05,0.0009403078584000468,7.27523656678386e-05,Camera
/home/lmy/iot-device-classification/dataset/camera/round4_normal/camera_r4.pcapng,R4,256,2561.718853473664,0.9999252557754517,3.7309334857127396e-06,6.562154885614291e-05,2.9426425953715807e-06,2.489265625627013e-06,Camera
/home/lmy/iot-device-classification/dataset/camera/round4_normal/camera_r4.pcapng,R4,257,2574.279573202133,0.9980915188789368,0.00029413611628115177,9.645956743042916e-05,0.0014385647373273969,7.926455145934597e-05,Camera
/home/lmy/iot-device-classification/dataset/camera/round4_normal/camera_r4.pcapng,R4,258,2581.4659345149994,0.9998663663864136,4.985255509382114e-05,3.0689257982885465e-05,4.4524484110297635e-05,8.526130841346458e-06,Camera
/home/lmy/iot-device-classification/dataset/camera/round4_normal/camera_r4.pcapng,R4,259,2591.6336030960083,0.999748170375824,3.6539822758641094e-05,0.00018123205518350005,2.5527695470373146e-05,8.537970643374138e-06,Camera
/home/lmy/iot-device-classification/dataset/camera/round4_normal/camera_r4.pcapng,R4,260,2605.171374320984,0.9998921155929565,9.507341928838287e-06,2.646243228809908e-05,6.814939843025059e-05,3.7740026073151967e-06,Camera
/home/lmy/iot-device-classification/dataset/camera/round4_normal/camera_r4.pcapng,R4,261,2613.793424844742,0.9978944659233093,0.0016523513477295637,5.1616018026834354e-05,0.0003521731705404818,4.9407077312935144e-05,Camera
/home/lmy/iot-device-classification/dataset/camera/round4_normal/camera_r4.pcapng,R4,262,2621.662795066833,0.9998630285263062,4.110053851036355e-06,0.00012489373330026865,5.210669769439846e-06,2.6950353912980063e-06,Camera
/home/lmy/iot-device-classification/dataset/camera/round4_normal/camera_r4.pcapng,R4,263,2633.295604467392,0.9999456405639648,1.7205744370585307e-05,4.492120297072688e-06,2.8894275601487607e-05,3.776616949835443e-06,Camera
/home/lmy/iot-device-classification/dataset/camera/round4_normal/camera_r4.pcapng,R4,264,2644.98943567276,0.9999544620513916,2.0442856111912988e-05,1.3933586160419509e-05,5.2143177526886575e-06,5.929086000833195e-06,Camera
/home/lmy/iot-device-classification/dataset/camera/round4_normal/camera_r4.pcapng,R4,265,2651.6771519184117,0.9996720552444458,1.3802808098262176e-05,8.069467730820179e-05,0.0002289710391778499,4.539137989922892e-06,Camera
/home/lmy/iot-device-classification/dataset/camera/round4_normal/camera_r4.pcapng,R4,266,2663.720027923584,0.9998435974121094,3.5734527045860887e-05,7.32467306079343e-05,3.705268318299204e-05,1.0362788998463657e-05,Camera
/home/lmy/iot-device-classification/dataset/camera/round4_normal/camera_r4.pcapng,R4,267,2672.0125160217285,0.999617338180542,0.00022088066907599568,2.6347146558691747e-05,0.00011016362259397283,2.520808448025491e-05,Camera
/home/lmy/iot-device-classification/dataset/camera/round4_normal/camera_r4.pcapng,R4,268,2681.6812314987183,0.9998939037322998,3.497073703329079e-05,5.9796020650537685e-05,8.462418009003159e-06,2.851022145478055e-06,Camera
/home/lmy/iot-device-classification/dataset/camera/round4_normal/camera_r4.pcapng,R4,269,2694.904849290848,0.9989687204360962,0.00012258262722752988,4.9976184527622536e-05,0.0008004139526747167,5.8359524700790644e-05,Camera
/home/lmy/iot-device-classification/dataset/camera/round4_normal/camera_r4.pcapng,R4,270,2705.2584886550903,0.9998602867126465,8.287231139547657e-06,2.595135993033182e-05,0.0001016965470626019,3.7738825540145626e-06,Camera
/home/lmy/iot-device-classification/dataset/camera/round4_normal/camera_r4.pcapng,R4,271,2711.690440654754,0.999836802482605,2.6895178962149657e-05,5.235086428001523e-05,7.846371590858325e-05,5.494651304616127e-06,Camera
/home/lmy/iot-device-classification/dataset/camera/round4_normal/camera_r4.pcapng,R4,272,2723.0477867126465,0.9944339394569397,0.0037457901053130627,0.0004658411198761314,0.0010077875340357423,0.0003466738562565297,Camera
/home/lmy/iot-device-classification/dataset/camera/round4_normal/camera_r4.pcapng,R4,273,2735.286093950272,0.999825656414032,9.19433750823373e-06,7.118710072973045e-06,0.00015427477774210274,3.7737515867775073e-06,Camera
/home/lmy/iot-device-classification/dataset/camera/round4_normal/camera_r4.pcapng,R4,274,2741.6946592330933,0.9999030828475952,4.817399712919723e-06,8.158028504112735e-05,7.425005605909973e-06,3.02613898384152e-06,Camera
/home/lmy/iot-device-classification/dataset/camera/round4_normal/camera_r4.pcapng,R4,275,2755.221777677536,0.999954342842102,1.187848192785168e-05,1.8159151295549236e-05,9.549089554639068e-06,6.111580205470091e-06,Camera
/home/lmy/iot-device-classification/dataset/camera/round4_normal/camera_r4.pcapng,R4,276,2763.281831979752,0.9797323942184448,0.018692657351493835,0.0003678159264381975,0.0011538735125213861,5.322822107700631e-05,Camera
/home/lmy/iot-device-classification/dataset/camera/round4_normal/camera_r4.pcapng,R4,277,2771.7056386470795,0.9996575117111206,0.000258294545346871,6.549988756887615e-05,1.3597887118521612e-05,5.049041646998376e-06,Camera
/home/lmy/iot-device-classification/dataset/camera/round4_normal/camera_r4.pcapng,R4,278,2783.1718010902405,0.9998615980148315,1.6890324332052842e-05,2.5457724404986948e-05,9.164540824713185e-05,4.424382950674044e-06,Camera
/home/lmy/iot-device-classification/dataset/camera/round4_normal/camera_r4.pcapng,R4,279,2795.3425335884094,0.9998825788497925,1.0516675502003636e-05,8.013524166017305e-06,9.509731899015605e-05,3.7739666822744766e-06,Camera
/home/lmy/iot-device-classification/dataset/camera/round4_normal/camera_r4.pcapng,R4,280,2801.7111432552338,0.9999368190765381,3.958448360208422e-06,5.241369944997132e-05,4.096472821402131e-06,2.734262579906499e-06,Camera
/home/lmy/iot-device-classification/dataset/camera/round4_normal/camera_r4.pcapng,R4,281,2813.5989820957184,0.9998015761375427,6.566751835634932e-05,3.098942033830099e-05,8.111524221021682e-05,2.0614997993106954e-05,Camera
/home/lmy/iot-device-classification/dataset/camera/round4_normal/camera_r4.pcapng,R4,282,2825.370608329773,0.9998964071273804,7.671030289202463e-06,1.7190201106132008e-05,7.559708319604397e-05,3.0850915209157392e-06,Camera
/home/lmy/iot-device-classification/dataset/camera/round4_normal/camera_r4.pcapng,R4,283,2831.740906715393,0.9998703002929688,1.5342106053140014e-05,4.278980122762732e-05,6.671302253380418e-05,4.784314114658628e-06,Camera
/home/lmy/iot-device-classification/dataset/camera/round4_normal/camera_r4.pcapng,R4,284,2845.3892107009888,0.9999521970748901,1.1121019269921817e-05,1.3668943211087026e-05,2.002060500672087e-05,3.0266658086475218e-06,Camera
/home/lmy/iot-device-classification/dataset/camera/round4_normal/camera_r4.pcapng,R4,285,2851.35560965538,0.0792020782828331,0.9198346734046936,0.0002594454272184521,0.0005391234299167991,0.0001646627497393638,Camera
/home/lmy/iot-device-classification/dataset/camera/round4_normal/camera_r4.pcapng,R4,286,2861.770715236664,0.9998241066932678,6.116019903856795e-06,0.0001572478940943256,8.151369002007414e-06,4.460634499992011e-06,Camera
/home/lmy/iot-device-classification/dataset/camera/round4_normal/camera_r4.pcapng,R4,287,2875.416677474976,0.9999474287033081,5.095173492009053e-06,4.055676527059404e-06,4.1057486669160426e-05,2.3614154542883625e-06,Camera
/home/lmy/iot-device-classification/dataset/camera/round4_normal/camera_r4.pcapng,R4,288,2883.3564672470093,0.9998717308044434,1.1806825568783097e-05,3.5477154597174376e-05,7.724235183559358e-05,3.6844780879619066e-06,Camera
/home/lmy/iot-device-classification/dataset/camera/round4_normal/camera_r4.pcapng,R4,289,2891.795757293701,0.9996452331542969,4.4013817387167364e-05,7.724481838522479e-05,0.00020871900778729469,2.4793027478153817e-05,Camera
/home/lmy/iot-device-classification/dataset/camera/round4_normal/camera_r4.pcapng,R4,290,2903.2726147174835,0.07224950194358826,0.29519811272621155,0.1152232214808464,0.49065253138542175,0.026676632463932037,Camera
/home/lmy/iot-device-classification/dataset/camera/round4_normal/camera_r4.pcapng,R4,291,2913.4360535144806,0.9998432397842407,1.8644423107616603e-05,1.2678236998908687e-05,0.0001174471908598207,7.940354407764971e-06,Camera
/home/lmy/iot-device-classification/dataset/camera/round4_normal/camera_r4.pcapng,R4,292,2921.825178384781,0.9999673366546631,4.79077380077797e-06,1.8785209249472246e-05,6.338620551105123e-06,2.7610792585619492e-06,Camera
/home/lmy/iot-device-classification/dataset/camera/round4_normal/camera_r4.pcapng,R4,293,2933.034343957901,0.9999473094940186,1.5241056644299533e-05,6.6712400439428166e-06,2.5589504730305634e-05,5.219663762545679e-06,Camera
/home/lmy/iot-device-classification/dataset/camera/round4_normal/camera_r4.pcapng,R4,294,2943.259826898575,0.9987806677818298,0.0006977927405387163,0.00026258607977069914,0.00019859524036291987,6.0360765928635374e-05,Camera
/home/lmy/iot-device-classification/dataset/camera/round4_normal/camera_r4.pcapng,R4,295,2951.868757247925,0.9987860321998596,8.114618140098173e-06,0.00010645727888913825,0.0010942470980808139,5.208493348618504e-06,Camera
/home/lmy/iot-device-classification/dataset/camera/round4_normal/camera_r4.pcapng,R4,296,2965.50278544426,0.9999078512191772,7.488116352760699e-06,1.571280154166743e-05,6.583735375897959e-05,3.047126028832281e-06,Camera
/home/lmy/iot-device-classification/dataset/camera/round4_normal/camera_r4.pcapng,R4,297,2974.698159456253,0.9998857975006104,2.724343357840553e-05,1.0412937626824714e-05,6.997863965807483e-05,6.529301117552677e-06,Camera
/home/lmy/iot-device-classification/dataset/camera/round4_normal/camera_r4.pcapng,R4,298,2980.1586484909058,0.9999300241470337,3.83554015570553e-06,5.8863122831098735e-05,4.790718321601162e-06,2.461179974488914e-06,Camera
/home/lmy/iot-device-classification/dataset/camera/round4_normal/camera_r4.pcapng,R4,299,2993.267364025116,0.9949936270713806,0.0016828813822939992,0.00014925329014658928,0.002979143289849162,0.0001950859877979383,Camera
/home/lmy/iot-device-classification/dataset/camera/round4_normal/camera_r4.pcapng,R4,300,3005.5431804656982,0.9999078512191772,7.3527853601262905e-06,1.297725520998938e-05,6.872953963465989e-05,3.110041689069476e-06,Camera
/home/lmy/iot-device-classification/dataset/camera/round4_normal/camera_r4.pcapng,R4,301,3011.910804271698,0.9996610879898071,1.4134775483398698e-05,6.0227819631109014e-05,0.0002600295119918883,4.564399660011986e-06,Camera
/home/lmy/iot-device-classification/dataset/camera/round4_normal/camera_r4.pcapng,R4,302,3020.023289203644,0.9999029636383057,4.05478676839266e-05,9.209028576151468e-06,4.231905040796846e-05,4.97743030791753e-06,Camera
/home/lmy/iot-device-classification/dataset/camera/round4_normal/camera_r4.pcapng,R4,303,3030.012945175171,0.9960403442382812,0.0015541105531156063,0.0014029938029125333,0.0007140993257053196,0.00028846514760516584,Camera
/home/lmy/iot-device-classification/dataset/camera/round4_normal/camera_r4.pcapng,R4,304,3040.0161547660828,0.9999445676803589,5.460617558128433e-06,4.053834345540963e-05,6.525476692331722e-06,2.9121015359123703e-06,Camera
/home/lmy/iot-device-classification/dataset/camera/round4_normal/camera_r4.pcapng,R4,305,3050.1249780654907,0.999961256980896,6.19370939602959e-06,1.0184604434471112e-05,1.9346327462699264e-05,2.957279320980888e-06,Camera
/home/lmy/iot-device-classification/dataset/camera/round4_normal/camera_r4.pcapng,R4,306,3060.0535526275635,0.9993755221366882,7.593582267872989e-06,1.0030806151917204e-05,0.0006029416690580547,3.885945261572488e-06,Camera
/home/lmy/iot-device-classification/dataset/camera/round4_normal/camera_r4.pcapng,R4,307,3070.093208789825,0.9996029734611511,8.868236909620464e-05,0.00027069548377767205,3.2878633646760136e-05,4.78955280414084e-06,Camera
/home/lmy/iot-device-classification/dataset/camera/round4_normal/camera_r4.pcapng,R4,308,3080.2127764225006,0.9951328635215759,0.0026732725091278553,0.0020831087604165077,6.68321008561179e-05,4.392936534713954e-05,Camera
/home/lmy/iot-device-classification/dataset/camera/round4_normal/camera_r4.pcapng,R4,309,3090.253472805023,0.9999305009841919,2.2389134755940177e-05,2.6160425477428362e-05,1.2039667126373388e-05,8.948520189733244e-06,Camera
/home/lmy/iot-device-classification/dataset/camera/round4_normal/camera_r4.pcapng,R4,310,3100.3328034877777,0.9998353719711304,3.045876837859396e-06,0.00015311615425162017,5.744804639107315e-06,2.719903022807557e-06,Camera
/home/lmy/iot-device-classification/dataset/camera/round4_normal/camera_r4.pcapng,R4,311,3110.3467152118683,0.9999222755432129,1.8156179066863842e-05,1.395976505591534e-05,3.9994847611524165e-05,5.602582859864924e-06,Camera
/home/lmy/iot-device-classification/dataset/camera/round4_normal/camera_r4.pcapng,R4,312,3120.3707110881805,0.9998515844345093,7.208078022813424e-05,1.5794666978763416e-05,5.1012219046242535e-05,9.551806215313263e-06,Camera
/home/lmy/iot-device-classification/dataset/camera/round4_normal/camera_r4.pcapng,R4,313,3130.4852464199066,0.9883894920349121,0.000589207571465522,0.002471612300723791,0.008358240127563477,0.00019141269149258733,Camera
/home/lmy/iot-device-classification/dataset/camera/round4_normal/camera_r4.pcapng,R4,314,3140.5806200504303,0.9996565580368042,5.077780588180758e-05,3.3954198443097994e-05,0.00024873821530491114,9.98259292828152e-06,Camera
/home/lmy/iot-device-classification/dataset/camera/round4_normal/camera_r4.pcapng,R4,315,3150.670695066452,0.9983639121055603,0.00020459556253626943,4.42023592768237e-05,0.0013665870064869523,2.0760580810019746e-05,Camera
/home/lmy/iot-device-classification/dataset/camera/round4_normal/camera_r4.pcapng,R4,316,3160.054070711136,0.9998973608016968,4.539403107628459e-06,9.036101255333051e-05,4.84547399537405e-06,2.900439994846238e-06,Camera
/home/lmy/iot-device-classification/dataset/camera/round4_normal/camera_r4.pcapng,R4,317,3170.6206159591675,0.9999258518218994,2.504508120182436e-05,1.2570347280416172e-05,3.2041731174103916e-05,4.510572125582257e-06,Camera
/home/lmy/iot-device-classification/dataset/camera/round4_normal/camera_r4.pcapng,R4,318,3180.160079479217,0.9997803568840027,6.876675797684584e-06,7.855334843043238e-06,0.00020106100419070572,3.90193144994555e-06,Camera
/home/lmy/iot-device-classification/dataset/camera/round4_normal/camera_r4.pcapng,R4,319,3190.192066431045,0.9999130964279175,6.418361863325117e-06,7.253843068610877e-05,4.425910447025672e-06,3.563856353139272e-06,Camera
/home/lmy/iot-device-classification/dataset/camera/round4_normal/camera_r4.pcapng,R4,320,3200.250338315964,0.9999117851257324,1.5884003005339764e-05,7.99699319031788e-06,6.0030037275282666e-05,4.3529016693355516e-06,Camera
/home/lmy/iot-device-classification/dataset/camera/round4_normal/camera_r4.pcapng,R4,321,3210.308568000793,0.9989320635795593,0.0004689954803325236,0.0003350212937220931,0.00020415539620444179,5.9721183788497e-05,Camera
/home/lmy/iot-device-classification/dataset/camera/round4_normal/camera_r4.pcapng,R4,322,3220.3675286769867,0.9999337196350098,6.809106253058417e-06,5.338861228665337e-05,3.4052366117975907e-06,2.622159399834345e-06,Camera
/home/lmy/iot-device-classification/dataset/camera/round4_normal/camera_r4.pcapng,R4,323,3230.3149104118347,0.9999535083770752,7.750565600872505e-06,2.3327602320932783e-05,1.2664335372392088e-05,2.7063781544711674e-06,Camera
/home/lmy/iot-device-classification/dataset/camera/round4_normal/camera_r4.pcapng,R4,324,3240.551289319992,0.9996434450149536,0.000331396353431046,6.9735619945276994e-06,1.2122817679482978e-05,6.052833668945823e-06,Camera
/home/lmy/iot-device-classification/dataset/camera/round4_normal/camera_r4.pcapng,R4,325,3250.5564374923706,0.9998855590820312,3.1077561288839206e-05,2.9755861760349944e-05,4.850768527830951e-05,5.050954314356204e-06,Camera
/home/lmy/iot-device-classification/dataset/camera/round4_normal/camera_r4.pcapng,R4,326,3260.579570055008,0.9990966320037842,0.0003872022789437324,9.884120663627982e-05,0.00035996094811707735,5.74189361941535e-05,Camera
/home/lmy/iot-device-classification/dataset/camera/round4_normal/camera_r4.pcapng,R4,327,3270.635833501816,0.999963641166687,1.462230648030527e-05,5.150776360096643e-06,1.3025816770095844e-05,3.537447582857567e-06,Camera
/home/lmy/iot-device-classification/dataset/camera/round4_normal/camera_r4.pcapng,R4,328,3280.6955530643463,0.9997668862342834,7.836814802431036e-06,0.00021752837346866727,3.6266985716792988e-06,4.136806637689006e-06,Camera
/home/lmy/iot-device-classification/dataset/camera/round4_normal/camera_r4.pcapng,R4,329,3290.784341573715,0.9990406632423401,0.0003970151301473379,0.00032068477594293654,0.00018097154679708183,6.0679882153635845e-05,Camera
/home/lmy/iot-device-classification/dataset/camera/round4_normal/camera_r4.pcapng,R4,330,3300.833862543106,0.9998924732208252,1.36802154884208e-05,1.160297506430652e-05,7.592792098876089e-05,6.306257091637235e-06,Camera
/home/lmy/iot-device-classification/dataset/camera/round4_normal/camera_r4.pcapng,R4,331,3310.8741924762726,0.9996979236602783,1.4330986232380383e-05,7.482964429073036e-05,0.00020801619393751025,4.886551323579624e-06,Camera
/home/lmy/iot-device-classification/dataset/camera/round4_normal/camera_r4.pcapng,R4,332,3320.9394059181213,0.9998918771743774,1.47434393511503e-05,8.057747436396312e-06,8.090099436230958e-05,4.378010544314748e-06,Camera
/home/lmy/iot-device-classification/dataset/camera/round4_normal/camera_r4.pcapng,R4,333,3331.003237724304,0.9999443292617798,1.0221865522908047e-05,1.862988392531406e-05,2.2367588826455176e-05,4.46815420218627e-06,Camera
/home/lmy/iot-device-classification/dataset/camera/round4_normal/camera_r4.pcapng,R4,334,3341.05166220665,0.9998089671134949,7.757756065984722e-06,0.00016594740736763924,1.259095279237954e-05,4.718505806522444e-06,Camera
/home/lmy/iot-device-classification/dataset/camera/round4_normal/camera_r4.pcapng,R4,335,3351.1515352725983,0.9965832829475403,0.0009680360672064126,0.002165816957131028,0.0001433558645658195,0.00013952339941170067,Camera
/home/lmy/iot-device-classification/dataset/camera/round4_normal/camera_r4.pcapng,R4,336,3361.1959784030914,0.999805748462677,8.926092414185405e-05,7.125251613615546e-06,9.353519271826372e-05,4.377633104013512e-06,Camera
/home/lmy/iot-device-classification/dataset/camera/round4_normal/camera_r4.pcapng,R4,337,3371.2304062843323,0.9995599389076233,9.229217539541423e-06,0.00011511173943290487,0.00031137667247094214,4.2817273424589075e-06,Camera
/home/lmy/iot-device-classification/dataset/camera/round4_normal/camera_r4.pcapng,R4,338,3381.310253381729,0.9997922778129578,5.765055448136991e-06,3.9530950743937865e-05,0.00015883520245552063,3.6435003494261764e-06,Camera
/home/lmy/iot-device-classification/dataset/camera/round4_normal/camera_r4.pcapng,R4,339,3391.397966384888,0.9983552098274231,0.0005341605865396559,0.0007761954329907894,0.00027676523313857615,5.7665034546516836e-05,Camera
/home/lmy/iot-device-classification/dataset/camera/round4_normal/camera_r4.pcapng,R4,340,3401.4191987514496,0.9998914003372192,3.4828678963094717e-06,9.749215678311884e-05,5.322852757672081e-06,2.268585603815154e-06,Camera
/home/lmy/iot-device-classification/dataset/camera/round4_normal/camera_r4.pcapng,R4,341,3411.496221065521,0.9999454021453857,1.2344855349510908e-05,5.468470590130892e-06,3.243472019676119e-05,4.369576799945207e-06,Camera
/home/lmy/iot-device-classification/dataset/camera/round4_normal/camera_r4.pcapng,R4,342,3421.5380976200104,0.9994745850563049,4.760698720929213e-05,0.0001956069900188595,0.00025852007092908025,2.365327236475423e-05,Camera
/home/lmy/iot-device-classification/dataset/camera/round4_normal/camera_r4.pcapng,R4,343,3431.6013379096985,0.9997765421867371,1.288575276703341e-05,0.00012895003601443022,7.621305849170312e-05,5.420225079433294e-06,Camera
/home/lmy/iot-device-classification/dataset/camera/round4_normal/camera_r4.pcapng,R4,344,3441.6781210899358,0.999238133430481,2.1400110199465416e-05,9.695180779090151e-06,0.0007215766818262637,9.20516140467953e-06,Camera
/home/lmy/iot-device-classification/dataset/camera/round4_normal/camera_r4.pcapng,R4,345,3451.726101160049,0.9998192191123962,1.1718540918081999e-05,2.784049320325721e-05,0.00013505561219062656,6.145550742076011e-06,Camera
/home/lmy/iot-device-classification/dataset/camera/round4_normal/camera_r4.pcapng,R4,346,3461.8228118419647,0.9998955726623535,2.5031772565853316e-06,9.642991790315136e-05,3.261142865085276e-06,2.1804323750984622e-06,Camera
/home/lmy/iot-device-classification/dataset/camera/round4_normal/camera_r4.pcapng,R4,347,3471.8480608463287,0.9998793601989746,1.3236264749139082e-05,8.78561786521459e-06,9.385465818922967e-05,4.705917945102556e-06,Camera
/home/lmy/iot-device-classification/dataset/camera/round4_normal/camera_r4.pcapng,R4,348,3481.48467373848,0.9999219179153442,4.535666084848344e-05,1.219539626617916e-05,1.222169794345973e-05,8.329864613187965e-06,Camera
/home/lmy/iot-device-classification/dataset/camera/round4_normal/camera_r4.pcapng,R4,349,3491.977492809296,0.9998884201049805,1.8054797692457214e-05,4.2130384827032685e-05,4.602006811182946e-05,5.407391654443927e-06,Camera
/home/lmy/iot-device-classification/dataset/camera/round4_normal/camera_r4.pcapng,R4,350,3502.054996728897,0.9999517202377319,1.633245119592175e-05,5.5647751651122235e-06,2.2826066924608313e-05,3.5578814276959747e-06,Camera
/home/lmy/iot-device-classification/dataset/camera/round4_normal/camera_r4.pcapng,R4,351,3512.084768295288,0.9993076324462891,0.0004110418085474521,6.275108898989856e-05,0.00020482706895563751,1.3698408110940363e-05,Camera
/home/lmy/iot-device-classification/dataset/camera/round4_normal/camera_r4.pcapng,R4,352,3522.1432185173035,0.9990229606628418,0.0006711767637170851,0.00024342989490833133,4.371530667413026e-05,1.872659777291119e-05,Camera
/home/lmy/iot-device-classification/dataset/camera/round4_normal/camera_r4.pcapng,R4,353,3530.3105132579803,0.009586102329194546,0.6884819269180298,0.29419711232185364,0.003921105060726404,0.00381375546567142,Camera
/home/lmy/iot-device-classification/dataset/camera/round4_normal/camera_r4.pcapng,R4,354,3542.2616379261017,0.9998648166656494,1.2345402865321375e-05,8.014421837287955e-06,0.00011041422840207815,4.377892310003517e-06,Camera
/home/lmy/iot-device-classification/dataset/camera/round4_normal/camera_r4.pcapng,R4,355,3552.3110704422,0.9998540878295898,1.1743115464923903e-05,8.174762479029596e-05,4.7783254558453336e-05,4.574843387672445e-06,Camera
/home/lmy/iot-device-classification/dataset/camera/round4_normal/camera_r4.pcapng,R4,356,3562.360029935837,0.9998027682304382,1.901950417959597e-05,1.1160929716425017e-05,0.00016138820501510054,5.6648559620953165e-06,Camera
/home/lmy/iot-device-classification/dataset/camera/round4_normal/camera_r4.pcapng,R4,357,3572.616398334503,0.9990236759185791,0.00020524962747003883,0.00031938825850374997,0.0003992825513705611,5.234666241449304e-05,Camera
/home/lmy/iot-device-classification/dataset/camera/round4_normal/camera_r4.pcapng,R4,358,3582.349202394485,0.999854326248169,1.404197155352449e-05,6.269704317674041e-05,6.465130718424916e-05,4.23509254687815e-06,Camera
/home/lmy/iot-device-classification/dataset/camera/round4_normal/camera_r4.pcapng,R4,359,3590.8263852596283,0.999901294708252,2.3726417566649616e-05,5.8518999139778316e-05,8.498689567204565e-06,7.963408279465511e-06,Camera
/home/lmy/iot-device-classification/dataset/camera/round4_normal/camera_r4.pcapng,R4,360,3601.645554304123,0.9999288320541382,2.26707779802382e-05,1.6610418242635205e-05,2.3407272237818688e-05,8.500244803144597e-06,Camera
/home/lmy/iot-device-classification/dataset/camera/round4_normal/camera_r4.pcapng,R4,361,3612.370777845383,0.9999051094055176,1.3829126146447379e-05,6.454769754782319e-05,1.0931447832263075e-05,5.553504706767853e-06,Camera
/home/lmy/iot-device-classification/dataset/camera/round4_normal/camera_r4.pcapng,R4,362,3620.280957460403,0.03384867683053017,0.00582345062866807,0.0024037559051066637,0.9567492604255676,0.0011749184923246503,Camera
/home/lmy/iot-device-classification/dataset/camera/round4_normal/camera_r4.pcapng,R4,363,3632.275204658508,0.9725978970527649,0.0071945032104849815,0.00035161737469024956,0.019656453281641006,0.0001995071943383664,Camera
/home/lmy/iot-device-classification/dataset/camera/round4_normal/camera_r4.pcapng,R4,364,3642.400672197342,0.7763878703117371,9.722458344185725e-05,0.0001395395229337737,0.2233465313911438,2.8779493732145056e-05,Camera
/home/lmy/iot-device-classification/dataset/camera/round4_normal/camera_r4.pcapng,R4,365,3650.181605577469,0.9999064207077026,1.2722618521365803e-05,3.6104407627135515e-05,3.9273276343010366e-05,5.50020831724396e-06,Camera
/home/lmy/iot-device-classification/dataset/camera/round4_normal/camera_r4.pcapng,R4,366,3663.273211479187,0.9976142644882202,8.509025064995512e-05,0.00021429950720630586,0.002057530451565981,2.8803357054130174e-05,Camera
/home/lmy/iot-device-classification/dataset/camera/round4_normal/camera_r4.pcapng,R4,367,3672.431277036667,0.0038982597179710865,0.00022358179558068514,0.0006534154526889324,0.9951336979866028,9.09756709006615e-05,Camera
/home/lmy/iot-device-classification/dataset/camera/round4_normal/camera_r4.pcapng,R4,368,3680.581934452057,0.9998407363891602,1.7132291759480722e-05,2.8677730369963683e-05,0.00010601349640637636,7.361651569226524e-06,Camera
/home/lmy/iot-device-classification/dataset/camera/round4_normal/camera_r4.pcapng,R4,369,3693.248536348343,0.6245054006576538,0.0014359260676428676,0.0004956442280672491,0.37336620688438416,0.0001968288270290941,Camera
/home/lmy/iot-device-classification/dataset/camera/round4_normal/camera_r4.pcapng,R4,370,3702.462240457535,0.20310451090335846,0.0005939475377090275,0.005226295441389084,0.7908143401145935,0.0002608849899843335,Camera
/home/lmy/iot-device-classification/dataset/camera/round4_normal/camera_r4.pcapng,R4,371,3710.2803480625153,0.9999332427978516,1.5865252862568013e-05,2.285766640852671e-05,2.411277819192037e-05,3.959525656682672e-06,Camera
/home/lmy/iot-device-classification/dataset/camera/round4_normal/camera_r4.pcapng,R4,372,3724.448883533478,0.9796261191368103,0.0005823611281812191,0.0006773161003366113,0.01890074461698532,0.000213476741919294,Camera
/home/lmy/iot-device-classification/dataset/camera/round4_normal/camera_r4.pcapng,R4,373,3732.496464729309,0.1850123554468155,0.0012610440608114004,0.0016953584272414446,0.8114626407623291,0.0005685949581675231,Camera
/home/lmy/iot-device-classification/dataset/camera/round4_normal/camera_r4.pcapng,R4,374,3740.940272569656,0.9996597766876221,3.592927896534093e-05,0.00015248137060552835,0.00014088160241954029,1.0925337846856564e-05,Camera
/home/lmy/iot-device-classification/dataset/camera/round4_normal/camera_r4.pcapng,R4,375,3750.5577368736263,0.9752129316329956,0.0012896371772512794,0.00018144084606319666,0.023286966606974602,2.9054272090434097e-05,Camera
/home/lmy/iot-device-classification/dataset/camera/round4_normal/camera_r4.pcapng,R4,376,3762.5239808559418,0.998741090297699,4.973588511347771e-05,0.0009259426733478904,0.00025913523859344423,2.4147644580807537e-05,Camera
/home/lmy/iot-device-classification/dataset/camera/round4_normal/camera_r4.pcapng,R4,377,3770.697746276856,0.9999340772628784,8.147018888848834e-06,1.9655102732940577e-05,3.5350716643733904e-05,2.7202206638321513e-06,Camera
/home/lmy/iot-device-classification/dataset/camera/round4_normal/camera_r4.pcapng,R4,378,3782.6841435432434,0.6794741153717041,0.008414046838879585,0.0011879493249580264,0.31062889099121094,0.000294972094707191,Camera
/home/lmy/iot-device-classification/dataset/camera/round4_normal/camera_r4.pcapng,R4,379,3792.5440344810486,0.2643261253833771,0.00013856803707312793,0.000758633017539978,0.7347078323364258,6.887454946991056e-05,Camera
/home/lmy/iot-device-classification/dataset/camera/round4_normal/camera_r4.pcapng,R4,380,3801.356687545776,0.9992324113845825,0.0002691055997274816,3.5506378480931744e-05,0.0004545359988696873,8.442049875156954e-06,Camera
/home/lmy/iot-device-classification/dataset/camera/round4_normal/camera_r4.pcapng,R4,381,3813.882330656052,0.9871430993080139,6.903491885168478e-05,0.00022208197333384305,0.012529302388429642,3.6476776585914195e-05,Camera
/home/lmy/iot-device-classification/dataset/camera/round4_normal/camera_r4.pcapng,R4,382,3822.572818517685,0.9815263152122498,0.001404927927069366,0.0008263561758212745,0.016197331249713898,4.509243444772437e-05,Camera
/home/lmy/iot-device-classification/dataset/camera/round4_normal/camera_r4.pcapng,R4,383,3831.104578733444,0.9997598528862,7.406206350424327e-06,5.282420170260593e-05,0.000174293527379632,5.635914021695498e-06,Camera
/home/lmy/iot-device-classification/dataset/camera/round4_normal/camera_r4.pcapng,R4,384,3843.0026099681854,0.15456849336624146,0.006041334010660648,0.0038813124410808086,0.8329940438270569,0.0025148664135485888,Camera
/home/lmy/iot-device-classification/dataset/camera/round4_normal/camera_r4.pcapng,R4,385,3852.601934671402,0.6524621248245239,0.0009013465605676174,0.0023216523695737123,0.3439589738845825,0.0003558870521374047,Camera
/home/lmy/iot-device-classification/dataset/camera/round4_normal/camera_r4.pcapng,R4,386,3861.743215084076,0.9997584223747253,9.159117325907573e-06,6.300101085798815e-05,0.00016326109471265227,6.198739811225096e-06,Camera
/home/lmy/iot-device-classification/dataset/camera/round4_normal/camera_r4.pcapng,R4,387,3874.201101541519,0.14358672499656677,0.23634077608585358,0.003734160913154483,0.6149179935455322,0.001420302432961762,Camera
/home/lmy/iot-device-classification/dataset/camera/round4_normal/camera_r4.pcapng,R4,388,3882.6284408569336,0.28534364700317383,0.0003709378943312913,0.002982224803417921,0.7110942602157593,0.00020892248721793294,Camera
/home/lmy/iot-device-classification/dataset/camera/round4_normal/camera_r4.pcapng,R4,389,3891.521728038788,0.9979912042617798,0.0001024368975777179,0.0005884720012545586,0.0012681888183578849,4.966618143953383e-05,Camera
/home/lmy/iot-device-classification/dataset/light_T1/round4_normal/light_T1_r4.pcapng,R4,0,0.0,0.001469149487093091,0.973831295967102,0.01900498941540718,0.0043359179981052876,0.0013586374698206782,Light_T1
/home/lmy/iot-device-classification/dataset/light_T1/round4_normal/light_T1_r4.pcapng,R4,1,10.079314708709717,0.026776354759931564,0.14144045114517212,0.7116518616676331,0.10703524947166443,0.013096031732857227,Light_T1
/home/lmy/iot-device-classification/dataset/light_T1/round4_normal/light_T1_r4.pcapng,R4,2,20.131269931793213,7.703165465500206e-06,0.9997356534004211,4.602615808835253e-05,0.00019722706929314882,1.337831599812489e-05,Light_T1
/home/lmy/iot-device-classification/dataset/light_T1/round4_normal/light_T1_r4.pcapng,R4,3,30.20003914833069,0.0017325039952993393,0.9250792264938354,0.06084263324737549,0.010770723223686218,0.0015748924342915416,Light_T1
/home/lmy/iot-device-classification/dataset/light_T1/round4_normal/light_T1_r4.pcapng,R4,4,40.24841928482056,0.003742235479876399,0.041041694581508636,0.24947910010814667,0.7003148198127747,0.0054221670143306255,Light_T1
/home/lmy/iot-device-classification/dataset/light_T1/round4_normal/light_T1_r4.pcapng,R4,5,50.36168551445007,0.03433125466108322,0.48601019382476807,0.10639291256666183,0.3534725606441498,0.019793057814240456,Light_T1
/home/lmy/iot-device-classification/dataset/light_T1/round4_normal/light_T1_r4.pcapng,R4,6,60.31658029556274,0.005842855200171471,0.9109876155853271,0.02434021607041359,0.04858994111418724,0.010239378549158573,Light_T1
/home/lmy/iot-device-classification/dataset/light_T1/round4_normal/light_T1_r4.pcapng,R4,7,70.56429052352905,0.022479049861431122,0.16355568170547485,0.7323700785636902,0.066490039229393,0.015105125494301319,Light_T1
/home/lmy/iot-device-classification/dataset/light_T1/round4_normal/light_T1_r4.pcapng,R4,8,80.44272804260254,0.04105941578745842,0.7551811337471008,0.04318912699818611,0.135911762714386,0.024658555164933205,Light_T1
/home/lmy/iot-device-classification/dataset/light_T1/round4_normal/light_T1_r4.pcapng,R4,9,90.54593348503111,0.006899373605847359,0.22843939065933228,0.3267005681991577,0.42887404561042786,0.009086660109460354,Light_T1
/home/lmy/iot-device-classification/dataset/light_T1/round4_normal/light_T1_r4.pcapng,R4,10,100.61919689178468,0.05804583430290222,0.042196109890937805,0.3603079915046692,0.5310050845146179,0.008444974198937416,Light_T1
/home/lmy/iot-device-classification/dataset/light_T1/round4_normal/light_T1_r4.pcapng,R4,11,110.6578049659729,0.016287732869386673,0.6125103831291199,0.18994316458702087,0.16807681322097778,0.013181908056139946,Light_T1
/home/lmy/iot-device-classification/dataset/light_T1/round4_normal/light_T1_r4.pcapng,R4,12,120.7129557132721,0.0009743232512846589,0.9761356115341187,0.01231287233531475,0.009770277887582779,0.0008068832103163004,Light_T1
/home/lmy/iot-device-classification/dataset/light_T1/round4_normal/light_T1_r4.pcapng,R4,13,130.79607629776,0.00747100543230772,0.014823675155639648,0.16777804493904114,0.8071126341819763,0.002814633073285222,Light_T1
/home/lmy/iot-device-classification/dataset/light_T1/round4_normal/light_T1_r4.pcapng,R4,14,140.8833611011505,0.00031707528978586197,0.9835883378982544,0.00032378046307712793,0.015569070354104042,0.00020177551778033376,Light_T1
/home/lmy/iot-device-classification/dataset/light_T1/round4_normal/light_T1_r4.pcapng,R4,15,151.61631321907043,0.022561872377991676,0.09407148510217667,0.44175705313682556,0.4316963851451874,0.009913202375173569,Light_T1
/home/lmy/iot-device-classification/dataset/light_T1/round4_normal/light_T1_r4.pcapng,R4,16,161.0223491191864,0.0015055445255711675,0.9288328289985657,0.05903291329741478,0.009598912671208382,0.0010297795524820685,Light_T1
/home/lmy/iot-device-classification/dataset/light_T1/round4_normal/light_T1_r4.pcapng,R4,17,171.0658459663391,0.04737988859415054,0.30790528655052185,0.5358850359916687,0.09375498443841934,0.015074804425239563,Light_T1
/home/lmy/iot-device-classification/dataset/light_T1/round4_normal/light_T1_r4.pcapng,R4,18,180.7350730895996,3.305244172224775e-05,0.9986239671707153,0.00010074356396216899,0.0011719181202352047,7.029326661722735e-05,Light_T1
/home/lmy/iot-device-classification/dataset/light_T1/round4_normal/light_T1_r4.pcapng,R4,19,191.13447761535645,0.00025043392088264227,0.9970832467079163,0.001065657939761877,0.0015134698478505015,8.717539458302781e-05,Light_T1
/home/lmy/iot-device-classification/dataset/light_T1/round4_normal/light_T1_r4.pcapng,R4,20,201.2707512378693,0.022001588717103004,0.3734559118747711,0.23429761826992035,0.3311983048915863,0.03904653340578079,Light_T1
/home/lmy/iot-device-classification/dataset/light_T1/round4_normal/light_T1_r4.pcapng,R4,21,211.01904916763303,0.009326308034360409,0.603408694267273,0.30004096031188965,0.07293245941400528,0.014291620813310146,Light_T1
/home/lmy/iot-device-classification/dataset/light_T1/round4_normal/light_T1_r4.pcapng,R4,22,221.385240316391,0.0026330919936299324,0.017892401665449142,0.18468084931373596,0.7901759147644043,0.0046177576296031475,Light_T1
/home/lmy/iot-device-classification/dataset/light_T1/round4_normal/light_T1_r4.pcapng,R4,23,231.0843496322632,0.055102456361055374,0.5304202437400818,0.1967342048883438,0.1843748241662979,0.033368270844221115,Light_T1
/home/lmy/iot-device-classification/dataset/light_T1/round4_normal/light_T1_r4.pcapng,R4,24,241.05284118652344,0.00038249220233410597,0.9929868578910828,0.0006915231351740658,0.005528886336833239,0.00041023059748113155,Light_T1
/home/lmy/iot-device-classification/dataset/light_T1/round4_normal/light_T1_r4.pcapng,R4,25,251.57706713676453,0.007846754975616932,0.0077663990668952465,0.041433122009038925,0.9404323697090149,0.0025213409680873156,Light_T1
/home/lmy/iot-device-classification/dataset/light_T1/round4_normal/light_T1_r4.pcapng,R4,26,261.6641192436218,0.014591450802981853,0.42451751232147217,0.08398109674453735,0.4535783529281616,0.02333156205713749,Light_T1
/home/lmy/iot-device-classification/dataset/light_T1/round4_normal/light_T1_r4.pcapng,R4,27,271.0170454978943,0.001085899886675179,0.9495726227760315,0.012757092714309692,0.03558371588587761,0.001000724732875824,Light_T1
/home/lmy/iot-device-classification/dataset/light_T1/round4_normal/light_T1_r4.pcapng,R4,28,281.75425243377686,0.00787974614650011,0.01421832200139761,0.02832750789821148,0.9478076696395874,0.001766784698702395,Light_T1
/home/lmy/iot-device-classification/dataset/light_T1/round4_normal/light_T1_r4.pcapng,R4,29,290.9716362953186,0.013061746954917908,0.3384861648082733,0.4146876931190491,0.21065492928028107,0.023109473288059235,Light_T1
/home/lmy/iot-device-classification/dataset/light_T1/round4_normal/light_T1_r4.pcapng,R4,30,301.95521569252014,0.007552418392151594,0.5848765969276428,0.025175591930747032,0.37207382917404175,0.010321567766368389,Light_T1
/home/lmy/iot-device-classification/dataset/light_T1/round4_normal/light_T1_r4.pcapng,R4,31,311.77131032943726,0.00039808297879062593,0.7765644192695618,0.002695772796869278,0.22008293867111206,0.00025875604478642344,Light_T1
/home/lmy/iot-device-classification/dataset/light_T1/round4_normal/light_T1_r4.pcapng,R4,32,321.03260016441345,0.0001675059465924278,0.9981436729431152,0.0002850603486876935,0.0012320216046646237,0.00017170979117508978,Light_T1
/home/lmy/iot-device-classification/dataset/light_T1/round4_normal/light_T1_r4.pcapng,R4,33,331.0220232009888,0.0011123145231977105,0.9274386167526245,0.0679679736495018,0.0025015552528202534,0.0009795025689527392,Light_T1
/home/lmy/iot-device-classification/dataset/light_T1/round4_normal/light_T1_r4.pcapng,R4,34,340.8902859687805,0.0017655054107308388,0.1024487316608429,0.014095388352870941,0.8812967538833618,0.0003936847497243434,Light_T1
/home/lmy/iot-device-classification/dataset/light_T1/round4_normal/light_T1_r4.pcapng,R4,35,352.18086671829224,0.005980468355119228,0.4359818994998932,0.470731258392334,0.0792316347360611,0.008074745535850525,Light_T1
/home/lmy/iot-device-classification/dataset/light_T1/round4_normal/light_T1_r4.pcapng,R4,36,361.0133843421936,9.620529453968629e-05,0.9985859394073486,0.0004831888363696635,0.0006772707565687597,0.00015740793605800718,Light_T1
/home/lmy/iot-device-classification/dataset/light_T1/round4_normal/light_T1_r4.pcapng,R4,37,372.1084620952606,0.004037461709231138,0.4080287516117096,0.059524402022361755,0.5272815823554993,0.0011278087040409446,Light_T1
/home/lmy/iot-device-classification/dataset/light_T1/round4_normal/light_T1_r4.pcapng,R4,38,382.3969717025757,0.02787674404680729,0.5984029173851013,0.11538049578666687,0.23775258660316467,0.020587224513292313,Light_T1
/home/lmy/iot-device-classification/dataset/light_T1/round4_normal/light_T1_r4.pcapng,R4,39,392.45766615867615,0.0004123114049434662,0.99673992395401,0.00044188214815221727,0.0021518422290682793,0.0002540792047511786,Light_T1
/home/lmy/iot-device-classification/dataset/light_T1/round4_normal/light_T1_r4.pcapng,R4,40,402.1164181232453,2.3416198018821888e-05,0.9931268692016602,0.002118287608027458,0.004679148085415363,5.224892447586171e-05,Light_T1
/home/lmy/iot-device-classification/dataset/light_T1/round4_normal/light_T1_r4.pcapng,R4,41,411.0248410701752,0.03931023180484772,0.5230979919433594,0.14250165224075317,0.27192702889442444,0.023163096979260445,Light_T1
/home/lmy/iot-device-classification/dataset/light_T1/round4_normal/light_T1_r4.pcapng,R4,42,422.00811886787415,0.006837326567620039,0.34387829899787903,0.017374679446220398,0.6308658123016357,0.0010439073666930199,Light_T1
/home/lmy/iot-device-classification/dataset/light_T1/round4_normal/light_T1_r4.pcapng,R4,43,432.1288411617279,0.0006975985015742481,0.02138831652700901,0.0082264868542552,0.9685219526290894,0.0011655844282358885,Light_T1
/home/lmy/iot-device-classification/dataset/light_T1/round4_normal/light_T1_r4.pcapng,R4,44,442.8069937229157,0.015712974593043327,0.5409296154975891,0.0346638560295105,0.3826463222503662,0.026047226041555405,Light_T1
/home/lmy/iot-device-classification/dataset/light_T1/round4_normal/light_T1_r4.pcapng,R4,45,450.99834847450256,0.0006227921112440526,0.004789068829268217,0.004687282722443342,0.9891387820243835,0.0007620911346748471,Light_T1
/home/lmy/iot-device-classification/dataset/light_T1/round4_normal/light_T1_r4.pcapng,R4,46,462.2126727104187,0.00039908982580527663,0.001455975230783224,0.019422810524702072,0.9781600832939148,0.0005620286101475358,Light_T1
/home/lmy/iot-device-classification/dataset/light_T1/round4_normal/light_T1_r4.pcapng,R4,47,473.12306094169617,0.006881322246044874,0.029660983011126518,0.025559023022651672,0.9323317408561707,0.005567010026425123,Light_T1
/home/lmy/iot-device-classification/dataset/light_T1/round4_normal/light_T1_r4.pcapng,R4,48,482.33034563064575,0.008574580773711205,0.2217865288257599,0.01475127600133419,0.7435954809188843,0.01129210740327835,Light_T1
/home/lmy/iot-device-classification/dataset/light_T1/round4_normal/light_T1_r4.pcapng,R4,49,492.17476749420166,0.0009482340537942946,0.003997590392827988,0.009901209734380245,0.9837040305137634,0.0014489853056147695,Light_T1
/home/lmy/iot-device-classification/dataset/light_T1/round4_normal/light_T1_r4.pcapng,R4,50,501.0324423313141,0.0007359945448115468,0.9662802219390869,0.0006742284167557955,0.03169572353363037,0.0006137974560260773,Light_T1
/home/lmy/iot-device-classification/dataset/light_T1/round4_normal/light_T1_r4.pcapng,R4,51,511.4673659801483,0.004969191271811724,0.8843356370925903,0.09034063667058945,0.017261072993278503,0.003093478735536337,Light_T1
/home/lmy/iot-device-classification/dataset/light_T1/round4_normal/light_T1_r4.pcapng,R4,52,522.1880707740784,0.040142547339200974,0.0306134894490242,0.856120765209198,0.05972293019294739,0.013400278985500336,Light_T1
/home/lmy/iot-device-classification/dataset/light_T1/round4_normal/light_T1_r4.pcapng,R4,53,533.4098076820374,0.0019329070346429944,0.005477708298712969,0.2766551077365875,0.7133845090866089,0.0025497248861938715,Light_T1
/home/lmy/iot-device-classification/dataset/light_T1/round4_normal/light_T1_r4.pcapng,R4,54,541.0144898891449,0.02195940725505352,0.30307304859161377,0.03348144516348839,0.6286553144454956,0.012830821797251701,Light_T1
/home/lmy/iot-device-classification/dataset/light_T1/round4_normal/light_T1_r4.pcapng,R4,55,552.2436652183533,0.016214437782764435,0.01855817623436451,0.7603349685668945,0.19931688904762268,0.005575478542596102,Light_T1
/home/lmy/iot-device-classification/dataset/light_T1/round4_normal/light_T1_r4.pcapng,R4,56,561.3874213695526,0.0010474825976416469,0.6114983558654785,0.3766878545284271,0.009529836475849152,0.0012365017319098115,Light_T1
/home/lmy/iot-device-classification/dataset/light_T1/round4_normal/light_T1_r4.pcapng,R4,57,571.0199210643768,0.01805839315056801,0.4321478307247162,0.1383015364408493,0.3857862949371338,0.02570599503815174,Light_T1
/home/lmy/iot-device-classification/dataset/light_T1/round4_normal/light_T1_r4.pcapng,R4,58,582.1916120052338,0.0008086151210591197,0.8133527636528015,0.01801602728664875,0.16626890003681183,0.0015537438448518515,Light_T1
/home/lmy/iot-device-classification/dataset/light_T1/round4_normal/light_T1_r4.pcapng,R4,59,591.0508360862732,0.022526221349835396,0.8068962693214417,0.04239831864833832,0.11082211881875992,0.01735704392194748,Light_T1
/home/lmy/iot-device-classification/dataset/light_T1/round4_normal/light_T1_r4.pcapng,R4,60,602.9982285499573,0.004133373033255339,0.039894867688417435,0.9214626550674438,0.02988702990114689,0.004622121807187796,Light_T1
/home/lmy/iot-device-classification/dataset/light_T1/round4_normal/light_T1_r4.pcapng,R4,61,612.3060088157654,0.0001466968096792698,0.0005293547292239964,0.0025672230403870344,0.9966345429420471,0.00012217764742672443,Light_T1
/home/lmy/iot-device-classification/dataset/light_T1/round4_normal/light_T1_r4.pcapng,R4,62,621.7192640304565,0.002651915652677417,0.9101454615592957,0.003213662886992097,0.08100718259811401,0.0029817598406225443,Light_T1
/home/lmy/iot-device-classification/dataset/light_T1/round4_normal/light_T1_r4.pcapng,R4,63,631.0319120883942,0.0010052669094875455,0.972526490688324,0.020971866324543953,0.004441528115421534,0.001054891967214644,Light_T1
/home/lmy/iot-device-classification/dataset/light_T1/round4_normal/light_T1_r4.pcapng,R4,64,642.3299956321716,8.286580123240128e-05,0.9928697943687439,0.0033489482011646032,0.003652119543403387,4.630581315723248e-05,Light_T1
/home/lmy/iot-device-classification/dataset/light_T1/round4_normal/light_T1_r4.pcapng,R4,65,650.7303483486176,0.0004788953228853643,0.41394439339637756,0.008294626139104366,0.576682448387146,0.000599668244831264,Light_T1
/home/lmy/iot-device-classification/dataset/light_T1/round4_normal/light_T1_r4.pcapng,R4,66,661.2584307193756,0.00023641905863769352,0.9938471913337708,0.0010536076733842492,0.004547398071736097,0.00031540929921902716,Light_T1
/home/lmy/iot-device-classification/dataset/light_T1/round4_normal/light_T1_r4.pcapng,R4,67,671.6466348171234,0.0015213325386866927,0.8328074812889099,0.06710217893123627,0.09719710797071457,0.0013719664420932531,Light_T1
/home/lmy/iot-device-classification/dataset/light_T1/round4_normal/light_T1_r4.pcapng,R4,68,681.0675799846649,0.00036074151284992695,0.8476243019104004,0.0005011747125536203,0.15119314193725586,0.00032058541546575725,Light_T1
/home/lmy/iot-device-classification/dataset/light_T1/round4_normal/light_T1_r4.pcapng,R4,69,691.0409898757935,0.009119376540184021,0.7853571176528931,0.0942862257361412,0.0991847887635231,0.012052521109580994,Light_T1
/home/lmy/iot-device-classification/dataset/light_T1/round4_normal/light_T1_r4.pcapng,R4,70,702.3998427391052,0.29114893078804016,0.05586535111069679,0.5218537449836731,0.12025592476129532,0.010876051150262356,Light_T1
/home/lmy/iot-device-classification/dataset/light_T1/round4_normal/light_T1_r4.pcapng,R4,71,714.5738098621368,0.022585125640034676,0.6283052563667297,0.11468001455068588,0.21766862273216248,0.01676095835864544,Light_T1
/home/lmy/iot-device-classification/dataset/light_T1/round4_normal/light_T1_r4.pcapng,R4,72,721.0457956790924,0.0035132337361574173,0.109569251537323,0.22183306515216827,0.6594724655151367,0.005611942149698734,Light_T1
/home/lmy/iot-device-classification/dataset/light_T1/round4_normal/light_T1_r4.pcapng,R4,73,730.3643038272858,0.020992685109376907,0.16796144843101501,0.3862924575805664,0.4124622344970703,0.012291173450648785,Light_T1
/home/lmy/iot-device-classification/dataset/light_T1/round4_normal/light_T1_r4.pcapng,R4,74,742.3811147212982,0.030607668682932854,0.4566959738731384,0.06353197246789932,0.4190369248390198,0.03012743592262268,Light_T1
/home/lmy/iot-device-classification/dataset/light_T1/round4_normal/light_T1_r4.pcapng,R4,75,752.7784767150879,0.014163797721266747,0.39994552731513977,0.3885018229484558,0.18443673849105835,0.012952088378369808,Light_T1
/home/lmy/iot-device-classification/dataset/light_T1/round4_normal/light_T1_r4.pcapng,R4,76,761.6336741447449,0.0034770038910210133,0.8649200797080994,0.06945745646953583,0.06015020236372948,0.001995248720049858,Light_T1
/home/lmy/iot-device-classification/dataset/light_T1/round4_normal/light_T1_r4.pcapng,R4,77,773.59157371521,0.00021628323884215206,0.9748445749282837,0.0012548464583232999,0.02328057587146759,0.0004037373000755906,Light_T1
/home/lmy/iot-device-classification/dataset/light_T1/round4_normal/light_T1_r4.pcapng,R4,78,781.908045053482,0.00014511248446069658,0.9187416434288025,0.00012318097287788987,0.08083507418632507,0.00015505205374211073,Light_T1
/home/lmy/iot-device-classification/dataset/light_T1/round4_normal/light_T1_r4.pcapng,R4,79,790.1326863765717,0.0027046508621424437,0.8719437122344971,0.08889836072921753,0.035213470458984375,0.0012397469254210591,Light_T1
/home/lmy/iot-device-classification/dataset/light_T1/round4_normal/light_T1_r4.pcapng,R4,80,802.7054653167725,3.913419641321525e-05,0.9991705417633057,7.98025430412963e-05,0.0006559162284247577,5.457746738102287e-05,Light_T1
/home/lmy/iot-device-classification/dataset/light_T1/round4_normal/light_T1_r4.pcapng,R4,81,811.058263540268,0.011903802864253521,0.26114222407341003,0.2572644054889679,0.4567456543445587,0.012943909503519535,Light_T1
/home/lmy/iot-device-classification/dataset/light_T1/round4_normal/light_T1_r4.pcapng,R4,82,822.538158416748,0.021080419421195984,0.918685793876648,0.047924961894750595,0.01150065753608942,0.0008081770502030849,Light_T1
/home/lmy/iot-device-classification/dataset/light_T1/round4_normal/light_T1_r4.pcapng,R4,83,833.9087452888489,0.00012977540609426796,0.9858700037002563,0.00426654564216733,0.009442461654543877,0.000291262665996328,Light_T1
/home/lmy/iot-device-classification/dataset/light_T1/round4_normal/light_T1_r4.pcapng,R4,84,844.3102235794067,0.012452623806893826,0.5997353196144104,0.023125438019633293,0.34698110818862915,0.017705533653497696,Light_T1
/home/lmy/iot-device-classification/dataset/light_T1/round4_normal/light_T1_r4.pcapng,R4,85,850.5398700237274,0.03272176533937454,0.18555434048175812,0.023196058347821236,0.7574573159217834,0.0010705365566536784,Light_T1
/home/lmy/iot-device-classification/dataset/light_T1/round4_normal/light_T1_r4.pcapng,R4,86,863.0329103469849,0.004220330622047186,0.03658904507756233,0.7487967014312744,0.20571760833263397,0.0046762740239501,Light_T1
/home/lmy/iot-device-classification/dataset/light_T1/round4_normal/light_T1_r4.pcapng,R4,87,875.244083404541,0.018950197845697403,0.4689335525035858,0.04422289505600929,0.4435316324234009,0.024361755698919296,Light_T1
/home/lmy/iot-device-classification/dataset/light_T1/round4_normal/light_T1_r4.pcapng,R4,88,882.5548429489136,0.010320637375116348,0.031303633004426956,0.20178955793380737,0.7494474053382874,0.007138799875974655,Light_T1
/home/lmy/iot-device-classification/dataset/light_T1/round4_normal/light_T1_r4.pcapng,R4,89,894.2359111309052,0.00011062276462325826,0.7657501697540283,0.0017202591989189386,0.23221325874328613,0.00020569993648678064,Light_T1
/home/lmy/iot-device-classification/dataset/light_T1/round4_normal/light_T1_r4.pcapng,R4,90,900.8653123378754,0.0009376403759233654,0.005747083108872175,0.9807139039039612,0.011921231634914875,0.0006801873678341508,Light_T1
/home/lmy/iot-device-classification/dataset/light_T1/round4_normal/light_T1_r4.pcapng,R4,91,912.5795907974244,0.14038409292697906,0.016685862094163895,0.09431000798940659,0.7435814142227173,0.005038585979491472,Light_T1
/home/lmy/iot-device-classification/dataset/light_T1/round4_normal/light_T1_r4.pcapng,R4,92,923.3590912818908,0.0068145375698804855,0.18760962784290314,0.021894436329603195,0.7732837796211243,0.010397644713521004,Light_T1
/home/lmy/iot-device-classification/dataset/light_T1/round4_normal/light_T1_r4.pcapng,R4,93,931.0689404010772,0.005703764036297798,0.10473538190126419,0.8271103501319885,0.05310940742492676,0.009341116063296795,Light_T1
/home/lmy/iot-device-classification/dataset/light_T1/round4_normal/light_T1_r4.pcapng,R4,94,941.0292792320251,0.0008261692710220814,0.0005231079994700849,0.032161541283130646,0.9660689830780029,0.000420152151491493,Light_T1
/home/lmy/iot-device-classification/dataset/light_T1/round4_normal/light_T1_r4.pcapng,R4,95,951.1514568328856,0.03634345531463623,0.7915273308753967,0.02140703611075878,0.12801150977611542,0.022710684686899185,Light_T1
/home/lmy/iot-device-classification/dataset/light_T1/round4_normal/light_T1_r4.pcapng,R4,96,964.962082862854,0.002373244846239686,0.9847123622894287,0.0018298606155440211,0.009870040230453014,0.0012144744396209717,Light_T1
/home/lmy/iot-device-classification/dataset/light_T1/round4_normal/light_T1_r4.pcapng,R4,97,972.5934224128724,0.02044825814664364,0.04112492874264717,0.6288014650344849,0.2913742959499359,0.018251076340675354,Light_T1
/home/lmy/iot-device-classification/dataset/light_T1/round4_normal/light_T1_r4.pcapng,R4,98,981.3528847694396,0.028514234349131584,0.7734951376914978,0.020729774609208107,0.15356974303722382,0.023691153153777122,Light_T1
/home/lmy/iot-device-classification/dataset/light_T1/round4_normal/light_T1_r4.pcapng,R4,99,991.0879445075988,0.013083456084132195,0.591339111328125,0.09764765948057175,0.28010621666908264,0.017823567613959312,Light_T1
/home/lmy/iot-device-classification/dataset/light_T1/round4_normal/light_T1_r4.pcapng,R4,100,1002.6062655448914,0.011277718469500542,0.03752151131629944,0.21932247281074524,0.7217925190925598,0.01008573081344366,Light_T1
/home/lmy/iot-device-classification/dataset/light_T1/round4_normal/light_T1_r4.pcapng,R4,101,1014.8873035907744,0.017585514113307,0.3776368498802185,0.03339630737900734,0.5455036163330078,0.025877729058265686,Light_T1
/home/lmy/iot-device-classification/dataset/light_T1/round4_normal/light_T1_r4.pcapng,R4,102,1020.555092573166,0.024341866374015808,0.3500521779060364,0.3800193667411804,0.2188616394996643,0.02672496624290943,Light_T1
/home/lmy/iot-device-classification/dataset/light_T1/round4_normal/light_T1_r4.pcapng,R4,103,1032.6294813156128,0.0021921766456216574,0.005679997615516186,0.027394721284508705,0.9622525572776794,0.0024804973509162664,Light_T1
/home/lmy/iot-device-classification/dataset/light_T1/round4_normal/light_T1_r4.pcapng,R4,104,1044.011506319046,0.011253545992076397,0.6322277188301086,0.027217192575335503,0.3056451082229614,0.02365642972290516,Light_T1
/home/lmy/iot-device-classification/dataset/light_T1/round4_normal/light_T1_r4.pcapng,R4,105,1051.0922129154203,0.00010072574514197186,0.9190499186515808,0.0007331281085498631,0.07998379319906235,0.00013242523709777743,Light_T1
/home/lmy/iot-device-classification/dataset/light_T1/round4_normal/light_T1_r4.pcapng,R4,106,1061.9992089271543,0.011233873665332794,0.029791537672281265,0.44460800290107727,0.5051775574684143,0.009189041331410408,Light_T1
/home/lmy/iot-device-classification/dataset/light_T1/round4_normal/light_T1_r4.pcapng,R4,107,1075.2112562656405,0.03181060776114464,0.4053225517272949,0.2372189462184906,0.2914588749408722,0.03418901190161705,Light_T1
/home/lmy/iot-device-classification/dataset/light_T1/round4_normal/light_T1_r4.pcapng,R4,108,1081.0816996097565,0.010050700977444649,0.09951706230640411,0.14836518466472626,0.726422905921936,0.01564420759677887,Light_T1
/home/lmy/iot-device-classification/dataset/light_T1/round4_normal/light_T1_r4.pcapng,R4,109,1092.6725323200226,0.00039999120053835213,0.0008294723811559379,0.014948283322155476,0.9834511280059814,0.00037109709228388965,Light_T1
/home/lmy/iot-device-classification/dataset/light_T1/round4_normal/light_T1_r4.pcapng,R4,110,1102.1619102954865,0.09155341982841492,0.5277166366577148,0.19050951302051544,0.12226766347885132,0.06795278191566467,Light_T1
/home/lmy/iot-device-classification/dataset/light_T1/round4_normal/light_T1_r4.pcapng,R4,111,1114.7343351840973,0.00012713766773231328,0.9994294047355652,0.00023345602676272392,0.0001772253162926063,3.271261812187731e-05,Light_T1
/home/lmy/iot-device-classification/dataset/light_T1/round4_normal/light_T1_r4.pcapng,R4,112,1122.6818616390228,0.049101199954748154,0.19357436895370483,0.5115800499916077,0.22430181503295898,0.02144261635839939,Light_T1
/home/lmy/iot-device-classification/dataset/light_T1/round4_normal/light_T1_r4.pcapng,R4,113,1135.1550481319427,0.0011988220503553748,0.004144616890698671,0.022470230236649513,0.971296489238739,0.0008898538653738797,Light_T1
/home/lmy/iot-device-classification/dataset/light_T1/round4_normal/light_T1_r4.pcapng,R4,114,1140.244836807251,0.0023133917711675167,0.15280500054359436,0.0070581454783678055,0.8345109820365906,0.0033125088084489107,Light_T1
/home/lmy/iot-device-classification/dataset/light_T1/round4_normal/light_T1_r4.pcapng,R4,115,1152.6886072158811,0.1343105286359787,0.021880120038986206,0.7672200202941895,0.06564874947071075,0.010940617881715298,Light_T1
/home/lmy/iot-device-classification/dataset/light_T1/round4_normal/light_T1_r4.pcapng,R4,116,1164.6572623252869,0.011075100861489773,0.815942108631134,0.013518637977540493,0.15608666837215424,0.0033774508628994226,Light_T1
/home/lmy/iot-device-classification/dataset/light_T1/round4_normal/light_T1_r4.pcapng,R4,117,1171.102633714676,0.013886409811675549,0.6552326679229736,0.1872624307870865,0.12075182050466537,0.02286667190492153,Light_T1
/home/lmy/iot-device-classification/dataset/light_T1/round4_normal/light_T1_r4.pcapng,R4,118,1182.709670305252,0.00015207251999527216,0.9899777173995972,0.008304810151457787,0.0013369593070819974,0.0002284276852151379,Light_T1
/home/lmy/iot-device-classification/dataset/light_T1/round4_normal/light_T1_r4.pcapng,R4,119,1195.5907719135284,0.0009619973716326058,0.9474060535430908,0.0014593778178095818,0.049511004239320755,0.0006615508464165032,Light_T1
/home/lmy/iot-device-classification/dataset/light_T1/round4_normal/light_T1_r4.pcapng,R4,120,1205.6014995574951,0.007517888210713863,0.18153631687164307,0.018608080223202705,0.783502995967865,0.008834682404994965,Light_T1
/home/lmy/iot-device-classification/dataset/light_T1/round4_normal/light_T1_r4.pcapng,R4,121,1212.7221295833588,0.00019428851373959333,0.32916176319122314,0.00397212989628315,0.6663584113121033,0.0003134527360089123,Light_T1
/home/lmy/iot-device-classification/dataset/light_T1/round4_normal/light_T1_r4.pcapng,R4,122,1221.119336605072,0.1359831541776657,0.8380122184753418,0.003720472566783428,0.020563697442412376,0.0017204947071149945,Light_T1
/home/lmy/iot-device-classification/dataset/light_T1/round4_normal/light_T1_r4.pcapng,R4,123,1235.3816862106323,0.0003252814058214426,0.9472713470458984,0.043002963066101074,0.008903013542294502,0.0004973984323441982,Light_T1
/home/lmy/iot-device-classification/dataset/light_T1/round4_normal/light_T1_r4.pcapng,R4,124,1242.731335401535,0.0014595809625461698,0.0009887648047879338,0.003959886264055967,0.9933597445487976,0.00023209795472212136,Light_T1
/home/lmy/iot-device-classification/dataset/light_T1/round4_normal/light_T1_r4.pcapng,R4,125,1255.65434551239,0.0017700009047985077,0.5754662752151489,0.030284062027931213,0.39125221967697144,0.001227432512678206,Light_T1
/home/lmy/iot-device-classification/dataset/light_T1/round4_normal/light_T1_r4.pcapng,R4,126,1261.0931375026703,0.004994910676032305,0.07406038045883179,0.21439947187900543,0.6990676522254944,0.0074775684624910355,Light_T1
/home/lmy/iot-device-classification/dataset/light_T1/round4_normal/light_T1_r4.pcapng,R4,127,1272.757067680359,0.01445289608091116,0.0531187430024147,0.18450844287872314,0.7377365827560425,0.010183366015553474,Light_T1
/home/lmy/iot-device-classification/dataset/light_T1/round4_normal/light_T1_r4.pcapng,R4,128,1283.2123486995697,0.00033457379322499037,0.9984315037727356,0.0004928038688376546,0.0004675416275858879,0.00027361101820133626,Light_T1
/home/lmy/iot-device-classification/dataset/light_T1/round4_normal/light_T1_r4.pcapng,R4,129,1291.0942904949188,0.0005566153558902442,0.9919000864028931,0.00343574327416718,0.00359336961992085,0.0005141629371792078,Light_T1
/home/lmy/iot-device-classification/dataset/light_T1/round4_normal/light_T1_r4.pcapng,R4,130,1302.7766871452332,0.008104925975203514,0.10196373611688614,0.16416044533252716,0.7069404721260071,0.018830416724085808,Light_T1
/home/lmy/iot-device-classification/dataset/light_T1/round4_normal/light_T1_r4.pcapng,R4,131,1314.1002616882324,0.013694508001208305,0.1500329226255417,0.4674317240715027,0.34997594356536865,0.01886497251689434,Light_T1
/home/lmy/iot-device-classification/dataset/light_T1/round4_normal/light_T1_r4.pcapng,R4,132,1325.7280371189115,0.02313581109046936,0.034484799951314926,0.17665182054042816,0.7547733783721924,0.010954147204756737,Light_T1
/home/lmy/iot-device-classification/dataset/light_T1/round4_normal/light_T1_r4.pcapng,R4,133,1332.8323123455048,0.00027595102437771857,0.0006039697909727693,0.007026302628219128,0.9918730854988098,0.0002206810167990625,Light_T1
/home/lmy/iot-device-classification/dataset/light_T1/round4_normal/light_T1_r4.pcapng,R4,134,1345.6266949176788,0.000278483988950029,0.47750774025917053,0.000953483977355063,0.5208602547645569,0.0004000644839834422,Light_T1
/home/lmy/iot-device-classification/dataset/light_T1/round4_normal/light_T1_r4.pcapng,R4,135,1351.0959837436676,0.02679486572742462,0.5014777779579163,0.33390626311302185,0.11131814122200012,0.026502983644604683,Light_T1
/home/lmy/iot-device-classification/dataset/light_T1/round4_normal/light_T1_r4.pcapng,R4,136,1360.1953973770142,0.011897575110197067,0.19762034714221954,0.696127712726593,0.07801157981157303,0.01634271629154682,Light_T1
/home/lmy/iot-device-classification/dataset/light_T1/round4_normal/light_T1_r4.pcapng,R4,137,1375.7803027629852,0.02487526461482048,0.35933712124824524,0.03847324103116989,0.5595524907112122,0.01776193268597126,Light_T1
/home/lmy/iot-device-classification/dataset/light_T1/round4_normal/light_T1_r4.pcapng,R4,138,1385.7921764850616,0.023368466645479202,0.480615496635437,0.035435717552900314,0.43051958084106445,0.030060727149248123,Light_T1
/home/lmy/iot-device-classification/dataset/light_T1/round4_normal/light_T1_r4.pcapng,R4,139,1392.906207561493,0.00016202923143282533,0.929888904094696,0.003824646817520261,0.06580802798271179,0.00031634874176234007,Light_T1
/home/lmy/iot-device-classification/dataset/light_T1/round4_normal/light_T1_r4.pcapng,R4,140,1401.1262576580048,0.00025059469044208527,0.9990830421447754,0.00010844518692465499,0.0004299988504499197,0.000127893770695664,Light_T1
/home/lmy/iot-device-classification/dataset/light_T1/round4_normal/light_T1_r4.pcapng,R4,141,1411.0982785224917,0.00022412305406760424,0.988500714302063,0.010010765865445137,0.0008931334596127272,0.0003712097241077572,Light_T1
/home/lmy/iot-device-classification/dataset/light_T1/round4_normal/light_T1_r4.pcapng,R4,142,1422.9068365097046,0.07144210487604141,0.07662119716405869,0.14639334380626678,0.6983329057693481,0.007210461422801018,Light_T1
/home/lmy/iot-device-classification/dataset/light_T1/round4_normal/light_T1_r4.pcapng,R4,143,1434.4195919036863,0.013615952804684639,0.8721126914024353,0.01335080061107874,0.0869978591799736,0.013922717422246933,Light_T1
/home/lmy/iot-device-classification/dataset/light_T1/round4_normal/light_T1_r4.pcapng,R4,144,1440.0401158332825,0.013661714270710945,0.8973963260650635,0.03639828786253929,0.03638019412755966,0.016163459047675133,Light_T1
/home/lmy/iot-device-classification/dataset/light_T1/round4_normal/light_T1_r4.pcapng,R4,145,1450.0184571743011,0.0027724062092602253,0.047782525420188904,0.10301879048347473,0.8437173962593079,0.0027088553179055452,Light_T1
/home/lmy/iot-device-classification/dataset/light_T1/round4_normal/light_T1_r4.pcapng,R4,146,1460.0808761119845,0.0009822173742577434,0.007959580980241299,0.9715226292610168,0.01892239600419998,0.0006132340058684349,Light_T1
/home/lmy/iot-device-classification/dataset/light_T1/round4_normal/light_T1_r4.pcapng,R4,147,1470.0813052654266,4.1431030695093796e-05,0.9992247819900513,0.000612312403973192,8.1704041804187e-05,3.978953463956714e-05,Light_T1
/home/lmy/iot-device-classification/dataset/light_T1/round4_normal/light_T1_r4.pcapng,R4,148,1480.0764708518982,0.003817755961790681,0.05721096694469452,0.08245149999856949,0.8504170179367065,0.006102717947214842,Light_T1
/home/lmy/iot-device-classification/dataset/light_T1/round4_normal/light_T1_r4.pcapng,R4,149,1490.1801509857178,7.753196405246854e-05,0.9995924830436707,0.00014154166274238378,0.00014613193343393505,4.236106178723276e-05,Light_T1
/home/lmy/iot-device-classification/dataset/light_T1/round4_normal/light_T1_r4.pcapng,R4,150,1500.2809751033783,0.0008227551588788629,0.001932325423695147,0.0011247530346736312,0.9956615567207336,0.0004586069844663143,Light_T1
/home/lmy/iot-device-classification/dataset/light_T1/round4_normal/light_T1_r4.pcapng,R4,151,1510.2812855243685,0.010517671704292297,0.04980842024087906,0.7327308058738708,0.1935219019651413,0.013421149924397469,Light_T1
/home/lmy/iot-device-classification/dataset/light_T1/round4_normal/light_T1_r4.pcapng,R4,152,1520.086864709854,0.003141824621707201,0.031903207302093506,0.9252623319625854,0.03648841381072998,0.0032042101956903934,Light_T1
/home/lmy/iot-device-classification/dataset/light_T1/round4_normal/light_T1_r4.pcapng,R4,153,1530.0892300605774,0.012319626286625862,0.3302375376224518,0.5633652806282043,0.07784043997526169,0.016237158328294754,Light_T1
/home/lmy/iot-device-classification/dataset/light_T1/round4_normal/light_T1_r4.pcapng,R4,154,1540.0722048282623,0.02029060199856758,0.026937883347272873,0.36536359786987305,0.5825240015983582,0.004883964546024799,Light_T1
/home/lmy/iot-device-classification/dataset/light_T1/round4_normal/light_T1_r4.pcapng,R4,155,1550.0410516262054,0.010295425541698933,0.926769495010376,0.030118130147457123,0.021831341087818146,0.01098553091287613,Light_T1
/home/lmy/iot-device-classification/dataset/light_T1/round4_normal/light_T1_r4.pcapng,R4,156,1560.0850775241852,0.04024232551455498,0.3812728524208069,0.40196844935417175,0.15431632101535797,0.0222000814974308,Light_T1
/home/lmy/iot-device-classification/dataset/light_T1/round4_normal/light_T1_r4.pcapng,R4,157,1570.1678488254547,0.007194008212536573,0.26326146721839905,0.49045008420944214,0.22320425510406494,0.01589016430079937,Light_T1
/home/lmy/iot-device-classification/dataset/light_T1/round4_normal/light_T1_r4.pcapng,R4,158,1580.21568608284,0.035643693059682846,0.8269193172454834,0.074970543384552,0.040866103023290634,0.02160036191344261,Light_T1
/home/lmy/iot-device-classification/dataset/light_T1/round4_normal/light_T1_r4.pcapng,R4,159,1590.3808488845823,0.003230897942557931,0.992402195930481,0.001647750847041607,0.002136408817023039,0.0005827335990034044,Light_T1
/home/lmy/iot-device-classification/dataset/light_T1/round4_normal/light_T1_r4.pcapng,R4,160,1600.377860069275,0.030647963285446167,0.03984528407454491,0.12124583125114441,0.8025780320167542,0.005682910326868296,Light_T1
/home/lmy/iot-device-classification/dataset/light_T1/round4_normal/light_T1_r4.pcapng,R4,161,1610.4399857521057,0.005026527214795351,0.19011534750461578,0.787899911403656,0.009073974564671516,0.007884223014116287,Light_T1
/home/lmy/iot-device-classification/dataset/light_T1/round4_normal/light_T1_r4.pcapng,R4,162,1620.5307595729828,0.0003316201036795974,0.8733907341957092,0.025872061029076576,0.09990664571523666,0.0004989529261365533,Light_T1
/home/lmy/iot-device-classification/dataset/light_T1/round4_normal/light_T1_r4.pcapng,R4,163,1630.6575908660889,0.01052328385412693,0.394711434841156,0.1886967569589615,0.38983798027038574,0.01623053103685379,Light_T1
/home/lmy/iot-device-classification/dataset/light_T1/round4_normal/light_T1_r4.pcapng,R4,164,1640.6427245140076,9.426851465832442e-05,0.9990754127502441,0.0005207736976444721,0.00020507790031842887,0.00010443234350532293,Light_T1
/home/lmy/iot-device-classification/dataset/light_T1/round4_normal/light_T1_r4.pcapng,R4,165,1650.6812307834623,8.926865120884031e-05,0.9990372657775879,0.00035801742342300713,0.0003869581560138613,0.0001284984318772331,Light_T1
/home/lmy/iot-device-classification/dataset/light_T1/round4_normal/light_T1_r4.pcapng,R4,166,1660.7368743419647,5.470596079248935e-05,0.05823478102684021,0.0004274541570339352,0.9411677122116089,0.00011536200327100232,Light_T1
/home/lmy/iot-device-classification/dataset/light_T1/round4_normal/light_T1_r4.pcapng,R4,167,1670.9978144168854,0.0004650659393519163,0.9641525149345398,0.00025239589740522206,0.0347689725458622,0.0003611059219110757,Light_T1
/home/lmy/iot-device-classification/dataset/light_T1/round4_normal/light_T1_r4.pcapng,R4,168,1680.8914880752563,0.018159275874495506,0.7709177136421204,0.04019951447844505,0.15013350546360016,0.02058994397521019,Light_T1
/home/lmy/iot-device-classification/dataset/light_T1/round4_normal/light_T1_r4.pcapng,R4,169,1690.9520881175995,0.00873473845422268,0.004282696638256311,0.04486352950334549,0.9406459331512451,0.0014731362462043762,Light_T1
/home/lmy/iot-device-classification/dataset/light_T1/round4_normal/light_T1_r4.pcapng,R4,170,1701.0175507068634,0.03429820388555527,0.38518670201301575,0.2526446580886841,0.2884733974933624,0.03939703106880188,Light_T1
/home/lmy/iot-device-classification/dataset/light_T1/round4_normal/light_T1_r4.pcapng,R4,171,1711.1107666492462,0.00015510983939748257,0.9966368675231934,0.0006098105222918093,0.002371334470808506,0.00022680049005430192,Light_T1
/home/lmy/iot-device-classification/dataset/light_T1/round4_normal/light_T1_r4.pcapng,R4,172,1721.157871246338,0.03099646605551243,0.9413228631019592,0.016110971570014954,0.011106973513960838,0.00046278967056423426,Light_T1
/home/lmy/iot-device-classification/dataset/light_T1/round4_normal/light_T1_r4.pcapng,R4,173,1731.2647132873535,0.008659015409648418,0.9123576879501343,0.017475666478276253,0.049334172159433365,0.01217342633754015,Light_T1
/home/lmy/iot-device-classification/dataset/light_T1/round4_normal/light_T1_r4.pcapng,R4,174,1741.3150475025177,0.013539877720177174,0.5841785073280334,0.2296077311038971,0.1592659205198288,0.01340796984732151,Light_T1
/home/lmy/iot-device-classification/dataset/light_T1/round4_normal/light_T1_r4.pcapng,R4,175,1751.3625020980835,0.004605359397828579,0.8559855818748474,0.0468202643096447,0.09130361676216125,0.0012852088548243046,Light_T1
/home/lmy/iot-device-classification/dataset/light_T1/round4_normal/light_T1_r4.pcapng,R4,176,1761.1356148719788,0.00031549177947454154,0.7074519991874695,0.2906249761581421,0.001278181211091578,0.0003293306508567184,Light_T1
/home/lmy/iot-device-classification/dataset/light_T1/round4_normal/light_T1_r4.pcapng,R4,177,1771.1193268299105,0.00035571365151554346,0.996451735496521,0.001216594479046762,0.00155267131049186,0.00042328337440267205,Light_T1
/home/lmy/iot-device-classification/dataset/light_T1/round4_normal/light_T1_r4.pcapng,R4,178,1782.3732607364657,0.07950353622436523,0.22311776876449585,0.09429769217967987,0.5831144452095032,0.01996653527021408,Light_T1
/home/lmy/iot-device-classification/dataset/light_T1/round4_normal/light_T1_r4.pcapng,R4,179,1791.68407869339,0.04452962800860405,0.7096616625785828,0.04403567314147949,0.17307192087173462,0.028701134026050568,Light_T1
/home/lmy/iot-device-classification/dataset/light_T1/round4_normal/light_T1_r4.pcapng,R4,180,1801.1070866584778,0.0007589611341245472,0.9812410473823547,0.0070587689988315105,0.010342380963265896,0.0005988345947116613,Light_T1
/home/lmy/iot-device-classification/dataset/light_T1/round4_normal/light_T1_r4.pcapng,R4,181,1811.7690515518188,0.003947176970541477,0.03891134634613991,0.10328557342290878,0.8494203090667725,0.004435577895492315,Light_T1
/home/lmy/iot-device-classification/dataset/light_T1/round4_normal/light_T1_r4.pcapng,R4,182,1821.8101527690887,0.008469373919069767,0.9374287128448486,0.003741141641512513,0.04194870963692665,0.00841202400624752,Light_T1
/home/lmy/iot-device-classification/dataset/light_T1/round4_normal/light_T1_r4.pcapng,R4,183,1831.925963640213,0.00387718272395432,0.8888562917709351,0.004636980127543211,0.1004001796245575,0.0022293459624052048,Light_T1
/home/lmy/iot-device-classification/dataset/light_T1/round4_normal/light_T1_r4.pcapng,R4,184,1842.0026595592497,0.009571102447807789,0.8594730496406555,0.0157464686781168,0.11222118139266968,0.00298820692114532,Light_T1
/home/lmy/iot-device-classification/dataset/light_T1/round4_normal/light_T1_r4.pcapng,R4,185,1851.1378071308136,0.0004883112851530313,0.9965873956680298,0.00042169576045125723,0.0021951994858682156,0.00030740935471840203,Light_T1
/home/lmy/iot-device-classification/dataset/light_T1/round4_normal/light_T1_r4.pcapng,R4,186,1862.120228767395,0.0007814838900230825,0.9633703231811523,0.03268648311495781,0.0026675488334149122,0.0004940866492688656,Light_T1
/home/lmy/iot-device-classification/dataset/light_T1/round4_normal/light_T1_r4.pcapng,R4,187,1871.1369416713717,0.0043120416812598705,0.9215416312217712,0.02929069846868515,0.04371527582406998,0.0011403707321733236,Light_T1
/home/lmy/iot-device-classification/dataset/light_T1/round4_normal/light_T1_r4.pcapng,R4,188,1882.299744606018,0.0018124714260920882,0.9764686822891235,0.0037328824400901794,0.016708731651306152,0.0012773001799359918,Light_T1
/home/lmy/iot-device-classification/dataset/light_T1/round4_normal/light_T1_r4.pcapng,R4,189,1891.1101787090304,0.000243003320065327,0.9843987226486206,0.0007100643124431372,0.014338044449687004,0.00031018652953207493,Light_T1
/home/lmy/iot-device-classification/dataset/light_T1/round4_normal/light_T1_r4.pcapng,R4,190,1902.4295024871824,0.00563652953132987,0.9518568515777588,0.02174651436507702,0.019556302577257156,0.0012037457199767232,Light_T1
/home/lmy/iot-device-classification/dataset/light_T1/round4_normal/light_T1_r4.pcapng,R4,191,1912.4756762981413,0.00014402666420210153,0.9984042048454285,0.00031091965502128005,0.000982650090008974,0.00015819592226762325,Light_T1
/home/lmy/iot-device-classification/dataset/light_T1/round4_normal/light_T1_r4.pcapng,R4,192,1922.654634475708,0.00046788525651209056,0.9485155344009399,0.0075133745558559895,0.04285452514886856,0.0006487068603746593,Light_T1
/home/lmy/iot-device-classification/dataset/light_T1/round4_normal/light_T1_r4.pcapng,R4,193,1932.5621917247768,0.008336436934769154,0.37977686524391174,0.07631830871105194,0.5178349614143372,0.017733432352542877,Light_T1
/home/lmy/iot-device-classification/dataset/light_T1/round4_normal/light_T1_r4.pcapng,R4,194,1941.1385028362276,0.00021156296133995056,0.9957566857337952,0.0030792609322816133,0.0007831918774172664,0.0001692527876002714,Light_T1
/home/lmy/iot-device-classification/dataset/light_T1/round4_normal/light_T1_r4.pcapng,R4,195,1953.253247499466,0.011508732102811337,0.71684730052948,0.025137843564152718,0.23579874634742737,0.010707356967031956,Light_T1
/home/lmy/iot-device-classification/dataset/light_T1/round4_normal/light_T1_r4.pcapng,R4,196,1962.7633290290837,0.010232347995042801,0.046435724943876266,0.06432784348726273,0.8753268122673035,0.0036772782914340496,Light_T1
/home/lmy/iot-device-classification/dataset/light_T1/round4_normal/light_T1_r4.pcapng,R4,197,1972.844439268112,8.971877832664177e-05,0.9986372590065002,0.0002938008983619511,0.0008318116306327283,0.00014737254241481423,Light_T1
/home/lmy/iot-device-classification/dataset/light_T1/round4_normal/light_T1_r4.pcapng,R4,198,1981.109642982483,0.00012759632954839617,0.9955691695213318,0.0029181239660829306,0.0012217176845297217,0.00016342369781341404,Light_T1
/home/lmy/iot-device-classification/dataset/light_T1/round4_normal/light_T1_r4.pcapng,R4,199,1993.0039691925049,0.010176235809922218,0.019807759672403336,0.032699186354875565,0.9353837966918945,0.0019329693168401718,Light_T1
/home/lmy/iot-device-classification/dataset/light_T1/round4_normal/light_T1_r4.pcapng,R4,200,2000.870062112808,0.014664308167994022,0.9671851992607117,0.007389072794467211,0.007853222079575062,0.002908154157921672,Light_T1
/home/lmy/iot-device-classification/dataset/light_T1/round4_normal/light_T1_r4.pcapng,R4,201,2011.1109023094175,0.007316143251955509,0.872489333152771,0.020998895168304443,0.0876237004995346,0.01157190091907978,Light_T1
/home/lmy/iot-device-classification/dataset/light_T1/round4_normal/light_T1_r4.pcapng,R4,202,2023.1774563789368,0.007460507098585367,0.02569265104830265,0.01878742314875126,0.9456512331962585,0.002408222761005163,Light_T1
/home/lmy/iot-device-classification/dataset/light_T1/round4_normal/light_T1_r4.pcapng,R4,203,2031.13947725296,0.03507889062166214,0.7918745279312134,0.03824910894036293,0.11171171814203262,0.023085758090019226,Light_T1
/home/lmy/iot-device-classification/dataset/light_T1/round4_normal/light_T1_r4.pcapng,R4,204,2043.318196296692,0.013268489390611649,0.4344450831413269,0.20606616139411926,0.329238623380661,0.01698164828121662,Light_T1
/home/lmy/iot-device-classification/dataset/light_T1/round4_normal/light_T1_r4.pcapng,R4,205,2052.843846797943,0.024169456213712692,0.0050864387303590775,0.007031375076621771,0.9628562927246094,0.0008565106545574963,Light_T1
/home/lmy/iot-device-classification/dataset/light_T1/round4_normal/light_T1_r4.pcapng,R4,206,2063.243631839752,0.002281793160364032,0.07868976145982742,0.9072180390357971,0.009244678542017937,0.0025657019577920437,Light_T1
/home/lmy/iot-device-classification/dataset/light_T1/round4_normal/light_T1_r4.pcapng,R4,207,2071.1108951568604,0.008088871836662292,0.36640968918800354,0.01533551886677742,0.595465898513794,0.014700028114020824,Light_T1
/home/lmy/iot-device-classification/dataset/light_T1/round4_normal/light_T1_r4.pcapng,R4,208,2080.1409220695496,0.0014380308566614985,0.601044774055481,0.01778411492705345,0.3792963922023773,0.0004366781795397401,Light_T1
/home/lmy/iot-device-classification/dataset/light_T1/round4_normal/light_T1_r4.pcapng,R4,209,2092.021567106247,0.002444095676764846,0.05356893315911293,0.928993284702301,0.012293793261051178,0.002699819393455982,Light_T1
/home/lmy/iot-device-classification/dataset/light_T1/round4_normal/light_T1_r4.pcapng,R4,210,2102.766676425934,0.008757169358432293,0.6694859266281128,0.0699659138917923,0.2378005087375641,0.013990430161356926,Light_T1
/home/lmy/iot-device-classification/dataset/light_T1/round4_normal/light_T1_r4.pcapng,R4,211,2113.163594007492,0.01623879000544548,0.6245062947273254,0.0646621361374855,0.29039692878723145,0.004195834510028362,Light_T1
/home/lmy/iot-device-classification/dataset/light_T1/round4_normal/light_T1_r4.pcapng,R4,212,2121.1400804519653,0.00039117306005209684,0.995262622833252,0.0015523277688771486,0.0025840899907052517,0.00020974577637389302,Light_T1
/home/lmy/iot-device-classification/dataset/light_T1/round4_normal/light_T1_r4.pcapng,R4,213,2131.111389398575,0.00012078900908818468,0.9958307147026062,0.0002989935746882111,0.003488028421998024,0.00026146319578401744,Light_T1
/home/lmy/iot-device-classification/dataset/light_T1/round4_normal/light_T1_r4.pcapng,R4,214,2143.531522512436,0.0020586999598890543,0.008782676421105862,0.009489946067333221,0.9789957404136658,0.0006729927845299244,Light_T1
/home/lmy/iot-device-classification/dataset/light_T1/round4_normal/light_T1_r4.pcapng,R4,215,2154.01011800766,0.019942084327340126,0.7707304358482361,0.04400540143251419,0.14597195386886597,0.019350137561559677,Light_T1
/home/lmy/iot-device-classification/dataset/light_T1/round4_normal/light_T1_r4.pcapng,R4,216,2161.124009370804,0.0002185661141993478,0.9954688549041748,0.0029626996256411076,0.001136288745328784,0.00021359366655815393,Light_T1
/home/lmy/iot-device-classification/dataset/light_T1/round4_normal/light_T1_r4.pcapng,R4,217,2173.559041261673,0.0016857704613357782,0.89439457654953,0.08959254622459412,0.01152883842587471,0.0027983314357697964,Light_T1
/home/lmy/iot-device-classification/dataset/light_T1/round4_normal/light_T1_r4.pcapng,R4,218,2183.928686618805,0.002213832223787904,0.9124272465705872,0.02561021037399769,0.05758244916796684,0.0021662930957973003,Light_T1
/home/lmy/iot-device-classification/dataset/light_T1/round4_normal/light_T1_r4.pcapng,R4,219,2194.251466035843,0.004647729452699423,0.27655795216560364,0.016752151772379875,0.6967175006866455,0.0053247008472681046,Light_T1
/home/lmy/iot-device-classification/dataset/light_T1/round4_normal/light_T1_r4.pcapng,R4,220,2203.592365503311,0.0004543121613096446,0.5576106905937195,0.0263811107724905,0.41467440128326416,0.0008795302710495889,Light_T1
/home/lmy/iot-device-classification/dataset/light_T1/round4_normal/light_T1_r4.pcapng,R4,221,2211.1412405967712,0.0001315876143053174,0.9988897442817688,0.00022564164828509092,0.0006318651721812785,0.00012123252236051485,Light_T1
/home/lmy/iot-device-classification/dataset/light_T1/round4_normal/light_T1_r4.pcapng,R4,222,2224.457006454468,0.0017581646097823977,0.8257604241371155,0.04819471389055252,0.12290728837251663,0.0013793519465252757,Light_T1
/home/lmy/iot-device-classification/dataset/light_T1/round4_normal/light_T1_r4.pcapng,R4,223,2233.619417190552,0.004466069862246513,0.08990605920553207,0.024541860446333885,0.8804363012313843,0.0006496701971627772,Light_T1
/home/lmy/iot-device-classification/dataset/light_T1/round4_normal/light_T1_r4.pcapng,R4,224,2244.205971956253,0.006962026469409466,0.6207326650619507,0.23342089354991913,0.12933115661144257,0.009553252719342709,Light_T1
/home/lmy/iot-device-classification/dataset/light_T1/round4_normal/light_T1_r4.pcapng,R4,225,2251.1122601032257,3.8906364352442324e-05,0.9981815814971924,0.00010843612835742533,0.0016029222169891,6.818935071351007e-05,Light_T1
/home/lmy/iot-device-classification/dataset/light_T1/round4_normal/light_T1_r4.pcapng,R4,226,2262.9283072948456,0.022704996168613434,0.02861756831407547,0.9236170649528503,0.018805384635925293,0.006254984997212887,Light_T1
/home/lmy/iot-device-classification/dataset/light_T1/round4_normal/light_T1_r4.pcapng,R4,227,2274.731545686722,0.020309792831540108,0.2875141501426697,0.027091193944215775,0.6482848525047302,0.016799958422780037,Light_T1
/home/lmy/iot-device-classification/dataset/light_T1/round4_normal/light_T1_r4.pcapng,R4,228,2283.7268879413605,0.012717100791633129,0.3833763599395752,0.18793120980262756,0.39702966809272766,0.018945714458823204,Light_T1
/home/lmy/iot-device-classification/dataset/light_T1/round4_normal/light_T1_r4.pcapng,R4,229,2293.680602073669,0.0006919204606674612,0.9384294748306274,0.03513041138648987,0.02430216781795025,0.0014460495440289378,Light_T1
/home/lmy/iot-device-classification/dataset/light_T1/round4_normal/light_T1_r4.pcapng,R4,230,2301.1420907974243,0.018830548971891403,0.661992609500885,0.22492244839668274,0.07746621966362,0.016788190230727196,Light_T1
/home/lmy/iot-device-classification/dataset/light_T1/round4_normal/light_T1_r4.pcapng,R4,231,2314.9265224933624,0.014491483569145203,0.09444990009069443,0.08016848564147949,0.8011659383773804,0.009724149480462074,Light_T1
/home/lmy/iot-device-classification/dataset/light_T1/round4_normal/light_T1_r4.pcapng,R4,232,2320.033613920212,0.05856511369347572,0.07095643132925034,0.7655819058418274,0.0901695266366005,0.014727044850587845,Light_T1
/home/lmy/iot-device-classification/dataset/light_T1/round4_normal/light_T1_r4.pcapng,R4,233,2335.130353212357,0.012463969178497791,0.7332718968391418,0.02921047806739807,0.2119481861591339,0.013105405494570732,Light_T1
/home/lmy/iot-device-classification/dataset/light_T1/round4_normal/light_T1_r4.pcapng,R4,234,2341.113500833512,0.00816555880010128,0.5363941788673401,0.38102632761001587,0.06271280348300934,0.01170115265995264,Light_T1
/home/lmy/iot-device-classification/dataset/light_T1/round4_normal/light_T1_r4.pcapng,R4,235,2353.744557619095,0.005246568471193314,0.04718063026666641,0.9077044725418091,0.03358647599816322,0.0062818387523293495,Light_T1
/home/lmy/iot-device-classification/dataset/light_T1/round4_normal/light_T1_r4.pcapng,R4,236,2364.8463954925537,0.00023468342260457575,0.003161031287163496,0.9897040724754333,0.006509724073112011,0.00039050597115419805,Light_T1
/home/lmy/iot-device-classification/dataset/light_T1/round4_normal/light_T1_r4.pcapng,R4,237,2370.4343440532684,0.010204993188381195,0.8843523263931274,0.058409433811903,0.03209710866212845,0.014936167746782303,Light_T1
/home/lmy/iot-device-classification/dataset/light_T1/round4_normal/light_T1_r4.pcapng,R4,238,2383.5690467357635,0.016027437523007393,0.02027476206421852,0.08161964267492294,0.87760990858078,0.004468265455216169,Light_T1
/home/lmy/iot-device-classification/dataset/light_T1/round4_normal/light_T1_r4.pcapng,R4,239,2393.982351541519,0.007486984133720398,0.8617396354675293,0.021204615011811256,0.09477382898330688,0.014794979244470596,Light_T1
/home/lmy/iot-device-classification/dataset/light_T1/round4_normal/light_T1_r4.pcapng,R4,240,2404.366964817047,0.00010800232121255249,0.990996241569519,0.003960438538342714,0.004740774631500244,0.00019452677224762738,Light_T1
/home/lmy/iot-device-classification/dataset/light_T1/round4_normal/light_T1_r4.pcapng,R4,241,2413.802286863327,0.050172608345746994,0.050206493586301804,0.3672400116920471,0.5231409668922424,0.009239879436790943,Light_T1
/home/lmy/iot-device-classification/dataset/light_T1/round4_normal/light_T1_r4.pcapng,R4,242,2420.755914449692,0.014925744384527206,0.9352521896362305,0.024605534970760345,0.014495376497507095,0.010721123777329922,Light_T1
/home/lmy/iot-device-classification/dataset/light_T1/round4_normal/light_T1_r4.pcapng,R4,243,2431.113828420639,0.0001747698406688869,0.9971352815628052,0.0007996302447281778,0.0016265588346868753,0.00026379621704109013,Light_T1
/home/lmy/iot-device-classification/dataset/light_T1/round4_normal/light_T1_r4.pcapng,R4,244,2442.137633085251,0.04517722129821777,0.04405483230948448,0.4514484107494354,0.4527984857559204,0.00652104988694191,Light_T1
/home/lmy/iot-device-classification/dataset/light_T1/round4_normal/light_T1_r4.pcapng,R4,245,2450.914564371109,0.032569147646427155,0.8135144710540771,0.09451381117105484,0.03159402683377266,0.027808548882603645,Light_T1
/home/lmy/iot-device-classification/dataset/light_T1/round4_normal/light_T1_r4.pcapng,R4,246,2464.6869184970856,0.00953265093266964,0.5597109198570251,0.09972767531871796,0.31767067313194275,0.013358072377741337,Light_T1
/home/lmy/iot-device-classification/dataset/light_T1/round4_normal/light_T1_r4.pcapng,R4,247,2473.8652625083923,0.005218283738940954,0.05909671261906624,0.7471539974212646,0.1832953840494156,0.005235598422586918,Light_T1
/home/lmy/iot-device-classification/dataset/light_T1/round4_normal/light_T1_r4.pcapng,R4,248,2480.3766388893127,0.018109630793333054,0.11843270808458328,0.47682875394821167,0.37911462783813477,0.007514263968914747,Light_T1
/home/lmy/iot-device-classification/dataset/light_T1/round4_normal/light_T1_r4.pcapng,R4,249,2491.11150431633,0.016423700377345085,0.6141406893730164,0.1260841339826584,0.22095970809459686,0.022391758859157562,Light_T1
/home/lmy/iot-device-classification/dataset/light_T1/round4_normal/light_T1_r4.pcapng,R4,250,2503.9056351184845,0.03931513428688049,0.041747964918613434,0.057057395577430725,0.8552990555763245,0.0065804519690573215,Light_T1
/home/lmy/iot-device-classification/dataset/light_T1/round4_normal/light_T1_r4.pcapng,R4,251,2511.3143684864044,0.018758239224553108,0.8592908978462219,0.07170358300209045,0.03475900739431381,0.015488343313336372,Light_T1
/home/lmy/iot-device-classification/dataset/light_T1/round4_normal/light_T1_r4.pcapng,R4,252,2521.113084793091,0.02053866907954216,0.5190674662590027,0.20567674934864044,0.2332249879837036,0.021492136642336845,Light_T1
/home/lmy/iot-device-classification/dataset/light_T1/round4_normal/light_T1_r4.pcapng,R4,253,2533.927190065384,0.11125930398702621,0.1435452252626419,0.38522854447364807,0.33709096908569336,0.02287593111395836,Light_T1
/home/lmy/iot-device-classification/dataset/light_T1/round4_normal/light_T1_r4.pcapng,R4,254,2541.5544517040253,0.01656634360551834,0.7746673822402954,0.17214296758174896,0.02093745768070221,0.015685850754380226,Light_T1
/home/lmy/iot-device-classification/dataset/light_T1/round4_normal/light_T1_r4.pcapng,R4,255,2554.1272797584534,0.00025788709172047675,0.9966784715652466,0.0006231001461856067,0.002164685633033514,0.000275818892987445,Light_T1
/home/lmy/iot-device-classification/dataset/light_T1/round4_normal/light_T1_r4.pcapng,R4,256,2563.953982830048,0.006252758204936981,0.01588306948542595,0.047864336520433426,0.9274306893348694,0.0025691508781164885,Light_T1
/home/lmy/iot-device-classification/dataset/light_T1/round4_normal/light_T1_r4.pcapng,R4,257,2571.144200325012,0.07565364241600037,0.6550809144973755,0.16843223571777344,0.060685958713293076,0.04014727100729942,Light_T1
/home/lmy/iot-device-classification/dataset/light_T1/round4_normal/light_T1_r4.pcapng,R4,258,2585.3261613845825,0.00012473812967073172,0.9920051693916321,0.0032865924295037985,0.004427159670740366,0.0001563858095323667,Light_T1
/home/lmy/iot-device-classification/dataset/light_T1/round4_normal/light_T1_r4.pcapng,R4,259,2593.9828476905823,0.0004254186642356217,0.01119975745677948,0.015253924764692783,0.9725378751754761,0.0005830498412251472,Light_T1
/home/lmy/iot-device-classification/dataset/light_T1/round4_normal/light_T1_r4.pcapng,R4,260,2601.9755957126617,0.04444057494401932,0.5313056111335754,0.25118112564086914,0.14879734814167023,0.024275338277220726,Light_T1
/home/lmy/iot-device-classification/dataset/light_T1/round4_normal/light_T1_r4.pcapng,R4,261,2611.1124432086945,0.00011157670815009624,0.9986194372177124,0.0006493082037195563,0.0005089727346785367,0.00011075751535827294,Light_T1
/home/lmy/iot-device-classification/dataset/light_T1/round4_normal/light_T1_r4.pcapng,R4,262,2624.011287689209,0.0018336809007450938,0.6746295094490051,0.1743796169757843,0.14685045182704926,0.0023067232687026262,Light_T1
/home/lmy/iot-device-classification/dataset/light_T1/round4_normal/light_T1_r4.pcapng,R4,263,2632.19553732872,0.01297183521091938,0.9137011766433716,0.026977237313985825,0.030184144154191017,0.016165656968951225,Light_T1
/home/lmy/iot-device-classification/dataset/light_T1/round4_normal/light_T1_r4.pcapng,R4,264,2645.6566739082336,4.807665754924528e-05,0.9979392886161804,0.0012990048853680491,0.0006467432249337435,6.690798909403384e-05,Light_T1
/home/lmy/iot-device-classification/dataset/light_T1/round4_normal/light_T1_r4.pcapng,R4,265,2654.0553402900696,0.0031756216194480658,0.8372052907943726,0.034952059388160706,0.12390602380037308,0.000760975934099406,Light_T1
/home/lmy/iot-device-classification/dataset/light_T1/round4_normal/light_T1_r4.pcapng,R4,266,2661.1432571411133,0.00014478863158728927,0.223214790225029,0.7763782143592834,0.00018210684356745332,8.011100726434961e-05,Light_T1
/home/lmy/iot-device-classification/dataset/light_T1/round4_normal/light_T1_r4.pcapng,R4,267,2676.8513300418854,0.024081027135252953,0.612265408039093,0.07204215228557587,0.2640359401702881,0.02757546864449978,Light_T1
/home/lmy/iot-device-classification/dataset/light_T1/round4_normal/light_T1_r4.pcapng,R4,268,2680.3112807273865,0.00028856380959041417,0.9901690483093262,0.006580349523574114,0.002914802636951208,4.721136065199971e-05,Light_T1
/home/lmy/iot-device-classification/dataset/light_T1/round4_normal/light_T1_r4.pcapng,R4,269,2692.514862060547,0.00021352000476326793,0.9991165995597839,0.0001051061917678453,0.0003997697203885764,0.00016499862249474972,Light_T1
/home/lmy/iot-device-classification/dataset/light_T1/round4_normal/light_T1_r4.pcapng,R4,270,2701.1241595745087,0.00011102789721917361,0.9985001087188721,0.0002466827863827348,0.0010176330106332898,0.00012455435353331268,Light_T1
/home/lmy/iot-device-classification/dataset/light_T1/round4_normal/light_T1_r4.pcapng,R4,271,2714.1050782203674,0.010285655967891216,0.07297734171152115,0.23209914565086365,0.6659834980964661,0.018654344603419304,Light_T1
/home/lmy/iot-device-classification/dataset/light_T1/round4_normal/light_T1_r4.pcapng,R4,272,2724.6865544319157,0.00033577022259123623,0.9936752915382385,0.002227532910183072,0.00338083878159523,0.0003805936430580914,Light_T1
/home/lmy/iot-device-classification/dataset/light_T1/round4_normal/light_T1_r4.pcapng,R4,273,2731.112122297287,0.00015365124272648245,0.9981491565704346,0.0003481650201138109,0.0011932564666494727,0.0001558033691253513,Light_T1
/home/lmy/iot-device-classification/dataset/light_T1/round4_normal/light_T1_r4.pcapng,R4,274,2744.135319709778,0.0008450292516499758,0.6199089288711548,0.022327492013573647,0.35512638092041016,0.0017921226099133492,Light_T1
/home/lmy/iot-device-classification/dataset/light_T1/round4_normal/light_T1_r4.pcapng,R4,275,2755.886642932892,0.00021521117014344782,0.9931188821792603,0.0005295716691762209,0.005722112953662872,0.0004142260877415538,Light_T1
/home/lmy/iot-device-classification/dataset/light_T1/round4_normal/light_T1_r4.pcapng,R4,276,2766.2888102531438,3.170982745359652e-05,0.999303936958313,0.00011043809354305267,0.0004971923190169036,5.6714361562626436e-05,Light_T1
/home/lmy/iot-device-classification/dataset/light_T1/round4_normal/light_T1_r4.pcapng,R4,277,2773.153980493545,0.00011990156781394035,0.9901521801948547,0.008348606526851654,0.0011593594681471586,0.00021997861040290445,Light_T1
/home/lmy/iot-device-classification/dataset/light_T1/round4_normal/light_T1_r4.pcapng,R4,278,2785.006573200226,6.971671609790064e-06,0.9997938275337219,1.5364241335191764e-05,0.00017089689208660275,1.2922747373522725e-05,Light_T1
/home/lmy/iot-device-classification/dataset/light_T1/round4_normal/light_T1_r4.pcapng,R4,279,2791.1105167865758,0.000192255771253258,0.998105525970459,0.0007713206578046083,0.0007438189932145178,0.00018705270485952497,Light_T1
/home/lmy/iot-device-classification/dataset/light_T1/round4_normal/light_T1_r4.pcapng,R4,280,2804.1963477134705,0.0002977495896629989,0.9701665639877319,0.021691957488656044,0.0073981983587145805,0.00044560161768458784,Light_T1
/home/lmy/iot-device-classification/dataset/light_T1/round4_normal/light_T1_r4.pcapng,R4,281,2810.112330913544,2.541914909670595e-05,0.9998071789741516,4.788990190718323e-05,9.719745867187157e-05,2.230156314908527e-05,Light_T1
/home/lmy/iot-device-classification/dataset/light_T1/round4_normal/light_T1_r4.pcapng,R4,282,2820.45330286026,0.00035146423033438623,0.9457331895828247,0.05053042992949486,0.0029113523196429014,0.0004736044502351433,Light_T1
/home/lmy/iot-device-classification/dataset/light_T1/round4_normal/light_T1_r4.pcapng,R4,283,2834.22954249382,0.00014835191541351378,0.9733788371086121,0.0040419274009764194,0.022183623164892197,0.00024724387913011014,Light_T1
/home/lmy/iot-device-classification/dataset/light_T1/round4_normal/light_T1_r4.pcapng,R4,284,2841.142220497132,0.0001996197534026578,0.998776376247406,0.0006469265790656209,0.0002573122037574649,0.00011972428910667077,Light_T1
/home/lmy/iot-device-classification/dataset/light_T1/round4_normal/light_T1_r4.pcapng,R4,285,2851.1268606185918,9.3487833510153e-05,0.9991193413734436,0.0003105497744400054,0.00038677893462590873,8.988399349618703e-05,Light_T1
/home/lmy/iot-device-classification/dataset/light_T1/round4_normal/light_T1_r4.pcapng,R4,286,2864.2530601024628,0.005147902760654688,0.5667823553085327,0.17798659205436707,0.246860072016716,0.003223036415874958,Light_T1
/home/lmy/iot-device-classification/dataset/light_T1/round4_normal/light_T1_r4.pcapng,R4,287,2876.526899576187,1.360161513730418e-05,0.998363196849823,3.484062835923396e-05,0.0015667432453483343,2.1630108676617965e-05,Light_T1
/home/lmy/iot-device-classification/dataset/light_T1/round4_normal/light_T1_r4.pcapng,R4,288,2881.1243760585785,1.9291144781163894e-05,0.9994671940803528,0.0003688798169605434,0.00011774701852118596,2.6940802854369394e-05,Light_T1
/home/lmy/iot-device-classification/dataset/light_T1/round4_normal/light_T1_r4.pcapng,R4,289,2892.140306711197,0.018131807446479797,0.07940702885389328,0.7751336693763733,0.11330564320087433,0.01402183435857296,Light_T1
/home/lmy/iot-device-classification/dataset/light_T1/round4_normal/light_T1_r4.pcapng,R4,290,2907.3358771800995,0.0009082360193133354,0.9476907849311829,0.020906977355480194,0.029692595824599266,0.0008014474296942353,Light_T1
/home/lmy/iot-device-classification/dataset/light_T1/round4_normal/light_T1_r4.pcapng,R4,291,2915.478229522705,0.00020999756816308945,0.9954164028167725,0.0029641021974384785,0.0011782217770814896,0.00023129911278374493,Light_T1
/home/lmy/iot-device-classification/dataset/light_T1/round4_normal/light_T1_r4.pcapng,R4,292,2924.312272310257,0.003132251789793372,0.5871620178222656,0.12054884433746338,0.28513145446777344,0.004025386646389961,Light_T1
/home/lmy/iot-device-classification/dataset/light_T1/round4_normal/light_T1_r4.pcapng,R4,293,2931.1424016952515,3.2944746635621414e-05,0.999809205532074,1.835533657867927e-05,0.0001220704725710675,1.746328234730754e-05,Light_T1
/home/lmy/iot-device-classification/dataset/light_T1/round4_normal/light_T1_r4.pcapng,R4,294,2947.248914003372,0.0002859342494048178,0.9882170557975769,0.0029025955591350794,0.008100253529846668,0.0004941989900544286,Light_T1
/home/lmy/iot-device-classification/dataset/light_T1/round4_normal/light_T1_r4.pcapng,R4,295,2954.342179298401,0.000839805172290653,0.8983917236328125,0.08252566307783127,0.01718977279961109,0.0010530157014727592,Light_T1
/home/lmy/iot-device-classification/dataset/light_T1/round4_normal/light_T1_r4.pcapng,R4,296,2967.4004287719727,1.876601527328603e-05,0.999218225479126,0.00011617161362664774,0.0006303772097453475,1.6457399397040717e-05,Light_T1
/home/lmy/iot-device-classification/dataset/light_T1/round4_normal/light_T1_r4.pcapng,R4,297,2970.062445640564,1.2863239135185722e-05,0.9993440508842468,6.860934081487358e-05,0.0005553608061745763,1.9045295630348846e-05,Light_T1
/home/lmy/iot-device-classification/dataset/light_T1/round4_normal/light_T1_r4.pcapng,R4,298,2980.100150346756,2.7495356334839016e-05,0.9985523819923401,0.0012569973478093743,0.00012623376096598804,3.690850644488819e-05,Light_T1
/home/lmy/iot-device-classification/dataset/light_T1/round4_normal/light_T1_r4.pcapng,R4,299,2990.150146007538,0.0006093691918067634,0.869070291519165,0.0986490547657013,0.030925754457712173,0.0007455037557519972,Light_T1
/home/lmy/iot-device-classification/dataset/light_T1/round4_normal/light_T1_r4.pcapng,R4,300,3000.289716720581,0.000242212598095648,0.9977778792381287,0.0012661329237744212,0.0005234172567725182,0.00019035686273127794,Light_T1
/home/lmy/iot-device-classification/dataset/light_T1/round4_normal/light_T1_r4.pcapng,R4,301,3010.190716743469,0.00029059097869321704,0.8887553215026855,0.05359935387969017,0.05689677223563194,0.0004578963853418827,Light_T1
/home/lmy/iot-device-classification/dataset/light_T1/round4_normal/light_T1_r4.pcapng,R4,302,3020.1899604797363,0.001337442547082901,0.9864002466201782,0.00843180250376463,0.0028689869213849306,0.0009615623275749385,Light_T1
/home/lmy/iot-device-classification/dataset/light_T1/round4_normal/light_T1_r4.pcapng,R4,303,3030.0924773216248,0.0005813269526697695,0.975451648235321,0.0030932631343603134,0.02012484148144722,0.0007488803239539266,Light_T1
/home/lmy/iot-device-classification/dataset/light_T1/round4_normal/light_T1_r4.pcapng,R4,304,3040.00044798851,5.183853136259131e-05,0.9980025887489319,0.001386645482853055,0.0005178887513466179,4.106667256564833e-05,Light_T1
/home/lmy/iot-device-classification/dataset/light_T1/round4_normal/light_T1_r4.pcapng,R4,305,3050.0006647109985,0.0002119468990713358,0.3253340423107147,0.000651625741738826,0.6735559701919556,0.0002464282151777297,Light_T1
/home/lmy/iot-device-classification/dataset/light_T1/round4_normal/light_T1_r4.pcapng,R4,306,3060.8346786499023,1.0648841453075875e-05,0.9998965263366699,2.5750679924385622e-05,5.6377408327534795e-05,1.0681603271223139e-05,Light_T1
/home/lmy/iot-device-classification/dataset/light_T1/round4_normal/light_T1_r4.pcapng,R4,307,3072.17769241333,0.011284179985523224,0.8511846661567688,0.1042197048664093,0.029605252668261528,0.0037061874754726887,Light_T1
/home/lmy/iot-device-classification/dataset/light_T1/round4_normal/light_T1_r4.pcapng,R4,308,3080.139945268631,0.0005026889848522842,0.968020498752594,0.02962709590792656,0.0016353168757632375,0.00021446484606713057,Light_T1
/home/lmy/iot-device-classification/dataset/light_T1/round4_normal/light_T1_r4.pcapng,R4,309,3090.215354681015,0.0002147857449017465,0.9714827537536621,0.009587536565959454,0.018429424613714218,0.0002855335478670895,Light_T1
/home/lmy/iot-device-classification/dataset/light_T1/round4_normal/light_T1_r4.pcapng,R4,310,3100.295728445053,2.0189940187265165e-05,0.9974564909934998,0.00022160160006023943,0.0022759621497243643,2.571806362539064e-05,Light_T1
/home/lmy/iot-device-classification/dataset/light_T1/round4_normal/light_T1_r4.pcapng,R4,311,3110.359422445297,0.000694851391017437,0.9933464527130127,0.0037255214992910624,0.0016890052938833833,0.000544200127478689,Light_T1
/home/lmy/iot-device-classification/dataset/light_T1/round4_normal/light_T1_r4.pcapng,R4,312,3120.426615715027,0.0139732975512743,0.033636778593063354,0.2651844620704651,0.6792528629302979,0.007952623069286346,Light_T1
/home/lmy/iot-device-classification/dataset/light_T1/round4_normal/light_T1_r4.pcapng,R4,313,3130.471435070038,0.00025163995451293886,0.9340384602546692,0.06491943448781967,0.00048573894309811294,0.00030468450859189034,Light_T1
/home/lmy/iot-device-classification/dataset/light_T1/round4_normal/light_T1_r4.pcapng,R4,314,3140.539906978607,0.00023887523275334388,0.9986122846603394,0.0006399232661351562,0.0003230736474506557,0.0001858695177361369,Light_T1
/home/lmy/iot-device-classification/dataset/light_T1/round4_normal/light_T1_r4.pcapng,R4,315,3150.603569507599,1.000308748189127e-05,0.9998420476913452,9.208683331962675e-05,4.458412149688229e-05,1.1209745025553275e-05,Light_T1
/home/lmy/iot-device-classification/dataset/light_T1/round4_normal/light_T1_r4.pcapng,R4,316,3160.723982334137,0.000156066584168002,0.9875040650367737,0.010731329210102558,0.0014327848330140114,0.00017581309657543898,Light_T1
/home/lmy/iot-device-classification/dataset/light_T1/round4_normal/light_T1_r4.pcapng,R4,317,3170.778931617737,4.2696192394942045e-05,0.9997983574867249,6.560101610375568e-05,6.171166751300916e-05,3.1627481803297997e-05,Light_T1
/home/lmy/iot-device-classification/dataset/light_T1/round4_normal/light_T1_r4.pcapng,R4,318,3180.8213675022125,0.00014315510634332895,0.9990236759185791,0.0004445714585017413,0.0002470803738106042,0.0001415604492649436,Light_T1
/home/lmy/iot-device-classification/dataset/light_T1/round4_normal/light_T1_r4.pcapng,R4,319,3190.868147611618,0.0020297630690038204,0.6992672681808472,0.09549476951360703,0.19946832954883575,0.00373986572958529,Light_T1
/home/lmy/iot-device-classification/dataset/light_T1/round4_normal/light_T1_r4.pcapng,R4,320,3201.01696395874,0.0005575739196501672,0.9968494772911072,0.00175954878795892,0.0004580985405482352,0.00037531525595113635,Light_T1
/home/lmy/iot-device-classification/dataset/light_T1/round4_normal/light_T1_r4.pcapng,R4,321,3211.023355722428,9.577067248756066e-05,0.9986812472343445,0.0008203703910112381,0.00031141965882852674,9.113566193263978e-05,Light_T1
/home/lmy/iot-device-classification/dataset/light_T1/round4_normal/light_T1_r4.pcapng,R4,322,3221.171087503433,0.0012887482298538089,0.006652404088526964,0.011491987854242325,0.9793407917022705,0.001226141699589789,Light_T1
/home/lmy/iot-device-classification/dataset/light_T1/round4_normal/light_T1_r4.pcapng,R4,323,3231.128885507584,5.58700630790554e-05,0.9994199275970459,0.00024221242347266525,0.00024964092881418765,3.24125139741227e-05,Light_T1
/home/lmy/iot-device-classification/dataset/light_T1/round4_normal/light_T1_r4.pcapng,R4,324,3241.111367225647,0.00035752682015299797,0.7194108366966248,0.0017319058533757925,0.278146892786026,0.0003528937522787601,Light_T1
/home/lmy/iot-device-classification/dataset/light_T1/round4_normal/light_T1_r4.pcapng,R4,325,3251.264580488205,0.028300996869802475,0.9468702673912048,0.015006308443844318,0.009352384135127068,0.00047001251368783414,Light_T1
/home/lmy/iot-device-classification/dataset/light_T1/round4_normal/light_T1_r4.pcapng,R4,326,3261.3220257759094,4.521344089880586e-05,0.9997252821922302,0.0001515556505182758,3.207134432159364e-05,4.584685666486621e-05,Light_T1
/home/lmy/iot-device-classification/dataset/light_T1/round4_normal/light_T1_r4.pcapng,R4,327,3271.435034751892,6.122468766989186e-05,0.9992202520370483,0.0006072341348044574,6.074139673728496e-05,5.049878382124007e-05,Light_T1
/home/lmy/iot-device-classification/dataset/light_T1/round4_normal/light_T1_r4.pcapng,R4,328,3280.3810880184174,0.0020592641085386276,0.8023062944412231,0.08157151937484741,0.11328762769699097,0.0007753047975711524,Light_T1
/home/lmy/iot-device-classification/dataset/light_T1/round4_normal/light_T1_r4.pcapng,R4,329,3291.1428945064545,0.00012771888577844948,0.9983974099159241,0.0011368000414222479,0.00023077924561221153,0.00010728905908763409,Light_T1
/home/lmy/iot-device-classification/dataset/light_T1/round4_normal/light_T1_r4.pcapng,R4,330,3301.6235275268555,6.0293241403996944e-05,0.9993612170219421,0.0002204339689342305,0.0002871465985663235,7.092900341376662e-05,Light_T1
/home/lmy/iot-device-classification/dataset/light_T1/round4_normal/light_T1_r4.pcapng,R4,331,3311.6966490745544,0.01807630993425846,0.9278004765510559,0.018089281395077705,0.03564351052045822,0.0003903593751601875,Light_T1
/home/lmy/iot-device-classification/dataset/light_T1/round4_normal/light_T1_r4.pcapng,R4,332,3321.721424102783,0.00035482729435898364,0.998134195804596,0.0004335035046096891,0.0008388463757000864,0.00023863656679168344,Light_T1
/home/lmy/iot-device-classification/dataset/light_T1/round4_normal/light_T1_r4.pcapng,R4,333,3331.108699321747,2.494294494681526e-05,0.9995284080505371,0.00020364043302834034,0.00021882711735088378,2.4180028049158864e-05,Light_T1
/home/lmy/iot-device-classification/dataset/light_T1/round4_normal/light_T1_r4.pcapng,R4,334,3341.8752415180206,4.5175540435593575e-05,0.9926784038543701,0.007062288001179695,0.00016320907161571085,5.0920942157972604e-05,Light_T1
/home/lmy/iot-device-classification/dataset/light_T1/round4_normal/light_T1_r4.pcapng,R4,335,3352.100694179535,0.0016538106137886643,0.9819959402084351,0.00906466320157051,0.006211328320205212,0.0010742073645815253,Light_T1
/home/lmy/iot-device-classification/dataset/light_T1/round4_normal/light_T1_r4.pcapng,R4,336,3362.036130905152,0.0003798732068389654,0.9963068962097168,0.0004949753638356924,0.0025040130130946636,0.00031428298098035157,Light_T1
/home/lmy/iot-device-classification/dataset/light_T1/round4_normal/light_T1_r4.pcapng,R4,337,3372.134481906891,6.429753557313234e-05,0.9909288287162781,0.004069452174007893,0.004814887885004282,0.00012253351451363415,Light_T1
/home/lmy/iot-device-classification/dataset/light_T1/round4_normal/light_T1_r4.pcapng,R4,338,3381.1440954208374,8.580905705457553e-05,0.9997274279594421,6.425943138310686e-05,7.407424709526822e-05,4.847134914598428e-05,Light_T1
/home/lmy/iot-device-classification/dataset/light_T1/round4_normal/light_T1_r4.pcapng,R4,339,3392.176847219467,0.0003318237722851336,0.9960450530052185,0.0030284414533525705,0.00033513319795019925,0.0002595655096229166,Light_T1
/home/lmy/iot-device-classification/dataset/light_T1/round4_normal/light_T1_r4.pcapng,R4,340,3402.2366259098053,0.043288640677928925,0.8507798910140991,0.06370202451944351,0.04015723988413811,0.0020721738692373037,Light_T1
/home/lmy/iot-device-classification/dataset/light_T1/round4_normal/light_T1_r4.pcapng,R4,341,3412.4206142425537,5.024688562116353e-06,0.9999179840087891,6.6355787566863e-05,5.775636964244768e-06,4.845846433454426e-06,Light_T1
/home/lmy/iot-device-classification/dataset/light_T1/round4_normal/light_T1_r4.pcapng,R4,342,3421.109601259232,4.42680211563129e-05,0.9911630153656006,0.006864878349006176,0.0018669830169528723,6.0835456679342315e-05,Light_T1
/home/lmy/iot-device-classification/dataset/light_T1/round4_normal/light_T1_r4.pcapng,R4,343,3432.466712474823,8.404135587625206e-05,0.9785529375076294,0.004335789009928703,0.01691107079386711,0.00011618962162174284,Light_T1
/home/lmy/iot-device-classification/dataset/light_T1/round4_normal/light_T1_r4.pcapng,R4,344,3442.5137650966644,0.0017132919747382402,0.9812203645706177,0.0017790459096431732,0.013975310139358044,0.0013120139483362436,Light_T1
/home/lmy/iot-device-classification/dataset/light_T1/round4_normal/light_T1_r4.pcapng,R4,345,3451.1095654964447,0.0001942791132023558,0.9962443113327026,0.0024312466848641634,0.0009133749408647418,0.00021676586766261607,Light_T1
/home/lmy/iot-device-classification/dataset/light_T1/round4_normal/light_T1_r4.pcapng,R4,346,3462.6496992111206,0.0005310532287694514,0.7983561754226685,0.02236953005194664,0.17768831551074982,0.0010549185099080205,Light_T1
/home/lmy/iot-device-classification/dataset/light_T1/round4_normal/light_T1_r4.pcapng,R4,347,3471.142843961716,2.1077888959553093e-05,0.9998315572738647,2.7796162612503394e-05,0.00010768413631012663,1.1805946087406483e-05,Light_T1
/home/lmy/iot-device-classification/dataset/light_T1/round4_normal/light_T1_r4.pcapng,R4,348,3483.8715727329254,0.00015389184409286827,0.9986030459403992,7.121049566194415e-05,0.0010502367513254285,0.00012161013000877574,Light_T1
/home/lmy/iot-device-classification/dataset/light_T1/round4_normal/light_T1_r4.pcapng,R4,349,3492.845641136169,0.0001354122650809586,0.9696509838104248,0.002929260954260826,0.027101807296276093,0.00018249728600494564,Light_T1
/home/lmy/iot-device-classification/dataset/light_T1/round4_normal/light_T1_r4.pcapng,R4,350,3502.9142792224884,0.0022690175101161003,0.9794970750808716,0.0014395846519619226,0.015276177786290646,0.0015181029448285699,Light_T1
/home/lmy/iot-device-classification/dataset/light_T1/round4_normal/light_T1_r4.pcapng,R4,351,3511.1110525131226,2.7075704565504566e-05,0.9986701011657715,0.0011739315232262015,9.615973976906389e-05,3.269611988798715e-05,Light_T1
/home/lmy/iot-device-classification/dataset/light_T1/round4_normal/light_T1_r4.pcapng,R4,352,3523.0343160629272,4.49181352450978e-05,0.9944486618041992,0.005291623063385487,0.00016981115913949907,4.4946758862352e-05,Light_T1
/home/lmy/iot-device-classification/dataset/light_T1/round4_normal/light_T1_r4.pcapng,R4,353,3533.119133234024,0.03927764669060707,0.47678160667419434,0.08000075072050095,0.3718424439430237,0.03209754079580307,Light_T1
/home/lmy/iot-device-classification/dataset/light_T1/round4_normal/light_T1_r4.pcapng,R4,354,3543.248578310013,0.00011403060489101335,0.9988511800765991,8.435372728854418e-05,0.0008559125126339495,9.447862976230681e-05,Light_T1
/home/lmy/iot-device-classification/dataset/light_T1/round4_normal/light_T1_r4.pcapng,R4,355,3553.272077322006,0.0005741653149016201,0.8642528057098389,0.01390997413545847,0.12075591832399368,0.0005070901825092733,Light_T1
/home/lmy/iot-device-classification/dataset/light_T1/round4_normal/light_T1_r4.pcapng,R4,356,3561.141973257065,0.00010127161658601835,0.9534925222396851,0.04615163430571556,0.00015162360796239227,0.00010295749234501272,Light_T1
/home/lmy/iot-device-classification/dataset/light_T1/round4_normal/light_T1_r4.pcapng,R4,357,3571.1213097572327,0.00020253316324669868,0.9967259168624878,0.0011759161716327071,0.0016365565825253725,0.00025900680338963866,Light_T1
/home/lmy/iot-device-classification/dataset/light_T1/round4_normal/light_T1_r4.pcapng,R4,358,3583.516790390014,0.0009170409757643938,0.8639094829559326,0.005659926682710648,0.1285412460565567,0.0009722749819047749,Light_T1
/home/lmy/iot-device-classification/dataset/light_T1/round4_normal/light_T1_r4.pcapng,R4,359,3593.53786444664,0.0009400852723047137,0.9854744672775269,0.0010021161288022995,0.011772030964493752,0.0008112973300740123,Light_T1
/home/lmy/iot-device-classification/dataset/light_T1/round4_normal/light_T1_r4.pcapng,R4,360,3601.1088738441467,0.0002485461882315576,0.9276163578033447,0.00024113550898618996,0.07174474745988846,0.00014917644148226827,Light_T1
/home/lmy/iot-device-classification/dataset/light_T1/round4_normal/light_T1_r4.pcapng,R4,361,3613.675430297852,0.0033991634845733643,0.8252118229866028,0.04023712873458862,0.12938787043094635,0.0017640615114942193,Light_T1
/home/lmy/iot-device-classification/dataset/light_T1/round4_normal/light_T1_r4.pcapng,R4,362,3625.3270015716553,0.00020338183094281703,0.36996737122535706,0.002327065682038665,0.6270337104797363,0.00046848380588926375,Light_T1
/home/lmy/iot-device-classification/dataset/light_T1/round4_normal/light_T1_r4.pcapng,R4,363,3635.726821899414,0.00039264204679057,0.5189837217330933,0.0012997452868148685,0.47927042841911316,5.3505213145399466e-05,Light_T1
/home/lmy/iot-device-classification/dataset/light_T1/round4_normal/light_T1_r4.pcapng,R4,364,3644.777440309525,2.1450017811730504e-05,0.4834643304347992,5.553893424803391e-05,0.5164381861686707,2.0447225324460305e-05,Light_T1
/home/lmy/iot-device-classification/dataset/light_xm/round4_normal/light_xm_r4.pcapng,R4,0,0.0,7.86324089858681e-05,0.9900249242782593,0.007349771447479725,0.002378870965912938,0.0001678465778240934,Light_XM
/home/lmy/iot-device-classification/dataset/light_xm/round4_normal/light_xm_r4.pcapng,R4,1,10.461518287658691,0.0002644414780661464,0.0008382832747884095,0.9936513304710388,0.005029681138694286,0.0002162577584385872,Light_XM
/home/lmy/iot-device-classification/dataset/light_xm/round4_normal/light_xm_r4.pcapng,R4,2,20.490586280822757,0.0017283891793340445,0.7837722897529602,0.20950201153755188,0.0037270314060151577,0.0012702771928161383,Light_XM
/home/lmy/iot-device-classification/dataset/light_xm/round4_normal/light_xm_r4.pcapng,R4,3,30.59868812561035,0.015351728536188602,0.07369142025709152,0.6416768431663513,0.25194472074508667,0.017335273325443268,Light_XM
/home/lmy/iot-device-classification/dataset/light_xm/round4_normal/light_xm_r4.pcapng,R4,4,40.66239953041077,0.00011328549589961767,0.5944264531135559,0.4043779671192169,0.0009442453156225383,0.00013806205242872238,Light_XM
/home/lmy/iot-device-classification/dataset/light_xm/round4_normal/light_xm_r4.pcapng,R4,5,50.549107789993286,0.00013355536793824285,0.6506567597389221,0.3484267592430115,0.0006666461122222245,0.00011628626816673204,Light_XM
/home/lmy/iot-device-classification/dataset/light_xm/round4_normal/light_xm_r4.pcapng,R4,6,60.32000660896301,9.845748718362302e-05,0.9888433218002319,0.007902749814093113,0.002963761333376169,0.00019166318816132843,Light_XM
/home/lmy/iot-device-classification/dataset/light_xm/round4_normal/light_xm_r4.pcapng,R4,7,70.7225329875946,2.3469496227335185e-05,0.8300395011901855,0.16954359412193298,0.0003532718983478844,4.0205584809882566e-05,Light_XM
/home/lmy/iot-device-classification/dataset/light_xm/round4_normal/light_xm_r4.pcapng,R4,8,80.92752075195312,0.00019282527500763535,0.2523174583911896,0.7426998019218445,0.004642044194042683,0.000147832979564555,Light_XM
/home/lmy/iot-device-classification/dataset/light_xm/round4_normal/light_xm_r4.pcapng,R4,9,90.52117729187012,5.476648311741883e-06,0.9996392726898193,9.176442108582705e-05,0.00025002218899317086,1.344814427284291e-05,Light_XM
/home/lmy/iot-device-classification/dataset/light_xm/round4_normal/light_xm_r4.pcapng,R4,10,101.0604841709137,2.5525072487653233e-05,0.9233270287513733,0.07656311243772507,5.975739622954279e-05,2.4521321392967366e-05,Light_XM
/home/lmy/iot-device-classification/dataset/light_xm/round4_normal/light_xm_r4.pcapng,R4,11,110.2351758480072,1.6637432054267265e-05,0.9972032308578491,0.000683013116940856,0.0020628494676202536,3.424493843340315e-05,Light_XM
/home/lmy/iot-device-classification/dataset/light_xm/round4_normal/light_xm_r4.pcapng,R4,12,120.63606905937196,2.6499990781303495e-05,0.9973534345626831,0.002471824176609516,0.00010121071682078764,4.704522871179506e-05,Light_XM
/home/lmy/iot-device-classification/dataset/light_xm/round4_normal/light_xm_r4.pcapng,R4,13,131.34294271469116,3.484183253021911e-05,0.7162579298019409,0.2834109365940094,0.0002570569340605289,3.918657967005856e-05,Light_XM
/home/lmy/iot-device-classification/dataset/light_xm/round4_normal/light_xm_r4.pcapng,R4,14,140.54344010353088,0.0003951397957280278,0.8385906219482422,0.14535249769687653,0.015455530025064945,0.00020620462601073086,Light_XM
/home/lmy/iot-device-classification/dataset/light_xm/round4_normal/light_xm_r4.pcapng,R4,15,151.48152327537537,0.00743445148691535,0.0629444271326065,0.2753923535346985,0.6438769698143005,0.010351799428462982,Light_XM
/home/lmy/iot-device-classification/dataset/light_xm/round4_normal/light_xm_r4.pcapng,R4,16,161.52846121788025,6.233512976905331e-05,0.8873646855354309,0.11194658279418945,0.0005737966857850552,5.2639730711234733e-05,Light_XM
/home/lmy/iot-device-classification/dataset/light_xm/round4_normal/light_xm_r4.pcapng,R4,17,170.55240869522095,2.172627137042582e-05,0.7007537484169006,0.29906538128852844,0.00011980155250057578,3.937741712434217e-05,Light_XM
/home/lmy/iot-device-classification/dataset/light_xm/round4_normal/light_xm_r4.pcapng,R4,18,180.51677060127255,8.11985955806449e-06,0.9990861415863037,0.00026071254978887737,0.0006285608978942037,1.6465584849356674e-05,Light_XM
/home/lmy/iot-device-classification/dataset/light_xm/round4_normal/light_xm_r4.pcapng,R4,19,191.7862765789032,4.3736490624723956e-05,0.994380533695221,0.005077635869383812,0.0004528095305431634,4.5307886466616765e-05,Light_XM
/home/lmy/iot-device-classification/dataset/light_xm/round4_normal/light_xm_r4.pcapng,R4,20,201.75424456596372,4.751749656861648e-05,0.9106796383857727,0.08604887127876282,0.003148880321532488,7.513675518566743e-05,Light_XM
/home/lmy/iot-device-classification/dataset/light_xm/round4_normal/light_xm_r4.pcapng,R4,21,210.07335138320923,0.02294876240193844,0.5877465009689331,0.05705474689602852,0.3314122259616852,0.0008377658668905497,Light_XM
/home/lmy/iot-device-classification/dataset/light_xm/round4_normal/light_xm_r4.pcapng,R4,22,220.47140765190125,1.6506302927155048e-05,0.914557158946991,0.08490312844514847,0.0004969253204762936,2.6265994165441953e-05,Light_XM
/home/lmy/iot-device-classification/dataset/light_xm/round4_normal/light_xm_r4.pcapng,R4,23,232.01312708854675,6.704001862090081e-05,0.6612383723258972,0.33813193440437317,0.0005173521931283176,4.5325610699364915e-05,Light_XM
/home/lmy/iot-device-classification/dataset/light_xm/round4_normal/light_xm_r4.pcapng,R4,24,241.7629554271698,0.0010936278849840164,0.9935963153839111,0.0020466430578380823,0.0030991381499916315,0.00016421456530224532,Light_XM
/home/lmy/iot-device-classification/dataset/light_xm/round4_normal/light_xm_r4.pcapng,R4,25,252.14670777320865,4.275449100532569e-05,0.8547903299331665,0.1445769965648651,0.000532315403688699,5.76021229790058e-05,Light_XM
/home/lmy/iot-device-classification/dataset/light_xm/round4_normal/light_xm_r4.pcapng,R4,26,262.0762438774109,2.675060386536643e-05,0.9888445734977722,0.01017038244754076,0.0009149294346570969,4.3346371967345476e-05,Light_XM
/home/lmy/iot-device-classification/dataset/light_xm/round4_normal/light_xm_r4.pcapng,R4,27,270.39461183547974,0.0005387446726672351,0.99105304479599,0.0020965440198779106,0.006190502550452948,0.00012113047705497593,Light_XM
/home/lmy/iot-device-classification/dataset/light_xm/round4_normal/light_xm_r4.pcapng,R4,28,280.53069496154785,2.135214162990451e-05,0.9980980753898621,0.0017068051965907216,0.00015114829875528812,2.2633757907897234e-05,Light_XM
/home/lmy/iot-device-classification/dataset/light_xm/round4_normal/light_xm_r4.pcapng,R4,29,292.3679053783417,0.00021710277360398322,0.7804186344146729,0.21738523244857788,0.0017807444091886282,0.00019834167324006557,Light_XM
/home/lmy/iot-device-classification/dataset/light_xm/round4_normal/light_xm_r4.pcapng,R4,30,300.515766620636,3.563601921996451e-06,0.9996176958084106,0.0002672213886398822,0.00010467603715369478,6.874377049825853e-06,Light_XM
/home/lmy/iot-device-classification/dataset/light_xm/round4_normal/light_xm_r4.pcapng,R4,31,311.9959843158722,8.159596472978592e-05,0.9952589869499207,0.0005661986651830375,0.003919410519301891,0.00017381062207277864,Light_XM
/home/lmy/iot-device-classification/dataset/light_xm/round4_normal/light_xm_r4.pcapng,R4,32,320.5468990802765,1.7430813386454247e-05,0.9980959296226501,0.001097107888199389,0.0007723908638581634,1.71915817190893e-05,Light_XM
/home/lmy/iot-device-classification/dataset/light_xm/round4_normal/light_xm_r4.pcapng,R4,33,331.79897832870483,7.215870573418215e-05,0.9948571920394897,0.004019175656139851,0.0009158958564512432,0.00013561795640271157,Light_XM
/home/lmy/iot-device-classification/dataset/light_xm/round4_normal/light_xm_r4.pcapng,R4,34,342.72849345207214,4.8362137022195384e-05,0.543370246887207,0.4563184082508087,0.0001930274738697335,6.994285649852827e-05,Light_XM
/home/lmy/iot-device-classification/dataset/light_xm/round4_normal/light_xm_r4.pcapng,R4,35,352.7875685691833,1.696355320746079e-05,0.894875705242157,0.10503179579973221,5.013510599383153e-05,2.5325178285129368e-05,Light_XM
/home/lmy/iot-device-classification/dataset/light_xm/round4_normal/light_xm_r4.pcapng,R4,36,360.5184426307678,1.7041156752384268e-05,0.9975836277008057,0.0004517830675467849,0.001925727934576571,2.1849247787031345e-05,Light_XM
/home/lmy/iot-device-classification/dataset/light_xm/round4_normal/light_xm_r4.pcapng,R4,37,372.9517905712128,4.125212217331864e-05,0.6269069910049438,0.3726557195186615,0.0003480820741970092,4.7995665227063e-05,Light_XM
/home/lmy/iot-device-classification/dataset/light_xm/round4_normal/light_xm_r4.pcapng,R4,38,380.6381838321686,0.00012097541184630245,0.6405006647109985,0.3536139130592346,0.005573108792304993,0.00019136900664307177,Light_XM
/home/lmy/iot-device-classification/dataset/light_xm/round4_normal/light_xm_r4.pcapng,R4,39,391.82279992103577,5.757849066867493e-06,0.9996610879898071,0.00018370016186963767,0.00013899820623919368,1.047945988830179e-05,Light_XM
/home/lmy/iot-device-classification/dataset/light_xm/round4_normal/light_xm_r4.pcapng,R4,40,403.1414370536804,2.6267467546858825e-05,0.9995593428611755,0.0003405275347176939,6.367014429997653e-05,1.0179054697800893e-05,Light_XM
/home/lmy/iot-device-classification/dataset/light_xm/round4_normal/light_xm_r4.pcapng,R4,41,410.5489206314087,8.865461859386414e-05,0.8923840522766113,0.10678594559431076,0.00068791548255831,5.3471365390578285e-05,Light_XM
/home/lmy/iot-device-classification/dataset/light_xm/round4_normal/light_xm_r4.pcapng,R4,42,420.5345175266266,6.706837211822858e-06,0.9992631077766418,0.0005467038718052208,0.000171415347722359,1.2093071745766792e-05,Light_XM
/home/lmy/iot-device-classification/dataset/light_xm/round4_normal/light_xm_r4.pcapng,R4,43,432.6492233276367,9.708647121442482e-05,0.9620480537414551,0.03229512646794319,0.005396028980612755,0.0001637177774682641,Light_XM
/home/lmy/iot-device-classification/dataset/light_xm/round4_normal/light_xm_r4.pcapng,R4,44,443.039758682251,9.423758456250653e-06,0.9996134638786316,0.0003243788960389793,3.796807868639007e-05,1.4810814718657639e-05,Light_XM
/home/lmy/iot-device-classification/dataset/light_xm/round4_normal/light_xm_r4.pcapng,R4,45,450.5244197845459,2.4236396711785346e-05,0.9940534234046936,0.0007312461966648698,0.005159835796803236,3.1215800845529884e-05,Light_XM
/home/lmy/iot-device-classification/dataset/light_xm/round4_normal/light_xm_r4.pcapng,R4,46,463.5500650405884,0.0002475839282851666,0.0022601529490202665,0.971513032913208,0.02552773617208004,0.0004515385371632874,Light_XM
/home/lmy/iot-device-classification/dataset/light_xm/round4_normal/light_xm_r4.pcapng,R4,47,470.999306678772,3.3192583941854537e-05,0.9060845971107483,0.09373489022254944,0.0001067494013113901,4.059001730638556e-05,Light_XM
/home/lmy/iot-device-classification/dataset/light_xm/round4_normal/light_xm_r4.pcapng,R4,48,481.8350989818573,0.00012755604984704405,0.9947879314422607,0.004219974856823683,0.0007659050752408803,9.859606507234275e-05,Light_XM
/home/lmy/iot-device-classification/dataset/light_xm/round4_normal/light_xm_r4.pcapng,R4,49,492.96456003189087,1.405121565767331e-05,0.9052793383598328,0.09454820305109024,0.00013147940626367927,2.688226777536329e-05,Light_XM
/home/lmy/iot-device-classification/dataset/light_xm/round4_normal/light_xm_r4.pcapng,R4,50,500.55292534828186,6.0609181673498824e-05,0.9481319785118103,0.044570192694664,0.007188206538558006,4.902143336948939e-05,Light_XM
/home/lmy/iot-device-classification/dataset/light_xm/round4_normal/light_xm_r4.pcapng,R4,51,511.6960849761963,8.475683898723219e-06,0.9920204281806946,0.0002739766496233642,0.0076848287135362625,1.2346074072411284e-05,Light_XM
/home/lmy/iot-device-classification/dataset/light_xm/round4_normal/light_xm_r4.pcapng,R4,52,522.145610332489,2.5814862965489738e-05,0.9214855432510376,0.07823492586612701,0.0002289709955221042,2.4742759705986828e-05,Light_XM
/home/lmy/iot-device-classification/dataset/light_xm/round4_normal/light_xm_r4.pcapng,R4,53,534.0765135288239,0.0003704996488522738,0.4531758725643158,0.5401695370674133,0.006040332373231649,0.00024375236534979194,Light_XM
/home/lmy/iot-device-classification/dataset/light_xm/round4_normal/light_xm_r4.pcapng,R4,54,540.5275423526764,9.762452827999368e-05,0.9959445595741272,0.00144948938395828,0.0024563740007579327,5.1919298130087554e-05,Light_XM
/home/lmy/iot-device-classification/dataset/light_xm/round4_normal/light_xm_r4.pcapng,R4,55,554.0970945358276,1.3113947716192342e-05,0.9325777888298035,0.06729689985513687,9.07989960978739e-05,2.1368534362409264e-05,Light_XM
/home/lmy/iot-device-classification/dataset/light_xm/round4_normal/light_xm_r4.pcapng,R4,56,563.6848638057709,0.0003896426933351904,0.7342923283576965,0.25633421540260315,0.008348743431270123,0.0006350410985760391,Light_XM
/home/lmy/iot-device-classification/dataset/light_xm/round4_normal/light_xm_r4.pcapng,R4,57,571.9606771469116,0.0003435436519794166,0.9918361306190491,0.007507688831537962,0.00025783595629036427,5.4796331824036315e-05,Light_XM
/home/lmy/iot-device-classification/dataset/light_xm/round4_normal/light_xm_r4.pcapng,R4,58,584.1277363300323,0.0005500567494891584,0.8774635195732117,0.11657018214464188,0.00480972183868289,0.0006066032801754773,Light_XM
/home/lmy/iot-device-classification/dataset/light_xm/round4_normal/light_xm_r4.pcapng,R4,59,590.556530714035,3.446090340730734e-05,0.9344212412834167,0.06536223739385605,0.0001576496724737808,2.4382899937336333e-05,Light_XM
/home/lmy/iot-device-classification/dataset/light_xm/round4_normal/light_xm_r4.pcapng,R4,60,601.9748210906982,2.0801953724003397e-05,0.9937544465065002,0.00613843509927392,5.8125318901147693e-05,2.823300201271195e-05,Light_XM
/home/lmy/iot-device-classification/dataset/light_xm/round4_normal/light_xm_r4.pcapng,R4,61,614.1597120761871,4.0977003664011136e-05,0.7139609456062317,0.28533366322517395,0.0006206511752679944,4.376884680823423e-05,Light_XM
/home/lmy/iot-device-classification/dataset/light_xm/round4_normal/light_xm_r4.pcapng,R4,62,621.9292454719543,2.339718776056543e-05,0.9952976107597351,0.004359372891485691,0.000283686415059492,3.597605609684251e-05,Light_XM
/home/lmy/iot-device-classification/dataset/light_xm/round4_normal/light_xm_r4.pcapng,R4,63,630.529949426651,6.2856561271473765e-06,0.9993957281112671,0.0003435727267060429,0.00024179161118809134,1.2666351722145919e-05,Light_XM
/home/lmy/iot-device-classification/dataset/light_xm/round4_normal/light_xm_r4.pcapng,R4,64,644.1904633045197,1.974923725356348e-05,0.8859380483627319,0.11359432339668274,0.0004183679411653429,2.948394467239268e-05,Light_XM
/home/lmy/iot-device-classification/dataset/light_xm/round4_normal/light_xm_r4.pcapng,R4,65,651.6405532360077,0.00023298415180761367,0.6559674143791199,0.3416731357574463,0.0017081114929169416,0.00041837122989818454,Light_XM
/home/lmy/iot-device-classification/dataset/light_xm/round4_normal/light_xm_r4.pcapng,R4,66,660.5312707424164,2.1503117750398815e-05,0.996991753578186,0.002907731104642153,5.752107608714141e-05,2.1453977751662023e-05,Light_XM
/home/lmy/iot-device-classification/dataset/light_xm/round4_normal/light_xm_r4.pcapng,R4,67,670.085325717926,6.409923662431538e-05,0.1321277618408203,0.8664112687110901,0.0013091248692944646,8.772998990025371e-05,Light_XM
/home/lmy/iot-device-classification/dataset/light_xm/round4_normal/light_xm_r4.pcapng,R4,68,680.5598750114441,4.5709599362453446e-05,0.9739308953285217,0.025286320596933365,0.0007108885911293328,2.6166535462834872e-05,Light_XM
/home/lmy/iot-device-classification/dataset/light_xm/round4_normal/light_xm_r4.pcapng,R4,69,692.0246303081512,0.000253309408435598,0.029386421665549278,0.0006742289406247437,0.9696475267410278,3.845076935249381e-05,Light_XM
/home/lmy/iot-device-classification/dataset/light_xm/round4_normal/light_xm_r4.pcapng,R4,70,704.2516055107117,1.2820063602703158e-05,0.9863511919975281,0.013485671952366829,0.00013244530418887734,1.7947306332644075e-05,Light_XM
/home/lmy/iot-device-classification/dataset/light_xm/round4_normal/light_xm_r4.pcapng,R4,71,710.2342352867126,4.10260799981188e-05,0.8237853646278381,0.17541012167930603,0.0006993731949478388,6.416025280486792e-05,Light_XM
/home/lmy/iot-device-classification/dataset/light_xm/round4_normal/light_xm_r4.pcapng,R4,72,720.5322833061218,1.5276247722795233e-05,0.9957157969474792,0.000993606518022716,0.0032609442714601755,1.441180666006403e-05,Light_XM
/home/lmy/iot-device-classification/dataset/light_xm/round4_normal/light_xm_r4.pcapng,R4,73,734.3454723358154,0.0003922323521692306,0.0132601885125041,0.9843494296073914,0.0013376818969845772,0.0006605401285924017,Light_XM
/home/lmy/iot-device-classification/dataset/light_xm/round4_normal/light_xm_r4.pcapng,R4,74,744.2936644554138,9.593245522410143e-06,0.9948896169662476,0.00495154457166791,0.00013301518629305065,1.6167503417818807e-05,Light_XM
/home/lmy/iot-device-classification/dataset/light_xm/round4_normal/light_xm_r4.pcapng,R4,75,750.5551040172577,7.549340080004185e-05,0.9965168237686157,0.002928168745711446,0.0004105845873709768,6.888445204822347e-05,Light_XM
/home/lmy/iot-device-classification/dataset/light_xm/round4_normal/light_xm_r4.pcapng,R4,76,764.314129114151,0.0008128969930112362,0.36352208256721497,0.6203471422195435,0.014224249869585037,0.001093617407605052,Light_XM
/home/lmy/iot-device-classification/dataset/light_xm/round4_normal/light_xm_r4.pcapng,R4,77,770.5619730949402,0.000195541069842875,0.526081919670105,0.47197914123535156,0.0016309042694047093,0.00011247176735196263,Light_XM
/home/lmy/iot-device-classification/dataset/light_xm/round4_normal/light_xm_r4.pcapng,R4,78,780.5338172912598,1.2842899195675272e-05,0.9980560541152954,0.0003416215186007321,0.0015745132695883512,1.5046462976897601e-05,Light_XM
/home/lmy/iot-device-classification/dataset/light_xm/round4_normal/light_xm_r4.pcapng,R4,79,790.7968833446503,6.874593964312226e-05,0.9464899301528931,0.052518997341394424,0.0008688722737133503,5.33950915269088e-05,Light_XM
/home/lmy/iot-device-classification/dataset/light_xm/round4_normal/light_xm_r4.pcapng,R4,80,804.3554096221924,0.00014248322986532003,0.8509215116500854,0.14609964191913605,0.0026847063563764095,0.0001517171476734802,Light_XM
/home/lmy/iot-device-classification/dataset/light_xm/round4_normal/light_xm_r4.pcapng,R4,81,810.5570738315582,6.084991127863759e-06,0.9990222454071045,0.0001442305074306205,0.0008169071516022086,1.0515345820749644e-05,Light_XM
/home/lmy/iot-device-classification/dataset/light_xm/round4_normal/light_xm_r4.pcapng,R4,82,823.6929519176483,1.7044470951077528e-05,0.911568820476532,0.08781834691762924,0.0005630493978969753,3.2718067814130336e-05,Light_XM
/home/lmy/iot-device-classification/dataset/light_xm/round4_normal/light_xm_r4.pcapng,R4,83,831.1176493167877,1.3240129192126915e-05,0.9475284814834595,0.05236096307635307,8.134172094287351e-05,1.601831172592938e-05,Light_XM
/home/lmy/iot-device-classification/dataset/light_xm/round4_normal/light_xm_r4.pcapng,R4,84,842.0876121520996,3.6327404814073816e-05,0.9975010752677917,0.002229382749646902,0.00020663616305682808,2.6567535314825363e-05,Light_XM
/home/lmy/iot-device-classification/dataset/light_xm/round4_normal/light_xm_r4.pcapng,R4,85,854.4076042175293,6.690676673315465e-05,0.9555988311767578,0.042622484266757965,0.0015939767472445965,0.00011772002471843734,Light_XM
/home/lmy/iot-device-classification/dataset/light_xm/round4_normal/light_xm_r4.pcapng,R4,86,860.563562631607,0.00043706921860575676,0.0507492832839489,0.9471163153648376,0.0014506999868899584,0.0002467164886184037,Light_XM
/home/lmy/iot-device-classification/dataset/light_xm/round4_normal/light_xm_r4.pcapng,R4,87,871.4385650157928,0.0001325568009633571,0.9982829093933105,0.001319175586104393,0.0002212595718447119,4.411795816849917e-05,Light_XM
/home/lmy/iot-device-classification/dataset/light_xm/round4_normal/light_xm_r4.pcapng,R4,88,884.438029050827,0.0006522129406221211,0.9203894734382629,0.026889262720942497,0.051343560218811035,0.000725463149137795,Light_XM
/home/lmy/iot-device-classification/dataset/light_xm/round4_normal/light_xm_r4.pcapng,R4,89,891.5942795276642,1.5483270544791594e-05,0.9990943670272827,0.0007251460338011384,0.00015135316061787307,1.3630658941110596e-05,Light_XM
/home/lmy/iot-device-classification/dataset/light_xm/round4_normal/light_xm_r4.pcapng,R4,90,900.5423004627228,1.004159730655374e-05,0.9991777539253235,0.00016794836847111583,0.0006270719459280372,1.7158166883746162e-05,Light_XM
/home/lmy/iot-device-classification/dataset/light_xm/round4_normal/light_xm_r4.pcapng,R4,91,911.6805787086488,1.9626219000201672e-05,0.9592978358268738,0.04048589617013931,0.00017555765225552022,2.108274566126056e-05,Light_XM
/home/lmy/iot-device-classification/dataset/light_xm/round4_normal/light_xm_r4.pcapng,R4,92,924.4797496795654,1.1862626706715673e-05,0.9890507459640503,0.0007591661415062845,0.010163222439587116,1.5047194210637826e-05,Light_XM
/home/lmy/iot-device-classification/dataset/light_xm/round4_normal/light_xm_r4.pcapng,R4,93,932.1327419281006,6.362511612678645e-06,0.999637246131897,0.00025695303338579834,8.806417463347316e-05,1.1364827514626086e-05,Light_XM
/home/lmy/iot-device-classification/dataset/light_xm/round4_normal/light_xm_r4.pcapng,R4,94,944.499767780304,9.077066351892427e-06,0.9998883008956909,2.8029015084030107e-05,6.238091737031937e-05,1.221338698087493e-05,Light_XM
/home/lmy/iot-device-classification/dataset/light_xm/round4_normal/light_xm_r4.pcapng,R4,95,950.5666563510896,1.2194731425552163e-05,0.9986276626586914,0.000280282023595646,0.001068697776645422,1.1216692655580118e-05,Light_XM
/home/lmy/iot-device-classification/dataset/light_xm/round4_normal/light_xm_r4.pcapng,R4,96,962.1431827545166,1.672383223194629e-05,0.9966206550598145,0.00021717743948101997,0.003131866455078125,1.3508517440641299e-05,Light_XM
/home/lmy/iot-device-classification/dataset/light_xm/round4_normal/light_xm_r4.pcapng,R4,97,974.54279088974,2.3422051526722498e-05,0.8801034092903137,0.11972653120756149,0.00011030697351088747,3.6333010939415544e-05,Light_XM
/home/lmy/iot-device-classification/dataset/light_xm/round4_normal/light_xm_r4.pcapng,R4,98,984.540932416916,0.00014466288848780096,0.942618727684021,0.05707048997282982,0.00011428278230596334,5.191564196138643e-05,Light_XM
/home/lmy/iot-device-classification/dataset/light_xm/round4_normal/light_xm_r4.pcapng,R4,99,990.5536687374116,0.000409392814617604,0.9898090362548828,0.004031570628285408,0.005661522038280964,8.842601528158411e-05,Light_XM
/home/lmy/iot-device-classification/dataset/light_xm/round4_normal/light_xm_r4.pcapng,R4,100,1003.2024052143096,0.00016603694530203938,0.18800826370716095,0.8105079531669617,0.0010926037793979049,0.000225139781832695,Light_XM
/home/lmy/iot-device-classification/dataset/light_xm/round4_normal/light_xm_r4.pcapng,R4,101,1010.1498317718506,3.0568935471819714e-05,0.883310854434967,0.11658388376235962,5.399441215558909e-05,2.0677074644481763e-05,Light_XM
/home/lmy/iot-device-classification/dataset/light_xm/round4_normal/light_xm_r4.pcapng,R4,102,1020.540685415268,0.0018931576050817966,0.9801890850067139,0.003956150263547897,0.013842563144862652,0.00011908955639228225,Light_XM
/home/lmy/iot-device-classification/dataset/light_xm/round4_normal/light_xm_r4.pcapng,R4,103,1034.5924413204193,1.6659741959301755e-05,0.9302610158920288,0.06967668235301971,2.5360661311424337e-05,2.032928023254499e-05,Light_XM
/home/lmy/iot-device-classification/dataset/light_xm/round4_normal/light_xm_r4.pcapng,R4,104,1040.4454607963562,2.3556898668175563e-05,0.792765736579895,0.2071368545293808,4.877794344793074e-05,2.5085468223551288e-05,Light_XM
/home/lmy/iot-device-classification/dataset/light_xm/round4_normal/light_xm_r4.pcapng,R4,105,1052.2027270793917,8.644442459626589e-06,0.9982908368110657,0.00021841906709596515,0.0014714885037392378,1.059394890035037e-05,Light_XM
/home/lmy/iot-device-classification/dataset/light_xm/round4_normal/light_xm_r4.pcapng,R4,106,1064.6238861083984,1.2835380402975716e-05,0.9733985066413879,0.026371227577328682,0.00019844280905090272,1.90359351108782e-05,Light_XM
/home/lmy/iot-device-classification/dataset/light_xm/round4_normal/light_xm_r4.pcapng,R4,107,1070.0103266239166,3.2379764888901263e-05,0.9341363310813904,0.06571318209171295,8.569206693209708e-05,3.23827589454595e-05,Light_XM
/home/lmy/iot-device-classification/dataset/light_xm/round4_normal/light_xm_r4.pcapng,R4,108,1080.5544650554657,0.00015448170597665012,0.996990442276001,0.002231147140264511,0.0005753090372309089,4.858247848460451e-05,Light_XM
/home/lmy/iot-device-classification/dataset/light_xm/round4_normal/light_xm_r4.pcapng,R4,109,1094.6562130451202,4.014567457488738e-05,0.904829740524292,0.0948110818862915,0.000291791366180405,2.7264883101452142e-05,Light_XM
/home/lmy/iot-device-classification/dataset/light_xm/round4_normal/light_xm_r4.pcapng,R4,110,1100.220239162445,3.575355731300078e-05,0.9299558401107788,0.0698290765285492,0.00015350447210948914,2.5872399419313297e-05,Light_XM
/home/lmy/iot-device-classification/dataset/light_xm/round4_normal/light_xm_r4.pcapng,R4,111,1112.2420909404757,4.583072950481437e-06,0.9994408488273621,0.00012927262287121266,0.0004188353195786476,6.389673671947094e-06,Light_XM
/home/lmy/iot-device-classification/dataset/light_xm/round4_normal/light_xm_r4.pcapng,R4,112,1122.33700299263,0.0006142410566098988,0.09506077319383621,0.8945878744125366,0.009268105030059814,0.0004689292109105736,Light_XM
/home/lmy/iot-device-classification/dataset/light_xm/round4_normal/light_xm_r4.pcapng,R4,113,1130.5029211044312,3.230261063436046e-05,0.8479916453361511,0.15186531841754913,8.762656943872571e-05,2.308312468812801e-05,Light_XM
/home/lmy/iot-device-classification/dataset/light_xm/round4_normal/light_xm_r4.pcapng,R4,114,1140.4034259319303,1.54277677211212e-05,0.9984936714172363,0.00142936990596354,4.0076429286273196e-05,2.139222306141164e-05,Light_XM
/home/lmy/iot-device-classification/dataset/light_xm/round4_normal/light_xm_r4.pcapng,R4,115,1151.4196181297302,0.00010247919271932915,0.7169965505599976,0.28223928809165955,0.0005606384947896004,0.00010108706192113459,Light_XM
/home/lmy/iot-device-classification/dataset/light_xm/round4_normal/light_xm_r4.pcapng,R4,116,1161.2591190338137,1.737515594868455e-05,0.9589961767196655,0.04082639515399933,0.00014260805619414896,1.7477526853326708e-05,Light_XM
/home/lmy/iot-device-classification/dataset/light_xm/round4_normal/light_xm_r4.pcapng,R4,117,1170.0677738189695,3.824196937785018e-06,0.9994651675224304,0.0003673091996461153,0.00015578085731249303,7.883240868977737e-06,Light_XM
/home/lmy/iot-device-classification/dataset/light_xm/round4_normal/light_xm_r4.pcapng,R4,118,1184.7328934669497,3.518150333547965e-05,0.9291794300079346,0.07057508081197739,0.00017836186452768743,3.196260513504967e-05,Light_XM
/home/lmy/iot-device-classification/dataset/light_xm/round4_normal/light_xm_r4.pcapng,R4,119,1191.369219303131,2.43069098360138e-05,0.9778810739517212,0.02184285596013069,0.00023188607883639634,1.9877961676684208e-05,Light_XM
/home/lmy/iot-device-classification/dataset/light_xm/round4_normal/light_xm_r4.pcapng,R4,120,1201.341638326645,0.004984596744179726,0.6094464659690857,0.3811044692993164,0.002705685794353485,0.0017587344627827406,Light_XM
/home/lmy/iot-device-classification/dataset/light_xm/round4_normal/light_xm_r4.pcapng,R4,121,1210.1157493591309,6.763423152733594e-05,0.294838011264801,0.7039021253585815,0.001072310609742999,0.00011990003258688375,Light_XM
/home/lmy/iot-device-classification/dataset/light_xm/round4_normal/light_xm_r4.pcapng,R4,122,1220.5565068721771,1.6001924450392835e-05,0.9990766048431396,0.0004789351369254291,0.0004172497137915343,1.1247791917412542e-05,Light_XM
/home/lmy/iot-device-classification/dataset/light_xm/round4_normal/light_xm_r4.pcapng,R4,123,1232.310648918152,0.00018695347534958273,0.9905059933662415,0.0014718554448336363,0.007783305365592241,5.190644151298329e-05,Light_XM
/home/lmy/iot-device-classification/dataset/light_xm/round4_normal/light_xm_r4.pcapng,R4,124,1241.4082663059237,0.0006581857451237738,0.9169095158576965,0.05265069380402565,0.028983991593122482,0.0007976372726261616,Light_XM
/home/lmy/iot-device-classification/dataset/light_xm/round4_normal/light_xm_r4.pcapng,R4,125,1250.1447658538818,1.4008004654897377e-05,0.9644392728805542,0.0354917086660862,3.378198016434908e-05,2.1239768102532253e-05,Light_XM
/home/lmy/iot-device-classification/dataset/light_xm/round4_normal/light_xm_r4.pcapng,R4,126,1260.5370976924896,0.0068046883679926395,0.7686226963996887,0.11492104828357697,0.1068786010146141,0.0027729629073292017,Light_XM
/home/lmy/iot-device-classification/dataset/light_xm/round4_normal/light_xm_r4.pcapng,R4,127,1270.9741480350494,0.00015607838577125221,0.22118426859378815,0.7776635885238647,0.0008483087876811624,0.00014774089504498988,Light_XM
/home/lmy/iot-device-classification/dataset/light_xm/round4_normal/light_xm_r4.pcapng,R4,128,1280.2534718513489,4.1902520024450496e-05,0.97940993309021,0.01744869165122509,0.0030638831667602062,3.5568686143960804e-05,Light_XM
/home/lmy/iot-device-classification/dataset/light_xm/round4_normal/light_xm_r4.pcapng,R4,129,1292.338031053543,0.02110038511455059,0.9649347066879272,0.010162429884076118,0.003657013177871704,0.0001454565644962713,Light_XM
/home/lmy/iot-device-classification/dataset/light_xm/round4_normal/light_xm_r4.pcapng,R4,130,1301.178695678711,2.8240821848157793e-05,0.767426609992981,0.23048484325408936,0.0020098763052374125,5.0484137318562716e-05,Light_XM
/home/lmy/iot-device-classification/dataset/light_xm/round4_normal/light_xm_r4.pcapng,R4,131,1310.0166289806366,2.4695051251910627e-05,0.925983726978302,0.07395131886005402,1.8376093066763133e-05,2.1846826712135226e-05,Light_XM
/home/lmy/iot-device-classification/dataset/light_xm/round4_normal/light_xm_r4.pcapng,R4,132,1320.3318181037905,0.0005031686159782112,0.9949612617492676,0.004120944533497095,0.0003692133177537471,4.5459593820851296e-05,Light_XM
/home/lmy/iot-device-classification/dataset/light_xm/round4_normal/light_xm_r4.pcapng,R4,133,1332.3516755104065,2.731353924900759e-05,0.9830958247184753,0.016703864559531212,0.0001506116532254964,2.239244531665463e-05,Light_XM
/home/lmy/iot-device-classification/dataset/light_xm/round4_normal/light_xm_r4.pcapng,R4,134,1340.0518696308136,3.430723518249579e-05,0.6463754773139954,0.35343560576438904,0.00011675116547849029,3.785789158428088e-05,Light_XM
/home/lmy/iot-device-classification/dataset/light_xm/round4_normal/light_xm_r4.pcapng,R4,135,1350.011409521103,0.014122986234724522,0.478695809841156,0.48543453216552734,0.01892147585749626,0.002825158415362239,Light_XM
/home/lmy/iot-device-classification/dataset/light_xm/round4_normal/light_xm_r4.pcapng,R4,136,1362.1144225597382,1.6950396457104944e-05,0.9215248823165894,0.07831618189811707,0.00012060444714734331,2.1326557543943636e-05,Light_XM
/home/lmy/iot-device-classification/dataset/light_xm/round4_normal/light_xm_r4.pcapng,R4,137,1370.2706270217896,2.5727376851136796e-05,0.8528383374214172,0.14702191948890686,8.171777881216258e-05,3.228949208278209e-05,Light_XM
/home/lmy/iot-device-classification/dataset/light_xm/round4_normal/light_xm_r4.pcapng,R4,138,1380.2197709083557,0.00022152131714392453,0.981306254863739,0.017393162474036217,0.0009898659773170948,8.920444815885276e-05,Light_XM
/home/lmy/iot-device-classification/dataset/light_xm/round4_normal/light_xm_r4.pcapng,R4,139,1390.114671945572,3.4243479603901505e-05,0.8149966597557068,0.18485327064990997,5.4104661103338e-05,6.175293674459681e-05,Light_XM
/home/lmy/iot-device-classification/dataset/light_xm/round4_normal/light_xm_r4.pcapng,R4,140,1400.0982933044434,3.744255081983283e-05,0.7633475065231323,0.23385567963123322,0.0027316207997500896,2.7763791877077892e-05,Light_XM
/home/lmy/iot-device-classification/dataset/light_xm/round4_normal/light_xm_r4.pcapng,R4,141,1410.0527012348175,1.9918654288630933e-05,0.9989140033721924,0.0009676239569671452,7.247991015901789e-05,2.602390304673463e-05,Light_XM
/home/lmy/iot-device-classification/dataset/light_xm/round4_normal/light_xm_r4.pcapng,R4,142,1420.1037516593933,2.6435047402628697e-05,0.8543077707290649,0.14541387557983398,0.00022310370695777237,2.8799864594475366e-05,Light_XM
/home/lmy/iot-device-classification/dataset/light_xm/round4_normal/light_xm_r4.pcapng,R4,143,1430.180828332901,3.3854448702186346e-05,0.7627982497215271,0.23694023489952087,0.00018132521654479206,4.63888245576527e-05,Light_XM
/home/lmy/iot-device-classification/dataset/light_xm/round4_normal/light_xm_r4.pcapng,R4,144,1440.281448841095,0.0008892461773939431,0.9436314702033997,0.051422204822301865,0.0032298839651048183,0.0008272560080513358,Light_XM
/home/lmy/iot-device-classification/dataset/light_xm/round4_normal/light_xm_r4.pcapng,R4,145,1450.3439297676086,5.363637683331035e-05,0.7616015076637268,0.23810319602489471,0.00018727076530922204,5.4416221246356145e-05,Light_XM
/home/lmy/iot-device-classification/dataset/light_xm/round4_normal/light_xm_r4.pcapng,R4,146,1460.4252166748047,4.3595027818810195e-05,0.958388090133667,0.04144405946135521,0.00010389777889940888,2.041125117102638e-05,Light_XM
/home/lmy/iot-device-classification/dataset/light_xm/round4_normal/light_xm_r4.pcapng,R4,147,1470.479735374451,8.41748078528326e-06,0.9992885589599609,0.0006195912719704211,7.086469122441486e-05,1.2548996892292053e-05,Light_XM
/home/lmy/iot-device-classification/dataset/light_xm/round4_normal/light_xm_r4.pcapng,R4,148,1480.5489258766174,1.1907944099220913e-05,0.9567495584487915,0.04301285371184349,0.00021157941955607384,1.406411684001796e-05,Light_XM
/home/lmy/iot-device-classification/dataset/light_xm/round4_normal/light_xm_r4.pcapng,R4,149,1490.5500926971436,2.115401548508089e-05,0.9993218183517456,0.000384719722205773,0.00025915069272741675,1.3185920579417143e-05,Light_XM
/home/lmy/iot-device-classification/dataset/light_xm/round4_normal/light_xm_r4.pcapng,R4,150,1500.519367933273,3.195024328306317e-05,0.9953559637069702,0.0015675468603149056,0.0029835712630301714,6.102543557062745e-05,Light_XM
/home/lmy/iot-device-classification/dataset/light_xm/round4_normal/light_xm_r4.pcapng,R4,151,1510.763525724411,2.0663464965764433e-05,0.9958071708679199,0.0038636515382677317,0.0002842791727744043,2.428276820864994e-05,Light_XM
/home/lmy/iot-device-classification/dataset/light_xm/round4_normal/light_xm_r4.pcapng,R4,152,1520.8862602710724,1.3695217603526544e-05,0.9868215918540955,0.00043603891390375793,0.012715295888483524,1.3415388821158558e-05,Light_XM
/home/lmy/iot-device-classification/dataset/light_xm/round4_normal/light_xm_r4.pcapng,R4,153,1530.5201246738434,7.4614977165765595e-06,0.9993243217468262,0.0003438499115873128,0.0003121740301139653,1.2213600712129846e-05,Light_XM
/home/lmy/iot-device-classification/dataset/light_xm/round4_normal/light_xm_r4.pcapng,R4,154,1540.9332723617554,1.6174089978449047e-05,0.9560672640800476,0.04379076138138771,0.00010675062367226928,1.9007056835107505e-05,Light_XM
/home/lmy/iot-device-classification/dataset/light_xm/round4_normal/light_xm_r4.pcapng,R4,155,1551.0324075222015,0.00018649865523912013,0.9950779676437378,0.004319802392274141,0.00036745937541127205,4.822383925784379e-05,Light_XM
/home/lmy/iot-device-classification/dataset/light_xm/round4_normal/light_xm_r4.pcapng,R4,156,1561.0663766860962,8.21260255179368e-06,0.99905925989151,0.0009046036866493523,1.7796528481994756e-05,1.0164321793126874e-05,Light_XM
/home/lmy/iot-device-classification/dataset/light_xm/round4_normal/light_xm_r4.pcapng,R4,157,1571.2127211093905,4.214096406940371e-06,0.9916473627090454,0.008172267116606236,0.00016617898654658347,9.910105291055515e-06,Light_XM
/home/lmy/iot-device-classification/dataset/light_xm/round4_normal/light_xm_r4.pcapng,R4,158,1580.5520615577698,0.00011931008339161053,0.20845092833042145,0.790849506855011,0.0004737913841381669,0.00010643320274539292,Light_XM
/home/lmy/iot-device-classification/dataset/light_xm/round4_normal/light_xm_r4.pcapng,R4,159,1591.2821850776672,0.00602225586771965,0.9812877774238586,0.004876433871686459,0.0076174200512468815,0.00019612234609667212,Light_XM
/home/lmy/iot-device-classification/dataset/light_xm/round4_normal/light_xm_r4.pcapng,R4,160,1601.320808172226,3.069828380830586e-05,0.9682891964912415,0.031293872743844986,0.00035679893335327506,2.9441782317007892e-05,Light_XM
/home/lmy/iot-device-classification/dataset/light_xm/round4_normal/light_xm_r4.pcapng,R4,161,1611.4429326057434,6.443497841246426e-05,0.8911885619163513,0.10810614377260208,0.0005978217232041061,4.30706531915348e-05,Light_XM
/home/lmy/iot-device-classification/dataset/light_xm/round4_normal/light_xm_r4.pcapng,R4,162,1620.5314161777496,0.0014599724672734737,0.974685549736023,0.014734705910086632,0.0089147062972188,0.00020508711168076843,Light_XM
/home/lmy/iot-device-classification/dataset/light_xm/round4_normal/light_xm_r4.pcapng,R4,163,1631.537192583084,2.1501773517229594e-05,0.8827059268951416,0.11714991182088852,9.491950186202303e-05,2.7719050194718875e-05,Light_XM
/home/lmy/iot-device-classification/dataset/light_xm/round4_normal/light_xm_r4.pcapng,R4,164,1641.5972471237185,2.853395380952861e-05,0.8691794276237488,0.12961210310459137,0.0011477129301056266,3.219096834072843e-05,Light_XM
/home/lmy/iot-device-classification/dataset/light_xm/round4_normal/light_xm_r4.pcapng,R4,165,1651.5181722640991,2.64683421846712e-05,0.9891682863235474,0.01048583909869194,0.0002762613876257092,4.317524508223869e-05,Light_XM
/home/lmy/iot-device-classification/dataset/light_xm/round4_normal/light_xm_r4.pcapng,R4,166,1661.7308812141418,1.99930727831088e-05,0.9256482124328613,0.07403818517923355,0.00026914846966974437,2.452938315400388e-05,Light_XM
/home/lmy/iot-device-classification/dataset/light_xm/round4_normal/light_xm_r4.pcapng,R4,167,1670.548316001892,3.97063595301006e-05,0.9010135531425476,0.09877674281597137,0.00014707594527862966,2.2960322894505225e-05,Light_XM
/home/lmy/iot-device-classification/dataset/light_xm/round4_normal/light_xm_r4.pcapng,R4,168,1681.8305740356443,3.540900434018113e-05,0.9976931214332581,0.0021023463923484087,0.00013374081754591316,3.5373770515434444e-05,Light_XM
/home/lmy/iot-device-classification/dataset/light_xm/round4_normal/light_xm_r4.pcapng,R4,169,1691.8761749267578,0.0002323781227460131,0.978513240814209,0.02008988708257675,0.0009640398202463984,0.00020048492297064513,Light_XM
/home/lmy/iot-device-classification/dataset/light_xm/round4_normal/light_xm_r4.pcapng,R4,170,1701.956401348114,2.50842422246933e-05,0.7731673121452332,0.22628620266914368,0.0004891850403510034,3.2216546969721094e-05,Light_XM
/home/lmy/iot-device-classification/dataset/light_xm/round4_normal/light_xm_r4.pcapng,R4,171,1710.5301702022552,4.563137190416455e-05,0.9952133893966675,0.0032398863695561886,0.0014554940862581134,4.553169128485024e-05,Light_XM
/home/lmy/iot-device-classification/dataset/light_xm/round4_normal/light_xm_r4.pcapng,R4,172,1722.1775913238523,1.9649354726425372e-05,0.8961678743362427,0.10371328890323639,7.313778041861951e-05,2.6022800739156082e-05,Light_XM
/home/lmy/iot-device-classification/dataset/light_xm/round4_normal/light_xm_r4.pcapng,R4,173,1732.1594178676603,1.8818198441294953e-05,0.9151709675788879,0.0841996967792511,0.0005880906246602535,2.2396747226594016e-05,Light_XM
/home/lmy/iot-device-classification/dataset/light_xm/round4_normal/light_xm_r4.pcapng,R4,174,1740.517331123352,8.337835424754303e-06,0.9994804263114929,0.0002423601836198941,0.00025841189199127257,1.0472640497027896e-05,Light_XM
/home/lmy/iot-device-classification/dataset/light_xm/round4_normal/light_xm_r4.pcapng,R4,175,1752.2844569683075,1.4705246030644048e-05,0.9456599354743958,0.05423356965184212,6.612620200030506e-05,2.5623936380725354e-05,Light_XM
/home/lmy/iot-device-classification/dataset/light_xm/round4_normal/light_xm_r4.pcapng,R4,176,1760.5961577892303,3.070053207920864e-05,0.9646934866905212,0.03474181517958641,0.0005084590520709753,2.551964280428365e-05,Light_XM
/home/lmy/iot-device-classification/dataset/light_xm/round4_normal/light_xm_r4.pcapng,R4,177,1772.1600151062012,0.00022777933918405324,0.9957636594772339,0.0031545173842459917,0.0007711792713962495,8.279975008917972e-05,Light_XM
/home/lmy/iot-device-classification/dataset/light_xm/round4_normal/light_xm_r4.pcapng,R4,178,1782.4593439102173,1.7708849554765038e-05,0.9291366338729858,0.07079063355922699,4.257533510099165e-05,1.2389987205096986e-05,Light_XM
/home/lmy/iot-device-classification/dataset/light_xm/round4_normal/light_xm_r4.pcapng,R4,179,1792.5196552276611,4.9355461669620126e-05,0.8521811366081238,0.1470172256231308,0.0007044152007438242,4.780639574164525e-05,Light_XM
/home/lmy/iot-device-classification/dataset/light_xm/round4_normal/light_xm_r4.pcapng,R4,180,1800.5160055160522,1.1836068551929202e-05,0.99937504529953,0.00032301992177963257,0.0002766302786767483,1.347097713733092e-05,Light_XM
/home/lmy/iot-device-classification/dataset/light_xm/round4_normal/light_xm_r4.pcapng,R4,181,1811.483336687088,1.0246773854305502e-05,0.9984645843505859,0.0014490240719169378,6.566017691511661e-05,1.0507090337341651e-05,Light_XM
/home/lmy/iot-device-classification/dataset/light_xm/round4_normal/light_xm_r4.pcapng,R4,182,1822.080169916153,1.7051030226866715e-05,0.9984910488128662,0.0005513499490916729,0.000917920668143779,2.260913788632024e-05,Light_XM
/home/lmy/iot-device-classification/dataset/light_xm/round4_normal/light_xm_r4.pcapng,R4,183,1832.7633709907527,5.324777521309443e-05,0.9976801872253418,0.0006686465931124985,0.0015697043854743242,2.8176789783174172e-05,Light_XM
/home/lmy/iot-device-classification/dataset/light_xm/round4_normal/light_xm_r4.pcapng,R4,184,1840.2996473312376,1.1591656402742956e-05,0.9366683959960938,0.06319791078567505,0.00010137470962945372,2.079991827486083e-05,Light_XM
/home/lmy/iot-device-classification/dataset/light_xm/round4_normal/light_xm_r4.pcapng,R4,185,1850.5464851856232,4.6726443542866036e-05,0.8788942694664001,0.11914970725774765,0.001880113035440445,2.9223290766822174e-05,Light_XM
/home/lmy/iot-device-classification/dataset/light_xm/round4_normal/light_xm_r4.pcapng,R4,186,1860.515545845032,1.9015362340724096e-05,0.9812689423561096,0.00020501740800682455,0.018488619476556778,1.8389308024779893e-05,Light_XM
/home/lmy/iot-device-classification/dataset/light_xm/round4_normal/light_xm_r4.pcapng,R4,187,1870.4604275226595,1.798383345885668e-05,0.8792730569839478,0.12059615552425385,8.792008156888187e-05,2.4916653273976408e-05,Light_XM
/home/lmy/iot-device-classification/dataset/light_xm/round4_normal/light_xm_r4.pcapng,R4,188,1882.399919509888,1.2937030987814069e-05,0.9513173699378967,0.04815128073096275,0.0004903508815914392,2.8049611501046456e-05,Light_XM
/home/lmy/iot-device-classification/dataset/light_xm/round4_normal/light_xm_r4.pcapng,R4,189,1890.5164399147036,1.328218149865279e-05,0.997731626033783,0.00014898557856213301,0.0020869767758995295,1.9155073459842242e-05,Light_XM
/home/lmy/iot-device-classification/dataset/light_xm/round4_normal/light_xm_r4.pcapng,R4,190,1903.1988174915316,2.259385473735165e-05,0.9043905735015869,0.09482524544000626,0.0007194631616584957,4.2105781176360324e-05,Light_XM
/home/lmy/iot-device-classification/dataset/light_xm/round4_normal/light_xm_r4.pcapng,R4,191,1913.3436481952667,8.347628863702994e-06,0.9954792261123657,0.004470333456993103,2.9485747290891595e-05,1.2614331353688613e-05,Light_XM
/home/lmy/iot-device-classification/dataset/light_xm/round4_normal/light_xm_r4.pcapng,R4,192,1922.8530876636505,5.825838343298528e-06,0.9958370923995972,0.0002828468568623066,0.0038653358351439238,8.854475709085818e-06,Light_XM
/home/lmy/iot-device-classification/dataset/light_xm/round4_normal/light_xm_r4.pcapng,R4,193,1932.3189861774445,1.6748028428992257e-05,0.9208703637123108,0.07846302539110184,0.0006201282376423478,2.9749920940957963e-05,Light_XM
/home/lmy/iot-device-classification/dataset/light_xm/round4_normal/light_xm_r4.pcapng,R4,194,1940.5454738140104,0.00018450291827321053,0.8618358969688416,0.1367320865392685,0.001156655722297728,9.088755905395374e-05,Light_XM
/home/lmy/iot-device-classification/dataset/light_xm/round4_normal/light_xm_r4.pcapng,R4,195,1950.0514533519745,2.800718903017696e-05,0.9947448968887329,0.00025806561461649835,0.004951584618538618,1.7506037693237886e-05,Light_XM
/home/lmy/iot-device-classification/dataset/light_xm/round4_normal/light_xm_r4.pcapng,R4,196,1963.5181720256803,0.00021201315394137055,0.2515469491481781,0.740731954574585,0.007091346196830273,0.0004177182272542268,Light_XM
/home/lmy/iot-device-classification/dataset/light_xm/round4_normal/light_xm_r4.pcapng,R4,197,1971.419457435608,0.00017475761706009507,0.7042554616928101,0.29423442482948303,0.0011616741539910436,0.00017365843814332038,Light_XM
/home/lmy/iot-device-classification/dataset/light_xm/round4_normal/light_xm_r4.pcapng,R4,198,1980.5273430347445,2.23299484787276e-05,0.9918986558914185,0.00018797596567310393,0.007868692278862,2.2360356524586678e-05,Light_XM
/home/lmy/iot-device-classification/dataset/light_xm/round4_normal/light_xm_r4.pcapng,R4,199,1992.6383945941925,1.856481503637042e-05,0.9923957586288452,0.005193925462663174,0.0023566640447825193,3.5083146940451115e-05,Light_XM
/home/lmy/iot-device-classification/dataset/light_xm/round4_normal/light_xm_r4.pcapng,R4,200,2001.984190940857,4.715688555734232e-05,0.9939984083175659,0.005605162121355534,0.0003099691530223936,3.9351747545879334e-05,Light_XM
/home/lmy/iot-device-classification/dataset/light_xm/round4_normal/light_xm_r4.pcapng,R4,201,2013.0476195812223,6.442784069804475e-06,0.9963266253471375,0.00021977530559524894,0.0034341630525887012,1.2998358215554617e-05,Light_XM
/home/lmy/iot-device-classification/dataset/light_xm/round4_normal/light_xm_r4.pcapng,R4,202,2023.8358526229856,2.5342886146972887e-05,0.9751522541046143,0.02383984997868538,0.000944611500017345,3.792105781030841e-05,Light_XM
/home/lmy/iot-device-classification/dataset/light_xm/round4_normal/light_xm_r4.pcapng,R4,203,2030.544676542282,1.9790586520684883e-05,0.9829147458076477,0.016857603564858437,0.00018568757514003664,2.2214559066924267e-05,Light_XM
/home/lmy/iot-device-classification/dataset/light_xm/round4_normal/light_xm_r4.pcapng,R4,204,2042.9795198440552,1.3333035894902423e-05,0.9984388947486877,0.0010177234653383493,0.0005128552438691258,1.7141490388894454e-05,Light_XM
/home/lmy/iot-device-classification/dataset/light_xm/round4_normal/light_xm_r4.pcapng,R4,205,2054.260667800904,7.725078467046842e-05,0.9974007606506348,0.0023539878893643618,0.00014994792582001537,1.8116163118975237e-05,Light_XM
/home/lmy/iot-device-classification/dataset/light_xm/round4_normal/light_xm_r4.pcapng,R4,206,2063.3556847572327,0.00014971241762395948,0.48216575384140015,0.5161287188529968,0.00131502584554255,0.00024080395814962685,Light_XM
/home/lmy/iot-device-classification/dataset/light_xm/round4_normal/light_xm_r4.pcapng,R4,207,2070.51335310936,1.7668717191554606e-05,0.9889352917671204,0.0005107780452817678,0.010514980182051659,2.1271014702506363e-05,Light_XM
/home/lmy/iot-device-classification/dataset/light_xm/round4_normal/light_xm_r4.pcapng,R4,208,2082.07894730568,1.782451363396831e-05,0.9487854838371277,0.05072418600320816,0.0004391396068967879,3.343030402902514e-05,Light_XM
/home/lmy/iot-device-classification/dataset/light_xm/round4_normal/light_xm_r4.pcapng,R4,209,2094.510673761368,2.4692551960470155e-05,0.8864545226097107,0.11322607100009918,0.00026733119739219546,2.739030242082663e-05,Light_XM
/home/lmy/iot-device-classification/dataset/light_xm/round4_normal/light_xm_r4.pcapng,R4,210,2100.513981819153,4.797692599822767e-05,0.9976276755332947,0.0011372872395440936,0.0011657410068437457,2.137114279321395e-05,Light_XM
/home/lmy/iot-device-classification/dataset/light_xm/round4_normal/light_xm_r4.pcapng,R4,211,2111.408785104752,5.695345680578612e-05,0.9972715973854065,0.0003227257984690368,0.0023222786840051413,2.646153006935492e-05,Light_XM
/home/lmy/iot-device-classification/dataset/light_xm/round4_normal/light_xm_r4.pcapng,R4,212,2123.710417509079,8.521490235580131e-05,0.9626085758209229,0.01223168894648552,0.024962207302451134,0.00011232523684157059,Light_XM
/home/lmy/iot-device-classification/dataset/light_xm/round4_normal/light_xm_r4.pcapng,R4,213,2130.219695329666,0.0025014912243932486,0.9732813835144043,0.007789889816194773,0.015767615288496017,0.0006596220773644745,Light_XM
/home/lmy/iot-device-classification/dataset/light_xm/round4_normal/light_xm_r4.pcapng,R4,214,2142.3976328372955,3.7444871850311756e-05,0.8693533539772034,0.13009510934352875,0.0004690312489401549,4.501499279285781e-05,Light_XM
/home/lmy/iot-device-classification/dataset/light_xm/round4_normal/light_xm_r4.pcapng,R4,215,2152.7975883483887,2.249859790026676e-05,0.8637139201164246,0.1348612755537033,0.0013602589024230838,4.20971009589266e-05,Light_XM
/home/lmy/iot-device-classification/dataset/light_xm/round4_normal/light_xm_r4.pcapng,R4,216,2160.514304637909,0.0005416602944023907,0.974990963935852,0.02344813011586666,0.0008931891061365604,0.00012604631774593145,Light_XM
/home/lmy/iot-device-classification/dataset/light_xm/round4_normal/light_xm_r4.pcapng,R4,217,2170.059561729431,0.00011589217319851741,0.36022430658340454,0.6393134593963623,0.0002199444134021178,0.00012637718464247882,Light_XM
/home/lmy/iot-device-classification/dataset/light_xm/round4_normal/light_xm_r4.pcapng,R4,218,2183.9974768161774,0.00013644488353747874,0.9258236885070801,0.07281732559204102,0.001050698570907116,0.00017181971634272486,Light_XM
/home/lmy/iot-device-classification/dataset/light_xm/round4_normal/light_xm_r4.pcapng,R4,219,2193.13804101944,0.007253251504153013,0.9707349538803101,0.019616032019257545,0.0021285368129611015,0.0002672117843758315,Light_XM
/home/lmy/iot-device-classification/dataset/light_xm/round4_normal/light_xm_r4.pcapng,R4,220,2202.719401359558,0.010042082518339157,0.6493836045265198,0.3207264244556427,0.016906946897506714,0.002940977457910776,Light_XM
/home/lmy/iot-device-classification/dataset/light_xm/round4_normal/light_xm_r4.pcapng,R4,221,2210.535504579544,2.9986167646711692e-05,0.8219780921936035,0.17787931859493256,9.044846228789538e-05,2.2133577658678405e-05,Light_XM
/home/lmy/iot-device-classification/dataset/light_xm/round4_normal/light_xm_r4.pcapng,R4,222,2220.5260529518127,0.0016741269500926137,0.9788271188735962,0.005480217281728983,0.013873468153178692,0.00014507447485812008,Light_XM
/home/lmy/iot-device-classification/dataset/light_xm/round4_normal/light_xm_r4.pcapng,R4,223,2233.91512131691,0.00034114846494048834,0.8633394837379456,0.13455040752887726,0.0017001619562506676,6.876823317725211e-05,Light_XM
/home/lmy/iot-device-classification/dataset/light_xm/round4_normal/light_xm_r4.pcapng,R4,224,2245.4992928504944,4.113683826290071e-05,0.8913812637329102,0.10835590213537216,0.0001845602528192103,3.712563557201065e-05,Light_XM
/home/lmy/iot-device-classification/dataset/light_xm/round4_normal/light_xm_r4.pcapng,R4,225,2250.5130932331085,0.00014997553080320358,0.9516366720199585,0.0014114268124103546,0.04672156646847725,8.036290091695264e-05,Light_XM
/home/lmy/iot-device-classification/dataset/light_xm/round4_normal/light_xm_r4.pcapng,R4,226,2263.0372574329376,2.2019519747118466e-05,0.8066906332969666,0.1806064397096634,0.012644561007618904,3.6369547160575166e-05,Light_XM
/home/lmy/iot-device-classification/dataset/light_xm/round4_normal/light_xm_r4.pcapng,R4,227,2273.418648719788,3.7378777051344514e-05,0.8509404063224792,0.1488163322210312,0.00017249290249310434,3.3360756788169965e-05,Light_XM
/home/lmy/iot-device-classification/dataset/light_xm/round4_normal/light_xm_r4.pcapng,R4,228,2282.399560689926,0.0556202158331871,0.5023686289787292,0.2408706396818161,0.1867966204881668,0.014343888498842716,Light_XM
/home/lmy/iot-device-classification/dataset/light_xm/round4_normal/light_xm_r4.pcapng,R4,229,2294.237154006958,0.00010603821283439174,0.9901888966560364,0.00673309713602066,0.002872019773349166,9.992357809096575e-05,Light_XM
/home/lmy/iot-device-classification/dataset/light_xm/round4_normal/light_xm_r4.pcapng,R4,230,2300.545946121216,0.0010821231408044696,0.8177035450935364,0.181055948138237,0.00011266875662840903,4.572766556520946e-05,Light_XM
/home/lmy/iot-device-classification/dataset/light_xm/round4_normal/light_xm_r4.pcapng,R4,231,2313.243815422058,0.30130425095558167,0.6464306116104126,0.017055217176675797,0.034576576203107834,0.0006333095952868462,Light_XM
/home/lmy/iot-device-classification/dataset/light_xm/round4_normal/light_xm_r4.pcapng,R4,232,2322.6236777305603,0.13737845420837402,0.5615870356559753,0.29809698462486267,0.0021775548812001944,0.0007599978125654161,Light_XM
/home/lmy/iot-device-classification/dataset/light_xm/round4_normal/light_xm_r4.pcapng,R4,233,2331.0193133354187,1.925398646562826e-05,0.9984252452850342,0.0015140166506171227,1.2517222785390913e-05,2.903164568124339e-05,Light_XM
/home/lmy/iot-device-classification/dataset/light_xm/round4_normal/light_xm_r4.pcapng,R4,234,2340.514654159546,1.3836305697623175e-05,0.9993342757225037,0.0001506502303527668,0.0004870484408456832,1.4194795767252799e-05,Light_XM
/home/lmy/iot-device-classification/dataset/light_xm/round4_normal/light_xm_r4.pcapng,R4,235,2353.262510538101,0.00018791898037306964,0.6108404994010925,0.3875734508037567,0.0012460846919566393,0.00015202707436401397,Light_XM
/home/lmy/iot-device-classification/dataset/light_xm/round4_normal/light_xm_r4.pcapng,R4,236,2364.954456806183,1.9618588339653797e-05,0.9564570784568787,0.04294130206108093,0.0005498033715412021,3.21539155265782e-05,Light_XM
/home/lmy/iot-device-classification/dataset/light_xm/round4_normal/light_xm_r4.pcapng,R4,237,2373.3056633472443,9.82141682470683e-06,0.9996040463447571,0.000263138092122972,0.00011535847443155944,7.672283572901506e-06,Light_XM
/home/lmy/iot-device-classification/dataset/light_xm/round4_normal/light_xm_r4.pcapng,R4,238,2381.3397800922394,1.494752723374404e-05,0.7773783206939697,0.22248214483261108,9.84238286036998e-05,2.6146059099119157e-05,Light_XM
/home/lmy/iot-device-classification/dataset/light_xm/round4_normal/light_xm_r4.pcapng,R4,239,2390.545254945755,3.484544868115336e-05,0.9994444251060486,0.00015128927771002054,0.0003415303654037416,2.794159263430629e-05,Light_XM
/home/lmy/iot-device-classification/dataset/light_xm/round4_normal/light_xm_r4.pcapng,R4,240,2403.335365056992,0.004180561285465956,0.951848030090332,0.04046563431620598,0.002700167940929532,0.0008056052029132843,Light_XM
/home/lmy/iot-device-classification/dataset/light_xm/round4_normal/light_xm_r4.pcapng,R4,241,2413.56365942955,3.2071016903501004e-05,0.9970843195915222,0.0026972028426826,0.0001617217785678804,2.462309566908516e-05,Light_XM
/home/lmy/iot-device-classification/dataset/light_xm/round4_normal/light_xm_r4.pcapng,R4,242,2425.2755177021027,0.00026860838988795877,0.7217655181884766,0.012898706831037998,0.2647971510887146,0.00027001972193829715,Light_XM
/home/lmy/iot-device-classification/dataset/light_xm/round4_normal/light_xm_r4.pcapng,R4,243,2430.529235124588,1.445860107196495e-05,0.9983069896697998,0.0012925576884299517,0.00036760824150405824,1.8421720596961677e-05,Light_XM
/home/lmy/iot-device-classification/dataset/light_xm/round4_normal/light_xm_r4.pcapng,R4,244,2442.6731083393097,1.3332219168660231e-05,0.9409189820289612,0.05857129395008087,0.00048057048115879297,1.585298014106229e-05,Light_XM
/home/lmy/iot-device-classification/dataset/light_xm/round4_normal/light_xm_r4.pcapng,R4,245,2455.994540691376,4.4194708607392386e-05,0.686281681060791,0.31326591968536377,0.0003704339324031025,3.7797915865667164e-05,Light_XM
/home/lmy/iot-device-classification/dataset/light_xm/round4_normal/light_xm_r4.pcapng,R4,246,2460.512629032135,1.7393609596183524e-05,0.9577021598815918,0.000201416143681854,0.04206782206892967,1.123200127040036e-05,Light_XM
/home/lmy/iot-device-classification/dataset/light_xm/round4_normal/light_xm_r4.pcapng,R4,247,2475.194803237915,2.2469115720014088e-05,0.968271791934967,0.0298564862459898,0.0018136517610400915,3.556776937330142e-05,Light_XM
/home/lmy/iot-device-classification/dataset/light_xm/round4_normal/light_xm_r4.pcapng,R4,248,2480.5450723171234,3.111291516688652e-05,0.9681128859519958,0.031611304730176926,0.0002243794733658433,2.0321718693594448e-05,Light_XM
/home/lmy/iot-device-classification/dataset/light_xm/round4_normal/light_xm_r4.pcapng,R4,249,2493.424607515335,9.861600119620562e-06,0.9994413256645203,0.0004708977648988366,6.599543121410534e-05,1.1911968613276258e-05,Light_XM
/home/lmy/iot-device-classification/dataset/light_xm/round4_normal/light_xm_r4.pcapng,R4,250,2506.0444889068604,4.366871144156903e-05,0.7179746031761169,0.2814427614212036,0.0005014337948523462,3.752356133190915e-05,Light_XM
/home/lmy/iot-device-classification/dataset/light_xm/round4_normal/light_xm_r4.pcapng,R4,251,2512.138961315155,1.9825589333777316e-05,0.9577329754829407,0.04209760203957558,0.0001334306871285662,1.6163037798833102e-05,Light_XM
/home/lmy/iot-device-classification/dataset/light_xm/round4_normal/light_xm_r4.pcapng,R4,252,2520.525245666504,4.601432738127187e-05,0.9923762679100037,0.0018992130644619465,0.005638984963297844,3.953966370318085e-05,Light_XM
/home/lmy/iot-device-classification/dataset/light_xm/round4_normal/light_xm_r4.pcapng,R4,253,2532.698472261429,1.7433500033803284e-05,0.932437002658844,0.06739804148674011,0.00012355195940472186,2.3974700525286607e-05,Light_XM
/home/lmy/iot-device-classification/dataset/light_xm/round4_normal/light_xm_r4.pcapng,R4,254,2545.91473031044,0.0002466353471390903,0.9660259485244751,0.023667821660637856,0.009691568091511726,0.0003680209629237652,Light_XM
/home/lmy/iot-device-classification/dataset/light_xm/round4_normal/light_xm_r4.pcapng,R4,255,2550.231573820114,7.336396265600342e-06,0.9990177154541016,0.0009296752396039665,3.470113006187603e-05,1.061851071426645e-05,Light_XM
/home/lmy/iot-device-classification/dataset/light_xm/round4_normal/light_xm_r4.pcapng,R4,256,2565.5244405269623,1.627477649890352e-05,0.9103696942329407,0.08943232893943787,0.00015686557162553072,2.480986950104125e-05,Light_XM
/home/lmy/iot-device-classification/dataset/light_xm/round4_normal/light_xm_r4.pcapng,R4,257,2570.5451431274414,0.0003612538566812873,0.6739460229873657,0.32412606477737427,0.0013838644372299314,0.00018284699763171375,Light_XM
/home/lmy/iot-device-classification/dataset/light_xm/round4_normal/light_xm_r4.pcapng,R4,258,2580.382740736008,2.317686812602915e-05,0.9965002536773682,0.0029955250211060047,0.00043734669452533126,4.373852789285593e-05,Light_XM
/home/lmy/iot-device-classification/dataset/light_xm/round4_normal/light_xm_r4.pcapng,R4,259,2593.956295013428,1.974668884940911e-05,0.9627289772033691,0.03696412965655327,0.0002696480951271951,1.7496817235951312e-05,Light_XM
/home/lmy/iot-device-classification/dataset/light_xm/round4_normal/light_xm_r4.pcapng,R4,260,2603.498861312866,2.7717551347450353e-05,0.8794175386428833,0.12036997079849243,0.00015811844787094742,2.6652149244910106e-05,Light_XM
/home/lmy/iot-device-classification/dataset/light_xm/round4_normal/light_xm_r4.pcapng,R4,261,2610.524472475052,1.4386630027729552e-05,0.9989559650421143,0.00031347936601378024,0.0007000676705501974,1.6065861927927472e-05,Light_XM
/home/lmy/iot-device-classification/dataset/light_xm/round4_normal/light_xm_r4.pcapng,R4,262,2620.3016562461853,3.780632323469035e-05,0.9211893081665039,0.07858969271183014,0.00015122500190045685,3.1990421121008694e-05,Light_XM
/home/lmy/iot-device-classification/dataset/light_xm/round4_normal/light_xm_r4.pcapng,R4,263,2636.174589395523,7.0069067987788e-06,0.9991335272789001,0.0007759753498248756,7.5647680205293e-05,7.83062478149077e-06,Light_XM
/home/lmy/iot-device-classification/dataset/light_xm/round4_normal/light_xm_r4.pcapng,R4,264,2643.5708162784576,8.078914106590673e-05,0.998250424861908,0.0015206694370135665,0.00012562857591547072,2.243792732770089e-05,Light_XM
/home/lmy/iot-device-classification/dataset/light_xm/round4_normal/light_xm_r4.pcapng,R4,265,2653.019253015518,3.614258093875833e-05,0.9169533848762512,0.08270106464624405,0.00026443146634846926,4.498926500673406e-05,Light_XM
/home/lmy/iot-device-classification/dataset/light_xm/round4_normal/light_xm_r4.pcapng,R4,266,2660.34196138382,2.6273895855410956e-05,0.8747307062149048,0.12519331276416779,2.8491715056588873e-05,2.1214842490735464e-05,Light_XM
/home/lmy/iot-device-classification/dataset/light_xm/round4_normal/light_xm_r4.pcapng,R4,267,2673.600920200348,3.162184657412581e-05,0.9976905584335327,0.00010347827628720552,0.002162910532206297,1.148049341281876e-05,Light_XM
/home/lmy/iot-device-classification/dataset/light_xm/round4_normal/light_xm_r4.pcapng,R4,268,2681.2221541404724,8.241723116952926e-05,0.9118347764015198,0.08635906130075455,0.001671822858043015,5.1996903494000435e-05,Light_XM
/home/lmy/iot-device-classification/dataset/light_xm/round4_normal/light_xm_r4.pcapng,R4,269,2690.049971342087,3.2781477784737945e-05,0.6958820819854736,0.3040264844894409,3.465582267381251e-05,2.4010034394450486e-05,Light_XM
/home/lmy/iot-device-classification/dataset/light_xm/round4_normal/light_xm_r4.pcapng,R4,270,2700.5141587257385,4.851687208429212e-06,0.9994708895683289,6.340879917843267e-05,0.00045158053399063647,9.258904356101993e-06,Light_XM
/home/lmy/iot-device-classification/dataset/light_xm/round4_normal/light_xm_r4.pcapng,R4,271,2716.255397081375,4.0739370888331905e-05,0.9975652694702148,0.0011569971684366465,0.0012080869637429714,2.8962220312678255e-05,Light_XM
/home/lmy/iot-device-classification/dataset/light_xm/round4_normal/light_xm_r4.pcapng,R4,272,2720.3810687065125,3.0465567760984413e-05,0.9987390637397766,0.0009486472117714584,0.0002608059730846435,2.1037034457549453e-05,Light_XM
/home/lmy/iot-device-classification/dataset/light_xm/round4_normal/light_xm_r4.pcapng,R4,273,2731.3427481651306,0.00012463898747228086,0.9977103471755981,0.001968043390661478,0.00015857430116739124,3.83704827982001e-05,Light_XM
/home/lmy/iot-device-classification/dataset/light_xm/round4_normal/light_xm_r4.pcapng,R4,274,2741.310231924057,1.2584825526573695e-05,0.8458401560783386,0.15398812294006348,0.00013966334518045187,1.9460925614112057e-05,Light_XM
/home/lmy/iot-device-classification/dataset/light_xm/round4_normal/light_xm_r4.pcapng,R4,275,2750.054668188095,1.6305770259350538e-05,0.9989087581634521,0.0010358255822211504,2.5324041416752152e-05,1.3798149666399695e-05,Light_XM
/home/lmy/iot-device-classification/dataset/light_xm/round4_normal/light_xm_r4.pcapng,R4,276,2763.6906309127808,8.180858458217699e-06,0.9976407289505005,6.468028732342646e-05,0.0022789097856730223,7.476006430806592e-06,Light_XM
/home/lmy/iot-device-classification/dataset/light_xm/round4_normal/light_xm_r4.pcapng,R4,277,2771.362978219986,1.1373285815352574e-05,0.9718616008758545,0.027993615716695786,0.00012100064486730844,1.2440799764590338e-05,Light_XM
/home/lmy/iot-device-classification/dataset/light_xm/round4_normal/light_xm_r4.pcapng,R4,278,2781.382755756378,5.343155862647109e-05,0.9338727593421936,0.06522691249847412,0.0008034769562073052,4.342223473940976e-05,Light_XM
/home/lmy/iot-device-classification/dataset/light_xm/round4_normal/light_xm_r4.pcapng,R4,279,2790.043015480041,1.2311446880630683e-05,0.9987668991088867,0.0006784699507988989,0.0005212139803916216,2.111252979375422e-05,Light_XM
/home/lmy/iot-device-classification/dataset/light_xm/round4_normal/light_xm_r4.pcapng,R4,280,2805.925469875336,1.7669459339231253e-05,0.9365909695625305,0.06221539527177811,0.0011485111899673939,2.747247890511062e-05,Light_XM
/home/lmy/iot-device-classification/dataset/light_xm/round4_normal/light_xm_r4.pcapng,R4,281,2816.3159925937653,5.942982897977345e-05,0.8744205236434937,0.1236717626452446,0.001796469558030367,5.183536995900795e-05,Light_XM
/home/lmy/iot-device-classification/dataset/light_xm/round4_normal/light_xm_r4.pcapng,R4,282,2820.5129477977757,4.106934738956625e-06,0.9995579123497009,0.00015745269774924964,0.0002724661899264902,8.101442290353589e-06,Light_XM
/home/lmy/iot-device-classification/dataset/light_xm/round4_normal/light_xm_r4.pcapng,R4,283,2830.0077567100525,1.3938587471784558e-05,0.8846182823181152,0.11505874246358871,0.0002853965270332992,2.3647515263292007e-05,Light_XM
/home/lmy/iot-device-classification/dataset/light_xm/round4_normal/light_xm_r4.pcapng,R4,284,2840.423060655594,8.590130892116576e-05,0.9804271459579468,0.017293820157647133,0.00212617008946836,6.702107930323109e-05,Light_XM
/home/lmy/iot-device-classification/dataset/light_xm/round4_normal/light_xm_r4.pcapng,R4,285,2851.179742336273,7.313334208447486e-06,0.9970338344573975,6.657213089056313e-05,0.002883011708036065,9.214456440531649e-06,Light_XM
/home/lmy/iot-device-classification/dataset/light_xm/round4_normal/light_xm_r4.pcapng,R4,286,2860.559941530228,6.301394751062617e-05,0.6320571303367615,0.36772748827934265,6.068135189707391e-05,9.1701811470557e-05,Light_XM
/home/lmy/iot-device-classification/dataset/light_xm/round4_normal/light_xm_r4.pcapng,R4,287,2870.28262257576,4.735799666377716e-05,0.8840858340263367,0.11526026576757431,0.0005639356095343828,4.2531184590188786e-05,Light_XM
/home/lmy/iot-device-classification/dataset/light_xm/round4_normal/light_xm_r4.pcapng,R4,288,2880.5282702445984,2.8978276532143354e-05,0.9989200830459595,0.0008750252309255302,0.00016210931062232703,1.3769426004728302e-05,Light_XM
/home/lmy/iot-device-classification/dataset/light_xm/round4_normal/light_xm_r4.pcapng,R4,289,2890.0029187202454,1.6397925719502382e-05,0.9378650188446045,0.06183845177292824,0.0002588157949503511,2.1311107047949918e-05,Light_XM
/home/lmy/iot-device-classification/dataset/light_xm/round4_normal/light_xm_r4.pcapng,R4,290,2900.092196702957,8.703841740498319e-05,0.2838567793369293,0.7154439091682434,0.0005024774000048637,0.00010978757200064138,Light_XM
/home/lmy/iot-device-classification/dataset/light_xm/round4_normal/light_xm_r4.pcapng,R4,291,2911.9727325439453,3.8128840969875455e-05,0.993083119392395,0.0009010751382447779,0.005949367769062519,2.833497455867473e-05,Light_XM
/home/lmy/iot-device-classification/dataset/light_xm/round4_normal/light_xm_r4.pcapng,R4,292,2920.213274955749,9.891877198242582e-06,0.9615672826766968,0.03826545923948288,0.0001417675375705585,1.556106872158125e-05,Light_XM
/home/lmy/iot-device-classification/dataset/light_xm/round4_normal/light_xm_r4.pcapng,R4,293,2930.1573765277863,1.836275987443514e-05,0.7483605146408081,0.25149330496788025,0.00010272797226207331,2.508642319298815e-05,Light_XM
/home/lmy/iot-device-classification/dataset/light_xm/round4_normal/light_xm_r4.pcapng,R4,294,2940.043080329895,0.0002856733917724341,0.9644545912742615,0.009190671145915985,0.025613950565457344,0.0004551406891550869,Light_XM
/home/lmy/iot-device-classification/dataset/light_xm/round4_normal/light_xm_r4.pcapng,R4,295,2950.4554703235626,0.0010114118922501802,0.9795987606048584,0.0185393076390028,0.0006444673635996878,0.0002060529077425599,Light_XM
/home/lmy/iot-device-classification/dataset/light_xm/round4_normal/light_xm_r4.pcapng,R4,296,2960.1300597190857,1.3768869393970817e-05,0.9670796990394592,0.03280062600970268,8.976666867965832e-05,1.6162261090357788e-05,Light_XM
/home/lmy/iot-device-classification/dataset/light_xm/round4_normal/light_xm_r4.pcapng,R4,297,2970.099057197571,5.238508492766414e-06,0.9984577894210815,0.0002565260510891676,0.0012701619416475296,1.024678294925252e-05,Light_XM
/home/lmy/iot-device-classification/dataset/light_xm/round4_normal/light_xm_r4.pcapng,R4,298,2980.072429895401,0.0004244443553034216,0.41471436619758606,0.5789691805839539,0.005417188163846731,0.0004748408682644367,Light_XM
/home/lmy/iot-device-classification/dataset/light_xm/round4_normal/light_xm_r4.pcapng,R4,299,2990.075362920761,4.704708408098668e-05,0.805212140083313,0.19434544444084167,0.00034606034751050174,4.930163049721159e-05,Light_XM
/home/lmy/iot-device-classification/dataset/light_xm/round4_normal/light_xm_r4.pcapng,R4,300,3000.160317182541,5.542531289393082e-05,0.953498899936676,0.000504873925819993,0.04592077061533928,2.0004612451884896e-05,Light_XM
/home/lmy/iot-device-classification/dataset/light_xm/round4_normal/light_xm_r4.pcapng,R4,301,3010.20893073082,2.3190492356661707e-05,0.9136173725128174,0.0860416516661644,0.00029023896786384284,2.759465314738918e-05,Light_XM
/home/lmy/iot-device-classification/dataset/light_xm/round4_normal/light_xm_r4.pcapng,R4,302,3020.546429157257,4.3555523006943986e-05,0.9982403516769409,0.0012157466262578964,0.000473902327939868,2.6391897335997783e-05,Light_XM
/home/lmy/iot-device-classification/dataset/light_xm/round4_normal/light_xm_r4.pcapng,R4,303,3030.3387072086334,1.9230725229135714e-05,0.9949676394462585,6.538337038364261e-05,0.004935466684401035,1.2325869647611398e-05,Light_XM
/home/lmy/iot-device-classification/dataset/light_xm/round4_normal/light_xm_r4.pcapng,R4,304,3040.438781738281,3.151585042360239e-05,0.8450327515602112,0.15419073402881622,0.000701317039784044,4.3665302655426785e-05,Light_XM
/home/lmy/iot-device-classification/dataset/light_xm/round4_normal/light_xm_r4.pcapng,R4,305,3050.4605503082275,3.3258071198360994e-05,0.9869080781936646,0.012546791695058346,0.0004840735928155482,2.7755026167142205e-05,Light_XM
/home/lmy/iot-device-classification/dataset/light_xm/round4_normal/light_xm_r4.pcapng,R4,306,3060.5135447978973,5.458645318867639e-06,0.9994403719902039,8.598557906225324e-05,0.000457112182630226,1.1100814845121931e-05,Light_XM
/home/lmy/iot-device-classification/dataset/light_xm/round4_normal/light_xm_r4.pcapng,R4,307,3070.6120343208318,6.310368189588189e-05,0.9838911890983582,0.010770101100206375,0.0052277338691055775,4.783332042279653e-05,Light_XM
/home/lmy/iot-device-classification/dataset/light_xm/round4_normal/light_xm_r4.pcapng,R4,308,3080.6717591285706,1.583410266903229e-05,0.9511885643005371,0.04833781719207764,0.00043669043225236237,2.1046309484518133e-05,Light_XM
/home/lmy/iot-device-classification/dataset/light_xm/round4_normal/light_xm_r4.pcapng,R4,309,3090.722011566162,1.788361078070011e-05,0.9933545589447021,0.000629372545517981,0.0059756925329566,2.2551876099896617e-05,Light_XM
/home/lmy/iot-device-classification/dataset/light_xm/round4_normal/light_xm_r4.pcapng,R4,310,3100.7830345630646,2.0950641555828042e-05,0.9006417393684387,0.09924047440290451,6.881489389343187e-05,2.8007105356664397e-05,Light_XM
/home/lmy/iot-device-classification/dataset/light_xm/round4_normal/light_xm_r4.pcapng,R4,311,3110.5471971035004,4.2991330701624975e-05,0.8897712826728821,0.11001557111740112,0.00014310789993032813,2.7032883735955693e-05,Light_XM
/home/lmy/iot-device-classification/dataset/light_xm/round4_normal/light_xm_r4.pcapng,R4,312,3121.0901911258698,8.812728083285037e-06,0.9978481531143188,0.0020691060926765203,5.875844362890348e-05,1.5213007827696856e-05,Light_XM
/home/lmy/iot-device-classification/dataset/light_xm/round4_normal/light_xm_r4.pcapng,R4,313,3131.107038259506,2.00219019461656e-05,0.9459234476089478,0.053921230137348175,0.00010883523646043614,2.642820618348196e-05,Light_XM
/home/lmy/iot-device-classification/dataset/light_xm/round4_normal/light_xm_r4.pcapng,R4,314,3141.0345935821533,2.1189625840634108e-05,0.9935154914855957,0.006266832817345858,0.00017253229452762753,2.390281224506907e-05,Light_XM
/home/lmy/iot-device-classification/dataset/light_xm/round4_normal/light_xm_r4.pcapng,R4,315,3150.528079032898,2.638165096868761e-05,0.9988582134246826,0.00018413874204270542,0.0009112091502174735,2.0027768186992034e-05,Light_XM
/home/lmy/iot-device-classification/dataset/light_xm/round4_normal/light_xm_r4.pcapng,R4,316,3161.1884381771088,1.610292019904591e-05,0.9569082856178284,0.04267790913581848,0.0003759987303055823,2.1745525373262353e-05,Light_XM
/home/lmy/iot-device-classification/dataset/light_xm/round4_normal/light_xm_r4.pcapng,R4,317,3171.2327320575714,1.3784785551251844e-05,0.9507685303688049,0.04914405196905136,5.3568674047710374e-05,2.009281342907343e-05,Light_XM
/home/lmy/iot-device-classification/dataset/light_xm/round4_normal/light_xm_r4.pcapng,R4,318,3180.526723623276,6.98345247656107e-05,0.9928877949714661,0.001569905667565763,0.005436084233224392,3.634706445154734e-05,Light_XM
/home/lmy/iot-device-classification/dataset/light_xm/round4_normal/light_xm_r4.pcapng,R4,319,3191.346606731415,2.2597294446313754e-05,0.9545808434486389,0.04519011080265045,0.0001817823649616912,2.4685468815732747e-05,Light_XM
/home/lmy/iot-device-classification/dataset/light_xm/round4_normal/light_xm_r4.pcapng,R4,320,3201.4396455287933,2.572354605945293e-05,0.9353250861167908,0.0645124763250351,0.0001162595217465423,2.04910829779692e-05,Light_XM
/home/lmy/iot-device-classification/dataset/light_xm/round4_normal/light_xm_r4.pcapng,R4,321,3211.614276647568,8.692629307915922e-06,0.9990239143371582,0.0009232215234078467,3.1362193112727255e-05,1.2804099242202938e-05,Light_XM
/home/lmy/iot-device-classification/dataset/light_xm/round4_normal/light_xm_r4.pcapng,R4,322,3221.576650619507,0.00012714580225292593,0.7675721049308777,0.22986774146556854,0.002338089980185032,9.497223072685301e-05,Light_XM
/home/lmy/iot-device-classification/dataset/light_xm/round4_normal/light_xm_r4.pcapng,R4,323,3231.039659023285,1.3765101357421372e-05,0.9367511868476868,0.06315785646438599,6.3517720263917e-05,1.3664494872500654e-05,Light_XM
/home/lmy/iot-device-classification/dataset/light_xm/round4_normal/light_xm_r4.pcapng,R4,324,3240.5135543346405,5.7776614994509146e-05,0.9934468865394592,0.005727451294660568,0.0007337753777392209,3.4042623155983165e-05,Light_XM
/home/lmy/iot-device-classification/dataset/light_xm/round4_normal/light_xm_r4.pcapng,R4,325,3251.7607510089874,4.378983430797234e-05,0.919622004032135,0.07977864146232605,0.0005232145194895566,3.23802451021038e-05,Light_XM
/home/lmy/iot-device-classification/dataset/light_xm/round4_normal/light_xm_r4.pcapng,R4,326,3261.813628911972,5.129187411512248e-05,0.9181209206581116,0.08113802969455719,0.0006215972825884819,6.819160626037046e-05,Light_XM
/home/lmy/iot-device-classification/dataset/light_xm/round4_normal/light_xm_r4.pcapng,R4,327,3271.888597488404,1.2239000170666259e-05,0.9996753931045532,0.00021003519941587,9.385027078678831e-05,8.508810424245894e-06,Light_XM
/home/lmy/iot-device-classification/dataset/light_xm/round4_normal/light_xm_r4.pcapng,R4,328,3282.0865862369537,1.0013310202339198e-05,0.9543208479881287,0.045481856912374496,0.00016875706205610186,1.8572918634163216e-05,Light_XM
/home/lmy/iot-device-classification/dataset/light_xm/round4_normal/light_xm_r4.pcapng,R4,329,3290.5933995246887,7.492344593629241e-05,0.9093377590179443,0.09007581323385239,0.000464187643956393,4.73106192657724e-05,Light_XM
/home/lmy/iot-device-classification/dataset/light_xm/round4_normal/light_xm_r4.pcapng,R4,330,3300.526384830475,4.706962135969661e-05,0.9779047966003418,0.0018639492336660624,0.02015809342265129,2.6057879949803464e-05,Light_XM
/home/lmy/iot-device-classification/dataset/light_xm/round4_normal/light_xm_r4.pcapng,R4,331,3312.139893054962,0.00010287181794410571,0.8589134216308594,0.1404387354850769,0.00046042833128012717,8.456705108983442e-05,Light_XM
/home/lmy/iot-device-classification/dataset/light_xm/round4_normal/light_xm_r4.pcapng,R4,332,3322.223874568939,2.0016328562633134e-05,0.9988923668861389,0.0009000358986668289,0.0001693488156888634,1.8301570889889263e-05,Light_XM
/home/lmy/iot-device-classification/dataset/light_xm/round4_normal/light_xm_r4.pcapng,R4,333,3330.5256633758545,4.6022061724215746e-05,0.9979168772697449,0.0010347041534259915,0.0009854247327893972,1.6957539628492668e-05,Light_XM
/home/lmy/iot-device-classification/dataset/light_xm/round4_normal/light_xm_r4.pcapng,R4,334,3342.3853986263275,2.2966838514548726e-05,0.896232008934021,0.10330193489789963,0.000412201217841357,3.0924838938517496e-05,Light_XM
/home/lmy/iot-device-classification/dataset/light_xm/round4_normal/light_xm_r4.pcapng,R4,335,3352.4178433418274,5.5792697821743786e-05,0.8244094252586365,0.17498362064361572,0.0005107020260766149,4.0466598875354975e-05,Light_XM
/home/lmy/iot-device-classification/dataset/light_xm/round4_normal/light_xm_r4.pcapng,R4,336,3362.468394994736,1.772614814399276e-05,0.9984695315361023,0.0013684245059266686,0.00012562655319925398,1.867322134785354e-05,Light_XM
/home/lmy/iot-device-classification/dataset/light_xm/round4_normal/light_xm_r4.pcapng,R4,337,3372.537171125412,1.725851689116098e-05,0.9409178495407104,0.05862293019890785,0.0004116170748602599,3.0325336410896853e-05,Light_XM
/home/lmy/iot-device-classification/dataset/light_xm/round4_normal/light_xm_r4.pcapng,R4,338,3380.547493934632,5.316984243108891e-05,0.8402889370918274,0.15953592956066132,8.971824718173593e-05,3.2217569241765887e-05,Light_XM
/home/lmy/iot-device-classification/dataset/light_xm/round4_normal/light_xm_r4.pcapng,R4,339,3392.6334302425385,6.793628017476294e-06,0.9991337656974792,0.0005885909195058048,0.0002607784408610314,1.0063357876788359e-05,Light_XM
/home/lmy/iot-device-classification/dataset/light_xm/round4_normal/light_xm_r4.pcapng,R4,340,3402.77445435524,1.2345361938059796e-05,0.965756356716156,0.03414710983633995,6.946780194994062e-05,1.473944848839892e-05,Light_XM
/home/lmy/iot-device-classification/dataset/light_xm/round4_normal/light_xm_r4.pcapng,R4,341,3412.7746193408966,1.934907049871981e-05,0.9466500878334045,0.05279802158474922,0.0005107950419187546,2.1787362129543908e-05,Light_XM
/home/lmy/iot-device-classification/dataset/light_xm/round4_normal/light_xm_r4.pcapng,R4,342,3420.526767730713,0.00010589966404950246,0.9980835914611816,0.0005414655897766352,0.0012447271728888154,2.4366936486330815e-05,Light_XM
/home/lmy/iot-device-classification/dataset/light_xm/round4_normal/light_xm_r4.pcapng,R4,343,3432.8877277374268,1.7116617527790368e-05,0.9881435036659241,0.010552551597356796,0.0012618782930076122,2.493735337338876e-05,Light_XM
/home/lmy/iot-device-classification/dataset/light_xm/round4_normal/light_xm_r4.pcapng,R4,344,3442.949015140533,1.2292189239815343e-05,0.9371801614761353,0.06247566640377045,0.00031398292048834264,1.790861824702006e-05,Light_XM
/home/lmy/iot-device-classification/dataset/light_xm/round4_normal/light_xm_r4.pcapng,R4,345,3453.0078794956207,3.3354452170897275e-05,0.9992409944534302,0.0006688498542644083,4.547566641122103e-05,1.1392969099688344e-05,Light_XM
/home/lmy/iot-device-classification/dataset/light_xm/round4_normal/light_xm_r4.pcapng,R4,346,3463.07031416893,1.3046509593550581e-05,0.9063547849655151,0.09344244003295898,0.00016957885236479342,2.0143950678175315e-05,Light_XM
/home/lmy/iot-device-classification/dataset/light_xm/round4_normal/light_xm_r4.pcapng,R4,347,3470.548122406006,3.655591353890486e-05,0.9353764057159424,0.06434281915426254,0.00021916486730333418,2.5021166948135942e-05,Light_XM
/home/lmy/iot-device-classification/dataset/light_xm/round4_normal/light_xm_r4.pcapng,R4,348,3482.655919313431,0.0007934470777399838,0.9347023963928223,0.05848969519138336,0.004926310386508703,0.001088163466192782,Light_XM
/home/lmy/iot-device-classification/dataset/light_xm/round4_normal/light_xm_r4.pcapng,R4,349,3491.200705051422,1.0483221558388323e-05,0.9719266891479492,0.027765359729528427,0.0002845731214620173,1.283515211980557e-05,Light_XM
/home/lmy/iot-device-classification/dataset/light_xm/round4_normal/light_xm_r4.pcapng,R4,350,3503.321994543076,1.0955890502373222e-05,0.9965683221817017,0.0031937495805323124,0.0002099816920235753,1.699511631159112e-05,Light_XM
/home/lmy/iot-device-classification/dataset/light_xm/round4_normal/light_xm_r4.pcapng,R4,351,3510.513950586319,6.441835012083175e-06,0.9995124340057373,5.04552481288556e-05,0.0004233713261783123,7.285284027602756e-06,Light_XM
/home/lmy/iot-device-classification/dataset/light_xm/round4_normal/light_xm_r4.pcapng,R4,352,3523.2830131053925,1.0096569894813001e-05,0.9657503366470337,0.03409508243203163,0.0001324303593719378,1.2053040336468257e-05,Light_XM
/home/lmy/iot-device-classification/dataset/light_xm/round4_normal/light_xm_r4.pcapng,R4,353,3533.499715328217,1.5823661669855937e-05,0.8774855136871338,0.1222597286105156,0.00022016222646925598,1.8800275938701816e-05,Light_XM
/home/lmy/iot-device-classification/dataset/light_xm/round4_normal/light_xm_r4.pcapng,R4,354,3540.52636551857,1.1958189134020358e-05,0.9986178874969482,0.00010968141577905044,0.0012516212882474065,8.828083991829772e-06,Light_XM
/home/lmy/iot-device-classification/dataset/light_xm/round4_normal/light_xm_r4.pcapng,R4,355,3553.616809129715,1.3802754438074771e-05,0.9412181973457336,0.0585794597864151,0.00016490778943989426,2.3618831619387493e-05,Light_XM
/home/lmy/iot-device-classification/dataset/light_xm/round4_normal/light_xm_r4.pcapng,R4,356,3563.673278570175,0.00012190662528155372,0.5258973836898804,0.47063854336738586,0.0032069010194391012,0.00013522536028176546,Light_XM
/home/lmy/iot-device-classification/dataset/light_xm/round4_normal/light_xm_r4.pcapng,R4,357,3573.739167928696,7.5919865594187286e-06,0.9997125267982483,0.00020666240015998483,6.64897306705825e-05,6.7305031734576914e-06,Light_XM
/home/lmy/iot-device-classification/dataset/light_xm/round4_normal/light_xm_r4.pcapng,R4,358,3583.829743385315,6.797892274335027e-05,0.9480627179145813,0.051227815449237823,0.0005903312703594565,5.107541801407933e-05,Light_XM
/home/lmy/iot-device-classification/dataset/light_xm/round4_normal/light_xm_r4.pcapng,R4,359,3593.859872817993,3.46159067703411e-05,0.9579641819000244,0.041785966604948044,0.0001718109124340117,4.343807449913584e-05,Light_XM
/home/lmy/iot-device-classification/dataset/light_xm/round4_normal/light_xm_r4.pcapng,R4,360,3600.514636039734,0.00021183965145610273,0.9896630644798279,0.007286886218935251,0.0026369139086455107,0.00020125838636886328,Light_XM
/home/lmy/iot-device-classification/dataset/light_xm/round4_normal/light_xm_r4.pcapng,R4,361,3613.999394416809,1.3087277693557553e-05,0.8193774819374084,0.1803513765335083,0.00023859173234086484,1.947788587131072e-05,Light_XM
/home/lmy/iot-device-classification/dataset/light_xm/round4_normal/light_xm_r4.pcapng,R4,362,3625.309584856033,6.348184979287907e-05,0.905037522315979,0.0037371465004980564,0.0911138579249382,4.798299778485671e-05,Light_XM
/home/lmy/iot-device-classification/dataset/light_xm/round4_normal/light_xm_r4.pcapng,R4,363,3633.76064491272,3.158922118018381e-05,0.6859031319618225,0.00011402499512769282,0.31392964720726013,2.1539017325267196e-05,Light_XM
/home/lmy/iot-device-classification/dataset/light_xm/round4_normal/light_xm_r4.pcapng,R4,364,3644.1589069366455,8.132025686791167e-05,0.4416463375091553,0.0004576335195451975,0.5577074885368347,0.00010718623525463045,Light_XM
/home/lmy/iot-device-classification/dataset/light_xm/round4_normal/light_xm_r4.pcapng,R4,365,3650.5485982894897,8.061777043621987e-05,0.9970986843109131,0.00018149260722566396,0.0026088617742061615,3.039346484001726e-05,Light_XM
/home/lmy/iot-device-classification/dataset/light_xm/round4_normal/light_xm_r4.pcapng,R4,366,3660.5133395195007,1.6537738702027127e-05,0.9794368147850037,0.00019477217574603856,0.02032824046909809,2.3659436919842847e-05,Light_XM
/home/lmy/iot-device-classification/dataset/light_xm/round4_normal/light_xm_r4.pcapng,R4,367,3672.593174934387,8.418400102527812e-05,0.9539161324501038,0.0002826707495842129,0.045668765902519226,4.823278868570924e-05,Light_XM
/home/lmy/iot-device-classification/dataset/sensor/round4_normal/sensor_r4.pcapng,R4,0,0.0,0.00013820783351548016,0.9809989333152771,0.0016702341381460428,0.01714888960123062,4.372423791210167e-05,Sensor
/home/lmy/iot-device-classification/dataset/sensor/round4_normal/sensor_r4.pcapng,R4,1,10.402910470962524,0.0009123264462687075,0.42904728651046753,0.006577928550541401,0.5626910328865051,0.0007714289822615683,Sensor
/home/lmy/iot-device-classification/dataset/sensor/round4_normal/sensor_r4.pcapng,R4,2,22.01540732383728,0.002878975821658969,0.9316067099571228,0.0026028137654066086,0.061786916106939316,0.0011245248606428504,Sensor
/home/lmy/iot-device-classification/dataset/sensor/round4_normal/sensor_r4.pcapng,R4,3,31.07911229133606,0.03458309546113014,0.885259747505188,0.06929077953100204,0.00956225860863924,0.0013040929334238172,Sensor
/home/lmy/iot-device-classification/dataset/sensor/round4_normal/sensor_r4.pcapng,R4,4,42.09663105010986,0.00027255923487246037,0.5931095480918884,0.0007904261583462358,0.4055529832839966,0.00027446020976640284,Sensor
/home/lmy/iot-device-classification/dataset/sensor/round4_normal/sensor_r4.pcapng,R4,5,51.51465439796448,0.0010332514066249132,0.7706993222236633,0.0015777155058458447,0.22614702582359314,0.0005426896968856454,Sensor
/home/lmy/iot-device-classification/dataset/sensor/round4_normal/sensor_r4.pcapng,R4,6,61.09868502616882,0.006767638027667999,0.7633579969406128,0.05180228501558304,0.17605258524417877,0.0020195553079247475,Sensor
/home/lmy/iot-device-classification/dataset/sensor/round4_normal/sensor_r4.pcapng,R4,7,72.24048829078674,2.8982238291064277e-05,0.9970026612281799,0.0002669519744813442,0.0026716222055256367,2.9773273126920685e-05,Sensor
/home/lmy/iot-device-classification/dataset/sensor/round4_normal/sensor_r4.pcapng,R4,8,82.22946786880493,0.0008570051286369562,0.9328738451004028,0.003389556659385562,0.061952728778123856,0.0009267981513403356,Sensor
/home/lmy/iot-device-classification/dataset/sensor/round4_normal/sensor_r4.pcapng,R4,9,91.12697625160216,0.007245815359055996,0.9884578585624695,0.0018643733346834779,0.0021254734601825476,0.0003064198244828731,Sensor
/home/lmy/iot-device-classification/dataset/sensor/round4_normal/sensor_r4.pcapng,R4,10,102.24729228019714,1.762159627105575e-05,0.5042025446891785,5.533273360924795e-05,0.49568501114845276,3.9449903852073476e-05,Sensor
/home/lmy/iot-device-classification/dataset/sensor/round4_normal/sensor_r4.pcapng,R4,11,111.51117277145386,0.00036359840305522084,0.9482446312904358,0.0001241829595528543,0.0512169785797596,5.059908653493039e-05,Sensor
/home/lmy/iot-device-classification/dataset/sensor/round4_normal/sensor_r4.pcapng,R4,12,120.18392634391785,0.005773631390184164,0.2766920328140259,0.002441778313368559,0.7145742774009705,0.0005183338071219623,Sensor
/home/lmy/iot-device-classification/dataset/sensor/round4_normal/sensor_r4.pcapng,R4,13,131.0357129573822,1.3155172382539604e-05,0.9937279224395752,5.262535341898911e-05,0.006184798199683428,2.1524672774830833e-05,Sensor
/home/lmy/iot-device-classification/dataset/sensor/round4_normal/sensor_r4.pcapng,R4,14,142.2830946445465,4.327895658207126e-05,0.9909412264823914,0.00042413323535583913,0.008545959368348122,4.535241168923676e-05,Sensor
/home/lmy/iot-device-classification/dataset/sensor/round4_normal/sensor_r4.pcapng,R4,15,151.18040442466736,2.4394978026975878e-05,0.9975591897964478,0.00024478210252709687,0.0021333901677280664,3.817991091636941e-05,Sensor
/home/lmy/iot-device-classification/dataset/sensor/round4_normal/sensor_r4.pcapng,R4,16,162.3005449771881,1.7214219042216428e-05,0.9626792669296265,0.036967020481824875,0.0003146129020024091,2.189336737501435e-05,Sensor
/home/lmy/iot-device-classification/dataset/sensor/round4_normal/sensor_r4.pcapng,R4,17,172.3104166984558,2.9651182558154687e-05,0.9542500376701355,0.00015131241525523365,0.04552709683775902,4.18863128288649e-05,Sensor
/home/lmy/iot-device-classification/dataset/sensor/round4_normal/sensor_r4.pcapng,R4,18,180.95104002952576,0.0002669097448233515,0.949108362197876,0.003722552442923188,0.04680792614817619,9.425209282198921e-05,Sensor
/home/lmy/iot-device-classification/dataset/sensor/round4_normal/sensor_r4.pcapng,R4,19,191.35035395622253,0.00018813219503499568,0.5712124109268188,0.00014434476906899363,0.4283584654331207,9.667024278314784e-05,Sensor
/home/lmy/iot-device-classification/dataset/sensor/round4_normal/sensor_r4.pcapng,R4,20,201.50267601013184,2.543503069318831e-05,0.9972122311592102,3.317195296403952e-05,0.002707707928493619,2.147403392882552e-05,Sensor
/home/lmy/iot-device-classification/dataset/sensor/round4_normal/sensor_r4.pcapng,R4,21,211.2324924468994,0.00011624179751379415,0.985567569732666,0.0013824151828885078,0.012870372273027897,6.339466926874593e-05,Sensor
/home/lmy/iot-device-classification/dataset/sensor/round4_normal/sensor_r4.pcapng,R4,22,220.4703042507172,2.4569817469455302e-05,0.9815985560417175,9.622528159525245e-05,0.01824447698891163,3.609852501540445e-05,Sensor
/home/lmy/iot-device-classification/dataset/sensor/round4_normal/sensor_r4.pcapng,R4,23,232.36439967155457,0.0001281163131352514,0.5892218947410583,0.001619153656065464,0.40890899300575256,0.00012188449181849137,Sensor
/home/lmy/iot-device-classification/dataset/sensor/round4_normal/sensor_r4.pcapng,R4,24,241.25850319862369,0.0023826102260500193,0.6939325928688049,0.0031148353591561317,0.3002033829689026,0.00036655785515904427,Sensor
/home/lmy/iot-device-classification/dataset/sensor/round4_normal/sensor_r4.pcapng,R4,25,252.38402581214905,0.000106183928437531,0.8110793828964233,0.0006724940030835569,0.18808749318122864,5.44535942026414e-05,Sensor
/home/lmy/iot-device-classification/dataset/sensor/round4_normal/sensor_r4.pcapng,R4,26,262.39324045181274,0.0003789377224165946,0.9463245868682861,0.0002503941359464079,0.05287197232246399,0.00017417858180124313,Sensor
/home/lmy/iot-device-classification/dataset/sensor/round4_normal/sensor_r4.pcapng,R4,27,270.3873727321625,0.00011305591033305973,0.9593668580055237,0.0019104530801996589,0.03856828063726425,4.1294959373772144e-05,Sensor
/home/lmy/iot-device-classification/dataset/sensor/round4_normal/sensor_r4.pcapng,R4,28,280.78454542160034,2.7341715394868515e-05,0.9929205775260925,0.00020752084674313664,0.0068000913597643375,4.44679353677202e-05,Sensor
/home/lmy/iot-device-classification/dataset/sensor/round4_normal/sensor_r4.pcapng,R4,29,291.49396109580994,0.0001605027646292001,0.5701304078102112,0.0003304444835521281,0.42930373549461365,7.495808677049354e-05,Sensor
/home/lmy/iot-device-classification/dataset/sensor/round4_normal/sensor_r4.pcapng,R4,30,301.3270478248596,0.011956475675106049,0.16569627821445465,0.007082311436533928,0.8149895668029785,0.0002753137960098684,Sensor
/home/lmy/iot-device-classification/dataset/sensor/round4_normal/sensor_r4.pcapng,R4,31,311.98007106781006,0.0006345089059323072,0.13687506318092346,0.0015662696678191423,0.8607725501060486,0.0001516049960628152,Sensor
/home/lmy/iot-device-classification/dataset/sensor/round4_normal/sensor_r4.pcapng,R4,32,322.45064783096313,0.0002328608970856294,0.7398784160614014,0.0002795607433654368,0.25944289565086365,0.00016627096920274198,Sensor
/home/lmy/iot-device-classification/dataset/sensor/round4_normal/sensor_r4.pcapng,R4,33,330.70190954208374,4.0610641008242965e-05,0.9947535991668701,0.0005301841301843524,0.004645619075745344,2.998738818860147e-05,Sensor
/home/lmy/iot-device-classification/dataset/sensor/round4_normal/sensor_r4.pcapng,R4,34,342.4677219390869,0.00014638749416917562,0.19863559305667877,0.00042638019658625126,0.800618052482605,0.00017352755821775645,Sensor
/home/lmy/iot-device-classification/dataset/sensor/round4_normal/sensor_r4.pcapng,R4,35,351.49817752838135,1.8872995497076772e-05,0.46371951699256897,3.417327752686106e-05,0.5361967086791992,3.075543645536527e-05,Sensor
/home/lmy/iot-device-classification/dataset/sensor/round4_normal/sensor_r4.pcapng,R4,36,361.3711609840393,0.00019748626800719649,0.9966970682144165,0.002582190791144967,0.0004660615813918412,5.7270652177976444e-05,Sensor
/home/lmy/iot-device-classification/dataset/sensor/round4_normal/sensor_r4.pcapng,R4,37,372.4969434738159,3.925974669982679e-05,0.7782844305038452,0.00010360862506786361,0.22150881588459015,6.38649144093506e-05,Sensor
/home/lmy/iot-device-classification/dataset/sensor/round4_normal/sensor_r4.pcapng,R4,38,381.48851919174194,0.00012833574146497995,0.8741695284843445,0.00019503246585372835,0.12544569373130798,6.140879122540355e-05,Sensor
/home/lmy/iot-device-classification/dataset/sensor/round4_normal/sensor_r4.pcapng,R4,39,391.0158259868622,0.030098678544163704,0.9114046692848206,0.03307269886136055,0.02468966506421566,0.0007342650205828249,Sensor
/home/lmy/iot-device-classification/dataset/sensor/round4_normal/sensor_r4.pcapng,R4,40,402.5250625610352,2.5509130864520557e-05,0.931692898273468,5.668901212629862e-05,0.06819424778223038,3.06428519252222e-05,Sensor
/home/lmy/iot-device-classification/dataset/sensor/round4_normal/sensor_r4.pcapng,R4,41,412.488233089447,5.641534517053515e-05,0.45057743787765503,0.00011818586062872782,0.5491873025894165,6.0657213907688856e-05,Sensor
/home/lmy/iot-device-classification/dataset/sensor/round4_normal/sensor_r4.pcapng,R4,42,421.3986403942108,3.1630046578356996e-05,0.9825177788734436,2.0957106244168244e-05,0.01740887574851513,2.0791836504940875e-05,Sensor
/home/lmy/iot-device-classification/dataset/sensor/round4_normal/sensor_r4.pcapng,R4,43,432.55333971977234,0.0006353614735417068,0.005387644749134779,0.0010252869687974453,0.9924793243408203,0.00047236052341759205,Sensor
/home/lmy/iot-device-classification/dataset/sensor/round4_normal/sensor_r4.pcapng,R4,44,442.5624516010285,9.617008618079126e-05,0.9975894689559937,0.00033873587381094694,0.001914758700877428,6.091945033404045e-05,Sensor
/home/lmy/iot-device-classification/dataset/sensor/round4_normal/sensor_r4.pcapng,R4,45,451.4557259082794,5.374252941692248e-05,0.04518358036875725,0.00018868327606469393,0.9545494318008423,2.460371433699038e-05,Sensor
/home/lmy/iot-device-classification/dataset/sensor/round4_normal/sensor_r4.pcapng,R4,46,462.5831701755524,6.495018897112459e-05,0.9727907180786133,0.009331432171165943,0.01766395755112171,0.00014889125304762274,Sensor
/home/lmy/iot-device-classification/dataset/sensor/round4_normal/sensor_r4.pcapng,R4,47,471.4348711967468,0.0002462679403834045,0.49805936217308044,0.0007429452962242067,0.5008111596107483,0.0001403026544721797,Sensor
/home/lmy/iot-device-classification/dataset/sensor/round4_normal/sensor_r4.pcapng,R4,48,480.1990098953247,6.745931023033336e-05,0.9515412449836731,0.00887676514685154,0.039418213069438934,9.628622501622885e-05,Sensor
/home/lmy/iot-device-classification/dataset/sensor/round4_normal/sensor_r4.pcapng,R4,49,492.6103527545929,0.0001132868928834796,0.17263272404670715,0.00031690087052993476,0.8267863392829895,0.00015077265561558306,Sensor
/home/lmy/iot-device-classification/dataset/sensor/round4_normal/sensor_r4.pcapng,R4,50,502.62310886383057,4.501724833971821e-05,0.36601996421813965,0.001244844519533217,0.6326112747192383,7.88962934166193e-05,Sensor
/home/lmy/iot-device-classification/dataset/sensor/round4_normal/sensor_r4.pcapng,R4,51,511.407781124115,0.000237228799960576,0.5055283308029175,0.0006380281993187964,0.49351564049720764,8.07700926088728e-05,Sensor
/home/lmy/iot-device-classification/dataset/sensor/round4_normal/sensor_r4.pcapng,R4,52,520.3560290336609,2.945468258985784e-05,0.8939300179481506,0.00035578172537498176,0.10564779490232468,3.698071668623015e-05,Sensor
/home/lmy/iot-device-classification/dataset/sensor/round4_normal/sensor_r4.pcapng,R4,53,531.7142443656921,0.0001448374823667109,0.9817333221435547,0.0025227272417396307,0.015554919838905334,4.421537960297428e-05,Sensor
/home/lmy/iot-device-classification/dataset/sensor/round4_normal/sensor_r4.pcapng,R4,54,541.5481238365173,0.00032013081363402307,0.31533852219581604,0.001213109353557229,0.6830261945724487,0.00010202110570389777,Sensor
/home/lmy/iot-device-classification/dataset/sensor/round4_normal/sensor_r4.pcapng,R4,55,552.6687164306641,5.3333176765590906e-05,0.7337790727615356,7.912001456134021e-05,0.26601123809814453,7.718592678429559e-05,Sensor
/home/lmy/iot-device-classification/dataset/sensor/round4_normal/sensor_r4.pcapng,R4,56,560.5972275733948,2.8677741283900104e-05,0.9937477111816406,5.998699998599477e-05,0.006141479592770338,2.2188653019838966e-05,Sensor
/home/lmy/iot-device-classification/dataset/sensor/round4_normal/sensor_r4.pcapng,R4,57,571.5706102848053,0.004554352723062038,0.07630355656147003,0.0011204443871974945,0.9178609848022461,0.00016061159840319306,Sensor
/home/lmy/iot-device-classification/dataset/sensor/round4_normal/sensor_r4.pcapng,R4,58,582.3675398826599,0.00011998586705885828,0.3559097647666931,0.00013688422041013837,0.6436741948127747,0.00015917814744170755,Sensor
/home/lmy/iot-device-classification/dataset/sensor/round4_normal/sensor_r4.pcapng,R4,59,592.7072141170502,0.00030106943449936807,0.12238648533821106,0.0005003013648092747,0.8765691518783569,0.00024295697221532464,Sensor
/home/lmy/iot-device-classification/dataset/sensor/round4_normal/sensor_r4.pcapng,R4,60,600.832211971283,9.538315680401865e-06,0.9983443021774292,5.11990838276688e-05,0.0015854793600738049,9.460226465307642e-06,Sensor
/home/lmy/iot-device-classification/dataset/sensor/round4_normal/sensor_r4.pcapng,R4,61,612.729654788971,6.36003096587956e-05,0.7078995108604431,0.0002247763186460361,0.29172995686531067,8.212599641410634e-05,Sensor
/home/lmy/iot-device-classification/dataset/sensor/round4_normal/sensor_r4.pcapng,R4,62,622.7368123531342,0.0008465124410577118,0.7812913656234741,0.001252832473255694,0.21593649685382843,0.0006727926665917039,Sensor
/home/lmy/iot-device-classification/dataset/sensor/round4_normal/sensor_r4.pcapng,R4,63,631.6293709278107,0.00018523616017773747,0.6897764205932617,0.00032670021755620837,0.30959150195121765,0.00012014446110697463,Sensor
/home/lmy/iot-device-classification/dataset/sensor/round4_normal/sensor_r4.pcapng,R4,64,641.0709636211395,6.939983722986653e-05,0.9938945174217224,0.0002217687724623829,0.00571571895852685,9.854641393758357e-05,Sensor
/home/lmy/iot-device-classification/dataset/sensor/round4_normal/sensor_r4.pcapng,R4,65,651.4283444881439,0.00015710525622125715,0.6037634015083313,0.0006164025980979204,0.3954174220561981,4.5687807869398966e-05,Sensor
/home/lmy/iot-device-classification/dataset/sensor/round4_normal/sensor_r4.pcapng,R4,66,661.6630642414093,0.0006208124104887247,0.015990911051630974,0.000700760108884424,0.9826399683952332,4.7499688662355766e-05,Sensor
/home/lmy/iot-device-classification/dataset/sensor/round4_normal/sensor_r4.pcapng,R4,67,672.7851078510284,4.1984229028457776e-05,0.1051328182220459,0.0001097662971005775,0.8946656584739685,4.9768099415814504e-05,Sensor
/home/lmy/iot-device-classification/dataset/sensor/round4_normal/sensor_r4.pcapng,R4,68,681.4698626995087,2.7748694265028462e-05,0.5632683038711548,0.0007166125578805804,0.4359455704689026,4.1790815885178745e-05,Sensor
/home/lmy/iot-device-classification/dataset/sensor/round4_normal/sensor_r4.pcapng,R4,69,691.3900852203369,0.0016794517869129777,0.6906706094741821,0.0017495574429631233,0.30555638670921326,0.0003440069849602878,Sensor
/home/lmy/iot-device-classification/dataset/sensor/round4_normal/sensor_r4.pcapng,R4,70,702.814918756485,0.00047478711348958313,0.7595124244689941,0.0012492057867348194,0.2381427139043808,0.000620855251327157,Sensor
/home/lmy/iot-device-classification/dataset/sensor/round4_normal/sensor_r4.pcapng,R4,71,712.8247051239014,0.0002648898516781628,0.7223550081253052,0.0004283878661226481,0.27665606141090393,0.00029564835131168365,Sensor
/home/lmy/iot-device-classification/dataset/sensor/round4_normal/sensor_r4.pcapng,R4,72,721.7096562385559,0.0007746549090370536,0.6305742859840393,0.0013473466970026493,0.3671519458293915,0.00015173052088357508,Sensor
/home/lmy/iot-device-classification/dataset/sensor/round4_normal/sensor_r4.pcapng,R4,73,732.8442375659943,3.60857775376644e-05,0.6753964424133301,0.0003652213199529797,0.32414528727531433,5.701233385480009e-05,Sensor
/home/lmy/iot-device-classification/dataset/sensor/round4_normal/sensor_r4.pcapng,R4,74,741.4263756275177,6.957699952181429e-05,0.9474419355392456,0.00011994801025139168,0.05232638865709305,4.2145322368014604e-05,Sensor
/home/lmy/iot-device-classification/dataset/sensor/round4_normal/sensor_r4.pcapng,R4,75,751.7486300468445,0.0005119801498949528,0.31872037053108215,0.00046769907930865884,0.6802091598510742,9.078076982405037e-05,Sensor
/home/lmy/iot-device-classification/dataset/sensor/round4_normal/sensor_r4.pcapng,R4,76,761.8687880039215,9.073573892237619e-05,0.9884210824966431,0.0002278993633808568,0.011172832921147346,8.748150867177173e-05,Sensor
/home/lmy/iot-device-classification/dataset/sensor/round4_normal/sensor_r4.pcapng,R4,77,772.8839619159698,1.9264260117779486e-05,0.2716020941734314,0.00011497508239699528,0.728226900100708,3.674557956401259e-05,Sensor
/home/lmy/iot-device-classification/dataset/sensor/round4_normal/sensor_r4.pcapng,R4,78,781.3863742351532,1.5089192856976297e-05,0.9608126282691956,1.265333776245825e-05,0.03914875164628029,1.0891154488490429e-05,Sensor
/home/lmy/iot-device-classification/dataset/sensor/round4_normal/sensor_r4.pcapng,R4,79,792.9033315181732,0.0003793493378907442,0.21643184125423431,0.000394115864764899,0.7824767827987671,0.0003178743936587125,Sensor
/home/lmy/iot-device-classification/dataset/sensor/round4_normal/sensor_r4.pcapng,R4,80,802.9135146141052,2.9437973353196867e-05,0.003304888028651476,9.858648263616487e-05,0.9965484738349915,1.8615548469824716e-05,Sensor
/home/lmy/iot-device-classification/dataset/sensor/round4_normal/sensor_r4.pcapng,R4,81,811.8011412620544,0.0006019185530021787,0.7886867523193359,0.0020226389169692993,0.20835348963737488,0.0003351609921082854,Sensor
/home/lmy/iot-device-classification/dataset/sensor/round4_normal/sensor_r4.pcapng,R4,82,822.933358669281,3.2002390071284026e-05,0.119370236992836,0.00034394802059978247,0.8801829218864441,7.09285304765217e-05,Sensor
/home/lmy/iot-device-classification/dataset/sensor/round4_normal/sensor_r4.pcapng,R4,83,831.4745490550995,0.00019618947408162057,0.5922638773918152,0.00015443284064531326,0.4072791039943695,0.00010637705418048427,Sensor
/home/lmy/iot-device-classification/dataset/sensor/round4_normal/sensor_r4.pcapng,R4,84,841.8311743736267,0.007176164537668228,0.9329362511634827,0.00728158513084054,0.0516718327999115,0.000934206647798419,Sensor
/home/lmy/iot-device-classification/dataset/sensor/round4_normal/sensor_r4.pcapng,R4,85,852.9629182815552,0.00014728958194609731,0.20335038006305695,0.0006839188281446695,0.7957220077514648,9.644345846027136e-05,Sensor
/home/lmy/iot-device-classification/dataset/sensor/round4_normal/sensor_r4.pcapng,R4,86,862.5886316299438,0.00020504269923549145,0.9729766845703125,0.00012157823948655277,0.0266282856464386,6.838652188889682e-05,Sensor
/home/lmy/iot-device-classification/dataset/sensor/round4_normal/sensor_r4.pcapng,R4,87,871.3865566253662,0.0015100801829248667,0.39888760447502136,0.0012834647204726934,0.5982236862182617,9.513529948890209e-05,Sensor
/home/lmy/iot-device-classification/dataset/sensor/round4_normal/sensor_r4.pcapng,R4,88,882.9926798343658,3.711332465172745e-05,0.6975220441818237,0.00013567115820478648,0.30221498012542725,9.019368008011952e-05,Sensor
/home/lmy/iot-device-classification/dataset/sensor/round4_normal/sensor_r4.pcapng,R4,89,893.0033302307129,0.00284972065128386,0.6383324861526489,0.005407268181443214,0.35302767157554626,0.0003828592016361654,Sensor
/home/lmy/iot-device-classification/dataset/sensor/round4_normal/sensor_r4.pcapng,R4,90,901.8432850837708,0.07768286764621735,0.7446572184562683,0.013897311873733997,0.16296733915805817,0.000795275263953954,Sensor
/home/lmy/iot-device-classification/dataset/sensor/round4_normal/sensor_r4.pcapng,R4,91,912.3751587867736,2.219998168584425e-05,0.968940019607544,0.00046757853124290705,0.03054642677307129,2.3710181267233565e-05,Sensor
/home/lmy/iot-device-classification/dataset/sensor/round4_normal/sensor_r4.pcapng,R4,92,921.424131155014,9.582028724253178e-05,0.9931725859642029,8.452514884993434e-05,0.006594343110918999,5.268224413157441e-05,Sensor
/home/lmy/iot-device-classification/dataset/sensor/round4_normal/sensor_r4.pcapng,R4,93,931.853164434433,0.00354872178286314,0.850094735622406,0.0022373441606760025,0.14400140941143036,0.0001178421953227371,Sensor
/home/lmy/iot-device-classification/dataset/sensor/round4_normal/sensor_r4.pcapng,R4,94,943.0524570941924,0.00016482941282447428,0.6443520784378052,0.000999918789602816,0.3543298840522766,0.00015327672008424997,Sensor
/home/lmy/iot-device-classification/dataset/sensor/round4_normal/sensor_r4.pcapng,R4,95,953.062940120697,0.00023066542053129524,0.00851728580892086,0.0009116845321841538,0.9900524020195007,0.000287993490928784,Sensor
/home/lmy/iot-device-classification/dataset/sensor/round4_normal/sensor_r4.pcapng,R4,96,961.398432970047,0.0038723067846149206,0.9518504738807678,0.013768837787210941,0.02977495826780796,0.0007334400434046984,Sensor
/home/lmy/iot-device-classification/dataset/sensor/round4_normal/sensor_r4.pcapng,R4,97,971.253724336624,2.8336073228274472e-05,0.8565106391906738,0.1373029351234436,0.006119894795119762,3.814559386228211e-05,Sensor
/home/lmy/iot-device-classification/dataset/sensor/round4_normal/sensor_r4.pcapng,R4,98,983.0931022167206,0.00019746608450077474,0.3233550190925598,0.0013093807501718402,0.6750102043151855,0.000127911422168836,Sensor
/home/lmy/iot-device-classification/dataset/sensor/round4_normal/sensor_r4.pcapng,R4,99,991.8926830291748,0.08962341398000717,0.4263911545276642,0.03083697520196438,0.4510441720485687,0.0021042730659246445,Sensor
/home/lmy/iot-device-classification/dataset/sensor/round4_normal/sensor_r4.pcapng,R4,100,1003.1118235588074,4.2238261812599376e-05,0.6973256468772888,0.00039434776408597827,0.30217045545578003,6.728921289322898e-05,Sensor
/home/lmy/iot-device-classification/dataset/sensor/round4_normal/sensor_r4.pcapng,R4,101,1011.4233121871948,0.0008363953675143421,0.2625141739845276,0.0024661843199282885,0.7338587045669556,0.000324567430652678,Sensor
/home/lmy/iot-device-classification/dataset/sensor/round4_normal/sensor_r4.pcapng,R4,102,1021.9188702106476,0.016817733645439148,0.9289684891700745,0.004566761665046215,0.04927128925919533,0.00037566249375231564,Sensor
/home/lmy/iot-device-classification/dataset/sensor/round4_normal/sensor_r4.pcapng,R4,103,1033.143964767456,8.709894609637558e-05,0.04944438487291336,0.000321790314046666,0.9500635266304016,8.321795030497015e-05,Sensor
/home/lmy/iot-device-classification/dataset/sensor/round4_normal/sensor_r4.pcapng,R4,104,1043.1520040035248,1.8409931726637296e-05,0.9974959492683411,0.0001182067280751653,0.0023453757166862488,2.1998383090249263e-05,Sensor
/home/lmy/iot-device-classification/dataset/sensor/round4_normal/sensor_r4.pcapng,R4,105,1051.3858494758606,6.70136942062527e-05,0.9072852730751038,0.0003126251103822142,0.0922800675034523,5.501677151187323e-05,Sensor
/home/lmy/iot-device-classification/dataset/sensor/round4_normal/sensor_r4.pcapng,R4,106,1063.171691417694,1.7753745851223357e-05,0.9595919847488403,0.015475939959287643,0.024891961365938187,2.2350095605361275e-05,Sensor
/home/lmy/iot-device-classification/dataset/sensor/round4_normal/sensor_r4.pcapng,R4,107,1073.1842534542084,0.00018448990886099637,0.24449926614761353,0.0001315148256253451,0.7551332712173462,5.1447746955091134e-05,Sensor
/home/lmy/iot-device-classification/dataset/sensor/round4_normal/sensor_r4.pcapng,R4,108,1080.4627048969269,0.0018323742551729083,0.9643083214759827,0.007206222042441368,0.02644207328557968,0.0002110030472977087,Sensor
/home/lmy/iot-device-classification/dataset/sensor/round4_normal/sensor_r4.pcapng,R4,109,1093.2017879486084,0.00010329482756787911,0.48377975821495056,0.0004167993611190468,0.5155743956565857,0.00012574726133607328,Sensor
/home/lmy/iot-device-classification/dataset/sensor/round4_normal/sensor_r4.pcapng,R4,110,1101.4750378131866,0.012554457411170006,0.3996669054031372,0.0050316075794398785,0.582137405872345,0.0006095650023780763,Sensor
/home/lmy/iot-device-classification/dataset/sensor/round4_normal/sensor_r4.pcapng,R4,111,1112.1294758319857,4.961741069564596e-05,0.8545815944671631,0.00034270592732355,0.14498549699783325,4.0625865949550644e-05,Sensor
/home/lmy/iot-device-classification/dataset/sensor/round4_normal/sensor_r4.pcapng,R4,112,1123.231997013092,3.333094355184585e-05,0.7381998896598816,0.00015206942043732852,0.26156529784202576,4.947151319356635e-05,Sensor
/home/lmy/iot-device-classification/dataset/sensor/round4_normal/sensor_r4.pcapng,R4,113,1133.24245595932,0.0005257736775092781,0.7296558618545532,0.00031250561005435884,0.2694312334060669,7.464925874955952e-05,Sensor
/home/lmy/iot-device-classification/dataset/sensor/round4_normal/sensor_r4.pcapng,R4,114,1141.3970279693604,0.001358598587103188,0.9884868860244751,0.003736671758815646,0.006278520449995995,0.00013927911641076207,Sensor
/home/lmy/iot-device-classification/dataset/sensor/round4_normal/sensor_r4.pcapng,R4,115,1153.264121055603,0.0001423742505721748,0.9235808849334717,0.0003748161543626338,0.07579348981380463,0.00010844594362424687,Sensor
/home/lmy/iot-device-classification/dataset/sensor/round4_normal/sensor_r4.pcapng,R4,116,1163.2727284431458,6.520275201182812e-05,0.9113002419471741,0.00025088025722652674,0.08829563111066818,8.80512161529623e-05,Sensor
/home/lmy/iot-device-classification/dataset/sensor/round4_normal/sensor_r4.pcapng,R4,117,1172.0634496212006,4.862731657340191e-05,0.9936675429344177,0.0012859656708315015,0.00494774803519249,5.0132461183238775e-05,Sensor
/home/lmy/iot-device-classification/dataset/sensor/round4_normal/sensor_r4.pcapng,R4,118,1180.0730991363523,6.168760592117906e-05,0.08926998823881149,0.0003584575024433434,0.9101948738098145,0.00011501332483021542,Sensor
/home/lmy/iot-device-classification/dataset/sensor/round4_normal/sensor_r4.pcapng,R4,119,1191.4226956367493,0.0002766620018519461,0.9841742515563965,0.0008249942911788821,0.014567925594747066,0.00015617859025951475,Sensor
/home/lmy/iot-device-classification/dataset/sensor/round4_normal/sensor_r4.pcapng,R4,120,1202.0937526226044,0.00036208529490977526,0.2735283374786377,0.001036112429574132,0.7249929904937744,8.045445429161191e-05,Sensor
/home/lmy/iot-device-classification/dataset/sensor/round4_normal/sensor_r4.pcapng,R4,121,1210.36700963974,3.360853952472098e-05,0.9983585476875305,0.0014404866378754377,0.00013063424557913095,3.6730285501107574e-05,Sensor
/home/lmy/iot-device-classification/dataset/sensor/round4_normal/sensor_r4.pcapng,R4,122,1223.3331763744354,0.0013204161077737808,0.8347137570381165,0.0025235889479517937,0.160602405667305,0.0008398511563427746,Sensor
/home/lmy/iot-device-classification/dataset/sensor/round4_normal/sensor_r4.pcapng,R4,123,1230.023221492767,0.0001462156797060743,0.9032381176948547,0.0012206779792904854,0.09518422931432724,0.00021073238167446107,Sensor
/home/lmy/iot-device-classification/dataset/sensor/round4_normal/sensor_r4.pcapng,R4,124,1243.3532388210297,1.1296239790681284e-05,0.05596259608864784,9.029750799527392e-05,0.943915069103241,2.0740399122587405e-05,Sensor
/home/lmy/iot-device-classification/dataset/sensor/round4_normal/sensor_r4.pcapng,R4,126,1260.0294756889343,0.0006094494019635022,0.9137963056564331,0.004924669396132231,0.08024666458368301,0.0004229055775795132,Sensor
/home/lmy/iot-device-classification/dataset/sensor/round4_normal/sensor_r4.pcapng,R4,127,1273.383076429367,3.691880920086987e-05,0.7117889523506165,0.0003824343148153275,0.28773263096809387,5.9064768720418215e-05,Sensor
/home/lmy/iot-device-classification/dataset/sensor/round4_normal/sensor_r4.pcapng,R4,128,1280.166558265686,0.7419267296791077,0.017820419743657112,0.017561383545398712,0.2204158455133438,0.002275656210258603,Sensor
/home/lmy/iot-device-classification/dataset/sensor/round4_normal/sensor_r4.pcapng,R4,129,1290.9332554340365,0.006517317146062851,0.7847883105278015,0.11477118730545044,0.09159768372774124,0.0023254426196217537,Sensor
/home/lmy/iot-device-classification/dataset/sensor/round4_normal/sensor_r4.pcapng,R4,130,1303.413688659668,0.005405831150710583,0.015283668413758278,0.4430500566959381,0.5306673049926758,0.005593154579401016,Sensor
/home/lmy/iot-device-classification/dataset/sensor/round4_normal/sensor_r4.pcapng,R4,131,1310.2450516223907,0.00014374390593729913,0.34879910945892334,0.0013053223956376314,0.6495782136917114,0.00017362752987537533,Sensor
/home/lmy/iot-device-classification/dataset/sensor/round4_normal/sensor_r4.pcapng,R4,132,1320.472429037094,0.00011466395517345518,0.507201075553894,0.0007223934517242014,0.49182698130607605,0.00013484584633260965,Sensor
/home/lmy/iot-device-classification/dataset/sensor/round4_normal/sensor_r4.pcapng,R4,133,1333.4442811012268,0.039940107613801956,0.6434916853904724,0.15095192193984985,0.16202077269554138,0.0035954683553427458,Sensor
/home/lmy/iot-device-classification/dataset/sensor/round4_normal/sensor_r4.pcapng,R4,134,1340.640555858612,0.0009785396978259087,0.9711650609970093,0.0009786414448171854,0.026647156104445457,0.00023064824927132577,Sensor
/home/lmy/iot-device-classification/dataset/sensor/round4_normal/sensor_r4.pcapng,R4,135,1350.5435018539429,7.34529530745931e-05,0.054731182754039764,0.0018183848587796092,0.9433490633964539,2.78862462437246e-05,Sensor
/home/lmy/iot-device-classification/dataset/sensor/round4_normal/sensor_r4.pcapng,R4,136,1360.2810130119324,0.0009633032605051994,0.8935183882713318,0.10084586590528488,0.004401195794343948,0.0002712373388931155,Sensor
/home/lmy/iot-device-classification/dataset/sensor/round4_normal/sensor_r4.pcapng,R4,137,1370.6361570358276,0.12511931359767914,0.06287337094545364,0.0013814608100801706,0.8104478120803833,0.00017801127978600562,Sensor
/home/lmy/iot-device-classification/dataset/sensor/round4_normal/sensor_r4.pcapng,R4,138,1380.4936747550964,2.684777064132504e-05,0.9901628494262695,0.009656021371483803,0.00011918018572032452,3.515877324389294e-05,Sensor
/home/lmy/iot-device-classification/dataset/sensor/round4_normal/sensor_r4.pcapng,R4,139,1390.6732358932495,0.00022155370970722288,0.9444083571434021,0.0012372308410704136,0.053844694048166275,0.0002882278640754521,Sensor
/home/lmy/iot-device-classification/dataset/sensor/round4_normal/sensor_r4.pcapng,R4,140,1400.974897623062,0.00011026469292119145,0.20706430077552795,0.00020840103388763964,0.7925204038619995,9.661998046794906e-05,Sensor
/home/lmy/iot-device-classification/dataset/sensor/round4_normal/sensor_r4.pcapng,R4,141,1410.201663017273,1.3433752428682055e-05,0.9967635869979858,0.0006826007156632841,0.002511901082471013,2.8427213692339137e-05,Sensor
/home/lmy/iot-device-classification/dataset/sensor/round4_normal/sensor_r4.pcapng,R4,142,1421.125263929367,0.0001345155033050105,0.18182814121246338,0.0010116646299138665,0.8169242739677429,0.00010142815881408751,Sensor
/home/lmy/iot-device-classification/dataset/sensor/round4_normal/sensor_r4.pcapng,R4,143,1430.973334789276,0.00013306844630278647,0.07081594318151474,0.00020753909484483302,0.9287319779396057,0.00011149768397444859,Sensor
/home/lmy/iot-device-classification/dataset/sensor/round4_normal/sensor_r4.pcapng,R4,144,1441.1736526489258,6.628937262576073e-05,0.010432866401970387,0.00032243254827335477,0.989147424697876,3.102381378994323e-05,Sensor
/home/lmy/iot-device-classification/dataset/sensor/round4_normal/sensor_r4.pcapng,R4,145,1451.2187230587006,8.079189865384251e-05,0.9478386640548706,0.0003519059100653976,0.05165542662143707,7.327605271711946e-05,Sensor
/home/lmy/iot-device-classification/dataset/sensor/round4_normal/sensor_r4.pcapng,R4,146,1461.1842758655548,0.0005719191394746304,0.27788618206977844,0.0009992775740101933,0.7199184894561768,0.0006241417722776532,Sensor
/home/lmy/iot-device-classification/dataset/sensor/round4_normal/sensor_r4.pcapng,R4,147,1470.5252995491028,0.0004911274299956858,0.07050789147615433,0.0031610624864697456,0.9255872368812561,0.0002526885364204645,Sensor
/home/lmy/iot-device-classification/dataset/sensor/round4_normal/sensor_r4.pcapng,R4,148,1480.9882643222809,2.686007064767182e-05,0.09321917593479156,0.00024053012020885944,0.9064592719078064,5.4124724556459114e-05,Sensor
/home/lmy/iot-device-classification/dataset/sensor/round4_normal/sensor_r4.pcapng,R4,149,1491.363843202591,0.00042574212420731783,0.8453343510627747,0.0005822064122185111,0.15342096984386444,0.00023673080431763083,Sensor
/home/lmy/iot-device-classification/dataset/sensor/round4_normal/sensor_r4.pcapng,R4,150,1501.384375333786,7.252347131725401e-05,0.8282409906387329,0.00044658585102297366,0.17116868495941162,7.123057002900168e-05,Sensor
/home/lmy/iot-device-classification/dataset/sensor/round4_normal/sensor_r4.pcapng,R4,151,1511.720239162445,0.00013204100832808763,0.6777891516685486,0.006566595286130905,0.31539323925971985,0.00011897894000867382,Sensor
/home/lmy/iot-device-classification/dataset/sensor/round4_normal/sensor_r4.pcapng,R4,152,1520.4444797039032,0.0001818107266444713,0.38716742396354675,0.0002107118343701586,0.6124032139778137,3.686178388306871e-05,Sensor
/home/lmy/iot-device-classification/dataset/sensor/round4_normal/sensor_r4.pcapng,R4,153,1530.8431315422058,0.015004735440015793,0.8974728584289551,0.028699608519673347,0.058306291699409485,0.0005164670874364674,Sensor
/home/lmy/iot-device-classification/dataset/sensor/round4_normal/sensor_r4.pcapng,R4,154,1541.930727481842,1.5092215107870288e-05,0.8113872408866882,0.0001754470868036151,0.18839392066001892,2.8301226848270744e-05,Sensor
/home/lmy/iot-device-classification/dataset/sensor/round4_normal/sensor_r4.pcapng,R4,155,1551.3946533203125,0.00012559565948322415,0.9434189796447754,0.0009132490959018469,0.05545153468847275,9.063248580787331e-05,Sensor
/home/lmy/iot-device-classification/dataset/sensor/round4_normal/sensor_r4.pcapng,R4,156,1561.9648735523224,0.00027337836218066514,0.9904858469963074,0.0003673708706628531,0.008757728151977062,0.00011565217573661357,Sensor
/home/lmy/iot-device-classification/dataset/sensor/round4_normal/sensor_r4.pcapng,R4,157,1570.1460690498352,6.430681969504803e-05,0.9612881541252136,7.83061477704905e-05,0.03848534822463989,8.391383016714826e-05,Sensor
/home/lmy/iot-device-classification/dataset/sensor/round4_normal/sensor_r4.pcapng,R4,158,1582.1313953399658,8.963683649199083e-05,0.40194588899612427,0.0007037075120024383,0.5971887111663818,7.203751738416031e-05,Sensor
/home/lmy/iot-device-classification/dataset/sensor/round4_normal/sensor_r4.pcapng,R4,159,1591.1662304401398,1.445961697754683e-05,0.9840804934501648,3.0537823477061465e-05,0.015855202451348305,1.93792802747339e-05,Sensor
/home/lmy/iot-device-classification/dataset/sensor/round4_normal/sensor_r4.pcapng,R4,160,1602.3270061016085,4.589636591845192e-05,0.9609907269477844,0.0009433533414267004,0.037941861897706985,7.817791629349813e-05,Sensor
/home/lmy/iot-device-classification/dataset/sensor/round4_normal/sensor_r4.pcapng,R4,161,1612.2277615070343,0.0005317493341863155,0.6462625861167908,0.0006643888773396611,0.3524358570575714,0.00010539784125285223,Sensor
/home/lmy/iot-device-classification/dataset/sensor/round4_normal/sensor_r4.pcapng,R4,162,1620.2830293178558,0.002583523513749242,0.8595302700996399,0.0008833981119096279,0.13687703013420105,0.00012580961629282683,Sensor
/home/lmy/iot-device-classification/dataset/sensor/round4_normal/sensor_r4.pcapng,R4,163,1630.6864228248596,1.877679278550204e-05,0.9350083470344543,0.00011023143451893702,0.06482420861721039,3.838862176053226e-05,Sensor
/home/lmy/iot-device-classification/dataset/sensor/round4_normal/sensor_r4.pcapng,R4,164,1641.476965427399,6.779555405955762e-05,0.9978749752044678,0.00023815427266526967,0.0017866886919364333,3.239847865188494e-05,Sensor
/home/lmy/iot-device-classification/dataset/sensor/round4_normal/sensor_r4.pcapng,R4,165,1652.5313999652865,0.003663526149466634,0.9554579257965088,0.007865365594625473,0.032481320202350616,0.0005318773328326643,Sensor
/home/lmy/iot-device-classification/dataset/sensor/round4_normal/sensor_r4.pcapng,R4,166,1662.6646625995636,0.00011345960956532508,0.45008793473243713,0.4567900598049164,0.09287997335195541,0.00012852513464167714,Sensor
/home/lmy/iot-device-classification/dataset/sensor/round4_normal/sensor_r4.pcapng,R4,167,1672.2859539985657,0.0001692951045697555,0.43782171607017517,0.00038111963658593595,0.5614416599273682,0.00018618447938933969,Sensor
/home/lmy/iot-device-classification/dataset/sensor/round4_normal/sensor_r4.pcapng,R4,168,1680.6075365543363,0.00022114740568213165,0.9941351413726807,0.0024780412204563618,0.0030894267838448286,7.61933988542296e-05,Sensor
/home/lmy/iot-device-classification/dataset/sensor/round4_normal/sensor_r4.pcapng,R4,169,1692.675819158554,4.480971256271005e-05,0.9938967823982239,7.753234240226448e-05,0.005954409949481487,2.6506171707296744e-05,Sensor
/home/lmy/iot-device-classification/dataset/sensor/round4_normal/sensor_r4.pcapng,R4,170,1701.4039368629456,0.00020294843125157058,0.33357396721839905,0.0001029340346576646,0.6660184860229492,0.00010165324783883989,Sensor
/home/lmy/iot-device-classification/dataset/sensor/round4_normal/sensor_r4.pcapng,R4,171,1711.8084111213684,0.0006985449581407011,0.8040031790733337,0.0009166140807792544,0.19421084225177765,0.0001708478812361136,Sensor
/home/lmy/iot-device-classification/dataset/sensor/round4_normal/sensor_r4.pcapng,R4,172,1723.0766203403473,3.35743825417012e-05,0.9543632864952087,0.00016613099433016032,0.04539673402905464,4.023369911010377e-05,Sensor
/home/lmy/iot-device-classification/dataset/sensor/round4_normal/sensor_r4.pcapng,R4,173,1731.4255905151367,2.4443299480481073e-05,0.9972244501113892,1.6738989870646037e-05,0.0027211399283260107,1.3202655281929765e-05,Sensor
/home/lmy/iot-device-classification/dataset/sensor/round4_normal/sensor_r4.pcapng,R4,174,1742.5607583522797,0.015216170810163021,0.05123232305049896,0.001463530701585114,0.9318355321884155,0.0002524355659261346,Sensor
/home/lmy/iot-device-classification/dataset/sensor/round4_normal/sensor_r4.pcapng,R4,175,1751.3288114070892,0.010870244354009628,0.9133560657501221,0.011756429448723793,0.062482986599206924,0.0015342877013608813,Sensor
/home/lmy/iot-device-classification/dataset/sensor/round4_normal/sensor_r4.pcapng,R4,176,1763.2659692764282,0.0003253730246797204,0.26696348190307617,0.0005951498169451952,0.7319927215576172,0.0001232905633514747,Sensor
/home/lmy/iot-device-classification/dataset/sensor/round4_normal/sensor_r4.pcapng,R4,177,1771.400220632553,0.0017311546253040433,0.02001454122364521,0.0015607093228027225,0.9765855073928833,0.00010803126497194171,Sensor
/home/lmy/iot-device-classification/dataset/sensor/round4_normal/sensor_r4.pcapng,R4,178,1780.445261478424,2.515305095585063e-05,0.992032527923584,9.717580542201176e-05,0.007795028854161501,5.0119990191888064e-05,Sensor
/home/lmy/iot-device-classification/dataset/sensor/round4_normal/sensor_r4.pcapng,R4,179,1793.4583032131195,5.556999894906767e-05,0.7133180499076843,0.0008424693369306624,0.2857383191585541,4.5568136556539685e-05,Sensor
/home/lmy/iot-device-classification/dataset/sensor/round4_normal/sensor_r4.pcapng,R4,180,1801.2480511665344,0.00013057421892881393,0.9633763432502747,0.00014401102089323103,0.03630779683589935,4.1274568502558395e-05,Sensor
/home/lmy/iot-device-classification/dataset/sensor/round4_normal/sensor_r4.pcapng,R4,181,1811.6495535373688,2.815830521285534e-05,0.9911762475967407,8.21040230221115e-05,0.008653589524328709,5.988035263726488e-05,Sensor
/home/lmy/iot-device-classification/dataset/sensor/round4_normal/sensor_r4.pcapng,R4,182,1821.479611158371,4.536448250291869e-05,0.9285544157028198,0.00022347585763782263,0.07114174216985703,3.4956105082528666e-05,Sensor
/home/lmy/iot-device-classification/dataset/sensor/round4_normal/sensor_r4.pcapng,R4,183,1830.368741989136,0.00017154598026536405,0.9976298809051514,0.001521592610515654,0.0006432971567846835,3.3703014196362346e-05,Sensor
/home/lmy/iot-device-classification/dataset/sensor/round4_normal/sensor_r4.pcapng,R4,184,1843.9602575302124,6.031645170878619e-05,0.06319401413202286,0.0003121773770544678,0.9363295435905457,0.00010401909094071016,Sensor
/home/lmy/iot-device-classification/dataset/sensor/round4_normal/sensor_r4.pcapng,R4,185,1853.2462799549105,8.303813228849322e-05,0.8937318921089172,0.0001768521178746596,0.10586747527122498,0.0001406808733008802,Sensor
/home/lmy/iot-device-classification/dataset/sensor/round4_normal/sensor_r4.pcapng,R4,186,1861.389165878296,0.0014942303532734513,0.5915079116821289,0.0015202295035123825,0.4053306579589844,0.000147000202559866,Sensor
/home/lmy/iot-device-classification/dataset/sensor/round4_normal/sensor_r4.pcapng,R4,187,1873.8574335575104,0.00016340876754838973,0.5684247016906738,0.0005047736922279,0.4307518005371094,0.00015530094970017672,Sensor
/home/lmy/iot-device-classification/dataset/sensor/round4_normal/sensor_r4.pcapng,R4,188,1882.366842508316,0.0004788895312231034,0.9778748154640198,0.000533256505150348,0.02096940204501152,0.0001437092141713947,Sensor
/home/lmy/iot-device-classification/dataset/sensor/round4_normal/sensor_r4.pcapng,R4,189,1892.6834762096405,8.063185669016093e-05,0.3129827380180359,0.0012589481193572283,0.6855679154396057,0.00010975693294312805,Sensor
/home/lmy/iot-device-classification/dataset/sensor/round4_normal/sensor_r4.pcapng,R4,190,1901.0901656150816,1.8227223335998133e-05,0.6436716318130493,0.00035280638257972896,0.35591569542884827,4.16127331845928e-05,Sensor
/home/lmy/iot-device-classification/dataset/sensor/round4_normal/sensor_r4.pcapng,R4,191,1913.5690791606903,2.9733340852544643e-05,0.9563649892807007,0.00016913724539335817,0.04340275004506111,3.3423526474507526e-05,Sensor
/home/lmy/iot-device-classification/dataset/sensor/round4_normal/sensor_r4.pcapng,R4,192,1921.8946106433868,0.003489718772470951,0.1728864312171936,0.012875078245997429,0.8103253841400146,0.000423448218498379,Sensor
/home/lmy/iot-device-classification/dataset/sensor/round4_normal/sensor_r4.pcapng,R4,193,1932.290548324585,4.5301469072001055e-05,0.7501230239868164,3.87520958611276e-05,0.24975860118865967,3.4295280784135684e-05,Sensor
/home/lmy/iot-device-classification/dataset/sensor/round4_normal/sensor_r4.pcapng,R4,194,1940.61127781868,1.857952338468749e-05,0.9642117023468018,4.4769498344976455e-05,0.03569968417286873,2.5312070647487417e-05,Sensor
/home/lmy/iot-device-classification/dataset/sensor/round4_normal/sensor_r4.pcapng,R4,195,1951.40225148201,0.0002127758925780654,0.9622388482093811,0.01049512904137373,0.02660522051155567,0.0004480460484046489,Sensor
/home/lmy/iot-device-classification/dataset/sensor/round4_normal/sensor_r4.pcapng,R4,196,1964.0835621356964,0.00040400531725026667,0.641400158405304,0.32895946502685547,0.02885078266263008,0.00038559315726161003,Sensor
/home/lmy/iot-device-classification/dataset/sensor/round4_normal/sensor_r4.pcapng,R4,197,1973.895123243332,9.305396815761924e-05,0.8605561256408691,0.00024156166182365268,0.13896816968917847,0.0001411109114997089,Sensor
/home/lmy/iot-device-classification/dataset/sensor/round4_normal/sensor_r4.pcapng,R4,198,1982.2115199565887,0.00031554268207401037,0.7992867827415466,0.0017089176690205932,0.19856856763362885,0.00012022699229419231,Sensor
/home/lmy/iot-device-classification/dataset/sensor/round4_normal/sensor_r4.pcapng,R4,199,1992.6079714298248,2.543658047216013e-05,0.9865647554397583,9.549918468110263e-05,0.013267287984490395,4.700551653513685e-05,Sensor
/home/lmy/iot-device-classification/dataset/sensor/round4_normal/sensor_r4.pcapng,R4,200,2001.481395959854,0.00019572916789911687,0.5082212686538696,0.00042438352829776704,0.49107709527015686,8.150596113409847e-05,Sensor
/home/lmy/iot-device-classification/dataset/sensor/round4_normal/sensor_r4.pcapng,R4,201,2010.170432806015,9.076030255528167e-05,0.9754679799079895,0.001682763104327023,0.02271929755806923,3.920665039913729e-05,Sensor
/home/lmy/iot-device-classification/dataset/sensor/round4_normal/sensor_r4.pcapng,R4,202,2021.73233795166,4.328533395892009e-05,0.5212327837944031,9.895618859445676e-05,0.47857987880706787,4.5085063902661204e-05,Sensor
/home/lmy/iot-device-classification/dataset/sensor/round4_normal/sensor_r4.pcapng,R4,203,2032.1325478553767,4.396671283757314e-05,0.6448885798454285,0.0002187968057114631,0.3547903895378113,5.825981861562468e-05,Sensor
/home/lmy/iot-device-classification/dataset/sensor/round4_normal/sensor_r4.pcapng,R4,204,2041.3907327651975,0.00036213878775015473,0.7082372903823853,0.011641383171081543,0.2795185446739197,0.00024061537988018245,Sensor
/home/lmy/iot-device-classification/dataset/sensor/round4_normal/sensor_r4.pcapng,R4,205,2054.1747958660126,8.927125600166619e-05,0.17122066020965576,0.00030542153399437666,0.8282819986343384,0.0001026822064886801,Sensor
/home/lmy/iot-device-classification/dataset/sensor/round4_normal/sensor_r4.pcapng,R4,206,2063.3300902843475,0.00018642720533534884,0.7864940762519836,0.00020450277952477336,0.21306058764457703,5.44139911653474e-05,Sensor
/home/lmy/iot-device-classification/dataset/sensor/round4_normal/sensor_r4.pcapng,R4,207,2070.436487674713,0.00020452069293241948,0.9404180645942688,0.002775532426312566,0.05653934180736542,6.257172208279371e-05,Sensor
/home/lmy/iot-device-classification/dataset/sensor/round4_normal/sensor_r4.pcapng,R4,208,2082.050444364548,7.4950221460312605e-06,0.9088585376739502,3.7349378544604406e-05,0.09108097106218338,1.5666799299651757e-05,Sensor
/home/lmy/iot-device-classification/dataset/sensor/round4_normal/sensor_r4.pcapng,R4,209,2091.4827716350555,0.0001098424254450947,0.7740137577056885,0.00022803722822573036,0.2255953997373581,5.2922157919965684e-05,Sensor
/home/lmy/iot-device-classification/dataset/sensor/round4_normal/sensor_r4.pcapng,R4,210,2100.356135368347,0.0017102058045566082,0.6117886304855347,0.0012829730985686183,0.38510075211524963,0.00011747644020942971,Sensor
/home/lmy/iot-device-classification/dataset/sensor/round4_normal/sensor_r4.pcapng,R4,211,2112.391288280487,4.404977153171785e-05,0.3855760395526886,0.0028155383188277483,0.6115029454231262,6.144397775642574e-05,Sensor
/home/lmy/iot-device-classification/dataset/sensor/round4_normal/sensor_r4.pcapng,R4,212,2123.650187015533,2.478669921401888e-05,0.5911361575126648,0.00010904546070378274,0.40868303179740906,4.7024910600157455e-05,Sensor
/home/lmy/iot-device-classification/dataset/sensor/round4_normal/sensor_r4.pcapng,R4,213,2130.679391622544,0.009746572002768517,0.830325722694397,0.033423181623220444,0.12601830065250397,0.0004862417990807444,Sensor
/home/lmy/iot-device-classification/dataset/sensor/round4_normal/sensor_r4.pcapng,R4,214,2144.2648141384125,2.3340318875852972e-05,0.7391764521598816,5.326728569343686e-05,0.2607175409793854,2.937532917712815e-05,Sensor
/home/lmy/iot-device-classification/dataset/sensor/round4_normal/sensor_r4.pcapng,R4,215,2152.7695875167847,3.585695958463475e-05,0.5299846529960632,5.234795025899075e-05,0.46987849473953247,4.864377115154639e-05,Sensor
/home/lmy/iot-device-classification/dataset/sensor/round4_normal/sensor_r4.pcapng,R4,216,2160.75434422493,0.004996691830456257,0.849410891532898,0.021020373329520226,0.12352699041366577,0.0010450826957821846,Sensor
/home/lmy/iot-device-classification/dataset/sensor/round4_normal/sensor_r4.pcapng,R4,217,2173.5771012306213,0.00012397287355270237,0.9200239181518555,0.0005290696863085032,0.07913879305124283,0.00018419974367134273,Sensor
/home/lmy/iot-device-classification/dataset/sensor/round4_normal/sensor_r4.pcapng,R4,218,2181.478973865509,0.00035159746767021716,0.8493009209632874,0.0006100994651205838,0.14966131746768951,7.61132687330246e-05,Sensor
/home/lmy/iot-device-classification/dataset/sensor/round4_normal/sensor_r4.pcapng,R4,219,2191.072275161743,0.0001697056577540934,0.890367329120636,0.00210208841599524,0.10730626434087753,5.4593612730968744e-05,Sensor
/home/lmy/iot-device-classification/dataset/sensor/round4_normal/sensor_r4.pcapng,R4,220,2202.688968896866,0.00010466503590578213,0.1301412582397461,0.0006736349314451218,0.8689939379692078,8.648278890177608e-05,Sensor
/home/lmy/iot-device-classification/dataset/sensor/round4_normal/sensor_r4.pcapng,R4,221,2213.0847296714783,3.4382515877950937e-05,0.6912162899971008,9.868522465694696e-05,0.3085678219795227,8.282264025183395e-05,Sensor
/home/lmy/iot-device-classification/dataset/sensor/round4_normal/sensor_r4.pcapng,R4,222,2221.152735233307,0.00034636430791579187,0.9883534908294678,0.0026325106155127287,0.008564677089452744,0.00010289801866747439,Sensor
/home/lmy/iot-device-classification/dataset/sensor/round4_normal/sensor_r4.pcapng,R4,223,2233.891172647476,6.658198981313035e-05,0.7717491388320923,8.671150862937793e-05,0.228001207113266,9.639460040489212e-05,Sensor
/home/lmy/iot-device-classification/dataset/sensor/round4_normal/sensor_r4.pcapng,R4,224,2244.284957647324,6.212713196873665e-05,0.9814864993095398,0.0003434287791606039,0.018028702586889267,7.926555554149672e-05,Sensor
/home/lmy/iot-device-classification/dataset/sensor/round4_normal/sensor_r4.pcapng,R4,225,2250.3494284152985,0.00047573461779393256,0.966087818145752,0.0032924446277320385,0.030056120827794075,8.786200487520546e-05,Sensor
/home/lmy/iot-device-classification/dataset/sensor/round4_normal/sensor_r4.pcapng,R4,226,2264.3787150383,0.0002557751431595534,0.00658493721857667,0.5323260426521301,0.46032676100730896,0.0005065221921540797,Sensor
/home/lmy/iot-device-classification/dataset/sensor/round4_normal/sensor_r4.pcapng,R4,227,2271.474670410156,8.751307177590206e-05,0.8888070583343506,6.244806718314067e-05,0.1110125482082367,3.0436876841122285e-05,Sensor
/home/lmy/iot-device-classification/dataset/sensor/round4_normal/sensor_r4.pcapng,R4,228,2281.548843622208,0.001146884635090828,0.9600417017936707,0.010708173736929893,0.027939723804593086,0.00016350773512385786,Sensor
/home/lmy/iot-device-classification/dataset/sensor/round4_normal/sensor_r4.pcapng,R4,229,2294.2118639945984,4.668080873670988e-05,0.479508638381958,0.0002658468729350716,0.5201253294944763,5.3456304158316925e-05,Sensor
/home/lmy/iot-device-classification/dataset/sensor/round4_normal/sensor_r4.pcapng,R4,230,2304.4166119098663,3.0008530302438885e-05,0.6989033818244934,7.788015500409529e-05,0.3009505569934845,3.815336822299287e-05,Sensor
/home/lmy/iot-device-classification/dataset/sensor/round4_normal/sensor_r4.pcapng,R4,231,2310.7677867412567,0.00037141318898648024,0.968023955821991,0.004394738003611565,0.02706804685294628,0.00014187929627951235,Sensor
/home/lmy/iot-device-classification/dataset/sensor/round4_normal/sensor_r4.pcapng,R4,232,2323.3219470977783,1.1847786481666844e-05,0.8975652456283569,7.627932063769549e-05,0.10231910645961761,2.7546560886548832e-05,Sensor
/home/lmy/iot-device-classification/dataset/sensor/round4_normal/sensor_r4.pcapng,R4,233,2331.4716362953186,7.395039574475959e-05,0.26629534363746643,0.0003066842909902334,0.7332615852355957,6.243903771974146e-05,Sensor
/home/lmy/iot-device-classification/dataset/sensor/round4_normal/sensor_r4.pcapng,R4,234,2341.8652215003967,0.000630674185231328,0.7558760643005371,0.000852825352922082,0.24255408346652985,8.637941209599376e-05,Sensor
/home/lmy/iot-device-classification/dataset/sensor/round4_normal/sensor_r4.pcapng,R4,235,2354.467987060547,1.1977859685430303e-05,0.4432028830051422,4.504731987253763e-05,0.5567092299461365,3.090033715125173e-05,Sensor
/home/lmy/iot-device-classification/dataset/sensor/round4_normal/sensor_r4.pcapng,R4,236,2361.8683190345764,0.0008162478334270418,0.9671004414558411,0.002580063184723258,0.02944890782237053,5.43644891877193e-05,Sensor
/home/lmy/iot-device-classification/dataset/sensor/round4_normal/sensor_r4.pcapng,R4,237,2373.101100206375,0.00026672714739106596,0.08777253329753876,0.00016270746709778905,0.9117536544799805,4.4373326090862975e-05,Sensor
/home/lmy/iot-device-classification/dataset/sensor/round4_normal/sensor_r4.pcapng,R4,238,2382.1839878559117,2.381066224188544e-05,0.9315062761306763,3.934282358386554e-05,0.06840670108795166,2.3921733372844756e-05,Sensor
/home/lmy/iot-device-classification/dataset/sensor/round4_normal/sensor_r4.pcapng,R4,239,2394.0389926433563,0.00010098324855789542,0.24646107852458954,0.00014311431732494384,0.7531518936157227,0.0001429087860742584,Sensor
/home/lmy/iot-device-classification/dataset/sensor/round4_normal/sensor_r4.pcapng,R4,240,2401.376758337021,0.0023940459359437227,0.11052302271127701,0.0034853084944188595,0.8832526206970215,0.0003450305957812816,Sensor
/home/lmy/iot-device-classification/dataset/sensor/round4_normal/sensor_r4.pcapng,R4,241,2412.2155859470367,3.4835094993468374e-05,0.21284721791744232,0.0011573071824386716,0.7859154939651489,4.512637315201573e-05,Sensor
/home/lmy/iot-device-classification/dataset/sensor/round4_normal/sensor_r4.pcapng,R4,242,2422.425181865692,3.0081846489338204e-05,0.8212341070175171,6.198324990691617e-05,0.17864415049552917,2.9700633604079485e-05,Sensor
/home/lmy/iot-device-classification/dataset/sensor/round4_normal/sensor_r4.pcapng,R4,243,2433.1205098629,0.0006182201323099434,0.025479717180132866,0.0007449453114531934,0.9731159806251526,4.1126349969999865e-05,Sensor
/home/lmy/iot-device-classification/dataset/sensor/round4_normal/sensor_r4.pcapng,R4,244,2443.955620765686,0.00010879375622607768,0.16171281039714813,0.0014882374089211226,0.8365446329116821,0.00014549912884831429,Sensor
/home/lmy/iot-device-classification/dataset/sensor/round4_normal/sensor_r4.pcapng,R4,245,2451.4245772361755,0.04437350481748581,0.10921772569417953,0.0022744524758309126,0.8436324000358582,0.0005018883384764194,Sensor
/home/lmy/iot-device-classification/dataset/sensor/round4_normal/sensor_r4.pcapng,R4,246,2462.661745071411,0.0031723971478641033,0.516287088394165,0.00916349794715643,0.47080865502357483,0.0005683513591066003,Sensor
/home/lmy/iot-device-classification/dataset/sensor/round4_normal/sensor_r4.pcapng,R4,247,2474.58212351799,3.991780977230519e-05,0.08311755210161209,8.70641233632341e-05,0.9167216420173645,3.379029658390209e-05,Sensor
/home/lmy/iot-device-classification/dataset/sensor/round4_normal/sensor_r4.pcapng,R4,248,2484.5921642780304,9.025777399074286e-05,0.9109113216400146,0.000173733860719949,0.08875859528779984,6.60654332023114e-05,Sensor
/home/lmy/iot-device-classification/dataset/sensor/round4_normal/sensor_r4.pcapng,R4,249,2491.3865978717804,8.305682422360405e-05,0.03255472332239151,0.0018414445221424103,0.9654868245124817,3.39328107656911e-05,Sensor
/home/lmy/iot-device-classification/dataset/sensor/round4_normal/sensor_r4.pcapng,R4,250,2502.9002454280853,0.0025932728312909603,0.5267835259437561,0.0009994353167712688,0.4692327678203583,0.0003909888619091362,Sensor
/home/lmy/iot-device-classification/dataset/sensor/round4_normal/sensor_r4.pcapng,R4,251,2514.621681928634,2.3769414838170633e-05,0.05849770829081535,0.0001785474451025948,0.9412757158279419,2.4184264475479722e-05,Sensor
/home/lmy/iot-device-classification/dataset/sensor/round4_normal/sensor_r4.pcapng,R4,252,2523.160828828812,7.67433230066672e-05,0.1967015117406845,9.91635097307153e-05,0.8030889630317688,3.357447712915018e-05,Sensor
/home/lmy/iot-device-classification/dataset/sensor/round4_normal/sensor_r4.pcapng,R4,253,2534.6411085128784,0.00037924741627648473,0.7473514080047607,0.0005381250521168113,0.2515193521976471,0.00021185829245951027,Sensor
/home/lmy/iot-device-classification/dataset/sensor/round4_normal/sensor_r4.pcapng,R4,254,2543.221855401993,0.0002260636683786288,0.3063429892063141,0.0005864439299330115,0.6927164196968079,0.00012806626909878105,Sensor
/home/lmy/iot-device-classification/dataset/sensor/round4_normal/sensor_r4.pcapng,R4,255,2553.178806781769,0.0002847413707058877,0.2125152349472046,0.00015764070849400014,0.7869797348976135,6.2650564359501e-05,Sensor
/home/lmy/iot-device-classification/dataset/sensor/round4_normal/sensor_r4.pcapng,R4,256,2564.592813014984,2.9808967155986466e-05,0.9522855281829834,0.040566302835941315,0.007076393347233534,4.19877796957735e-05,Sensor
/home/lmy/iot-device-classification/dataset/sensor/round4_normal/sensor_r4.pcapng,R4,257,2571.465049982071,0.00018588473903946579,0.763775110244751,0.00016103038797155023,0.23572391271591187,0.00015408167382702231,Sensor
/home/lmy/iot-device-classification/dataset/sensor/round4_normal/sensor_r4.pcapng,R4,258,2581.374691009521,0.0002271110424771905,0.9477127194404602,0.0024423538707196712,0.04939692094922066,0.00022092463041190058,Sensor
/home/lmy/iot-device-classification/dataset/sensor/round4_normal/sensor_r4.pcapng,R4,259,2594.699715614319,0.001036934438161552,0.4998961389064789,0.0024121452588588,0.4960539937019348,0.0006007823976688087,Sensor
/home/lmy/iot-device-classification/dataset/sensor/round4_normal/sensor_r4.pcapng,R4,260,2604.7132918834686,8.33320154924877e-05,0.46668460965156555,0.00015139352763071656,0.5330559611320496,2.4723789465497248e-05,Sensor
/home/lmy/iot-device-classification/dataset/sensor/round4_normal/sensor_r4.pcapng,R4,261,2610.3011190891266,0.0004952207673341036,0.4963950216770172,0.0032692723907530308,0.49975812435150146,8.23458976810798e-05,Sensor
/home/lmy/iot-device-classification/dataset/sensor/round4_normal/sensor_r4.pcapng,R4,262,2623.699755191803,1.7658519936958328e-05,0.8645715117454529,3.6007888411404565e-05,0.1353502720594406,2.4517667043255642e-05,Sensor
/home/lmy/iot-device-classification/dataset/sensor/round4_normal/sensor_r4.pcapng,R4,263,2631.4657502174377,0.00012048784992657602,0.9123846888542175,0.00010565219417912886,0.08728469163179398,0.0001044781893142499,Sensor
/home/lmy/iot-device-classification/dataset/sensor/round4_normal/sensor_r4.pcapng,R4,264,2643.2606649398804,4.5745349780190736e-05,0.9599200487136841,0.0014197842683643103,0.03854607045650482,6.829896301496774e-05,Sensor
/home/lmy/iot-device-classification/dataset/sensor/round4_normal/sensor_r4.pcapng,R4,265,2654.758315563202,0.002067983616143465,0.5678273439407349,0.23571793735027313,0.19210927188396454,0.0022774324752390385,Sensor
/home/lmy/iot-device-classification/dataset/sensor/round4_normal/sensor_r4.pcapng,R4,266,2660.0440304279327,0.00013757773558609188,0.34559640288352966,0.00039081284194253385,0.6537314653396606,0.0001437578903278336,Sensor
/home/lmy/iot-device-classification/dataset/sensor/round4_normal/sensor_r4.pcapng,R4,267,2671.3704104423523,0.00012770820467267185,0.8670170307159424,0.0004919814527966082,0.13223543763160706,0.00012783482088707387,Sensor
/home/lmy/iot-device-classification/dataset/sensor/round4_normal/sensor_r4.pcapng,R4,268,2684.788730621338,2.0609300918295048e-05,0.19551190733909607,2.878089071600698e-05,0.8044059872627258,3.274953633081168e-05,Sensor
/home/lmy/iot-device-classification/dataset/sensor/round4_normal/sensor_r4.pcapng,R4,269,2694.7977187633514,0.00189422897528857,0.3568713366985321,0.009495582431554794,0.6304602026939392,0.0012786210281774402,Sensor
/home/lmy/iot-device-classification/dataset/sensor/round4_normal/sensor_r4.pcapng,R4,270,2703.331562280655,0.00018947360513266176,0.9775084257125854,0.0005896186921745539,0.0216563381254673,5.61312263016589e-05,Sensor
/home/lmy/iot-device-classification/dataset/sensor/round4_normal/sensor_r4.pcapng,R4,271,2712.3896083831787,6.974536972848e-06,0.9949674010276794,0.0002502461720723659,0.0047635226510465145,1.1880402780661825e-05,Sensor
/home/lmy/iot-device-classification/dataset/sensor/round4_normal/sensor_r4.pcapng,R4,272,2721.461784362793,0.0001266251056222245,0.8301331996917725,0.0001973579783225432,0.16949354112148285,4.9239042709814385e-05,Sensor
/home/lmy/iot-device-classification/dataset/sensor/round4_normal/sensor_r4.pcapng,R4,273,2733.347604036331,0.00011179441935382783,0.993980884552002,0.0003301819087937474,0.005554479081183672,2.266874616907444e-05,Sensor
/home/lmy/iot-device-classification/dataset/sensor/round4_normal/sensor_r4.pcapng,R4,274,2744.8491082191467,3.1101102649699897e-05,0.3609063923358917,0.00010672907956177369,0.6389248371124268,3.090098107350059e-05,Sensor
/home/lmy/iot-device-classification/dataset/sensor/round4_normal/sensor_r4.pcapng,R4,275,2754.8578560352325,0.0009620124474167824,0.5542309880256653,0.005299765150994062,0.4388101100921631,0.0006970958784222603,Sensor
/home/lmy/iot-device-classification/dataset/sensor/round4_normal/sensor_r4.pcapng,R4,276,2761.3687059879303,1.325442372035468e-05,0.9971345663070679,0.0006604703376069665,0.002168386708945036,2.327071524632629e-05,Sensor
/home/lmy/iot-device-classification/dataset/sensor/round4_normal/sensor_r4.pcapng,R4,277,2774.8773946762085,4.207212259643711e-05,0.7067317366600037,6.758965173503384e-05,0.2931067943572998,5.180963853490539e-05,Sensor
/home/lmy/iot-device-classification/dataset/sensor/round4_normal/sensor_r4.pcapng,R4,278,2784.887467622757,0.0001315044064540416,0.16932550072669983,0.00021006731549277902,0.8302807807922363,5.217736179474741e-05,Sensor
/home/lmy/iot-device-classification/dataset/sensor/round4_normal/sensor_r4.pcapng,R4,279,2793.4248185157776,0.001281233737245202,0.755765438079834,0.04774794355034828,0.19453224539756775,0.0006730964523740113,Sensor
/home/lmy/iot-device-classification/dataset/sensor/round4_normal/sensor_r4.pcapng,R4,280,2800.019280433655,2.3846416297601536e-05,0.9321526885032654,0.0001814815477700904,0.06761496514081955,2.6988307581632398e-05,Sensor
/home/lmy/iot-device-classification/dataset/sensor/round4_normal/sensor_r4.pcapng,R4,281,2810.024772644043,0.00014021217066328973,0.9859139919281006,0.0004341245221439749,0.01343733910471201,7.426683441735804e-05,Sensor
/home/lmy/iot-device-classification/dataset/sensor/round4_normal/sensor_r4.pcapng,R4,282,2823.4464662075043,4.302389788790606e-05,0.2738146483898163,0.000286187045276165,0.7258397936820984,1.636136403249111e-05,Sensor
/home/lmy/iot-device-classification/dataset/sensor/round4_normal/sensor_r4.pcapng,R4,283,2830.0570838451385,0.0001263417216250673,0.8417289853096008,0.00025391142116859555,0.15781007707118988,8.070784679148346e-05,Sensor
/home/lmy/iot-device-classification/dataset/sensor/round4_normal/sensor_r4.pcapng,R4,284,2840.0234994888306,0.0002491614141035825,0.9840096235275269,0.0004999992088414729,0.015141148120164871,0.00010012789425672963,Sensor
/home/lmy/iot-device-classification/dataset/sensor/round4_normal/sensor_r4.pcapng,R4,285,2850.223693847656,0.00048116498510353267,0.7228259444236755,0.007246010005474091,0.2689781188964844,0.0004687835171353072,Sensor
/home/lmy/iot-device-classification/dataset/sensor/round4_normal/sensor_r4.pcapng,R4,286,2860.057203054428,0.0005670487298630178,0.9702005386352539,0.001820916309952736,0.02701386623084545,0.00039763120003044605,Sensor
/home/lmy/iot-device-classification/dataset/sensor/round4_normal/sensor_r4.pcapng,R4,287,2870.257622241974,0.00015334760246332735,0.34631338715553284,0.000196207343833521,0.6532319784164429,0.0001050586870405823,Sensor
/home/lmy/iot-device-classification/dataset/sensor/round4_normal/sensor_r4.pcapng,R4,288,2880.3596019744878,0.00034790701465681195,0.30873626470565796,0.0009680770453996956,0.6898812055587769,6.65600600768812e-05,Sensor
/home/lmy/iot-device-classification/dataset/sensor/round4_normal/sensor_r4.pcapng,R4,289,2890.456193447113,0.0002651649992913008,0.7146225571632385,0.0015949457883834839,0.2832445502281189,0.00027283417875878513,Sensor
/home/lmy/iot-device-classification/dataset/sensor/round4_normal/sensor_r4.pcapng,R4,290,2900.3600771427155,0.0002590572985354811,0.6166180372238159,0.0005272424896247685,0.3824522793292999,0.00014336250023916364,Sensor
/home/lmy/iot-device-classification/dataset/sensor/round4_normal/sensor_r4.pcapng,R4,291,2910.556235074997,8.557605906389654e-05,0.6940624117851257,0.001897073700092733,0.3038569986820221,9.790172771317884e-05,Sensor
/home/lmy/iot-device-classification/dataset/sensor/round4_normal/sensor_r4.pcapng,R4,292,2920.4557526111603,0.000452749605756253,0.4376752972602844,0.0013892241986468434,0.5600362420082092,0.00044643657747656107,Sensor
/home/lmy/iot-device-classification/dataset/sensor/round4_normal/sensor_r4.pcapng,R4,293,2930.719050645828,4.443282523425296e-05,0.8218796849250793,0.00024158689484465867,0.1777980774641037,3.6203266063239425e-05,Sensor
/home/lmy/iot-device-classification/dataset/sensor/round4_normal/sensor_r4.pcapng,R4,294,2940.719708442688,0.000535130500793457,0.0007987485732883215,0.0008991575450636446,0.9976796507835388,8.736623567529023e-05,Sensor
/home/lmy/iot-device-classification/dataset/sensor/round4_normal/sensor_r4.pcapng,R4,295,2950.7560307979584,0.0001652890641707927,0.39113378524780273,0.00021928580827079713,0.6083476543426514,0.000133956185891293,Sensor
/home/lmy/iot-device-classification/dataset/sensor/round4_normal/sensor_r4.pcapng,R4,296,2960.9554147720337,0.00036999466829001904,0.5054703950881958,0.0008829412399791181,0.4930713474750519,0.00020531259360723197,Sensor
/home/lmy/iot-device-classification/dataset/sensor/round4_normal/sensor_r4.pcapng,R4,297,2970.9556267261505,0.005364856217056513,0.9726171493530273,0.0030005506705492735,0.018777020275592804,0.00024039330310188234,Sensor
/home/lmy/iot-device-classification/dataset/sensor/round4_normal/sensor_r4.pcapng,R4,298,2980.8363404273987,4.592244658851996e-05,0.539643406867981,0.00015112734399735928,0.4601072072982788,5.2297793445177376e-05,Sensor
/home/lmy/iot-device-classification/dataset/sensor/round4_normal/sensor_r4.pcapng,R4,299,2991.0567543506622,3.184431261615828e-05,0.8620117902755737,4.109845758648589e-05,0.137885183095932,3.012820889125578e-05,Sensor
/home/lmy/iot-device-classification/dataset/sensor/round4_normal/sensor_r4.pcapng,R4,300,3000.9558503627777,0.00011574942618608475,0.257822185754776,0.0008706726948730648,0.7411249279975891,6.647006375715137e-05,Sensor
/home/lmy/iot-device-classification/dataset/sensor/round4_normal/sensor_r4.pcapng,R4,301,3010.619120836258,1.3408292034000624e-05,0.9984968900680542,0.0013147881254553795,0.00015516860003117472,1.9769831851590425e-05,Sensor
/home/lmy/iot-device-classification/dataset/sensor/round4_normal/sensor_r4.pcapng,R4,302,3021.155176639557,0.010523257777094841,0.225255087018013,0.0009416628745384514,0.7628026604652405,0.0004773319233208895,Sensor
/home/lmy/iot-device-classification/dataset/sensor/round4_normal/sensor_r4.pcapng,R4,303,3031.355173587799,1.050969058269402e-05,0.9439285397529602,0.00013617622607853264,0.05590702220797539,1.7733691493049264e-05,Sensor
/home/lmy/iot-device-classification/dataset/sensor/round4_normal/sensor_r4.pcapng,R4,304,3041.254681825638,2.3358239559456706e-05,0.9589188694953918,5.9530004364205524e-05,0.04097221419215202,2.5997656848630868e-05,Sensor
/home/lmy/iot-device-classification/dataset/sensor/round4_normal/sensor_r4.pcapng,R4,305,3051.4549980163574,4.7527359129162505e-05,0.7724633812904358,5.840370067744516e-05,0.22739195823669434,3.874082540278323e-05,Sensor
/home/lmy/iot-device-classification/dataset/sensor/round4_normal/sensor_r4.pcapng,R4,306,3061.354912757873,0.0005788971320725977,0.9120451211929321,0.002677784999832511,0.08459703624248505,0.00010117721103597432,Sensor
/home/lmy/iot-device-classification/dataset/sensor/round4_normal/sensor_r4.pcapng,R4,307,3071.758267879486,8.003519906196743e-05,0.24403080344200134,0.00045413567568175495,0.7553468346595764,8.820966468192637e-05,Sensor
/home/lmy/iot-device-classification/dataset/sensor/round4_normal/sensor_r4.pcapng,R4,308,3081.4601027965546,0.00019753104425035417,0.8689995408058167,0.0001441572530893609,0.13056492805480957,9.389226761413738e-05,Sensor
/home/lmy/iot-device-classification/dataset/sensor/round4_normal/sensor_r4.pcapng,R4,309,3091.734598636627,0.00039322502561844885,0.7780438661575317,0.000959412136580795,0.22050276398658752,0.00010072398436022922,Sensor
/home/lmy/iot-device-classification/dataset/sensor/round4_normal/sensor_r4.pcapng,R4,310,3101.654893875122,0.0004995370400138199,0.7968515753746033,0.0004222743446007371,0.2019077092409134,0.00031887786462903023,Sensor
/home/lmy/iot-device-classification/dataset/sensor/round4_normal/sensor_r4.pcapng,R4,311,3111.630611181259,8.890656317817047e-05,0.25597792863845825,0.00011737166641978547,0.7437169551849365,9.886852785712108e-05,Sensor
/home/lmy/iot-device-classification/dataset/sensor/round4_normal/sensor_r4.pcapng,R4,312,3121.377539396286,0.00048248839448206127,0.8045647144317627,0.0034824544563889503,0.19102750718593597,0.00044282968156039715,Sensor
/home/lmy/iot-device-classification/dataset/sensor/round4_normal/sensor_r4.pcapng,R4,313,3131.955076217652,0.0002566585026215762,0.1828557699918747,0.0004066435794811696,0.8163076639175415,0.00017327256500720978,Sensor
/home/lmy/iot-device-classification/dataset/sensor/round4_normal/sensor_r4.pcapng,R4,314,3142.0218670368195,0.00019141272059641778,0.030019428580999374,0.0010252147912979126,0.9686052799224854,0.00015867233742028475,Sensor
/home/lmy/iot-device-classification/dataset/sensor/round4_normal/sensor_r4.pcapng,R4,315,3152.0547931194305,0.00014993212244007736,0.12764494121074677,0.004440615884959698,0.8676058053970337,0.00015870368224568665,Sensor
/home/lmy/iot-device-classification/dataset/sensor/round4_normal/sensor_r4.pcapng,R4,316,3161.557574748993,2.717299503274262e-05,0.9904024600982666,0.009030402638018131,0.0004902709624730051,4.9715046770870686e-05,Sensor
/home/lmy/iot-device-classification/dataset/sensor/round4_normal/sensor_r4.pcapng,R4,317,3171.40425157547,0.0007349599036388099,0.45434078574180603,0.0006250916048884392,0.5440597534179688,0.00023939083621371537,Sensor
/home/lmy/iot-device-classification/dataset/sensor/round4_normal/sensor_r4.pcapng,R4,318,3180.4747562408447,9.307812433689833e-05,0.6781194806098938,0.00368403154425323,0.3179589509963989,0.00014441086386796087,Sensor
/home/lmy/iot-device-classification/dataset/sensor/round4_normal/sensor_r4.pcapng,R4,319,3192.7060208320618,0.00013959557691123337,0.4028405249118805,0.0015920657897368073,0.5953023433685303,0.00012552985572256148,Sensor
/home/lmy/iot-device-classification/dataset/sensor/round4_normal/sensor_r4.pcapng,R4,320,3202.254499435425,0.001284872298128903,0.0073164659552276134,0.003276389790698886,0.9870049953460693,0.001117213163524866,Sensor
/home/lmy/iot-device-classification/dataset/sensor/round4_normal/sensor_r4.pcapng,R4,321,3210.39456987381,0.0011120191775262356,0.9815647006034851,0.013119920156896114,0.003971371334046125,0.00023196560505311936,Sensor
/home/lmy/iot-device-classification/dataset/sensor/round4_normal/sensor_r4.pcapng,R4,322,3222.654808282852,5.060425610281527e-05,0.42429816722869873,0.00040089775575324893,0.5751674771308899,8.283057832159102e-05,Sensor
/home/lmy/iot-device-classification/dataset/sensor/round4_normal/sensor_r4.pcapng,R4,323,3232.270478248596,4.7067376726772636e-05,0.2928565442562103,4.3322557758074254e-05,0.7070032954216003,4.98074950883165e-05,Sensor
/home/lmy/iot-device-classification/dataset/sensor/round4_normal/sensor_r4.pcapng,R4,324,3240.754087209701,0.019823376089334488,0.36058181524276733,0.006738114170730114,0.6126972436904907,0.00015940637968014926,Sensor
/home/lmy/iot-device-classification/dataset/sensor/round4_normal/sensor_r4.pcapng,R4,325,3252.8115351200104,7.823182386346161e-05,0.3319498598575592,0.0005514153162948787,0.6673233509063721,9.713932377053425e-05,Sensor
/home/lmy/iot-device-classification/dataset/sensor/round4_normal/sensor_r4.pcapng,R4,326,3261.459039926529,4.453179644769989e-05,0.9905511140823364,0.009038418531417847,0.0003355682420078665,3.0340836019604467e-05,Sensor
/home/lmy/iot-device-classification/dataset/sensor/round4_normal/sensor_r4.pcapng,R4,327,3272.834908246994,0.0033117898274213076,0.2317638099193573,0.005050098057836294,0.7597010731697083,0.0001732522068778053,Sensor
/home/lmy/iot-device-classification/dataset/sensor/round4_normal/sensor_r4.pcapng,R4,328,3282.2538046836853,2.352955380047206e-05,0.9438202977180481,0.00010451841080794111,0.056011542677879333,4.0132523281499743e-05,Sensor
/home/lmy/iot-device-classification/dataset/sensor/round4_normal/sensor_r4.pcapng,R4,329,3293.0564210414886,0.00030230823904275894,0.9080057144165039,0.005390123929828405,0.08607003092765808,0.00023178909032139927,Sensor
/home/lmy/iot-device-classification/dataset/sensor/round4_normal/sensor_r4.pcapng,R4,330,3301.364711523056,0.0001274254609597847,0.9860011339187622,0.0019456403097137809,0.011849775910377502,7.60213952162303e-05,Sensor
/home/lmy/iot-device-classification/dataset/sensor/round4_normal/sensor_r4.pcapng,R4,331,3312.4571866989136,9.99051917460747e-05,0.20827466249465942,0.0025852355174720287,0.7889228463172913,0.00011735558655345812,Sensor
/home/lmy/iot-device-classification/dataset/sensor/round4_normal/sensor_r4.pcapng,R4,332,3321.707910299301,5.4602391173830256e-05,0.12097034603357315,0.00023261088063009083,0.8786646723747253,7.775529229547828e-05,Sensor
/home/lmy/iot-device-classification/dataset/sensor/round4_normal/sensor_r4.pcapng,R4,333,3332.110062599182,0.002584344707429409,0.17022599279880524,0.010724015533924103,0.8162727952003479,0.00019286094175186008,Sensor
/home/lmy/iot-device-classification/dataset/sensor/round4_normal/sensor_r4.pcapng,R4,334,3342.509687900543,2.6084211640409194e-05,0.9901636242866516,0.00010105298861162737,0.009665662422776222,4.349672235548496e-05,Sensor
/home/lmy/iot-device-classification/dataset/sensor/round4_normal/sensor_r4.pcapng,R4,335,3351.379789590836,0.007635160814970732,0.06707697361707687,0.0006045965710654855,0.9245848059654236,9.843513544183224e-05,Sensor
/home/lmy/iot-device-classification/dataset/sensor/round4_normal/sensor_r4.pcapng,R4,336,3363.3204107284546,0.0044191377237439156,0.0668342337012291,0.0028703613206744194,0.9256856441497803,0.000190605380339548,Sensor
/home/lmy/iot-device-classification/dataset/sensor/round4_normal/sensor_r4.pcapng,R4,337,3373.554037809372,0.0001454395824111998,0.14864647388458252,0.00029246340272948146,0.8508047461509705,0.00011091992200817913,Sensor
/home/lmy/iot-device-classification/dataset/sensor/round4_normal/sensor_r4.pcapng,R4,338,3382.0279862880707,2.594172110548243e-05,0.9247536063194275,5.963503645034507e-05,0.07511545717716217,4.543301838566549e-05,Sensor
/home/lmy/iot-device-classification/dataset/sensor/round4_normal/sensor_r4.pcapng,R4,339,3391.365262031555,0.00031996401958167553,0.9485679864883423,0.0004169883322902024,0.05062165856361389,7.340541196754202e-05,Sensor
/home/lmy/iot-device-classification/dataset/sensor/round4_normal/sensor_r4.pcapng,R4,340,3402.8309292793274,0.00010464389197295532,0.6964493989944458,0.00040286045987159014,0.30291372537612915,0.00012933780089952052,Sensor
/home/lmy/iot-device-classification/dataset/sensor/round4_normal/sensor_r4.pcapng,R4,341,3413.228445291519,0.00010891341662500054,0.9182159900665283,0.008596808649599552,0.07294657826423645,0.00013173132902011275,Sensor
/home/lmy/iot-device-classification/dataset/sensor/round4_normal/sensor_r4.pcapng,R4,342,3423.6545855998997,0.00015255919424816966,0.955208420753479,0.0009562578634358943,0.04352591186761856,0.0001568887964822352,Sensor
/home/lmy/iot-device-classification/dataset/sensor/round4_normal/sensor_r4.pcapng,R4,343,3433.856689691544,2.4765551643213257e-05,0.1679133176803589,0.00013491154822986573,0.8318701982498169,5.678008164977655e-05,Sensor
/home/lmy/iot-device-classification/dataset/sensor/round4_normal/sensor_r4.pcapng,R4,344,3441.4167008399963,0.0001208820249303244,0.9779919981956482,0.0001104553957702592,0.02174733579158783,2.9337712476262823e-05,Sensor
/home/lmy/iot-device-classification/dataset/sensor/round4_normal/sensor_r4.pcapng,R4,345,3454.0641374588013,0.00036926320171914995,0.9510917067527771,0.0015989836538210511,0.046857014298439026,8.296738815261051e-05,Sensor
/home/lmy/iot-device-classification/dataset/sensor/round4_normal/sensor_r4.pcapng,R4,346,3464.5221054553986,9.27872970351018e-05,0.6347780227661133,0.0012353064958006144,0.3637460470199585,0.00014785669918637723,Sensor
/home/lmy/iot-device-classification/dataset/sensor/round4_normal/sensor_r4.pcapng,R4,347,3473.5737998485565,0.00039794453186914325,0.3115485608577728,0.015940150246024132,0.6719241738319397,0.00018915355030912906,Sensor
/home/lmy/iot-device-classification/dataset/sensor/round4_normal/sensor_r4.pcapng,R4,348,3481.3773283958435,4.762687240145169e-05,0.8334992527961731,0.00027540160226635635,0.16613002121448517,4.7710702347103506e-05,Sensor
/home/lmy/iot-device-classification/dataset/sensor/round4_normal/sensor_r4.pcapng,R4,349,3492.268673181534,2.580534237495158e-05,0.5923555493354797,7.767823990434408e-05,0.40749961137771606,4.139766315347515e-05,Sensor
/home/lmy/iot-device-classification/dataset/sensor/round4_normal/sensor_r4.pcapng,R4,350,3502.6688134670258,0.00149346177931875,0.04739777743816376,0.0008128341287374496,0.9501675963401794,0.0001283244346268475,Sensor
/home/lmy/iot-device-classification/dataset/sensor/round4_normal/sensor_r4.pcapng,R4,351,3514.115626335144,0.0004524671530816704,0.16135936975479126,0.0026424413081258535,0.8353912234306335,0.00015446028555743396,Sensor
/home/lmy/iot-device-classification/dataset/sensor/round4_normal/sensor_r4.pcapng,R4,352,3523.481177568436,1.6150635929079726e-05,0.9902262091636658,0.006068256683647633,0.0036565414629876614,3.290135646238923e-05,Sensor
/home/lmy/iot-device-classification/dataset/sensor/round4_normal/sensor_r4.pcapng,R4,353,3531.459981203079,7.199418178061023e-05,0.52296382188797,0.0010008809622377157,0.47590896487236023,5.43601272511296e-05,Sensor
/home/lmy/iot-device-classification/dataset/sensor/round4_normal/sensor_r4.pcapng,R4,354,3542.188357114792,0.0002269827527925372,0.25259116291999817,0.00043878910946659744,0.7466539740562439,8.914060890674591e-05,Sensor
/home/lmy/iot-device-classification/dataset/sensor/round4_normal/sensor_r4.pcapng,R4,355,3554.8170068264008,6.654616299783811e-05,0.9338251352310181,0.002298036590218544,0.06374310702085495,6.721087265759706e-05,Sensor
/home/lmy/iot-device-classification/dataset/sensor/round4_normal/sensor_r4.pcapng,R4,356,3562.9927451610565,9.643623343436047e-05,0.8516802191734314,0.0003768920141737908,0.14774855971336365,9.794656943995506e-05,Sensor
/home/lmy/iot-device-classification/dataset/sensor/round4_normal/sensor_r4.pcapng,R4,357,3571.36670422554,2.5922490749508142e-05,0.9973679184913635,0.000449416198534891,0.0021313021425157785,2.548443262639921e-05,Sensor
/home/lmy/iot-device-classification/dataset/sensor/round4_normal/sensor_r4.pcapng,R4,358,3581.7934951782227,6.981407204875723e-05,0.9922989010810852,0.0006483807810582221,0.006928085815161467,5.480903564603068e-05,Sensor
/home/lmy/iot-device-classification/dataset/sensor/round4_normal/sensor_r4.pcapng,R4,359,3592.1084411144257,2.1260217181406915e-05,0.6530423164367676,7.930499850772321e-05,0.34681782126426697,3.93157679354772e-05,Sensor
/home/lmy/iot-device-classification/dataset/sensor/round4_normal/sensor_r4.pcapng,R4,360,3604.142643213272,0.0004289541975595057,0.788530170917511,0.0006231273291632533,0.21034188568592072,7.58159949327819e-05,Sensor
/home/lmy/iot-device-classification/dataset/sensor/round4_normal/sensor_r4.pcapng,R4,361,3612.394131183624,6.232483428902924e-05,0.9339503049850464,0.0014259039890021086,0.06446006894111633,0.00010137188655789942,Sensor
/home/lmy/iot-device-classification/dataset/sensor/round4_normal/sensor_r4.pcapng,R4,362,3621.380164623261,0.002184698823839426,0.38524967432022095,0.054297007620334625,0.556509792804718,0.0017587876645848155,Sensor
/home/lmy/iot-device-classification/dataset/socket/round4_normal/socket_r4.pcapng,R4,0,0.0,0.00022761317086406052,1.7423943063477054e-05,3.225130421924405e-05,5.244182102615014e-05,0.9996702671051025,Socket
/home/lmy/iot-device-classification/dataset/socket/round4_normal/socket_r4.pcapng,R4,1,10.067995309829712,0.00024144630879163742,4.23009114456363e-05,0.0001251261419383809,1.4690584066556767e-05,0.9995763897895813,Socket
/home/lmy/iot-device-classification/dataset/socket/round4_normal/socket_r4.pcapng,R4,2,20.16531538963318,0.00033800670644268394,0.0005242492188699543,5.296095332596451e-05,1.3035439224040601e-05,0.9990717172622681,Socket
/home/lmy/iot-device-classification/dataset/socket/round4_normal/socket_r4.pcapng,R4,3,30.23177170753479,0.0004866733215749264,0.00014252387336455286,4.685706880991347e-05,2.0024805053253658e-05,0.999303936958313,Socket
/home/lmy/iot-device-classification/dataset/socket/round4_normal/socket_r4.pcapng,R4,4,40.331323862075806,1.8565131540526636e-05,0.0004836173611693084,2.949069494206924e-05,2.623917316668667e-05,0.9994420409202576,Socket
/home/lmy/iot-device-classification/dataset/socket/round4_normal/socket_r4.pcapng,R4,5,50.32410979270935,0.0004415255971252918,0.00015670056745875627,5.461337059387006e-05,1.9782424715231173e-05,0.9993274211883545,Socket
/home/lmy/iot-device-classification/dataset/socket/round4_normal/socket_r4.pcapng,R4,6,60.39119243621826,0.0003617655602283776,0.00023556410451419652,3.5572898923419416e-05,5.286519808578305e-05,0.9993141889572144,Socket
/home/lmy/iot-device-classification/dataset/socket/round4_normal/socket_r4.pcapng,R4,7,70.48774886131287,0.0004961332306265831,7.61430783313699e-05,0.00010901719360845163,1.4261945580074098e-05,0.9993044137954712,Socket
/home/lmy/iot-device-classification/dataset/socket/round4_normal/socket_r4.pcapng,R4,8,80.58974957466125,0.0002169552753912285,0.0002597255806904286,6.187093822518364e-05,1.5114267625904176e-05,0.9994463324546814,Socket
/home/lmy/iot-device-classification/dataset/socket/round4_normal/socket_r4.pcapng,R4,9,90.6447570323944,0.00021887259208597243,4.528504723566584e-05,3.5961231333203614e-05,4.948311470798217e-05,0.9996503591537476,Socket
/home/lmy/iot-device-classification/dataset/socket/round4_normal/socket_r4.pcapng,R4,10,100.63186407089232,0.00011228970106458291,6.800005940021947e-05,4.717396950582042e-05,2.9340495530050248e-05,0.9997431635856628,Socket
/home/lmy/iot-device-classification/dataset/socket/round4_normal/socket_r4.pcapng,R4,11,110.7233180999756,0.00019692163914442062,0.0004545465635601431,0.000187131212442182,0.00019777573470491916,0.9989635944366455,Socket
/home/lmy/iot-device-classification/dataset/socket/round4_normal/socket_r4.pcapng,R4,12,120.78402853012084,0.0012377339880913496,0.0007580546662211418,0.00016474263975396752,0.00023013244208414108,0.9976093769073486,Socket
/home/lmy/iot-device-classification/dataset/socket/round4_normal/socket_r4.pcapng,R4,13,130.87695407867432,0.00017256445426028222,0.0001440774358343333,0.00013904186198487878,2.0200635844958015e-05,0.9995241165161133,Socket
/home/lmy/iot-device-classification/dataset/socket/round4_normal/socket_r4.pcapng,R4,14,141.07376742362976,0.00014452781761065125,0.00012070270895492285,6.737719377269968e-05,1.7741802366799675e-05,0.9996496438980103,Socket
/home/lmy/iot-device-classification/dataset/socket/round4_normal/socket_r4.pcapng,R4,15,151.03305864334106,0.0006284625851549208,5.352152948034927e-05,1.4869693586661015e-05,2.316703466931358e-05,0.9992800354957581,Socket
/home/lmy/iot-device-classification/dataset/socket/round4_normal/socket_r4.pcapng,R4,16,161.0278401374817,0.00038105971179902554,4.780874587595463e-05,0.00017010138253681362,1.760742270562332e-05,0.9993834495544434,Socket
/home/lmy/iot-device-classification/dataset/socket/round4_normal/socket_r4.pcapng,R4,17,171.19099307060242,5.070169208920561e-05,1.2716408491542097e-05,9.126287477556616e-05,3.0446019081864506e-05,0.9998149275779724,Socket
/home/lmy/iot-device-classification/dataset/socket/round4_normal/socket_r4.pcapng,R4,18,181.02582907676697,8.271752449218184e-05,0.00013004372885916382,3.284591730334796e-05,2.744201265159063e-05,0.9997269511222839,Socket
/home/lmy/iot-device-classification/dataset/socket/round4_normal/socket_r4.pcapng,R4,19,191.27633810043332,0.0005613837274722755,1.3130561455909628e-05,0.00033168215304613113,2.402168138360139e-05,0.9990697503089905,Socket
/home/lmy/iot-device-classification/dataset/socket/round4_normal/socket_r4.pcapng,R4,20,201.34209871292117,0.0003226684348192066,0.0004887631512247026,5.934737782808952e-05,1.69001014000969e-05,0.9991123080253601,Socket
/home/lmy/iot-device-classification/dataset/socket/round4_normal/socket_r4.pcapng,R4,21,212.4745454788208,0.0006201527430675924,0.00017195992404595017,3.620706047513522e-05,5.05008538311813e-05,0.9991211295127869,Socket
/home/lmy/iot-device-classification/dataset/socket/round4_normal/socket_r4.pcapng,R4,22,221.0093274116516,0.000502885552123189,0.000251164281507954,0.0001124802729464136,1.5518138752668165e-05,0.999117910861969,Socket
/home/lmy/iot-device-classification/dataset/socket/round4_normal/socket_r4.pcapng,R4,23,231.52673745155332,0.0003103391791228205,0.0002502636634744704,5.892159970244393e-05,1.3699715054826811e-05,0.999366819858551,Socket
/home/lmy/iot-device-classification/dataset/socket/round4_normal/socket_r4.pcapng,R4,24,241.59825611114505,0.00039610674139112234,0.00013144240074325353,6.091514296713285e-05,6.060901068849489e-05,0.9993509650230408,Socket
/home/lmy/iot-device-classification/dataset/socket/round4_normal/socket_r4.pcapng,R4,25,251.69598364830017,0.00015958212316036224,6.797904643462971e-05,3.4772325307130814e-05,1.7474319975008257e-05,0.9997201561927795,Socket
/home/lmy/iot-device-classification/dataset/socket/round4_normal/socket_r4.pcapng,R4,26,261.7523982524872,0.00016210622561629862,5.471202530316077e-05,7.368095248239115e-05,1.4705950889037922e-05,0.99969482421875,Socket
/home/lmy/iot-device-classification/dataset/socket/round4_normal/socket_r4.pcapng,R4,27,271.75044536590576,0.0003357941750437021,0.00024005772138480097,1.3424338249024004e-05,2.777428562694695e-05,0.9993829727172852,Socket
/home/lmy/iot-device-classification/dataset/socket/round4_normal/socket_r4.pcapng,R4,28,281.8095724582672,0.0003509649832267314,0.0001388964883517474,5.475373109220527e-05,1.32183704408817e-05,0.9994421601295471,Socket
/home/lmy/iot-device-classification/dataset/socket/round4_normal/socket_r4.pcapng,R4,29,292.0056982040405,0.0003921110474038869,0.00017544018919579685,6.93234833306633e-05,1.8969489246956073e-05,0.9993441700935364,Socket
/home/lmy/iot-device-classification/dataset/socket/round4_normal/socket_r4.pcapng,R4,30,301.9985158443451,0.0009495541453361511,0.0007950159488245845,9.764404239831492e-05,0.00026747389347292483,0.997890293598175,Socket
/home/lmy/iot-device-classification/dataset/socket/round4_normal/socket_r4.pcapng,R4,31,312.0637218952179,0.00019687815802171826,0.00014113777433522046,6.645091343671083e-05,1.587330552865751e-05,0.9995796084403992,Socket
/home/lmy/iot-device-classification/dataset/socket/round4_normal/socket_r4.pcapng,R4,32,322.16075134277344,0.00027486507315188646,0.00018446988542564213,6.18153135292232e-05,1.4626228221459314e-05,0.999464213848114,Socket
/home/lmy/iot-device-classification/dataset/socket/round4_normal/socket_r4.pcapng,R4,33,330.2392909526825,0.00033341001835651696,0.00014898226072546095,6.42633021925576e-05,4.5099899580236524e-05,0.9994082450866699,Socket
/home/lmy/iot-device-classification/dataset/socket/round4_normal/socket_r4.pcapng,R4,34,342.2205753326416,0.00075624167220667,0.0001541680539958179,8.821689698379487e-05,3.0400424293475226e-05,0.9989709854125977,Socket
/home/lmy/iot-device-classification/dataset/socket/round4_normal/socket_r4.pcapng,R4,35,352.31119680404663,0.00044843603973276913,7.515629113186151e-05,9.290773596148938e-05,1.6999232684611343e-05,0.9993664622306824,Socket
/home/lmy/iot-device-classification/dataset/socket/round4_normal/socket_r4.pcapng,R4,36,361.02858996391296,0.00021106834174133837,0.0003471936215646565,6.44307438051328e-05,8.872865146258846e-05,0.9992885589599609,Socket
/home/lmy/iot-device-classification/dataset/socket/round4_normal/socket_r4.pcapng,R4,37,372.4699170589447,0.0002109055785695091,0.0001519958022981882,5.486328518600203e-05,2.3845266696298495e-05,0.9995583891868591,Socket
/home/lmy/iot-device-classification/dataset/socket/round4_normal/socket_r4.pcapng,R4,38,382.4628767967224,0.0002579340653028339,0.0002520659763831645,0.00010900491906795651,2.994101305375807e-05,0.9993510842323303,Socket
/home/lmy/iot-device-classification/dataset/socket/round4_normal/socket_r4.pcapng,R4,39,390.0512402057648,0.0008633368415758014,4.763220204040408e-05,5.4961325076874346e-05,2.5429775632801466e-05,0.9990087151527405,Socket
/home/lmy/iot-device-classification/dataset/socket/round4_normal/socket_r4.pcapng,R4,40,402.6225564479828,0.0002610959345474839,4.1870949644362554e-05,9.298836812376976e-05,1.8709301002672873e-05,0.9995853304862976,Socket
/home/lmy/iot-device-classification/dataset/socket/round4_normal/socket_r4.pcapng,R4,41,412.8175096511841,0.0003590616106521338,3.525910506141372e-05,0.00012606893142219633,2.5147170163108967e-05,0.9994544386863708,Socket
/home/lmy/iot-device-classification/dataset/socket/round4_normal/socket_r4.pcapng,R4,42,422.2714154720306,0.0008377627818845212,0.00018095417181029916,5.5373635404976085e-05,2.6881305529968813e-05,0.998898983001709,Socket
/home/lmy/iot-device-classification/dataset/socket/round4_normal/socket_r4.pcapng,R4,43,432.7720029354096,0.0004945371183566749,0.00017361374921165407,6.0275451687630266e-05,3.4665408747969195e-05,0.9992369413375854,Socket
/home/lmy/iot-device-classification/dataset/socket/round4_normal/socket_r4.pcapng,R4,44,440.04845452308655,0.00046080967877060175,5.4554406233364716e-05,9.038241842063144e-05,2.4752976969466545e-05,0.9993695616722107,Socket
/home/lmy/iot-device-classification/dataset/socket/round4_normal/socket_r4.pcapng,R4,45,450.0322756767273,0.0006692240131087601,0.00013707569451071322,4.275827814126387e-05,2.9599215849884786e-05,0.999121367931366,Socket
/home/lmy/iot-device-classification/dataset/socket/round4_normal/socket_r4.pcapng,R4,46,463.02837800979614,0.0005044733989052474,0.00017885738634504378,8.020958921406418e-05,2.414406480966136e-05,0.9992122650146484,Socket
/home/lmy/iot-device-classification/dataset/socket/round4_normal/socket_r4.pcapng,R4,47,473.0186030864716,0.0003105294017586857,0.0001198104364448227,2.307969771209173e-05,5.538126788451336e-05,0.9994912147521973,Socket
/home/lmy/iot-device-classification/dataset/socket/round4_normal/socket_r4.pcapng,R4,48,480.31906914711,0.000445778074208647,0.0002358058118261397,1.7771222701412626e-05,3.101520269410685e-05,0.9992696642875671,Socket
/home/lmy/iot-device-classification/dataset/socket/round4_normal/socket_r4.pcapng,R4,49,490.1358916759491,0.00031358140404336154,0.00018867522885557264,0.0008991364156827331,2.049473550869152e-05,0.9985780715942383,Socket
/home/lmy/iot-device-classification/dataset/socket/round4_normal/socket_r4.pcapng,R4,50,500.004168510437,0.0001809239765862003,8.093797805486247e-05,6.321842374745756e-05,1.919940950756427e-05,0.9996557235717773,Socket
/home/lmy/iot-device-classification/dataset/socket/round4_normal/socket_r4.pcapng,R4,51,510.0081980228424,0.00026500949752517045,1.5307083231164142e-05,1.95422053366201e-05,4.953208554070443e-05,0.9996505975723267,Socket
/home/lmy/iot-device-classification/dataset/socket/round4_normal/socket_r4.pcapng,R4,52,520.6560072898865,0.00019865103240590543,1.0957998711091932e-05,5.6894230510806665e-05,2.6090490791830234e-05,0.9997074007987976,Socket
/home/lmy/iot-device-classification/dataset/socket/round4_normal/socket_r4.pcapng,R4,53,530.4870538711548,0.00026570947375148535,4.202831405564211e-05,6.470824882853776e-05,2.8547909096232615e-05,0.999599039554596,Socket
/home/lmy/iot-device-classification/dataset/socket/round4_normal/socket_r4.pcapng,R4,54,540.2983241081238,0.00040505468496121466,5.636419518850744e-05,3.9225691580213606e-05,4.40800104115624e-05,0.9994552731513977,Socket
/home/lmy/iot-device-classification/dataset/socket/round4_normal/socket_r4.pcapng,R4,55,550.1816000938416,0.0001538211217848584,5.5661515943938866e-05,2.830351695592981e-05,2.427820254524704e-05,0.9997379183769226,Socket
/home/lmy/iot-device-classification/dataset/socket/round4_normal/socket_r4.pcapng,R4,56,560.1088254451752,0.0002080638805637136,9.01245675777318e-06,6.765889702364802e-05,2.2675603759125806e-05,0.9996925592422485,Socket
/home/lmy/iot-device-classification/dataset/socket/round4_normal/socket_r4.pcapng,R4,57,570.9783451557159,0.0004130399029236287,7.266442116815597e-05,4.908404662273824e-05,5.861238605575636e-05,0.9994065761566162,Socket
/home/lmy/iot-device-classification/dataset/socket/round4_normal/socket_r4.pcapng,R4,58,580.7689716815948,0.00018778941011987627,4.413308124640025e-05,9.327873704023659e-05,2.9215287213446572e-05,0.9996455907821655,Socket
/home/lmy/iot-device-classification/dataset/socket/round4_normal/socket_r4.pcapng,R4,59,590.5715589523315,0.0003130463883280754,7.004039798630401e-05,6.835751992184669e-05,2.0150926502537914e-05,0.9995284080505371,Socket
/home/lmy/iot-device-classification/dataset/socket/round4_normal/socket_r4.pcapng,R4,60,600.3848643302917,0.0005737192695960402,6.704564293613657e-05,4.4990683818468824e-05,3.3047206670744345e-05,0.9992812275886536,Socket
/home/lmy/iot-device-classification/dataset/socket/round4_normal/socket_r4.pcapng,R4,61,611.2901246547699,0.00023896472703199834,3.176684185746126e-05,4.390401591081172e-05,1.6583215256105177e-05,0.9996688365936279,Socket
/home/lmy/iot-device-classification/dataset/socket/round4_normal/socket_r4.pcapng,R4,62,621.0921456813812,0.00021307966380845755,0.0009997501038014889,0.00010310346260666847,1.6856703950907104e-05,0.9986672401428223,Socket
/home/lmy/iot-device-classification/dataset/socket/round4_normal/socket_r4.pcapng,R4,63,630.9120516777039,0.0005507079185917974,0.0003225406107958406,3.0982693715486676e-05,2.9557693778770044e-05,0.999066174030304,Socket
/home/lmy/iot-device-classification/dataset/socket/round4_normal/socket_r4.pcapng,R4,64,640.7055580615997,0.0005512372008524835,6.539557944051921e-05,6.223798845894635e-05,3.8335125282173976e-05,0.9992827773094177,Socket
/home/lmy/iot-device-classification/dataset/socket/round4_normal/socket_r4.pcapng,R4,65,650.5035684108734,0.00022377648565452546,1.0144619409402367e-05,6.463393947342411e-05,2.125857281498611e-05,0.9996801614761353,Socket
/home/lmy/iot-device-classification/dataset/socket/round4_normal/socket_r4.pcapng,R4,66,661.3720831871033,0.0002301395870745182,7.601265679113567e-05,2.337491423531901e-05,7.295753312064335e-05,0.9995974898338318,Socket
/home/lmy/iot-device-classification/dataset/socket/round4_normal/socket_r4.pcapng,R4,67,671.2138381004333,0.00018769495363812894,2.710929766180925e-05,6.27156114205718e-05,3.346073572174646e-05,0.999688982963562,Socket
/home/lmy/iot-device-classification/dataset/socket/round4_normal/socket_r4.pcapng,R4,68,681.0382010936737,0.0001598238159203902,1.0849026693904307e-05,5.3807907534064725e-05,3.355077205924317e-05,0.9997419714927673,Socket
/home/lmy/iot-device-classification/dataset/socket/round4_normal/socket_r4.pcapng,R4,69,690.8347702026367,0.0003448688657954335,7.9190285759978e-05,4.721773439086974e-05,2.740153831837233e-05,0.9995013475418091,Socket
/home/lmy/iot-device-classification/dataset/socket/round4_normal/socket_r4.pcapng,R4,70,701.7349512577057,0.00014608894707635045,6.362656858982518e-05,3.130034383502789e-05,2.2090569473220967e-05,0.9997368454933167,Socket
/home/lmy/iot-device-classification/dataset/socket/round4_normal/socket_r4.pcapng,R4,71,711.6164500713348,0.0001865163940237835,1.1937931049033068e-05,3.3281499781878665e-05,2.871639844670426e-05,0.9997395873069763,Socket
/home/lmy/iot-device-classification/dataset/socket/round4_normal/socket_r4.pcapng,R4,72,721.2097263336182,0.0002479461836628616,9.920822049025446e-05,5.2999275794718415e-05,7.961598748806864e-05,0.9995201826095581,Socket
/home/lmy/iot-device-classification/dataset/socket/round4_normal/socket_r4.pcapng,R4,73,731.2293977737427,0.00015845744928810745,5.615230475086719e-05,4.081416773260571e-05,2.659792880876921e-05,0.9997180104255676,Socket
/home/lmy/iot-device-classification/dataset/socket/round4_normal/socket_r4.pcapng,R4,74,742.0991985797882,0.00013348790525924414,5.995309038553387e-05,2.0741910702781752e-05,2.2763200831832364e-05,0.9997630715370178,Socket
/home/lmy/iot-device-classification/dataset/socket/round4_normal/socket_r4.pcapng,R4,75,751.8983390331268,0.0003928635560441762,0.0002144082827726379,2.3164773665484972e-05,3.547018422977999e-05,0.9993340373039246,Socket
/home/lmy/iot-device-classification/dataset/socket/round4_normal/socket_r4.pcapng,R4,76,760.0022573471069,0.00017417735944036394,7.162820838857442e-05,5.1885199354728684e-05,2.5487050152150914e-05,0.9996768236160278,Socket
/home/lmy/iot-device-classification/dataset/socket/round4_normal/socket_r4.pcapng,R4,77,771.5107581615448,0.00014137523248791695,5.0971000746358186e-05,2.5390874725417234e-05,2.372357266722247e-05,0.9997585415840149,Socket
/home/lmy/iot-device-classification/dataset/socket/round4_normal/socket_r4.pcapng,R4,78,782.3825674057007,0.0003418601118028164,0.00027754702023230493,1.3744849638896994e-05,2.58270520134829e-05,0.9993409514427185,Socket
/home/lmy/iot-device-classification/dataset/socket/round4_normal/socket_r4.pcapng,R4,79,790.0470950603485,0.00023283566406462342,0.00010190770262852311,5.7027224102057517e-05,1.8772667317534797e-05,0.9995895028114319,Socket
/home/lmy/iot-device-classification/dataset/socket/round4_normal/socket_r4.pcapng,R4,80,802.0034744739532,0.00012241491640452296,4.591698234435171e-05,4.0508068195777014e-05,2.5206158170476556e-05,0.999765932559967,Socket
/home/lmy/iot-device-classification/dataset/socket/round4_normal/socket_r4.pcapng,R4,81,812.8963944911957,0.00017903291154652834,1.5023043488326948e-05,3.239730358473025e-05,2.7846384909935296e-05,0.9997456669807434,Socket
/home/lmy/iot-device-classification/dataset/socket/round4_normal/socket_r4.pcapng,R4,82,820.3038725852966,0.00014491255569737405,0.00014268863014876842,4.370952592580579e-05,2.1189747712924145e-05,0.9996474981307983,Socket
/home/lmy/iot-device-classification/dataset/socket/round4_normal/socket_r4.pcapng,R4,83,832.5263481140137,0.00019020153558813035,8.52041703183204e-05,7.145643030526116e-05,2.2805394110037014e-05,0.999630331993103,Socket
/home/lmy/iot-device-classification/dataset/socket/round4_normal/socket_r4.pcapng,R4,84,842.3289556503296,0.0002925285662058741,7.365280907833949e-05,4.282868030713871e-05,6.64176041027531e-05,0.9995245933532715,Socket
/home/lmy/iot-device-classification/dataset/socket/round4_normal/socket_r4.pcapng,R4,85,850.5650327205658,0.00018968518998008221,7.756822742521763e-05,5.090431295684539e-05,2.703030622797087e-05,0.9996547698974609,Socket
/home/lmy/iot-device-classification/dataset/socket/round4_normal/socket_r4.pcapng,R4,86,862.0753929615021,0.0001882526557892561,5.818240242660977e-05,2.841311834345106e-05,2.7640238840831444e-05,0.9996975660324097,Socket
/home/lmy/iot-device-classification/dataset/socket/round4_normal/socket_r4.pcapng,R4,87,872.9645884037018,0.0002679178724065423,0.0003185316454619169,1.4359447050082963e-05,2.5040693799383007e-05,0.9993742108345032,Socket
/home/lmy/iot-device-classification/dataset/socket/round4_normal/socket_r4.pcapng,R4,88,880.607319355011,0.00015355358482338488,0.00021816104708705097,4.469239866011776e-05,2.2279349650489166e-05,0.9995612502098083,Socket
/home/lmy/iot-device-classification/dataset/socket/round4_normal/socket_r4.pcapng,R4,89,892.5326917171478,0.0001838770549511537,6.034184116288088e-05,5.291731213219464e-05,3.7705074646510184e-05,0.9996651411056519,Socket
/home/lmy/iot-device-classification/dataset/socket/round4_normal/socket_r4.pcapng,R4,90,902.3436546325684,0.0004908487317152321,0.00034525245428085327,2.452360058669001e-05,2.909973045461811e-05,0.9991102814674377,Socket
/home/lmy/iot-device-classification/dataset/socket/round4_normal/socket_r4.pcapng,R4,91,910.860630750656,0.00012892615632154047,0.00024377708905376494,4.423911013873294e-05,3.647254561656155e-05,0.9995465874671936,Socket
/home/lmy/iot-device-classification/dataset/socket/round4_normal/socket_r4.pcapng,R4,92,922.9809346199036,0.0001506729458924383,8.859527042659465e-06,5.492012860486284e-05,2.8906672014272772e-05,0.9997566342353821,Socket
/home/lmy/iot-device-classification/dataset/socket/round4_normal/socket_r4.pcapng,R4,93,932.780336856842,0.0002098564727930352,4.42392956756521e-05,5.666268043569289e-05,4.115808042115532e-05,0.9996480941772461,Socket
/home/lmy/iot-device-classification/dataset/socket/round4_normal/socket_r4.pcapng,R4,94,941.0118169784546,5.299669282976538e-05,3.1895677238935605e-05,8.289916149806231e-05,1.658229848544579e-05,0.9998156428337097,Socket
/home/lmy/iot-device-classification/dataset/socket/round4_normal/socket_r4.pcapng,R4,95,953.4922461509703,0.0007478190818801522,5.320258787833154e-05,0.00028819311410188675,2.1621803171001375e-05,0.998889148235321,Socket
/home/lmy/iot-device-classification/dataset/socket/round4_normal/socket_r4.pcapng,R4,96,963.300047636032,0.00031001868774183095,0.00022569228895008564,2.1565005226875655e-05,2.672916707524564e-05,0.9994159936904907,Socket
/home/lmy/iot-device-classification/dataset/socket/round4_normal/socket_r4.pcapng,R4,97,973.1130661964417,0.0003303472767584026,3.363733776495792e-05,9.81699995463714e-05,3.786220622714609e-05,0.9994999170303345,Socket
/home/lmy/iot-device-classification/dataset/socket/round4_normal/socket_r4.pcapng,R4,98,982.9209506511688,0.00019057274039369076,3.814501906163059e-05,8.037246880121529e-05,2.954147566924803e-05,0.9996613264083862,Socket
/home/lmy/iot-device-classification/dataset/socket/round4_normal/socket_r4.pcapng,R4,99,993.7909526824952,0.0004490093851927668,3.014010508195497e-05,1.746919224387966e-05,2.701993980736006e-05,0.9994763731956482,Socket
/home/lmy/iot-device-classification/dataset/socket/round4_normal/socket_r4.pcapng,R4,100,1003.6391592025756,0.00017343992658425122,7.844892388675362e-05,6.866577314212918e-05,1.8722475942922756e-05,0.9996607303619385,Socket
/home/lmy/iot-device-classification/dataset/socket/round4_normal/socket_r4.pcapng,R4,101,1013.5375781059264,0.0003695911436807364,4.364837514003739e-05,6.0887730796821415e-05,2.523510920582339e-05,0.9995006322860718,Socket
/home/lmy/iot-device-classification/dataset/socket/round4_normal/socket_r4.pcapng,R4,102,1023.3120474815368,0.026652002707123756,0.0007477126782760024,0.0002411780005786568,0.00017112588102463633,0.9721880555152893,Socket
/home/lmy/iot-device-classification/dataset/socket/round4_normal/socket_r4.pcapng,R4,103,1033.0899693965912,0.0005726605304516852,3.5981669498141855e-05,7.416091102641076e-05,2.2566993720829487e-05,0.999294638633728,Socket
/home/lmy/iot-device-classification/dataset/socket/round4_normal/socket_r4.pcapng,R4,104,1040.8093299865725,0.00025565287796780467,6.30338690825738e-05,2.5485722289886326e-05,2.7296360713080503e-05,0.9996285438537598,Socket
/home/lmy/iot-device-classification/dataset/socket/round4_normal/socket_r4.pcapng,R4,105,1053.809482574463,0.0004582223773468286,5.80352934775874e-05,3.4992870496353135e-05,4.543250543065369e-05,0.9994033575057983,Socket
/home/lmy/iot-device-classification/dataset/socket/round4_normal/socket_r4.pcapng,R4,106,1063.628806591034,0.00026393504231236875,5.866490027983673e-05,4.669895497499965e-05,2.8745871532009915e-05,0.9996020197868347,Socket
/home/lmy/iot-device-classification/dataset/socket/round4_normal/socket_r4.pcapng,R4,107,1073.440318107605,0.00010233832290396094,8.87334972503595e-05,8.398442878387868e-05,9.21156897675246e-05,0.9996328353881836,Socket
/home/lmy/iot-device-classification/dataset/socket/round4_normal/socket_r4.pcapng,R4,108,1081.0274240970612,0.00020575578673742712,0.0033390631433576345,0.0001492633018642664,8.438951772404835e-05,0.9962215423583984,Socket
/home/lmy/iot-device-classification/dataset/socket/round4_normal/socket_r4.pcapng,R4,109,1094.1210253238678,0.00044457646436057985,8.675010758452117e-05,2.9488985092029907e-05,3.0197972591849975e-05,0.9994089603424072,Socket
/home/lmy/iot-device-classification/dataset/socket/round4_normal/socket_r4.pcapng,R4,110,1103.8940689563751,0.00026837183395400643,5.5970551329664886e-05,4.393174822325818e-05,2.3722306650597602e-05,0.9996079802513123,Socket
/home/lmy/iot-device-classification/dataset/socket/round4_normal/socket_r4.pcapng,R4,111,1112.1041202545166,0.0002554721140768379,3.9751070289639756e-05,3.793764335568994e-05,6.277784268604591e-05,0.9996040463447571,Socket
/home/lmy/iot-device-classification/dataset/socket/round4_normal/socket_r4.pcapng,R4,112,1123.4811761379242,0.0003097898734267801,3.781654595513828e-05,6.721389945596457e-05,4.640358019969426e-05,0.999538779258728,Socket
/home/lmy/iot-device-classification/dataset/socket/round4_normal/socket_r4.pcapng,R4,113,1134.4001984596252,0.0005609698127955198,3.8568847230635583e-05,4.7617813834222034e-05,2.663084706000518e-05,0.999326229095459,Socket
/home/lmy/iot-device-classification/dataset/socket/round4_normal/socket_r4.pcapng,R4,114,1144.198636054993,0.0005669898819178343,4.246434036758728e-05,8.51029617479071e-05,3.665143594844267e-05,0.9992688298225403,Socket
/home/lmy/iot-device-classification/dataset/socket/round4_normal/socket_r4.pcapng,R4,115,1154.0024008750916,0.00026931840693578124,5.817929559270851e-05,7.251780334627256e-05,2.6491716198506765e-05,0.9995735287666321,Socket
/home/lmy/iot-device-classification/dataset/socket/round4_normal/socket_r4.pcapng,R4,116,1162.4473745822906,0.00017088417371269315,9.410535858478397e-05,3.0606886866735294e-05,3.0774743208894506e-05,0.99967360496521,Socket
/home/lmy/iot-device-classification/dataset/socket/round4_normal/socket_r4.pcapng,R4,117,1174.80117726326,0.0003487983194645494,0.0004691207141149789,1.5031480870675296e-05,2.3057426005834714e-05,0.9991439580917358,Socket
/home/lmy/iot-device-classification/dataset/socket/round4_normal/socket_r4.pcapng,R4,118,1184.592836856842,0.000594817625824362,0.0001896304020192474,2.2010173779563047e-05,7.91549391578883e-05,0.9991143345832825,Socket
/home/lmy/iot-device-classification/dataset/socket/round4_normal/socket_r4.pcapng,R4,119,1194.423231124878,0.00018148629169445485,4.817119406652637e-05,6.0668549849651754e-05,2.0683446564362384e-05,0.999688982963562,Socket
/home/lmy/iot-device-classification/dataset/socket/round4_normal/socket_r4.pcapng,R4,120,1200.0353724956512,0.0007259293342940509,0.0006267284625209868,0.00013122480595484376,5.7975983509095386e-05,0.9984581470489502,Socket
/home/lmy/iot-device-classification/dataset/socket/round4_normal/socket_r4.pcapng,R4,121,1210.9892811775208,1.4103836292633787e-05,0.0015250763390213251,9.181519999401644e-05,3.861833465634845e-05,0.9983304142951965,Socket
/home/lmy/iot-device-classification/dataset/socket/round4_normal/socket_r4.pcapng,R4,122,1224.9720599651337,0.0003828003827948123,8.433024777332321e-05,5.94418597756885e-05,1.7065138308680616e-05,0.9994563460350037,Socket
/home/lmy/iot-device-classification/dataset/socket/round4_normal/socket_r4.pcapng,R4,123,1234.7813272476196,0.0012462782906368375,0.00015259362407959998,2.9205608370830305e-05,4.6283039409900084e-05,0.9985256791114807,Socket
/home/lmy/iot-device-classification/dataset/socket/round4_normal/socket_r4.pcapng,R4,124,1244.5958712100985,0.00030048118787817657,0.00011980914860032499,4.09930944442749e-05,3.1536994356429204e-05,0.9995071887969971,Socket
/home/lmy/iot-device-classification/dataset/socket/round4_normal/socket_r4.pcapng,R4,125,1250.033621788025,0.00041562982369214296,0.00019742180302273482,0.00015091148088686168,1.6211721231229603e-05,0.9992197751998901,Socket
/home/lmy/iot-device-classification/dataset/socket/round4_normal/socket_r4.pcapng,R4,126,1260.0205950737,0.0004205518343951553,0.0006917535210959613,3.789307447732426e-05,1.9243441784055904e-05,0.9988306164741516,Socket
/home/lmy/iot-device-classification/dataset/socket/round4_normal/socket_r4.pcapng,R4,127,1275.0955893993378,0.00026593473739922047,8.442257239948958e-05,7.004178769420832e-05,2.852982834156137e-05,0.999550998210907,Socket
/home/lmy/iot-device-classification/dataset/socket/round4_normal/socket_r4.pcapng,R4,128,1284.9035348892212,0.0002116225950885564,0.0002102749131154269,4.317419370636344e-05,5.4939086112426594e-05,0.9994800686836243,Socket
/home/lmy/iot-device-classification/dataset/socket/round4_normal/socket_r4.pcapng,R4,129,1290.3639998435974,0.0008291376288980246,0.0008129790076054633,0.00014089519390836358,5.170901567908004e-05,0.9981653094291687,Socket
/home/lmy/iot-device-classification/dataset/socket/round4_normal/socket_r4.pcapng,R4,130,1300.0277223587036,0.0002452706976328045,0.00013362584286369383,9.410184429725632e-05,1.0870424375752918e-05,0.9995161294937134,Socket
/home/lmy/iot-device-classification/dataset/socket/round4_normal/socket_r4.pcapng,R4,131,1310.0540401935575,0.00038137412047944963,0.00018580362666398287,9.160837362287566e-05,1.135565707954811e-05,0.9993299245834351,Socket
/home/lmy/iot-device-classification/dataset/socket/round4_normal/socket_r4.pcapng,R4,132,1320.0753424167633,0.0008879149681888521,0.00011530148913152516,0.0001150339376181364,3.256585478084162e-05,0.9988491535186768,Socket
/home/lmy/iot-device-classification/dataset/socket/round4_normal/socket_r4.pcapng,R4,133,1331.295976638794,0.00023686762142460793,0.0003232752496842295,0.0001290671934839338,0.00035935387131758034,0.9989514350891113,Socket
/home/lmy/iot-device-classification/dataset/socket/round4_normal/socket_r4.pcapng,R4,134,1340.6064205169678,0.00037781824357807636,0.00016297124966513366,8.092374628176913e-05,2.326391222595703e-05,0.9993550181388855,Socket
/home/lmy/iot-device-classification/dataset/socket/round4_normal/socket_r4.pcapng,R4,135,1350.395869255066,0.0006861183210276067,0.00021286944684106857,5.6934746680781245e-05,1.9597355276346207e-05,0.999024510383606,Socket
/home/lmy/iot-device-classification/dataset/socket/round4_normal/socket_r4.pcapng,R4,136,1360.1678788661957,0.0006994579453021288,0.00017749398830346763,0.0001736769190756604,1.5048835848574527e-05,0.9989343285560608,Socket
/home/lmy/iot-device-classification/dataset/socket/round4_normal/socket_r4.pcapng,R4,137,1370.0354497432709,0.00025131250731647015,0.00026449133292771876,4.3449148506624624e-05,1.530938607174903e-05,0.9994254112243652,Socket
/home/lmy/iot-device-classification/dataset/socket/round4_normal/socket_r4.pcapng,R4,138,1380.837856054306,0.00037031559622846544,0.0003593576839193702,2.7346259230398573e-05,2.610633055155631e-05,0.9992169141769409,Socket
/home/lmy/iot-device-classification/dataset/socket/round4_normal/socket_r4.pcapng,R4,139,1390.654846906662,0.0005458661471493542,0.0001438237668480724,7.911805005278438e-05,1.949707257153932e-05,0.9992116689682007,Socket
/home/lmy/iot-device-classification/dataset/socket/round4_normal/socket_r4.pcapng,R4,140,1400.4492218494415,0.0004091542214155197,0.00018468196503818035,8.036381041165441e-05,1.899082781164907e-05,0.9993067979812622,Socket
/home/lmy/iot-device-classification/dataset/socket/round4_normal/socket_r4.pcapng,R4,141,1410.2476346492767,0.000868567731231451,0.0008789653657004237,0.00015353150956798345,0.00011575745156733319,0.9979830980300903,Socket
/home/lmy/iot-device-classification/dataset/socket/round4_normal/socket_r4.pcapng,R4,142,1421.191276550293,0.0003159439074806869,0.0001819747412810102,6.01855426793918e-05,4.812387123820372e-05,0.9993938207626343,Socket
/home/lmy/iot-device-classification/dataset/socket/round4_normal/socket_r4.pcapng,R4,143,1431.0003325939178,0.0007318380521610379,0.0002382246748311445,0.00016805841005407274,1.4815558643022086e-05,0.9988470077514648,Socket
/home/lmy/iot-device-classification/dataset/socket/round4_normal/socket_r4.pcapng,R4,144,1440.809462070465,0.00013942568330094218,0.00043147357064299285,3.44055806635879e-05,9.590916306478903e-05,0.9992988109588623,Socket
/home/lmy/iot-device-classification/dataset/socket/round4_normal/socket_r4.pcapng,R4,145,1450.6548924446106,0.00021530649974010885,0.00012142991909058765,9.857581608230248e-05,1.557547875563614e-05,0.9995490908622742,Socket
/home/lmy/iot-device-classification/dataset/socket/round4_normal/socket_r4.pcapng,R4,146,1461.6112849712372,0.0002128288324456662,0.00018894975073635578,7.364073826465756e-05,2.7526693884283304e-05,0.9994970560073853,Socket
/home/lmy/iot-device-classification/dataset/socket/round4_normal/socket_r4.pcapng,R4,147,1471.40212059021,0.0005461262189783156,0.0001622062991373241,4.3508516682777554e-05,1.7369242414133623e-05,0.9992307424545288,Socket
/home/lmy/iot-device-classification/dataset/socket/round4_normal/socket_r4.pcapng,R4,148,1480.9955830574036,2.047893030976411e-05,0.0011710303369909525,4.5869292080169544e-05,2.739173942245543e-05,0.998735249042511,Socket
/home/lmy/iot-device-classification/dataset/socket/round4_normal/socket_r4.pcapng,R4,149,1491.0151197910309,0.0004119781660847366,0.00012168828106950969,0.00013232993660494685,1.4944201211619657e-05,0.9993190765380859,Socket
/home/lmy/iot-device-classification/dataset/socket/round4_normal/socket_r4.pcapng,R4,150,1500.8261771202087,0.0005392004386521876,0.0008110948256216943,2.1081870727357455e-05,2.2472780983662233e-05,0.9986061453819275,Socket
/home/lmy/iot-device-classification/dataset/socket/round4_normal/socket_r4.pcapng,R4,151,1511.7760217189789,0.0002736987662501633,8.650682138977572e-05,2.556292929511983e-05,1.9235774743719958e-05,0.9995949864387512,Socket
/home/lmy/iot-device-classification/dataset/socket/round4_normal/socket_r4.pcapng,R4,152,1520.0826408863068,0.00019259667897131294,7.321644079638645e-05,3.184818706358783e-05,4.3393658415880054e-05,0.9996589422225952,Socket
/home/lmy/iot-device-classification/dataset/socket/round4_normal/socket_r4.pcapng,R4,153,1530.0526189804075,0.0003495703567750752,0.00012066114140907302,5.0819544412661344e-05,4.9605445383349434e-05,0.9994292855262756,Socket
/home/lmy/iot-device-classification/dataset/socket/round4_normal/socket_r4.pcapng,R4,154,1540.028575181961,0.00020758170285262167,0.00020469854644034058,8.896359940990806e-05,1.871089989435859e-05,0.9994800686836243,Socket
/home/lmy/iot-device-classification/dataset/socket/round4_normal/socket_r4.pcapng,R4,155,1550.0851628780365,0.00010011517588282004,0.00033243364305235445,4.5742574002360925e-05,2.1234429368632846e-05,0.9995005130767822,Socket
/home/lmy/iot-device-classification/dataset/socket/round4_normal/socket_r4.pcapng,R4,156,1560.046242237091,0.0003792269853875041,0.00013804157788399607,7.015623123152182e-05,2.758020673354622e-05,0.9993849992752075,Socket
/home/lmy/iot-device-classification/dataset/socket/round4_normal/socket_r4.pcapng,R4,157,1570.0364954471588,0.00018234943854622543,0.0002820724621415138,2.11128281080164e-05,2.2584321413887665e-05,0.999491810798645,Socket
/home/lmy/iot-device-classification/dataset/socket/round4_normal/socket_r4.pcapng,R4,158,1580.132000207901,0.00017367786495015025,0.00023237141431309283,0.00013837525330018252,1.1688375707308296e-05,0.9994438290596008,Socket
/home/lmy/iot-device-classification/dataset/socket/round4_normal/socket_r4.pcapng,R4,159,1590.4018988609314,0.00012170826084911823,0.00041994359344244003,5.091163984616287e-05,1.7668660802883096e-05,0.9993897676467896,Socket
/home/lmy/iot-device-classification/dataset/socket/round4_normal/socket_r4.pcapng,R4,160,1600.3976755142212,6.423126615118235e-05,0.0001571853645145893,0.00012663318193517625,1.5732233805465512e-05,0.999636173248291,Socket
/home/lmy/iot-device-classification/dataset/socket/round4_normal/socket_r4.pcapng,R4,161,1610.2555148601532,3.5472563467919827e-05,0.00021712924353778362,7.423610077239573e-05,1.941957452800125e-05,0.999653697013855,Socket
/home/lmy/iot-device-classification/dataset/socket/round4_normal/socket_r4.pcapng,R4,162,1620.3522396087646,4.4009226257912815e-05,0.00032103818375617266,7.98782057245262e-05,5.614224573946558e-05,0.9994989633560181,Socket
/home/lmy/iot-device-classification/dataset/socket/round4_normal/socket_r4.pcapng,R4,163,1630.4502000808716,0.00030208544922061265,5.371623774408363e-05,0.00010445758380228654,1.8879060007748194e-05,0.9995208978652954,Socket
/home/lmy/iot-device-classification/dataset/socket/round4_normal/socket_r4.pcapng,R4,164,1640.5132365226746,6.512943218695e-05,0.0002903689455706626,7.485229434678331e-05,2.4026778191910125e-05,0.9995456337928772,Socket
/home/lmy/iot-device-classification/dataset/socket/round4_normal/socket_r4.pcapng,R4,165,1650.6085278987885,0.0001352563122054562,0.0003004239988513291,2.700339609873481e-05,3.17005324177444e-05,0.9995056390762329,Socket
/home/lmy/iot-device-classification/dataset/socket/round4_normal/socket_r4.pcapng,R4,166,1660.7037012577057,0.00015952307148836553,0.00014761241618543863,9.345397120341659e-05,2.0515257347142324e-05,0.9995788931846619,Socket
/home/lmy/iot-device-classification/dataset/socket/round4_normal/socket_r4.pcapng,R4,167,1670.6675415039062,0.0004277785774320364,0.00017863314133137465,8.204771438613534e-05,1.1018641998816747e-05,0.999300479888916,Socket
/home/lmy/iot-device-classification/dataset/socket/round4_normal/socket_r4.pcapng,R4,168,1680.762495279312,0.0004035324091091752,0.000346778251696378,7.028276013443246e-05,3.2144205761142075e-05,0.9991472959518433,Socket
/home/lmy/iot-device-classification/dataset/socket/round4_normal/socket_r4.pcapng,R4,169,1690.8584070205688,8.081120904535055e-05,0.00027253187727183104,7.407863449770957e-05,1.4811205801379401e-05,0.9995577931404114,Socket
/home/lmy/iot-device-classification/dataset/socket/round4_normal/socket_r4.pcapng,R4,170,1700.9230241775513,0.00019883684581145644,4.927098780171946e-05,0.00011043910490116104,1.1760346751543693e-05,0.9996296167373657,Socket
/home/lmy/iot-device-classification/dataset/socket/round4_normal/socket_r4.pcapng,R4,171,1710.915598154068,7.93558283476159e-05,0.0003562833007890731,2.510975900804624e-05,3.636082328739576e-05,0.9995028972625732,Socket
/home/lmy/iot-device-classification/dataset/socket/round4_normal/socket_r4.pcapng,R4,172,1720.9809651374817,0.0001626406447030604,4.180065661785193e-05,0.00011667371290968731,1.3341371413844172e-05,0.9996654987335205,Socket
/home/lmy/iot-device-classification/dataset/socket/round4_normal/socket_r4.pcapng,R4,173,1731.07683467865,0.00016111208242364228,0.00028778004343621433,3.534285133355297e-05,3.487640788080171e-05,0.9994809031486511,Socket
/home/lmy/iot-device-classification/dataset/socket/round4_normal/socket_r4.pcapng,R4,174,1740.0514404773712,0.000388239452149719,7.298682612599805e-05,2.9627979529323056e-05,4.618585808202624e-05,0.9994630217552185,Socket
/home/lmy/iot-device-classification/dataset/socket/round4_normal/socket_r4.pcapng,R4,175,1751.2385869026184,0.000284416601061821,0.00014523419667966664,7.854533032514155e-05,1.3361437595449388e-05,0.9994785189628601,Socket
/home/lmy/iot-device-classification/dataset/socket/round4_normal/socket_r4.pcapng,R4,176,1761.3335480690002,0.0004691994108725339,0.0004054259625263512,4.1761057218536735e-05,4.603685374604538e-05,0.9990376234054565,Socket
/home/lmy/iot-device-classification/dataset/socket/round4_normal/socket_r4.pcapng,R4,177,1771.4283556938171,0.00033892301144078374,0.0001756896381266415,1.648599027248565e-05,2.8578622732311487e-05,0.9994402527809143,Socket
/home/lmy/iot-device-classification/dataset/socket/round4_normal/socket_r4.pcapng,R4,178,1781.390876531601,0.00016595909255556762,3.264268525526859e-05,6.767269951524213e-05,1.732983764668461e-05,0.9997163414955139,Socket
/home/lmy/iot-device-classification/dataset/socket/round4_normal/socket_r4.pcapng,R4,179,1791.4867994785309,3.751293843379244e-05,0.00048728007823228836,3.363696305314079e-05,3.0913619411876425e-05,0.9994106292724609,Socket
/home/lmy/iot-device-classification/dataset/socket/round4_normal/socket_r4.pcapng,R4,180,1801.0467293262482,0.00015678037016186863,0.00038067303830757737,2.6256233468302526e-05,2.612662319734227e-05,0.9994101524353027,Socket
/home/lmy/iot-device-classification/dataset/socket/round4_normal/socket_r4.pcapng,R4,181,1811.650336265564,0.00017072899208869785,4.9031994421966374e-05,2.3560633053421043e-05,2.5569021090632305e-05,0.9997311234474182,Socket
/home/lmy/iot-device-classification/dataset/socket/round4_normal/socket_r4.pcapng,R4,182,1821.7428081035612,0.00014446677232626826,0.00018821455887518823,5.9622558183036745e-05,1.809859531931579e-05,0.9995896220207214,Socket
/home/lmy/iot-device-classification/dataset/socket/round4_normal/socket_r4.pcapng,R4,183,1831.80743765831,0.0004910060088150203,3.5139360988978297e-05,4.1758641600608826e-05,2.4508661226718687e-05,0.9994076490402222,Socket
/home/lmy/iot-device-classification/dataset/socket/round4_normal/socket_r4.pcapng,R4,184,1841.800176858902,0.00020006069098599255,0.00019830852397717535,4.543223258224316e-05,2.1673336959793232e-05,0.9995344877243042,Socket
/home/lmy/iot-device-classification/dataset/socket/round4_normal/socket_r4.pcapng,R4,185,1851.897214651108,0.00024072239466477185,9.860128920990974e-05,7.316833216464147e-05,1.9393964976188727e-05,0.9995681643486023,Socket
/home/lmy/iot-device-classification/dataset/socket/round4_normal/socket_r4.pcapng,R4,186,1861.9620518684387,0.0003015332040376961,0.0002899661485571414,2.153642344637774e-05,4.586395152728073e-05,0.9993410706520081,Socket
/home/lmy/iot-device-classification/dataset/socket/round4_normal/socket_r4.pcapng,R4,187,1872.057455778122,0.0002344124368391931,0.00025528063997626305,5.080007395008579e-05,1.9589244402595796e-05,0.9994398951530457,Socket
/home/lmy/iot-device-classification/dataset/socket/round4_normal/socket_r4.pcapng,R4,188,1882.1509449481964,0.00021003875008318573,0.00018236339383292943,0.00014965824084356427,1.3555915757024195e-05,0.9994444251060486,Socket
/home/lmy/iot-device-classification/dataset/socket/round4_normal/socket_r4.pcapng,R4,189,1892.1150834560397,0.00032182689756155014,0.0003118167514912784,1.7392138033756055e-05,3.873166861012578e-05,0.9993102550506592,Socket
/home/lmy/iot-device-classification/dataset/socket/round4_normal/socket_r4.pcapng,R4,190,1902.2090513706207,0.00016028872050810605,7.453904981957749e-05,3.370122431078926e-05,3.743718480109237e-05,0.9996941089630127,Socket
/home/lmy/iot-device-classification/dataset/socket/round4_normal/socket_r4.pcapng,R4,191,1912.303117275238,0.00020188043708913028,5.1027793233515695e-05,0.00010045884118881077,1.6154877812368795e-05,0.9996304512023926,Socket
/home/lmy/iot-device-classification/dataset/socket/round4_normal/socket_r4.pcapng,R4,192,1922.366097688675,0.00027611051336862147,3.5543627745937556e-05,4.031890784972347e-05,3.848849519272335e-05,0.9996095299720764,Socket
/home/lmy/iot-device-classification/dataset/socket/round4_normal/socket_r4.pcapng,R4,193,1931.0078854560848,4.007413372164592e-05,0.0004218525136820972,5.124953167978674e-05,3.6758239730261266e-05,0.9994500279426575,Socket
/home/lmy/iot-device-classification/dataset/socket/round4_normal/socket_r4.pcapng,R4,194,1941.7065920829773,0.0002167493657907471,0.00019812420941889286,4.284536043996923e-05,0.00026524567510932684,0.9992770552635193,Socket
/home/lmy/iot-device-classification/dataset/socket/round4_normal/socket_r4.pcapng,R4,195,1952.518610954285,0.00016842180048115551,0.0005534976371563971,2.6213147066300735e-05,4.672820432460867e-05,0.9992051720619202,Socket
/home/lmy/iot-device-classification/dataset/socket/round4_normal/socket_r4.pcapng,R4,196,1960.0296576023104,0.00023533728381153196,0.00023189341300167143,0.00019012247503269464,4.391003312775865e-05,0.9992986917495728,Socket
/home/lmy/iot-device-classification/dataset/socket/round4_normal/socket_r4.pcapng,R4,197,1972.6764459609983,0.0003648513520602137,6.739487434970215e-05,0.00015264979447238147,1.8758302758214995e-05,0.9993963241577148,Socket
/home/lmy/iot-device-classification/dataset/socket/round4_normal/socket_r4.pcapng,R4,198,1982.7700815200808,0.00042745438986457884,8.704759966349229e-05,4.28342136729043e-05,4.0649643779033795e-05,0.9994020462036133,Socket
/home/lmy/iot-device-classification/dataset/socket/round4_normal/socket_r4.pcapng,R4,199,1992.7668118476868,9.146572119789198e-05,0.00024532791576348245,4.694594827014953e-05,1.9678644093801267e-05,0.9995966553688049,Socket
/home/lmy/iot-device-classification/dataset/socket/round4_normal/socket_r4.pcapng,R4,200,2000.080296278,0.0001893161388579756,9.215276077156886e-05,3.612289947341196e-05,3.6349872971186414e-05,0.9996460676193237,Socket
/home/lmy/iot-device-classification/dataset/socket/round4_normal/socket_r4.pcapng,R4,201,2010.031352758408,0.0003803095023613423,9.492688695900142e-05,4.0647941204952076e-05,3.9135542465373874e-05,0.9994450211524963,Socket
/home/lmy/iot-device-classification/dataset/socket/round4_normal/socket_r4.pcapng,R4,202,2020.0282742977145,0.000232640202739276,6.090193710406311e-05,9.359583054902032e-05,1.5390347471111454e-05,0.9995974898338318,Socket
/home/lmy/iot-device-classification/dataset/socket/round4_normal/socket_r4.pcapng,R4,203,2030.005942106247,0.000121764671348501,2.947362736449577e-05,9.379786934005097e-05,2.2199326849658974e-05,0.9997327923774719,Socket
/home/lmy/iot-device-classification/dataset/socket/round4_normal/socket_r4.pcapng,R4,204,2040.0808699131007,0.0001856466697063297,5.5704462283756584e-05,2.6372565116616897e-05,4.606278525898233e-05,0.9996862411499023,Socket
/home/lmy/iot-device-classification/dataset/socket/round4_normal/socket_r4.pcapng,R4,205,2050.0781977176666,0.000370406691217795,8.417980279773474e-05,4.9957045121118426e-05,5.8519275626167655e-05,0.9994369149208069,Socket
/home/lmy/iot-device-classification/dataset/socket/round4_normal/socket_r4.pcapng,R4,206,2060.092223882675,0.000129756037495099,9.474345461057965e-06,3.9234360883710906e-05,4.7232384531525895e-05,0.9997742772102356,Socket
/home/lmy/iot-device-classification/dataset/socket/round4_normal/socket_r4.pcapng,R4,207,2070.020842552185,0.00011382005322957411,0.00031762380967848003,3.275336348451674e-05,5.371737643145025e-05,0.9994820952415466,Socket
/home/lmy/iot-device-classification/dataset/socket/round4_normal/socket_r4.pcapng,R4,208,2080.0500905513763,0.00027736302581615746,0.0003099092573393136,0.00011309915134916082,3.146772360196337e-05,0.999268114566803,Socket
/home/lmy/iot-device-classification/dataset/socket/round4_normal/socket_r4.pcapng,R4,209,2090.057508468628,0.00018485028704162687,4.399275712785311e-05,9.27181972656399e-05,2.358419260417577e-05,0.9996548891067505,Socket
/home/lmy/iot-device-classification/dataset/socket/round4_normal/socket_r4.pcapng,R4,210,2100.083603143692,0.00024339139054063708,7.518064376199618e-05,1.7027135982061736e-05,4.278332198737189e-05,0.9996216297149658,Socket
/home/lmy/iot-device-classification/dataset/socket/round4_normal/socket_r4.pcapng,R4,211,2110.061908721924,0.00017693200788926333,0.00015227377298288047,4.521735536400229e-05,2.541725552873686e-05,0.9996002316474915,Socket
/home/lmy/iot-device-classification/dataset/socket/round4_normal/socket_r4.pcapng,R4,212,2120.024052619934,0.00014970112533774227,0.00020075215434189886,3.4448366932338104e-05,4.2502128053456545e-05,0.9995725750923157,Socket
/home/lmy/iot-device-classification/dataset/socket/round4_normal/socket_r4.pcapng,R4,213,2130.0166597366333,0.0002431237808195874,3.9222064515342936e-05,4.261487629264593e-05,4.15669237554539e-05,0.9996334314346313,Socket
/home/lmy/iot-device-classification/dataset/socket/round4_normal/socket_r4.pcapng,R4,214,2140.016283750534,0.00019047647947445512,3.545785875758156e-05,9.184184455079958e-05,3.304802885395475e-05,0.999649167060852,Socket
/home/lmy/iot-device-classification/dataset/socket/round4_normal/socket_r4.pcapng,R4,215,2150.087154150009,0.00010287956683896482,0.00016315438551828265,3.406896939850412e-05,3.1713883799966425e-05,0.9996682405471802,Socket
/home/lmy/iot-device-classification/dataset/socket/round4_normal/socket_r4.pcapng,R4,216,2160.0663554668427,0.00017280172323808074,0.0001319331058766693,1.235184845427284e-05,4.3690823076758534e-05,0.9996391534805298,Socket
/home/lmy/iot-device-classification/dataset/socket/round4_normal/socket_r4.pcapng,R4,217,2170.0622086524963,0.00019016004807781428,3.474716140772216e-05,8.549460471840575e-05,1.6100479115266353e-05,0.9996734857559204,Socket
/home/lmy/iot-device-classification/dataset/socket/round4_normal/socket_r4.pcapng,R4,218,2180.1230025291443,0.00014585434109903872,1.2190905181341805e-05,3.89310262107756e-05,3.7661666283383965e-05,0.9997653365135193,Socket
/home/lmy/iot-device-classification/dataset/socket/round4_normal/socket_r4.pcapng,R4,219,2190.117927789688,0.00017569572082720697,8.250555401900783e-05,1.8733315300778486e-05,4.900947169517167e-05,0.9996740818023682,Socket
/home/lmy/iot-device-classification/dataset/socket/round4_normal/socket_r4.pcapng,R4,220,2200.079195022583,2.99395414913306e-05,0.00011239515151828527,2.9780983823002316e-05,2.4471926735714078e-05,0.9998034834861755,Socket
/home/lmy/iot-device-classification/dataset/socket/round4_normal/socket_r4.pcapng,R4,221,2210.085296869278,0.00014216979616321623,0.00010665139416232705,2.4286293410114013e-05,3.62106402462814e-05,0.9996906518936157,Socket
/home/lmy/iot-device-classification/dataset/socket/round4_normal/socket_r4.pcapng,R4,222,2220.172102689743,0.00018652364087756723,8.256108412751928e-05,1.6493959265062585e-05,4.6534067223547027e-05,0.9996678829193115,Socket
/home/lmy/iot-device-classification/dataset/socket/round4_normal/socket_r4.pcapng,R4,223,2230.1305820941925,0.0001289620850002393,5.2430692448979244e-05,4.318877472542226e-05,3.414477396290749e-05,0.99974125623703,Socket
/home/lmy/iot-device-classification/dataset/socket/round4_normal/socket_r4.pcapng,R4,224,2240.121416091919,0.0003916614514309913,3.842259684461169e-05,8.458208321826532e-05,2.5446986910537817e-05,0.9994599223136902,Socket
/home/lmy/iot-device-classification/dataset/socket/round4_normal/socket_r4.pcapng,R4,225,2250.2160980701447,0.00022851827088743448,4.044287197757512e-05,4.9645110266283154e-05,3.0850849725538865e-05,0.9996505975723267,Socket
/home/lmy/iot-device-classification/dataset/socket/round4_normal/socket_r4.pcapng,R4,226,2260.188112974167,0.00013653321366291493,6.23214800725691e-05,5.834740659338422e-05,2.4826586013659835e-05,0.9997180104255676,Socket
/home/lmy/iot-device-classification/dataset/socket/round4_normal/socket_r4.pcapng,R4,227,2270.173120260238,0.0001212564020534046,0.00010054954327642918,8.380606595892459e-05,3.2212341466220096e-05,0.9996621608734131,Socket
/home/lmy/iot-device-classification/dataset/socket/round4_normal/socket_r4.pcapng,R4,228,2280.2411942481995,0.0003110331017524004,8.278778113890439e-05,4.570741657516919e-05,8.117180550470948e-05,0.999479353427887,Socket
/home/lmy/iot-device-classification/dataset/socket/round4_normal/socket_r4.pcapng,R4,229,2290.227829694748,0.00018837524112313986,4.2041458073072135e-05,5.894310379517265e-05,2.1035239115008153e-05,0.9996895790100098,Socket
/home/lmy/iot-device-classification/dataset/socket/round4_normal/socket_r4.pcapng,R4,230,2300.226708889008,0.00014652826939709485,7.620742508152034e-06,5.7938330428441986e-05,1.7987011233344674e-05,0.9997699856758118,Socket
/home/lmy/iot-device-classification/dataset/socket/round4_normal/socket_r4.pcapng,R4,231,2310.1846494674683,0.0003658629138953984,0.0003179751511197537,6.713233597110957e-05,0.00015165370132308453,0.9990973472595215,Socket
/home/lmy/iot-device-classification/dataset/socket/round4_normal/socket_r4.pcapng,R4,232,2320.008236169815,0.00012328318553045392,1.0470319466548972e-05,6.805617886129767e-05,2.4569153538323008e-05,0.9997736811637878,Socket
/home/lmy/iot-device-classification/dataset/socket/round4_normal/socket_r4.pcapng,R4,233,2330.273733854294,1.1068602361774538e-05,0.00035745513741858304,8.174059621524066e-05,3.232503877370618e-05,0.9995174407958984,Socket
/home/lmy/iot-device-classification/dataset/socket/round4_normal/socket_r4.pcapng,R4,234,2340.232497692108,3.2808959076646715e-05,0.0003680013760458678,6.003190719638951e-05,2.62069224845618e-05,0.9995129108428955,Socket
/home/lmy/iot-device-classification/dataset/socket/round4_normal/socket_r4.pcapng,R4,235,2350.2270982265472,8.77075653988868e-05,9.202023647958413e-05,2.6358431568951346e-05,2.9702838219236583e-05,0.9997642636299133,Socket
/home/lmy/iot-device-classification/dataset/socket/round4_normal/socket_r4.pcapng,R4,236,2360.299959421158,0.00014557009853888303,7.304653991013765e-05,5.014448470319621e-05,0.00010275153908878565,0.9996284246444702,Socket
/home/lmy/iot-device-classification/dataset/socket/round4_normal/socket_r4.pcapng,R4,237,2370.1785707473755,0.0005133955855853856,8.552309009246528e-05,4.801974137080833e-05,2.8187652787892148e-05,0.9993249177932739,Socket
/home/lmy/iot-device-classification/dataset/socket/round4_normal/socket_r4.pcapng,R4,238,2380.27463722229,0.00020178886188659817,0.00018545197963248938,6.412540096789598e-05,1.990412965824362e-05,0.9995287656784058,Socket
/home/lmy/iot-device-classification/dataset/socket/round4_normal/socket_r4.pcapng,R4,239,2390.442261695862,0.00024294693139381707,3.127792297163978e-05,8.147456537699327e-05,1.9393548427615315e-05,0.9996248483657837,Socket
/home/lmy/iot-device-classification/dataset/socket/round4_normal/socket_r4.pcapng,R4,240,2400.3322026729584,0.00012748637527693063,0.00032330502290278673,3.731511242222041e-05,6.335896614473313e-05,0.9994484782218933,Socket
/home/lmy/iot-device-classification/dataset/socket/round4_normal/socket_r4.pcapng,R4,241,2410.324382543564,0.00010519009811105207,8.197027636924759e-05,8.192135283024982e-05,2.7402924388297834e-05,0.9997034668922424,Socket
/home/lmy/iot-device-classification/dataset/socket/round4_normal/socket_r4.pcapng,R4,242,2420.288328886032,6.511321407742798e-05,0.00020482363470364362,7.926109537947923e-05,2.4369297534576617e-05,0.9996263980865479,Socket
/home/lmy/iot-device-classification/dataset/socket/round4_normal/socket_r4.pcapng,R4,243,2430.485134601593,0.00013186383876018226,0.00030441448325291276,2.3440234144800343e-05,4.857345993514173e-05,0.9994916915893555,Socket
/home/lmy/iot-device-classification/dataset/socket/round4_normal/socket_r4.pcapng,R4,244,2440.344524860382,0.00016572984168305993,9.34696217882447e-05,6.0869482695125043e-05,1.6541236618650146e-05,0.9996633529663086,Socket
/home/lmy/iot-device-classification/dataset/socket/round4_normal/socket_r4.pcapng,R4,245,2450.3376936912537,7.046025712043047e-05,0.00010288293560734019,0.00010149393347091973,2.1436275346786715e-05,0.9997037053108215,Socket
/home/lmy/iot-device-classification/dataset/socket/round4_normal/socket_r4.pcapng,R4,246,2460.331428289413,4.582378824125044e-05,0.000624031585175544,2.958758341264911e-05,4.202665513730608e-05,0.9992584586143494,Socket
/home/lmy/iot-device-classification/dataset/socket/round4_normal/socket_r4.pcapng,R4,247,2470.4109904766083,0.00010895841114688665,0.00027341381064616144,7.766792987240478e-05,2.9174372684792615e-05,0.9995107650756836,Socket
/home/lmy/iot-device-classification/dataset/socket/round4_normal/socket_r4.pcapng,R4,248,2480.386868238449,0.00023458142823074013,9.843312727753073e-05,7.770277443341911e-05,2.9526756406994537e-05,0.9995597004890442,Socket
/home/lmy/iot-device-classification/dataset/socket/round4_normal/socket_r4.pcapng,R4,249,2490.3840947151184,0.00018305255798622966,0.00020842075173277408,3.605192614486441e-05,4.676655589719303e-05,0.9995256662368774,Socket
/home/lmy/iot-device-classification/dataset/socket/round4_normal/socket_r4.pcapng,R4,250,2500.445124387741,9.857195254880935e-05,7.1759830461815e-05,3.825307794613764e-05,2.4970926460810006e-05,0.9997664093971252,Socket
/home/lmy/iot-device-classification/dataset/socket/round4_normal/socket_r4.pcapng,R4,251,2510.438732147217,0.00017213623505085707,0.0001506335538579151,0.00013940868666395545,1.9684004655573517e-05,0.9995181560516357,Socket
/home/lmy/iot-device-classification/dataset/socket/round4_normal/socket_r4.pcapng,R4,252,2520.5350584983826,0.0002756314934231341,3.6734323657583445e-05,5.217337093199603e-05,5.9966481785522774e-05,0.9995754361152649,Socket
/home/lmy/iot-device-classification/dataset/socket/round4_normal/socket_r4.pcapng,R4,253,2530.3948006629944,0.000307065638480708,5.544156738324091e-05,8.051198528846726e-05,2.6539630198385566e-05,0.9995304346084595,Socket
/home/lmy/iot-device-classification/dataset/socket/round4_normal/socket_r4.pcapng,R4,254,2540.487905740738,0.00010806471982505172,0.0001678769913269207,4.187221929896623e-05,2.0821567886741832e-05,0.9996613264083862,Socket
/home/lmy/iot-device-classification/dataset/socket/round4_normal/socket_r4.pcapng,R4,255,2550.452297925949,6.377947283908725e-05,0.0005237041041254997,5.703769056708552e-05,0.00017167968326248229,0.9991838335990906,Socket
/home/lmy/iot-device-classification/dataset/socket/round4_normal/socket_r4.pcapng,R4,256,2560.443328142166,0.0003541309561114758,2.950081034214236e-05,8.474299102090299e-05,1.7537591702421196e-05,0.999514102935791,Socket
/home/lmy/iot-device-classification/dataset/socket/round4_normal/socket_r4.pcapng,R4,257,2570.4359476566315,0.0003282712714280933,8.216304559027776e-05,4.801366594620049e-05,3.151035707560368e-05,0.9995100498199463,Socket
/home/lmy/iot-device-classification/dataset/socket/round4_normal/socket_r4.pcapng,R4,258,2580.5009486675262,0.00015959034499246627,0.0003357522946316749,1.8432619981467724e-05,2.9219527277746238e-05,0.999457061290741,Socket
/home/lmy/iot-device-classification/dataset/socket/round4_normal/socket_r4.pcapng,R4,259,2590.494742631912,0.0004486300749704242,6.0607180785154924e-05,9.32308248593472e-05,2.5271410777349956e-05,0.9993723034858704,Socket
/home/lmy/iot-device-classification/dataset/socket/round4_normal/socket_r4.pcapng,R4,260,2600.5911934375763,0.00035195203963667154,0.00022418312437366694,7.536556950071827e-05,2.711347224249039e-05,0.999321460723877,Socket
/home/lmy/iot-device-classification/dataset/socket/round4_normal/socket_r4.pcapng,R4,261,2610.553210258484,0.00010022523929364979,0.00010219752584816888,4.088776040589437e-05,3.576692324713804e-05,0.9997208714485168,Socket
/home/lmy/iot-device-classification/dataset/socket/round4_normal/socket_r4.pcapng,R4,262,2620.545790910721,0.00033878409885801375,5.376510671339929e-05,8.87545756995678e-05,2.686367770365905e-05,0.999491810798645,Socket
/home/lmy/iot-device-classification/dataset/socket/round4_normal/socket_r4.pcapng,R4,263,2630.5155148506165,0.00017613507225178182,2.884587229345925e-05,7.665056909900159e-05,1.8732724129222333e-05,0.9996997117996216,Socket
/home/lmy/iot-device-classification/dataset/socket/round4_normal/socket_r4.pcapng,R4,264,2640.6062381267548,0.00023127892927732319,6.28055349807255e-05,2.765092722256668e-05,3.470760566415265e-05,0.9996435642242432,Socket
/home/lmy/iot-device-classification/dataset/socket/round4_normal/socket_r4.pcapng,R4,265,2650.596292734146,2.5247962184948847e-05,0.0008878311491571367,3.5535485949367285e-05,2.541726644267328e-05,0.9990259408950806,Socket
/home/lmy/iot-device-classification/dataset/socket/round4_normal/socket_r4.pcapng,R4,266,2660.560238599777,0.00012471132504288107,5.290353510645218e-05,5.287776002660394e-05,2.2389553123502992e-05,0.999747097492218,Socket
/home/lmy/iot-device-classification/dataset/socket/round4_normal/socket_r4.pcapng,R4,267,2670.5524909496307,0.00019809500372502953,5.0644241127884015e-05,3.189501876477152e-05,3.496264253044501e-05,0.9996844530105591,Socket
/home/lmy/iot-device-classification/dataset/socket/round4_normal/socket_r4.pcapng,R4,268,2680.54380607605,0.00031805597245693207,6.617104372708127e-05,6.103658233769238e-05,1.9499553673085757e-05,0.9995352029800415,Socket
/home/lmy/iot-device-classification/dataset/socket/round4_normal/socket_r4.pcapng,R4,269,2690.608819246292,0.00024180737091228366,9.815494559006765e-05,7.908413681434467e-05,2.278368265251629e-05,0.99955815076828,Socket
/home/lmy/iot-device-classification/dataset/socket/round4_normal/socket_r4.pcapng,R4,270,2700.6028549671173,0.00013706902973353863,0.00010425593063700944,3.659053982119076e-05,3.171077332808636e-05,0.9996904134750366,Socket
/home/lmy/iot-device-classification/dataset/socket/round4_normal/socket_r4.pcapng,R4,271,2710.6668977737427,0.00014509794709738344,0.0002540377317927778,0.0001019175469991751,3.0196668376447633e-05,0.9994687438011169,Socket
/home/lmy/iot-device-classification/dataset/socket/round4_normal/socket_r4.pcapng,R4,272,2720.6595005989075,0.00018846742750611156,0.00013594738265965134,6.265957927098498e-05,2.817124914145097e-05,0.9995847344398499,Socket
/home/lmy/iot-device-classification/dataset/socket/round4_normal/socket_r4.pcapng,R4,273,2730.754215717316,0.0002726155798882246,0.00013676111120730639,1.1742007700377144e-05,4.307452400098555e-05,0.9995357990264893,Socket
/home/lmy/iot-device-classification/dataset/socket/round4_normal/socket_r4.pcapng,R4,274,2740.00876903534,0.00017097266390919685,3.575837399694137e-05,0.00010129930888069794,1.4707095033372752e-05,0.999677300453186,Socket
/home/lmy/iot-device-classification/dataset/socket/round4_normal/socket_r4.pcapng,R4,275,2750.7116985321045,9.400981070939451e-05,4.366591019788757e-05,4.4397267629392445e-05,2.5329245545435697e-05,0.9997926354408264,Socket
/home/lmy/iot-device-classification/dataset/socket/round4_normal/socket_r4.pcapng,R4,276,2760.717025279999,0.00017109684995375574,7.400524918921292e-05,3.129243486910127e-05,4.4055184844182804e-05,0.9996795654296875,Socket
/home/lmy/iot-device-classification/dataset/socket/round4_normal/socket_r4.pcapng,R4,277,2770.051819086075,0.0001647803874220699,8.146927575580776e-05,2.7433346986072138e-05,8.617320418125018e-05,0.9996401071548462,Socket
/home/lmy/iot-device-classification/dataset/socket/round4_normal/socket_r4.pcapng,R4,278,2780.6575906276703,0.000141661919769831,3.618700793595053e-05,0.00012762899859808385,1.8629392798175104e-05,0.9996758699417114,Socket
/home/lmy/iot-device-classification/dataset/socket/round4_normal/socket_r4.pcapng,R4,279,2790.722832918167,0.0001219662299263291,3.9861475670477375e-05,3.976298830821179e-05,4.820231333724223e-05,0.9997501969337463,Socket
/home/lmy/iot-device-classification/dataset/socket/round4_normal/socket_r4.pcapng,R4,280,2800.0764331817627,0.00024281984951812774,5.573831367655657e-05,0.00021491668303497136,2.5306822863058187e-05,0.9994612336158752,Socket
/home/lmy/iot-device-classification/dataset/socket/round4_normal/socket_r4.pcapng,R4,281,2810.016444206238,8.585035538999364e-05,0.00010169608140131459,9.844800661085173e-05,1.6578233044128865e-05,0.9996974468231201,Socket
/home/lmy/iot-device-classification/dataset/socket/round4_normal/socket_r4.pcapng,R4,282,2820.364030599594,0.00014031455793883651,0.00040882162284106016,2.0084828065591864e-05,4.070575232617557e-05,0.9993900060653687,Socket
/home/lmy/iot-device-classification/dataset/socket/round4_normal/socket_r4.pcapng,R4,283,2830.0705437660217,0.00020098306413274258,6.491503881989047e-05,8.41388464323245e-05,3.4150063584093004e-05,0.9996157884597778,Socket
/home/lmy/iot-device-classification/dataset/socket/round4_normal/socket_r4.pcapng,R4,284,2840.759567975998,0.00027425886946730316,7.198635285021737e-05,8.107757457764819e-05,5.621995296678506e-05,0.999516487121582,Socket
/home/lmy/iot-device-classification/dataset/socket/round4_normal/socket_r4.pcapng,R4,285,2850.0855588912964,0.00021931249648332596,4.853770587942563e-05,4.830952821066603e-05,5.6013959692791104e-05,0.9996278285980225,Socket
/home/lmy/iot-device-classification/dataset/socket/round4_normal/socket_r4.pcapng,R4,286,2860.000436306,0.00033961216104216874,8.652870019432157e-05,4.241954957251437e-05,2.309643241460435e-05,0.9995083808898926,Socket
/home/lmy/iot-device-classification/dataset/socket/round4_normal/socket_r4.pcapng,R4,287,2870.9178125858307,0.00019745320605579764,4.7101038944674656e-05,0.000115133349027019,1.662220893194899e-05,0.9996236562728882,Socket
/home/lmy/iot-device-classification/dataset/socket/round4_normal/socket_r4.pcapng,R4,288,2880.7727954387665,0.00016231220797635615,0.0003012545930687338,9.63775619311491e-06,6.87630454194732e-05,0.9994580149650574,Socket
/home/lmy/iot-device-classification/dataset/socket/round4_normal/socket_r4.pcapng,R4,289,2890.052980661392,0.0001272452063858509,0.00017682259203866124,3.091595499427058e-05,3.961820402764715e-05,0.9996253252029419,Socket
/home/lmy/iot-device-classification/dataset/socket/round4_normal/socket_r4.pcapng,R4,290,2900.2485580444336,5.752113793278113e-05,0.0004817766312044114,2.7937696359003894e-05,1.7087093510781415e-05,0.9994156360626221,Socket
/home/lmy/iot-device-classification/dataset/socket/round4_normal/socket_r4.pcapng,R4,291,2910.0765404701237,9.989022510126233e-05,0.0005097681423649192,3.412545993342064e-05,6.509726517833769e-05,0.9992910623550415,Socket
/home/lmy/iot-device-classification/dataset/socket/round4_normal/socket_r4.pcapng,R4,292,2920.070747613907,1.5873460142756812e-05,0.004237830638885498,3.831519279628992e-05,6.492676038760692e-05,0.9956430196762085,Socket
/home/lmy/iot-device-classification/dataset/socket/round4_normal/socket_r4.pcapng,R4,293,2930.8828253746037,0.0003724836860783398,7.235840166686103e-05,4.896569953416474e-05,3.796680175582878e-05,0.9994682669639587,Socket
/home/lmy/iot-device-classification/dataset/socket/round4_normal/socket_r4.pcapng,R4,294,2940.361894607544,0.00017227913485839963,0.00026290860841982067,4.869933763984591e-05,2.6479870939510874e-05,0.9994896650314331,Socket
/home/lmy/iot-device-classification/dataset/socket/round4_normal/socket_r4.pcapng,R4,295,2950.123607158661,0.00011300566256977618,0.0001531304296804592,2.7882309950655326e-05,5.8585599617799744e-05,0.9996473789215088,Socket
/home/lmy/iot-device-classification/dataset/socket/round4_normal/socket_r4.pcapng,R4,296,2960.312866926193,0.0002339404309168458,1.2280639566597529e-05,0.0001548279105918482,1.1868764886457939e-05,0.9995871186256409,Socket
/home/lmy/iot-device-classification/dataset/socket/round4_normal/socket_r4.pcapng,R4,297,2970.1298484802246,0.00018332578474655747,0.00022861501201987267,4.2832765757339075e-05,2.6371219064458273e-05,0.999518871307373,Socket
/home/lmy/iot-device-classification/dataset/socket/round4_normal/socket_r4.pcapng,R4,298,2980.050067424774,0.00027901356224901974,0.000266659160843119,4.802417606697418e-05,2.434745147184003e-05,0.9993818998336792,Socket
/home/lmy/iot-device-classification/dataset/socket/round4_normal/socket_r4.pcapng,R4,299,2990.8505234718323,0.00023247489298228174,8.346658432856202e-05,6.146767555037513e-05,2.9320379326236434e-05,0.9995933175086975,Socket
/home/lmy/iot-device-classification/dataset/socket/round4_normal/socket_r4.pcapng,R4,300,3000.643300294876,0.0003533521085046232,8.133825031109154e-05,5.371271618059836e-05,1.9954020899604075e-05,0.9994915723800659,Socket
/home/lmy/iot-device-classification/dataset/socket/round4_normal/socket_r4.pcapng,R4,301,3010.0585885047917,0.0002529755875002593,5.1381874072831124e-05,4.904435991193168e-05,4.75456690764986e-05,0.999599039554596,Socket
/home/lmy/iot-device-classification/dataset/socket/round4_normal/socket_r4.pcapng,R4,302,3020.302366256714,0.00021658928017131984,0.0002839661610778421,0.00013142706302460283,1.5349263776442967e-05,0.9993526339530945,Socket
/home/lmy/iot-device-classification/dataset/socket/round4_normal/socket_r4.pcapng,R4,303,3031.026307582855,0.0001613442727830261,7.451356941601261e-05,2.9817210815963335e-05,4.4515516492538154e-05,0.9996898174285889,Socket
/home/lmy/iot-device-classification/dataset/socket/round4_normal/socket_r4.pcapng,R4,304,3040.075204849243,0.0004181562690064311,0.0002505500160623342,6.972774281166494e-05,4.990931483916938e-05,0.9992116689682007,Socket
/home/lmy/iot-device-classification/dataset/socket/round4_normal/socket_r4.pcapng,R4,305,3050.794807434082,0.00022123000235296786,0.0002112957154167816,8.06557945907116e-05,2.670446156116668e-05,0.9994601607322693,Socket
/home/lmy/iot-device-classification/dataset/socket/round4_normal/socket_r4.pcapng,R4,306,3060.584496498108,0.00021661519713234156,7.657118112547323e-05,7.784304034430534e-05,1.6767122360761277e-05,0.9996122717857361,Socket
/home/lmy/iot-device-classification/dataset/socket/round4_normal/socket_r4.pcapng,R4,307,3070.017139673233,0.00027701695216819644,5.964500087429769e-05,4.254192390362732e-05,5.639088340103626e-05,0.9995643496513367,Socket
/home/lmy/iot-device-classification/dataset/socket/round4_normal/socket_r4.pcapng,R4,308,3081.0329201221466,0.00032606368768028915,5.3386127547128126e-05,0.0001832719863159582,1.4369353266374674e-05,0.9994229078292847,Socket
/home/lmy/iot-device-classification/dataset/socket/round4_normal/socket_r4.pcapng,R4,309,3090.9960033893585,0.000354592630174011,3.711117460625246e-05,7.012024434516206e-05,5.3933548770146444e-05,0.9994841814041138,Socket
/home/lmy/iot-device-classification/dataset/socket/round4_normal/socket_r4.pcapng,R4,310,3100.003315448761,0.0008200153824873269,0.0014919177629053593,9.772340854397044e-05,4.359542072052136e-05,0.9975467324256897,Socket
/home/lmy/iot-device-classification/dataset/socket/round4_normal/socket_r4.pcapng,R4,311,3110.8747868537903,0.0009258171194233,6.812704668845981e-05,7.863286009524018e-05,2.650430724315811e-05,0.9989008903503418,Socket
/home/lmy/iot-device-classification/dataset/socket/round4_normal/socket_r4.pcapng,R4,312,3120.0221292972565,0.0002372569142607972,0.00012748446897603571,0.000159431278007105,1.3607890650746413e-05,0.9994621872901917,Socket
/home/lmy/iot-device-classification/dataset/socket/round4_normal/socket_r4.pcapng,R4,313,3130.0204112529755,0.00014806387480348349,0.00011500441905809566,1.87986261153128e-05,2.9540984542109072e-05,0.9996886253356934,Socket
/home/lmy/iot-device-classification/dataset/socket/round4_normal/socket_r4.pcapng,R4,314,3140.0225310325623,0.00039721516077406704,4.1949118894990534e-05,9.518840670352802e-05,1.783141851774417e-05,0.999447762966156,Socket
/home/lmy/iot-device-classification/dataset/socket/round4_normal/socket_r4.pcapng,R4,315,3150.031530618668,0.00046781974378973246,0.0003125283110421151,8.023903501452878e-05,1.585520112712402e-05,0.9991235136985779,Socket
/home/lmy/iot-device-classification/dataset/socket/round4_normal/socket_r4.pcapng,R4,316,3160.076338529587,0.00012929343210998923,0.0005476696533150971,2.523571311030537e-05,0.00020407589909154922,0.999093770980835,Socket
/home/lmy/iot-device-classification/dataset/socket/round4_normal/socket_r4.pcapng,R4,317,3170.161303043365,6.199774361448362e-05,0.000616527337115258,6.09957060078159e-05,3.73254188161809e-05,0.9992231130599976,Socket
/home/lmy/iot-device-classification/dataset/socket/round4_normal/socket_r4.pcapng,R4,318,3180.1401736736298,9.752705227583647e-05,0.0005173381068743765,0.00013029643741901964,1.4237268260330893e-05,0.9992406368255615,Socket
/home/lmy/iot-device-classification/dataset/socket/round4_normal/socket_r4.pcapng,R4,319,3190.0867969989777,0.000210918253287673,0.000364481849828735,2.6692188839660957e-05,3.113641287200153e-05,0.999366819858551,Socket
/home/lmy/iot-device-classification/dataset/socket/round4_normal/socket_r4.pcapng,R4,320,3200.18386220932,0.00014343620568979532,5.333015724318102e-05,5.186282214708626e-05,3.0097504350123927e-05,0.9997212290763855,Socket
/home/lmy/iot-device-classification/dataset/socket/round4_normal/socket_r4.pcapng,R4,321,3210.277724504471,0.00012719361984636635,6.95794660714455e-05,2.640374623297248e-05,2.3865446564741433e-05,0.999752938747406,Socket
/home/lmy/iot-device-classification/dataset/socket/round4_normal/socket_r4.pcapng,R4,322,3220.1393990516663,0.0005151352379471064,0.0004113242612220347,2.248619421152398e-05,1.8462240404915065e-05,0.9990326166152954,Socket
/home/lmy/iot-device-classification/dataset/socket/round4_normal/socket_r4.pcapng,R4,323,3230.440573453903,8.54679019539617e-05,0.00034489453537389636,9.049621439771727e-05,1.784203777788207e-05,0.9994613528251648,Socket
/home/lmy/iot-device-classification/dataset/socket/round4_normal/socket_r4.pcapng,R4,324,3240.6373162269592,2.9467268177540973e-05,0.0013340689474716783,4.240656926413067e-05,6.594362639589235e-05,0.9985281229019165,Socket
/home/lmy/iot-device-classification/dataset/socket/round4_normal/socket_r4.pcapng,R4,325,3250.088681697845,0.00017176572873722762,0.0017586336471140385,4.9673417379381135e-05,0.00019835119019262493,0.997821569442749,Socket
/home/lmy/iot-device-classification/dataset/socket/round4_normal/socket_r4.pcapng,R4,326,3260.5910131931305,6.995436706347391e-05,0.0005344674573279917,0.00011241366155445576,1.771586357790511e-05,0.9992654919624329,Socket
/home/lmy/iot-device-classification/dataset/socket/round4_normal/socket_r4.pcapng,R4,327,3270.659798622132,0.00020904761913698167,5.3432526328833774e-05,9.324265556642786e-05,1.6582691387156956e-05,0.9996277093887329,Socket
/home/lmy/iot-device-classification/dataset/socket/round4_normal/socket_r4.pcapng,R4,328,3280.1367468833923,0.0003686425625346601,0.0002524976443964988,2.2955326130613685e-05,3.0414752473006956e-05,0.9993255138397217,Socket
/home/lmy/iot-device-classification/dataset/socket/round4_normal/socket_r4.pcapng,R4,329,3290.846438884735,0.00012323596456553787,0.0002042027481365949,0.00012947723735123873,3.227356864954345e-05,0.9995107650756836,Socket
/home/lmy/iot-device-classification/dataset/socket/round4_normal/socket_r4.pcapng,R4,330,3300.80956530571,0.0001628655008971691,0.0002012367476709187,6.344435678329319e-05,2.4489390852977522e-05,0.9995478987693787,Socket
/home/lmy/iot-device-classification/dataset/socket/round4_normal/socket_r4.pcapng,R4,331,3310.189201593399,0.0002375827607465908,0.0005770635325461626,3.625488170655444e-05,1.7495622159913182e-05,0.9991316199302673,Socket
/home/lmy/iot-device-classification/dataset/socket/round4_normal/socket_r4.pcapng,R4,332,3321.000331401825,7.033682777546346e-05,0.00033289543353021145,2.293294710398186e-05,4.797172005055472e-05,0.9995259046554565,Socket
/home/lmy/iot-device-classification/dataset/socket/round4_normal/socket_r4.pcapng,R4,333,3330.96329164505,0.00019780131697189063,4.947075285599567e-05,0.00022116515901871026,1.748685463098809e-05,0.999514102935791,Socket
/home/lmy/iot-device-classification/dataset/socket/round4_normal/socket_r4.pcapng,R4,334,3340.1353299617767,0.0001775513228494674,0.0012867136392742395,2.9583929062937386e-05,1.8916351109510288e-05,0.9984872341156006,Socket
/home/lmy/iot-device-classification/dataset/socket/round4_normal/socket_r4.pcapng,R4,335,3351.153379440308,0.00014410776202566922,0.00040166242979466915,0.00023108412278816104,1.8546883438830264e-05,0.9992045760154724,Socket
/home/lmy/iot-device-classification/dataset/socket/round4_normal/socket_r4.pcapng,R4,336,3361.2180259227757,0.00013258878607302904,0.00010429547546664253,9.046056948136538e-05,2.7402320483815856e-05,0.9996452331542969,Socket
/home/lmy/iot-device-classification/dataset/socket/round4_normal/socket_r4.pcapng,R4,337,3370.1879415512085,0.00018005458696279675,0.00029618365806527436,3.753030250663869e-05,2.1984142222208902e-05,0.999464213848114,Socket
/home/lmy/iot-device-classification/dataset/socket/round4_normal/socket_r4.pcapng,R4,338,3381.280870437622,0.0003497108118608594,9.428901103092358e-05,9.696649067336693e-05,2.9150600312277675e-05,0.9994298815727234,Socket
/home/lmy/iot-device-classification/dataset/socket/round4_normal/socket_r4.pcapng,R4,339,3391.370640516281,0.0004221230046823621,0.00017148724873550236,0.00011439801164669916,1.5815518054296263e-05,0.9992762207984924,Socket
/home/lmy/iot-device-classification/dataset/socket/round4_normal/socket_r4.pcapng,R4,340,3400.3421545028687,0.0010701909195631742,0.0003446362097747624,4.218081448925659e-05,1.9754936147364788e-05,0.9985232949256897,Socket
/home/lmy/iot-device-classification/dataset/socket/round4_normal/socket_r4.pcapng,R4,341,3411.328561067581,0.00015983670891728252,6.010241122567095e-05,0.0001075107793440111,1.2967105249117594e-05,0.999659538269043,Socket
/home/lmy/iot-device-classification/dataset/socket/round4_normal/socket_r4.pcapng,R4,342,3421.3205177783966,0.00013485521776601672,0.00023851772130001336,0.00012147882807767019,2.4424467483186163e-05,0.9994807839393616,Socket
/home/lmy/iot-device-classification/dataset/socket/round4_normal/socket_r4.pcapng,R4,343,3430.260610103607,0.0004503299714997411,0.0006504502962343395,0.00010862395720323548,0.00012461519509088248,0.9986659288406372,Socket
/home/lmy/iot-device-classification/dataset/socket/round4_normal/socket_r4.pcapng,R4,344,3441.3781621456146,7.973083120305091e-05,0.0005399397923611104,3.386753814993426e-05,1.4676124010293279e-05,0.9993317723274231,Socket
/home/lmy/iot-device-classification/dataset/socket/round4_normal/socket_r4.pcapng,R4,345,3451.371360063553,9.898364078253508e-05,0.0005043969140388072,0.0001266105828108266,2.2785525288782082e-05,0.9992471933364868,Socket
/home/lmy/iot-device-classification/dataset/socket/round4_normal/socket_r4.pcapng,R4,346,3460.309681415558,3.3227584935957566e-05,0.0035343824420124292,2.164598845411092e-05,3.213008676539175e-05,0.9963786005973816,Socket
/home/lmy/iot-device-classification/dataset/socket/round4_normal/socket_r4.pcapng,R4,347,3471.4289469718933,0.00018291857850272208,9.313014743383974e-05,7.116002234397456e-05,1.8297954738955013e-05,0.9996345043182373,Socket
/home/lmy/iot-device-classification/dataset/socket/round4_normal/socket_r4.pcapng,R4,348,3481.425232887268,0.00011938052193727344,0.000232490521739237,0.00012365049042273313,1.5486652046092786e-05,0.9995089769363403,Socket
/home/lmy/iot-device-classification/dataset/socket/round4_normal/socket_r4.pcapng,R4,349,3490.364572286606,0.00023685520864091814,0.000646547123324126,3.063618714804761e-05,9.921156015479937e-05,0.9989867806434631,Socket
/home/lmy/iot-device-classification/dataset/socket/round4_normal/socket_r4.pcapng,R4,350,3501.4801082611084,0.00020967713498976082,0.0007293326780200005,8.744353544898331e-05,1.0242580174235627e-05,0.9989633560180664,Socket
/home/lmy/iot-device-classification/dataset/socket/round4_normal/socket_r4.pcapng,R4,351,3511.472497224808,0.0001671721547609195,0.00010243939323117957,6.307816511252895e-05,1.911041181301698e-05,0.9996482133865356,Socket
/home/lmy/iot-device-classification/dataset/socket/round4_normal/socket_r4.pcapng,R4,352,3520.3103041648865,0.0001118570362450555,0.00020409366698004305,3.5726159694604576e-05,2.1500116417882964e-05,0.9996267557144165,Socket
/home/lmy/iot-device-classification/dataset/socket/round4_normal/socket_r4.pcapng,R4,353,3531.43031167984,6.581512570846826e-05,0.0006409660563804209,4.13639354519546e-05,2.2746096874470823e-05,0.9992290735244751,Socket
/home/lmy/iot-device-classification/dataset/socket/round4_normal/socket_r4.pcapng,R4,354,3541.0587685108185,2.6205751055385917e-05,0.0009372428175993264,4.1582501580705866e-05,5.4564428864978254e-05,0.9989404082298279,Socket
/home/lmy/iot-device-classification/dataset/socket/round4_normal/socket_r4.pcapng,R4,355,3550.362010240555,0.0003349140170030296,0.0001447845861548558,5.1842205721186474e-05,2.9295848435140215e-05,0.9994391798973083,Socket
/home/lmy/iot-device-classification/dataset/socket/round4_normal/socket_r4.pcapng,R4,356,3561.481323480606,0.0002086720196530223,0.00019378311117179692,0.00010524727986194193,1.95968386833556e-05,0.9994726777076721,Socket
/home/lmy/iot-device-classification/dataset/socket/round4_normal/socket_r4.pcapng,R4,357,3570.0163311958318,0.00021222389477770776,0.0003010470245499164,0.000118135372758843,1.5141831681830809e-05,0.9993534684181213,Socket
/home/lmy/iot-device-classification/dataset/socket/round4_normal/socket_r4.pcapng,R4,358,3580.413012266159,0.000244930328335613,0.0005360428476706147,4.8707584937801585e-05,2.0446033886400983e-05,0.9991499185562134,Socket
/home/lmy/iot-device-classification/dataset/socket/round4_normal/socket_r4.pcapng,R4,359,3591.530131340027,0.0001229659974342212,0.00028445111820474267,7.114269101293758e-05,2.6478470317670144e-05,0.9994949102401733,Socket
/home/lmy/iot-device-classification/dataset/socket/round4_normal/socket_r4.pcapng,R4,360,3601.0567710399628,5.271868940326385e-05,0.00021656298486050218,0.00014155112148728222,1.7658934666542336e-05,0.9995715022087097,Socket
/home/lmy/iot-device-classification/dataset/socket/round4_normal/socket_r4.pcapng,R4,361,3610.144470691681,0.00022978070774115622,0.0003840176505036652,4.7571429604431614e-05,2.187917380069848e-05,0.9993168115615845,Socket
/home/lmy/iot-device-classification/dataset/socket/round4_normal/socket_r4.pcapng,R4,362,3620.029762506485,8.236322173615918e-05,0.0035445510875433683,9.859411511570215e-05,0.0005903248093090951,0.9956841468811035,Socket
/home/lmy/iot-device-classification/dataset/socket/round4_normal/socket_r4.pcapng,R4,363,3631.547351360321,0.0003745142894331366,0.006888602394610643,0.00017162571020890027,0.0004626581503544003,0.9921025633811951,Socket
/home/lmy/iot-device-classification/dataset/socket/round4_normal/socket_r4.pcapng,R4,364,3640.513484477997,0.0017510098405182362,0.00769471051171422,0.0005994084058329463,5.32568410562817e-05,0.9899015426635742,Socket
/home/lmy/iot-device-classification/dataset/socket/round4_normal/socket_r4.pcapng,R4,365,3650.077185869217,0.001946659293025732,0.00024309419677592814,2.1527310309465975e-05,0.0006314048659987748,0.9971573352813721,Socket
/home/lmy/iot-device-classification/dataset/socket/round4_normal/socket_r4.pcapng,R4,366,3660.047060966492,0.00042313087033107877,0.00029721303144469857,1.7963715436053462e-05,0.002217670902609825,0.997044026851654,Socket
/home/lmy/iot-device-classification/dataset/socket/round4_normal/socket_r4.pcapng,R4,367,3670.533507823944,0.007919919677078724,0.0006794346263632178,0.0007489292765967548,0.022487355396151543,0.9681643843650818,Socket
